region,area,suburb,postcode,route,html file exists yes/no,title,meta description,h1,visible word count,phone CTA present yes/no,quote CTA present yes/no,emergency wording present yes/no,emergency electrician wording present yes/no,Level 2 wording present yes/no,Level 2 electrician wording present yes/no,general electrical wording present yes/no,switchboard wording present yes/no,response-time wording present yes/no,correct response-time wording yes/no,core or greater region classification,expected response time wording,actual response time wording,ASP wording present yes/no,Sydney and surrounding regions wording present yes/no,internal links count,FAQ count,stale strings found,risky claims found,spelling/grammar warnings,repeated phrase warnings,awkward wording warnings,notes
Canterbury-Bankstown & Inner South West,Canterbury-Bankstown,Bankstown,2200,/service-areas/canterbury-bankstown-and-inner-south-west/canterbury-bankstown/bankstown/,yes,Electrician Bankstown 2200 | Emergency & Level 2,"Need electrical help in Bankstown 2200? Evaready Electrical helps with urgent electrical faults, switchboard upgrades, lighting, power, data cabling.",Electrician Bankstown 2200,2538,yes,yes,yes,yes,yes,yes,yes,yes,yes,yes,core,within 60 minutes / 60-minute response,"60-minute response for urgent call-outs. | For this suburb, urgent call-outs follow 60-minute emergency response. | Urgent help for business outages, partial power loss, hot outlets, circuit tripping, damaged equipment circuits and storm or water-affected electrical areas in Bankstown, with 60-minute emergency response. | Emergency call-outs in this region use 60-minute emergency response.",yes,yes,47,5,,,,,,
Canterbury-Bankstown & Inner South West,Canterbury-Bankstown,Bass Hill,2197,/service-areas/canterbury-bankstown-and-inner-south-west/canterbury-bankstown/bass-hill/,yes,Electrician Bass Hill 2197 | Emergency & Level 2,"Need an electrician in Bass Hill? Evaready helps with emergency faults, Level 2 ASP work, switchboards, hot water, aircon, CCTV/data and general.",Electrician Bass Hill 2197,2642,yes,yes,yes,yes,yes,yes,yes,yes,yes,yes,core,within 60 minutes / 60-minute response,"60-minute response for urgent call-outs. | For this suburb, urgent call-outs follow 60-minute emergency response. | Urgent help for home power loss, tripping safety switches, burning smells, hot outlets, storm-damaged outdoor power and water-affected electrical equipment in Bass Hill, with 60-minute emergency response. | Emergency call-outs in this region use 60-minute emergency response.",yes,yes,47,5,,,,,,
Canterbury-Bankstown & Inner South West,Canterbury-Bankstown,Belfield,2191,/service-areas/canterbury-bankstown-and-inner-south-west/canterbury-bankstown/belfield/,yes,Electrician Belfield 2191 | Emergency & Level 2,"Need an electrician in Belfield? Evaready helps with emergency faults, Level 2 ASP work, switchboards, hot water, aircon, CCTV/data and general.",Electrician Belfield 2191,2560,yes,yes,yes,yes,yes,yes,yes,yes,yes,yes,core,within 60 minutes / 60-minute response,"60-minute response for urgent call-outs. | For this suburb, urgent call-outs follow 60-minute emergency response. | Urgent help for unit power loss, shared circuit tripping, burning smells, hot outlets, shopfront faults and unsafe common-area electrical issues in Belfield, with 60-minute emergency response. | Emergency call-outs in this region use 60-minute emergency response.",yes,yes,47,5,,,,,,
Canterbury-Bankstown & Inner South West,Canterbury-Bankstown,Belmore,2192,/service-areas/canterbury-bankstown-and-inner-south-west/canterbury-bankstown/belmore/,yes,Electrician Belmore 2192 | Emergency & Level 2,"Need electrical help in Belmore 2192? Emergency faults, Level 2 ASP, switchboards, hot water, aircon, CCTV/data and general electrical work across.",Electrician Belmore 2192,2520,yes,yes,yes,yes,yes,yes,yes,yes,yes,yes,core,within 60 minutes / 60-minute response,"60-minute response for urgent call-outs. | For Belmore, emergency call-outs use 60-minute emergency response; call for unsafe faults, or send photos and details for planned work. | For this suburb, urgent call-outs follow 60-minute emergency response. | Evaready provides 60-minute emergency response for emergency call-outs in this region.",yes,yes,47,5,,,,,,
Canterbury-Bankstown & Inner South West,Canterbury-Bankstown,Beverly Hills,2209,/service-areas/canterbury-bankstown-and-inner-south-west/canterbury-bankstown/beverly-hills/,yes,Electrician Beverly Hills 2209 | Emergency & Level 2,"Evaready helps Beverly Hills with urgent faults, Level 2 ASP work, switchboards, hot water electrical, aircon, CCTV/data and planned electrical work.",Electrician Beverly Hills 2209,2653,yes,yes,yes,yes,yes,yes,yes,yes,yes,yes,core,within 60 minutes / 60-minute response,"60-minute response for urgent call-outs. | For Beverly Hills, emergency call-outs use 60-minute emergency response; call for unsafe faults, or send photos and details for planned work. | For this suburb, urgent call-outs follow 60-minute emergency response. | Urgent help for home power loss, tripping safety switches, burning smells, hot outlets, storm-damaged outdoor power and water-affected electrical equipment in Beverly Hills, with 60-minute emergency response.",yes,yes,47,5,,,,,,
Canterbury-Bankstown & Inner South West,Canterbury-Bankstown,Birrong,2143,/service-areas/canterbury-bankstown-and-inner-south-west/canterbury-bankstown/birrong/,yes,Electrician Birrong 2143 | Emergency & Level 2,"Need an electrician in Birrong? Evaready helps with emergency faults, Level 2 ASP work, switchboards, hot water, aircon, CCTV/data and general.",Electrician Birrong 2143,2549,yes,yes,yes,yes,yes,yes,yes,yes,yes,yes,core,within 60 minutes / 60-minute response,"60-minute response for urgent call-outs. | For this suburb, urgent call-outs follow 60-minute emergency response. | Evaready provides 60-minute emergency response for emergency call-outs in this region. | Urgent help for business outages, partial power loss, hot outlets, circuit tripping, damaged equipment circuits and storm or water-affected electrical areas in Birrong, with 60-minute emergency response.",yes,yes,47,5,,,,,,
Canterbury-Bankstown & Inner South West,Canterbury-Bankstown,Campsie,2194,/service-areas/canterbury-bankstown-and-inner-south-west/canterbury-bankstown/campsie/,yes,Electrician Campsie 2194 | Emergency & Level 2,"Need electrical help in Campsie 2194? Emergency faults, Level 2 ASP, switchboards, hot water, aircon, CCTV/data and general electrical work across.",Electrician Campsie 2194,2547,yes,yes,yes,yes,yes,yes,yes,yes,yes,yes,core,within 60 minutes / 60-minute response,"60-minute response for urgent call-outs. | For this suburb, urgent call-outs follow 60-minute emergency response. | Urgent help for unit power loss, shared circuit tripping, burning smells, hot outlets, shopfront faults and unsafe common-area electrical issues in Campsie, with 60-minute emergency response. | Emergency call-outs in this region use 60-minute emergency response.",yes,yes,47,5,,,,,,
Canterbury-Bankstown & Inner South West,Canterbury-Bankstown,Canterbury,2193,/service-areas/canterbury-bankstown-and-inner-south-west/canterbury-bankstown/canterbury/,yes,Electrician Canterbury 2193 | Emergency & Level 2,"Need electrical help in Canterbury 2193? Emergency faults, Level 2 ASP, switchboards, hot water, aircon, CCTV/data and general electrical work across.",Electrician Canterbury 2193,2560,yes,yes,yes,yes,yes,yes,yes,yes,yes,yes,core,within 60 minutes / 60-minute response,"60-minute response for urgent call-outs. | For this suburb, urgent call-outs follow 60-minute emergency response. | Evaready provides 60-minute emergency response for emergency call-outs in this region. | Urgent help for unit power loss, shared circuit tripping, burning smells, hot outlets, shopfront faults and unsafe common-area electrical issues in Canterbury, with 60-minute emergency response.",yes,yes,47,5,,,,,,
Canterbury-Bankstown & Inner South West,Canterbury-Bankstown,Chester Hill,2162,/service-areas/canterbury-bankstown-and-inner-south-west/canterbury-bankstown/chester-hill/,yes,Electrician Chester Hill 2162 | Emergency & Level 2,"Evaready helps Chester Hill with urgent faults, Level 2 ASP work, switchboards, hot water electrical, aircon, CCTV/data and planned electrical work.",Electrician Chester Hill 2162,2628,yes,yes,yes,yes,yes,yes,yes,yes,yes,yes,core,within 60 minutes / 60-minute response,"60-minute response for urgent call-outs. | For this suburb, urgent call-outs follow 60-minute emergency response. | Urgent help for business outages, partial power loss, hot outlets, circuit tripping, damaged equipment circuits and storm or water-affected electrical areas in Chester Hill, with 60-minute emergency response. | Emergency call-outs in this region use 60-minute emergency response.",yes,yes,47,5,,,,,,
Canterbury-Bankstown & Inner South West,Canterbury-Bankstown,Clemton Park,2206,/service-areas/canterbury-bankstown-and-inner-south-west/canterbury-bankstown/clemton-park/,yes,Electrician Clemton Park 2206 | Emergency & Level 2,"Evaready helps Clemton Park with urgent faults, Level 2 ASP work, switchboards, hot water electrical, aircon, CCTV/data and planned electrical work.",Electrician Clemton Park 2206,2665,yes,yes,yes,yes,yes,yes,yes,yes,yes,yes,core,within 60 minutes / 60-minute response,"60-minute response for urgent call-outs. | For this suburb, urgent call-outs follow 60-minute emergency response. | Urgent help for unit power loss, shared circuit tripping, burning smells, hot outlets, shopfront faults and unsafe common-area electrical issues in Clemton Park, with 60-minute emergency response. | Emergency call-outs in this region use 60-minute emergency response.",yes,yes,47,5,,,,,,
Canterbury-Bankstown & Inner South West,Canterbury-Bankstown,Condell Park,2200,/service-areas/canterbury-bankstown-and-inner-south-west/canterbury-bankstown/condell-park/,yes,Electrician Condell Park 2200 | Emergency & Level 2,"Need an electrician in Condell Park? Evaready helps with emergency faults, Level 2 ASP work, switchboards, hot water, aircon, CCTV/data and general.",Electrician Condell Park 2200,2636,yes,yes,yes,yes,yes,yes,yes,yes,yes,yes,core,within 60 minutes / 60-minute response,"60-minute response for urgent call-outs. | For this suburb, urgent call-outs follow 60-minute emergency response. | Urgent help for business outages, partial power loss, hot outlets, circuit tripping, damaged equipment circuits and storm or water-affected electrical areas in Condell Park, with 60-minute emergency response. | Emergency call-outs in this region use 60-minute emergency response.",yes,yes,47,5,,,,,,
Canterbury-Bankstown & Inner South West,Canterbury-Bankstown,Earlwood,2206,/service-areas/canterbury-bankstown-and-inner-south-west/canterbury-bankstown/earlwood/,yes,Electrician Earlwood 2206 | Emergency & Level 2,"Need an electrician in Earlwood? Evaready helps with emergency faults, Level 2 ASP work, switchboards, hot water, aircon, CCTV/data and general.",Electrician Earlwood 2206,2627,yes,yes,yes,yes,yes,yes,yes,yes,yes,yes,core,within 60 minutes / 60-minute response,"60-minute response for urgent call-outs. | For this suburb, urgent call-outs follow 60-minute emergency response. | Evaready provides 60-minute emergency response for emergency call-outs in this region. | Urgent help for home power loss, tripping safety switches, burning smells, hot outlets, storm-damaged outdoor power and water-affected electrical equipment in Earlwood, with 60-minute emergency response.",yes,yes,47,5,,,,,,
Canterbury-Bankstown & Inner South West,Canterbury-Bankstown,East Hills,2213,/service-areas/canterbury-bankstown-and-inner-south-west/canterbury-bankstown/east-hills/,yes,Electrician East Hills 2213 | Emergency & Level 2,"Need an electrician in East Hills? Evaready helps with emergency faults, Level 2 ASP work, switchboards, hot water, aircon, CCTV/data and general.",Electrician East Hills 2213,2633,yes,yes,yes,yes,yes,yes,yes,yes,yes,yes,core,within 60 minutes / 60-minute response,"60-minute response for urgent call-outs. | For this suburb, urgent call-outs follow 60-minute emergency response. | Urgent help for home power loss, tripping safety switches, burning smells, hot outlets, storm-damaged outdoor power and water-affected electrical equipment in East Hills, with 60-minute emergency response. | Emergency call-outs in this region use 60-minute emergency response.",yes,yes,47,5,,,,,,
Canterbury-Bankstown & Inner South West,Canterbury-Bankstown,Georges Hall,2198,/service-areas/canterbury-bankstown-and-inner-south-west/canterbury-bankstown/georges-hall/,yes,Electrician Georges Hall 2198 | Emergency & Level 2,"Need electrical help in Georges Hall 2198? Emergency faults, Level 2 ASP, switchboards, hot water, aircon, CCTV/data and general electrical work.",Electrician Georges Hall 2198,2676,yes,yes,yes,yes,yes,yes,yes,yes,yes,yes,core,within 60 minutes / 60-minute response,"60-minute response for urgent call-outs. | For this suburb, urgent call-outs follow 60-minute emergency response. | Evaready provides 60-minute emergency response for emergency call-outs in this region. | Urgent help for home power loss, tripping safety switches, burning smells, hot outlets, storm-damaged outdoor power and water-affected electrical equipment in Georges Hall, with 60-minute emergency response.",yes,yes,47,5,,,,,,
Canterbury-Bankstown & Inner South West,Canterbury-Bankstown,Greenacre,2190,/service-areas/canterbury-bankstown-and-inner-south-west/canterbury-bankstown/greenacre/,yes,Electrician Greenacre 2190 | Emergency & Level 2,"Need electrical help in Greenacre 2190? Emergency faults, Level 2 ASP, switchboards, hot water, aircon, CCTV/data and general electrical work across.",Electrician Greenacre 2190,2607,yes,yes,yes,yes,yes,yes,yes,yes,yes,yes,core,within 60 minutes / 60-minute response,"60-minute response for urgent call-outs. | For this suburb, urgent call-outs follow 60-minute emergency response. | Urgent help for business outages, partial power loss, hot outlets, circuit tripping, damaged equipment circuits and storm or water-affected electrical areas in Greenacre, with 60-minute emergency response. | Emergency call-outs in this region use 60-minute emergency response.",yes,yes,47,5,,,,,,
Canterbury-Bankstown & Inner South West,Canterbury-Bankstown,Kingsgrove,2208,/service-areas/canterbury-bankstown-and-inner-south-west/canterbury-bankstown/kingsgrove/,yes,Electrician Kingsgrove 2208 | Emergency & Level 2,"Need electrical help in Kingsgrove 2208? Emergency faults, Level 2 ASP, switchboards, hot water, aircon, CCTV/data and general electrical work across.",Electrician Kingsgrove 2208,2560,yes,yes,yes,yes,yes,yes,yes,yes,yes,yes,core,within 60 minutes / 60-minute response,"60-minute response for urgent call-outs. | For this suburb, urgent call-outs follow 60-minute emergency response. | Urgent help for business outages, partial power loss, hot outlets, circuit tripping, damaged equipment circuits and storm or water-affected electrical areas in Kingsgrove, with 60-minute emergency response. | Emergency call-outs in this region use 60-minute emergency response.",yes,yes,47,5,,,,,,
Canterbury-Bankstown & Inner South West,Canterbury-Bankstown,Lakemba,2195,/service-areas/canterbury-bankstown-and-inner-south-west/canterbury-bankstown/lakemba/,yes,Electrician Lakemba 2195 | Emergency & Level 2,"Need an electrician in Lakemba? Evaready helps with emergency faults, Level 2 ASP work, switchboards, hot water, aircon, CCTV/data and general.",Electrician Lakemba 2195,2529,yes,yes,yes,yes,yes,yes,yes,yes,yes,yes,core,within 60 minutes / 60-minute response,"60-minute response for urgent call-outs. | For this suburb, urgent call-outs follow 60-minute emergency response. | Urgent help for unit power loss, shared circuit tripping, burning smells, hot outlets, shopfront faults and unsafe common-area electrical issues in Lakemba, with 60-minute emergency response. | Emergency call-outs in this region use 60-minute emergency response.",yes,yes,47,5,,,,,,
Canterbury-Bankstown & Inner South West,Canterbury-Bankstown,Lansdowne,2163,/service-areas/canterbury-bankstown-and-inner-south-west/canterbury-bankstown/lansdowne/,yes,Electrician Lansdowne 2163 | Emergency & Level 2,"Need electrical help in Lansdowne 2163? Emergency faults, Level 2 ASP, switchboards, hot water, aircon, CCTV/data and general electrical work across.",Electrician Lansdowne 2163,2596,yes,yes,yes,yes,yes,yes,yes,yes,yes,yes,core,within 60 minutes / 60-minute response,"60-minute response for urgent call-outs. | For this suburb, urgent call-outs follow 60-minute emergency response. | Urgent help for home power loss, tripping safety switches, burning smells, hot outlets, storm-damaged outdoor power and water-affected electrical equipment in Lansdowne, with 60-minute emergency response. | Emergency call-outs in this region use 60-minute emergency response.",yes,yes,47,5,,,,,,
Canterbury-Bankstown & Inner South West,Canterbury-Bankstown,Milperra,2214,/service-areas/canterbury-bankstown-and-inner-south-west/canterbury-bankstown/milperra/,yes,Electrician Milperra 2214 | Emergency & Level 2,"Evaready helps Milperra with urgent faults, Level 2 ASP work, switchboards, hot water electrical, aircon, CCTV/data and planned electrical work.",Electrician Milperra 2214,2541,yes,yes,yes,yes,yes,yes,yes,yes,yes,yes,core,within 60 minutes / 60-minute response,"60-minute response for urgent call-outs. | For Milperra, emergency call-outs use 60-minute emergency response; call for unsafe faults, or send photos and details for planned work. | For this suburb, urgent call-outs follow 60-minute emergency response. | Urgent help for business outages, partial power loss, hot outlets, circuit tripping, damaged equipment circuits and storm or water-affected electrical areas in Milperra, with 60-minute emergency response.",yes,yes,47,5,,,,,,
Canterbury-Bankstown & Inner South West,Canterbury-Bankstown,Mount Lewis,2190,/service-areas/canterbury-bankstown-and-inner-south-west/canterbury-bankstown/mount-lewis/,yes,Electrician Mount Lewis 2190 | Emergency & Level 2,"Need an electrician in Mount Lewis? Evaready helps with emergency faults, Level 2 ASP work, switchboards, hot water, aircon, CCTV/data and general.",Electrician Mount Lewis 2190,2624,yes,yes,yes,yes,yes,yes,yes,yes,yes,yes,core,within 60 minutes / 60-minute response,"60-minute response for urgent call-outs. | For Mount Lewis, emergency call-outs use 60-minute emergency response; call for unsafe faults, or send photos and details for planned work. | For this suburb, urgent call-outs follow 60-minute emergency response. | Evaready provides 60-minute emergency response for emergency call-outs in this region.",yes,yes,47,5,,,,,,
Canterbury-Bankstown & Inner South West,Canterbury-Bankstown,Narwee,2209,/service-areas/canterbury-bankstown-and-inner-south-west/canterbury-bankstown/narwee/,yes,Electrician Narwee 2209 | Emergency & Level 2,"Need electrical help in Narwee 2209? Emergency faults, Level 2 ASP, switchboards, hot water, aircon, CCTV/data and general electrical work across.",Electrician Narwee 2209,2518,yes,yes,yes,yes,yes,yes,yes,yes,yes,yes,core,within 60 minutes / 60-minute response,"60-minute response for urgent call-outs. | For Narwee, emergency call-outs use 60-minute emergency response; call for unsafe faults, or send photos and details for planned work. | For this suburb, urgent call-outs follow 60-minute emergency response. | Urgent help for unit power loss, shared circuit tripping, burning smells, hot outlets, shopfront faults and unsafe common-area electrical issues in Narwee, with 60-minute emergency response.",yes,yes,47,5,,,,,,
Canterbury-Bankstown & Inner South West,Canterbury-Bankstown,Padstow,2211,/service-areas/canterbury-bankstown-and-inner-south-west/canterbury-bankstown/padstow/,yes,Electrician Padstow 2211 | Emergency & Level 2,"Need an electrician in Padstow? Evaready Electrical helps with electrical faults, safety switches, lighting, power points, hot water circuits.",Electrician Padstow 2211,2541,yes,yes,yes,yes,yes,yes,yes,yes,yes,yes,core,within 60 minutes / 60-minute response,"60-minute response for urgent call-outs. | For this suburb, urgent call-outs follow 60-minute emergency response. | Evaready provides 60-minute emergency response for emergency call-outs in this region. | Urgent help for business outages, partial power loss, hot outlets, circuit tripping, damaged equipment circuits and storm or water-affected electrical areas in Padstow, with 60-minute emergency response.",yes,yes,47,5,,,,,,
Canterbury-Bankstown & Inner South West,Canterbury-Bankstown,Padstow Heights,2211,/service-areas/canterbury-bankstown-and-inner-south-west/canterbury-bankstown/padstow-heights/,yes,Electrician Padstow Heights 2211 | Emergency & Level 2,"Need electrical help in Padstow Heights 2211? Emergency faults, Level 2 ASP, switchboards, hot water, aircon, CCTV/data and general electrical work.",Electrician Padstow Heights 2211,2666,yes,yes,yes,yes,yes,yes,yes,yes,yes,yes,core,within 60 minutes / 60-minute response,"60-minute response for urgent call-outs. | For Padstow Heights, emergency call-outs use 60-minute emergency response; call for unsafe faults, or send photos and details for planned work. | For this suburb, urgent call-outs follow 60-minute emergency response. | Evaready provides 60-minute emergency response for emergency call-outs in this region.",yes,yes,47,5,,,,,,
Canterbury-Bankstown & Inner South West,Canterbury-Bankstown,Panania,2213,/service-areas/canterbury-bankstown-and-inner-south-west/canterbury-bankstown/panania/,yes,Electrician Panania 2213 | Emergency & Level 2,"Evaready Electrical helps with emergency faults, switchboard upgrades, smoke alarms, lighting, power points, hot water circuits and Level 2 electrical.",Electrician Panania 2213,2518,yes,yes,yes,yes,yes,yes,yes,yes,yes,yes,core,within 60 minutes / 60-minute response,"60-minute response for urgent call-outs. | For this suburb, urgent call-outs follow 60-minute emergency response. | Urgent help for home power loss, tripping safety switches, burning smells, hot outlets, storm-damaged outdoor power and water-affected electrical equipment in Panania, with 60-minute emergency response. | Emergency call-outs in this region use 60-minute emergency response.",yes,yes,47,5,,,,,,
Canterbury-Bankstown & Inner South West,Canterbury-Bankstown,Picnic Point,2213,/service-areas/canterbury-bankstown-and-inner-south-west/canterbury-bankstown/picnic-point/,yes,Electrician Picnic Point 2213 | Emergency & Level 2,"Evaready helps Picnic Point with urgent faults, Level 2 ASP work, switchboards, hot water electrical, aircon, CCTV/data and planned electrical work.",Electrician Picnic Point 2213,2671,yes,yes,yes,yes,yes,yes,yes,yes,yes,yes,core,within 60 minutes / 60-minute response,"60-minute response for urgent call-outs. | For Picnic Point, emergency call-outs use 60-minute emergency response; call for unsafe faults, or send photos and details for planned work. | For this suburb, urgent call-outs follow 60-minute emergency response. | Evaready provides 60-minute emergency response for emergency call-outs in this region.",yes,yes,47,5,,,,,,
Canterbury-Bankstown & Inner South West,Canterbury-Bankstown,Potts Hill,2143,/service-areas/canterbury-bankstown-and-inner-south-west/canterbury-bankstown/potts-hill/,yes,Electrician Potts Hill 2143 | Emergency & Level 2,"Need an electrician in Potts Hill? Evaready helps with emergency faults, Level 2 ASP work, switchboards, hot water, aircon, CCTV/data and general.",Electrician Potts Hill 2143,2613,yes,yes,yes,yes,yes,yes,yes,yes,yes,yes,core,within 60 minutes / 60-minute response,"60-minute response for urgent call-outs. | For this suburb, urgent call-outs follow 60-minute emergency response. | Urgent help for business outages, partial power loss, hot outlets, circuit tripping, damaged equipment circuits and storm or water-affected electrical areas in Potts Hill, with 60-minute emergency response. | Emergency call-outs in this region use 60-minute emergency response.",yes,yes,47,5,,,,,,
Canterbury-Bankstown & Inner South West,Canterbury-Bankstown,Punchbowl,2196,/service-areas/canterbury-bankstown-and-inner-south-west/canterbury-bankstown/punchbowl/,yes,Electrician Punchbowl 2196 | Emergency & Level 2,"Need an electrician in Punchbowl? Evaready helps with emergency faults, Level 2 ASP work, switchboards, hot water, aircon, CCTV/data and general.",Electrician Punchbowl 2196,2556,yes,yes,yes,yes,yes,yes,yes,yes,yes,yes,core,within 60 minutes / 60-minute response,"60-minute response for urgent call-outs. | For this suburb, urgent call-outs follow 60-minute emergency response. | Evaready provides 60-minute emergency response for emergency call-outs in this region. | Urgent help for unit power loss, shared circuit tripping, burning smells, hot outlets, shopfront faults and unsafe common-area electrical issues in Punchbowl, with 60-minute emergency response.",yes,yes,47,5,,,,,,
Canterbury-Bankstown & Inner South West,Canterbury-Bankstown,Revesby,2212,/service-areas/canterbury-bankstown-and-inner-south-west/canterbury-bankstown/revesby/,yes,Electrician Revesby 2212 | Emergency & Level 2,"Need electrical help in Revesby 2212? Evaready Electrical works across Revesby for family homes, duplexes, villas, warehouses and local businesses.",Electrician Revesby 2212,2570,yes,yes,yes,yes,yes,yes,yes,yes,yes,yes,core,within 60 minutes / 60-minute response,"60-minute response for urgent call-outs. | For this suburb, urgent call-outs follow 60-minute emergency response. | Evaready provides 60-minute emergency response for emergency call-outs in this region. | Urgent help for business outages, partial power loss, hot outlets, circuit tripping, damaged equipment circuits and storm or water-affected electrical areas in Revesby, with 60-minute emergency response.",yes,yes,47,5,,,,,,
Canterbury-Bankstown & Inner South West,Canterbury-Bankstown,Revesby Heights,2212,/service-areas/canterbury-bankstown-and-inner-south-west/canterbury-bankstown/revesby-heights/,yes,Electrician Revesby Heights 2212 | Emergency & Level 2,"Evaready helps Revesby Heights with urgent faults, Level 2 ASP work, switchboards, hot water electrical, aircon, CCTV/data and planned electrical work.",Electrician Revesby Heights 2212,2687,yes,yes,yes,yes,yes,yes,yes,yes,yes,yes,core,within 60 minutes / 60-minute response,"60-minute response for urgent call-outs. | For this suburb, urgent call-outs follow 60-minute emergency response. | Evaready provides 60-minute emergency response for emergency call-outs in this region. | Urgent help for home power loss, tripping safety switches, burning smells, hot outlets, storm-damaged outdoor power and water-affected electrical equipment in Revesby Heights, with 60-minute emergency response.",yes,yes,47,5,,,,,,
Canterbury-Bankstown & Inner South West,Canterbury-Bankstown,Riverwood,2210,/service-areas/canterbury-bankstown-and-inner-south-west/canterbury-bankstown/riverwood/,yes,Electrician Riverwood 2210 | Emergency & Level 2,"Need electrical help in Riverwood 2210? Emergency faults, Level 2 ASP, switchboards, hot water, aircon, CCTV/data and general electrical work across.",Electrician Riverwood 2210,2546,yes,yes,yes,yes,yes,yes,yes,yes,yes,yes,core,within 60 minutes / 60-minute response,"60-minute response for urgent call-outs. | For this suburb, urgent call-outs follow 60-minute emergency response. | Urgent help for unit power loss, shared circuit tripping, burning smells, hot outlets, shopfront faults and unsafe common-area electrical issues in Riverwood, with 60-minute emergency response. | Emergency call-outs in this region use 60-minute emergency response.",yes,yes,47,5,,,,,,
Canterbury-Bankstown & Inner South West,Canterbury-Bankstown,Roselands,2196,/service-areas/canterbury-bankstown-and-inner-south-west/canterbury-bankstown/roselands/,yes,Electrician Roselands 2196 | Emergency & Level 2,"Evaready helps Roselands with urgent faults, Level 2 ASP work, switchboards, hot water electrical, aircon, CCTV/data and planned electrical work.",Electrician Roselands 2196,2538,yes,yes,yes,yes,yes,yes,yes,yes,yes,yes,core,within 60 minutes / 60-minute response,"60-minute response for urgent call-outs. | For this suburb, urgent call-outs follow 60-minute emergency response. | Evaready provides 60-minute emergency response for emergency call-outs in this region. | Urgent help for unit power loss, shared circuit tripping, burning smells, hot outlets, shopfront faults and unsafe common-area electrical issues in Roselands, with 60-minute emergency response.",yes,yes,47,5,,,,,,
Canterbury-Bankstown & Inner South West,Canterbury-Bankstown,Sefton,2162,/service-areas/canterbury-bankstown-and-inner-south-west/canterbury-bankstown/sefton/,yes,Electrician Sefton 2162 | Emergency & Level 2,"Evaready helps Sefton with urgent faults, Level 2 ASP work, switchboards, hot water electrical, aircon, CCTV/data and planned electrical work.",Electrician Sefton 2162,2556,yes,yes,yes,yes,yes,yes,yes,yes,yes,yes,core,within 60 minutes / 60-minute response,"60-minute response for urgent call-outs. | For Sefton, emergency call-outs use 60-minute emergency response; call for unsafe faults, or send photos and details for planned work. | For this suburb, urgent call-outs follow 60-minute emergency response. | Evaready provides 60-minute emergency response for emergency call-outs in this region.",yes,yes,47,5,,,,,,
Canterbury-Bankstown & Inner South West,Canterbury-Bankstown,Villawood,2163,/service-areas/canterbury-bankstown-and-inner-south-west/canterbury-bankstown/villawood/,yes,Electrician Villawood 2163 | Emergency & Level 2,"Need electrical help in Villawood 2163? Emergency faults, Level 2 ASP, switchboards, hot water, aircon, CCTV/data and general electrical work across.",Electrician Villawood 2163,2537,yes,yes,yes,yes,yes,yes,yes,yes,yes,yes,core,within 60 minutes / 60-minute response,"60-minute response for urgent call-outs. | For this suburb, urgent call-outs follow 60-minute emergency response. | Evaready provides 60-minute emergency response for emergency call-outs in this region. | Urgent help for business outages, partial power loss, hot outlets, circuit tripping, damaged equipment circuits and storm or water-affected electrical areas in Villawood, with 60-minute emergency response.",yes,yes,47,5,,,,,,
Canterbury-Bankstown & Inner South West,Canterbury-Bankstown,Wiley Park,2195,/service-areas/canterbury-bankstown-and-inner-south-west/canterbury-bankstown/wiley-park/,yes,Electrician Wiley Park 2195 | Emergency & Level 2,"Need an electrician in Wiley Park? Evaready helps with emergency faults, Level 2 ASP work, switchboards, hot water, aircon, CCTV/data and general.",Electrician Wiley Park 2195,2616,yes,yes,yes,yes,yes,yes,yes,yes,yes,yes,core,within 60 minutes / 60-minute response,"60-minute response for urgent call-outs. | For Wiley Park, emergency call-outs use 60-minute emergency response; call for unsafe faults, or send photos and details for planned work. | For this suburb, urgent call-outs follow 60-minute emergency response. | Evaready provides 60-minute emergency response for emergency call-outs in this region.",yes,yes,47,5,,,,,,
Canterbury-Bankstown & Inner South West,Canterbury-Bankstown,Yagoona,2199,/service-areas/canterbury-bankstown-and-inner-south-west/canterbury-bankstown/yagoona/,yes,Electrician Yagoona 2199 | Emergency & Level 2,"Need electrical help in Yagoona 2199? Emergency faults, Level 2 ASP, switchboards, hot water, aircon, CCTV/data and general electrical work across.",Electrician Yagoona 2199,2554,yes,yes,yes,yes,yes,yes,yes,yes,yes,yes,core,within 60 minutes / 60-minute response,"60-minute response for urgent call-outs. | For Yagoona, emergency call-outs use 60-minute emergency response; call for unsafe faults, or send photos and details for planned work. | For this suburb, urgent call-outs follow 60-minute emergency response. | Evaready provides 60-minute emergency response for emergency call-outs in this region.",yes,yes,47,5,,,,,,
St George & Bayside,Bayside & Airport,Banksmeadow,2019,/service-areas/st-george-and-bayside/bayside-and-airport/banksmeadow/,yes,Electrician Banksmeadow 2019 | Emergency & Level 2,"Evaready helps Banksmeadow with urgent faults, Level 2 ASP work, switchboards, hot water electrical, aircon, CCTV/data and planned electrical work.",Electrician Banksmeadow 2019,2566,yes,yes,yes,yes,yes,yes,yes,yes,yes,yes,core,within 60 minutes / 60-minute response,"60-minute response for urgent call-outs. | For Banksmeadow, emergency call-outs use 60-minute emergency response; call for unsafe faults, or send photos and details for planned work. | For this suburb, urgent call-outs follow 60-minute emergency response. | Urgent help for business outages, warehouse power loss, hot outlets, circuit tripping, damaged workshop circuits and storm or water-affected electrical areas in Banksmeadow, with 60-minute emergency response.",yes,yes,47,5,,,,,,
St George & Bayside,Bayside & Airport,Botany,2019,/service-areas/st-george-and-bayside/bayside-and-airport/botany/,yes,Electrician Botany 2019 | Emergency & Level 2,"Need electrical help in Botany 2019? Emergency faults, Level 2 ASP, switchboards, hot water, aircon, CCTV/data and general electrical work across.",Electrician Botany 2019,2560,yes,yes,yes,yes,yes,yes,yes,yes,yes,yes,core,within 60 minutes / 60-minute response,"60-minute response for urgent call-outs. | For Botany, emergency call-outs use 60-minute emergency response; call for unsafe faults, or send photos and details for planned work. | For this suburb, urgent call-outs follow 60-minute emergency response. | Evaready provides 60-minute emergency response for emergency call-outs in this region.",yes,yes,47,5,,,,,,
St George & Bayside,Bayside & Airport,Daceyville,2032,/service-areas/st-george-and-bayside/bayside-and-airport/daceyville/,yes,Electrician Daceyville 2032 | Emergency & Level 2,"Evaready helps Daceyville with urgent faults, Level 2 ASP work, switchboards, hot water electrical, aircon, CCTV/data and planned electrical work.",Electrician Daceyville 2032,2551,yes,yes,yes,yes,yes,yes,yes,yes,yes,yes,core,within 60 minutes / 60-minute response,"60-minute response for urgent call-outs. | For this suburb, urgent call-outs follow 60-minute emergency response. | Urgent help for home power loss, unit circuit tripping, burning smells, hot outlets, unsafe older boards and water-affected electrical equipment in Daceyville, with 60-minute emergency response. | Emergency call-outs in this region use 60-minute emergency response.",yes,yes,47,5,,,,,,
St George & Bayside,Bayside & Airport,Eastgardens,2036,/service-areas/st-george-and-bayside/bayside-and-airport/eastgardens/,yes,Electrician Eastgardens 2036 | Emergency & Level 2,"Evaready helps Eastgardens with urgent faults, Level 2 ASP work, switchboards, hot water electrical, aircon, CCTV/data and planned electrical work.",Electrician Eastgardens 2036,2610,yes,yes,yes,yes,yes,yes,yes,yes,yes,yes,core,within 60 minutes / 60-minute response,"60-minute response for urgent call-outs. | For this suburb, urgent call-outs follow 60-minute emergency response. | Urgent help for apartment power loss, retail tenancy outages, shared circuit tripping, hot outlets, burning smells and unsafe common-area electrical faults in Eastgardens, with 60-minute emergency response. | Emergency call-outs in this region use 60-minute emergency response.",yes,yes,47,5,,,,,,
St George & Bayside,Bayside & Airport,Eastlakes,2018,/service-areas/st-george-and-bayside/bayside-and-airport/eastlakes/,yes,Electrician Eastlakes 2018 | Emergency & Level 2,"Evaready helps Eastlakes with urgent faults, Level 2 ASP work, switchboards, hot water electrical, aircon, CCTV/data and planned electrical work.",Electrician Eastlakes 2018,2596,yes,yes,yes,yes,yes,yes,yes,yes,yes,yes,core,within 60 minutes / 60-minute response,"60-minute response for urgent call-outs. | For this suburb, urgent call-outs follow 60-minute emergency response. | Urgent help for apartment power loss, older-board faults, shared circuit tripping, hot water electrical faults, burning smells and hot outlets in Eastlakes, with 60-minute emergency response. | Emergency call-outs in this region use 60-minute emergency response.",yes,yes,47,5,,,,,,
St George & Bayside,Bayside & Airport,Hillsdale,2036,/service-areas/st-george-and-bayside/bayside-and-airport/hillsdale/,yes,Electrician Hillsdale 2036 | Emergency & Level 2,"Evaready helps Hillsdale with urgent faults, Level 2 ASP work, switchboards, hot water electrical, aircon, CCTV/data and planned electrical work.",Electrician Hillsdale 2036,2562,yes,yes,yes,yes,yes,yes,yes,yes,yes,yes,core,within 60 minutes / 60-minute response,"60-minute response for urgent call-outs. | For Hillsdale, emergency call-outs use 60-minute emergency response; call for unsafe faults, or send photos and details for planned work. | For this suburb, urgent call-outs follow 60-minute emergency response. | Evaready provides 60-minute emergency response for emergency call-outs in this region.",yes,yes,47,5,,,,,,
St George & Bayside,Bayside & Airport,Mascot,2020,/service-areas/st-george-and-bayside/bayside-and-airport/mascot/,yes,Electrician Mascot 2020 | Emergency & Level 2,"Evaready Electrical helps with urgent electrical faults, commercial maintenance, lighting, power, data, CCTV and switchboards.",Electrician Mascot 2020,2658,yes,yes,yes,yes,yes,yes,yes,yes,yes,yes,core,within 60 minutes / 60-minute response,"60-minute response for urgent call-outs. | For this suburb, urgent call-outs follow 60-minute emergency response. | Urgent help for commercial outages, apartment power loss, hotel or shop circuit faults, hot outlets, business-critical tripping and unsafe service equipment in Mascot, with 60-minute emergency response. | Emergency call-outs in this region use 60-minute emergency response.",yes,yes,47,5,,,,,,
St George & Bayside,Bayside & Airport,Pagewood,2035,/service-areas/st-george-and-bayside/bayside-and-airport/pagewood/,yes,Electrician Pagewood 2035 | Emergency & Level 2,"Evaready helps Pagewood with urgent faults, Level 2 ASP work, switchboards, hot water electrical, aircon, CCTV/data and planned electrical work.",Electrician Pagewood 2035,2573,yes,yes,yes,yes,yes,yes,yes,yes,yes,yes,core,within 60 minutes / 60-minute response,"60-minute response for urgent call-outs. | For this suburb, urgent call-outs follow 60-minute emergency response. | Urgent help for home or apartment power loss, retail outages, warehouse circuit faults, burning smells, hot outlets, tripping safety switches and water-affected electrical equipment in Pagewood, with 60-minute emergency response. | Emergency call-outs in this region use 60-minute emergency response.",yes,yes,47,5,,,,,,
St George & Bayside,Bayside & Airport,Rosebery,2018,/service-areas/st-george-and-bayside/bayside-and-airport/rosebery/,yes,Electrician Rosebery 2018 | Emergency & Level 2,"Need electrical help in Rosebery 2018? Emergency faults, Level 2 ASP, switchboards, hot water, aircon, CCTV/data and general electrical work across.",Electrician Rosebery 2018,2551,yes,yes,yes,yes,yes,yes,yes,yes,yes,yes,core,within 60 minutes / 60-minute response,"60-minute response for urgent call-outs. | For Rosebery, emergency call-outs use 60-minute emergency response; call for unsafe faults, or send photos and details for planned work. | For this suburb, urgent call-outs follow 60-minute emergency response. | Evaready provides 60-minute emergency response for emergency call-outs in this region.",yes,yes,47,5,,,,,,
St George & Bayside,Georges River,Allawah,2218,/service-areas/st-george-and-bayside/georges-river/allawah/,yes,Electrician Allawah 2218 | Emergency & Level 2,"Need electrical help in Allawah 2218? Emergency faults, Level 2 ASP, switchboards, hot water, aircon, CCTV/data and general electrical work across.",Electrician Allawah 2218,2576,yes,yes,yes,yes,yes,yes,yes,yes,yes,yes,core,within 60 minutes / 60-minute response,"60-minute response for urgent call-outs. | For this suburb, urgent call-outs follow 60-minute emergency response. | Urgent help for apartment power loss, safety-switch tripping, hot water electrical faults, burning smells, hot outlets and unsafe shared electrical areas in Allawah, with 60-minute emergency response. | Emergency call-outs in this region use 60-minute emergency response.",yes,yes,47,5,,,,,,
St George & Bayside,Georges River,Beverley Park,2217,/service-areas/st-george-and-bayside/georges-river/beverley-park/,yes,Electrician Beverley Park 2217 | Emergency & Level 2,"Evaready helps Beverley Park with urgent faults, Level 2 ASP work, switchboards, hot water electrical, aircon, CCTV/data and planned electrical work.",Electrician Beverley Park 2217,2642,yes,yes,yes,yes,yes,yes,yes,yes,yes,yes,core,within 60 minutes / 60-minute response,"60-minute response for urgent call-outs. | For Beverley Park, emergency call-outs use 60-minute emergency response; call for unsafe faults, or send photos and details for planned work. | For this suburb, urgent call-outs follow 60-minute emergency response. | Urgent help for home power loss, storm-affected outdoor circuits, hot outlets, burning smells, safety-switch tripping and unsafe service equipment in Beverley Park, with 60-minute emergency response.",yes,yes,47,5,,,,,,
St George & Bayside,Georges River,Blakehurst,2221,/service-areas/st-george-and-bayside/georges-river/blakehurst/,yes,Electrician Blakehurst 2221 | Emergency & Level 2,"Need electrical help in Blakehurst 2221? Emergency faults, Level 2 ASP, switchboards, hot water, aircon, CCTV/data and general electrical work across.",Electrician Blakehurst 2221,2596,yes,yes,yes,yes,yes,yes,yes,yes,yes,yes,core,within 60 minutes / 60-minute response,"60-minute response for urgent call-outs. | For this suburb, urgent call-outs follow 60-minute emergency response. | Urgent help for large-home power loss, storm-exposed outdoor faults, hot outlets, burning smells, safety-switch tripping and unsafe service equipment in Blakehurst, with 60-minute emergency response. | Emergency call-outs in this region use 60-minute emergency response.",yes,yes,47,5,,,,,,
St George & Bayside,Georges River,Carlton,2218,/service-areas/st-george-and-bayside/georges-river/carlton/,yes,Electrician Carlton 2218 | Emergency & Level 2,"Evaready helps Carlton with urgent faults, Level 2 ASP work, switchboards, hot water electrical, aircon, CCTV/data and planned electrical work.",Electrician Carlton 2218,2589,yes,yes,yes,yes,yes,yes,yes,yes,yes,yes,core,within 60 minutes / 60-minute response,"60-minute response for urgent call-outs. | For this suburb, urgent call-outs follow 60-minute emergency response. | Evaready provides 60-minute emergency response for emergency call-outs in this region. | Urgent help for unit power loss, rental maintenance faults, shop power issues, safety-switch tripping, hot outlets and burning smells in Carlton, with 60-minute emergency response.",yes,yes,47,5,,,,,,
St George & Bayside,Georges River,Carss Park,2221,/service-areas/st-george-and-bayside/georges-river/carss-park/,yes,Electrician Carss Park 2221 | Emergency & Level 2,"Evaready helps Carss Park with urgent faults, Level 2 ASP work, switchboards, hot water electrical, aircon, CCTV/data and planned electrical work.",Electrician Carss Park 2221,2642,yes,yes,yes,yes,yes,yes,yes,yes,yes,yes,core,within 60 minutes / 60-minute response,"60-minute response for urgent call-outs. | For this suburb, urgent call-outs follow 60-minute emergency response. | Evaready provides 60-minute emergency response for emergency call-outs in this region. | Urgent help for home power loss, outdoor circuit faults, hot water electrical faults, storm damage, hot outlets and safety-switch tripping in Carss Park, with 60-minute emergency response.",yes,yes,47,5,,,,,,
St George & Bayside,Georges River,Connells Point,2221,/service-areas/st-george-and-bayside/georges-river/connells-point/,yes,Electrician Connells Point 2221 | Emergency & Level 2,"Evaready helps Connells Point with urgent faults, Level 2 ASP work, switchboards, hot water electrical, aircon, CCTV/data and planned electrical work.",Electrician Connells Point 2221,2692,yes,yes,yes,yes,yes,yes,yes,yes,yes,yes,core,within 60 minutes / 60-minute response,"60-minute response for urgent call-outs. | For this suburb, urgent call-outs follow 60-minute emergency response. | Urgent help for storm-exposed outdoor faults, water-affected outdoor fixtures, home power loss, hot outlets, burning smells and unsafe service equipment in Connells Point, with 60-minute emergency response. | Emergency call-outs in this region use 60-minute emergency response.",yes,yes,47,5,,,,,,
St George & Bayside,Georges River,Hurstville,2220,/service-areas/st-george-and-bayside/georges-river/hurstville/,yes,Electrician Hurstville 2220 | Emergency & Level 2,"Evaready Electrical helps with urgent electrical faults, switchboards, lighting, power, CCTV, data cabling and Level 2 enquiries.",Electrician Hurstville 2220,2668,yes,yes,yes,yes,yes,yes,yes,yes,yes,yes,core,within 60 minutes / 60-minute response,"60-minute response for urgent call-outs. | For this suburb, urgent call-outs follow 60-minute emergency response. | Urgent help for apartment power loss, business outages, restaurant or shop circuit faults, hot outlets, burning smells, shared meter-room issues and safety-switch tripping in Hurstville, with 60-minute emergency response. | Emergency call-outs in this region use 60-minute emergency response.",yes,yes,47,5,,,,,,
St George & Bayside,Georges River,Hurstville Grove,2220,/service-areas/st-george-and-bayside/georges-river/hurstville-grove/,yes,Electrician Hurstville Grove 2220 | Emergency & Level 2,"Need an electrician in Hurstville Grove? Evaready helps with emergency faults, Level 2 ASP work, switchboards, hot water, aircon, CCTV/data.",Electrician Hurstville Grove 2220,2686,yes,yes,yes,yes,yes,yes,yes,yes,yes,yes,core,within 60 minutes / 60-minute response,"60-minute response for urgent call-outs. | For this suburb, urgent call-outs follow 60-minute emergency response. | Urgent help for home power loss, outdoor circuit faults, hot water electrical faults, burning smells, hot outlets and safety-switch tripping in Hurstville Grove, with 60-minute emergency response. | Emergency call-outs in this region use 60-minute emergency response.",yes,yes,47,5,,,,,,
St George & Bayside,Georges River,Kogarah,2217,/service-areas/st-george-and-bayside/georges-river/kogarah/,yes,Electrician Kogarah 2217 | Emergency & Level 2,"Need an electrician in Kogarah? Evaready Electrical helps with fault finding, switchboards, lighting, power, smoke alarms, data and Level 2 support.",Electrician Kogarah 2217,2648,yes,yes,yes,yes,yes,yes,yes,yes,yes,yes,core,within 60 minutes / 60-minute response,"60-minute response for urgent call-outs. | For this suburb, urgent call-outs follow 60-minute emergency response. | Urgent help for apartment outages, medical or retail suite power loss, shop circuit faults, shared meter-room issues, hot outlets, burning smells and safety-switch tripping in Kogarah, with 60-minute emergency response. | Emergency call-outs in this region use 60-minute emergency response.",yes,yes,47,5,,,,,,
St George & Bayside,Georges River,Kogarah Bay,2217,/service-areas/st-george-and-bayside/georges-river/kogarah-bay/,yes,Electrician Kogarah Bay 2217 | Emergency & Level 2,"Need electrical help in Kogarah Bay 2217? Emergency faults, Level 2 ASP, switchboards, hot water, aircon, CCTV/data and general electrical work across.",Electrician Kogarah Bay 2217,2657,yes,yes,yes,yes,yes,yes,yes,yes,yes,yes,core,within 60 minutes / 60-minute response,"60-minute response for urgent call-outs. | For this suburb, urgent call-outs follow 60-minute emergency response. | Urgent help for storm-exposed outdoor faults, water-affected outdoor fixtures, home power loss, hot outlets, burning smells and unsafe point of attachment concerns in Kogarah Bay, with 60-minute emergency response. | Emergency call-outs in this region use 60-minute emergency response.",yes,yes,47,5,,,,,,
St George & Bayside,Georges River,Kyle Bay,2221,/service-areas/st-george-and-bayside/georges-river/kyle-bay/,yes,Electrician Kyle Bay 2221 | Emergency & Level 2,"Need electrical help in Kyle Bay 2221? Emergency faults, Level 2 ASP, switchboards, hot water, aircon, CCTV/data and general electrical work across.",Electrician Kyle Bay 2221,2672,yes,yes,yes,yes,yes,yes,yes,yes,yes,yes,core,within 60 minutes / 60-minute response,"60-minute response for urgent call-outs. | For this suburb, urgent call-outs follow 60-minute emergency response. | Urgent help for home power loss, outdoor lighting faults, hot water electrical issues, burning smells, hot outlets and safety-switch tripping in Kyle Bay, with 60-minute emergency response. | Emergency call-outs in this region use 60-minute emergency response.",yes,yes,47,5,,,,,,
St George & Bayside,Georges River,Lugarno,2210,/service-areas/st-george-and-bayside/georges-river/lugarno/,yes,Electrician Lugarno 2210 | Emergency & Level 2,"Evaready helps Lugarno with urgent faults, Level 2 ASP work, switchboards, hot water electrical, aircon, CCTV/data and planned electrical work.",Electrician Lugarno 2210,2566,yes,yes,yes,yes,yes,yes,yes,yes,yes,yes,core,within 60 minutes / 60-minute response,"60-minute response for urgent call-outs. | For this suburb, urgent call-outs follow 60-minute emergency response. | Urgent help for storm-related faults, private pole or overhead concerns, home power loss, outdoor circuit faults, hot outlets and water-affected electrical equipment in Lugarno, with 60-minute emergency response. | Emergency call-outs in this region use 60-minute emergency response.",yes,yes,47,5,,,,,,
St George & Bayside,Georges River,Mortdale,2223,/service-areas/st-george-and-bayside/georges-river/mortdale/,yes,Electrician Mortdale 2223 | Emergency & Level 2,"Need an electrician in Mortdale? Evaready helps with emergency faults, Level 2 ASP work, switchboards, hot water, aircon, CCTV/data and general.",Electrician Mortdale 2223,2620,yes,yes,yes,yes,yes,yes,yes,yes,yes,yes,core,within 60 minutes / 60-minute response,"60-minute response for urgent call-outs. | For this suburb, urgent call-outs follow 60-minute emergency response. | Urgent help for home or unit power loss, shop or warehouse outages, hot water electrical faults, hot outlets, burning smells and safety-switch tripping in Mortdale, with 60-minute emergency response. | Emergency call-outs in this region use 60-minute emergency response.",yes,yes,47,5,,,,,,
St George & Bayside,Georges River,Oatley,2223,/service-areas/st-george-and-bayside/georges-river/oatley/,yes,Electrician Oatley 2223 | Emergency & Level 2,"Need an electrician in Oatley? Evaready helps with emergency faults, Level 2 ASP work, switchboards, hot water, aircon, CCTV/data and general.",Electrician Oatley 2223,2582,yes,yes,yes,yes,yes,yes,yes,yes,yes,yes,core,within 60 minutes / 60-minute response,"60-minute response for urgent call-outs. | For Oatley, emergency call-outs use 60-minute emergency response; call for unsafe faults, or send photos and details for planned work. | For this suburb, urgent call-outs follow 60-minute emergency response. | Urgent help for home power loss, outdoor circuit faults, hot water electrical issues, burning smells, hot outlets and safety-switch tripping in Oatley, with 60-minute emergency response.",yes,yes,47,5,,,,,,
St George & Bayside,Georges River,Peakhurst,2210,/service-areas/st-george-and-bayside/georges-river/peakhurst/,yes,Electrician Peakhurst 2210 | Emergency & Level 2,"Need an electrician in Peakhurst? Evaready helps with emergency faults, Level 2 ASP work, switchboards, hot water, aircon, CCTV/data and general.",Electrician Peakhurst 2210,2534,yes,yes,yes,yes,yes,yes,yes,yes,yes,yes,core,within 60 minutes / 60-minute response,"60-minute response for urgent call-outs. | For Peakhurst, emergency call-outs use 60-minute emergency response; call for unsafe faults, or send photos and details for planned work. | For this suburb, urgent call-outs follow 60-minute emergency response. | Evaready provides 60-minute emergency response for emergency call-outs in this region.",yes,yes,47,5,,,,,,
St George & Bayside,Georges River,Peakhurst Heights,2210,/service-areas/st-george-and-bayside/georges-river/peakhurst-heights/,yes,Electrician Peakhurst Heights 2210 | Emergency & Level 2,"Need an electrician in Peakhurst Heights? Evaready helps with emergency faults, Level 2 ASP work, switchboards, hot water, aircon, CCTV/data.",Electrician Peakhurst Heights 2210,2648,yes,yes,yes,yes,yes,yes,yes,yes,yes,yes,core,within 60 minutes / 60-minute response,"60-minute response for urgent call-outs. | For Peakhurst Heights, emergency call-outs use 60-minute emergency response; call for unsafe faults, or send photos and details for planned work. | For this suburb, urgent call-outs follow 60-minute emergency response. | Urgent help for home power loss, outdoor circuit faults, storm damage, hot outlets, burning smells, safety-switch tripping and unsafe service equipment in Peakhurst Heights, with 60-minute emergency response.",yes,yes,47,5,,,,,,
St George & Bayside,Georges River,Penshurst,2222,/service-areas/st-george-and-bayside/georges-river/penshurst/,yes,Electrician Penshurst 2222 | Emergency & Level 2,"Need electrical help in Penshurst 2222? Emergency faults, Level 2 ASP, switchboards, hot water, aircon, CCTV/data and general electrical work across.",Electrician Penshurst 2222,2605,yes,yes,yes,yes,yes,yes,yes,yes,yes,yes,core,within 60 minutes / 60-minute response,"60-minute response for urgent call-outs. | For this suburb, urgent call-outs follow 60-minute emergency response. | Urgent help for unit power loss, shared circuit tripping, shop power faults, hot outlets, burning smells and safety-switch faults in Penshurst, with 60-minute emergency response. | Emergency call-outs in this region use 60-minute emergency response.",yes,yes,47,5,,,,,,
St George & Bayside,Georges River,Ramsgate,2217,/service-areas/st-george-and-bayside/georges-river/ramsgate/,yes,Electrician Ramsgate 2217 | Emergency & Level 2,"Evaready helps Ramsgate with urgent faults, Level 2 ASP work, switchboards, hot water electrical, aircon, CCTV/data and planned electrical work.",Electrician Ramsgate 2217,2584,yes,yes,yes,yes,yes,yes,yes,yes,yes,yes,core,within 60 minutes / 60-minute response,"60-minute response for urgent call-outs. | For this suburb, urgent call-outs follow 60-minute emergency response. | Urgent help for water-affected electrical equipment, coastal outdoor faults, unit power loss, shopfront outages, hot outlets, burning smells and safety-switch tripping in Ramsgate, with 60-minute emergency response. | Emergency call-outs in this region use 60-minute emergency response.",yes,yes,47,5,,,,,,
St George & Bayside,Georges River,Sans Souci,2219,/service-areas/st-george-and-bayside/georges-river/sans-souci/,yes,Electrician Sans Souci 2219 | Emergency & Level 2,"Need an electrician in Sans Souci? Evaready helps with emergency faults, Level 2 ASP work, switchboards, hot water, aircon, CCTV/data and general.",Electrician Sans Souci 2219,2647,yes,yes,yes,yes,yes,yes,yes,yes,yes,yes,core,within 60 minutes / 60-minute response,"60-minute response for urgent call-outs. | For this suburb, urgent call-outs follow 60-minute emergency response. | Urgent help for coastal outdoor faults, storm or water-affected electrical, home power loss, hot outlets, burning smells and unsafe service equipment in Sans Souci, with 60-minute emergency response. | Emergency call-outs in this region use 60-minute emergency response.",yes,yes,47,5,,,,,,
St George & Bayside,Georges River,South Hurstville,2221,/service-areas/st-george-and-bayside/georges-river/south-hurstville/,yes,Electrician South Hurstville 2221 | Emergency & Level 2,"Need an electrician in South Hurstville? Evaready helps with emergency faults, Level 2 ASP work, switchboards, hot water, aircon, CCTV/data.",Electrician South Hurstville 2221,2675,yes,yes,yes,yes,yes,yes,yes,yes,yes,yes,core,within 60 minutes / 60-minute response,"60-minute response for urgent call-outs. | For this suburb, urgent call-outs follow 60-minute emergency response. | Urgent help for home or unit power loss, local business outages, shared circuit tripping, hot water electrical faults, hot outlets and burning smells in South Hurstville, with 60-minute emergency response. | Emergency call-outs in this region use 60-minute emergency response.",yes,yes,47,5,,,,,,
St George & Bayside,Rockdale & Bexley,Arncliffe,2205,/service-areas/st-george-and-bayside/rockdale-and-bexley/arncliffe/,yes,Electrician Arncliffe 2205 | Emergency & Level 2,"Evaready helps Arncliffe with urgent faults, Level 2 ASP work, switchboards, hot water electrical, aircon, CCTV/data and planned electrical work.",Electrician Arncliffe 2205,2638,yes,yes,yes,yes,yes,yes,yes,yes,yes,yes,core,within 60 minutes / 60-minute response,"60-minute response for urgent call-outs. | For this suburb, urgent call-outs follow 60-minute emergency response. | Urgent help for apartment power loss, hot water electrical faults, older-board issues, burning smells, hot outlets, safety-switch tripping and unsafe strata electrical areas in Arncliffe, with 60-minute emergency response. | Emergency call-outs in this region use 60-minute emergency response.",yes,yes,47,5,,,,,,
St George & Bayside,Rockdale & Bexley,Banksia,2216,/service-areas/st-george-and-bayside/rockdale-and-bexley/banksia/,yes,Electrician Banksia 2216 | Emergency & Level 2,"Need electrical help in Banksia 2216? Emergency faults, Level 2 ASP, switchboards, hot water, aircon, CCTV/data and general electrical work across.",Electrician Banksia 2216,2615,yes,yes,yes,yes,yes,yes,yes,yes,yes,yes,core,within 60 minutes / 60-minute response,"60-minute response for urgent call-outs. | For this suburb, urgent call-outs follow 60-minute emergency response. | Urgent help for home or unit power loss, rental maintenance faults, station-area shop outages, hot outlets, burning smells and safety-switch tripping in Banksia, with 60-minute emergency response. | Emergency call-outs in this region use 60-minute emergency response.",yes,yes,47,5,,,,,,
St George & Bayside,Rockdale & Bexley,Bardwell Park,2207,/service-areas/st-george-and-bayside/rockdale-and-bexley/bardwell-park/,yes,Electrician Bardwell Park 2207 | Emergency & Level 2,"Need an electrician in Bardwell Park? Evaready helps with emergency faults, Level 2 ASP work, switchboards, hot water, aircon, CCTV/data and general.",Electrician Bardwell Park 2207,2663,yes,yes,yes,yes,yes,yes,yes,yes,yes,yes,core,within 60 minutes / 60-minute response,"60-minute response for urgent call-outs. | For this suburb, urgent call-outs follow 60-minute emergency response. | Urgent help for home power loss, outdoor circuit faults, storm-related issues, hot outlets, burning smells and safety-switch tripping in Bardwell Park, with 60-minute emergency response. | Emergency call-outs in this region use 60-minute emergency response.",yes,yes,47,5,,,,,,
St George & Bayside,Rockdale & Bexley,Bardwell Valley,2207,/service-areas/st-george-and-bayside/rockdale-and-bexley/bardwell-valley/,yes,Electrician Bardwell Valley 2207 | Emergency & Level 2,"Evaready helps Bardwell Valley with urgent faults, Level 2 ASP work, switchboards, hot water electrical, aircon, CCTV/data and planned electrical work.",Electrician Bardwell Valley 2207,2638,yes,yes,yes,yes,yes,yes,yes,yes,yes,yes,core,within 60 minutes / 60-minute response,"60-minute response for urgent call-outs. | For this suburb, urgent call-outs follow 60-minute emergency response. | Evaready provides 60-minute emergency response for emergency call-outs in this region. | Urgent help for home power loss, duplex circuit faults, outdoor power faults, hot outlets, burning smells and safety-switch tripping in Bardwell Valley, with 60-minute emergency response.",yes,yes,47,5,,,,,,
St George & Bayside,Rockdale & Bexley,Bexley,2207,/service-areas/st-george-and-bayside/rockdale-and-bexley/bexley/,yes,Electrician Bexley 2207 | Emergency & Level 2,"Evaready helps Bexley with urgent faults, Level 2 ASP work, switchboards, hot water electrical, aircon, CCTV/data and planned electrical work.",Electrician Bexley 2207,2591,yes,yes,yes,yes,yes,yes,yes,yes,yes,yes,core,within 60 minutes / 60-minute response,"60-minute response for urgent call-outs. | For this suburb, urgent call-outs follow 60-minute emergency response. | Urgent help for home or shop power loss, duplex circuit faults, hot outlets, burning smells, safety-switch tripping and unsafe service equipment in Bexley, with 60-minute emergency response. | Emergency call-outs in this region use 60-minute emergency response.",yes,yes,47,5,,,,,,
St George & Bayside,Rockdale & Bexley,Bexley North,2207,/service-areas/st-george-and-bayside/rockdale-and-bexley/bexley-north/,yes,Electrician Bexley North 2207 | Emergency & Level 2,"Need an electrician in Bexley North? Evaready helps with emergency faults, Level 2 ASP work, switchboards, hot water, aircon, CCTV/data and general.",Electrician Bexley North 2207,2695,yes,yes,yes,yes,yes,yes,yes,yes,yes,yes,core,within 60 minutes / 60-minute response,"60-minute response for urgent call-outs. | For this suburb, urgent call-outs follow 60-minute emergency response. | Urgent help for home or apartment power loss, hot water electrical faults, shared circuit tripping, hot outlets, burning smells and safety-switch faults in Bexley North, with 60-minute emergency response. | Emergency call-outs in this region use 60-minute emergency response.",yes,yes,47,5,,,,,,
St George & Bayside,Rockdale & Bexley,Brighton-le-Sands,2216,/service-areas/st-george-and-bayside/rockdale-and-bexley/brighton-le-sands/,yes,Electrician Brighton-le-Sands 2216 | Emergency & Level 2,"Need electrical help in Brighton-le-Sands 2216? Emergency faults, Level 2 ASP, switchboards, hot water, aircon, CCTV/data and general electrical work.",Electrician Brighton-le-Sands 2216,2586,yes,yes,yes,yes,yes,yes,yes,yes,yes,yes,core,within 60 minutes / 60-minute response,"60-minute response for urgent call-outs. | For this suburb, urgent call-outs follow 60-minute emergency response. | Evaready provides 60-minute emergency response for emergency call-outs in this region. | Urgent help for apartment power loss, cafe or restaurant outages, shopfront circuit faults, coastal outdoor faults, hot outlets, burning smells and safety-switch tripping in Brighton-le-Sands, with 60-minute emergency response.",yes,yes,47,5,,,,,,
St George & Bayside,Rockdale & Bexley,Dolls Point,2219,/service-areas/st-george-and-bayside/rockdale-and-bexley/dolls-point/,yes,Electrician Dolls Point 2219 | Emergency & Level 2,"Need electrical help in Dolls Point 2219? Emergency faults, Level 2 ASP, switchboards, hot water, aircon, CCTV/data and general electrical work across.",Electrician Dolls Point 2219,2649,yes,yes,yes,yes,yes,yes,yes,yes,yes,yes,core,within 60 minutes / 60-minute response,"60-minute response for urgent call-outs. | For Dolls Point, emergency call-outs use 60-minute emergency response; call for unsafe faults, or send photos and details for planned work. | For this suburb, urgent call-outs follow 60-minute emergency response. | Urgent help for coastal outdoor faults, apartment power loss, storm-related electrical issues, hot outlets, burning smells and safety-switch tripping in Dolls Point, with 60-minute emergency response.",yes,yes,47,5,,,,,,
St George & Bayside,Rockdale & Bexley,Kyeemagh,2216,/service-areas/st-george-and-bayside/rockdale-and-bexley/kyeemagh/,yes,Electrician Kyeemagh 2216 | Emergency & Level 2,"Need an electrician in Kyeemagh? Evaready helps with emergency faults, Level 2 ASP work, switchboards, hot water, aircon, CCTV/data and general.",Electrician Kyeemagh 2216,2532,yes,yes,yes,yes,yes,yes,yes,yes,yes,yes,core,within 60 minutes / 60-minute response,"60-minute response for urgent call-outs. | For Kyeemagh, emergency call-outs use 60-minute emergency response; call for unsafe faults, or send photos and details for planned work. | For this suburb, urgent call-outs follow 60-minute emergency response. | Urgent help for coastal outdoor faults, weather-affected electrical equipment, home power loss, hot outlets, burning smells and safety-switch tripping in Kyeemagh, with 60-minute emergency response.",yes,yes,47,5,,,,,,
St George & Bayside,Rockdale & Bexley,Monterey,2217,/service-areas/st-george-and-bayside/rockdale-and-bexley/monterey/,yes,Electrician Monterey 2217 | Emergency & Level 2,"Need electrical help in Monterey 2217? Emergency faults, Level 2 ASP, switchboards, hot water, aircon, CCTV/data and general electrical work across.",Electrician Monterey 2217,2578,yes,yes,yes,yes,yes,yes,yes,yes,yes,yes,core,within 60 minutes / 60-minute response,"60-minute response for urgent call-outs. | For this suburb, urgent call-outs follow 60-minute emergency response. | Evaready provides 60-minute emergency response for emergency call-outs in this region. | Urgent help for apartment power loss, hot water electrical faults, coastal outdoor issues, hot outlets, burning smells and safety-switch tripping in Monterey, with 60-minute emergency response.",yes,yes,47,5,,,,,,
St George & Bayside,Rockdale & Bexley,Ramsgate Beach,2217,/service-areas/st-george-and-bayside/rockdale-and-bexley/ramsgate-beach/,yes,Electrician Ramsgate Beach 2217 | Emergency & Level 2,"Need an electrician in Ramsgate Beach? Evaready helps with emergency faults, Level 2 ASP work, switchboards, hot water, aircon, CCTV/data and general.",Electrician Ramsgate Beach 2217,2693,yes,yes,yes,yes,yes,yes,yes,yes,yes,yes,core,within 60 minutes / 60-minute response,"60-minute response for urgent call-outs. | For Ramsgate Beach, emergency call-outs use 60-minute emergency response; call for unsafe faults, or send photos and details for planned work. | For this suburb, urgent call-outs follow 60-minute emergency response. | Urgent help for power faults after rain, cafe or shopfront outages, apartment power loss, outdoor circuit faults, hot outlets, burning smells and safety-switch tripping in Ramsgate Beach, with 60-minute emergency response.",yes,yes,47,5,,,,,,
St George & Bayside,Rockdale & Bexley,Rockdale,2216,/service-areas/st-george-and-bayside/rockdale-and-bexley/rockdale/,yes,Electrician Rockdale 2216 | Emergency & Level 2,"Evaready helps Rockdale with urgent faults, Level 2 ASP work, switchboards, hot water electrical, aircon, CCTV/data and planned electrical work.",Electrician Rockdale 2216,2654,yes,yes,yes,yes,yes,yes,yes,yes,yes,yes,core,within 60 minutes / 60-minute response,"60-minute response for urgent call-outs. | For this suburb, urgent call-outs follow 60-minute emergency response. | Urgent help for urgent outages, apartment power loss, shop or office circuit faults, shared meter-room issues, hot outlets, burning smells and safety-switch tripping in Rockdale, with 60-minute emergency response. | Emergency call-outs in this region use 60-minute emergency response.",yes,yes,47,5,,,,,,
St George & Bayside,Rockdale & Bexley,Sandringham,2219,/service-areas/st-george-and-bayside/rockdale-and-bexley/sandringham/,yes,Electrician Sandringham 2219 | Emergency & Level 2,"Need electrical help in Sandringham 2219? Emergency faults, Level 2 ASP, switchboards, hot water, aircon, CCTV/data and general electrical work across.",Electrician Sandringham 2219,2587,yes,yes,yes,yes,yes,yes,yes,yes,yes,yes,core,within 60 minutes / 60-minute response,"60-minute response for urgent call-outs. | For this suburb, urgent call-outs follow 60-minute emergency response. | Urgent help for coastal outdoor faults, weather-affected electrical equipment, home or apartment power loss, hot outlets, burning smells and safety-switch tripping in Sandringham, with 60-minute emergency response. | Emergency call-outs in this region use 60-minute emergency response.",yes,yes,47,5,,,,,,
St George & Bayside,Rockdale & Bexley,Turrella,2205,/service-areas/st-george-and-bayside/rockdale-and-bexley/turrella/,yes,Electrician Turrella 2205 | Emergency & Level 2,"Need electrical help in Turrella 2205? Emergency faults, Level 2 ASP, switchboards, hot water, aircon, CCTV/data and general electrical work across.",Electrician Turrella 2205,2628,yes,yes,yes,yes,yes,yes,yes,yes,yes,yes,core,within 60 minutes / 60-minute response,"60-minute response for urgent call-outs. | For this suburb, urgent call-outs follow 60-minute emergency response. | Evaready provides 60-minute emergency response for emergency call-outs in this region. | Urgent help for business outages, warehouse power loss, apartment power loss, shared circuit tripping, hot outlets, burning smells and safety-switch faults in Turrella, with 60-minute emergency response.",yes,yes,47,5,,,,,,
St George & Bayside,Rockdale & Bexley,Wolli Creek,2205,/service-areas/st-george-and-bayside/rockdale-and-bexley/wolli-creek/,yes,Electrician Wolli Creek 2205 | Emergency & Level 2,"Need an electrician in Wolli Creek? Evaready helps with emergency faults, Level 2 ASP work, switchboards, hot water, aircon, CCTV/data and general.",Electrician Wolli Creek 2205,2733,yes,yes,yes,yes,yes,yes,yes,yes,yes,yes,core,within 60 minutes / 60-minute response,"60-minute response for urgent call-outs. | For this suburb, urgent call-outs follow 60-minute emergency response. | Urgent help for high-rise apartment power loss, shared meter-room issues, common-area lighting faults, hot water electrical faults, burning smells, hot outlets and safety-switch tripping in Wolli Creek, with 60-minute emergency response. | Emergency call-outs in this region use 60-minute emergency response.",yes,yes,47,5,,,,,,
Sutherland Shire,Sutherland Shire,Alfords Point,2234,/service-areas/sutherland-shire/sutherland-shire/alfords-point/,yes,Electrician Alfords Point 2234 | Emergency & Level 2,"Need an electrician in Alfords Point? Evaready helps with emergency faults, Level 2 ASP work, switchboards, hot water, aircon, CCTV/data and general.",Electrician Alfords Point 2234,2679,yes,yes,yes,yes,yes,yes,yes,yes,yes,yes,core,within 60 minutes / 60-minute response,"60-minute response for urgent call-outs. | For this suburb, urgent call-outs follow 60-minute emergency response. | Evaready provides 60-minute emergency response for emergency call-outs in this region. | Urgent help for power loss, storm-affected outdoor circuits, heat at outlets, sparking, safety-switch tripping and unsafe private service equipment in Alfords Point, with 60-minute emergency response.",yes,yes,47,5,,,,,,
Sutherland Shire,Sutherland Shire,Bangor,2234,/service-areas/sutherland-shire/sutherland-shire/bangor/,yes,Electrician Bangor 2234 | Emergency & Level 2,"Need an electrician in Bangor? Evaready helps with emergency faults, Level 2 ASP work, switchboards, hot water, aircon, CCTV/data and general.",Electrician Bangor 2234,2603,yes,yes,yes,yes,yes,yes,yes,yes,yes,yes,core,within 60 minutes / 60-minute response,"60-minute response for urgent call-outs. | For this suburb, urgent call-outs follow 60-minute emergency response. | Urgent help for home power loss, hot water electrical faults, sparking, heat at outlets, safety-switch tripping and storm-affected outdoor power in Bangor, with 60-minute emergency response. | Emergency call-outs in this region use 60-minute emergency response.",yes,yes,47,5,,,,,,
Sutherland Shire,Sutherland Shire,Barden Ridge,2234,/service-areas/sutherland-shire/sutherland-shire/barden-ridge/,yes,Electrician Barden Ridge 2234 | Emergency & Level 2,"Need an electrician in Barden Ridge? Evaready helps with emergency faults, Level 2 ASP work, switchboards, hot water, aircon, CCTV/data and general.",Electrician Barden Ridge 2234,2679,yes,yes,yes,yes,yes,yes,yes,yes,yes,yes,core,within 60 minutes / 60-minute response,"60-minute response for urgent call-outs. | For this suburb, urgent call-outs follow 60-minute emergency response. | Urgent help for home power loss, storm-affected outdoor circuits, heat at outlets, sparking, tripping safety switches and unsafe service equipment in Barden Ridge, with 60-minute emergency response. | Emergency call-outs in this region use 60-minute emergency response.",yes,yes,47,5,,,,,,
Sutherland Shire,Sutherland Shire,Bonnet Bay,2226,/service-areas/sutherland-shire/sutherland-shire/bonnet-bay/,yes,Electrician Bonnet Bay 2226 | Emergency & Level 2,"Need an electrician in Bonnet Bay? Evaready helps with emergency faults, Level 2 ASP work, switchboards, hot water, aircon, CCTV/data and general.",Electrician Bonnet Bay 2226,2650,yes,yes,yes,yes,yes,yes,yes,yes,yes,yes,core,within 60 minutes / 60-minute response,"60-minute response for urgent call-outs. | For this suburb, urgent call-outs follow 60-minute emergency response. | Urgent help for storm-related faults, water-affected electrical equipment, outdoor circuit trips, heat at outlets, sparking and home power loss in Bonnet Bay, with 60-minute emergency response. | Emergency call-outs in this region use 60-minute emergency response.",yes,yes,47,5,,,,,,
Sutherland Shire,Sutherland Shire,Bundeena,2230,/service-areas/sutherland-shire/sutherland-shire/bundeena/,yes,Electrician Bundeena 2230 | Emergency & Level 2,"Need electrical help in Bundeena 2230? Emergency faults, Level 2 ASP, switchboards, hot water, aircon, CCTV/data and general electrical work across.",Electrician Bundeena 2230,2564,yes,yes,yes,yes,yes,yes,yes,yes,yes,yes,core,within 60 minutes / 60-minute response,"60-minute response for urgent call-outs. | For this suburb, urgent call-outs follow 60-minute emergency response. | Evaready provides 60-minute emergency response for emergency call-outs in this region. | Urgent help for coastal outdoor faults, storm-affected electrical equipment, home power loss, sparking, heat at outlets and tripping safety switches in Bundeena, with 60-minute emergency response.",yes,yes,47,5,,,,,,
Sutherland Shire,Sutherland Shire,Burraneer,2230,/service-areas/sutherland-shire/sutherland-shire/burraneer/,yes,Electrician Burraneer 2230 | Emergency & Level 2,"Evaready helps Burraneer with urgent faults, Level 2 ASP work, switchboards, hot water electrical, aircon, CCTV/data and planned electrical work.",Electrician Burraneer 2230,2579,yes,yes,yes,yes,yes,yes,yes,yes,yes,yes,core,within 60 minutes / 60-minute response,"60-minute response for urgent call-outs. | For Burraneer, emergency call-outs use 60-minute emergency response; call for unsafe faults, or send photos and details for planned work. | For this suburb, urgent call-outs follow 60-minute emergency response. | Urgent help for waterfront outdoor faults, home power loss, heat at outlets, sparking, safety-switch tripping and unsafe service equipment in Burraneer, with 60-minute emergency response.",yes,yes,47,5,,,,,,
Sutherland Shire,Sutherland Shire,Caringbah,2229,/service-areas/sutherland-shire/sutherland-shire/caringbah/,yes,Electrician Caringbah 2229 | Emergency & Level 2,"Evaready helps Caringbah with urgent faults, Level 2 ASP work, switchboards, hot water electrical, aircon, CCTV/data and planned electrical work.",Electrician Caringbah 2229,2588,yes,yes,yes,yes,yes,yes,yes,yes,yes,yes,core,within 60 minutes / 60-minute response,"60-minute response for urgent call-outs. | For Caringbah, emergency call-outs use 60-minute emergency response; call for unsafe faults, or send photos and details for planned work. | For this suburb, urgent call-outs follow 60-minute emergency response. | Urgent help for business outages, medical or office circuit faults, warehouse power loss, strata power issues, heat at outlets, sparking and tripping safety switches in Caringbah, with 60-minute emergency response.",yes,yes,47,5,,,,,,
Sutherland Shire,Sutherland Shire,Caringbah South,2229,/service-areas/sutherland-shire/sutherland-shire/caringbah-south/,yes,Electrician Caringbah South 2229 | Emergency & Level 2,"Evaready helps Caringbah South with urgent faults, Level 2 ASP work, switchboards, hot water electrical, aircon, CCTV/data and planned electrical work.",Electrician Caringbah South 2229,2660,yes,yes,yes,yes,yes,yes,yes,yes,yes,yes,core,within 60 minutes / 60-minute response,"60-minute response for urgent call-outs. | For this suburb, urgent call-outs follow 60-minute emergency response. | Urgent help for home power loss, outdoor circuit faults, heat at outlets, sparking, tripping safety switches and unsafe service equipment in Caringbah South, with 60-minute emergency response. | Emergency call-outs in this region use 60-minute emergency response.",yes,yes,47,5,,,,,,
Sutherland Shire,Sutherland Shire,Como,2226,/service-areas/sutherland-shire/sutherland-shire/como/,yes,Electrician Como 2226 | Emergency & Level 2,"Evaready helps Como with urgent faults, Level 2 ASP work, switchboards, hot water electrical, aircon, CCTV/data and planned electrical work.",Electrician Como 2226,2542,yes,yes,yes,yes,yes,yes,yes,yes,yes,yes,core,within 60 minutes / 60-minute response,"60-minute response for urgent call-outs. | For Como, emergency call-outs use 60-minute emergency response; call for unsafe faults, or send photos and details for planned work. | For this suburb, urgent call-outs follow 60-minute emergency response. | Urgent help for home power loss, storm or river-weather exposure faults, hot water electrical faults, heat at outlets, sparking and safety-switch tripping in Como, with 60-minute emergency response.",yes,yes,47,5,,,,,,
Sutherland Shire,Sutherland Shire,Cronulla,2230,/service-areas/sutherland-shire/sutherland-shire/cronulla/,yes,Electrician Cronulla 2230 | Emergency & Level 2,"Evaready Electrical helps with emergency electrical faults, outdoor lighting, switchboards, smoke alarms, power, CCTV, data and Level 2 support.",Electrician Cronulla 2230,2539,yes,yes,yes,yes,yes,yes,yes,yes,yes,yes,core,within 60 minutes / 60-minute response,"60-minute response for urgent call-outs. | For this suburb, urgent call-outs follow 60-minute emergency response. | Urgent help for apartment power loss, shop or hospitality outages, coastal outdoor faults, heat at outlets, sparking and safety-switch tripping in Cronulla, with 60-minute emergency response. | Emergency call-outs in this region use 60-minute emergency response.",yes,yes,47,5,,,,,,
Sutherland Shire,Sutherland Shire,Dolans Bay,2229,/service-areas/sutherland-shire/sutherland-shire/dolans-bay/,yes,Electrician Dolans Bay 2229 | Emergency & Level 2,"Evaready helps Dolans Bay with urgent faults, Level 2 ASP work, switchboards, hot water electrical, aircon, CCTV/data and planned electrical work.",Electrician Dolans Bay 2229,2648,yes,yes,yes,yes,yes,yes,yes,yes,yes,yes,core,within 60 minutes / 60-minute response,"60-minute response for urgent call-outs. | For this suburb, urgent call-outs follow 60-minute emergency response. | Urgent help for waterfront outdoor faults, weather-affected electrical equipment, home power loss, heat at outlets, sparking and safety-switch tripping in Dolans Bay, with 60-minute emergency response. | Emergency call-outs in this region use 60-minute emergency response.",yes,yes,47,5,,,,,,
Sutherland Shire,Sutherland Shire,Engadine,2233,/service-areas/sutherland-shire/sutherland-shire/engadine/,yes,Electrician Engadine 2233 | Emergency & Level 2,"Need electrical help in Engadine 2233? Emergency faults, Level 2 ASP, switchboards, hot water, aircon, CCTV/data and general electrical work across.",Electrician Engadine 2233,2565,yes,yes,yes,yes,yes,yes,yes,yes,yes,yes,core,within 60 minutes / 60-minute response,"60-minute response for urgent call-outs. | For Engadine, emergency call-outs use 60-minute emergency response; call for unsafe faults, or send photos and details for planned work. | For this suburb, urgent call-outs follow 60-minute emergency response. | Evaready provides 60-minute emergency response for emergency call-outs in this region.",yes,yes,47,5,,,,,,
Sutherland Shire,Sutherland Shire,Grays Point,2232,/service-areas/sutherland-shire/sutherland-shire/grays-point/,yes,Electrician Grays Point 2232 | Emergency & Level 2,"Evaready helps Grays Point with urgent faults, Level 2 ASP work, switchboards, hot water electrical, aircon, CCTV/data and planned electrical work.",Electrician Grays Point 2232,2663,yes,yes,yes,yes,yes,yes,yes,yes,yes,yes,core,within 60 minutes / 60-minute response,"60-minute response for urgent call-outs. | For this suburb, urgent call-outs follow 60-minute emergency response. | Urgent help for storm-affected outdoor power, water-adjacent faults, home power loss, heat at outlets, sparking and safety-switch tripping in Grays Point, with 60-minute emergency response. | Emergency call-outs in this region use 60-minute emergency response.",yes,yes,47,5,,,,,,
Sutherland Shire,Sutherland Shire,Greenhills Beach,2230,/service-areas/sutherland-shire/sutherland-shire/greenhills-beach/,yes,Electrician Greenhills Beach 2230 | Emergency & Level 2,"Evaready helps Greenhills Beach with urgent faults, Level 2 ASP work, switchboards, hot water electrical, aircon, CCTV/data and planned electrical work.",Electrician Greenhills Beach 2230,2621,yes,yes,yes,yes,yes,yes,yes,yes,yes,yes,core,within 60 minutes / 60-minute response,"60-minute response for urgent call-outs. | For this suburb, urgent call-outs follow 60-minute emergency response. | Urgent help for coastal outdoor faults, storm-affected electrical equipment, home power loss, heat at outlets, sparking and safety-switch tripping in Greenhills Beach, with 60-minute emergency response. | Emergency call-outs in this region use 60-minute emergency response.",yes,yes,47,5,,,,,,
Sutherland Shire,Sutherland Shire,Gymea,2227,/service-areas/sutherland-shire/sutherland-shire/gymea/,yes,Electrician Gymea 2227 | Emergency & Level 2,"Need an electrician in Gymea? Evaready helps with emergency faults, Level 2 ASP work, switchboards, hot water, aircon, CCTV/data and general.",Electrician Gymea 2227,2577,yes,yes,yes,yes,yes,yes,yes,yes,yes,yes,core,within 60 minutes / 60-minute response,"60-minute response for urgent call-outs. | For this suburb, urgent call-outs follow 60-minute emergency response. | Evaready provides 60-minute emergency response for emergency call-outs in this region. | Urgent help for home or shop power loss, hot water electrical faults, heat at outlets, sparking, strata circuit trips and safety-switch tripping in Gymea, with 60-minute emergency response.",yes,yes,47,5,,,,,,
Sutherland Shire,Sutherland Shire,Gymea Bay,2227,/service-areas/sutherland-shire/sutherland-shire/gymea-bay/,yes,Electrician Gymea Bay 2227 | Emergency & Level 2,"Need an electrician in Gymea Bay? Evaready helps with emergency faults, Level 2 ASP work, switchboards, hot water, aircon, CCTV/data and general.",Electrician Gymea Bay 2227,2638,yes,yes,yes,yes,yes,yes,yes,yes,yes,yes,core,within 60 minutes / 60-minute response,"60-minute response for urgent call-outs. | For Gymea Bay, emergency call-outs use 60-minute emergency response; call for unsafe faults, or send photos and details for planned work. | For this suburb, urgent call-outs follow 60-minute emergency response. | Evaready provides 60-minute emergency response for emergency call-outs in this region.",yes,yes,47,5,,,,,,
Sutherland Shire,Sutherland Shire,Heathcote,2233,/service-areas/sutherland-shire/sutherland-shire/heathcote/,yes,Electrician Heathcote 2233 | Emergency & Level 2,"Need electrical help in Heathcote 2233? Emergency faults, Level 2 ASP, switchboards, hot water, aircon, CCTV/data and general electrical work across.",Electrician Heathcote 2233,2617,yes,yes,yes,yes,yes,yes,yes,yes,yes,yes,core,within 60 minutes / 60-minute response,"60-minute response for urgent call-outs. | For this suburb, urgent call-outs follow 60-minute emergency response. | Urgent help for storm-related faults, home power loss, outdoor circuit trips, heat at outlets, sparking, safety-switch tripping and unsafe private service equipment in Heathcote, with 60-minute emergency response. | Emergency call-outs in this region use 60-minute emergency response.",yes,yes,47,5,,,,,,
Sutherland Shire,Sutherland Shire,Illawong,2234,/service-areas/sutherland-shire/sutherland-shire/illawong/,yes,Electrician Illawong 2234 | Emergency & Level 2,"Need an electrician in Illawong? Evaready helps with emergency faults, Level 2 ASP work, switchboards, hot water, aircon, CCTV/data and general.",Electrician Illawong 2234,2544,yes,yes,yes,yes,yes,yes,yes,yes,yes,yes,core,within 60 minutes / 60-minute response,"60-minute response for urgent call-outs. | For this suburb, urgent call-outs follow 60-minute emergency response. | Urgent help for home power loss, outdoor circuit faults, heat at outlets, sparking, safety-switch tripping and unsafe private service equipment in Illawong, with 60-minute emergency response. | Emergency call-outs in this region use 60-minute emergency response.",yes,yes,47,5,,,,,,
Sutherland Shire,Sutherland Shire,Jannali,2226,/service-areas/sutherland-shire/sutherland-shire/jannali/,yes,Electrician Jannali 2226 | Emergency & Level 2,"Need an electrician in Jannali? Evaready helps with emergency faults, Level 2 ASP work, switchboards, hot water, aircon, CCTV/data and general.",Electrician Jannali 2226,2578,yes,yes,yes,yes,yes,yes,yes,yes,yes,yes,core,within 60 minutes / 60-minute response,"60-minute response for urgent call-outs. | For this suburb, urgent call-outs follow 60-minute emergency response. | Urgent help for unit power loss, shopfront circuit faults, older-board heat, sparking, hot water faults and safety-switch tripping in Jannali, with 60-minute emergency response. | Emergency call-outs in this region use 60-minute emergency response.",yes,yes,47,5,,,,,,
Sutherland Shire,Sutherland Shire,Kangaroo Point,2224,/service-areas/sutherland-shire/sutherland-shire/kangaroo-point/,yes,Electrician Kangaroo Point 2224 | Emergency & Level 2,"Evaready helps Kangaroo Point with urgent faults, Level 2 ASP work, switchboards, hot water electrical, aircon, CCTV/data and planned electrical work.",Electrician Kangaroo Point 2224,2659,yes,yes,yes,yes,yes,yes,yes,yes,yes,yes,core,within 60 minutes / 60-minute response,"60-minute response for urgent call-outs. | For this suburb, urgent call-outs follow 60-minute emergency response. | Urgent help for waterfront outdoor faults, home power loss, storm-affected electrical equipment, heat at outlets, sparking and safety-switch tripping in Kangaroo Point, with 60-minute emergency response. | Emergency call-outs in this region use 60-minute emergency response.",yes,yes,47,5,,,,,,
Sutherland Shire,Sutherland Shire,Kareela,2232,/service-areas/sutherland-shire/sutherland-shire/kareela/,yes,Electrician Kareela 2232 | Emergency & Level 2,"Need electrical help in Kareela 2232? Emergency faults, Level 2 ASP, switchboards, hot water, aircon, CCTV/data and general electrical work across.",Electrician Kareela 2232,2563,yes,yes,yes,yes,yes,yes,yes,yes,yes,yes,core,within 60 minutes / 60-minute response,"60-minute response for urgent call-outs. | For Kareela, emergency call-outs use 60-minute emergency response; call for unsafe faults, or send photos and details for planned work. | For this suburb, urgent call-outs follow 60-minute emergency response. | Urgent help for home power loss, hot water electrical faults, heat at outlets, sparking, townhouse circuit trips and safety-switch tripping in Kareela, with 60-minute emergency response.",yes,yes,47,5,,,,,,
Sutherland Shire,Sutherland Shire,Kirrawee,2232,/service-areas/sutherland-shire/sutherland-shire/kirrawee/,yes,Electrician Kirrawee 2232 | Emergency & Level 2,"Need electrical help in Kirrawee 2232? Emergency faults, Level 2 ASP, switchboards, hot water, aircon, CCTV/data and general electrical work across.",Electrician Kirrawee 2232,2572,yes,yes,yes,yes,yes,yes,yes,yes,yes,yes,core,within 60 minutes / 60-minute response,"60-minute response for urgent call-outs. | For Kirrawee, emergency call-outs use 60-minute emergency response; call for unsafe faults, or send photos and details for planned work. | For this suburb, urgent call-outs follow 60-minute emergency response. | Urgent help for business outages, warehouse power loss, workshop circuit faults, apartment power loss, heat at outlets, sparking and safety-switch tripping in Kirrawee, with 60-minute emergency response.",yes,yes,47,5,,,,,,
Sutherland Shire,Sutherland Shire,Kurnell,2231,/service-areas/sutherland-shire/sutherland-shire/kurnell/,yes,Electrician Kurnell 2231 | Emergency & Level 2,"Need an electrician in Kurnell? Evaready helps with emergency faults, Level 2 ASP work, switchboards, hot water, aircon, CCTV/data and general.",Electrician Kurnell 2231,2587,yes,yes,yes,yes,yes,yes,yes,yes,yes,yes,core,within 60 minutes / 60-minute response,"60-minute response for urgent call-outs. | For this suburb, urgent call-outs follow 60-minute emergency response. | Urgent help for storm-related faults, exposed electrical equipment issues, workshop circuit faults, commercial power loss, heat at outlets, sparking and safety-switch tripping in Kurnell, with 60-minute emergency response. | Emergency call-outs in this region use 60-minute emergency response.",yes,yes,47,5,,,,,,
Sutherland Shire,Sutherland Shire,Lilli Pilli,2229,/service-areas/sutherland-shire/sutherland-shire/lilli-pilli/,yes,Electrician Lilli Pilli 2229 | Emergency & Level 2,"Need electrical help in Lilli Pilli 2229? Emergency faults, Level 2 ASP, switchboards, hot water, aircon, CCTV/data and general electrical work across.",Electrician Lilli Pilli 2229,2684,yes,yes,yes,yes,yes,yes,yes,yes,yes,yes,core,within 60 minutes / 60-minute response,"60-minute response for urgent call-outs. | For this suburb, urgent call-outs follow 60-minute emergency response. | Urgent help for waterfront outdoor faults, home power loss, storm-affected circuits, heat at outlets, sparking and safety-switch tripping in Lilli Pilli, with 60-minute emergency response. | Emergency call-outs in this region use 60-minute emergency response.",yes,yes,47,5,,,,,,
Sutherland Shire,Sutherland Shire,Loftus,2232,/service-areas/sutherland-shire/sutherland-shire/loftus/,yes,Electrician Loftus 2232 | Emergency & Level 2,"Evaready helps Loftus with urgent faults, Level 2 ASP work, switchboards, hot water electrical, aircon, CCTV/data and planned electrical work.",Electrician Loftus 2232,2547,yes,yes,yes,yes,yes,yes,yes,yes,yes,yes,core,within 60 minutes / 60-minute response,"60-minute response for urgent call-outs. | For this suburb, urgent call-outs follow 60-minute emergency response. | Evaready provides 60-minute emergency response for emergency call-outs in this region. | Urgent help for storm-related faults, outdoor circuit trips, home power loss, heat at outlets, sparking and safety-switch tripping in Loftus, with 60-minute emergency response.",yes,yes,47,5,,,,,,
Sutherland Shire,Sutherland Shire,Maianbar,2230,/service-areas/sutherland-shire/sutherland-shire/maianbar/,yes,Electrician Maianbar 2230 | Emergency & Level 2,"Need an electrician in Maianbar? Evaready helps with emergency faults, Level 2 ASP work, switchboards, hot water, aircon, CCTV/data and general.",Electrician Maianbar 2230,2553,yes,yes,yes,yes,yes,yes,yes,yes,yes,yes,core,within 60 minutes / 60-minute response,"60-minute response for urgent call-outs. | For this suburb, urgent call-outs follow 60-minute emergency response. | Urgent help for coastal outdoor faults, storm-affected electrical equipment, home power loss, heat at outlets, sparking and safety-switch tripping in Maianbar, with 60-minute emergency response. | Emergency call-outs in this region use 60-minute emergency response.",yes,yes,47,5,,,,,,
Sutherland Shire,Sutherland Shire,Menai,2234,/service-areas/sutherland-shire/sutherland-shire/menai/,yes,Electrician Menai 2234 | Emergency & Level 2,"Need an electrician in Menai? Evaready helps with emergency faults, Level 2 ASP work, switchboards, hot water, aircon, CCTV/data and general.",Electrician Menai 2234,2606,yes,yes,yes,yes,yes,yes,yes,yes,yes,yes,core,within 60 minutes / 60-minute response,"60-minute response for urgent call-outs. | For this suburb, urgent call-outs follow 60-minute emergency response. | Evaready provides 60-minute emergency response for emergency call-outs in this region. | Urgent help for home power loss, shop circuit faults, heat at outlets, sparking, tripping safety switches and unsafe service equipment in Menai, with 60-minute emergency response.",yes,yes,47,5,,,,,,
Sutherland Shire,Sutherland Shire,Miranda,2228,/service-areas/sutherland-shire/sutherland-shire/miranda/,yes,Electrician Miranda 2228 | Emergency & Level 2,"Evaready Electrical helps with emergency faults, switchboards, lighting, power, CCTV, data, hot water electrical and Level 2 enquiries.",Electrician Miranda 2228,2584,yes,yes,yes,yes,yes,yes,yes,yes,yes,yes,core,within 60 minutes / 60-minute response,"60-minute response for urgent call-outs. | For this suburb, urgent call-outs follow 60-minute emergency response. | Urgent help for apartment power loss, retail or medical suite outages, shared meter-room issues, shop circuit faults, heat at outlets, sparking and tripping safety switches in Miranda, with 60-minute emergency response. | Emergency call-outs in this region use 60-minute emergency response.",yes,yes,47,5,,,,,,
Sutherland Shire,Sutherland Shire,Oyster Bay,2225,/service-areas/sutherland-shire/sutherland-shire/oyster-bay/,yes,Electrician Oyster Bay 2225 | Emergency & Level 2,"Need electrical help in Oyster Bay 2225? Emergency faults, Level 2 ASP, switchboards, hot water, aircon, CCTV/data and general electrical work across.",Electrician Oyster Bay 2225,2672,yes,yes,yes,yes,yes,yes,yes,yes,yes,yes,core,within 60 minutes / 60-minute response,"60-minute response for urgent call-outs. | For Oyster Bay, emergency call-outs use 60-minute emergency response; call for unsafe faults, or send photos and details for planned work. | For this suburb, urgent call-outs follow 60-minute emergency response. | Urgent help for storm-affected outdoor circuits, home power loss, water-adjacent electrical faults, heat at outlets, sparking and safety-switch tripping in Oyster Bay, with 60-minute emergency response.",yes,yes,47,5,,,,,,
Sutherland Shire,Sutherland Shire,Port Hacking,2229,/service-areas/sutherland-shire/sutherland-shire/port-hacking/,yes,Electrician Port Hacking 2229 | Emergency & Level 2,"Need electrical help in Port Hacking 2229? Emergency faults, Level 2 ASP, switchboards, hot water, aircon, CCTV/data and general electrical work.",Electrician Port Hacking 2229,2629,yes,yes,yes,yes,yes,yes,yes,yes,yes,yes,core,within 60 minutes / 60-minute response,"60-minute response for urgent call-outs. | For this suburb, urgent call-outs follow 60-minute emergency response. | Evaready provides 60-minute emergency response for emergency call-outs in this region. | Urgent help for waterfront outdoor faults, home power loss, storm-affected circuits, heat at outlets, sparking and safety-switch tripping in Port Hacking, with 60-minute emergency response.",yes,yes,47,5,,,,,,
Sutherland Shire,Sutherland Shire,Royal National Park,2233,/service-areas/sutherland-shire/sutherland-shire/royal-national-park/,yes,Electrician Royal National Park 2233 | Emergency & Level 2,"Need an electrician in Royal National Park? Evaready helps with emergency faults, Level 2 ASP work, switchboards, hot water, aircon, CCTV/data.",Electrician Royal National Park 2233,2745,yes,yes,yes,yes,yes,yes,yes,yes,yes,yes,core,within 60 minutes / 60-minute response,"60-minute response for urgent call-outs. | For this suburb, urgent call-outs follow 60-minute emergency response. | Urgent help for bushland storm faults, power loss, unsafe outdoor electrical equipment, heat at outlets, sparking and safety-switch tripping in Royal National Park, with 60-minute emergency response. | Emergency call-outs in this region use 60-minute emergency response.",yes,yes,47,5,,,,,,
Sutherland Shire,Sutherland Shire,Sandy Point,2172,/service-areas/sutherland-shire/sutherland-shire/sandy-point/,yes,Electrician Sandy Point 2172 | Emergency & Level 2,"Need electrical help in Sandy Point 2172? Emergency faults, Level 2 ASP, switchboards, hot water, aircon, CCTV/data and general electrical work across.",Electrician Sandy Point 2172,2668,yes,yes,yes,yes,yes,yes,yes,yes,yes,yes,core,within 60 minutes / 60-minute response,"60-minute response for urgent call-outs. | For this suburb, urgent call-outs follow 60-minute emergency response. | Evaready provides 60-minute emergency response for emergency call-outs in this region. | Urgent help for riverside outdoor faults, weather-affected electrical equipment, power loss, heat at outlets, sparking and safety-switch tripping in Sandy Point, with 60-minute emergency response.",yes,yes,47,5,,,,,,
Sutherland Shire,Sutherland Shire,Sutherland,2232,/service-areas/sutherland-shire/sutherland-shire/sutherland/,yes,Electrician Sutherland 2232 | Emergency & Level 2,"Need an electrician in Sutherland? Evaready Electrical helps with fault finding, switchboards, lighting, power, smoke alarms, data and Level 2 enquiries.",Electrician Sutherland 2232,2661,yes,yes,yes,yes,yes,yes,yes,yes,yes,yes,core,within 60 minutes / 60-minute response,"60-minute response for urgent call-outs. | For this suburb, urgent call-outs follow 60-minute emergency response. | Evaready provides 60-minute emergency response for emergency call-outs in this region. | Urgent help for apartment power loss, shop or office outages, shared meter-room issues, heat at outlets, sparking, tripping safety switches and unsafe service equipment in Sutherland, with 60-minute emergency response.",yes,yes,47,5,,,,,,
Sutherland Shire,Sutherland Shire,Sylvania,2224,/service-areas/sutherland-shire/sutherland-shire/sylvania/,yes,Electrician Sylvania 2224 | Emergency & Level 2,"Need an electrician in Sylvania? Evaready helps with emergency faults, Level 2 ASP work, switchboards, hot water, aircon, CCTV/data and general.",Electrician Sylvania 2224,2558,yes,yes,yes,yes,yes,yes,yes,yes,yes,yes,core,within 60 minutes / 60-minute response,"60-minute response for urgent call-outs. | For this suburb, urgent call-outs follow 60-minute emergency response. | Urgent help for home or apartment power loss, shop circuit faults, storm-affected outdoor circuits, heat at outlets, sparking and safety-switch tripping in Sylvania, with 60-minute emergency response. | Emergency call-outs in this region use 60-minute emergency response.",yes,yes,47,5,,,,,,
Sutherland Shire,Sutherland Shire,Sylvania Waters,2224,/service-areas/sutherland-shire/sutherland-shire/sylvania-waters/,yes,Electrician Sylvania Waters 2224 | Emergency & Level 2,"Need an electrician in Sylvania Waters? Evaready helps with emergency faults, Level 2 ASP work, switchboards, hot water, aircon, CCTV/data and general.",Electrician Sylvania Waters 2224,2649,yes,yes,yes,yes,yes,yes,yes,yes,yes,yes,core,within 60 minutes / 60-minute response,"60-minute response for urgent call-outs. | For this suburb, urgent call-outs follow 60-minute emergency response. | Urgent help for waterfront outdoor faults, home power loss, storm-affected circuits, heat at outlets, sparking and safety-switch tripping in Sylvania Waters, with 60-minute emergency response. | Emergency call-outs in this region use 60-minute emergency response.",yes,yes,47,5,,,,,,
Sutherland Shire,Sutherland Shire,Taren Point,2229,/service-areas/sutherland-shire/sutherland-shire/taren-point/,yes,Electrician Taren Point 2229 | Emergency & Level 2,"Need an electrician in Taren Point? Evaready helps with emergency faults, Level 2 ASP work, switchboards, hot water, aircon, CCTV/data and general.",Electrician Taren Point 2229,2676,yes,yes,yes,yes,yes,yes,yes,yes,yes,yes,core,within 60 minutes / 60-minute response,"60-minute response for urgent call-outs. | For this suburb, urgent call-outs follow 60-minute emergency response. | Urgent help for business outages, warehouse power loss, workshop circuit faults, showroom power issues, heat at outlets, sparking and tripping safety switches in Taren Point, with 60-minute emergency response. | Emergency call-outs in this region use 60-minute emergency response.",yes,yes,47,5,,,,,,
Sutherland Shire,Sutherland Shire,Waterfall,2233,/service-areas/sutherland-shire/sutherland-shire/waterfall/,yes,Electrician Waterfall 2233 | Emergency & Level 2,"Need an electrician in Waterfall? Evaready helps with emergency faults, Level 2 ASP work, switchboards, hot water, aircon, CCTV/data and general.",Electrician Waterfall 2233,2580,yes,yes,yes,yes,yes,yes,yes,yes,yes,yes,core,within 60 minutes / 60-minute response,"60-minute response for urgent call-outs. | For Waterfall, emergency call-outs use 60-minute emergency response; call for unsafe faults, or send photos and details for planned work. | For this suburb, urgent call-outs follow 60-minute emergency response. | Urgent help for storm-related faults, bushland outdoor power issues, home power loss, heat at outlets, sparking and safety-switch tripping in Waterfall, with 60-minute emergency response.",yes,yes,47,5,,,,,,
Sutherland Shire,Sutherland Shire,Woolooware,2230,/service-areas/sutherland-shire/sutherland-shire/woolooware/,yes,Electrician Woolooware 2230 | Emergency & Level 2,"Need electrical help in Woolooware 2230? Emergency faults, Level 2 ASP, switchboards, hot water, aircon, CCTV/data and general electrical work across.",Electrician Woolooware 2230,2569,yes,yes,yes,yes,yes,yes,yes,yes,yes,yes,core,within 60 minutes / 60-minute response,"60-minute response for urgent call-outs. | For Woolooware, emergency call-outs use 60-minute emergency response; call for unsafe faults, or send photos and details for planned work. | For this suburb, urgent call-outs follow 60-minute emergency response. | Urgent help for apartment power loss, shop circuit faults, hot water electrical issues, coastal outdoor faults, heat at outlets, sparking and safety-switch tripping in Woolooware, with 60-minute emergency response.",yes,yes,47,5,,,,,,
Sutherland Shire,Sutherland Shire,Woronora,2232,/service-areas/sutherland-shire/sutherland-shire/woronora/,yes,Electrician Woronora 2232 | Emergency & Level 2,"Evaready helps Woronora with urgent faults, Level 2 ASP work, switchboards, hot water electrical, aircon, CCTV/data and planned electrical work.",Electrician Woronora 2232,2547,yes,yes,yes,yes,yes,yes,yes,yes,yes,yes,core,within 60 minutes / 60-minute response,"60-minute response for urgent call-outs. | For this suburb, urgent call-outs follow 60-minute emergency response. | Urgent help for storm-affected outdoor circuits, river-adjacent faults, home power loss, heat at outlets, sparking and safety-switch tripping in Woronora, with 60-minute emergency response. | Emergency call-outs in this region use 60-minute emergency response.",yes,yes,47,5,,,,,,
Sutherland Shire,Sutherland Shire,Woronora Heights,2233,/service-areas/sutherland-shire/sutherland-shire/woronora-heights/,yes,Electrician Woronora Heights 2233 | Emergency & Level 2,"Evaready helps Woronora Heights with urgent faults, Level 2 ASP work, switchboards, hot water electrical, aircon, CCTV/data and planned electrical work.",Electrician Woronora Heights 2233,2686,yes,yes,yes,yes,yes,yes,yes,yes,yes,yes,core,within 60 minutes / 60-minute response,"60-minute response for urgent call-outs. | For this suburb, urgent call-outs follow 60-minute emergency response. | Urgent help for bushland storm faults, outdoor circuit trips, home power loss, hot water electrical faults, heat at outlets, sparking and safety-switch tripping in Woronora Heights, with 60-minute emergency response. | Emergency call-outs in this region use 60-minute emergency response.",yes,yes,47,5,,,,,,
Sutherland Shire,Sutherland Shire,Yarrawarrah,2233,/service-areas/sutherland-shire/sutherland-shire/yarrawarrah/,yes,Electrician Yarrawarrah 2233 | Emergency & Level 2,"Evaready helps Yarrawarrah with urgent faults, Level 2 ASP work, switchboards, hot water electrical, aircon, CCTV/data and planned electrical work.",Electrician Yarrawarrah 2233,2527,yes,yes,yes,yes,yes,yes,yes,yes,yes,yes,core,within 60 minutes / 60-minute response,"60-minute response for urgent call-outs. | For Yarrawarrah, emergency call-outs use 60-minute emergency response; call for unsafe faults, or send photos and details for planned work. | For this suburb, urgent call-outs follow 60-minute emergency response. | Evaready provides 60-minute emergency response for emergency call-outs in this region.",yes,yes,47,5,,,,,,
Sutherland Shire,Sutherland Shire,Yowie Bay,2228,/service-areas/sutherland-shire/sutherland-shire/yowie-bay/,yes,Electrician Yowie Bay 2228 | Emergency & Level 2,"Need electrical help in Yowie Bay 2228? Emergency faults, Level 2 ASP, switchboards, hot water, aircon, CCTV/data and general electrical work across.",Electrician Yowie Bay 2228,2645,yes,yes,yes,yes,yes,yes,yes,yes,yes,yes,core,within 60 minutes / 60-minute response,"60-minute response for urgent call-outs. | For this suburb, urgent call-outs follow 60-minute emergency response. | Evaready provides 60-minute emergency response for emergency call-outs in this region. | Urgent help for waterfront outdoor faults, home power loss, weather-affected electrical equipment, heat at outlets, sparking and safety-switch tripping in Yowie Bay, with 60-minute emergency response.",yes,yes,47,5,,,,,,
Liverpool & Fairfield,Fairfield,Abbotsbury,2176,/service-areas/liverpool-and-fairfield/fairfield/abbotsbury/,yes,Electrician Abbotsbury 2176 | Emergency & Level 2,"Need an electrician in Abbotsbury? Evaready helps with emergency faults, Level 2 ASP work, switchboards, hot water, aircon, CCTV/data and general.",Electrician Abbotsbury 2176,2589,yes,yes,yes,yes,yes,yes,yes,yes,yes,yes,core,within 60 minutes / 60-minute response,"60-minute response for urgent call-outs. | For Abbotsbury, emergency call-outs use 60-minute emergency response; call for unsafe faults, or send photos and details for planned work. | For this suburb, urgent call-outs follow 60-minute emergency response. | Urgent help for home power loss, outdoor circuit faults, hot water electrical issues, heat at outlets, sparking, storm damage and safety-switch tripping in Abbotsbury, with 60-minute emergency response.",yes,yes,47,5,,,,,,
Liverpool & Fairfield,Fairfield,Bonnyrigg,2177,/service-areas/liverpool-and-fairfield/fairfield/bonnyrigg/,yes,Electrician Bonnyrigg 2177 | Emergency & Level 2,"Need an electrician in Bonnyrigg? Evaready helps with emergency faults, Level 2 ASP work, switchboards, hot water, aircon, CCTV/data and general.",Electrician Bonnyrigg 2177,2581,yes,yes,yes,yes,yes,yes,yes,yes,yes,yes,core,within 60 minutes / 60-minute response,"60-minute response for urgent call-outs. | For this suburb, urgent call-outs follow 60-minute emergency response. | Urgent help for power loss, older-board faults, hot water electrical issues, heat at outlets, sparking and repeated safety-switch tripping in Bonnyrigg, with 60-minute emergency response. | Emergency call-outs in this region use 60-minute emergency response.",yes,yes,47,5,,,,,,
Liverpool & Fairfield,Fairfield,Bonnyrigg Heights,2177,/service-areas/liverpool-and-fairfield/fairfield/bonnyrigg-heights/,yes,Electrician Bonnyrigg Heights 2177 | Emergency & Level 2,"Need electrical help in Bonnyrigg Heights 2177? Emergency faults, Level 2 ASP, switchboards, hot water, aircon, CCTV/data and general electrical work.",Electrician Bonnyrigg Heights 2177,2634,yes,yes,yes,yes,yes,yes,yes,yes,yes,yes,core,within 60 minutes / 60-minute response,"60-minute response for urgent call-outs. | For this suburb, urgent call-outs follow 60-minute emergency response. | Urgent help for home power loss, outdoor circuit faults, aircon circuit trips, hot outlets, sparking and safety-switch tripping in Bonnyrigg Heights, with 60-minute emergency response. | Emergency call-outs in this region use 60-minute emergency response.",yes,yes,47,5,,,,,,
Liverpool & Fairfield,Fairfield,Bossley Park,2176,/service-areas/liverpool-and-fairfield/fairfield/bossley-park/,yes,Electrician Bossley Park 2176 | Emergency & Level 2,"Need an electrician in Bossley Park? Evaready helps with emergency faults, Level 2 ASP work, switchboards, hot water, aircon, CCTV/data and general.",Electrician Bossley Park 2176,2696,yes,yes,yes,yes,yes,yes,yes,yes,yes,yes,core,within 60 minutes / 60-minute response,"60-minute response for urgent call-outs. | For Bossley Park, emergency call-outs use 60-minute emergency response; call for unsafe faults, or send photos and details for planned work. | For this suburb, urgent call-outs follow 60-minute emergency response. | Urgent help for home power loss, local business outages, outdoor circuit faults, heat at outlets, sparking and unsafe service equipment in Bossley Park, with 60-minute emergency response.",yes,yes,47,5,,,,,,
Liverpool & Fairfield,Fairfield,Cabramatta,2166,/service-areas/liverpool-and-fairfield/fairfield/cabramatta/,yes,Electrician Cabramatta 2166 | Emergency & Level 2,"Need electrical help in Cabramatta 2166? Evaready Electrical helps with urgent electrical faults, lighting, power, switchboards, data, CCTV.",Electrician Cabramatta 2166,2603,yes,yes,yes,yes,yes,yes,yes,yes,yes,yes,core,within 60 minutes / 60-minute response,"60-minute response for urgent call-outs. | For this suburb, urgent call-outs follow 60-minute emergency response. | Urgent help for restaurant or shop outages, apartment power loss, shared meter-room faults, heat at outlets, sparking and safety-switch tripping in Cabramatta, with 60-minute emergency response. | Emergency call-outs in this region use 60-minute emergency response.",yes,yes,47,5,,,,,,
Liverpool & Fairfield,Fairfield,Cabramatta West,2166,/service-areas/liverpool-and-fairfield/fairfield/cabramatta-west/,yes,Electrician Cabramatta West 2166 | Emergency & Level 2,"Need an electrician in Cabramatta West? Evaready helps with emergency faults, Level 2 ASP work, switchboards, hot water, aircon, CCTV/data and general.",Electrician Cabramatta West 2166,2678,yes,yes,yes,yes,yes,yes,yes,yes,yes,yes,core,within 60 minutes / 60-minute response,"60-minute response for urgent call-outs. | For this suburb, urgent call-outs follow 60-minute emergency response. | Urgent help for home or unit power loss, shop circuit faults, hot water electrical issues, heat at outlets, sparking and safety-switch tripping in Cabramatta West, with 60-minute emergency response. | Emergency call-outs in this region use 60-minute emergency response.",yes,yes,47,5,,,,,,
Liverpool & Fairfield,Fairfield,Canley Heights,2166,/service-areas/liverpool-and-fairfield/fairfield/canley-heights/,yes,Electrician Canley Heights 2166 | Emergency & Level 2,"Need an electrician in Canley Heights? Evaready helps with emergency faults, Level 2 ASP work, switchboards, hot water, aircon, CCTV/data and general.",Electrician Canley Heights 2166,2637,yes,yes,yes,yes,yes,yes,yes,yes,yes,yes,core,within 60 minutes / 60-minute response,"60-minute response for urgent call-outs. | For this suburb, urgent call-outs follow 60-minute emergency response. | Urgent help for restaurant or shop outages, apartment power loss, hot equipment circuits, heat at outlets, sparking and repeated tripping in Canley Heights, with 60-minute emergency response. | Emergency call-outs in this region use 60-minute emergency response.",yes,yes,47,5,,,,,,
Liverpool & Fairfield,Fairfield,Canley Vale,2166,/service-areas/liverpool-and-fairfield/fairfield/canley-vale/,yes,Electrician Canley Vale 2166 | Emergency & Level 2,"Need an electrician in Canley Vale? Evaready helps with emergency faults, Level 2 ASP work, switchboards, hot water, aircon, CCTV/data and general.",Electrician Canley Vale 2166,2648,yes,yes,yes,yes,yes,yes,yes,yes,yes,yes,core,within 60 minutes / 60-minute response,"60-minute response for urgent call-outs. | For this suburb, urgent call-outs follow 60-minute emergency response. | Urgent help for home or unit power loss, shopfront circuit faults, shared access electrical issues, heat at outlets, sparking and safety-switch tripping in Canley Vale, with 60-minute emergency response. | Emergency call-outs in this region use 60-minute emergency response.",yes,yes,47,5,,,,,,
Liverpool & Fairfield,Fairfield,Carramar,2163,/service-areas/liverpool-and-fairfield/fairfield/carramar/,yes,Electrician Carramar 2163 | Emergency & Level 2,"Need electrical help in Carramar 2163? Emergency faults, Level 2 ASP, switchboards, hot water, aircon, CCTV/data and general electrical work across.",Electrician Carramar 2163,2587,yes,yes,yes,yes,yes,yes,yes,yes,yes,yes,core,within 60 minutes / 60-minute response,"60-minute response for urgent call-outs. | For this suburb, urgent call-outs follow 60-minute emergency response. | Evaready provides 60-minute emergency response for emergency call-outs in this region. | Urgent help for home or unit power loss, hot water electrical faults, heat at outlets, sparking and repeated safety-switch tripping in Carramar, with 60-minute emergency response.",yes,yes,47,5,,,,,,
Liverpool & Fairfield,Fairfield,Cecil Park,2178,/service-areas/liverpool-and-fairfield/fairfield/cecil-park/,yes,Electrician Cecil Park 2178 | Emergency & Level 2,"Need electrical help in Cecil Park 2178? Emergency faults, Level 2 ASP, switchboards, hot water, aircon, CCTV/data and general electrical work across.",Electrician Cecil Park 2178,2691,yes,yes,yes,yes,yes,yes,yes,yes,yes,yes,core,within 60 minutes / 60-minute response,"60-minute response for urgent call-outs. | For this suburb, urgent call-outs follow 60-minute emergency response. | Evaready provides 60-minute emergency response for emergency call-outs in this region. | Urgent help for property power loss, shed circuit faults, outdoor power hazards, storm damage, heat at outlets, sparking and unsafe service equipment in Cecil Park, with 60-minute emergency response.",yes,yes,47,5,,,,,,
Liverpool & Fairfield,Fairfield,Edensor Park,2176,/service-areas/liverpool-and-fairfield/fairfield/edensor-park/,yes,Electrician Edensor Park 2176 | Emergency & Level 2,"Need an electrician in Edensor Park? Evaready helps with emergency faults, Level 2 ASP work, switchboards, hot water, aircon, CCTV/data and general.",Electrician Edensor Park 2176,2615,yes,yes,yes,yes,yes,yes,yes,yes,yes,yes,core,within 60 minutes / 60-minute response,"60-minute response for urgent call-outs. | For Edensor Park, emergency call-outs use 60-minute emergency response; call for unsafe faults, or send photos and details for planned work. | For this suburb, urgent call-outs follow 60-minute emergency response. | Urgent help for home power loss, outdoor circuit faults, hot water electrical issues, heat at outlets, sparking and safety-switch tripping in Edensor Park, with 60-minute emergency response.",yes,yes,47,5,,,,,,
Liverpool & Fairfield,Fairfield,Fairfield,2165,/service-areas/liverpool-and-fairfield/fairfield/fairfield/,yes,Electrician Fairfield 2165 | Emergency & Level 2,"Evaready Electrical helps with urgent faults, switchboards, lighting, power, CCTV, data and Level 2 support.",Electrician Fairfield 2165,2687,yes,yes,yes,yes,yes,yes,yes,yes,yes,yes,core,within 60 minutes / 60-minute response,"60-minute response for urgent call-outs. | For this suburb, urgent call-outs follow 60-minute emergency response. | Urgent help for apartment power loss, shop or restaurant outages, shared meter-room issues, heat at outlets, sparking and repeated tripping in Fairfield, with 60-minute emergency response. | Emergency call-outs in this region use 60-minute emergency response.",yes,yes,47,5,,,,,,
Liverpool & Fairfield,Fairfield,Fairfield East,2165,/service-areas/liverpool-and-fairfield/fairfield/fairfield-east/,yes,Electrician Fairfield East 2165 | Emergency & Level 2,"Need an electrician in Fairfield East? Evaready helps with emergency faults, Level 2 ASP work, switchboards, hot water, aircon, CCTV/data and general.",Electrician Fairfield East 2165,2673,yes,yes,yes,yes,yes,yes,yes,yes,yes,yes,core,within 60 minutes / 60-minute response,"60-minute response for urgent call-outs. | For this suburb, urgent call-outs follow 60-minute emergency response. | Urgent help for business outages, workshop power loss, warehouse circuit faults, equipment circuit trips, heat at outlets, sparking and safety-switch tripping in Fairfield East, with 60-minute emergency response. | Emergency call-outs in this region use 60-minute emergency response.",yes,yes,47,5,,,,,,
Liverpool & Fairfield,Fairfield,Fairfield Heights,2165,/service-areas/liverpool-and-fairfield/fairfield/fairfield-heights/,yes,Electrician Fairfield Heights 2165 | Emergency & Level 2,"Evaready helps Fairfield Heights with urgent faults, Level 2 ASP work, switchboards, hot water electrical, aircon, CCTV/data and planned electrical work.",Electrician Fairfield Heights 2165,2667,yes,yes,yes,yes,yes,yes,yes,yes,yes,yes,core,within 60 minutes / 60-minute response,"60-minute response for urgent call-outs. | For this suburb, urgent call-outs follow 60-minute emergency response. | Urgent help for home or unit power loss, shopfront faults, older-board overheating, heat at outlets, sparking and repeated tripping in Fairfield Heights, with 60-minute emergency response. | Emergency call-outs in this region use 60-minute emergency response.",yes,yes,47,5,,,,,,
Liverpool & Fairfield,Fairfield,Fairfield West,2165,/service-areas/liverpool-and-fairfield/fairfield/fairfield-west/,yes,Electrician Fairfield West 2165 | Emergency & Level 2,"Need an electrician in Fairfield West? Evaready helps with emergency faults, Level 2 ASP work, switchboards, hot water, aircon, CCTV/data and general.",Electrician Fairfield West 2165,2661,yes,yes,yes,yes,yes,yes,yes,yes,yes,yes,core,within 60 minutes / 60-minute response,"60-minute response for urgent call-outs. | For this suburb, urgent call-outs follow 60-minute emergency response. | Urgent help for home power loss, outdoor electrical faults, rental maintenance hazards, heat at outlets, sparking and safety-switch tripping in Fairfield West, with 60-minute emergency response. | Emergency call-outs in this region use 60-minute emergency response.",yes,yes,47,5,,,,,,
Liverpool & Fairfield,Fairfield,Greenfield Park,2176,/service-areas/liverpool-and-fairfield/fairfield/greenfield-park/,yes,Electrician Greenfield Park 2176 | Emergency & Level 2,"Evaready helps Greenfield Park with urgent faults, Level 2 ASP work, switchboards, hot water electrical, aircon, CCTV/data and planned electrical work.",Electrician Greenfield Park 2176,2659,yes,yes,yes,yes,yes,yes,yes,yes,yes,yes,core,within 60 minutes / 60-minute response,"60-minute response for urgent call-outs. | For this suburb, urgent call-outs follow 60-minute emergency response. | Urgent help for home power loss, outdoor power faults, hot water electrical issues, heat at outlets, sparking and safety-switch tripping in Greenfield Park, with 60-minute emergency response. | Emergency call-outs in this region use 60-minute emergency response.",yes,yes,47,5,,,,,,
Liverpool & Fairfield,Fairfield,Horsley Park,2175,/service-areas/liverpool-and-fairfield/fairfield/horsley-park/,yes,Electrician Horsley Park 2175 | Emergency & Level 2,"Evaready helps Horsley Park with urgent faults, Level 2 ASP work, switchboards, hot water electrical, aircon, CCTV/data and planned electrical work.",Electrician Horsley Park 2175,2712,yes,yes,yes,yes,yes,yes,yes,yes,yes,yes,core,within 60 minutes / 60-minute response,"60-minute response for urgent call-outs. | For this suburb, urgent call-outs follow 60-minute emergency response. | Urgent help for property power loss, warehouse or shed outages, outdoor power hazards, equipment circuit trips, heat at outlets, sparking and unsafe service equipment in Horsley Park, with 60-minute emergency response. | Emergency call-outs in this region use 60-minute emergency response.",yes,yes,47,5,,,,,,
Liverpool & Fairfield,Fairfield,Lansvale,2166,/service-areas/liverpool-and-fairfield/fairfield/lansvale/,yes,Electrician Lansvale 2166 | Emergency & Level 2,"Need an electrician in Lansvale? Evaready helps with emergency faults, Level 2 ASP work, switchboards, hot water, aircon, CCTV/data and general.",Electrician Lansvale 2166,2568,yes,yes,yes,yes,yes,yes,yes,yes,yes,yes,core,within 60 minutes / 60-minute response,"60-minute response for urgent call-outs. | For this suburb, urgent call-outs follow 60-minute emergency response. | Urgent help for storm or water-adjacent outdoor faults, home power loss, hot water electrical issues, heat at outlets, sparking and safety-switch tripping in Lansvale, with 60-minute emergency response. | Emergency call-outs in this region use 60-minute emergency response.",yes,yes,47,5,,,,,,
Liverpool & Fairfield,Fairfield,Mount Pritchard,2170,/service-areas/liverpool-and-fairfield/fairfield/mount-pritchard/,yes,Electrician Mount Pritchard 2170 | Emergency & Level 2,"Need an electrician in Mount Pritchard? Evaready helps with emergency faults, Level 2 ASP work, switchboards, hot water, aircon, CCTV/data and general.",Electrician Mount Pritchard 2170,2661,yes,yes,yes,yes,yes,yes,yes,yes,yes,yes,core,within 60 minutes / 60-minute response,"60-minute response for urgent call-outs. | For Mount Pritchard, emergency call-outs use 60-minute emergency response; call for unsafe faults, or send photos and details for planned work. | For this suburb, urgent call-outs follow 60-minute emergency response. | Urgent help for home or business power loss, unit circuit faults, hot water electrical issues, heat at outlets, sparking and safety-switch tripping in Mount Pritchard, with 60-minute emergency response.",yes,yes,47,5,,,,,,
Liverpool & Fairfield,Fairfield,Old Guildford,2161,/service-areas/liverpool-and-fairfield/fairfield/old-guildford/,yes,Electrician Old Guildford 2161 | Emergency & Level 2,"Need an electrician in Old Guildford? Evaready helps with emergency faults, Level 2 ASP work, switchboards, hot water, aircon, CCTV/data and general.",Electrician Old Guildford 2161,2667,yes,yes,yes,yes,yes,yes,yes,yes,yes,yes,core,within 60 minutes / 60-minute response,"60-minute response for urgent call-outs. | For this suburb, urgent call-outs follow 60-minute emergency response. | Evaready provides 60-minute emergency response for emergency call-outs in this region. | Urgent help for older-home power loss, unit circuit faults, hot water electrical issues, heat at outlets, sparking and repeated safety-switch tripping in Old Guildford, with 60-minute emergency response.",yes,yes,47,5,,,,,,
Liverpool & Fairfield,Fairfield,Prairiewood,2176,/service-areas/liverpool-and-fairfield/fairfield/prairiewood/,yes,Electrician Prairiewood 2176 | Emergency & Level 2,"Need electrical help in Prairiewood 2176? Emergency faults, Level 2 ASP, switchboards, hot water, aircon, CCTV/data and general electrical work across.",Electrician Prairiewood 2176,2570,yes,yes,yes,yes,yes,yes,yes,yes,yes,yes,core,within 60 minutes / 60-minute response,"60-minute response for urgent call-outs. | For Prairiewood, emergency call-outs use 60-minute emergency response; call for unsafe faults, or send photos and details for planned work. | For this suburb, urgent call-outs follow 60-minute emergency response. | Evaready provides 60-minute emergency response for emergency call-outs in this region.",yes,yes,47,5,,,,,,
Liverpool & Fairfield,Fairfield,Smithfield,2164,/service-areas/liverpool-and-fairfield/fairfield/smithfield/,yes,Electrician Smithfield 2164 | Emergency & Level 2,"Need an electrician in Smithfield? Evaready helps with emergency faults, Level 2 ASP work, switchboards, hot water, aircon, CCTV/data and general.",Electrician Smithfield 2164,2566,yes,yes,yes,yes,yes,yes,yes,yes,yes,yes,core,within 60 minutes / 60-minute response,"60-minute response for urgent call-outs. | For this suburb, urgent call-outs follow 60-minute emergency response. | Urgent help for business outages, warehouse or factory power loss, workshop circuit faults, equipment trips, heat at outlets, sparking and safety-switch tripping in Smithfield, with 60-minute emergency response. | Emergency call-outs in this region use 60-minute emergency response.",yes,yes,47,5,,,,,,
Liverpool & Fairfield,Fairfield,St Johns Park,2176,/service-areas/liverpool-and-fairfield/fairfield/st-johns-park/,yes,Electrician St Johns Park 2176 | Emergency & Level 2,"Need electrical help in St Johns Park 2176? Emergency faults, Level 2 ASP, switchboards, hot water, aircon, CCTV/data and general electrical work.",Electrician St Johns Park 2176,2747,yes,yes,yes,yes,yes,yes,yes,yes,yes,yes,core,within 60 minutes / 60-minute response,"60-minute response for urgent call-outs. | For St Johns Park, emergency call-outs use 60-minute emergency response; call for unsafe faults, or send photos and details for planned work. | For this suburb, urgent call-outs follow 60-minute emergency response. | Urgent help for home power loss, outdoor circuit faults, hot water electrical issues, heat at outlets, sparking and safety-switch tripping in St Johns Park, with 60-minute emergency response.",yes,yes,47,5,,,,,,
Liverpool & Fairfield,Fairfield,Wakeley,2176,/service-areas/liverpool-and-fairfield/fairfield/wakeley/,yes,Electrician Wakeley 2176 | Emergency & Level 2,"Evaready helps Wakeley with urgent faults, Level 2 ASP work, switchboards, hot water electrical, aircon, CCTV/data and planned electrical work.",Electrician Wakeley 2176,2550,yes,yes,yes,yes,yes,yes,yes,yes,yes,yes,core,within 60 minutes / 60-minute response,"60-minute response for urgent call-outs. | For this suburb, urgent call-outs follow 60-minute emergency response. | Evaready provides 60-minute emergency response for emergency call-outs in this region. | Urgent help for home power loss, villa circuit faults, hot water electrical issues, heat at outlets, sparking and repeated safety-switch tripping in Wakeley, with 60-minute emergency response.",yes,yes,47,5,,,,,,
Liverpool & Fairfield,Fairfield,Wetherill Park,2164,/service-areas/liverpool-and-fairfield/fairfield/wetherill-park/,yes,Electrician Wetherill Park 2164 | Emergency & Level 2,"Need electrical help in Wetherill Park 2164? Emergency faults, Level 2 ASP, switchboards, hot water, aircon, CCTV/data and general electrical work.",Electrician Wetherill Park 2164,2688,yes,yes,yes,yes,yes,yes,yes,yes,yes,yes,core,within 60 minutes / 60-minute response,"60-minute response for urgent call-outs. | For this suburb, urgent call-outs follow 60-minute emergency response. | Urgent help for business outages, warehouse or factory power loss, showroom circuit faults, equipment trips, heat at outlets, sparking and safety-switch tripping in Wetherill Park, with 60-minute emergency response. | Emergency call-outs in this region use 60-minute emergency response.",yes,yes,47,5,,,,,,
Liverpool & Fairfield,Fairfield,Yennora,2161,/service-areas/liverpool-and-fairfield/fairfield/yennora/,yes,Electrician Yennora 2161 | Emergency & Level 2,"Need an electrician in Yennora? Evaready helps with emergency faults, Level 2 ASP work, switchboards, hot water, aircon, CCTV/data and general.",Electrician Yennora 2161,2566,yes,yes,yes,yes,yes,yes,yes,yes,yes,yes,core,within 60 minutes / 60-minute response,"60-minute response for urgent call-outs. | For this suburb, urgent call-outs follow 60-minute emergency response. | Evaready provides 60-minute emergency response for emergency call-outs in this region. | Urgent help for business outages, warehouse power loss, transport site circuit faults, equipment trips, heat at outlets, sparking and safety-switch tripping in Yennora, with 60-minute emergency response.",yes,yes,47,5,,,,,,
Liverpool & Fairfield,Liverpool,Ashcroft,2168,/service-areas/liverpool-and-fairfield/liverpool/ashcroft/,yes,Electrician Ashcroft 2168 | Emergency & Level 2,"Need electrical help in Ashcroft 2168? Emergency faults, Level 2 ASP, switchboards, hot water, aircon, CCTV/data and general electrical work across.",Electrician Ashcroft 2168,2595,yes,yes,yes,yes,yes,yes,yes,yes,yes,yes,core,within 60 minutes / 60-minute response,"60-minute response for urgent call-outs. | For this suburb, urgent call-outs follow 60-minute emergency response. | Urgent help for older-home power loss, rental maintenance hazards, hot water electrical faults, heat at outlets, sparking and safety-switch tripping in Ashcroft, with 60-minute emergency response. | Emergency call-outs in this region use 60-minute emergency response.",yes,yes,47,5,,,,,,
Liverpool & Fairfield,Liverpool,Austral,2179,/service-areas/liverpool-and-fairfield/liverpool/austral/,yes,Electrician Austral 2179 | Emergency & Level 2,"Need an electrician in Austral? Evaready helps with emergency faults, Level 2 ASP work, switchboards, hot water, aircon, CCTV/data and general.",Electrician Austral 2179,2572,yes,yes,yes,yes,yes,yes,yes,yes,yes,yes,core,within 60 minutes / 60-minute response,"60-minute response for urgent call-outs. | For this suburb, urgent call-outs follow 60-minute emergency response. | Urgent help for new-estate power loss, aircon circuit trips, hot water electrical faults, heat at outlets, sparking and safety-switch tripping in Austral, with 60-minute emergency response. | Emergency call-outs in this region use 60-minute emergency response.",yes,yes,47,5,,,,,,
Liverpool & Fairfield,Liverpool,Badgerys Creek,2555,/service-areas/liverpool-and-fairfield/liverpool/badgerys-creek/,yes,Electrician Badgerys Creek 2555 | Emergency & Level 2,"Need an electrician in Badgerys Creek? Evaready helps with emergency faults, Level 2 ASP work, switchboards, hot water, aircon, CCTV/data and general.",Electrician Badgerys Creek 2555,2692,yes,yes,yes,yes,yes,yes,yes,yes,yes,yes,core,within 60 minutes / 60-minute response,"60-minute response for urgent call-outs. | For this suburb, urgent call-outs follow 60-minute emergency response. | Urgent help for property power loss, warehouse or shed outages, outdoor power hazards, equipment circuit trips, heat at outlets, sparking and unsafe service equipment in Badgerys Creek, with 60-minute emergency response. | Emergency call-outs in this region use 60-minute emergency response.",yes,yes,47,5,,,,,,
Liverpool & Fairfield,Liverpool,Busby,2168,/service-areas/liverpool-and-fairfield/liverpool/busby/,yes,Electrician Busby 2168 | Emergency & Level 2,"Need an electrician in Busby? Evaready helps with emergency faults, Level 2 ASP work, switchboards, hot water, aircon, CCTV/data and general.",Electrician Busby 2168,2568,yes,yes,yes,yes,yes,yes,yes,yes,yes,yes,core,within 60 minutes / 60-minute response,"60-minute response for urgent call-outs. | For this suburb, urgent call-outs follow 60-minute emergency response. | Evaready provides 60-minute emergency response for emergency call-outs in this region. | Urgent help for power loss, older-board overheating, hot water electrical faults, heat at outlets, sparking and repeated safety-switch tripping in Busby, with 60-minute emergency response.",yes,yes,47,5,,,,,,
Liverpool & Fairfield,Liverpool,Carnes Hill,2171,/service-areas/liverpool-and-fairfield/liverpool/carnes-hill/,yes,Electrician Carnes Hill 2171 | Emergency & Level 2,"Need an electrician in Carnes Hill? Evaready helps with emergency faults, Level 2 ASP work, switchboards, hot water, aircon, CCTV/data and general.",Electrician Carnes Hill 2171,2674,yes,yes,yes,yes,yes,yes,yes,yes,yes,yes,core,within 60 minutes / 60-minute response,"60-minute response for urgent call-outs. | For this suburb, urgent call-outs follow 60-minute emergency response. | Evaready provides 60-minute emergency response for emergency call-outs in this region. | Urgent help for home or local shop power loss, aircon circuit trips, hot water electrical issues, heat at outlets, sparking and safety-switch tripping in Carnes Hill, with 60-minute emergency response.",yes,yes,47,5,,,,,,
Liverpool & Fairfield,Liverpool,Cartwright,2168,/service-areas/liverpool-and-fairfield/liverpool/cartwright/,yes,Electrician Cartwright 2168 | Emergency & Level 2,"Need an electrician in Cartwright? Evaready helps with emergency faults, Level 2 ASP work, switchboards, hot water, aircon, CCTV/data and general.",Electrician Cartwright 2168,2595,yes,yes,yes,yes,yes,yes,yes,yes,yes,yes,core,within 60 minutes / 60-minute response,"60-minute response for urgent call-outs. | For Cartwright, emergency call-outs use 60-minute emergency response; call for unsafe faults, or send photos and details for planned work. | For this suburb, urgent call-outs follow 60-minute emergency response. | Evaready provides 60-minute emergency response for emergency call-outs in this region.",yes,yes,47,5,,,,,,
Liverpool & Fairfield,Liverpool,Casula,2170,/service-areas/liverpool-and-fairfield/liverpool/casula/,yes,Electrician Casula 2170 | Emergency & Level 2,"Need electrical help in Casula 2170? Emergency faults, Level 2 ASP, switchboards, hot water, aircon, CCTV/data and general electrical work across.",Electrician Casula 2170,2597,yes,yes,yes,yes,yes,yes,yes,yes,yes,yes,core,within 60 minutes / 60-minute response,"60-minute response for urgent call-outs. | For this suburb, urgent call-outs follow 60-minute emergency response. | Evaready provides 60-minute emergency response for emergency call-outs in this region. | Urgent help for home or apartment power loss, shop or warehouse outages, commercial circuit faults, heat at outlets, sparking and safety-switch tripping in Casula, with 60-minute emergency response.",yes,yes,47,5,,,,,,
Liverpool & Fairfield,Liverpool,Cecil Hills,2171,/service-areas/liverpool-and-fairfield/liverpool/cecil-hills/,yes,Electrician Cecil Hills 2171 | Emergency & Level 2,"Need an electrician in Cecil Hills? Evaready helps with emergency faults, Level 2 ASP work, switchboards, hot water, aircon, CCTV/data and general.",Electrician Cecil Hills 2171,2602,yes,yes,yes,yes,yes,yes,yes,yes,yes,yes,core,within 60 minutes / 60-minute response,"60-minute response for urgent call-outs. | For Cecil Hills, emergency call-outs use 60-minute emergency response; call for unsafe faults, or send photos and details for planned work. | For this suburb, urgent call-outs follow 60-minute emergency response. | Urgent help for home power loss, aircon circuit trips, outdoor power faults, heat at outlets, sparking and safety-switch tripping in Cecil Hills, with 60-minute emergency response.",yes,yes,47,5,,,,,,
Liverpool & Fairfield,Liverpool,Chipping Norton,2170,/service-areas/liverpool-and-fairfield/liverpool/chipping-norton/,yes,Electrician Chipping Norton 2170 | Emergency & Level 2,"Need an electrician in Chipping Norton? Evaready helps with emergency faults, Level 2 ASP work, switchboards, hot water, aircon, CCTV/data and general.",Electrician Chipping Norton 2170,2681,yes,yes,yes,yes,yes,yes,yes,yes,yes,yes,core,within 60 minutes / 60-minute response,"60-minute response for urgent call-outs. | For this suburb, urgent call-outs follow 60-minute emergency response. | Evaready provides 60-minute emergency response for emergency call-outs in this region. | Urgent help for business outages, warehouse power loss, unit power loss, storm or water-affected electrical areas, heat at outlets, sparking and safety-switch tripping in Chipping Norton, with 60-minute emergency response.",yes,yes,47,5,,,,,,
Liverpool & Fairfield,Liverpool,Edmondson Park,2174,/service-areas/liverpool-and-fairfield/liverpool/edmondson-park/,yes,Electrician Edmondson Park 2174 | Emergency & Level 2,"Evaready helps Edmondson Park with urgent faults, Level 2 ASP work, switchboards, hot water electrical, aircon, CCTV/data and planned electrical work.",Electrician Edmondson Park 2174,2660,yes,yes,yes,yes,yes,yes,yes,yes,yes,yes,core,within 60 minutes / 60-minute response,"60-minute response for urgent call-outs. | For Edmondson Park, emergency call-outs use 60-minute emergency response; call for unsafe faults, or send photos and details for planned work. | For this suburb, urgent call-outs follow 60-minute emergency response. | Urgent help for new-estate power loss, apartment circuit faults, aircon circuit trips, hot water electrical issues, heat at outlets, sparking and safety-switch tripping in Edmondson Park, with 60-minute emergency response.",yes,yes,47,5,,,,,,
Liverpool & Fairfield,Liverpool,Elizabeth Hills,2171,/service-areas/liverpool-and-fairfield/liverpool/elizabeth-hills/,yes,Electrician Elizabeth Hills 2171 | Emergency & Level 2,"Need electrical help in Elizabeth Hills 2171? Emergency faults, Level 2 ASP, switchboards, hot water, aircon, CCTV/data and general electrical work.",Electrician Elizabeth Hills 2171,2689,yes,yes,yes,yes,yes,yes,yes,yes,yes,yes,core,within 60 minutes / 60-minute response,"60-minute response for urgent call-outs. | For this suburb, urgent call-outs follow 60-minute emergency response. | Urgent help for home power loss, aircon circuit trips, hot water electrical faults, outdoor power issues, heat at outlets, sparking and safety-switch tripping in Elizabeth Hills, with 60-minute emergency response. | Emergency call-outs in this region use 60-minute emergency response.",yes,yes,47,5,,,,,,
Liverpool & Fairfield,Liverpool,Green Valley,2168,/service-areas/liverpool-and-fairfield/liverpool/green-valley/,yes,Electrician Green Valley 2168 | Emergency & Level 2,"Evaready helps Green Valley with urgent faults, Level 2 ASP work, switchboards, hot water electrical, aircon, CCTV/data and planned electrical work.",Electrician Green Valley 2168,2653,yes,yes,yes,yes,yes,yes,yes,yes,yes,yes,core,within 60 minutes / 60-minute response,"60-minute response for urgent call-outs. | For this suburb, urgent call-outs follow 60-minute emergency response. | Urgent help for home power loss, hot water electrical faults, outdoor power issues, heat at outlets, sparking and safety-switch tripping in Green Valley, with 60-minute emergency response. | Emergency call-outs in this region use 60-minute emergency response.",yes,yes,47,5,,,,,,
Liverpool & Fairfield,Liverpool,Greendale,2745,/service-areas/liverpool-and-fairfield/liverpool/greendale/,yes,Electrician Greendale 2745 | Emergency & Level 2,"Need electrical help in Greendale 2745? Emergency faults, Level 2 ASP, switchboards, hot water, aircon, CCTV/data and general electrical work across.",Electrician Greendale 2745,2568,yes,yes,yes,yes,yes,yes,yes,yes,yes,yes,core,within 60 minutes / 60-minute response,"60-minute response for urgent call-outs. | For Greendale, emergency call-outs use 60-minute emergency response; call for unsafe faults, or send photos and details for planned work. | For this suburb, urgent call-outs follow 60-minute emergency response. | Evaready provides 60-minute emergency response for emergency call-outs in this region.",yes,yes,47,5,,,,,,
Liverpool & Fairfield,Liverpool,Hammondville,2170,/service-areas/liverpool-and-fairfield/liverpool/hammondville/,yes,Electrician Hammondville 2170 | Emergency & Level 2,"Need electrical help in Hammondville 2170? Emergency faults, Level 2 ASP, switchboards, hot water, aircon, CCTV/data and general electrical work.",Electrician Hammondville 2170,2551,yes,yes,yes,yes,yes,yes,yes,yes,yes,yes,core,within 60 minutes / 60-minute response,"60-minute response for urgent call-outs. | For this suburb, urgent call-outs follow 60-minute emergency response. | Evaready provides 60-minute emergency response for emergency call-outs in this region. | Urgent help for home power loss, hot water electrical faults, renovation circuit issues, heat at outlets, sparking and safety-switch tripping in Hammondville, with 60-minute emergency response.",yes,yes,47,5,,,,,,
Liverpool & Fairfield,Liverpool,Heckenberg,2168,/service-areas/liverpool-and-fairfield/liverpool/heckenberg/,yes,Electrician Heckenberg 2168 | Emergency & Level 2,"Need an electrician in Heckenberg? Evaready helps with emergency faults, Level 2 ASP work, switchboards, hot water, aircon, CCTV/data and general.",Electrician Heckenberg 2168,2570,yes,yes,yes,yes,yes,yes,yes,yes,yes,yes,core,within 60 minutes / 60-minute response,"60-minute response for urgent call-outs. | For this suburb, urgent call-outs follow 60-minute emergency response. | Urgent help for older-home power loss, rental maintenance hazards, hot water electrical faults, heat at outlets, sparking and safety-switch tripping in Heckenberg, with 60-minute emergency response. | Emergency call-outs in this region use 60-minute emergency response.",yes,yes,47,5,,,,,,
Liverpool & Fairfield,Liverpool,Hinchinbrook,2168,/service-areas/liverpool-and-fairfield/liverpool/hinchinbrook/,yes,Electrician Hinchinbrook 2168 | Emergency & Level 2,"Need electrical help in Hinchinbrook 2168? Emergency faults, Level 2 ASP, switchboards, hot water, aircon, CCTV/data and general electrical work.",Electrician Hinchinbrook 2168,2631,yes,yes,yes,yes,yes,yes,yes,yes,yes,yes,core,within 60 minutes / 60-minute response,"60-minute response for urgent call-outs. | For this suburb, urgent call-outs follow 60-minute emergency response. | Urgent help for home power loss, villa circuit faults, aircon circuit trips, hot water electrical issues, heat at outlets, sparking and safety-switch tripping in Hinchinbrook, with 60-minute emergency response. | Emergency call-outs in this region use 60-minute emergency response.",yes,yes,47,5,,,,,,
Liverpool & Fairfield,Liverpool,Horningsea Park,2171,/service-areas/liverpool-and-fairfield/liverpool/horningsea-park/,yes,Electrician Horningsea Park 2171 | Emergency & Level 2,"Evaready helps Horningsea Park with urgent faults, Level 2 ASP work, switchboards, hot water electrical, aircon, CCTV/data and planned electrical work.",Electrician Horningsea Park 2171,2647,yes,yes,yes,yes,yes,yes,yes,yes,yes,yes,core,within 60 minutes / 60-minute response,"60-minute response for urgent call-outs. | For this suburb, urgent call-outs follow 60-minute emergency response. | Urgent help for home power loss, aircon circuit trips, outdoor power issues, heat at outlets, sparking and safety-switch tripping in Horningsea Park, with 60-minute emergency response. | Emergency call-outs in this region use 60-minute emergency response.",yes,yes,47,5,,,,,,
Liverpool & Fairfield,Liverpool,Hoxton Park,2171,/service-areas/liverpool-and-fairfield/liverpool/hoxton-park/,yes,Electrician Hoxton Park 2171 | Emergency & Level 2,"Need an electrician in Hoxton Park? Evaready helps with emergency faults, Level 2 ASP work, switchboards, hot water, aircon, CCTV/data and general.",Electrician Hoxton Park 2171,2686,yes,yes,yes,yes,yes,yes,yes,yes,yes,yes,core,within 60 minutes / 60-minute response,"60-minute response for urgent call-outs. | For this suburb, urgent call-outs follow 60-minute emergency response. | Evaready provides 60-minute emergency response for emergency call-outs in this region. | Urgent help for home power loss, local shop circuit faults, aircon circuit trips, hot water electrical issues, heat at outlets, sparking and safety-switch tripping in Hoxton Park, with 60-minute emergency response.",yes,yes,47,5,,,,,,
Liverpool & Fairfield,Liverpool,Kemps Creek,2178,/service-areas/liverpool-and-fairfield/liverpool/kemps-creek/,yes,Electrician Kemps Creek 2178 | Emergency & Level 2,"Need electrical help in Kemps Creek 2178? Emergency faults, Level 2 ASP, switchboards, hot water, aircon, CCTV/data and general electrical work across.",Electrician Kemps Creek 2178,2715,yes,yes,yes,yes,yes,yes,yes,yes,yes,yes,core,within 60 minutes / 60-minute response,"60-minute response for urgent call-outs. | For Kemps Creek, emergency call-outs use 60-minute emergency response; call for unsafe faults, or send photos and details for planned work. | For this suburb, urgent call-outs follow 60-minute emergency response. | Urgent help for business outages, warehouse or logistics power loss, shed circuit faults, equipment trips, heat at outlets, sparking and unsafe service equipment in Kemps Creek, with 60-minute emergency response.",yes,yes,47,5,,,,,,
Liverpool & Fairfield,Liverpool,Liverpool,2170,/service-areas/liverpool-and-fairfield/liverpool/liverpool/,yes,Electrician Liverpool 2170 | Emergency & Level 2,"Need electrical help in Liverpool 2170? Evaready Electrical helps with urgent faults, switchboards, lighting, commercial maintenance and Level 2.",Electrician Liverpool 2170,2614,yes,yes,yes,yes,yes,yes,yes,yes,yes,yes,core,within 60 minutes / 60-minute response,"60-minute response for urgent call-outs. | For this suburb, urgent call-outs follow 60-minute emergency response. | Urgent help for apartment power loss, shop or restaurant outages, shared meter-room issues, medical or retail suite circuit faults, heat at outlets, sparking and safety-switch tripping in Liverpool, with 60-minute emergency response. | Emergency call-outs in this region use 60-minute emergency response.",yes,yes,47,5,,,,,,
Liverpool & Fairfield,Liverpool,Luddenham,2745,/service-areas/liverpool-and-fairfield/liverpool/luddenham/,yes,Electrician Luddenham 2745 | Emergency & Level 2,"Need an electrician in Luddenham? Evaready helps with emergency faults, Level 2 ASP work, switchboards, hot water, aircon, CCTV/data and general.",Electrician Luddenham 2745,2622,yes,yes,yes,yes,yes,yes,yes,yes,yes,yes,core,within 60 minutes / 60-minute response,"60-minute response for urgent call-outs. | For this suburb, urgent call-outs follow 60-minute emergency response. | Evaready provides 60-minute emergency response for emergency call-outs in this region. | Urgent help for property power loss, shed circuit faults, outdoor power hazards, new development supply issues, heat at outlets, sparking and unsafe service equipment in Luddenham, with 60-minute emergency response.",yes,yes,47,5,,,,,,
Liverpool & Fairfield,Liverpool,Lurnea,2170,/service-areas/liverpool-and-fairfield/liverpool/lurnea/,yes,Electrician Lurnea 2170 | Emergency & Level 2,"Need an electrician in Lurnea? Evaready helps with emergency faults, Level 2 ASP work, switchboards, hot water, aircon, CCTV/data and general.",Electrician Lurnea 2170,2634,yes,yes,yes,yes,yes,yes,yes,yes,yes,yes,core,within 60 minutes / 60-minute response,"60-minute response for urgent call-outs. | For this suburb, urgent call-outs follow 60-minute emergency response. | Urgent help for home power loss, villa circuit faults, hot water electrical issues, heat at outlets, sparking and repeated safety-switch tripping in Lurnea, with 60-minute emergency response. | Emergency call-outs in this region use 60-minute emergency response.",yes,yes,47,5,,,,,,
Liverpool & Fairfield,Liverpool,Middleton Grange,2171,/service-areas/liverpool-and-fairfield/liverpool/middleton-grange/,yes,Electrician Middleton Grange 2171 | Emergency & Level 2,"Evaready helps Middleton Grange with urgent faults, Level 2 ASP work, switchboards, hot water electrical, aircon, CCTV/data and planned electrical work.",Electrician Middleton Grange 2171,2655,yes,yes,yes,yes,yes,yes,yes,yes,yes,yes,core,within 60 minutes / 60-minute response,"60-minute response for urgent call-outs. | For this suburb, urgent call-outs follow 60-minute emergency response. | Urgent help for home power loss, aircon circuit trips, outdoor power faults, hot water electrical issues, heat at outlets, sparking and safety-switch tripping in Middleton Grange, with 60-minute emergency response. | Emergency call-outs in this region use 60-minute emergency response.",yes,yes,47,5,,,,,,
Liverpool & Fairfield,Liverpool,Miller,2168,/service-areas/liverpool-and-fairfield/liverpool/miller/,yes,Electrician Miller 2168 | Emergency & Level 2,"Need electrical help in Miller 2168? Emergency faults, Level 2 ASP, switchboards, hot water, aircon, CCTV/data and general electrical work across.",Electrician Miller 2168,2574,yes,yes,yes,yes,yes,yes,yes,yes,yes,yes,core,within 60 minutes / 60-minute response,"60-minute response for urgent call-outs. | For this suburb, urgent call-outs follow 60-minute emergency response. | Urgent help for older-home power loss, rental maintenance hazards, hot water electrical faults, heat at outlets, sparking and repeated safety-switch tripping in Miller, with 60-minute emergency response. | Emergency call-outs in this region use 60-minute emergency response.",yes,yes,47,5,,,,,,
Liverpool & Fairfield,Liverpool,Moorebank,2170,/service-areas/liverpool-and-fairfield/liverpool/moorebank/,yes,Electrician Moorebank 2170 | Emergency & Level 2,"Evaready Electrical helps with faults, switchboards, lighting, power, data, CCTV and three-phase enquiries.",Electrician Moorebank 2170,2629,yes,yes,yes,yes,yes,yes,yes,yes,yes,yes,core,within 60 minutes / 60-minute response,"60-minute response for urgent call-outs. | For this suburb, urgent call-outs follow 60-minute emergency response. | Evaready provides 60-minute emergency response for emergency call-outs in this region. | Urgent help for business outages, warehouse or factory power loss, workshop circuit faults, equipment trips, heat at outlets, sparking and safety-switch tripping in Moorebank, with 60-minute emergency response.",yes,yes,47,5,,,,,,
Liverpool & Fairfield,Liverpool,Pleasure Point,2172,/service-areas/liverpool-and-fairfield/liverpool/pleasure-point/,yes,Electrician Pleasure Point 2172 | Emergency & Level 2,"Need an electrician in Pleasure Point? Evaready helps with emergency faults, Level 2 ASP work, switchboards, hot water, aircon, CCTV/data and general.",Electrician Pleasure Point 2172,2642,yes,yes,yes,yes,yes,yes,yes,yes,yes,yes,core,within 60 minutes / 60-minute response,"60-minute response for urgent call-outs. | For this suburb, urgent call-outs follow 60-minute emergency response. | Urgent help for riverside outdoor faults, storm or water-affected electrical areas, home power loss, heat at outlets, sparking and safety-switch tripping in Pleasure Point, with 60-minute emergency response. | Emergency call-outs in this region use 60-minute emergency response.",yes,yes,47,5,,,,,,
Liverpool & Fairfield,Liverpool,Prestons,2170,/service-areas/liverpool-and-fairfield/liverpool/prestons/,yes,Electrician Prestons 2170 | Emergency & Level 2,"Evaready Electrical helps with fault finding, switchboards, lighting, power, data, CCTV and Level 2 enquiries.",Electrician Prestons 2170,2639,yes,yes,yes,yes,yes,yes,yes,yes,yes,yes,core,within 60 minutes / 60-minute response,"60-minute response for urgent call-outs. | For this suburb, urgent call-outs follow 60-minute emergency response. | Urgent help for business outages, warehouse power loss, workshop circuit faults, home power loss, hot water electrical issues, heat at outlets, sparking and safety-switch tripping in Prestons, with 60-minute emergency response. | Emergency call-outs in this region use 60-minute emergency response.",yes,yes,47,5,,,,,,
Liverpool & Fairfield,Liverpool,Sadleir,2168,/service-areas/liverpool-and-fairfield/liverpool/sadleir/,yes,Electrician Sadleir 2168 | Emergency & Level 2,"Need electrical help in Sadleir 2168? Emergency faults, Level 2 ASP, switchboards, hot water, aircon, CCTV/data and general electrical work across.",Electrician Sadleir 2168,2589,yes,yes,yes,yes,yes,yes,yes,yes,yes,yes,core,within 60 minutes / 60-minute response,"60-minute response for urgent call-outs. | For this suburb, urgent call-outs follow 60-minute emergency response. | Urgent help for older-home power loss, rental maintenance hazards, hot water electrical faults, heat at outlets, sparking and safety-switch tripping in Sadleir, with 60-minute emergency response. | Emergency call-outs in this region use 60-minute emergency response.",yes,yes,47,5,,,,,,
Liverpool & Fairfield,Liverpool,Voyager Point,2172,/service-areas/liverpool-and-fairfield/liverpool/voyager-point/,yes,Electrician Voyager Point 2172 | Emergency & Level 2,"Evaready helps Voyager Point with urgent faults, Level 2 ASP work, switchboards, hot water electrical, aircon, CCTV/data and planned electrical work.",Electrician Voyager Point 2172,2674,yes,yes,yes,yes,yes,yes,yes,yes,yes,yes,core,within 60 minutes / 60-minute response,"60-minute response for urgent call-outs. | For this suburb, urgent call-outs follow 60-minute emergency response. | Urgent help for storm-exposed outdoor faults, riverside or bushland-edge power issues, home power loss, heat at outlets, sparking and safety-switch tripping in Voyager Point, with 60-minute emergency response. | Emergency call-outs in this region use 60-minute emergency response.",yes,yes,47,5,,,,,,
Liverpool & Fairfield,Liverpool,Wallacia,2745,/service-areas/liverpool-and-fairfield/liverpool/wallacia/,yes,Electrician Wallacia 2745 | Emergency & Level 2,"Need electrical help in Wallacia 2745? Emergency faults, Level 2 ASP, switchboards, hot water, aircon, CCTV/data and general electrical work across.",Electrician Wallacia 2745,2631,yes,yes,yes,yes,yes,yes,yes,yes,yes,yes,core,within 60 minutes / 60-minute response,"60-minute response for urgent call-outs. | For this suburb, urgent call-outs follow 60-minute emergency response. | Evaready provides 60-minute emergency response for emergency call-outs in this region. | Urgent help for rural property power loss, shed circuit faults, outdoor power hazards, storm damage, heat at outlets, sparking and unsafe service equipment in Wallacia, with 60-minute emergency response.",yes,yes,47,5,,,,,,
Liverpool & Fairfield,Liverpool,Warwick Farm,2170,/service-areas/liverpool-and-fairfield/liverpool/warwick-farm/,yes,Electrician Warwick Farm 2170 | Emergency & Level 2,"Evaready helps Warwick Farm with urgent faults, Level 2 ASP work, switchboards, hot water electrical, aircon, CCTV/data and planned electrical work.",Electrician Warwick Farm 2170,2661,yes,yes,yes,yes,yes,yes,yes,yes,yes,yes,core,within 60 minutes / 60-minute response,"60-minute response for urgent call-outs. | For this suburb, urgent call-outs follow 60-minute emergency response. | Urgent help for business outages, apartment power loss, workshop or warehouse circuit faults, heat at outlets, sparking and safety-switch tripping in Warwick Farm, with 60-minute emergency response. | Emergency call-outs in this region use 60-minute emergency response.",yes,yes,47,5,,,,,,
Liverpool & Fairfield,Liverpool,Wattle Grove,2173,/service-areas/liverpool-and-fairfield/liverpool/wattle-grove/,yes,Electrician Wattle Grove 2173 | Emergency & Level 2,"Need electrical help in Wattle Grove 2173? Emergency faults, Level 2 ASP, switchboards, hot water, aircon, CCTV/data and general electrical work.",Electrician Wattle Grove 2173,2620,yes,yes,yes,yes,yes,yes,yes,yes,yes,yes,core,within 60 minutes / 60-minute response,"60-minute response for urgent call-outs. | For Wattle Grove, emergency call-outs use 60-minute emergency response; call for unsafe faults, or send photos and details for planned work. | For this suburb, urgent call-outs follow 60-minute emergency response. | Urgent help for home power loss, aircon circuit trips, hot water electrical faults, outdoor power issues, heat at outlets, sparking and safety-switch tripping in Wattle Grove, with 60-minute emergency response.",yes,yes,47,5,,,,,,
Liverpool & Fairfield,Liverpool,West Hoxton,2171,/service-areas/liverpool-and-fairfield/liverpool/west-hoxton/,yes,Electrician West Hoxton 2171 | Emergency & Level 2,"Evaready helps West Hoxton with urgent faults, Level 2 ASP work, switchboards, hot water electrical, aircon, CCTV/data and planned electrical work.",Electrician West Hoxton 2171,2679,yes,yes,yes,yes,yes,yes,yes,yes,yes,yes,core,within 60 minutes / 60-minute response,"60-minute response for urgent call-outs. | For West Hoxton, emergency call-outs use 60-minute emergency response; call for unsafe faults, or send photos and details for planned work. | For this suburb, urgent call-outs follow 60-minute emergency response. | Urgent help for home power loss, aircon circuit trips, outdoor power faults, hot water electrical issues, heat at outlets, sparking and safety-switch tripping in West Hoxton, with 60-minute emergency response.",yes,yes,47,5,,,,,,
"Macarthur, Camden & Wollondilly",Camden,Bringelly,2556,/service-areas/macarthur-camden-and-wollondilly/camden/bringelly/,yes,Electrician Bringelly 2556 | Emergency & Level 2,"Need an electrician in Bringelly? Evaready helps with emergency faults, Level 2 ASP work, switchboards, hot water, aircon, CCTV/data and general.",Electrician Bringelly 2556,2620,yes,yes,yes,yes,yes,yes,yes,yes,yes,yes,greater,within 90 minutes / 90-minute response,"90-minute response for urgent call-outs across greater regions. | For this suburb, urgent call-outs follow 90-minute emergency response. | Evaready provides 90-minute emergency response for emergency call-outs in this region. | Urgent help for acreage power loss, shed or workshop outages, outdoor power hazards, equipment trips, heat at outlets, sparking and unsafe service equipment in Bringelly, with 90-minute emergency response.",yes,yes,47,5,,,,,,
"Macarthur, Camden & Wollondilly",Camden,Camden,2570,/service-areas/macarthur-camden-and-wollondilly/camden/camden/,yes,Electrician Camden 2570 | Emergency & Level 2,"Need an electrician in Camden? Evaready helps with emergency faults, Level 2 ASP work, switchboards, hot water, aircon, CCTV/data and general.",Electrician Camden 2570,2611,yes,yes,yes,yes,yes,yes,yes,yes,yes,yes,greater,within 90 minutes / 90-minute response,"90-minute response for urgent call-outs across greater regions. | For this suburb, urgent call-outs follow 90-minute emergency response. | Urgent help for shop or cafe outages, home power loss, strata shared-power issues, hot outlets, sparking and safety-switch tripping in Camden, with 90-minute emergency response. | Emergency call-outs in this region use 90-minute emergency response.",yes,yes,47,5,,,,,,
"Macarthur, Camden & Wollondilly",Camden,Camden South,2570,/service-areas/macarthur-camden-and-wollondilly/camden/camden-south/,yes,Electrician Camden South 2570 | Emergency & Level 2,"Need electrical help in Camden South 2570? Emergency faults, Level 2 ASP, switchboards, hot water, aircon, CCTV/data and general electrical work.",Electrician Camden South 2570,2673,yes,yes,yes,yes,yes,yes,yes,yes,yes,yes,greater,within 90 minutes / 90-minute response,"90-minute response for urgent call-outs across greater regions. | For Camden South, emergency call-outs use 90-minute emergency response; call for unsafe faults, or send photos and details for planned work. | For this suburb, urgent call-outs follow 90-minute emergency response. | Urgent help for home power loss, older-board overheating, outdoor power hazards, hot water electrical faults, heat at outlets, sparking and safety-switch tripping in Camden South, with 90-minute emergency response.",yes,yes,47,5,,,,,,
"Macarthur, Camden & Wollondilly",Camden,Catherine Field,2557,/service-areas/macarthur-camden-and-wollondilly/camden/catherine-field/,yes,Electrician Catherine Field 2557 | Emergency & Level 2,"Need electrical help in Catherine Field 2557? Emergency faults, Level 2 ASP, switchboards, hot water, aircon, CCTV/data and general electrical work.",Electrician Catherine Field 2557,2702,yes,yes,yes,yes,yes,yes,yes,yes,yes,yes,greater,within 90 minutes / 90-minute response,"90-minute response for urgent call-outs across greater regions. | For Catherine Field, emergency call-outs use 90-minute emergency response; call for unsafe faults, or send photos and details for planned work. | For this suburb, urgent call-outs follow 90-minute emergency response. | Urgent help for new-estate power loss, construction defect concerns, aircon circuit trips, hot water electrical faults, heat at outlets, sparking and safety-switch tripping in Catherine Field, with 90-minute emergency response.",yes,yes,47,5,,,,,,
"Macarthur, Camden & Wollondilly",Camden,Cawdor,2570,/service-areas/macarthur-camden-and-wollondilly/camden/cawdor/,yes,Electrician Cawdor 2570 | Emergency & Level 2,"Need an electrician in Cawdor? Evaready helps with emergency faults, Level 2 ASP work, switchboards, hot water, aircon, CCTV/data and general.",Electrician Cawdor 2570,2606,yes,yes,yes,yes,yes,yes,yes,yes,yes,yes,greater,within 90 minutes / 90-minute response,"90-minute response for urgent call-outs across greater regions. | For this suburb, urgent call-outs follow 90-minute emergency response. | Evaready provides 90-minute emergency response for emergency call-outs in this region. | Urgent help for rural property power loss, storm damage, shed power faults, outdoor power hazards, heat at outlets, sparking and unsafe service equipment in Cawdor, with 90-minute emergency response.",yes,yes,47,5,,,,,,
"Macarthur, Camden & Wollondilly",Camden,Cobbitty,2570,/service-areas/macarthur-camden-and-wollondilly/camden/cobbitty/,yes,Electrician Cobbitty 2570 | Emergency & Level 2,"Evaready helps Cobbitty with urgent faults, Level 2 ASP work, switchboards, hot water electrical, aircon, CCTV/data and planned electrical work.",Electrician Cobbitty 2570,2582,yes,yes,yes,yes,yes,yes,yes,yes,yes,yes,greater,within 90 minutes / 90-minute response,"90-minute response for urgent call-outs across greater regions. | For this suburb, urgent call-outs follow 90-minute emergency response. | Urgent help for acreage or new-estate power loss, outdoor power hazards, shed power faults, hot outlets, sparking and safety-switch tripping in Cobbitty, with 90-minute emergency response. | Emergency call-outs in this region use 90-minute emergency response.",yes,yes,47,5,,,,,,
"Macarthur, Camden & Wollondilly",Camden,Currans Hill,2567,/service-areas/macarthur-camden-and-wollondilly/camden/currans-hill/,yes,Electrician Currans Hill 2567 | Emergency & Level 2,"Evaready helps Currans Hill with urgent faults, Level 2 ASP work, switchboards, hot water electrical, aircon, CCTV/data and planned electrical work.",Electrician Currans Hill 2567,2690,yes,yes,yes,yes,yes,yes,yes,yes,yes,yes,greater,within 90 minutes / 90-minute response,"90-minute response for urgent call-outs across greater regions. | For Currans Hill, emergency call-outs use 90-minute emergency response; call for unsafe faults, or send photos and details for planned work. | For this suburb, urgent call-outs follow 90-minute emergency response. | Evaready provides 90-minute emergency response for emergency call-outs in this region.",yes,yes,47,5,,,,,,
"Macarthur, Camden & Wollondilly",Camden,Elderslie,2570,/service-areas/macarthur-camden-and-wollondilly/camden/elderslie/,yes,Electrician Elderslie 2570 | Emergency & Level 2,"Need electrical help in Elderslie 2570? Emergency faults, Level 2 ASP, switchboards, hot water, aircon, CCTV/data and general electrical work across.",Electrician Elderslie 2570,2590,yes,yes,yes,yes,yes,yes,yes,yes,yes,yes,greater,within 90 minutes / 90-minute response,"90-minute response for urgent call-outs across greater regions. | For this suburb, urgent call-outs follow 90-minute emergency response. | Evaready provides 90-minute emergency response for emergency call-outs in this region. | Urgent help for home power loss, local facility faults, hot water electrical faults, heat at outlets, sparking and safety-switch tripping in Elderslie, with 90-minute emergency response.",yes,yes,47,5,,,,,,
"Macarthur, Camden & Wollondilly",Camden,Ellis Lane,2570,/service-areas/macarthur-camden-and-wollondilly/camden/ellis-lane/,yes,Electrician Ellis Lane 2570 | Emergency & Level 2,"Need electrical help in Ellis Lane 2570? Emergency faults, Level 2 ASP, switchboards, hot water, aircon, CCTV/data and general electrical work across.",Electrician Ellis Lane 2570,2678,yes,yes,yes,yes,yes,yes,yes,yes,yes,yes,greater,within 90 minutes / 90-minute response,"90-minute response for urgent call-outs across greater regions. | For this suburb, urgent call-outs follow 90-minute emergency response. | Evaready provides 90-minute emergency response for emergency call-outs in this region. | Urgent help for rural property power loss, storm faults, shed power issues, outdoor power hazards, heat at outlets, sparking and unsafe service equipment in Ellis Lane, with 90-minute emergency response.",yes,yes,47,5,,,,,,
"Macarthur, Camden & Wollondilly",Camden,Gledswood Hills,2557,/service-areas/macarthur-camden-and-wollondilly/camden/gledswood-hills/,yes,Electrician Gledswood Hills 2557 | Emergency & Level 2,"Need an electrician in Gledswood Hills? Evaready helps with emergency faults, Level 2 ASP work, switchboards, hot water, aircon, CCTV/data and general.",Electrician Gledswood Hills 2557,2753,yes,yes,yes,yes,yes,yes,yes,yes,yes,yes,greater,within 90 minutes / 90-minute response,"90-minute response for urgent call-outs across greater regions. | For this suburb, urgent call-outs follow 90-minute emergency response. | Evaready provides 90-minute emergency response for emergency call-outs in this region. | Urgent help for newer-home power loss, townhouse circuit faults, aircon circuit trips, hot water electrical faults, heat at outlets, sparking and safety-switch tripping in Gledswood Hills, with 90-minute emergency response.",yes,yes,47,5,,,,,,
"Macarthur, Camden & Wollondilly",Camden,Grasmere,2570,/service-areas/macarthur-camden-and-wollondilly/camden/grasmere/,yes,Electrician Grasmere 2570 | Emergency & Level 2,"Evaready helps Grasmere with urgent faults, Level 2 ASP work, switchboards, hot water electrical, aircon, CCTV/data and planned electrical work.",Electrician Grasmere 2570,2568,yes,yes,yes,yes,yes,yes,yes,yes,yes,yes,greater,within 90 minutes / 90-minute response,"90-minute response for urgent call-outs across greater regions. | For this suburb, urgent call-outs follow 90-minute emergency response. | Evaready provides 90-minute emergency response for emergency call-outs in this region. | Urgent help for larger-block power loss, outdoor power hazards, storm faults, heat at outlets, sparking and unsafe service equipment in Grasmere, with 90-minute emergency response.",yes,yes,47,5,,,,,,
"Macarthur, Camden & Wollondilly",Camden,Gregory Hills,2557,/service-areas/macarthur-camden-and-wollondilly/camden/gregory-hills/,yes,Electrician Gregory Hills 2557 | Emergency & Level 2,"Need electrical help in Gregory Hills 2557? Emergency faults, Level 2 ASP, switchboards, hot water, aircon, CCTV/data and general electrical work.",Electrician Gregory Hills 2557,2721,yes,yes,yes,yes,yes,yes,yes,yes,yes,yes,greater,within 90 minutes / 90-minute response,"90-minute response for urgent call-outs across greater regions. | For Gregory Hills, emergency call-outs use 90-minute emergency response; call for unsafe faults, or send photos and details for planned work. | For this suburb, urgent call-outs follow 90-minute emergency response. | Urgent help for business outages, medical or retail suite power loss, restaurant faults, townhouse or apartment power loss, heat at outlets, sparking and safety-switch tripping in Gregory Hills, with 90-minute emergency response.",yes,yes,47,5,,,,,,
"Macarthur, Camden & Wollondilly",Camden,Harrington Park,2567,/service-areas/macarthur-camden-and-wollondilly/camden/harrington-park/,yes,Electrician Harrington Park 2567 | Emergency & Level 2,"Evaready helps Harrington Park with urgent faults, Level 2 ASP work, switchboards, hot water electrical, aircon, CCTV/data and planned electrical work.",Electrician Harrington Park 2567,2652,yes,yes,yes,yes,yes,yes,yes,yes,yes,yes,greater,within 90 minutes / 90-minute response,"90-minute response for urgent call-outs across greater regions. | For this suburb, urgent call-outs follow 90-minute emergency response. | Evaready provides 90-minute emergency response for emergency call-outs in this region. | Urgent help for larger-home power loss, renovation electrical faults, outdoor power hazards, aircon circuit trips, heat at outlets, sparking and safety-switch tripping in Harrington Park, with 90-minute emergency response.",yes,yes,47,5,,,,,,
"Macarthur, Camden & Wollondilly",Camden,Kirkham,2570,/service-areas/macarthur-camden-and-wollondilly/camden/kirkham/,yes,Electrician Kirkham 2570 | Emergency & Level 2,"Need electrical help in Kirkham 2570? Emergency faults, Level 2 ASP, switchboards, hot water, aircon, CCTV/data and general electrical work across Camden.",Electrician Kirkham 2570,2600,yes,yes,yes,yes,yes,yes,yes,yes,yes,yes,greater,within 90 minutes / 90-minute response,"90-minute response for urgent call-outs across greater regions. | For this suburb, urgent call-outs follow 90-minute emergency response. | Evaready provides 90-minute emergency response for emergency call-outs in this region. | Urgent help for acreage power loss, shed or outbuilding faults, outdoor power hazards, storm faults, heat at outlets, sparking and unsafe service equipment in Kirkham, with 90-minute emergency response.",yes,yes,47,5,,,,,,
"Macarthur, Camden & Wollondilly",Camden,Leppington,2179,/service-areas/macarthur-camden-and-wollondilly/camden/leppington/,yes,Electrician Leppington 2179 | Emergency & Level 2,"Evaready helps Leppington with urgent faults, Level 2 ASP work, switchboards, hot water electrical, aircon, CCTV/data and planned electrical work.",Electrician Leppington 2179,2667,yes,yes,yes,yes,yes,yes,yes,yes,yes,yes,greater,within 90 minutes / 90-minute response,"90-minute response for urgent call-outs across greater regions. | For this suburb, urgent call-outs follow 90-minute emergency response. | Urgent help for new-estate power loss, construction defect concerns, aircon circuit trips, hot water electrical faults, heat at outlets, sparking and safety-switch tripping in Leppington, with 90-minute emergency response. | Emergency call-outs in this region use 90-minute emergency response.",yes,yes,47,5,,,,,,
"Macarthur, Camden & Wollondilly",Camden,Mount Annan,2567,/service-areas/macarthur-camden-and-wollondilly/camden/mount-annan/,yes,Electrician Mount Annan 2567 | Emergency & Level 2,"Evaready helps Mount Annan with urgent faults, Level 2 ASP work, switchboards, hot water electrical, aircon, CCTV/data and planned electrical work.",Electrician Mount Annan 2567,2685,yes,yes,yes,yes,yes,yes,yes,yes,yes,yes,greater,within 90 minutes / 90-minute response,"90-minute response for urgent call-outs across greater regions. | For this suburb, urgent call-outs follow 90-minute emergency response. | Evaready provides 90-minute emergency response for emergency call-outs in this region. | Urgent help for home power loss, local shop outages, hot water electrical faults, aircon circuit trips, outdoor power hazards, heat at outlets and sparking in Mount Annan, with 90-minute emergency response.",yes,yes,47,5,,,,,,
"Macarthur, Camden & Wollondilly",Camden,Narellan,2567,/service-areas/macarthur-camden-and-wollondilly/camden/narellan/,yes,Electrician Narellan 2567 | Emergency & Level 2,"Need an electrician in Narellan? Evaready Electrical helps with lighting, power, switchboards, EV-ready circuits, data, CCTV and Level 2 enquiries.",Electrician Narellan 2567,2578,yes,yes,yes,yes,yes,yes,yes,yes,yes,yes,greater,within 90 minutes / 90-minute response,"90-minute response for urgent call-outs across greater regions. | For this suburb, urgent call-outs follow 90-minute emergency response. | Urgent help for business outages, retail or medical suite power loss, warehouse or workshop faults, equipment trips, heat at outlets, sparking and safety-switch tripping in Narellan, with 90-minute emergency response. | Emergency call-outs in this region use 90-minute emergency response.",yes,yes,47,5,,,,,,
"Macarthur, Camden & Wollondilly",Camden,Narellan Vale,2567,/service-areas/macarthur-camden-and-wollondilly/camden/narellan-vale/,yes,Electrician Narellan Vale 2567 | Emergency & Level 2,"Need an electrician in Narellan Vale? Evaready helps with emergency faults, Level 2 ASP work, switchboards, hot water, aircon, CCTV/data and general.",Electrician Narellan Vale 2567,2714,yes,yes,yes,yes,yes,yes,yes,yes,yes,yes,greater,within 90 minutes / 90-minute response,"90-minute response for urgent call-outs across greater regions. | For this suburb, urgent call-outs follow 90-minute emergency response. | Urgent help for home, villa or townhouse power loss, hot water electrical faults, outdoor power hazards, heat at outlets, sparking and safety-switch tripping in Narellan Vale, with 90-minute emergency response. | Emergency call-outs in this region use 90-minute emergency response.",yes,yes,47,5,,,,,,
"Macarthur, Camden & Wollondilly",Camden,Oran Park,2570,/service-areas/macarthur-camden-and-wollondilly/camden/oran-park/,yes,Electrician Oran Park 2570 | Emergency & Level 2,"Need an electrician in Oran Park? Evaready helps with emergency faults, Level 2 ASP work, switchboards, hot water, aircon, CCTV/data and general.",Electrician Oran Park 2570,2723,yes,yes,yes,yes,yes,yes,yes,yes,yes,yes,greater,within 90 minutes / 90-minute response,"90-minute response for urgent call-outs across greater regions. | For this suburb, urgent call-outs follow 90-minute emergency response. | Evaready provides 90-minute emergency response for emergency call-outs in this region. | Urgent help for new-home power loss, townhouse or apartment faults, retail precinct outages, school site electrical faults, aircon circuit trips, heat at outlets and sparking in Oran Park, with 90-minute emergency response.",yes,yes,47,5,,,,,,
"Macarthur, Camden & Wollondilly",Camden,Rossmore,2557,/service-areas/macarthur-camden-and-wollondilly/camden/rossmore/,yes,Electrician Rossmore 2557 | Emergency & Level 2,"Evaready helps Rossmore with urgent faults, Level 2 ASP work, switchboards, hot water electrical, aircon, CCTV/data and planned electrical work.",Electrician Rossmore 2557,2648,yes,yes,yes,yes,yes,yes,yes,yes,yes,yes,greater,within 90 minutes / 90-minute response,"90-minute response for urgent call-outs across greater regions. | For Rossmore, emergency call-outs use 90-minute emergency response; call for unsafe faults, or send photos and details for planned work. | For this suburb, urgent call-outs follow 90-minute emergency response. | Urgent help for rural-edge power loss, shed or warehouse outages, workshop faults, outdoor power hazards, heat at outlets, sparking and unsafe service equipment in Rossmore, with 90-minute emergency response.",yes,yes,47,5,,,,,,
"Macarthur, Camden & Wollondilly",Camden,Smeaton Grange,2567,/service-areas/macarthur-camden-and-wollondilly/camden/smeaton-grange/,yes,Electrician Smeaton Grange 2567 | Emergency & Level 2,"Evaready helps Smeaton Grange with urgent faults, Level 2 ASP work, switchboards, hot water electrical, aircon, CCTV/data and planned electrical work.",Electrician Smeaton Grange 2567,2657,yes,yes,yes,yes,yes,yes,yes,yes,yes,yes,greater,within 90 minutes / 90-minute response,"90-minute response for urgent call-outs across greater regions. | For this suburb, urgent call-outs follow 90-minute emergency response. | Evaready provides 90-minute emergency response for emergency call-outs in this region. | Urgent help for business outages, warehouse or factory power loss, workshop equipment trips, showroom faults, heat at outlets, sparking and unsafe commercial switchboards in Smeaton Grange, with 90-minute emergency response.",yes,yes,47,5,,,,,,
"Macarthur, Camden & Wollondilly",Camden,Spring Farm,2570,/service-areas/macarthur-camden-and-wollondilly/camden/spring-farm/,yes,Electrician Spring Farm 2570 | Emergency & Level 2,"Need electrical help in Spring Farm 2570? Emergency faults, Level 2 ASP, switchboards, hot water, aircon, CCTV/data and general electrical work across.",Electrician Spring Farm 2570,2735,yes,yes,yes,yes,yes,yes,yes,yes,yes,yes,greater,within 90 minutes / 90-minute response,"90-minute response for urgent call-outs across greater regions. | For this suburb, urgent call-outs follow 90-minute emergency response. | Evaready provides 90-minute emergency response for emergency call-outs in this region. | Urgent help for newer-estate power loss, townhouse faults, construction or new-build electrical concerns, hot water electrical faults, aircon circuit trips, heat at outlets and sparking in Spring Farm, with 90-minute emergency response.",yes,yes,47,5,,,,,,
"Macarthur, Camden & Wollondilly",Campbelltown,Airds,2560,/service-areas/macarthur-camden-and-wollondilly/campbelltown/airds/,yes,Electrician Airds 2560 | Emergency & Level 2,"Evaready helps Airds with urgent faults, Level 2 ASP work, switchboards, hot water electrical, aircon, CCTV/data and planned electrical work.",Electrician Airds 2560,2505,yes,yes,yes,yes,yes,yes,yes,yes,yes,yes,greater,within 90 minutes / 90-minute response,"90-minute response for urgent call-outs across greater regions. | For Airds, emergency call-outs use 90-minute emergency response; call for unsafe faults, or send photos and details for planned work. | For this suburb, urgent call-outs follow 90-minute emergency response. | Evaready provides 90-minute emergency response for emergency call-outs in this region.",yes,yes,47,5,,,,,,
"Macarthur, Camden & Wollondilly",Campbelltown,Ambarvale,2560,/service-areas/macarthur-camden-and-wollondilly/campbelltown/ambarvale/,yes,Electrician Ambarvale 2560 | Emergency & Level 2,"Evaready helps Ambarvale with urgent faults, Level 2 ASP work, switchboards, hot water electrical, aircon, CCTV/data and planned electrical work.",Electrician Ambarvale 2560,2525,yes,yes,yes,yes,yes,yes,yes,yes,yes,yes,greater,within 90 minutes / 90-minute response,"90-minute response for urgent call-outs across greater regions. | For this suburb, urgent call-outs follow 90-minute emergency response. | Urgent help for power loss, hot fixtures and circuit tripping, business outages and damaged outdoor power in Ambarvale, with 90-minute emergency response. | Emergency call-outs in this region use 90-minute emergency response.",yes,yes,47,5,,,,,,
"Macarthur, Camden & Wollondilly",Campbelltown,Bardia,2565,/service-areas/macarthur-camden-and-wollondilly/campbelltown/bardia/,yes,Electrician Bardia 2565 | Emergency & Level 2,"Need an electrician in Bardia? Evaready helps with emergency faults, Level 2 ASP work, switchboards, hot water, aircon, CCTV/data and general.",Electrician Bardia 2565,2502,yes,yes,yes,yes,yes,yes,yes,yes,yes,yes,greater,within 90 minutes / 90-minute response,"90-minute response for urgent call-outs across greater regions. | For this suburb, urgent call-outs follow 90-minute emergency response. | Urgent help for power loss, hot fixtures and circuit tripping, business outages and damaged outdoor power in Bardia, with 90-minute emergency response. | Emergency call-outs in this region use 90-minute emergency response.",yes,yes,47,5,,,,,,
"Macarthur, Camden & Wollondilly",Campbelltown,Blair Athol,2560,/service-areas/macarthur-camden-and-wollondilly/campbelltown/blair-athol/,yes,Electrician Blair Athol 2560 | Emergency & Level 2,"Evaready helps Blair Athol with urgent faults, Level 2 ASP work, switchboards, hot water electrical, aircon, CCTV/data and planned electrical work.",Electrician Blair Athol 2560,2584,yes,yes,yes,yes,yes,yes,yes,yes,yes,yes,greater,within 90 minutes / 90-minute response,"90-minute response for urgent call-outs across greater regions. | For this suburb, urgent call-outs follow 90-minute emergency response. | Evaready provides 90-minute emergency response for emergency call-outs in this region. | Urgent help for power loss, hot fixtures and circuit tripping, business outages and damaged outdoor power in Blair Athol, with 90-minute emergency response.",yes,yes,47,5,,,,,,
"Macarthur, Camden & Wollondilly",Campbelltown,Blairmount,2559,/service-areas/macarthur-camden-and-wollondilly/campbelltown/blairmount/,yes,Electrician Blairmount 2559 | Emergency & Level 2,"Need an electrician in Blairmount? Evaready helps with emergency faults, Level 2 ASP work, switchboards, hot water, aircon, CCTV/data and general.",Electrician Blairmount 2559,2515,yes,yes,yes,yes,yes,yes,yes,yes,yes,yes,greater,within 90 minutes / 90-minute response,"90-minute response for urgent call-outs across greater regions. | For this suburb, urgent call-outs follow 90-minute emergency response. | Urgent help for power loss, hot fixtures and circuit tripping, business outages and damaged outdoor power in Blairmount, with 90-minute emergency response. | Emergency call-outs in this region use 90-minute emergency response.",yes,yes,47,5,,,,,,
"Macarthur, Camden & Wollondilly",Campbelltown,Bow Bowing,2566,/service-areas/macarthur-camden-and-wollondilly/campbelltown/bow-bowing/,yes,Electrician Bow Bowing 2566 | Emergency & Level 2,"Evaready helps Bow Bowing with urgent faults, Level 2 ASP work, switchboards, hot water electrical, aircon, CCTV/data and planned electrical work.",Electrician Bow Bowing 2566,2589,yes,yes,yes,yes,yes,yes,yes,yes,yes,yes,greater,within 90 minutes / 90-minute response,"90-minute response for urgent call-outs across greater regions. | For this suburb, urgent call-outs follow 90-minute emergency response. | Urgent help for power loss, hot fixtures and circuit tripping, business outages and damaged outdoor power in Bow Bowing, with 90-minute emergency response. | Emergency call-outs in this region use 90-minute emergency response.",yes,yes,47,5,,,,,,
"Macarthur, Camden & Wollondilly",Campbelltown,Bradbury,2560,/service-areas/macarthur-camden-and-wollondilly/campbelltown/bradbury/,yes,Electrician Bradbury 2560 | Emergency & Level 2,"Evaready helps Bradbury with urgent faults, Level 2 ASP work, switchboards, hot water electrical, aircon, CCTV/data and planned electrical work.",Electrician Bradbury 2560,2507,yes,yes,yes,yes,yes,yes,yes,yes,yes,yes,greater,within 90 minutes / 90-minute response,"90-minute response for urgent call-outs across greater regions. | For this suburb, urgent call-outs follow 90-minute emergency response. | Evaready provides 90-minute emergency response for emergency call-outs in this region. | Urgent help for power loss, hot fixtures and circuit tripping, business outages and damaged outdoor power in Bradbury, with 90-minute emergency response.",yes,yes,47,5,,,,,,
"Macarthur, Camden & Wollondilly",Campbelltown,Campbelltown,2560,/service-areas/macarthur-camden-and-wollondilly/campbelltown/campbelltown/,yes,Electrician Campbelltown 2560 | Emergency & Level 2,"Need an electrician in Campbelltown? Evaready Electrical helps with emergency faults, switchboards, lighting, power, hot water electrical, data and CCTV.",Electrician Campbelltown 2560,2524,yes,yes,yes,yes,yes,yes,yes,yes,yes,yes,greater,within 90 minutes / 90-minute response,"90-minute response for urgent call-outs across greater regions. | For this suburb, urgent call-outs follow 90-minute emergency response. | Urgent help for power loss, hot fixtures and circuit tripping, business outages and damaged outdoor power in Campbelltown, with 90-minute emergency response. | Emergency call-outs in this region use 90-minute emergency response.",yes,yes,47,5,,,,,,
"Macarthur, Camden & Wollondilly",Campbelltown,Claymore,2559,/service-areas/macarthur-camden-and-wollondilly/campbelltown/claymore/,yes,Electrician Claymore 2559 | Emergency & Level 2,"Evaready helps Claymore with urgent faults, Level 2 ASP work, switchboards, hot water electrical, aircon, CCTV/data and planned electrical work.",Electrician Claymore 2559,2542,yes,yes,yes,yes,yes,yes,yes,yes,yes,yes,greater,within 90 minutes / 90-minute response,"90-minute response for urgent call-outs across greater regions. | For this suburb, urgent call-outs follow 90-minute emergency response. | Urgent help for power loss, hot fixtures and circuit tripping, business outages and damaged outdoor power in Claymore, with 90-minute emergency response. | Emergency call-outs in this region use 90-minute emergency response.",yes,yes,47,5,,,,,,
"Macarthur, Camden & Wollondilly",Campbelltown,Denham Court,2565,/service-areas/macarthur-camden-and-wollondilly/campbelltown/denham-court/,yes,Electrician Denham Court 2565 | Emergency & Level 2,"Evaready helps Denham Court with urgent faults, Level 2 ASP work, switchboards, hot water electrical, aircon, CCTV/data and planned electrical work.",Electrician Denham Court 2565,2614,yes,yes,yes,yes,yes,yes,yes,yes,yes,yes,greater,within 90 minutes / 90-minute response,"90-minute response for urgent call-outs across greater regions. | For Denham Court, emergency call-outs use 90-minute emergency response; call for unsafe faults, or send photos and details for planned work. | For this suburb, urgent call-outs follow 90-minute emergency response. | Evaready provides 90-minute emergency response for emergency call-outs in this region.",yes,yes,47,5,,,,,,
"Macarthur, Camden & Wollondilly",Campbelltown,Eagle Vale,2558,/service-areas/macarthur-camden-and-wollondilly/campbelltown/eagle-vale/,yes,Electrician Eagle Vale 2558 | Emergency & Level 2,"Evaready helps Eagle Vale with urgent faults, Level 2 ASP work, switchboards, hot water electrical, aircon, CCTV/data and planned electrical work.",Electrician Eagle Vale 2558,2611,yes,yes,yes,yes,yes,yes,yes,yes,yes,yes,greater,within 90 minutes / 90-minute response,"90-minute response for urgent call-outs across greater regions. | For this suburb, urgent call-outs follow 90-minute emergency response. | Evaready provides 90-minute emergency response for emergency call-outs in this region. | Urgent help for power loss, hot fixtures and circuit tripping, business outages and damaged outdoor power in Eagle Vale, with 90-minute emergency response.",yes,yes,47,5,,,,,,
"Macarthur, Camden & Wollondilly",Campbelltown,Englorie Park,2560,/service-areas/macarthur-camden-and-wollondilly/campbelltown/englorie-park/,yes,Electrician Englorie Park 2560 | Emergency & Level 2,"Need electrical help in Englorie Park 2560? Emergency faults, Level 2 ASP, switchboards, hot water, aircon, CCTV/data and general electrical work.",Electrician Englorie Park 2560,2611,yes,yes,yes,yes,yes,yes,yes,yes,yes,yes,greater,within 90 minutes / 90-minute response,"90-minute response for urgent call-outs across greater regions. | For Englorie Park, emergency call-outs use 90-minute emergency response; call for unsafe faults, or send photos and details for planned work. | For this suburb, urgent call-outs follow 90-minute emergency response. | Urgent help for power loss, hot fixtures and circuit tripping, business outages and damaged outdoor power in Englorie Park, with 90-minute emergency response.",yes,yes,47,5,,,,,,
"Macarthur, Camden & Wollondilly",Campbelltown,Eschol Park,2558,/service-areas/macarthur-camden-and-wollondilly/campbelltown/eschol-park/,yes,Electrician Eschol Park 2558 | Emergency & Level 2,"Need an electrician in Eschol Park? Evaready helps with emergency faults, Level 2 ASP work, switchboards, hot water, aircon, CCTV/data and general.",Electrician Eschol Park 2558,2617,yes,yes,yes,yes,yes,yes,yes,yes,yes,yes,greater,within 90 minutes / 90-minute response,"90-minute response for urgent call-outs across greater regions. | For this suburb, urgent call-outs follow 90-minute emergency response. | Urgent help for power loss, hot fixtures and circuit tripping, business outages and damaged outdoor power in Eschol Park, with 90-minute emergency response. | Emergency call-outs in this region use 90-minute emergency response.",yes,yes,47,5,,,,,,
"Macarthur, Camden & Wollondilly",Campbelltown,Gilead,2560,/service-areas/macarthur-camden-and-wollondilly/campbelltown/gilead/,yes,Electrician Gilead 2560 | Emergency & Level 2,"Evaready helps Gilead with urgent faults, Level 2 ASP work, switchboards, hot water electrical, aircon, CCTV/data and planned electrical work.",Electrician Gilead 2560,2509,yes,yes,yes,yes,yes,yes,yes,yes,yes,yes,greater,within 90 minutes / 90-minute response,"90-minute response for urgent call-outs across greater regions. | For this suburb, urgent call-outs follow 90-minute emergency response. | Evaready provides 90-minute emergency response for emergency call-outs in this region. | Urgent help for power loss, hot fixtures and circuit tripping, business outages and damaged outdoor power in Gilead, with 90-minute emergency response.",yes,yes,47,5,,,,,,
"Macarthur, Camden & Wollondilly",Campbelltown,Glen Alpine,2560,/service-areas/macarthur-camden-and-wollondilly/campbelltown/glen-alpine/,yes,Electrician Glen Alpine 2560 | Emergency & Level 2,"Need an electrician in Glen Alpine? Evaready helps with emergency faults, Level 2 ASP work, switchboards, hot water, aircon, CCTV/data and general.",Electrician Glen Alpine 2560,2627,yes,yes,yes,yes,yes,yes,yes,yes,yes,yes,greater,within 90 minutes / 90-minute response,"90-minute response for urgent call-outs across greater regions. | For this suburb, urgent call-outs follow 90-minute emergency response. | Evaready provides 90-minute emergency response for emergency call-outs in this region. | Urgent help for power loss, hot fixtures and circuit tripping, business outages and damaged outdoor power in Glen Alpine, with 90-minute emergency response.",yes,yes,47,5,,,,,,
"Macarthur, Camden & Wollondilly",Campbelltown,Glenfield,2167,/service-areas/macarthur-camden-and-wollondilly/campbelltown/glenfield/,yes,Electrician Glenfield 2167 | Emergency & Level 2,"Need electrical help in Glenfield 2167? Emergency faults, Level 2 ASP, switchboards, hot water, aircon, CCTV/data and general electrical work across.",Electrician Glenfield 2167,2532,yes,yes,yes,yes,yes,yes,yes,yes,yes,yes,greater,within 90 minutes / 90-minute response,"90-minute response for urgent call-outs across greater regions. | For this suburb, urgent call-outs follow 90-minute emergency response. | Urgent help for power loss, hot fixtures and circuit tripping, business outages and damaged outdoor power in Glenfield, with 90-minute emergency response. | Emergency call-outs in this region use 90-minute emergency response.",yes,yes,47,5,,,,,,
"Macarthur, Camden & Wollondilly",Campbelltown,Holsworthy,2173,/service-areas/macarthur-camden-and-wollondilly/campbelltown/holsworthy/,yes,Electrician Holsworthy 2173 | Emergency & Level 2,"Evaready helps Holsworthy with urgent faults, Level 2 ASP work, switchboards, hot water electrical, aircon, CCTV/data and planned electrical work.",Electrician Holsworthy 2173,2513,yes,yes,yes,yes,yes,yes,yes,yes,yes,yes,greater,within 90 minutes / 90-minute response,"90-minute response for urgent call-outs across greater regions. | For this suburb, urgent call-outs follow 90-minute emergency response. | Urgent help for power loss, hot fixtures and circuit tripping, business outages and damaged outdoor power in Holsworthy, with 90-minute emergency response. | Emergency call-outs in this region use 90-minute emergency response.",yes,yes,47,5,,,,,,
"Macarthur, Camden & Wollondilly",Campbelltown,Ingleburn,2565,/service-areas/macarthur-camden-and-wollondilly/campbelltown/ingleburn/,yes,Electrician Ingleburn 2565 | Emergency & Level 2,"Evaready helps Ingleburn with urgent faults, Level 2 ASP work, switchboards, hot water electrical, aircon, CCTV/data and planned electrical work.",Electrician Ingleburn 2565,2497,yes,yes,yes,yes,yes,yes,yes,yes,yes,yes,greater,within 90 minutes / 90-minute response,"90-minute response for urgent call-outs across greater regions. | For this suburb, urgent call-outs follow 90-minute emergency response. | Urgent help for power loss, hot fixtures and circuit tripping, business outages and damaged outdoor power in Ingleburn, with 90-minute emergency response. | Emergency call-outs in this region use 90-minute emergency response.",yes,yes,47,5,,,,,,
"Macarthur, Camden & Wollondilly",Campbelltown,Kearns,2558,/service-areas/macarthur-camden-and-wollondilly/campbelltown/kearns/,yes,Electrician Kearns 2558 | Emergency & Level 2,"Need electrical help in Kearns 2558? Emergency faults, Level 2 ASP, switchboards, hot water, aircon, CCTV/data and general electrical work across.",Electrician Kearns 2558,2523,yes,yes,yes,yes,yes,yes,yes,yes,yes,yes,greater,within 90 minutes / 90-minute response,"90-minute response for urgent call-outs across greater regions. | For Kearns, emergency call-outs use 90-minute emergency response; call for unsafe faults, or send photos and details for planned work. | For this suburb, urgent call-outs follow 90-minute emergency response. | Urgent help for power loss, hot fixtures and circuit tripping, business outages and damaged outdoor power in Kearns, with 90-minute emergency response.",yes,yes,47,5,,,,,,
"Macarthur, Camden & Wollondilly",Campbelltown,Kentlyn,2560,/service-areas/macarthur-camden-and-wollondilly/campbelltown/kentlyn/,yes,Electrician Kentlyn 2560 | Emergency & Level 2,"Need electrical help in Kentlyn 2560? Emergency faults, Level 2 ASP, switchboards, hot water, aircon, CCTV/data and general electrical work across.",Electrician Kentlyn 2560,2532,yes,yes,yes,yes,yes,yes,yes,yes,yes,yes,greater,within 90 minutes / 90-minute response,"90-minute response for urgent call-outs across greater regions. | For this suburb, urgent call-outs follow 90-minute emergency response. | Urgent help for power loss, hot fixtures and circuit tripping, business outages and damaged outdoor power in Kentlyn, with 90-minute emergency response. | Emergency call-outs in this region use 90-minute emergency response.",yes,yes,47,5,,,,,,
"Macarthur, Camden & Wollondilly",Campbelltown,Leumeah,2560,/service-areas/macarthur-camden-and-wollondilly/campbelltown/leumeah/,yes,Electrician Leumeah 2560 | Emergency & Level 2,"Evaready helps Leumeah with urgent faults, Level 2 ASP work, switchboards, hot water electrical, aircon, CCTV/data and planned electrical work.",Electrician Leumeah 2560,2529,yes,yes,yes,yes,yes,yes,yes,yes,yes,yes,greater,within 90 minutes / 90-minute response,"90-minute response for urgent call-outs across greater regions. | For this suburb, urgent call-outs follow 90-minute emergency response. | Urgent help for power loss, hot fixtures and circuit tripping, business outages and damaged outdoor power in Leumeah, with 90-minute emergency response. | Emergency call-outs in this region use 90-minute emergency response.",yes,yes,47,5,,,,,,
"Macarthur, Camden & Wollondilly",Campbelltown,Long Point,2564,/service-areas/macarthur-camden-and-wollondilly/campbelltown/long-point/,yes,Electrician Long Point 2564 | Emergency & Level 2,"Evaready helps Long Point with urgent faults, Level 2 ASP work, switchboards, hot water electrical, aircon, CCTV/data and planned electrical work.",Electrician Long Point 2564,2577,yes,yes,yes,yes,yes,yes,yes,yes,yes,yes,greater,within 90 minutes / 90-minute response,"90-minute response for urgent call-outs across greater regions. | For this suburb, urgent call-outs follow 90-minute emergency response. | Urgent help for power loss, hot fixtures and circuit tripping, business outages and damaged outdoor power in Long Point, with 90-minute emergency response. | Emergency call-outs in this region use 90-minute emergency response.",yes,yes,47,5,,,,,,
"Macarthur, Camden & Wollondilly",Campbelltown,Macquarie Fields,2564,/service-areas/macarthur-camden-and-wollondilly/campbelltown/macquarie-fields/,yes,Electrician Macquarie Fields 2564 | Emergency & Level 2,"Need electrical help in Macquarie Fields 2564? Emergency faults, Level 2 ASP, switchboards, hot water, aircon, CCTV/data and general electrical work.",Electrician Macquarie Fields 2564,2611,yes,yes,yes,yes,yes,yes,yes,yes,yes,yes,greater,within 90 minutes / 90-minute response,"90-minute response for urgent call-outs across greater regions. | For this suburb, urgent call-outs follow 90-minute emergency response. | Urgent help for power loss, hot fixtures and circuit tripping, business outages and damaged outdoor power in Macquarie Fields, with 90-minute emergency response. | Emergency call-outs in this region use 90-minute emergency response.",yes,yes,47,5,,,,,,
"Macarthur, Camden & Wollondilly",Campbelltown,Macquarie Links,2565,/service-areas/macarthur-camden-and-wollondilly/campbelltown/macquarie-links/,yes,Electrician Macquarie Links 2565 | Emergency & Level 2,"Need an electrician in Macquarie Links? Evaready helps with emergency faults, Level 2 ASP work, switchboards, hot water, aircon, CCTV/data and general.",Electrician Macquarie Links 2565,2618,yes,yes,yes,yes,yes,yes,yes,yes,yes,yes,greater,within 90 minutes / 90-minute response,"90-minute response for urgent call-outs across greater regions. | For this suburb, urgent call-outs follow 90-minute emergency response. | Urgent help for power loss, hot fixtures and circuit tripping, business outages and damaged outdoor power in Macquarie Links, with 90-minute emergency response. | Emergency call-outs in this region use 90-minute emergency response.",yes,yes,47,5,,,,,,
"Macarthur, Camden & Wollondilly",Campbelltown,Menangle Park,2563,/service-areas/macarthur-camden-and-wollondilly/campbelltown/menangle-park/,yes,Electrician Menangle Park 2563 | Emergency & Level 2,"Evaready helps Menangle Park with urgent faults, Level 2 ASP work, switchboards, hot water electrical, aircon, CCTV/data and planned electrical work.",Electrician Menangle Park 2563,2585,yes,yes,yes,yes,yes,yes,yes,yes,yes,yes,greater,within 90 minutes / 90-minute response,"90-minute response for urgent call-outs across greater regions. | For this suburb, urgent call-outs follow 90-minute emergency response. | Urgent help for power loss, hot fixtures and circuit tripping, business outages and damaged outdoor power in Menangle Park, with 90-minute emergency response. | Emergency call-outs in this region use 90-minute emergency response.",yes,yes,47,5,,,,,,
"Macarthur, Camden & Wollondilly",Campbelltown,Minto,2566,/service-areas/macarthur-camden-and-wollondilly/campbelltown/minto/,yes,Electrician Minto 2566 | Emergency & Level 2,"Need an electrician in Minto? Evaready helps with emergency faults, Level 2 ASP work, switchboards, hot water, aircon, CCTV/data and general.",Electrician Minto 2566,2512,yes,yes,yes,yes,yes,yes,yes,yes,yes,yes,greater,within 90 minutes / 90-minute response,"90-minute response for urgent call-outs across greater regions. | For this suburb, urgent call-outs follow 90-minute emergency response. | Urgent help for power loss, hot fixtures and circuit tripping, business outages and damaged outdoor power in Minto, with 90-minute emergency response. | Emergency call-outs in this region use 90-minute emergency response.",yes,yes,47,5,,,,,,
"Macarthur, Camden & Wollondilly",Campbelltown,Minto Heights,2566,/service-areas/macarthur-camden-and-wollondilly/campbelltown/minto-heights/,yes,Electrician Minto Heights 2566 | Emergency & Level 2,"Need an electrician in Minto Heights? Evaready helps with emergency faults, Level 2 ASP work, switchboards, hot water, aircon, CCTV/data and general.",Electrician Minto Heights 2566,2632,yes,yes,yes,yes,yes,yes,yes,yes,yes,yes,greater,within 90 minutes / 90-minute response,"90-minute response for urgent call-outs across greater regions. | For this suburb, urgent call-outs follow 90-minute emergency response. | Urgent help for power loss, hot fixtures and circuit tripping, business outages and damaged outdoor power in Minto Heights, with 90-minute emergency response. | Emergency call-outs in this region use 90-minute emergency response.",yes,yes,47,5,,,,,,
"Macarthur, Camden & Wollondilly",Campbelltown,Raby,2566,/service-areas/macarthur-camden-and-wollondilly/campbelltown/raby/,yes,Electrician Raby 2566 | Emergency & Level 2,"Need an electrician in Raby? Evaready helps with emergency faults, Level 2 ASP work, switchboards, hot water, aircon, CCTV/data and general electrical.",Electrician Raby 2566,2511,yes,yes,yes,yes,yes,yes,yes,yes,yes,yes,greater,within 90 minutes / 90-minute response,"90-minute response for urgent call-outs across greater regions. | For this suburb, urgent call-outs follow 90-minute emergency response. | Urgent help for power loss, hot fixtures and circuit tripping, business outages and damaged outdoor power in Raby, with 90-minute emergency response. | Emergency call-outs in this region use 90-minute emergency response.",yes,yes,47,5,,,,,,
"Macarthur, Camden & Wollondilly",Campbelltown,Rosemeadow,2560,/service-areas/macarthur-camden-and-wollondilly/campbelltown/rosemeadow/,yes,Electrician Rosemeadow 2560 | Emergency & Level 2,"Need an electrician in Rosemeadow? Evaready helps with emergency faults, Level 2 ASP work, switchboards, hot water, aircon, CCTV/data and general.",Electrician Rosemeadow 2560,2507,yes,yes,yes,yes,yes,yes,yes,yes,yes,yes,greater,within 90 minutes / 90-minute response,"90-minute response for urgent call-outs across greater regions. | For this suburb, urgent call-outs follow 90-minute emergency response. | Evaready provides 90-minute emergency response for emergency call-outs in this region. | Urgent help for power loss, hot fixtures and circuit tripping, business outages and damaged outdoor power in Rosemeadow, with 90-minute emergency response.",yes,yes,47,5,,,,,,
"Macarthur, Camden & Wollondilly",Campbelltown,Ruse,2560,/service-areas/macarthur-camden-and-wollondilly/campbelltown/ruse/,yes,Electrician Ruse 2560 | Emergency & Level 2,"Need electrical help in Ruse 2560? Emergency faults, Level 2 ASP, switchboards, hot water, aircon, CCTV/data and general electrical work across.",Electrician Ruse 2560,2515,yes,yes,yes,yes,yes,yes,yes,yes,yes,yes,greater,within 90 minutes / 90-minute response,"90-minute response for urgent call-outs across greater regions. | For this suburb, urgent call-outs follow 90-minute emergency response. | Evaready provides 90-minute emergency response for emergency call-outs in this region. | Urgent help for power loss, hot fixtures and circuit tripping, business outages and damaged outdoor power in Ruse, with 90-minute emergency response.",yes,yes,47,5,,,,,,
"Macarthur, Camden & Wollondilly",Campbelltown,St Andrews,2566,/service-areas/macarthur-camden-and-wollondilly/campbelltown/st-andrews/,yes,Electrician St Andrews 2566 | Emergency & Level 2,"Need an electrician in St Andrews? Evaready helps with emergency faults, Level 2 ASP work, switchboards, hot water, aircon, CCTV/data and general.",Electrician St Andrews 2566,2597,yes,yes,yes,yes,yes,yes,yes,yes,yes,yes,greater,within 90 minutes / 90-minute response,"90-minute response for urgent call-outs across greater regions. | For this suburb, urgent call-outs follow 90-minute emergency response. | Evaready provides 90-minute emergency response for emergency call-outs in this region. | Urgent help for power loss, hot fixtures and circuit tripping, business outages and damaged outdoor power in St Andrews, with 90-minute emergency response.",yes,yes,47,5,,,,,,
"Macarthur, Camden & Wollondilly",Campbelltown,St Helens Park,2560,/service-areas/macarthur-camden-and-wollondilly/campbelltown/st-helens-park/,yes,Electrician St Helens Park 2560 | Emergency & Level 2,"Need an electrician in St Helens Park? Evaready helps with emergency faults, Level 2 ASP work, switchboards, hot water, aircon, CCTV/data and general.",Electrician St Helens Park 2560,2691,yes,yes,yes,yes,yes,yes,yes,yes,yes,yes,greater,within 90 minutes / 90-minute response,"90-minute response for urgent call-outs across greater regions. | For this suburb, urgent call-outs follow 90-minute emergency response. | Evaready provides 90-minute emergency response for emergency call-outs in this region. | Urgent help for power loss, hot fixtures and circuit tripping, business outages and damaged outdoor power in St Helens Park, with 90-minute emergency response.",yes,yes,47,5,,,,,,
"Macarthur, Camden & Wollondilly",Campbelltown,Varroville,2566,/service-areas/macarthur-camden-and-wollondilly/campbelltown/varroville/,yes,Electrician Varroville 2566 | Emergency & Level 2,"Need electrical help in Varroville 2566? Emergency faults, Level 2 ASP, switchboards, hot water, aircon, CCTV/data and general electrical work across.",Electrician Varroville 2566,2512,yes,yes,yes,yes,yes,yes,yes,yes,yes,yes,greater,within 90 minutes / 90-minute response,"90-minute response for urgent call-outs across greater regions. | For this suburb, urgent call-outs follow 90-minute emergency response. | Evaready provides 90-minute emergency response for emergency call-outs in this region. | Urgent help for power loss, hot fixtures and circuit tripping, business outages and damaged outdoor power in Varroville, with 90-minute emergency response.",yes,yes,47,5,,,,,,
"Macarthur, Camden & Wollondilly",Campbelltown,Wedderburn,2560,/service-areas/macarthur-camden-and-wollondilly/campbelltown/wedderburn/,yes,Electrician Wedderburn 2560 | Emergency & Level 2,"Evaready helps Wedderburn with urgent faults, Level 2 ASP work, switchboards, hot water electrical, aircon, CCTV/data and planned electrical work.",Electrician Wedderburn 2560,2506,yes,yes,yes,yes,yes,yes,yes,yes,yes,yes,greater,within 90 minutes / 90-minute response,"90-minute response for urgent call-outs across greater regions. | For this suburb, urgent call-outs follow 90-minute emergency response. | Urgent help for power loss, hot fixtures and circuit tripping, business outages and damaged outdoor power in Wedderburn, with 90-minute emergency response. | Emergency call-outs in this region use 90-minute emergency response.",yes,yes,47,5,,,,,,
"Macarthur, Camden & Wollondilly",Campbelltown,Woodbine,2560,/service-areas/macarthur-camden-and-wollondilly/campbelltown/woodbine/,yes,Electrician Woodbine 2560 | Emergency & Level 2,"Need electrical help in Woodbine 2560? Emergency faults, Level 2 ASP, switchboards, hot water, aircon, CCTV/data and general electrical work across.",Electrician Woodbine 2560,2504,yes,yes,yes,yes,yes,yes,yes,yes,yes,yes,greater,within 90 minutes / 90-minute response,"90-minute response for urgent call-outs across greater regions. | For Woodbine, emergency call-outs use 90-minute emergency response; call for unsafe faults, or send photos and details for planned work. | For this suburb, urgent call-outs follow 90-minute emergency response. | Evaready provides 90-minute emergency response for emergency call-outs in this region.",yes,yes,47,5,,,,,,
"Macarthur, Camden & Wollondilly",Campbelltown,Woronora Dam,2508,/service-areas/macarthur-camden-and-wollondilly/campbelltown/woronora-dam/,yes,Electrician Woronora Dam 2508 | Emergency & Level 2,"Evaready helps Woronora Dam with urgent faults, Level 2 ASP work, switchboards, hot water electrical, aircon, CCTV/data and planned electrical work.",Electrician Woronora Dam 2508,2586,yes,yes,yes,yes,yes,yes,yes,yes,yes,yes,greater,within 90 minutes / 90-minute response,"90-minute response for urgent call-outs across greater regions. | For Woronora Dam, emergency call-outs use 90-minute emergency response; call for unsafe faults, or send photos and details for planned work. | For this suburb, urgent call-outs follow 90-minute emergency response. | Evaready provides 90-minute emergency response for emergency call-outs in this region.",yes,yes,47,5,,,,,,
"Macarthur, Camden & Wollondilly",Wollondilly,Appin,2560,/service-areas/macarthur-camden-and-wollondilly/wollondilly/appin/,yes,Electrician Appin 2560 | Emergency & Level 2,"Need an electrician in Appin? Evaready helps with emergency faults, Level 2 ASP work, switchboards, hot water, aircon, CCTV/data and general.",Electrician Appin 2560,2520,yes,yes,yes,yes,yes,yes,yes,yes,yes,yes,greater,within 90 minutes / 90-minute response,"90-minute response for urgent call-outs across greater regions. | For Appin, emergency call-outs use 90-minute emergency response; call for unsafe faults, or send photos and details for planned work. | For this suburb, urgent call-outs follow 90-minute emergency response. | Urgent help for power loss, hot fixtures and circuit tripping, business outages and damaged outdoor power in Appin, with 90-minute emergency response.",yes,yes,47,5,,,,,,
"Macarthur, Camden & Wollondilly",Wollondilly,Belimbla Park,2570,/service-areas/macarthur-camden-and-wollondilly/wollondilly/belimbla-park/,yes,Electrician Belimbla Park 2570 | Emergency & Level 2,"Need an electrician in Belimbla Park? Evaready helps with emergency faults, Level 2 ASP work, switchboards, hot water, aircon, CCTV/data and general.",Electrician Belimbla Park 2570,2628,yes,yes,yes,yes,yes,yes,yes,yes,yes,yes,greater,within 90 minutes / 90-minute response,"90-minute response for urgent call-outs across greater regions. | For this suburb, urgent call-outs follow 90-minute emergency response. | Urgent help for power loss, hot fixtures and circuit tripping, business outages and damaged outdoor power in Belimbla Park, with 90-minute emergency response. | Emergency call-outs in this region use 90-minute emergency response.",yes,yes,47,5,,,,,,
"Macarthur, Camden & Wollondilly",Wollondilly,Brownlow Hill,2570,/service-areas/macarthur-camden-and-wollondilly/wollondilly/brownlow-hill/,yes,Electrician Brownlow Hill 2570 | Emergency & Level 2,"Need an electrician in Brownlow Hill? Evaready helps with emergency faults, Level 2 ASP work, switchboards, hot water, aircon, CCTV/data and general.",Electrician Brownlow Hill 2570,2559,yes,yes,yes,yes,yes,yes,yes,yes,yes,yes,greater,within 90 minutes / 90-minute response,"90-minute response for urgent call-outs across greater regions. | For this suburb, urgent call-outs follow 90-minute emergency response. | Urgent help for power loss, hot fixtures and circuit tripping, business outages and damaged outdoor power in Brownlow Hill, with 90-minute emergency response. | Emergency call-outs in this region use 90-minute emergency response.",yes,yes,47,5,,,,,,
"Macarthur, Camden & Wollondilly",Wollondilly,Camden Park,2570,/service-areas/macarthur-camden-and-wollondilly/wollondilly/camden-park/,yes,Electrician Camden Park 2570 | Emergency & Level 2,"Need an electrician in Camden Park? Evaready helps with emergency faults, Level 2 ASP work, switchboards, hot water, aircon, CCTV/data and general.",Electrician Camden Park 2570,2588,yes,yes,yes,yes,yes,yes,yes,yes,yes,yes,greater,within 90 minutes / 90-minute response,"90-minute response for urgent call-outs across greater regions. | For this suburb, urgent call-outs follow 90-minute emergency response. | Urgent help for power loss, hot fixtures and circuit tripping, business outages and damaged outdoor power in Camden Park, with 90-minute emergency response. | Emergency call-outs in this region use 90-minute emergency response.",yes,yes,47,5,,,,,,
"Macarthur, Camden & Wollondilly",Wollondilly,Cataract,2560,/service-areas/macarthur-camden-and-wollondilly/wollondilly/cataract/,yes,Electrician Cataract 2560 | Emergency & Level 2,"Evaready helps Cataract with urgent faults, Level 2 ASP work, switchboards, hot water electrical, aircon, CCTV/data and planned electrical work.",Electrician Cataract 2560,2531,yes,yes,yes,yes,yes,yes,yes,yes,yes,yes,greater,within 90 minutes / 90-minute response,"90-minute response for urgent call-outs across greater regions. | For this suburb, urgent call-outs follow 90-minute emergency response. | Urgent help for power loss, hot fixtures and circuit tripping, business outages and damaged outdoor power in Cataract, with 90-minute emergency response. | Emergency call-outs in this region use 90-minute emergency response.",yes,yes,47,5,,,,,,
"Macarthur, Camden & Wollondilly",Wollondilly,Couridjah,2571,/service-areas/macarthur-camden-and-wollondilly/wollondilly/couridjah/,yes,Electrician Couridjah 2571 | Emergency & Level 2,"Need an electrician in Couridjah? Evaready helps with emergency faults, Level 2 ASP work, switchboards, hot water, aircon, CCTV/data and general.",Electrician Couridjah 2571,2507,yes,yes,yes,yes,yes,yes,yes,yes,yes,yes,greater,within 90 minutes / 90-minute response,"90-minute response for urgent call-outs across greater regions. | For Couridjah, emergency call-outs use 90-minute emergency response; call for unsafe faults, or send photos and details for planned work. | For this suburb, urgent call-outs follow 90-minute emergency response. | Urgent help for power loss, hot fixtures and circuit tripping, business outages and damaged outdoor power in Couridjah, with 90-minute emergency response.",yes,yes,47,5,,,,,,
"Macarthur, Camden & Wollondilly",Wollondilly,Douglas Park,2569,/service-areas/macarthur-camden-and-wollondilly/wollondilly/douglas-park/,yes,Electrician Douglas Park 2569 | Emergency & Level 2,"Evaready helps Douglas Park with urgent faults, Level 2 ASP work, switchboards, hot water electrical, aircon, CCTV/data and planned electrical work.",Electrician Douglas Park 2569,2610,yes,yes,yes,yes,yes,yes,yes,yes,yes,yes,greater,within 90 minutes / 90-minute response,"90-minute response for urgent call-outs across greater regions. | For this suburb, urgent call-outs follow 90-minute emergency response. | Evaready provides 90-minute emergency response for emergency call-outs in this region. | Urgent help for power loss, hot fixtures and circuit tripping, business outages and damaged outdoor power in Douglas Park, with 90-minute emergency response.",yes,yes,47,5,,,,,,
"Macarthur, Camden & Wollondilly",Wollondilly,Glenmore,2570,/service-areas/macarthur-camden-and-wollondilly/wollondilly/glenmore/,yes,Electrician Glenmore 2570 | Emergency & Level 2,"Need electrical help in Glenmore 2570? Emergency faults, Level 2 ASP, switchboards, hot water, aircon, CCTV/data and general electrical work across.",Electrician Glenmore 2570,2494,yes,yes,yes,yes,yes,yes,yes,yes,yes,yes,greater,within 90 minutes / 90-minute response,"90-minute response for urgent call-outs across greater regions. | For this suburb, urgent call-outs follow 90-minute emergency response. | Urgent help for power loss, hot fixtures and circuit tripping, business outages and damaged outdoor power in Glenmore, with 90-minute emergency response. | Emergency call-outs in this region use 90-minute emergency response.",yes,yes,47,5,,,,,,
"Macarthur, Camden & Wollondilly",Wollondilly,Lakesland,2572,/service-areas/macarthur-camden-and-wollondilly/wollondilly/lakesland/,yes,Electrician Lakesland 2572 | Emergency & Level 2,"Evaready helps Lakesland with urgent faults, Level 2 ASP work, switchboards, hot water electrical, aircon, CCTV/data and planned electrical work.",Electrician Lakesland 2572,2542,yes,yes,yes,yes,yes,yes,yes,yes,yes,yes,greater,within 90 minutes / 90-minute response,"90-minute response for urgent call-outs across greater regions. | For Lakesland, emergency call-outs use 90-minute emergency response; call for unsafe faults, or send photos and details for planned work. | For this suburb, urgent call-outs follow 90-minute emergency response. | Urgent help for power loss, hot fixtures and circuit tripping, business outages and damaged outdoor power in Lakesland, with 90-minute emergency response.",yes,yes,47,5,,,,,,
"Macarthur, Camden & Wollondilly",Wollondilly,Maldon,2571,/service-areas/macarthur-camden-and-wollondilly/wollondilly/maldon/,yes,Electrician Maldon 2571 | Emergency & Level 2,"Need electrical help in Maldon 2571? Emergency faults, Level 2 ASP, switchboards, hot water, aircon, CCTV/data and general electrical work across.",Electrician Maldon 2571,2495,yes,yes,yes,yes,yes,yes,yes,yes,yes,yes,greater,within 90 minutes / 90-minute response,"90-minute response for urgent call-outs across greater regions. | For Maldon, emergency call-outs use 90-minute emergency response; call for unsafe faults, or send photos and details for planned work. | For this suburb, urgent call-outs follow 90-minute emergency response. | Urgent help for power loss, hot fixtures and circuit tripping, business outages and damaged outdoor power in Maldon, with 90-minute emergency response.",yes,yes,47,5,,,,,,
"Macarthur, Camden & Wollondilly",Wollondilly,Menangle,2568,/service-areas/macarthur-camden-and-wollondilly/wollondilly/menangle/,yes,Electrician Menangle 2568 | Emergency & Level 2,"Need electrical help in Menangle 2568? Emergency faults, Level 2 ASP, switchboards, hot water, aircon, CCTV/data and general electrical work across.",Electrician Menangle 2568,2557,yes,yes,yes,yes,yes,yes,yes,yes,yes,yes,greater,within 90 minutes / 90-minute response,"90-minute response for urgent call-outs across greater regions. | For this suburb, urgent call-outs follow 90-minute emergency response. | Evaready provides 90-minute emergency response for emergency call-outs in this region. | Urgent help for power loss, hot fixtures and circuit tripping, business outages and damaged outdoor power in Menangle, with 90-minute emergency response.",yes,yes,47,5,,,,,,
"Macarthur, Camden & Wollondilly",Wollondilly,Mount Hunter,2570,/service-areas/macarthur-camden-and-wollondilly/wollondilly/mount-hunter/,yes,Electrician Mount Hunter 2570 | Emergency & Level 2,"Evaready helps Mount Hunter with urgent faults, Level 2 ASP work, switchboards, hot water electrical, aircon, CCTV/data and planned electrical work.",Electrician Mount Hunter 2570,2586,yes,yes,yes,yes,yes,yes,yes,yes,yes,yes,greater,within 90 minutes / 90-minute response,"90-minute response for urgent call-outs across greater regions. | For Mount Hunter, emergency call-outs use 90-minute emergency response; call for unsafe faults, or send photos and details for planned work. | For this suburb, urgent call-outs follow 90-minute emergency response. | Urgent help for power loss, hot fixtures and circuit tripping, business outages and damaged outdoor power in Mount Hunter, with 90-minute emergency response.",yes,yes,47,5,,,,,,
"Macarthur, Camden & Wollondilly",Wollondilly,Mowbray Park,2571,/service-areas/macarthur-camden-and-wollondilly/wollondilly/mowbray-park/,yes,Electrician Mowbray Park 2571 | Emergency & Level 2,"Need an electrician in Mowbray Park? Evaready helps with emergency faults, Level 2 ASP work, switchboards, hot water, aircon, CCTV/data and general.",Electrician Mowbray Park 2571,2634,yes,yes,yes,yes,yes,yes,yes,yes,yes,yes,greater,within 90 minutes / 90-minute response,"90-minute response for urgent call-outs across greater regions. | For this suburb, urgent call-outs follow 90-minute emergency response. | Evaready provides 90-minute emergency response for emergency call-outs in this region. | Urgent help for power loss, hot fixtures and circuit tripping, business outages and damaged outdoor power in Mowbray Park, with 90-minute emergency response.",yes,yes,47,5,,,,,,
"Macarthur, Camden & Wollondilly",Wollondilly,Nattai,2570,/service-areas/macarthur-camden-and-wollondilly/wollondilly/nattai/,yes,Electrician Nattai 2570 | Emergency & Level 2,"Evaready helps Nattai with urgent faults, Level 2 ASP work, switchboards, hot water electrical, aircon, CCTV/data and planned electrical work.",Electrician Nattai 2570,2498,yes,yes,yes,yes,yes,yes,yes,yes,yes,yes,greater,within 90 minutes / 90-minute response,"90-minute response for urgent call-outs across greater regions. | For this suburb, urgent call-outs follow 90-minute emergency response. | Urgent help for power loss, hot fixtures and circuit tripping, business outages and damaged outdoor power in Nattai, with 90-minute emergency response. | Emergency call-outs in this region use 90-minute emergency response.",yes,yes,47,5,,,,,,
"Macarthur, Camden & Wollondilly",Wollondilly,Oakdale,2570,/service-areas/macarthur-camden-and-wollondilly/wollondilly/oakdale/,yes,Electrician Oakdale 2570 | Emergency & Level 2,"Evaready helps Oakdale with urgent faults, Level 2 ASP work, switchboards, hot water electrical, aircon, CCTV/data and planned electrical work.",Electrician Oakdale 2570,2519,yes,yes,yes,yes,yes,yes,yes,yes,yes,yes,greater,within 90 minutes / 90-minute response,"90-minute response for urgent call-outs across greater regions. | For Oakdale, emergency call-outs use 90-minute emergency response; call for unsafe faults, or send photos and details for planned work. | For this suburb, urgent call-outs follow 90-minute emergency response. | Urgent help for power loss, hot fixtures and circuit tripping, business outages and damaged outdoor power in Oakdale, with 90-minute emergency response.",yes,yes,47,5,,,,,,
"Macarthur, Camden & Wollondilly",Wollondilly,Orangeville,2570,/service-areas/macarthur-camden-and-wollondilly/wollondilly/orangeville/,yes,Electrician Orangeville 2570 | Emergency & Level 2,"Need an electrician in Orangeville? Evaready helps with emergency faults, Level 2 ASP work, switchboards, hot water, aircon, CCTV/data and general.",Electrician Orangeville 2570,2516,yes,yes,yes,yes,yes,yes,yes,yes,yes,yes,greater,within 90 minutes / 90-minute response,"90-minute response for urgent call-outs across greater regions. | For this suburb, urgent call-outs follow 90-minute emergency response. | Evaready provides 90-minute emergency response for emergency call-outs in this region. | Urgent help for power loss, hot fixtures and circuit tripping, business outages and damaged outdoor power in Orangeville, with 90-minute emergency response.",yes,yes,47,5,,,,,,
"Macarthur, Camden & Wollondilly",Wollondilly,Pheasants Nest,2574,/service-areas/macarthur-camden-and-wollondilly/wollondilly/pheasants-nest/,yes,Electrician Pheasants Nest 2574 | Emergency & Level 2,"Need electrical help in Pheasants Nest 2574? Emergency faults, Level 2 ASP, switchboards, hot water, aircon, CCTV/data and general electrical work.",Electrician Pheasants Nest 2574,2601,yes,yes,yes,yes,yes,yes,yes,yes,yes,yes,greater,within 90 minutes / 90-minute response,"90-minute response for urgent call-outs across greater regions. | For this suburb, urgent call-outs follow 90-minute emergency response. | Urgent help for power loss, hot fixtures and circuit tripping, business outages and damaged outdoor power in Pheasants Nest, with 90-minute emergency response. | Emergency call-outs in this region use 90-minute emergency response.",yes,yes,47,5,,,,,,
"Macarthur, Camden & Wollondilly",Wollondilly,Picton,2571,/service-areas/macarthur-camden-and-wollondilly/wollondilly/picton/,yes,Electrician Picton 2571 | Emergency & Level 2,"Evaready helps Picton with urgent faults, Level 2 ASP work, switchboards, hot water electrical, aircon, CCTV/data and planned electrical work.",Electrician Picton 2571,2559,yes,yes,yes,yes,yes,yes,yes,yes,yes,yes,greater,within 90 minutes / 90-minute response,"90-minute response for urgent call-outs across greater regions. | For this suburb, urgent call-outs follow 90-minute emergency response. | Urgent help for power loss, hot fixtures and circuit tripping, business outages and damaged outdoor power in Picton, with 90-minute emergency response. | Emergency call-outs in this region use 90-minute emergency response.",yes,yes,47,5,,,,,,
"Macarthur, Camden & Wollondilly",Wollondilly,Razorback,2571,/service-areas/macarthur-camden-and-wollondilly/wollondilly/razorback/,yes,Electrician Razorback 2571 | Emergency & Level 2,"Need an electrician in Razorback? Evaready helps with emergency faults, Level 2 ASP work, switchboards, hot water, aircon, CCTV/data and general.",Electrician Razorback 2571,2495,yes,yes,yes,yes,yes,yes,yes,yes,yes,yes,greater,within 90 minutes / 90-minute response,"90-minute response for urgent call-outs across greater regions. | For this suburb, urgent call-outs follow 90-minute emergency response. | Urgent help for power loss, hot fixtures and circuit tripping, business outages and damaged outdoor power in Razorback, with 90-minute emergency response. | Emergency call-outs in this region use 90-minute emergency response.",yes,yes,47,5,,,,,,
"Macarthur, Camden & Wollondilly",Wollondilly,Silverdale,2752,/service-areas/macarthur-camden-and-wollondilly/wollondilly/silverdale/,yes,Electrician Silverdale 2752 | Emergency & Level 2,"Evaready helps Silverdale with urgent faults, Level 2 ASP work, switchboards, hot water electrical, aircon, CCTV/data and planned electrical work.",Electrician Silverdale 2752,2505,yes,yes,yes,yes,yes,yes,yes,yes,yes,yes,greater,within 90 minutes / 90-minute response,"90-minute response for urgent call-outs across greater regions. | For this suburb, urgent call-outs follow 90-minute emergency response. | Urgent help for power loss, hot fixtures and circuit tripping, business outages and damaged outdoor power in Silverdale, with 90-minute emergency response. | Emergency call-outs in this region use 90-minute emergency response.",yes,yes,47,5,,,,,,
"Macarthur, Camden & Wollondilly",Wollondilly,Tahmoor,2573,/service-areas/macarthur-camden-and-wollondilly/wollondilly/tahmoor/,yes,Electrician Tahmoor 2573 | Emergency & Level 2,"Need electrical help in Tahmoor 2573? Emergency faults, Level 2 ASP, switchboards, hot water, aircon, CCTV/data and general electrical work across.",Electrician Tahmoor 2573,2520,yes,yes,yes,yes,yes,yes,yes,yes,yes,yes,greater,within 90 minutes / 90-minute response,"90-minute response for urgent call-outs across greater regions. | For Tahmoor, emergency call-outs use 90-minute emergency response; call for unsafe faults, or send photos and details for planned work. | For this suburb, urgent call-outs follow 90-minute emergency response. | Evaready provides 90-minute emergency response for emergency call-outs in this region.",yes,yes,47,5,,,,,,
"Macarthur, Camden & Wollondilly",Wollondilly,The Oaks,2570,/service-areas/macarthur-camden-and-wollondilly/wollondilly/the-oaks/,yes,Electrician The Oaks 2570 | Emergency & Level 2,"Need an electrician in The Oaks? Evaready helps with emergency faults, Level 2 ASP work, switchboards, hot water, aircon, CCTV/data and general.",Electrician The Oaks 2570,2587,yes,yes,yes,yes,yes,yes,yes,yes,yes,yes,greater,within 90 minutes / 90-minute response,"90-minute response for urgent call-outs across greater regions. | For The Oaks, emergency call-outs use 90-minute emergency response; call for unsafe faults, or send photos and details for planned work. | For this suburb, urgent call-outs follow 90-minute emergency response. | Urgent help for power loss, hot fixtures and circuit tripping, business outages and damaged outdoor power in The Oaks, with 90-minute emergency response.",yes,yes,47,5,,,,,,
"Macarthur, Camden & Wollondilly",Wollondilly,Theresa Park,2570,/service-areas/macarthur-camden-and-wollondilly/wollondilly/theresa-park/,yes,Electrician Theresa Park 2570 | Emergency & Level 2,"Need an electrician in Theresa Park? Evaready helps with emergency faults, Level 2 ASP work, switchboards, hot water, aircon, CCTV/data and general.",Electrician Theresa Park 2570,2591,yes,yes,yes,yes,yes,yes,yes,yes,yes,yes,greater,within 90 minutes / 90-minute response,"90-minute response for urgent call-outs across greater regions. | For Theresa Park, emergency call-outs use 90-minute emergency response; call for unsafe faults, or send photos and details for planned work. | For this suburb, urgent call-outs follow 90-minute emergency response. | Urgent help for power loss, hot fixtures and circuit tripping, business outages and damaged outdoor power in Theresa Park, with 90-minute emergency response.",yes,yes,47,5,,,,,,
"Macarthur, Camden & Wollondilly",Wollondilly,Thirlmere,2572,/service-areas/macarthur-camden-and-wollondilly/wollondilly/thirlmere/,yes,Electrician Thirlmere 2572 | Emergency & Level 2,"Evaready helps Thirlmere with urgent faults, Level 2 ASP work, switchboards, hot water electrical, aircon, CCTV/data and planned electrical work.",Electrician Thirlmere 2572,2483,yes,yes,yes,yes,yes,yes,yes,yes,yes,yes,greater,within 90 minutes / 90-minute response,"90-minute response for urgent call-outs across greater regions. | For this suburb, urgent call-outs follow 90-minute emergency response. | Urgent help for power loss, hot fixtures and circuit tripping, business outages and damaged outdoor power in Thirlmere, with 90-minute emergency response. | Emergency call-outs in this region use 90-minute emergency response.",yes,yes,47,5,,,,,,
"Macarthur, Camden & Wollondilly",Wollondilly,Warragamba,2752,/service-areas/macarthur-camden-and-wollondilly/wollondilly/warragamba/,yes,Electrician Warragamba 2752 | Emergency & Level 2,"Need an electrician in Warragamba? Evaready helps with emergency faults, Level 2 ASP work, switchboards, hot water, aircon, CCTV/data and general.",Electrician Warragamba 2752,2511,yes,yes,yes,yes,yes,yes,yes,yes,yes,yes,greater,within 90 minutes / 90-minute response,"90-minute response for urgent call-outs across greater regions. | For this suburb, urgent call-outs follow 90-minute emergency response. | Evaready provides 90-minute emergency response for emergency call-outs in this region. | Urgent help for power loss, hot fixtures and circuit tripping, business outages and damaged outdoor power in Warragamba, with 90-minute emergency response.",yes,yes,47,5,,,,,,
"Macarthur, Camden & Wollondilly",Wollondilly,Werombi,2570,/service-areas/macarthur-camden-and-wollondilly/wollondilly/werombi/,yes,Electrician Werombi 2570 | Emergency & Level 2,"Evaready helps Werombi with urgent faults, Level 2 ASP work, switchboards, hot water electrical, aircon, CCTV/data and planned electrical work.",Electrician Werombi 2570,2513,yes,yes,yes,yes,yes,yes,yes,yes,yes,yes,greater,within 90 minutes / 90-minute response,"90-minute response for urgent call-outs across greater regions. | For this suburb, urgent call-outs follow 90-minute emergency response. | Evaready provides 90-minute emergency response for emergency call-outs in this region. | Urgent help for power loss, hot fixtures and circuit tripping, business outages and damaged outdoor power in Werombi, with 90-minute emergency response.",yes,yes,47,5,,,,,,
"Macarthur, Camden & Wollondilly",Wollondilly,Wilton,2571,/service-areas/macarthur-camden-and-wollondilly/wollondilly/wilton/,yes,Electrician Wilton 2571 | Emergency & Level 2,"Evaready helps Wilton with urgent faults, Level 2 ASP work, switchboards, hot water electrical, aircon, CCTV/data and planned electrical work.",Electrician Wilton 2571,2538,yes,yes,yes,yes,yes,yes,yes,yes,yes,yes,greater,within 90 minutes / 90-minute response,"90-minute response for urgent call-outs across greater regions. | For this suburb, urgent call-outs follow 90-minute emergency response. | Urgent help for power loss, hot fixtures and circuit tripping, business outages and damaged outdoor power in Wilton, with 90-minute emergency response. | Emergency call-outs in this region use 90-minute emergency response.",yes,yes,47,5,,,,,,
"Macarthur, Camden & Wollondilly",Wollondilly,Yanderra,2574,/service-areas/macarthur-camden-and-wollondilly/wollondilly/yanderra/,yes,Electrician Yanderra 2574 | Emergency & Level 2,"Evaready helps Yanderra with urgent faults, Level 2 ASP work, switchboards, hot water electrical, aircon, CCTV/data and planned electrical work.",Electrician Yanderra 2574,2529,yes,yes,yes,yes,yes,yes,yes,yes,yes,yes,greater,within 90 minutes / 90-minute response,"90-minute response for urgent call-outs across greater regions. | For this suburb, urgent call-outs follow 90-minute emergency response. | Urgent help for power loss, hot fixtures and circuit tripping, business outages and damaged outdoor power in Yanderra, with 90-minute emergency response. | Emergency call-outs in this region use 90-minute emergency response.",yes,yes,47,5,,,,,,
"Inner West, Burwood & Canada Bay",Burwood,Burwood,2134,/service-areas/inner-west-burwood-and-canada-bay/burwood/burwood/,yes,Electrician Burwood 2134 | Emergency & Level 2,"Need electrical help in Burwood 2134? Evaready Electrical helps with urgent electrical faults, lighting, power, switchboards, smoke alarms, data.",Electrician Burwood 2134,2557,yes,yes,yes,yes,yes,yes,yes,yes,yes,yes,core,within 60 minutes / 60-minute response,"60-minute response for urgent call-outs. | For this suburb, urgent call-outs follow 60-minute emergency response. | Urgent help for tripping safety switches and overheating power points and burning smells, older wiring faults and shop power issues in Burwood, with 60-minute emergency response. | Emergency call-outs in this region use 60-minute emergency response.",yes,yes,47,5,,,,,,
"Inner West, Burwood & Canada Bay",Burwood,Burwood Heights,2136,/service-areas/inner-west-burwood-and-canada-bay/burwood/burwood-heights/,yes,Electrician Burwood Heights 2136 | Emergency & Level 2,"Need an electrician in Burwood Heights? Evaready helps with emergency faults, Level 2 ASP work, switchboards, hot water, aircon, CCTV/data and general.",Electrician Burwood Heights 2136,2610,yes,yes,yes,yes,yes,yes,yes,yes,yes,yes,core,within 60 minutes / 60-minute response,"60-minute response for urgent call-outs. | For this suburb, urgent call-outs follow 60-minute emergency response. | Evaready provides 60-minute emergency response for emergency call-outs in this region. | Urgent help for tripping safety switches and overheating power points and burning smells, older wiring faults and shop power issues in Burwood Heights, with 60-minute emergency response.",yes,yes,47,5,,,,,,
"Inner West, Burwood & Canada Bay",Burwood,Enfield,2136,/service-areas/inner-west-burwood-and-canada-bay/burwood/enfield/,yes,Electrician Enfield 2136 | Emergency & Level 2,"Need an electrician in Enfield? Evaready helps with emergency faults, Level 2 ASP work, switchboards, hot water, aircon, CCTV/data and general.",Electrician Enfield 2136,2494,yes,yes,yes,yes,yes,yes,yes,yes,yes,yes,core,within 60 minutes / 60-minute response,"60-minute response for urgent call-outs. | For Enfield, emergency call-outs use 60-minute emergency response; call for unsafe faults, or send photos and details for planned work. | For this suburb, urgent call-outs follow 60-minute emergency response. | Urgent help for tripping safety switches and overheating power points and burning smells, older wiring faults and shop power issues in Enfield, with 60-minute emergency response.",yes,yes,47,5,,,,,,
"Inner West, Burwood & Canada Bay",Burwood,Strathfield,2135,/service-areas/inner-west-burwood-and-canada-bay/burwood/strathfield/,yes,Electrician Strathfield 2135 | Emergency & Level 2,"Need electrical help in Strathfield 2135? Evaready Electrical helps with electrical faults, switchboard upgrades, lighting, power, data, CCTV.",Electrician Strathfield 2135,2532,yes,yes,yes,yes,yes,yes,yes,yes,yes,yes,core,within 60 minutes / 60-minute response,"60-minute response for urgent call-outs. | For this suburb, urgent call-outs follow 60-minute emergency response. | Urgent help for tripping safety switches and overheating power points and burning smells, older wiring faults and shop power issues in Strathfield, with 60-minute emergency response. | Emergency call-outs in this region use 60-minute emergency response.",yes,yes,47,5,,,,,,
"Inner West, Burwood & Canada Bay",Canada Bay,Abbotsford,2046,/service-areas/inner-west-burwood-and-canada-bay/canada-bay/abbotsford/,yes,Electrician Abbotsford 2046 | Emergency & Level 2,"Need an electrician in Abbotsford? Evaready helps with emergency faults, Level 2 ASP work, switchboards, hot water, aircon, CCTV/data and general.",Electrician Abbotsford 2046,2524,yes,yes,yes,yes,yes,yes,yes,yes,yes,yes,core,within 60 minutes / 60-minute response,"60-minute response for urgent call-outs. | For Abbotsford, emergency call-outs use 60-minute emergency response; call for unsafe faults, or send photos and details for planned work. | For this suburb, urgent call-outs follow 60-minute emergency response. | Evaready provides 60-minute emergency response for emergency call-outs in this region.",yes,yes,47,5,,,,,,
"Inner West, Burwood & Canada Bay",Canada Bay,Breakfast Point,2137,/service-areas/inner-west-burwood-and-canada-bay/canada-bay/breakfast-point/,yes,Electrician Breakfast Point 2137 | Emergency & Level 2,"Evaready helps Breakfast Point with urgent faults, Level 2 ASP work, switchboards, hot water electrical, aircon, CCTV/data and planned electrical work.",Electrician Breakfast Point 2137,2594,yes,yes,yes,yes,yes,yes,yes,yes,yes,yes,core,within 60 minutes / 60-minute response,"60-minute response for urgent call-outs. | For Breakfast Point, emergency call-outs use 60-minute emergency response; call for unsafe faults, or send photos and details for planned work. | For this suburb, urgent call-outs follow 60-minute emergency response. | Urgent help for tripping safety switches and overheating power points and burning smells, older wiring faults and shop power issues in Breakfast Point, with 60-minute emergency response.",yes,yes,47,5,,,,,,
"Inner West, Burwood & Canada Bay",Canada Bay,Cabarita,2137,/service-areas/inner-west-burwood-and-canada-bay/canada-bay/cabarita/,yes,Electrician Cabarita 2137 | Emergency & Level 2,"Evaready helps Cabarita with urgent faults, Level 2 ASP work, switchboards, hot water electrical, aircon, CCTV/data and planned electrical work.",Electrician Cabarita 2137,2500,yes,yes,yes,yes,yes,yes,yes,yes,yes,yes,core,within 60 minutes / 60-minute response,"60-minute response for urgent call-outs. | For Cabarita, emergency call-outs use 60-minute emergency response; call for unsafe faults, or send photos and details for planned work. | For this suburb, urgent call-outs follow 60-minute emergency response. | Urgent help for tripping safety switches and overheating power points and burning smells, older wiring faults and shop power issues in Cabarita, with 60-minute emergency response.",yes,yes,47,5,,,,,,
"Inner West, Burwood & Canada Bay",Canada Bay,Canada Bay,2046,/service-areas/inner-west-burwood-and-canada-bay/canada-bay/canada-bay/,yes,Electrician Canada Bay 2046 | Emergency & Level 2,"Evaready helps Canada Bay with urgent faults, Level 2 ASP work, switchboards, hot water electrical, aircon, CCTV/data and planned electrical work.",Electrician Canada Bay 2046,2609,yes,yes,yes,yes,yes,yes,yes,yes,yes,yes,core,within 60 minutes / 60-minute response,"60-minute response for urgent call-outs. | For this suburb, urgent call-outs follow 60-minute emergency response. | Urgent help for tripping safety switches and overheating power points and burning smells, older wiring faults and shop power issues in Canada Bay, with 60-minute emergency response. | Emergency call-outs in this region use 60-minute emergency response.",yes,yes,47,5,,,,,,
"Inner West, Burwood & Canada Bay",Canada Bay,Chiswick,2046,/service-areas/inner-west-burwood-and-canada-bay/canada-bay/chiswick/,yes,Electrician Chiswick 2046 | Emergency & Level 2,"Need an electrician in Chiswick? Evaready helps with emergency faults, Level 2 ASP work, switchboards, hot water, aircon, CCTV/data and general.",Electrician Chiswick 2046,2534,yes,yes,yes,yes,yes,yes,yes,yes,yes,yes,core,within 60 minutes / 60-minute response,"60-minute response for urgent call-outs. | For this suburb, urgent call-outs follow 60-minute emergency response. | Urgent help for tripping safety switches and overheating power points and burning smells, older wiring faults and shop power issues in Chiswick, with 60-minute emergency response. | Emergency call-outs in this region use 60-minute emergency response.",yes,yes,47,5,,,,,,
"Inner West, Burwood & Canada Bay",Canada Bay,Concord,2137,/service-areas/inner-west-burwood-and-canada-bay/canada-bay/concord/,yes,Electrician Concord 2137 | Emergency & Level 2,"Evaready Electrical helps with faults, switchboards, lighting, power, smoke alarms, data, CCTV and Level 2 enquiries.",Electrician Concord 2137,2537,yes,yes,yes,yes,yes,yes,yes,yes,yes,yes,core,within 60 minutes / 60-minute response,"60-minute response for urgent call-outs. | For this suburb, urgent call-outs follow 60-minute emergency response. | Evaready provides 60-minute emergency response for emergency call-outs in this region. | Urgent help for tripping safety switches and overheating power points and burning smells, older wiring faults and shop power issues in Concord, with 60-minute emergency response.",yes,yes,47,5,,,,,,
"Inner West, Burwood & Canada Bay",Canada Bay,Concord West,2138,/service-areas/inner-west-burwood-and-canada-bay/canada-bay/concord-west/,yes,Electrician Concord West 2138 | Emergency & Level 2,"Need electrical help in Concord West 2138? Emergency faults, Level 2 ASP, switchboards, hot water, aircon, CCTV/data and general electrical work.",Electrician Concord West 2138,2601,yes,yes,yes,yes,yes,yes,yes,yes,yes,yes,core,within 60 minutes / 60-minute response,"60-minute response for urgent call-outs. | For this suburb, urgent call-outs follow 60-minute emergency response. | Urgent help for tripping safety switches and overheating power points and burning smells, older wiring faults and shop power issues in Concord West, with 60-minute emergency response. | Emergency call-outs in this region use 60-minute emergency response.",yes,yes,47,5,,,,,,
"Inner West, Burwood & Canada Bay",Canada Bay,Drummoyne,2047,/service-areas/inner-west-burwood-and-canada-bay/canada-bay/drummoyne/,yes,Electrician Drummoyne 2047 | Emergency & Level 2,"Evaready helps Drummoyne with urgent faults, Level 2 ASP work, switchboards, hot water electrical, aircon, CCTV/data and planned electrical work.",Electrician Drummoyne 2047,2516,yes,yes,yes,yes,yes,yes,yes,yes,yes,yes,core,within 60 minutes / 60-minute response,"60-minute response for urgent call-outs. | For this suburb, urgent call-outs follow 60-minute emergency response. | Urgent help for tripping safety switches and overheating power points and burning smells, older wiring faults and shop power issues in Drummoyne, with 60-minute emergency response. | Emergency call-outs in this region use 60-minute emergency response.",yes,yes,47,5,,,,,,
"Inner West, Burwood & Canada Bay",Canada Bay,Five Dock,2046,/service-areas/inner-west-burwood-and-canada-bay/canada-bay/five-dock/,yes,Electrician Five Dock 2046 | Emergency & Level 2,"Evaready Electrical helps with urgent faults, switchboards, lighting, power, smoke alarms, data cabling and maintenance.",Electrician Five Dock 2046,2635,yes,yes,yes,yes,yes,yes,yes,yes,yes,yes,core,within 60 minutes / 60-minute response,"60-minute response for urgent call-outs. | For this suburb, urgent call-outs follow 60-minute emergency response. | Evaready provides 60-minute emergency response for emergency call-outs in this region. | Urgent help for tripping safety switches and overheating power points and burning smells, older wiring faults and shop power issues in Five Dock, with 60-minute emergency response.",yes,yes,47,5,,,,,,
"Inner West, Burwood & Canada Bay",Canada Bay,Liberty Grove,2138,/service-areas/inner-west-burwood-and-canada-bay/canada-bay/liberty-grove/,yes,Electrician Liberty Grove 2138 | Emergency & Level 2,"Evaready helps Liberty Grove with urgent faults, Level 2 ASP work, switchboards, hot water electrical, aircon, CCTV/data and planned electrical work.",Electrician Liberty Grove 2138,2603,yes,yes,yes,yes,yes,yes,yes,yes,yes,yes,core,within 60 minutes / 60-minute response,"60-minute response for urgent call-outs. | For this suburb, urgent call-outs follow 60-minute emergency response. | Urgent help for tripping safety switches and overheating power points and burning smells, older wiring faults and shop power issues in Liberty Grove, with 60-minute emergency response. | Emergency call-outs in this region use 60-minute emergency response.",yes,yes,47,5,,,,,,
"Inner West, Burwood & Canada Bay",Canada Bay,Mortlake,2137,/service-areas/inner-west-burwood-and-canada-bay/canada-bay/mortlake/,yes,Electrician Mortlake 2137 | Emergency & Level 2,"Need electrical help in Mortlake 2137? Emergency faults, Level 2 ASP, switchboards, hot water, aircon, CCTV/data and general electrical work across.",Electrician Mortlake 2137,2514,yes,yes,yes,yes,yes,yes,yes,yes,yes,yes,core,within 60 minutes / 60-minute response,"60-minute response for urgent call-outs. | For this suburb, urgent call-outs follow 60-minute emergency response. | Urgent help for tripping safety switches and overheating power points and burning smells, older wiring faults and shop power issues in Mortlake, with 60-minute emergency response. | Emergency call-outs in this region use 60-minute emergency response.",yes,yes,47,5,,,,,,
"Inner West, Burwood & Canada Bay",Canada Bay,North Strathfield,2137,/service-areas/inner-west-burwood-and-canada-bay/canada-bay/north-strathfield/,yes,Electrician North Strathfield 2137 | Emergency & Level 2,"Need an electrician in North Strathfield? Evaready helps with emergency faults, Level 2 ASP work, switchboards, hot water, aircon, CCTV/data.",Electrician North Strathfield 2137,2618,yes,yes,yes,yes,yes,yes,yes,yes,yes,yes,core,within 60 minutes / 60-minute response,"60-minute response for urgent call-outs. | For this suburb, urgent call-outs follow 60-minute emergency response. | Urgent help for tripping safety switches and overheating power points and burning smells, older wiring faults and shop power issues in North Strathfield, with 60-minute emergency response. | Emergency call-outs in this region use 60-minute emergency response.",yes,yes,47,5,,,,,,
"Inner West, Burwood & Canada Bay",Canada Bay,Rhodes,2138,/service-areas/inner-west-burwood-and-canada-bay/canada-bay/rhodes/,yes,Electrician Rhodes 2138 | Emergency & Level 2,"Need electrical help in Rhodes 2138? Emergency faults, Level 2 ASP, switchboards, hot water, aircon, CCTV/data and general electrical work across.",Electrician Rhodes 2138,2511,yes,yes,yes,yes,yes,yes,yes,yes,yes,yes,core,within 60 minutes / 60-minute response,"60-minute response for urgent call-outs. | For this suburb, urgent call-outs follow 60-minute emergency response. | Urgent help for tripping safety switches and overheating power points and burning smells, older wiring faults and shop power issues in Rhodes, with 60-minute emergency response. | Emergency call-outs in this region use 60-minute emergency response.",yes,yes,47,5,,,,,,
"Inner West, Burwood & Canada Bay",Canada Bay,Rodd Point,2046,/service-areas/inner-west-burwood-and-canada-bay/canada-bay/rodd-point/,yes,Electrician Rodd Point 2046 | Emergency & Level 2,"Need electrical help in Rodd Point 2046? Emergency faults, Level 2 ASP, switchboards, hot water, aircon, CCTV/data and general electrical work across.",Electrician Rodd Point 2046,2622,yes,yes,yes,yes,yes,yes,yes,yes,yes,yes,core,within 60 minutes / 60-minute response,"60-minute response for urgent call-outs. | For this suburb, urgent call-outs follow 60-minute emergency response. | Evaready provides 60-minute emergency response for emergency call-outs in this region. | Urgent help for tripping safety switches and overheating power points and burning smells, older wiring faults and shop power issues in Rodd Point, with 60-minute emergency response.",yes,yes,47,5,,,,,,
"Inner West, Burwood & Canada Bay",Canada Bay,Russell Lea,2046,/service-areas/inner-west-burwood-and-canada-bay/canada-bay/russell-lea/,yes,Electrician Russell Lea 2046 | Emergency & Level 2,"Evaready helps Russell Lea with urgent faults, Level 2 ASP work, switchboards, hot water electrical, aircon, CCTV/data and planned electrical work.",Electrician Russell Lea 2046,2588,yes,yes,yes,yes,yes,yes,yes,yes,yes,yes,core,within 60 minutes / 60-minute response,"60-minute response for urgent call-outs. | For this suburb, urgent call-outs follow 60-minute emergency response. | Evaready provides 60-minute emergency response for emergency call-outs in this region. | Urgent help for tripping safety switches and overheating power points and burning smells, older wiring faults and shop power issues in Russell Lea, with 60-minute emergency response.",yes,yes,47,5,,,,,,
"Inner West, Burwood & Canada Bay",Canada Bay,Wareemba,2046,/service-areas/inner-west-burwood-and-canada-bay/canada-bay/wareemba/,yes,Electrician Wareemba 2046 | Emergency & Level 2,"Need an electrician in Wareemba? Evaready helps with emergency faults, Level 2 ASP work, switchboards, hot water, aircon, CCTV/data and general.",Electrician Wareemba 2046,2511,yes,yes,yes,yes,yes,yes,yes,yes,yes,yes,core,within 60 minutes / 60-minute response,"60-minute response for urgent call-outs. | For this suburb, urgent call-outs follow 60-minute emergency response. | Urgent help for tripping safety switches and overheating power points and burning smells, older wiring faults and shop power issues in Wareemba, with 60-minute emergency response. | Emergency call-outs in this region use 60-minute emergency response.",yes,yes,47,5,,,,,,
"Inner West, Burwood & Canada Bay",Inner West,Annandale,2038,/service-areas/inner-west-burwood-and-canada-bay/inner-west/annandale/,yes,Electrician Annandale 2038 | Emergency & Level 2,"Evaready helps Annandale with urgent faults, Level 2 ASP work, switchboards, hot water electrical, aircon, CCTV/data and planned electrical work.",Electrician Annandale 2038,2526,yes,yes,yes,yes,yes,yes,yes,yes,yes,yes,core,within 60 minutes / 60-minute response,"60-minute response for urgent call-outs. | For Annandale, emergency call-outs use 60-minute emergency response; call for unsafe faults, or send photos and details for planned work. | For this suburb, urgent call-outs follow 60-minute emergency response. | Urgent help for tripping safety switches and overheating power points and burning smells, older wiring faults and shop power issues in Annandale, with 60-minute emergency response.",yes,yes,47,5,,,,,,
"Inner West, Burwood & Canada Bay",Inner West,Ashbury,2193,/service-areas/inner-west-burwood-and-canada-bay/inner-west/ashbury/,yes,Electrician Ashbury 2193 | Emergency & Level 2,"Need electrical help in Ashbury 2193? Emergency faults, Level 2 ASP, switchboards, hot water, aircon, CCTV/data and general electrical work across.",Electrician Ashbury 2193,2539,yes,yes,yes,yes,yes,yes,yes,yes,yes,yes,core,within 60 minutes / 60-minute response,"60-minute response for urgent call-outs. | For this suburb, urgent call-outs follow 60-minute emergency response. | Urgent help for tripping safety switches and overheating power points and burning smells, older wiring faults and shop power issues in Ashbury, with 60-minute emergency response. | Emergency call-outs in this region use 60-minute emergency response.",yes,yes,47,5,,,,,,
"Inner West, Burwood & Canada Bay",Inner West,Ashfield,2131,/service-areas/inner-west-burwood-and-canada-bay/inner-west/ashfield/,yes,Electrician Ashfield 2131 | Emergency & Level 2,"Need an electrician in Ashfield? Evaready Electrical helps with electrical faults, switchboards, lighting, power points, smoke alarms, data, CCTV.",Electrician Ashfield 2131,2521,yes,yes,yes,yes,yes,yes,yes,yes,yes,yes,core,within 60 minutes / 60-minute response,"60-minute response for urgent call-outs. | For this suburb, urgent call-outs follow 60-minute emergency response. | Urgent help for tripping safety switches and overheating power points and burning smells, older wiring faults and shop power issues in Ashfield, with 60-minute emergency response. | Emergency call-outs in this region use 60-minute emergency response.",yes,yes,47,5,,,,,,
"Inner West, Burwood & Canada Bay",Inner West,Balmain,2041,/service-areas/inner-west-burwood-and-canada-bay/inner-west/balmain/,yes,Electrician Balmain 2041 | Emergency & Level 2,"Need an electrician in Balmain? Evaready helps with emergency faults, Level 2 ASP work, switchboards, hot water, aircon, CCTV/data and general.",Electrician Balmain 2041,2541,yes,yes,yes,yes,yes,yes,yes,yes,yes,yes,core,within 60 minutes / 60-minute response,"60-minute response for urgent call-outs. | For this suburb, urgent call-outs follow 60-minute emergency response. | Urgent help for tripping safety switches and overheating power points and burning smells, older wiring faults and shop power issues in Balmain, with 60-minute emergency response. | Emergency call-outs in this region use 60-minute emergency response.",yes,yes,47,5,,,,,,
"Inner West, Burwood & Canada Bay",Inner West,Balmain East,2041,/service-areas/inner-west-burwood-and-canada-bay/inner-west/balmain-east/,yes,Electrician Balmain East 2041 | Emergency & Level 2,"Need an electrician in Balmain East? Evaready helps with emergency faults, Level 2 ASP work, switchboards, hot water, aircon, CCTV/data and general.",Electrician Balmain East 2041,2583,yes,yes,yes,yes,yes,yes,yes,yes,yes,yes,core,within 60 minutes / 60-minute response,"60-minute response for urgent call-outs. | For this suburb, urgent call-outs follow 60-minute emergency response. | Evaready provides 60-minute emergency response for emergency call-outs in this region. | Urgent help for tripping safety switches and overheating power points and burning smells, older wiring faults and shop power issues in Balmain East, with 60-minute emergency response.",yes,yes,47,5,,,,,,
"Inner West, Burwood & Canada Bay",Inner West,Birchgrove,2041,/service-areas/inner-west-burwood-and-canada-bay/inner-west/birchgrove/,yes,Electrician Birchgrove 2041 | Emergency & Level 2,"Evaready helps Birchgrove with urgent faults, Level 2 ASP work, switchboards, hot water electrical, aircon, CCTV/data and planned electrical work.",Electrician Birchgrove 2041,2542,yes,yes,yes,yes,yes,yes,yes,yes,yes,yes,core,within 60 minutes / 60-minute response,"60-minute response for urgent call-outs. | For this suburb, urgent call-outs follow 60-minute emergency response. | Urgent help for tripping safety switches and overheating power points and burning smells, older wiring faults and shop power issues in Birchgrove, with 60-minute emergency response. | Emergency call-outs in this region use 60-minute emergency response.",yes,yes,47,5,,,,,,
"Inner West, Burwood & Canada Bay",Inner West,Camperdown,2050,/service-areas/inner-west-burwood-and-canada-bay/inner-west/camperdown/,yes,Electrician Camperdown 2050 | Emergency & Level 2,"Need electrical help in Camperdown 2050? Evaready Electrical helps with urgent faults, lighting, power, switchboards, data, CCTV and Level 2 enquiries.",Electrician Camperdown 2050,2497,yes,yes,yes,yes,yes,yes,yes,yes,yes,yes,core,within 60 minutes / 60-minute response,"60-minute response for urgent call-outs. | For this suburb, urgent call-outs follow 60-minute emergency response. | Urgent help for tripping safety switches and overheating power points and burning smells, older wiring faults and shop power issues in Camperdown, with 60-minute emergency response. | Emergency call-outs in this region use 60-minute emergency response.",yes,yes,47,5,,,,,,
"Inner West, Burwood & Canada Bay",Inner West,Croydon,2132,/service-areas/inner-west-burwood-and-canada-bay/inner-west/croydon/,yes,Electrician Croydon 2132 | Emergency & Level 2,"Need electrical help in Croydon 2132? Emergency faults, Level 2 ASP, switchboards, hot water, aircon, CCTV/data and general electrical work across.",Electrician Croydon 2132,2528,yes,yes,yes,yes,yes,yes,yes,yes,yes,yes,core,within 60 minutes / 60-minute response,"60-minute response for urgent call-outs. | For this suburb, urgent call-outs follow 60-minute emergency response. | Urgent help for tripping safety switches and overheating power points and burning smells, older wiring faults and shop power issues in Croydon, with 60-minute emergency response. | Emergency call-outs in this region use 60-minute emergency response.",yes,yes,47,5,,,,,,
"Inner West, Burwood & Canada Bay",Inner West,Croydon Park,2133,/service-areas/inner-west-burwood-and-canada-bay/inner-west/croydon-park/,yes,Electrician Croydon Park 2133 | Emergency & Level 2,"Need an electrician in Croydon Park? Evaready helps with emergency faults, Level 2 ASP work, switchboards, hot water, aircon, CCTV/data and general.",Electrician Croydon Park 2133,2651,yes,yes,yes,yes,yes,yes,yes,yes,yes,yes,core,within 60 minutes / 60-minute response,"60-minute response for urgent call-outs. | For this suburb, urgent call-outs follow 60-minute emergency response. | Evaready provides 60-minute emergency response for emergency call-outs in this region. | Urgent help for tripping safety switches and overheating power points and burning smells, older wiring faults and shop power issues in Croydon Park, with 60-minute emergency response.",yes,yes,47,5,,,,,,
"Inner West, Burwood & Canada Bay",Inner West,Dulwich Hill,2203,/service-areas/inner-west-burwood-and-canada-bay/inner-west/dulwich-hill/,yes,Electrician Dulwich Hill 2203 | Emergency & Level 2,"Evaready helps Dulwich Hill with urgent faults, Level 2 ASP work, switchboards, hot water electrical, aircon, CCTV/data and planned electrical work.",Electrician Dulwich Hill 2203,2604,yes,yes,yes,yes,yes,yes,yes,yes,yes,yes,core,within 60 minutes / 60-minute response,"60-minute response for urgent call-outs. | For this suburb, urgent call-outs follow 60-minute emergency response. | Urgent help for tripping safety switches and overheating power points and burning smells, older wiring faults and shop power issues in Dulwich Hill, with 60-minute emergency response. | Emergency call-outs in this region use 60-minute emergency response.",yes,yes,47,5,,,,,,
"Inner West, Burwood & Canada Bay",Inner West,Enmore,2042,/service-areas/inner-west-burwood-and-canada-bay/inner-west/enmore/,yes,Electrician Enmore 2042 | Emergency & Level 2,"Need electrical help in Enmore 2042? Emergency faults, Level 2 ASP, switchboards, hot water, aircon, CCTV/data and general electrical work across.",Electrician Enmore 2042,2515,yes,yes,yes,yes,yes,yes,yes,yes,yes,yes,core,within 60 minutes / 60-minute response,"60-minute response for urgent call-outs. | For this suburb, urgent call-outs follow 60-minute emergency response. | Evaready provides 60-minute emergency response for emergency call-outs in this region. | Urgent help for tripping safety switches and overheating power points and burning smells, older wiring faults and shop power issues in Enmore, with 60-minute emergency response.",yes,yes,47,5,,,,,,
"Inner West, Burwood & Canada Bay",Inner West,Haberfield,2045,/service-areas/inner-west-burwood-and-canada-bay/inner-west/haberfield/,yes,Electrician Haberfield 2045 | Emergency & Level 2,"Need electrical help in Haberfield 2045? Emergency faults, Level 2 ASP, switchboards, hot water, aircon, CCTV/data and general electrical work across.",Electrician Haberfield 2045,2530,yes,yes,yes,yes,yes,yes,yes,yes,yes,yes,core,within 60 minutes / 60-minute response,"60-minute response for urgent call-outs. | For this suburb, urgent call-outs follow 60-minute emergency response. | Urgent help for tripping safety switches and overheating power points and burning smells, older wiring faults and shop power issues in Haberfield, with 60-minute emergency response. | Emergency call-outs in this region use 60-minute emergency response.",yes,yes,47,5,,,,,,
"Inner West, Burwood & Canada Bay",Inner West,Hurlstone Park,2193,/service-areas/inner-west-burwood-and-canada-bay/inner-west/hurlstone-park/,yes,Electrician Hurlstone Park 2193 | Emergency & Level 2,"Evaready helps Hurlstone Park with urgent faults, Level 2 ASP work, switchboards, hot water electrical, aircon, CCTV/data and planned electrical work.",Electrician Hurlstone Park 2193,2592,yes,yes,yes,yes,yes,yes,yes,yes,yes,yes,core,within 60 minutes / 60-minute response,"60-minute response for urgent call-outs. | For this suburb, urgent call-outs follow 60-minute emergency response. | Urgent help for tripping safety switches and overheating power points and burning smells, older wiring faults and shop power issues in Hurlstone Park, with 60-minute emergency response. | Emergency call-outs in this region use 60-minute emergency response.",yes,yes,47,5,,,,,,
"Inner West, Burwood & Canada Bay",Inner West,Leichhardt,2040,/service-areas/inner-west-burwood-and-canada-bay/inner-west/leichhardt/,yes,Electrician Leichhardt 2040 | Emergency & Level 2,"Need electrical help in Leichhardt 2040? Evaready Electrical helps with lighting, power, fault finding, switchboards, smoke alarms, data cabling.",Electrician Leichhardt 2040,2511,yes,yes,yes,yes,yes,yes,yes,yes,yes,yes,core,within 60 minutes / 60-minute response,"60-minute response for urgent call-outs. | For this suburb, urgent call-outs follow 60-minute emergency response. | Urgent help for tripping safety switches and overheating power points and burning smells, older wiring faults and shop power issues in Leichhardt, with 60-minute emergency response. | Emergency call-outs in this region use 60-minute emergency response.",yes,yes,47,5,,,,,,
"Inner West, Burwood & Canada Bay",Inner West,Lewisham,2049,/service-areas/inner-west-burwood-and-canada-bay/inner-west/lewisham/,yes,Electrician Lewisham 2049 | Emergency & Level 2,"Need an electrician in Lewisham? Evaready helps with emergency faults, Level 2 ASP work, switchboards, hot water, aircon, CCTV/data and general.",Electrician Lewisham 2049,2495,yes,yes,yes,yes,yes,yes,yes,yes,yes,yes,core,within 60 minutes / 60-minute response,"60-minute response for urgent call-outs. | For Lewisham, emergency call-outs use 60-minute emergency response; call for unsafe faults, or send photos and details for planned work. | For this suburb, urgent call-outs follow 60-minute emergency response. | Urgent help for tripping safety switches and overheating power points and burning smells, older wiring faults and shop power issues in Lewisham, with 60-minute emergency response.",yes,yes,47,5,,,,,,
"Inner West, Burwood & Canada Bay",Inner West,Lilyfield,2040,/service-areas/inner-west-burwood-and-canada-bay/inner-west/lilyfield/,yes,Electrician Lilyfield 2040 | Emergency & Level 2,"Need an electrician in Lilyfield? Evaready helps with emergency faults, Level 2 ASP work, switchboards, hot water, aircon, CCTV/data and general.",Electrician Lilyfield 2040,2505,yes,yes,yes,yes,yes,yes,yes,yes,yes,yes,core,within 60 minutes / 60-minute response,"60-minute response for urgent call-outs. | For Lilyfield, emergency call-outs use 60-minute emergency response; call for unsafe faults, or send photos and details for planned work. | For this suburb, urgent call-outs follow 60-minute emergency response. | Evaready provides 60-minute emergency response for emergency call-outs in this region.",yes,yes,47,5,,,,,,
"Inner West, Burwood & Canada Bay",Inner West,Marrickville,2204,/service-areas/inner-west-burwood-and-canada-bay/inner-west/marrickville/,yes,Electrician Marrickville 2204 | Emergency & Level 2,"Evaready Electrical helps with emergency faults, commercial maintenance, switchboards, lighting, power, data and CCTV.",Electrician Marrickville 2204,2573,yes,yes,yes,yes,yes,yes,yes,yes,yes,yes,core,within 60 minutes / 60-minute response,"60-minute response for urgent call-outs. | For this suburb, urgent call-outs follow 60-minute emergency response. | Urgent help for tripping safety switches and overheating power points and burning smells, older wiring faults and shop power issues in Marrickville, with 60-minute emergency response. | Emergency call-outs in this region use 60-minute emergency response.",yes,yes,47,5,,,,,,
"Inner West, Burwood & Canada Bay",Inner West,Newtown,2042,/service-areas/inner-west-burwood-and-canada-bay/inner-west/newtown/,yes,Electrician Newtown 2042 | Emergency & Level 2,"Need electrical help in Newtown 2042? Evaready Electrical helps with urgent electrical faults, switchboards, lighting, power, data cabling, smoke.",Electrician Newtown 2042,2557,yes,yes,yes,yes,yes,yes,yes,yes,yes,yes,core,within 60 minutes / 60-minute response,"60-minute response for urgent call-outs. | For this suburb, urgent call-outs follow 60-minute emergency response. | Urgent help for tripping safety switches and overheating power points and burning smells, older wiring faults and shop power issues in Newtown, with 60-minute emergency response. | Emergency call-outs in this region use 60-minute emergency response.",yes,yes,47,5,,,,,,
"Inner West, Burwood & Canada Bay",Inner West,Petersham,2049,/service-areas/inner-west-burwood-and-canada-bay/inner-west/petersham/,yes,Electrician Petersham 2049 | Emergency & Level 2,"Need electrical help in Petersham 2049? Emergency faults, Level 2 ASP, switchboards, hot water, aircon, CCTV/data and general electrical work across.",Electrician Petersham 2049,2536,yes,yes,yes,yes,yes,yes,yes,yes,yes,yes,core,within 60 minutes / 60-minute response,"60-minute response for urgent call-outs. | For this suburb, urgent call-outs follow 60-minute emergency response. | Evaready provides 60-minute emergency response for emergency call-outs in this region. | Urgent help for tripping safety switches and overheating power points and burning smells, older wiring faults and shop power issues in Petersham, with 60-minute emergency response.",yes,yes,47,5,,,,,,
"Inner West, Burwood & Canada Bay",Inner West,Rozelle,2039,/service-areas/inner-west-burwood-and-canada-bay/inner-west/rozelle/,yes,Electrician Rozelle 2039 | Emergency & Level 2,"Need an electrician in Rozelle? Evaready helps with emergency faults, Level 2 ASP work, switchboards, hot water, aircon, CCTV/data and general.",Electrician Rozelle 2039,2520,yes,yes,yes,yes,yes,yes,yes,yes,yes,yes,core,within 60 minutes / 60-minute response,"60-minute response for urgent call-outs. | For this suburb, urgent call-outs follow 60-minute emergency response. | Evaready provides 60-minute emergency response for emergency call-outs in this region. | Urgent help for tripping safety switches and overheating power points and burning smells, older wiring faults and shop power issues in Rozelle, with 60-minute emergency response.",yes,yes,47,5,,,,,,
"Inner West, Burwood & Canada Bay",Inner West,St Peters,2044,/service-areas/inner-west-burwood-and-canada-bay/inner-west/st-peters/,yes,Electrician St Peters 2044 | Emergency & Level 2,"Need electrical help in St Peters 2044? Emergency faults, Level 2 ASP, switchboards, hot water, aircon, CCTV/data and general electrical work across.",Electrician St Peters 2044,2600,yes,yes,yes,yes,yes,yes,yes,yes,yes,yes,core,within 60 minutes / 60-minute response,"60-minute response for urgent call-outs. | For St Peters, emergency call-outs use 60-minute emergency response; call for unsafe faults, or send photos and details for planned work. | For this suburb, urgent call-outs follow 60-minute emergency response. | Urgent help for tripping safety switches and overheating power points and burning smells, older wiring faults and shop power issues in St Peters, with 60-minute emergency response.",yes,yes,47,5,,,,,,
"Inner West, Burwood & Canada Bay",Inner West,Stanmore,2048,/service-areas/inner-west-burwood-and-canada-bay/inner-west/stanmore/,yes,Electrician Stanmore 2048 | Emergency & Level 2,"Evaready helps Stanmore with urgent faults, Level 2 ASP work, switchboards, hot water electrical, aircon, CCTV/data and planned electrical work.",Electrician Stanmore 2048,2515,yes,yes,yes,yes,yes,yes,yes,yes,yes,yes,core,within 60 minutes / 60-minute response,"60-minute response for urgent call-outs. | For this suburb, urgent call-outs follow 60-minute emergency response. | Urgent help for tripping safety switches and overheating power points and burning smells, older wiring faults and shop power issues in Stanmore, with 60-minute emergency response. | Emergency call-outs in this region use 60-minute emergency response.",yes,yes,47,5,,,,,,
"Inner West, Burwood & Canada Bay",Inner West,Summer Hill,2130,/service-areas/inner-west-burwood-and-canada-bay/inner-west/summer-hill/,yes,Electrician Summer Hill 2130 | Emergency & Level 2,"Need an electrician in Summer Hill? Evaready helps with emergency faults, Level 2 ASP work, switchboards, hot water, aircon, CCTV/data and general.",Electrician Summer Hill 2130,2582,yes,yes,yes,yes,yes,yes,yes,yes,yes,yes,core,within 60 minutes / 60-minute response,"60-minute response for urgent call-outs. | For Summer Hill, emergency call-outs use 60-minute emergency response; call for unsafe faults, or send photos and details for planned work. | For this suburb, urgent call-outs follow 60-minute emergency response. | Evaready provides 60-minute emergency response for emergency call-outs in this region.",yes,yes,47,5,,,,,,
"Inner West, Burwood & Canada Bay",Inner West,Sydenham,2044,/service-areas/inner-west-burwood-and-canada-bay/inner-west/sydenham/,yes,Electrician Sydenham 2044 | Emergency & Level 2,"Need an electrician in Sydenham? Evaready helps with emergency faults, Level 2 ASP work, switchboards, hot water, aircon, CCTV/data and general.",Electrician Sydenham 2044,2508,yes,yes,yes,yes,yes,yes,yes,yes,yes,yes,core,within 60 minutes / 60-minute response,"60-minute response for urgent call-outs. | For this suburb, urgent call-outs follow 60-minute emergency response. | Urgent help for tripping safety switches and overheating power points and burning smells, older wiring faults and shop power issues in Sydenham, with 60-minute emergency response. | Emergency call-outs in this region use 60-minute emergency response.",yes,yes,47,5,,,,,,
"Inner West, Burwood & Canada Bay",Inner West,Tempe,2044,/service-areas/inner-west-burwood-and-canada-bay/inner-west/tempe/,yes,Electrician Tempe 2044 | Emergency & Level 2,"Evaready helps Tempe with urgent faults, Level 2 ASP work, switchboards, hot water electrical, aircon, CCTV/data and planned electrical work.",Electrician Tempe 2044,2518,yes,yes,yes,yes,yes,yes,yes,yes,yes,yes,core,within 60 minutes / 60-minute response,"60-minute response for urgent call-outs. | For this suburb, urgent call-outs follow 60-minute emergency response. | Evaready provides 60-minute emergency response for emergency call-outs in this region. | Urgent help for tripping safety switches and overheating power points and burning smells, older wiring faults and shop power issues in Tempe, with 60-minute emergency response.",yes,yes,47,5,,,,,,
"Inner West, Burwood & Canada Bay",Strathfield,Homebush,2140,/service-areas/inner-west-burwood-and-canada-bay/strathfield/homebush/,yes,Electrician Homebush 2140 | Emergency & Level 2,"Need an electrician in Homebush? Evaready Electrical helps with fault finding, switchboards, lighting, power, data, CCTV and Level 2 support.",Electrician Homebush 2140,2549,yes,yes,yes,yes,yes,yes,yes,yes,yes,yes,core,within 60 minutes / 60-minute response,"60-minute response for urgent call-outs. | For this suburb, urgent call-outs follow 60-minute emergency response. | Urgent help for tripping safety switches and overheating power points and burning smells, older wiring faults and shop power issues in Homebush, with 60-minute emergency response. | Emergency call-outs in this region use 60-minute emergency response.",yes,yes,47,5,,,,,,
"Inner West, Burwood & Canada Bay",Strathfield,Homebush West,2140,/service-areas/inner-west-burwood-and-canada-bay/strathfield/homebush-west/,yes,Electrician Homebush West 2140 | Emergency & Level 2,"Evaready helps Homebush West with urgent faults, Level 2 ASP work, switchboards, hot water electrical, aircon, CCTV/data and planned electrical work.",Electrician Homebush West 2140,2585,yes,yes,yes,yes,yes,yes,yes,yes,yes,yes,core,within 60 minutes / 60-minute response,"60-minute response for urgent call-outs. | For Homebush West, emergency call-outs use 60-minute emergency response; call for unsafe faults, or send photos and details for planned work. | For this suburb, urgent call-outs follow 60-minute emergency response. | Urgent help for tripping safety switches and overheating power points and burning smells, older wiring faults and shop power issues in Homebush West, with 60-minute emergency response.",yes,yes,47,5,,,,,,
"Inner West, Burwood & Canada Bay",Strathfield,Strathfield South,2136,/service-areas/inner-west-burwood-and-canada-bay/strathfield/strathfield-south/,yes,Electrician Strathfield South 2136 | Emergency & Level 2,"Need an electrician in Strathfield South? Evaready helps with emergency faults, Level 2 ASP work, switchboards, hot water, aircon, CCTV/data.",Electrician Strathfield South 2136,2601,yes,yes,yes,yes,yes,yes,yes,yes,yes,yes,core,within 60 minutes / 60-minute response,"60-minute response for urgent call-outs. | For this suburb, urgent call-outs follow 60-minute emergency response. | Urgent help for tripping safety switches and overheating power points and burning smells, older wiring faults and shop power issues in Strathfield South, with 60-minute emergency response. | Emergency call-outs in this region use 60-minute emergency response.",yes,yes,47,5,,,,,,
Sydney City & Eastern Suburbs,Randwick,Centennial Park,2021,/service-areas/sydney-city-and-eastern-suburbs/randwick/centennial-park/,yes,Electrician Centennial Park 2021 | Emergency & Level 2,"Evaready helps Centennial Park with urgent faults, Level 2 ASP work, switchboards, hot water electrical, aircon, CCTV/data and planned electrical work.",Electrician Centennial Park 2021,2585,yes,yes,yes,yes,yes,yes,yes,yes,yes,yes,core,within 60 minutes / 60-minute response,"60-minute response for urgent call-outs. | For this suburb, urgent call-outs follow 60-minute emergency response. | Urgent help for storm-related faults, water-affected fixtures, tripping safety switches and unsafe outdoor power in Centennial Park, with 60-minute emergency response. | Emergency call-outs in this region use 60-minute emergency response.",yes,yes,47,5,,,,,,
Sydney City & Eastern Suburbs,Randwick,Chifley,2036,/service-areas/sydney-city-and-eastern-suburbs/randwick/chifley/,yes,Electrician Chifley 2036 | Emergency & Level 2,"Evaready helps Chifley with urgent faults, Level 2 ASP work, switchboards, hot water electrical, aircon, CCTV/data and planned electrical work.",Electrician Chifley 2036,2481,yes,yes,yes,yes,yes,yes,yes,yes,yes,yes,core,within 60 minutes / 60-minute response,"60-minute response for urgent call-outs. | For this suburb, urgent call-outs follow 60-minute emergency response. | Urgent help for storm-related faults, water-affected fixtures, tripping safety switches and unsafe outdoor power in Chifley, with 60-minute emergency response. | Emergency call-outs in this region use 60-minute emergency response.",yes,yes,47,5,,,,,,
Sydney City & Eastern Suburbs,Randwick,Clovelly,2031,/service-areas/sydney-city-and-eastern-suburbs/randwick/clovelly/,yes,Electrician Clovelly 2031 | Emergency & Level 2,"Need an electrician in Clovelly? Evaready helps with emergency faults, Level 2 ASP work, switchboards, hot water, aircon, CCTV/data and general.",Electrician Clovelly 2031,2489,yes,yes,yes,yes,yes,yes,yes,yes,yes,yes,core,within 60 minutes / 60-minute response,"60-minute response for urgent call-outs. | For this suburb, urgent call-outs follow 60-minute emergency response. | Urgent help for storm-related faults, water-affected fixtures, tripping safety switches and unsafe outdoor power in Clovelly, with 60-minute emergency response. | Emergency call-outs in this region use 60-minute emergency response.",yes,yes,47,5,,,,,,
Sydney City & Eastern Suburbs,Randwick,Coogee,2034,/service-areas/sydney-city-and-eastern-suburbs/randwick/coogee/,yes,Electrician Coogee 2034 | Emergency & Level 2,"Need an electrician in Coogee? Evaready Electrical helps with coastal electrical faults, outdoor lighting, switchboard upgrades, smoke alarms, power.",Electrician Coogee 2034,2425,yes,yes,yes,yes,yes,yes,yes,yes,yes,yes,core,within 60 minutes / 60-minute response,"60-minute response for urgent call-outs. | For this suburb, urgent call-outs follow 60-minute emergency response. | Urgent help for storm-related faults, water-affected fixtures, tripping safety switches and unsafe outdoor power in Coogee, with 60-minute emergency response. | Emergency call-outs in this region use 60-minute emergency response.",yes,yes,47,5,,,,,,
Sydney City & Eastern Suburbs,Randwick,Kensington,2033,/service-areas/sydney-city-and-eastern-suburbs/randwick/kensington/,yes,Electrician Kensington 2033 | Emergency & Level 2,"Evaready helps Kensington with urgent faults, Level 2 ASP work, switchboards, hot water electrical, aircon, CCTV/data and planned electrical work.",Electrician Kensington 2033,2516,yes,yes,yes,yes,yes,yes,yes,yes,yes,yes,core,within 60 minutes / 60-minute response,"60-minute response for urgent call-outs. | For this suburb, urgent call-outs follow 60-minute emergency response. | Evaready provides 60-minute emergency response for emergency call-outs in this region. | Urgent help for storm-related faults, water-affected fixtures, tripping safety switches and unsafe outdoor power in Kensington, with 60-minute emergency response.",yes,yes,47,5,,,,,,
Sydney City & Eastern Suburbs,Randwick,Kingsford,2032,/service-areas/sydney-city-and-eastern-suburbs/randwick/kingsford/,yes,Electrician Kingsford 2032 | Emergency & Level 2,"Need electrical help in Kingsford 2032? Emergency faults, Level 2 ASP, switchboards, hot water, aircon, CCTV/data and general electrical work across.",Electrician Kingsford 2032,2468,yes,yes,yes,yes,yes,yes,yes,yes,yes,yes,core,within 60 minutes / 60-minute response,"60-minute response for urgent call-outs. | For this suburb, urgent call-outs follow 60-minute emergency response. | Urgent help for storm-related faults, water-affected fixtures, tripping safety switches and unsafe outdoor power in Kingsford, with 60-minute emergency response. | Emergency call-outs in this region use 60-minute emergency response.",yes,yes,47,5,,,,,,
Sydney City & Eastern Suburbs,Randwick,La Perouse,2036,/service-areas/sydney-city-and-eastern-suburbs/randwick/la-perouse/,yes,Electrician La Perouse 2036 | Emergency & Level 2,"Need an electrician in La Perouse? Evaready helps with emergency faults, Level 2 ASP work, switchboards, hot water, aircon, CCTV/data and general.",Electrician La Perouse 2036,2593,yes,yes,yes,yes,yes,yes,yes,yes,yes,yes,core,within 60 minutes / 60-minute response,"60-minute response for urgent call-outs. | For this suburb, urgent call-outs follow 60-minute emergency response. | Urgent help for storm-related faults, water-affected fixtures, tripping safety switches and unsafe outdoor power in La Perouse, with 60-minute emergency response. | Emergency call-outs in this region use 60-minute emergency response.",yes,yes,47,5,,,,,,
Sydney City & Eastern Suburbs,Randwick,Little Bay,2036,/service-areas/sydney-city-and-eastern-suburbs/randwick/little-bay/,yes,Electrician Little Bay 2036 | Emergency & Level 2,"Evaready helps Little Bay with urgent faults, Level 2 ASP work, switchboards, hot water electrical, aircon, CCTV/data and planned electrical work.",Electrician Little Bay 2036,2556,yes,yes,yes,yes,yes,yes,yes,yes,yes,yes,core,within 60 minutes / 60-minute response,"60-minute response for urgent call-outs. | For this suburb, urgent call-outs follow 60-minute emergency response. | Urgent help for storm-related faults, water-affected fixtures, tripping safety switches and unsafe outdoor power in Little Bay, with 60-minute emergency response. | Emergency call-outs in this region use 60-minute emergency response.",yes,yes,47,5,,,,,,
Sydney City & Eastern Suburbs,Randwick,Malabar,2036,/service-areas/sydney-city-and-eastern-suburbs/randwick/malabar/,yes,Electrician Malabar 2036 | Emergency & Level 2,"Need an electrician in Malabar? Evaready helps with emergency faults, Level 2 ASP work, switchboards, hot water, aircon, CCTV/data and general.",Electrician Malabar 2036,2479,yes,yes,yes,yes,yes,yes,yes,yes,yes,yes,core,within 60 minutes / 60-minute response,"60-minute response for urgent call-outs. | For Malabar, emergency call-outs use 60-minute emergency response; call for unsafe faults, or send photos and details for planned work. | For this suburb, urgent call-outs follow 60-minute emergency response. | Urgent help for storm-related faults, water-affected fixtures, tripping safety switches and unsafe outdoor power in Malabar, with 60-minute emergency response.",yes,yes,47,5,,,,,,
Sydney City & Eastern Suburbs,Randwick,Maroubra,2035,/service-areas/sydney-city-and-eastern-suburbs/randwick/maroubra/,yes,Electrician Maroubra 2035 | Emergency & Level 2,"Need an electrician in Maroubra? Evaready Electrical helps with urgent faults, outdoor lighting, switchboards, smoke alarms, power, CCTV, data.",Electrician Maroubra 2035,2468,yes,yes,yes,yes,yes,yes,yes,yes,yes,yes,core,within 60 minutes / 60-minute response,"60-minute response for urgent call-outs. | For this suburb, urgent call-outs follow 60-minute emergency response. | Urgent help for storm-related faults, water-affected fixtures, tripping safety switches and unsafe outdoor power in Maroubra, with 60-minute emergency response. | Emergency call-outs in this region use 60-minute emergency response.",yes,yes,47,5,,,,,,
Sydney City & Eastern Suburbs,Randwick,Matraville,2036,/service-areas/sydney-city-and-eastern-suburbs/randwick/matraville/,yes,Electrician Matraville 2036 | Emergency & Level 2,"Evaready helps Matraville with urgent faults, Level 2 ASP work, switchboards, hot water electrical, aircon, CCTV/data and planned electrical work.",Electrician Matraville 2036,2476,yes,yes,yes,yes,yes,yes,yes,yes,yes,yes,core,within 60 minutes / 60-minute response,"60-minute response for urgent call-outs. | For this suburb, urgent call-outs follow 60-minute emergency response. | Urgent help for storm-related faults, water-affected fixtures, tripping safety switches and unsafe outdoor power in Matraville, with 60-minute emergency response. | Emergency call-outs in this region use 60-minute emergency response.",yes,yes,47,5,,,,,,
Sydney City & Eastern Suburbs,Randwick,Phillip Bay,2036,/service-areas/sydney-city-and-eastern-suburbs/randwick/phillip-bay/,yes,Electrician Phillip Bay 2036 | Emergency & Level 2,"Need an electrician in Phillip Bay? Evaready helps with emergency faults, Level 2 ASP work, switchboards, hot water, aircon, CCTV/data and general.",Electrician Phillip Bay 2036,2566,yes,yes,yes,yes,yes,yes,yes,yes,yes,yes,core,within 60 minutes / 60-minute response,"60-minute response for urgent call-outs. | For this suburb, urgent call-outs follow 60-minute emergency response. | Urgent help for storm-related faults, water-affected fixtures, tripping safety switches and unsafe outdoor power in Phillip Bay, with 60-minute emergency response. | Emergency call-outs in this region use 60-minute emergency response.",yes,yes,47,5,,,,,,
Sydney City & Eastern Suburbs,Randwick,Randwick,2031,/service-areas/sydney-city-and-eastern-suburbs/randwick/randwick/,yes,Electrician Randwick 2031 | Emergency & Level 2,"Need an electrician in Randwick? Evaready Electrical helps with urgent faults, lighting, power, switchboards, smoke alarms, data and CCTV.",Electrician Randwick 2031,2497,yes,yes,yes,yes,yes,yes,yes,yes,yes,yes,core,within 60 minutes / 60-minute response,"60-minute response for urgent call-outs. | For this suburb, urgent call-outs follow 60-minute emergency response. | Evaready provides 60-minute emergency response for emergency call-outs in this region. | Urgent help for storm-related faults, water-affected fixtures, tripping safety switches and unsafe outdoor power in Randwick, with 60-minute emergency response.",yes,yes,47,5,,,,,,
Sydney City & Eastern Suburbs,Randwick,South Coogee,2034,/service-areas/sydney-city-and-eastern-suburbs/randwick/south-coogee/,yes,Electrician South Coogee 2034 | Emergency & Level 2,"Need electrical help in South Coogee 2034? Emergency faults, Level 2 ASP, switchboards, hot water, aircon, CCTV/data and general electrical work.",Electrician South Coogee 2034,2543,yes,yes,yes,yes,yes,yes,yes,yes,yes,yes,core,within 60 minutes / 60-minute response,"60-minute response for urgent call-outs. | For this suburb, urgent call-outs follow 60-minute emergency response. | Urgent help for storm-related faults, water-affected fixtures, tripping safety switches and unsafe outdoor power in South Coogee, with 60-minute emergency response. | Emergency call-outs in this region use 60-minute emergency response.",yes,yes,47,5,,,,,,
Sydney City & Eastern Suburbs,Sydney,Alexandria,2015,/service-areas/sydney-city-and-eastern-suburbs/sydney/alexandria/,yes,Electrician Alexandria 2015 | Emergency & Level 2,"Evaready Electrical helps with commercial maintenance, fault finding, lighting, power, data, CCTV and three-phase enquiries.",Electrician Alexandria 2015,2534,yes,yes,yes,yes,yes,yes,yes,yes,yes,yes,core,within 60 minutes / 60-minute response,"60-minute response for urgent call-outs. | For this suburb, urgent call-outs follow 60-minute emergency response. | Urgent help for partial power loss and circuit tripping and overheating power points and burning smells and after-hours business faults in Alexandria, with 60-minute emergency response. | Emergency call-outs in this region use 60-minute emergency response.",yes,yes,47,5,,,,,,
Sydney City & Eastern Suburbs,Sydney,Barangaroo,2000,/service-areas/sydney-city-and-eastern-suburbs/sydney/barangaroo/,yes,Electrician Barangaroo 2000 | Emergency & Level 2,"Need electrical help in Barangaroo 2000? Emergency faults, Level 2 ASP, switchboards, hot water, aircon, CCTV/data and general electrical work across.",Electrician Barangaroo 2000,2497,yes,yes,yes,yes,yes,yes,yes,yes,yes,yes,core,within 60 minutes / 60-minute response,"60-minute response for urgent call-outs. | For this suburb, urgent call-outs follow 60-minute emergency response. | Evaready provides 60-minute emergency response for emergency call-outs in this region. | Urgent help for partial power loss and circuit tripping and overheating power points and burning smells and after-hours business faults in Barangaroo, with 60-minute emergency response.",yes,yes,47,5,,,,,,
Sydney City & Eastern Suburbs,Sydney,Beaconsfield,2015,/service-areas/sydney-city-and-eastern-suburbs/sydney/beaconsfield/,yes,Electrician Beaconsfield 2015 | Emergency & Level 2,"Need electrical help in Beaconsfield 2015? Emergency faults, Level 2 ASP, switchboards, hot water, aircon, CCTV/data and general electrical work.",Electrician Beaconsfield 2015,2494,yes,yes,yes,yes,yes,yes,yes,yes,yes,yes,core,within 60 minutes / 60-minute response,"60-minute response for urgent call-outs. | For this suburb, urgent call-outs follow 60-minute emergency response. | Urgent help for partial power loss and circuit tripping and overheating power points and burning smells and after-hours business faults in Beaconsfield, with 60-minute emergency response. | Emergency call-outs in this region use 60-minute emergency response.",yes,yes,47,5,,,,,,
Sydney City & Eastern Suburbs,Sydney,Chippendale,2008,/service-areas/sydney-city-and-eastern-suburbs/sydney/chippendale/,yes,Electrician Chippendale 2008 | Emergency & Level 2,"Evaready helps Chippendale with urgent faults, Level 2 ASP work, switchboards, hot water electrical, aircon, CCTV/data and planned electrical work.",Electrician Chippendale 2008,2527,yes,yes,yes,yes,yes,yes,yes,yes,yes,yes,core,within 60 minutes / 60-minute response,"60-minute response for urgent call-outs. | For Chippendale, emergency call-outs use 60-minute emergency response; call for unsafe faults, or send photos and details for planned work. | For this suburb, urgent call-outs follow 60-minute emergency response. | Urgent help for partial power loss and circuit tripping and overheating power points and burning smells and after-hours business faults in Chippendale, with 60-minute emergency response.",yes,yes,47,5,,,,,,
Sydney City & Eastern Suburbs,Sydney,Darlinghurst,2010,/service-areas/sydney-city-and-eastern-suburbs/sydney/darlinghurst/,yes,Electrician Darlinghurst 2010 | Emergency & Level 2,"Evaready helps Darlinghurst with urgent faults, Level 2 ASP work, switchboards, hot water electrical, aircon, CCTV/data and planned electrical work.",Electrician Darlinghurst 2010,2501,yes,yes,yes,yes,yes,yes,yes,yes,yes,yes,core,within 60 minutes / 60-minute response,"60-minute response for urgent call-outs. | For this suburb, urgent call-outs follow 60-minute emergency response. | Urgent help for partial power loss and circuit tripping and overheating power points and burning smells and after-hours business faults in Darlinghurst, with 60-minute emergency response. | Emergency call-outs in this region use 60-minute emergency response.",yes,yes,47,5,,,,,,
Sydney City & Eastern Suburbs,Sydney,Darlington,2008,/service-areas/sydney-city-and-eastern-suburbs/sydney/darlington/,yes,Electrician Darlington 2008 | Emergency & Level 2,"Need electrical help in Darlington 2008? Emergency faults, Level 2 ASP, switchboards, hot water, aircon, CCTV/data and general electrical work across.",Electrician Darlington 2008,2501,yes,yes,yes,yes,yes,yes,yes,yes,yes,yes,core,within 60 minutes / 60-minute response,"60-minute response for urgent call-outs. | For this suburb, urgent call-outs follow 60-minute emergency response. | Urgent help for partial power loss and circuit tripping and overheating power points and burning smells and after-hours business faults in Darlington, with 60-minute emergency response. | Emergency call-outs in this region use 60-minute emergency response.",yes,yes,47,5,,,,,,
Sydney City & Eastern Suburbs,Sydney,Dawes Point,2000,/service-areas/sydney-city-and-eastern-suburbs/sydney/dawes-point/,yes,Electrician Dawes Point 2000 | Emergency & Level 2,"Need an electrician in Dawes Point? Evaready helps with emergency faults, Level 2 ASP work, switchboards, hot water, aircon, CCTV/data and general.",Electrician Dawes Point 2000,2590,yes,yes,yes,yes,yes,yes,yes,yes,yes,yes,core,within 60 minutes / 60-minute response,"60-minute response for urgent call-outs. | For this suburb, urgent call-outs follow 60-minute emergency response. | Urgent help for partial power loss and circuit tripping and overheating power points and burning smells and after-hours business faults in Dawes Point, with 60-minute emergency response. | Emergency call-outs in this region use 60-minute emergency response.",yes,yes,47,5,,,,,,
Sydney City & Eastern Suburbs,Sydney,Elizabeth Bay,2011,/service-areas/sydney-city-and-eastern-suburbs/sydney/elizabeth-bay/,yes,Electrician Elizabeth Bay 2011 | Emergency & Level 2,"Evaready helps Elizabeth Bay with urgent faults, Level 2 ASP work, switchboards, hot water electrical, aircon, CCTV/data and planned electrical work.",Electrician Elizabeth Bay 2011,2575,yes,yes,yes,yes,yes,yes,yes,yes,yes,yes,core,within 60 minutes / 60-minute response,"60-minute response for urgent call-outs. | For this suburb, urgent call-outs follow 60-minute emergency response. | Urgent help for partial power loss and circuit tripping and overheating power points and burning smells and after-hours business faults in Elizabeth Bay, with 60-minute emergency response. | Emergency call-outs in this region use 60-minute emergency response.",yes,yes,47,5,,,,,,
Sydney City & Eastern Suburbs,Sydney,Erskineville,2043,/service-areas/sydney-city-and-eastern-suburbs/sydney/erskineville/,yes,Electrician Erskineville 2043 | Emergency & Level 2,"Need electrical help in Erskineville 2043? Emergency faults, Level 2 ASP, switchboards, hot water, aircon, CCTV/data and general electrical work.",Electrician Erskineville 2043,2504,yes,yes,yes,yes,yes,yes,yes,yes,yes,yes,core,within 60 minutes / 60-minute response,"60-minute response for urgent call-outs. | For this suburb, urgent call-outs follow 60-minute emergency response. | Urgent help for partial power loss and circuit tripping and overheating power points and burning smells and after-hours business faults in Erskineville, with 60-minute emergency response. | Emergency call-outs in this region use 60-minute emergency response.",yes,yes,47,5,,,,,,
Sydney City & Eastern Suburbs,Sydney,Eveleigh,2015,/service-areas/sydney-city-and-eastern-suburbs/sydney/eveleigh/,yes,Electrician Eveleigh 2015 | Emergency & Level 2,"Need an electrician in Eveleigh? Evaready helps with emergency faults, Level 2 ASP work, switchboards, hot water, aircon, CCTV/data and general.",Electrician Eveleigh 2015,2506,yes,yes,yes,yes,yes,yes,yes,yes,yes,yes,core,within 60 minutes / 60-minute response,"60-minute response for urgent call-outs. | For Eveleigh, emergency call-outs use 60-minute emergency response; call for unsafe faults, or send photos and details for planned work. | For this suburb, urgent call-outs follow 60-minute emergency response. | Evaready provides 60-minute emergency response for emergency call-outs in this region.",yes,yes,47,5,,,,,,
Sydney City & Eastern Suburbs,Sydney,Forest Lodge,2037,/service-areas/sydney-city-and-eastern-suburbs/sydney/forest-lodge/,yes,Electrician Forest Lodge 2037 | Emergency & Level 2,"Need an electrician in Forest Lodge? Evaready helps with emergency faults, Level 2 ASP work, switchboards, hot water, aircon, CCTV/data and general.",Electrician Forest Lodge 2037,2573,yes,yes,yes,yes,yes,yes,yes,yes,yes,yes,core,within 60 minutes / 60-minute response,"60-minute response for urgent call-outs. | For this suburb, urgent call-outs follow 60-minute emergency response. | Evaready provides 60-minute emergency response for emergency call-outs in this region. | Urgent help for partial power loss and circuit tripping and overheating power points and burning smells and after-hours business faults in Forest Lodge, with 60-minute emergency response.",yes,yes,47,5,,,,,,
Sydney City & Eastern Suburbs,Sydney,Glebe,2037,/service-areas/sydney-city-and-eastern-suburbs/sydney/glebe/,yes,Electrician Glebe 2037 | Emergency & Level 2,"Need an electrician in Glebe? Evaready helps with emergency faults, Level 2 ASP work, switchboards, hot water, aircon, CCTV/data and general.",Electrician Glebe 2037,2486,yes,yes,yes,yes,yes,yes,yes,yes,yes,yes,core,within 60 minutes / 60-minute response,"60-minute response for urgent call-outs. | For Glebe, emergency call-outs use 60-minute emergency response; call for unsafe faults, or send photos and details for planned work. | For this suburb, urgent call-outs follow 60-minute emergency response. | Urgent help for partial power loss and circuit tripping and overheating power points and burning smells and after-hours business faults in Glebe, with 60-minute emergency response.",yes,yes,47,5,,,,,,
Sydney City & Eastern Suburbs,Sydney,Haymarket,2000,/service-areas/sydney-city-and-eastern-suburbs/sydney/haymarket/,yes,Electrician Haymarket 2000 | Emergency & Level 2,"Need an electrician in Haymarket? Evaready helps with emergency faults, Level 2 ASP work, switchboards, hot water, aircon, CCTV/data and general.",Electrician Haymarket 2000,2475,yes,yes,yes,yes,yes,yes,yes,yes,yes,yes,core,within 60 minutes / 60-minute response,"60-minute response for urgent call-outs. | For this suburb, urgent call-outs follow 60-minute emergency response. | Urgent help for partial power loss and circuit tripping and overheating power points and burning smells and after-hours business faults in Haymarket, with 60-minute emergency response. | Emergency call-outs in this region use 60-minute emergency response.",yes,yes,47,5,,,,,,
Sydney City & Eastern Suburbs,Sydney,Millers Point,2000,/service-areas/sydney-city-and-eastern-suburbs/sydney/millers-point/,yes,Electrician Millers Point 2000 | Emergency & Level 2,"Evaready helps Millers Point with urgent faults, Level 2 ASP work, switchboards, hot water electrical, aircon, CCTV/data and planned electrical work.",Electrician Millers Point 2000,2616,yes,yes,yes,yes,yes,yes,yes,yes,yes,yes,core,within 60 minutes / 60-minute response,"60-minute response for urgent call-outs. | For Millers Point, emergency call-outs use 60-minute emergency response; call for unsafe faults, or send photos and details for planned work. | For this suburb, urgent call-outs follow 60-minute emergency response. | Evaready provides 60-minute emergency response for emergency call-outs in this region.",yes,yes,47,5,,,,,,
Sydney City & Eastern Suburbs,Sydney,Moore Park,2021,/service-areas/sydney-city-and-eastern-suburbs/sydney/moore-park/,yes,Electrician Moore Park 2021 | Emergency & Level 2,"Evaready helps Moore Park with urgent faults, Level 2 ASP work, switchboards, hot water electrical, aircon, CCTV/data and planned electrical work.",Electrician Moore Park 2021,2593,yes,yes,yes,yes,yes,yes,yes,yes,yes,yes,core,within 60 minutes / 60-minute response,"60-minute response for urgent call-outs. | For Moore Park, emergency call-outs use 60-minute emergency response; call for unsafe faults, or send photos and details for planned work. | For this suburb, urgent call-outs follow 60-minute emergency response. | Urgent help for partial power loss and circuit tripping and overheating power points and burning smells and after-hours business faults in Moore Park, with 60-minute emergency response.",yes,yes,47,5,,,,,,
Sydney City & Eastern Suburbs,Sydney,Paddington,2021,/service-areas/sydney-city-and-eastern-suburbs/sydney/paddington/,yes,Electrician Paddington 2021 | Emergency & Level 2,"Need an electrician in Paddington? Evaready helps with emergency faults, Level 2 ASP work, switchboards, hot water, aircon, CCTV/data and general.",Electrician Paddington 2021,2518,yes,yes,yes,yes,yes,yes,yes,yes,yes,yes,core,within 60 minutes / 60-minute response,"60-minute response for urgent call-outs. | For Paddington, emergency call-outs use 60-minute emergency response; call for unsafe faults, or send photos and details for planned work. | For this suburb, urgent call-outs follow 60-minute emergency response. | Urgent help for partial power loss and circuit tripping and overheating power points and burning smells and after-hours business faults in Paddington, with 60-minute emergency response.",yes,yes,47,5,,,,,,
Sydney City & Eastern Suburbs,Sydney,Potts Point,2011,/service-areas/sydney-city-and-eastern-suburbs/sydney/potts-point/,yes,Electrician Potts Point 2011 | Emergency & Level 2,"Evaready helps Potts Point with urgent faults, Level 2 ASP work, switchboards, hot water electrical, aircon, CCTV/data and planned electrical work.",Electrician Potts Point 2011,2560,yes,yes,yes,yes,yes,yes,yes,yes,yes,yes,core,within 60 minutes / 60-minute response,"60-minute response for urgent call-outs. | For this suburb, urgent call-outs follow 60-minute emergency response. | Urgent help for partial power loss and circuit tripping and overheating power points and burning smells and after-hours business faults in Potts Point, with 60-minute emergency response. | Emergency call-outs in this region use 60-minute emergency response.",yes,yes,47,5,,,,,,
Sydney City & Eastern Suburbs,Sydney,Pyrmont,2009,/service-areas/sydney-city-and-eastern-suburbs/sydney/pyrmont/,yes,Electrician Pyrmont 2009 | Emergency & Level 2,"Need an electrician in Pyrmont? Evaready helps with emergency faults, Level 2 ASP work, switchboards, hot water, aircon, CCTV/data and general.",Electrician Pyrmont 2009,2495,yes,yes,yes,yes,yes,yes,yes,yes,yes,yes,core,within 60 minutes / 60-minute response,"60-minute response for urgent call-outs. | For this suburb, urgent call-outs follow 60-minute emergency response. | Evaready provides 60-minute emergency response for emergency call-outs in this region. | Urgent help for partial power loss and circuit tripping and overheating power points and burning smells and after-hours business faults in Pyrmont, with 60-minute emergency response.",yes,yes,47,5,,,,,,
Sydney City & Eastern Suburbs,Sydney,Redfern,2016,/service-areas/sydney-city-and-eastern-suburbs/sydney/redfern/,yes,Electrician Redfern 2016 | Emergency & Level 2,"Need an electrician in Redfern? Evaready helps with emergency faults, Level 2 ASP work, switchboards, hot water, aircon, CCTV/data and general.",Electrician Redfern 2016,2522,yes,yes,yes,yes,yes,yes,yes,yes,yes,yes,core,within 60 minutes / 60-minute response,"60-minute response for urgent call-outs. | For this suburb, urgent call-outs follow 60-minute emergency response. | Evaready provides 60-minute emergency response for emergency call-outs in this region. | Urgent help for partial power loss and circuit tripping and overheating power points and burning smells and after-hours business faults in Redfern, with 60-minute emergency response.",yes,yes,47,5,,,,,,
Sydney City & Eastern Suburbs,Sydney,Rushcutters Bay,2011,/service-areas/sydney-city-and-eastern-suburbs/sydney/rushcutters-bay/,yes,Electrician Rushcutters Bay 2011 | Emergency & Level 2,"Need an electrician in Rushcutters Bay? Evaready helps with emergency faults, Level 2 ASP work, switchboards, hot water, aircon, CCTV/data and general.",Electrician Rushcutters Bay 2011,2578,yes,yes,yes,yes,yes,yes,yes,yes,yes,yes,core,within 60 minutes / 60-minute response,"60-minute response for urgent call-outs. | For this suburb, urgent call-outs follow 60-minute emergency response. | Urgent help for partial power loss and circuit tripping and overheating power points and burning smells and after-hours business faults in Rushcutters Bay, with 60-minute emergency response. | Emergency call-outs in this region use 60-minute emergency response.",yes,yes,47,5,,,,,,
Sydney City & Eastern Suburbs,Sydney,Surry Hills,2010,/service-areas/sydney-city-and-eastern-suburbs/sydney/surry-hills/,yes,Electrician Surry Hills 2010 | Emergency & Level 2,"Need an electrician in Surry Hills? Evaready Electrical helps with urgent faults, lighting, power, data, switchboards, CCTV and maintenance work.",Electrician Surry Hills 2010,2630,yes,yes,yes,yes,yes,yes,yes,yes,yes,yes,core,within 60 minutes / 60-minute response,"60-minute response for urgent call-outs. | For this suburb, urgent call-outs follow 60-minute emergency response. | Evaready provides 60-minute emergency response for emergency call-outs in this region. | Urgent help for partial power loss and circuit tripping and overheating power points and burning smells and after-hours business faults in Surry Hills, with 60-minute emergency response.",yes,yes,47,5,,,,,,
Sydney City & Eastern Suburbs,Sydney,Sydney,2000,/service-areas/sydney-city-and-eastern-suburbs/sydney/sydney/,yes,Electrician Sydney 2000 | Emergency & Level 2,"Evaready helps Sydney with urgent faults, Level 2 ASP work, switchboards, hot water electrical, aircon, CCTV/data and planned electrical work.",Electrician Sydney 2000,2481,yes,yes,yes,yes,yes,yes,yes,yes,yes,yes,core,within 60 minutes / 60-minute response,"60-minute response for urgent call-outs. | For this suburb, urgent call-outs follow 60-minute emergency response. | Urgent help for partial power loss and circuit tripping and overheating power points and burning smells and after-hours business faults in Sydney, with 60-minute emergency response. | Emergency call-outs in this region use 60-minute emergency response.",yes,yes,47,5,,,,,,
Sydney City & Eastern Suburbs,Sydney,The Rocks,2000,/service-areas/sydney-city-and-eastern-suburbs/sydney/the-rocks/,yes,Electrician The Rocks 2000 | Emergency & Level 2,"Need an electrician in The Rocks? Evaready helps with emergency faults, Level 2 ASP work, switchboards, hot water, aircon, CCTV/data and general.",Electrician The Rocks 2000,2579,yes,yes,yes,yes,yes,yes,yes,yes,yes,yes,core,within 60 minutes / 60-minute response,"60-minute response for urgent call-outs. | For this suburb, urgent call-outs follow 60-minute emergency response. | Urgent help for partial power loss and circuit tripping and overheating power points and burning smells and after-hours business faults in The Rocks, with 60-minute emergency response. | Emergency call-outs in this region use 60-minute emergency response.",yes,yes,47,5,,,,,,
Sydney City & Eastern Suburbs,Sydney,Ultimo,2007,/service-areas/sydney-city-and-eastern-suburbs/sydney/ultimo/,yes,Electrician Ultimo 2007 | Emergency & Level 2,"Evaready helps Ultimo with urgent faults, Level 2 ASP work, switchboards, hot water electrical, aircon, CCTV/data and planned electrical work.",Electrician Ultimo 2007,2499,yes,yes,yes,yes,yes,yes,yes,yes,yes,yes,core,within 60 minutes / 60-minute response,"60-minute response for urgent call-outs. | For Ultimo, emergency call-outs use 60-minute emergency response; call for unsafe faults, or send photos and details for planned work. | For this suburb, urgent call-outs follow 60-minute emergency response. | Urgent help for partial power loss and circuit tripping and overheating power points and burning smells and after-hours business faults in Ultimo, with 60-minute emergency response.",yes,yes,47,5,,,,,,
Sydney City & Eastern Suburbs,Sydney,Waterloo,2017,/service-areas/sydney-city-and-eastern-suburbs/sydney/waterloo/,yes,Electrician Waterloo 2017 | Emergency & Level 2,"Evaready helps Waterloo with urgent faults, Level 2 ASP work, switchboards, hot water electrical, aircon, CCTV/data and planned electrical work.",Electrician Waterloo 2017,2489,yes,yes,yes,yes,yes,yes,yes,yes,yes,yes,core,within 60 minutes / 60-minute response,"60-minute response for urgent call-outs. | For this suburb, urgent call-outs follow 60-minute emergency response. | Urgent help for partial power loss and circuit tripping and overheating power points and burning smells and after-hours business faults in Waterloo, with 60-minute emergency response. | Emergency call-outs in this region use 60-minute emergency response.",yes,yes,47,5,,,,,,
Sydney City & Eastern Suburbs,Sydney,Woolloomooloo,2011,/service-areas/sydney-city-and-eastern-suburbs/sydney/woolloomooloo/,yes,Electrician Woolloomooloo 2011 | Emergency & Level 2,"Need an electrician in Woolloomooloo? Evaready helps with emergency faults, Level 2 ASP work, switchboards, hot water, aircon, CCTV/data and general.",Electrician Woolloomooloo 2011,2526,yes,yes,yes,yes,yes,yes,yes,yes,yes,yes,core,within 60 minutes / 60-minute response,"60-minute response for urgent call-outs. | For this suburb, urgent call-outs follow 60-minute emergency response. | Urgent help for partial power loss and circuit tripping and overheating power points and burning smells and after-hours business faults in Woolloomooloo, with 60-minute emergency response. | Emergency call-outs in this region use 60-minute emergency response.",yes,yes,47,5,,,,,,
Sydney City & Eastern Suburbs,Sydney,Zetland,2017,/service-areas/sydney-city-and-eastern-suburbs/sydney/zetland/,yes,Electrician Zetland 2017 | Emergency & Level 2,"Evaready Electrical helps with fault finding, lighting, power, EV-ready circuits, smoke alarms, data and CCTV.",Electrician Zetland 2017,2518,yes,yes,yes,yes,yes,yes,yes,yes,yes,yes,core,within 60 minutes / 60-minute response,"60-minute response for urgent call-outs. | For this suburb, urgent call-outs follow 60-minute emergency response. | Evaready provides 60-minute emergency response for emergency call-outs in this region. | Urgent help for partial power loss and circuit tripping and overheating power points and burning smells and after-hours business faults in Zetland, with 60-minute emergency response.",yes,yes,47,5,,,,,,
Sydney City & Eastern Suburbs,Waverley,Bondi,2026,/service-areas/sydney-city-and-eastern-suburbs/waverley/bondi/,yes,Electrician Bondi 2026 | Emergency & Level 2,"Need electrical help in Bondi 2026? Evaready Electrical helps with electrical faults, switchboards, outdoor lighting, smoke alarms, power, data and CCTV.",Electrician Bondi 2026,2528,yes,yes,yes,yes,yes,yes,yes,yes,yes,yes,core,within 60 minutes / 60-minute response,"60-minute response for urgent call-outs. | For this suburb, urgent call-outs follow 60-minute emergency response. | Evaready provides 60-minute emergency response for emergency call-outs in this region. | Urgent help for storm-related faults, water-affected fixtures, tripping safety switches and unsafe outdoor power in Bondi, with 60-minute emergency response.",yes,yes,47,5,,,,,,
Sydney City & Eastern Suburbs,Waverley,Bondi Beach,2026,/service-areas/sydney-city-and-eastern-suburbs/waverley/bondi-beach/,yes,Electrician Bondi Beach 2026 | Emergency & Level 2,"Need electrical help in Bondi Beach 2026? Emergency faults, Level 2 ASP, switchboards, hot water, aircon, CCTV/data and general electrical work across.",Electrician Bondi Beach 2026,2579,yes,yes,yes,yes,yes,yes,yes,yes,yes,yes,core,within 60 minutes / 60-minute response,"60-minute response for urgent call-outs. | For this suburb, urgent call-outs follow 60-minute emergency response. | Evaready provides 60-minute emergency response for emergency call-outs in this region. | Urgent help for storm-related faults, water-affected fixtures, tripping safety switches and unsafe outdoor power in Bondi Beach, with 60-minute emergency response.",yes,yes,47,5,,,,,,
Sydney City & Eastern Suburbs,Waverley,Bondi Junction,2022,/service-areas/sydney-city-and-eastern-suburbs/waverley/bondi-junction/,yes,Electrician Bondi Junction 2022 | Emergency & Level 2,"Evaready Electrical helps with urgent faults, commercial lighting, power, data, CCTV, switchboards and Level 2 enquiries.",Electrician Bondi Junction 2022,2627,yes,yes,yes,yes,yes,yes,yes,yes,yes,yes,core,within 60 minutes / 60-minute response,"60-minute response for urgent call-outs. | For this suburb, urgent call-outs follow 60-minute emergency response. | Evaready provides 60-minute emergency response for emergency call-outs in this region. | Urgent help for storm-related faults, water-affected fixtures, tripping safety switches and unsafe outdoor power in Bondi Junction, with 60-minute emergency response.",yes,yes,47,5,,,,,,
Sydney City & Eastern Suburbs,Waverley,Bronte,2024,/service-areas/sydney-city-and-eastern-suburbs/waverley/bronte/,yes,Electrician Bronte 2024 | Emergency & Level 2,"Need an electrician in Bronte? Evaready helps with emergency faults, Level 2 ASP work, switchboards, hot water, aircon, CCTV/data and general.",Electrician Bronte 2024,2498,yes,yes,yes,yes,yes,yes,yes,yes,yes,yes,core,within 60 minutes / 60-minute response,"60-minute response for urgent call-outs. | For Bronte, emergency call-outs use 60-minute emergency response; call for unsafe faults, or send photos and details for planned work. | For this suburb, urgent call-outs follow 60-minute emergency response. | Urgent help for storm-related faults, water-affected fixtures, tripping safety switches and unsafe outdoor power in Bronte, with 60-minute emergency response.",yes,yes,47,5,,,,,,
Sydney City & Eastern Suburbs,Waverley,Dover Heights,2030,/service-areas/sydney-city-and-eastern-suburbs/waverley/dover-heights/,yes,Electrician Dover Heights 2030 | Emergency & Level 2,"Need an electrician in Dover Heights? Evaready helps with emergency faults, Level 2 ASP work, switchboards, hot water, aircon, CCTV/data and general.",Electrician Dover Heights 2030,2576,yes,yes,yes,yes,yes,yes,yes,yes,yes,yes,core,within 60 minutes / 60-minute response,"60-minute response for urgent call-outs. | For this suburb, urgent call-outs follow 60-minute emergency response. | Urgent help for storm-related faults, water-affected fixtures, tripping safety switches and unsafe outdoor power in Dover Heights, with 60-minute emergency response. | Emergency call-outs in this region use 60-minute emergency response.",yes,yes,47,5,,,,,,
Sydney City & Eastern Suburbs,Waverley,North Bondi,2026,/service-areas/sydney-city-and-eastern-suburbs/waverley/north-bondi/,yes,Electrician North Bondi 2026 | Emergency & Level 2,"Evaready helps North Bondi with urgent faults, Level 2 ASP work, switchboards, hot water electrical, aircon, CCTV/data and planned electrical work.",Electrician North Bondi 2026,2555,yes,yes,yes,yes,yes,yes,yes,yes,yes,yes,core,within 60 minutes / 60-minute response,"60-minute response for urgent call-outs. | For North Bondi, emergency call-outs use 60-minute emergency response; call for unsafe faults, or send photos and details for planned work. | For this suburb, urgent call-outs follow 60-minute emergency response. | Urgent help for storm-related faults, water-affected fixtures, tripping safety switches and unsafe outdoor power in North Bondi, with 60-minute emergency response.",yes,yes,47,5,,,,,,
Sydney City & Eastern Suburbs,Waverley,Queens Park,2022,/service-areas/sydney-city-and-eastern-suburbs/waverley/queens-park/,yes,Electrician Queens Park 2022 | Emergency & Level 2,"Evaready helps Queens Park with urgent faults, Level 2 ASP work, switchboards, hot water electrical, aircon, CCTV/data and planned electrical work.",Electrician Queens Park 2022,2566,yes,yes,yes,yes,yes,yes,yes,yes,yes,yes,core,within 60 minutes / 60-minute response,"60-minute response for urgent call-outs. | For this suburb, urgent call-outs follow 60-minute emergency response. | Urgent help for storm-related faults, water-affected fixtures, tripping safety switches and unsafe outdoor power in Queens Park, with 60-minute emergency response. | Emergency call-outs in this region use 60-minute emergency response.",yes,yes,47,5,,,,,,
Sydney City & Eastern Suburbs,Waverley,Rose Bay,2029,/service-areas/sydney-city-and-eastern-suburbs/waverley/rose-bay/,yes,Electrician Rose Bay 2029 | Emergency & Level 2,"Need electrical help in Rose Bay 2029? Emergency faults, Level 2 ASP, switchboards, hot water, aircon, CCTV/data and general electrical work across.",Electrician Rose Bay 2029,2566,yes,yes,yes,yes,yes,yes,yes,yes,yes,yes,core,within 60 minutes / 60-minute response,"60-minute response for urgent call-outs. | For this suburb, urgent call-outs follow 60-minute emergency response. | Urgent help for storm-related faults, water-affected fixtures, tripping safety switches and unsafe outdoor power in Rose Bay, with 60-minute emergency response. | Emergency call-outs in this region use 60-minute emergency response.",yes,yes,47,5,,,,,,
Sydney City & Eastern Suburbs,Waverley,Tamarama,2026,/service-areas/sydney-city-and-eastern-suburbs/waverley/tamarama/,yes,Electrician Tamarama 2026 | Emergency & Level 2,"Evaready helps Tamarama with urgent faults, Level 2 ASP work, switchboards, hot water electrical, aircon, CCTV/data and planned electrical work.",Electrician Tamarama 2026,2508,yes,yes,yes,yes,yes,yes,yes,yes,yes,yes,core,within 60 minutes / 60-minute response,"60-minute response for urgent call-outs. | For this suburb, urgent call-outs follow 60-minute emergency response. | Urgent help for storm-related faults, water-affected fixtures, tripping safety switches and unsafe outdoor power in Tamarama, with 60-minute emergency response. | Emergency call-outs in this region use 60-minute emergency response.",yes,yes,47,5,,,,,,
Sydney City & Eastern Suburbs,Waverley,Vaucluse,2030,/service-areas/sydney-city-and-eastern-suburbs/waverley/vaucluse/,yes,Electrician Vaucluse 2030 | Emergency & Level 2,"Need electrical help in Vaucluse 2030? Emergency faults, Level 2 ASP, switchboards, hot water, aircon, CCTV/data and general electrical work across.",Electrician Vaucluse 2030,2469,yes,yes,yes,yes,yes,yes,yes,yes,yes,yes,core,within 60 minutes / 60-minute response,"60-minute response for urgent call-outs. | For this suburb, urgent call-outs follow 60-minute emergency response. | Urgent help for storm-related faults, water-affected fixtures, tripping safety switches and unsafe outdoor power in Vaucluse, with 60-minute emergency response. | Emergency call-outs in this region use 60-minute emergency response.",yes,yes,47,5,,,,,,
Sydney City & Eastern Suburbs,Waverley,Waverley,2024,/service-areas/sydney-city-and-eastern-suburbs/waverley/waverley/,yes,Electrician Waverley 2024 | Emergency & Level 2,"Evaready helps Waverley with urgent faults, Level 2 ASP work, switchboards, hot water electrical, aircon, CCTV/data and planned electrical work.",Electrician Waverley 2024,2489,yes,yes,yes,yes,yes,yes,yes,yes,yes,yes,core,within 60 minutes / 60-minute response,"60-minute response for urgent call-outs. | For this suburb, urgent call-outs follow 60-minute emergency response. | Urgent help for storm-related faults, water-affected fixtures, tripping safety switches and unsafe outdoor power in Waverley, with 60-minute emergency response. | Emergency call-outs in this region use 60-minute emergency response.",yes,yes,47,5,,,,,,
Sydney City & Eastern Suburbs,Woollahra,Bellevue Hill,2023,/service-areas/sydney-city-and-eastern-suburbs/woollahra/bellevue-hill/,yes,Electrician Bellevue Hill 2023 | Emergency & Level 2,"Need an electrician in Bellevue Hill? Evaready helps with emergency faults, Level 2 ASP work, switchboards, hot water, aircon, CCTV/data and general.",Electrician Bellevue Hill 2023,2597,yes,yes,yes,yes,yes,yes,yes,yes,yes,yes,core,within 60 minutes / 60-minute response,"60-minute response for urgent call-outs. | For Bellevue Hill, emergency call-outs use 60-minute emergency response; call for unsafe faults, or send photos and details for planned work. | For this suburb, urgent call-outs follow 60-minute emergency response. | Urgent help for partial power loss and circuit tripping and overheating power points and burning smells and after-hours business faults in Bellevue Hill, with 60-minute emergency response.",yes,yes,47,5,,,,,,
Sydney City & Eastern Suburbs,Woollahra,Darling Point,2027,/service-areas/sydney-city-and-eastern-suburbs/woollahra/darling-point/,yes,Electrician Darling Point 2027 | Emergency & Level 2,"Need an electrician in Darling Point? Evaready helps with emergency faults, Level 2 ASP work, switchboards, hot water, aircon, CCTV/data and general.",Electrician Darling Point 2027,2595,yes,yes,yes,yes,yes,yes,yes,yes,yes,yes,core,within 60 minutes / 60-minute response,"60-minute response for urgent call-outs. | For this suburb, urgent call-outs follow 60-minute emergency response. | Evaready provides 60-minute emergency response for emergency call-outs in this region. | Urgent help for partial power loss and circuit tripping and overheating power points and burning smells and after-hours business faults in Darling Point, with 60-minute emergency response.",yes,yes,47,5,,,,,,
Sydney City & Eastern Suburbs,Woollahra,Double Bay,2028,/service-areas/sydney-city-and-eastern-suburbs/woollahra/double-bay/,yes,Electrician Double Bay 2028 | Emergency & Level 2,"Need electrical help in Double Bay 2028? Emergency faults, Level 2 ASP, switchboards, hot water, aircon, CCTV/data and general electrical work across.",Electrician Double Bay 2028,2589,yes,yes,yes,yes,yes,yes,yes,yes,yes,yes,core,within 60 minutes / 60-minute response,"60-minute response for urgent call-outs. | For this suburb, urgent call-outs follow 60-minute emergency response. | Urgent help for partial power loss and circuit tripping and overheating power points and burning smells and after-hours business faults in Double Bay, with 60-minute emergency response. | Emergency call-outs in this region use 60-minute emergency response.",yes,yes,47,5,,,,,,
Sydney City & Eastern Suburbs,Woollahra,Edgecliff,2027,/service-areas/sydney-city-and-eastern-suburbs/woollahra/edgecliff/,yes,Electrician Edgecliff 2027 | Emergency & Level 2,"Evaready helps Edgecliff with urgent faults, Level 2 ASP work, switchboards, hot water electrical, aircon, CCTV/data and planned electrical work.",Electrician Edgecliff 2027,2520,yes,yes,yes,yes,yes,yes,yes,yes,yes,yes,core,within 60 minutes / 60-minute response,"60-minute response for urgent call-outs. | For Edgecliff, emergency call-outs use 60-minute emergency response; call for unsafe faults, or send photos and details for planned work. | For this suburb, urgent call-outs follow 60-minute emergency response. | Evaready provides 60-minute emergency response for emergency call-outs in this region.",yes,yes,47,5,,,,,,
Sydney City & Eastern Suburbs,Woollahra,Point Piper,2027,/service-areas/sydney-city-and-eastern-suburbs/woollahra/point-piper/,yes,Electrician Point Piper 2027 | Emergency & Level 2,"Need electrical help in Point Piper 2027? Emergency faults, Level 2 ASP, switchboards, hot water, aircon, CCTV/data and general electrical work across.",Electrician Point Piper 2027,2563,yes,yes,yes,yes,yes,yes,yes,yes,yes,yes,core,within 60 minutes / 60-minute response,"60-minute response for urgent call-outs. | For this suburb, urgent call-outs follow 60-minute emergency response. | Evaready provides 60-minute emergency response for emergency call-outs in this region. | Urgent help for partial power loss and circuit tripping and overheating power points and burning smells and after-hours business faults in Point Piper, with 60-minute emergency response.",yes,yes,47,5,,,,,,
Sydney City & Eastern Suburbs,Woollahra,Watsons Bay,2030,/service-areas/sydney-city-and-eastern-suburbs/woollahra/watsons-bay/,yes,Electrician Watsons Bay 2030 | Emergency & Level 2,"Need electrical help in Watsons Bay 2030? Emergency faults, Level 2 ASP, switchboards, hot water, aircon, CCTV/data and general electrical work across.",Electrician Watsons Bay 2030,2574,yes,yes,yes,yes,yes,yes,yes,yes,yes,yes,core,within 60 minutes / 60-minute response,"60-minute response for urgent call-outs. | For this suburb, urgent call-outs follow 60-minute emergency response. | Urgent help for partial power loss and circuit tripping and overheating power points and burning smells and after-hours business faults in Watsons Bay, with 60-minute emergency response. | Emergency call-outs in this region use 60-minute emergency response.",yes,yes,47,5,,,,,,
Sydney City & Eastern Suburbs,Woollahra,Woollahra,2025,/service-areas/sydney-city-and-eastern-suburbs/woollahra/woollahra/,yes,Electrician Woollahra 2025 | Emergency & Level 2,"Need electrical help in Woollahra 2025? Emergency faults, Level 2 ASP, switchboards, hot water, aircon, CCTV/data and general electrical work across.",Electrician Woollahra 2025,2524,yes,yes,yes,yes,yes,yes,yes,yes,yes,yes,core,within 60 minutes / 60-minute response,"60-minute response for urgent call-outs. | For this suburb, urgent call-outs follow 60-minute emergency response. | Urgent help for partial power loss and circuit tripping and overheating power points and burning smells and after-hours business faults in Woollahra, with 60-minute emergency response. | Emergency call-outs in this region use 60-minute emergency response.",yes,yes,47,5,,,,,,
Parramatta & Cumberland,Cumberland,Auburn,2144,/service-areas/parramatta-and-cumberland/cumberland/auburn/,yes,Electrician Auburn 2144 | Emergency & Level 2,"Need electrical help in Auburn 2144? Evaready Electrical helps with emergency faults, switchboards, lighting, power, data, CCTV, three-phase and Level.",Electrician Auburn 2144,2527,yes,yes,yes,yes,yes,yes,yes,yes,yes,yes,core,within 60 minutes / 60-minute response,"60-minute response for urgent call-outs. | For this suburb, urgent call-outs follow 60-minute emergency response. | Urgent help for partial power loss and overheating power points and circuit tripping, damaged wiring and business-critical faults in Auburn, with 60-minute emergency response. | Emergency call-outs in this region use 60-minute emergency response.",yes,yes,47,5,,,,,,
Parramatta & Cumberland,Cumberland,Berala,2141,/service-areas/parramatta-and-cumberland/cumberland/berala/,yes,Electrician Berala 2141 | Emergency & Level 2,"Need electrical help in Berala 2141? Emergency faults, Level 2 ASP, switchboards, hot water, aircon, CCTV/data and general electrical work across.",Electrician Berala 2141,2487,yes,yes,yes,yes,yes,yes,yes,yes,yes,yes,core,within 60 minutes / 60-minute response,"60-minute response for urgent call-outs. | For Berala, emergency call-outs use 60-minute emergency response; call for unsafe faults, or send photos and details for planned work. | For this suburb, urgent call-outs follow 60-minute emergency response. | Urgent help for partial power loss and overheating power points and circuit tripping, damaged wiring and business-critical faults in Berala, with 60-minute emergency response.",yes,yes,47,5,,,,,,
Parramatta & Cumberland,Cumberland,Girraween,2145,/service-areas/parramatta-and-cumberland/cumberland/girraween/,yes,Electrician Girraween 2145 | Emergency & Level 2,"Need an electrician in Girraween? Evaready helps with emergency faults, Level 2 ASP work, switchboards, hot water, aircon, CCTV/data and general.",Electrician Girraween 2145,2499,yes,yes,yes,yes,yes,yes,yes,yes,yes,yes,core,within 60 minutes / 60-minute response,"60-minute response for urgent call-outs. | For Girraween, emergency call-outs use 60-minute emergency response; call for unsafe faults, or send photos and details for planned work. | For this suburb, urgent call-outs follow 60-minute emergency response. | Urgent help for partial power loss and overheating power points and circuit tripping, damaged wiring and business-critical faults in Girraween, with 60-minute emergency response.",yes,yes,47,5,,,,,,
Parramatta & Cumberland,Cumberland,Greystanes,2145,/service-areas/parramatta-and-cumberland/cumberland/greystanes/,yes,Electrician Greystanes 2145 | Emergency & Level 2,"Need an electrician in Greystanes? Evaready helps with emergency faults, Level 2 ASP work, switchboards, hot water, aircon, CCTV/data and general.",Electrician Greystanes 2145,2514,yes,yes,yes,yes,yes,yes,yes,yes,yes,yes,core,within 60 minutes / 60-minute response,"60-minute response for urgent call-outs. | For this suburb, urgent call-outs follow 60-minute emergency response. | Urgent help for partial power loss and overheating power points and circuit tripping, damaged wiring and business-critical faults in Greystanes, with 60-minute emergency response. | Emergency call-outs in this region use 60-minute emergency response.",yes,yes,47,5,,,,,,
Parramatta & Cumberland,Cumberland,Guildford,2161,/service-areas/parramatta-and-cumberland/cumberland/guildford/,yes,Electrician Guildford 2161 | Emergency & Level 2,"Evaready helps Guildford with urgent faults, Level 2 ASP work, switchboards, hot water electrical, aircon, CCTV/data and planned electrical work.",Electrician Guildford 2161,2487,yes,yes,yes,yes,yes,yes,yes,yes,yes,yes,core,within 60 minutes / 60-minute response,"60-minute response for urgent call-outs. | For Guildford, emergency call-outs use 60-minute emergency response; call for unsafe faults, or send photos and details for planned work. | For this suburb, urgent call-outs follow 60-minute emergency response. | Urgent help for partial power loss and overheating power points and circuit tripping, damaged wiring and business-critical faults in Guildford, with 60-minute emergency response.",yes,yes,47,5,,,,,,
Parramatta & Cumberland,Cumberland,Guildford West,2161,/service-areas/parramatta-and-cumberland/cumberland/guildford-west/,yes,Electrician Guildford West 2161 | Emergency & Level 2,"Need an electrician in Guildford West? Evaready helps with emergency faults, Level 2 ASP work, switchboards, hot water, aircon, CCTV/data and general.",Electrician Guildford West 2161,2593,yes,yes,yes,yes,yes,yes,yes,yes,yes,yes,core,within 60 minutes / 60-minute response,"60-minute response for urgent call-outs. | For this suburb, urgent call-outs follow 60-minute emergency response. | Urgent help for partial power loss and overheating power points and circuit tripping, damaged wiring and business-critical faults in Guildford West, with 60-minute emergency response. | Emergency call-outs in this region use 60-minute emergency response.",yes,yes,47,5,,,,,,
Parramatta & Cumberland,Cumberland,Holroyd,2142,/service-areas/parramatta-and-cumberland/cumberland/holroyd/,yes,Electrician Holroyd 2142 | Emergency & Level 2,"Need electrical help in Holroyd 2142? Emergency faults, Level 2 ASP, switchboards, hot water, aircon, CCTV/data and general electrical work across.",Electrician Holroyd 2142,2493,yes,yes,yes,yes,yes,yes,yes,yes,yes,yes,core,within 60 minutes / 60-minute response,"60-minute response for urgent call-outs. | For this suburb, urgent call-outs follow 60-minute emergency response. | Urgent help for partial power loss and overheating power points and circuit tripping, damaged wiring and business-critical faults in Holroyd, with 60-minute emergency response. | Emergency call-outs in this region use 60-minute emergency response.",yes,yes,47,5,,,,,,
Parramatta & Cumberland,Cumberland,Lidcombe,2141,/service-areas/parramatta-and-cumberland/cumberland/lidcombe/,yes,Electrician Lidcombe 2141 | Emergency & Level 2,"Evaready Electrical helps with urgent faults, switchboards, commercial lighting, power, data cabling, CCTV and Level 2 support.",Electrician Lidcombe 2141,2527,yes,yes,yes,yes,yes,yes,yes,yes,yes,yes,core,within 60 minutes / 60-minute response,"60-minute response for urgent call-outs. | For this suburb, urgent call-outs follow 60-minute emergency response. | Urgent help for partial power loss and overheating power points and circuit tripping, damaged wiring and business-critical faults in Lidcombe, with 60-minute emergency response. | Emergency call-outs in this region use 60-minute emergency response.",yes,yes,47,5,,,,,,
Parramatta & Cumberland,Cumberland,Merrylands,2160,/service-areas/parramatta-and-cumberland/cumberland/merrylands/,yes,Electrician Merrylands 2160 | Emergency & Level 2,"Evaready helps Merrylands with urgent faults, Level 2 ASP work, switchboards, hot water electrical, aircon, CCTV/data and planned electrical work.",Electrician Merrylands 2160,2513,yes,yes,yes,yes,yes,yes,yes,yes,yes,yes,core,within 60 minutes / 60-minute response,"60-minute response for urgent call-outs. | For this suburb, urgent call-outs follow 60-minute emergency response. | Urgent help for partial power loss and overheating power points and circuit tripping, damaged wiring and business-critical faults in Merrylands, with 60-minute emergency response. | Emergency call-outs in this region use 60-minute emergency response.",yes,yes,47,5,,,,,,
Parramatta & Cumberland,Cumberland,Merrylands West,2160,/service-areas/parramatta-and-cumberland/cumberland/merrylands-west/,yes,Electrician Merrylands West 2160 | Emergency & Level 2,"Need electrical help in Merrylands West 2160? Emergency faults, Level 2 ASP, switchboards, hot water, aircon, CCTV/data and general electrical work.",Electrician Merrylands West 2160,2596,yes,yes,yes,yes,yes,yes,yes,yes,yes,yes,core,within 60 minutes / 60-minute response,"60-minute response for urgent call-outs. | For this suburb, urgent call-outs follow 60-minute emergency response. | Evaready provides 60-minute emergency response for emergency call-outs in this region. | Urgent help for partial power loss and overheating power points and circuit tripping, damaged wiring and business-critical faults in Merrylands West, with 60-minute emergency response.",yes,yes,47,5,,,,,,
Parramatta & Cumberland,Cumberland,Pemulwuy,2145,/service-areas/parramatta-and-cumberland/cumberland/pemulwuy/,yes,Electrician Pemulwuy 2145 | Emergency & Level 2,"Evaready helps Pemulwuy with urgent faults, Level 2 ASP work, switchboards, hot water electrical, aircon, CCTV/data and planned electrical work.",Electrician Pemulwuy 2145,2504,yes,yes,yes,yes,yes,yes,yes,yes,yes,yes,core,within 60 minutes / 60-minute response,"60-minute response for urgent call-outs. | For this suburb, urgent call-outs follow 60-minute emergency response. | Evaready provides 60-minute emergency response for emergency call-outs in this region. | Urgent help for partial power loss and overheating power points and circuit tripping, damaged wiring and business-critical faults in Pemulwuy, with 60-minute emergency response.",yes,yes,47,5,,,,,,
Parramatta & Cumberland,Cumberland,Pendle Hill,2145,/service-areas/parramatta-and-cumberland/cumberland/pendle-hill/,yes,Electrician Pendle Hill 2145 | Emergency & Level 2,"Need electrical help in Pendle Hill 2145? Emergency faults, Level 2 ASP, switchboards, hot water, aircon, CCTV/data and general electrical work across.",Electrician Pendle Hill 2145,2603,yes,yes,yes,yes,yes,yes,yes,yes,yes,yes,core,within 60 minutes / 60-minute response,"60-minute response for urgent call-outs. | For this suburb, urgent call-outs follow 60-minute emergency response. | Urgent help for partial power loss and overheating power points and circuit tripping, damaged wiring and business-critical faults in Pendle Hill, with 60-minute emergency response. | Emergency call-outs in this region use 60-minute emergency response.",yes,yes,47,5,,,,,,
Parramatta & Cumberland,Cumberland,Regents Park,2143,/service-areas/parramatta-and-cumberland/cumberland/regents-park/,yes,Electrician Regents Park 2143 | Emergency & Level 2,"Need electrical help in Regents Park 2143? Emergency faults, Level 2 ASP, switchboards, hot water, aircon, CCTV/data and general electrical work.",Electrician Regents Park 2143,2580,yes,yes,yes,yes,yes,yes,yes,yes,yes,yes,core,within 60 minutes / 60-minute response,"60-minute response for urgent call-outs. | For this suburb, urgent call-outs follow 60-minute emergency response. | Urgent help for partial power loss and overheating power points and circuit tripping, damaged wiring and business-critical faults in Regents Park, with 60-minute emergency response. | Emergency call-outs in this region use 60-minute emergency response.",yes,yes,47,5,,,,,,
Parramatta & Cumberland,Cumberland,Rookwood,2141,/service-areas/parramatta-and-cumberland/cumberland/rookwood/,yes,Electrician Rookwood 2141 | Emergency & Level 2,"Evaready helps Rookwood with urgent faults, Level 2 ASP work, switchboards, hot water electrical, aircon, CCTV/data and planned electrical work.",Electrician Rookwood 2141,2506,yes,yes,yes,yes,yes,yes,yes,yes,yes,yes,core,within 60 minutes / 60-minute response,"60-minute response for urgent call-outs. | For this suburb, urgent call-outs follow 60-minute emergency response. | Urgent help for partial power loss and overheating power points and circuit tripping, damaged wiring and business-critical faults in Rookwood, with 60-minute emergency response. | Emergency call-outs in this region use 60-minute emergency response.",yes,yes,47,5,,,,,,
Parramatta & Cumberland,Cumberland,South Granville,2142,/service-areas/parramatta-and-cumberland/cumberland/south-granville/,yes,Electrician South Granville 2142 | Emergency & Level 2,"Need an electrician in South Granville? Evaready helps with emergency faults, Level 2 ASP work, switchboards, hot water, aircon, CCTV/data and general.",Electrician South Granville 2142,2582,yes,yes,yes,yes,yes,yes,yes,yes,yes,yes,core,within 60 minutes / 60-minute response,"60-minute response for urgent call-outs. | For this suburb, urgent call-outs follow 60-minute emergency response. | Urgent help for partial power loss and overheating power points and circuit tripping, damaged wiring and business-critical faults in South Granville, with 60-minute emergency response. | Emergency call-outs in this region use 60-minute emergency response.",yes,yes,47,5,,,,,,
Parramatta & Cumberland,Cumberland,South Wentworthville,2145,/service-areas/parramatta-and-cumberland/cumberland/south-wentworthville/,yes,Electrician South Wentworthville 2145 | Emergency & Level 2,"Need an electrician in South Wentworthville? Evaready helps with emergency faults, Level 2 ASP work, switchboards, hot water, aircon, CCTV/data.",Electrician South Wentworthville 2145,2584,yes,yes,yes,yes,yes,yes,yes,yes,yes,yes,core,within 60 minutes / 60-minute response,"60-minute response for urgent call-outs. | For this suburb, urgent call-outs follow 60-minute emergency response. | Urgent help for partial power loss and overheating power points and circuit tripping, damaged wiring and business-critical faults in South Wentworthville, with 60-minute emergency response. | Emergency call-outs in this region use 60-minute emergency response.",yes,yes,47,5,,,,,,
Parramatta & Cumberland,Cumberland,Wentworthville,2145,/service-areas/parramatta-and-cumberland/cumberland/wentworthville/,yes,Electrician Wentworthville 2145 | Emergency & Level 2,"Need electrical help in Wentworthville 2145? Emergency faults, Level 2 ASP, switchboards, hot water, aircon, CCTV/data and general electrical work.",Electrician Wentworthville 2145,2503,yes,yes,yes,yes,yes,yes,yes,yes,yes,yes,core,within 60 minutes / 60-minute response,"60-minute response for urgent call-outs. | For Wentworthville, emergency call-outs use 60-minute emergency response; call for unsafe faults, or send photos and details for planned work. | For this suburb, urgent call-outs follow 60-minute emergency response. | Urgent help for partial power loss and overheating power points and circuit tripping, damaged wiring and business-critical faults in Wentworthville, with 60-minute emergency response.",yes,yes,47,5,,,,,,
Parramatta & Cumberland,Cumberland,Westmead,2145,/service-areas/parramatta-and-cumberland/cumberland/westmead/,yes,Electrician Westmead 2145 | Emergency & Level 2,"Need an electrician in Westmead? Evaready helps with emergency faults, Level 2 ASP work, switchboards, hot water, aircon, CCTV/data and general.",Electrician Westmead 2145,2495,yes,yes,yes,yes,yes,yes,yes,yes,yes,yes,core,within 60 minutes / 60-minute response,"60-minute response for urgent call-outs. | For this suburb, urgent call-outs follow 60-minute emergency response. | Evaready provides 60-minute emergency response for emergency call-outs in this region. | Urgent help for partial power loss and overheating power points and circuit tripping, damaged wiring and business-critical faults in Westmead, with 60-minute emergency response.",yes,yes,47,5,,,,,,
Parramatta & Cumberland,Cumberland,Woodpark,2164,/service-areas/parramatta-and-cumberland/cumberland/woodpark/,yes,Electrician Woodpark 2164 | Emergency & Level 2,"Need an electrician in Woodpark? Evaready helps with emergency faults, Level 2 ASP work, switchboards, hot water, aircon, CCTV/data and general.",Electrician Woodpark 2164,2493,yes,yes,yes,yes,yes,yes,yes,yes,yes,yes,core,within 60 minutes / 60-minute response,"60-minute response for urgent call-outs. | For Woodpark, emergency call-outs use 60-minute emergency response; call for unsafe faults, or send photos and details for planned work. | For this suburb, urgent call-outs follow 60-minute emergency response. | Evaready provides 60-minute emergency response for emergency call-outs in this region.",yes,yes,47,5,,,,,,
Parramatta & Cumberland,Parramatta,Carlingford,2118,/service-areas/parramatta-and-cumberland/parramatta/carlingford/,yes,Electrician Carlingford 2118 | Emergency & Level 2,"Need an electrician in Carlingford? Evaready helps with emergency faults, Level 2 ASP work, switchboards, hot water, aircon, CCTV/data and general.",Electrician Carlingford 2118,2480,yes,yes,yes,yes,yes,yes,yes,yes,yes,yes,core,within 60 minutes / 60-minute response,"60-minute response for urgent call-outs. | For this suburb, urgent call-outs follow 60-minute emergency response. | Urgent help for partial power loss and circuit tripping and overheating power points and burning smells and after-hours business faults in Carlingford, with 60-minute emergency response. | Emergency call-outs in this region use 60-minute emergency response.",yes,yes,47,5,,,,,,
Parramatta & Cumberland,Parramatta,Clyde,2142,/service-areas/parramatta-and-cumberland/parramatta/clyde/,yes,Electrician Clyde 2142 | Emergency & Level 2,"Evaready helps Clyde with urgent faults, Level 2 ASP work, switchboards, hot water electrical, aircon, CCTV/data and planned electrical work.",Electrician Clyde 2142,2481,yes,yes,yes,yes,yes,yes,yes,yes,yes,yes,core,within 60 minutes / 60-minute response,"60-minute response for urgent call-outs. | For this suburb, urgent call-outs follow 60-minute emergency response. | Evaready provides 60-minute emergency response for emergency call-outs in this region. | Urgent help for partial power loss and circuit tripping and overheating power points and burning smells and after-hours business faults in Clyde, with 60-minute emergency response.",yes,yes,47,5,,,,,,
Parramatta & Cumberland,Parramatta,Constitution Hill,2145,/service-areas/parramatta-and-cumberland/parramatta/constitution-hill/,yes,Electrician Constitution Hill 2145 | Emergency & Level 2,"Need an electrician in Constitution Hill? Evaready helps with emergency faults, Level 2 ASP work, switchboards, hot water, aircon, CCTV/data.",Electrician Constitution Hill 2145,2581,yes,yes,yes,yes,yes,yes,yes,yes,yes,yes,core,within 60 minutes / 60-minute response,"60-minute response for urgent call-outs. | For this suburb, urgent call-outs follow 60-minute emergency response. | Evaready provides 60-minute emergency response for emergency call-outs in this region. | Urgent help for partial power loss and circuit tripping and overheating power points and burning smells and after-hours business faults in Constitution Hill, with 60-minute emergency response.",yes,yes,47,5,,,,,,
Parramatta & Cumberland,Parramatta,Dundas,2117,/service-areas/parramatta-and-cumberland/parramatta/dundas/,yes,Electrician Dundas 2117 | Emergency & Level 2,"Evaready helps Dundas with urgent faults, Level 2 ASP work, switchboards, hot water electrical, aircon, CCTV/data and planned electrical work.",Electrician Dundas 2117,2497,yes,yes,yes,yes,yes,yes,yes,yes,yes,yes,core,within 60 minutes / 60-minute response,"60-minute response for urgent call-outs. | For this suburb, urgent call-outs follow 60-minute emergency response. | Urgent help for partial power loss and circuit tripping and overheating power points and burning smells and after-hours business faults in Dundas, with 60-minute emergency response. | Emergency call-outs in this region use 60-minute emergency response.",yes,yes,47,5,,,,,,
Parramatta & Cumberland,Parramatta,Dundas Valley,2117,/service-areas/parramatta-and-cumberland/parramatta/dundas-valley/,yes,Electrician Dundas Valley 2117 | Emergency & Level 2,"Evaready helps Dundas Valley with urgent faults, Level 2 ASP work, switchboards, hot water electrical, aircon, CCTV/data and planned electrical work.",Electrician Dundas Valley 2117,2563,yes,yes,yes,yes,yes,yes,yes,yes,yes,yes,core,within 60 minutes / 60-minute response,"60-minute response for urgent call-outs. | For Dundas Valley, emergency call-outs use 60-minute emergency response; call for unsafe faults, or send photos and details for planned work. | For this suburb, urgent call-outs follow 60-minute emergency response. | Evaready provides 60-minute emergency response for emergency call-outs in this region.",yes,yes,47,5,,,,,,
Parramatta & Cumberland,Parramatta,Eastwood,2122,/service-areas/parramatta-and-cumberland/parramatta/eastwood/,yes,Electrician Eastwood 2122 | Emergency & Level 2,"Need electrical help in Eastwood 2122? Emergency faults, Level 2 ASP, switchboards, hot water, aircon, CCTV/data and general electrical work across.",Electrician Eastwood 2122,2483,yes,yes,yes,yes,yes,yes,yes,yes,yes,yes,core,within 60 minutes / 60-minute response,"60-minute response for urgent call-outs. | For this suburb, urgent call-outs follow 60-minute emergency response. | Urgent help for partial power loss and circuit tripping and overheating power points and burning smells and after-hours business faults in Eastwood, with 60-minute emergency response. | Emergency call-outs in this region use 60-minute emergency response.",yes,yes,47,5,,,,,,
Parramatta & Cumberland,Parramatta,Epping,2121,/service-areas/parramatta-and-cumberland/parramatta/epping/,yes,Electrician Epping 2121 | Emergency & Level 2,"Need an electrician in Epping? Evaready helps with emergency faults, Level 2 ASP work, switchboards, hot water, aircon, CCTV/data and general.",Electrician Epping 2121,2524,yes,yes,yes,yes,yes,yes,yes,yes,yes,yes,core,within 60 minutes / 60-minute response,"60-minute response for urgent call-outs. | For this suburb, urgent call-outs follow 60-minute emergency response. | Evaready provides 60-minute emergency response for emergency call-outs in this region. | Urgent help for partial power loss and circuit tripping and overheating power points and burning smells and after-hours business faults in Epping, with 60-minute emergency response.",yes,yes,47,5,,,,,,
Parramatta & Cumberland,Parramatta,Ermington,2115,/service-areas/parramatta-and-cumberland/parramatta/ermington/,yes,Electrician Ermington 2115 | Emergency & Level 2,"Evaready helps Ermington with urgent faults, Level 2 ASP work, switchboards, hot water electrical, aircon, CCTV/data and planned electrical work.",Electrician Ermington 2115,2481,yes,yes,yes,yes,yes,yes,yes,yes,yes,yes,core,within 60 minutes / 60-minute response,"60-minute response for urgent call-outs. | For this suburb, urgent call-outs follow 60-minute emergency response. | Urgent help for partial power loss and circuit tripping and overheating power points and burning smells and after-hours business faults in Ermington, with 60-minute emergency response. | Emergency call-outs in this region use 60-minute emergency response.",yes,yes,47,5,,,,,,
Parramatta & Cumberland,Parramatta,Granville,2142,/service-areas/parramatta-and-cumberland/parramatta/granville/,yes,Electrician Granville 2142 | Emergency & Level 2,"Need electrical help in Granville 2142? Evaready Electrical helps with fault finding, switchboards, lighting, power, data cabling, CCTV, hot water.",Electrician Granville 2142,2531,yes,yes,yes,yes,yes,yes,yes,yes,yes,yes,core,within 60 minutes / 60-minute response,"60-minute response for urgent call-outs. | For this suburb, urgent call-outs follow 60-minute emergency response. | Evaready provides 60-minute emergency response for emergency call-outs in this region. | Urgent help for partial power loss and overheating power points and circuit tripping, damaged wiring and business-critical faults in Granville, with 60-minute emergency response.",yes,yes,47,5,,,,,,
Parramatta & Cumberland,Parramatta,Harris Park,2150,/service-areas/parramatta-and-cumberland/parramatta/harris-park/,yes,Electrician Harris Park 2150 | Emergency & Level 2,"Evaready helps Harris Park with urgent faults, Level 2 ASP work, switchboards, hot water electrical, aircon, CCTV/data and planned electrical work.",Electrician Harris Park 2150,2583,yes,yes,yes,yes,yes,yes,yes,yes,yes,yes,core,within 60 minutes / 60-minute response,"60-minute response for urgent call-outs. | For this suburb, urgent call-outs follow 60-minute emergency response. | Urgent help for partial power loss and circuit tripping and overheating power points and burning smells and after-hours business faults in Harris Park, with 60-minute emergency response. | Emergency call-outs in this region use 60-minute emergency response.",yes,yes,47,5,,,,,,
Parramatta & Cumberland,Parramatta,Mays Hill,2145,/service-areas/parramatta-and-cumberland/parramatta/mays-hill/,yes,Electrician Mays Hill 2145 | Emergency & Level 2,"Need an electrician in Mays Hill? Evaready helps with emergency faults, Level 2 ASP work, switchboards, hot water, aircon, CCTV/data and general.",Electrician Mays Hill 2145,2572,yes,yes,yes,yes,yes,yes,yes,yes,yes,yes,core,within 60 minutes / 60-minute response,"60-minute response for urgent call-outs. | For Mays Hill, emergency call-outs use 60-minute emergency response; call for unsafe faults, or send photos and details for planned work. | For this suburb, urgent call-outs follow 60-minute emergency response. | Urgent help for partial power loss and circuit tripping and overheating power points and burning smells and after-hours business faults in Mays Hill, with 60-minute emergency response.",yes,yes,47,5,,,,,,
Parramatta & Cumberland,Parramatta,Melrose Park,2114,/service-areas/parramatta-and-cumberland/parramatta/melrose-park/,yes,Electrician Melrose Park 2114 | Emergency & Level 2,"Need electrical help in Melrose Park 2114? Emergency faults, Level 2 ASP, switchboards, hot water, aircon, CCTV/data and general electrical work.",Electrician Melrose Park 2114,2555,yes,yes,yes,yes,yes,yes,yes,yes,yes,yes,core,within 60 minutes / 60-minute response,"60-minute response for urgent call-outs. | For this suburb, urgent call-outs follow 60-minute emergency response. | Urgent help for partial power loss and circuit tripping and overheating power points and burning smells and after-hours business faults in Melrose Park, with 60-minute emergency response. | Emergency call-outs in this region use 60-minute emergency response.",yes,yes,47,5,,,,,,
Parramatta & Cumberland,Parramatta,Newington,2127,/service-areas/parramatta-and-cumberland/parramatta/newington/,yes,Electrician Newington 2127 | Emergency & Level 2,"Evaready helps Newington with urgent faults, Level 2 ASP work, switchboards, hot water electrical, aircon, CCTV/data and planned electrical work.",Electrician Newington 2127,2521,yes,yes,yes,yes,yes,yes,yes,yes,yes,yes,core,within 60 minutes / 60-minute response,"60-minute response for urgent call-outs. | For this suburb, urgent call-outs follow 60-minute emergency response. | Evaready provides 60-minute emergency response for emergency call-outs in this region. | Urgent help for partial power loss and circuit tripping and overheating power points and burning smells and after-hours business faults in Newington, with 60-minute emergency response.",yes,yes,47,5,,,,,,
Parramatta & Cumberland,Parramatta,North Parramatta,2151,/service-areas/parramatta-and-cumberland/parramatta/north-parramatta/,yes,Electrician North Parramatta 2151 | Emergency & Level 2,"Evaready helps North Parramatta with urgent faults, Level 2 ASP work, switchboards, hot water electrical, aircon, CCTV/data and planned electrical work.",Electrician North Parramatta 2151,2599,yes,yes,yes,yes,yes,yes,yes,yes,yes,yes,core,within 60 minutes / 60-minute response,"60-minute response for urgent call-outs. | For this suburb, urgent call-outs follow 60-minute emergency response. | Urgent help for partial power loss and circuit tripping and overheating power points and burning smells and after-hours business faults in North Parramatta, with 60-minute emergency response. | Emergency call-outs in this region use 60-minute emergency response.",yes,yes,47,5,,,,,,
Parramatta & Cumberland,Parramatta,North Rocks,2151,/service-areas/parramatta-and-cumberland/parramatta/north-rocks/,yes,Electrician North Rocks 2151 | Emergency & Level 2,"Evaready helps North Rocks with urgent faults, Level 2 ASP work, switchboards, hot water electrical, aircon, CCTV/data and planned electrical work.",Electrician North Rocks 2151,2601,yes,yes,yes,yes,yes,yes,yes,yes,yes,yes,core,within 60 minutes / 60-minute response,"60-minute response for urgent call-outs. | For this suburb, urgent call-outs follow 60-minute emergency response. | Urgent help for partial power loss and circuit tripping and overheating power points and burning smells and after-hours business faults in North Rocks, with 60-minute emergency response. | Emergency call-outs in this region use 60-minute emergency response.",yes,yes,47,5,,,,,,
Parramatta & Cumberland,Parramatta,Northmead,2152,/service-areas/parramatta-and-cumberland/parramatta/northmead/,yes,Electrician Northmead 2152 | Emergency & Level 2,"Evaready helps Northmead with urgent faults, Level 2 ASP work, switchboards, hot water electrical, aircon, CCTV/data and planned electrical work.",Electrician Northmead 2152,2499,yes,yes,yes,yes,yes,yes,yes,yes,yes,yes,core,within 60 minutes / 60-minute response,"60-minute response for urgent call-outs. | For this suburb, urgent call-outs follow 60-minute emergency response. | Urgent help for partial power loss and circuit tripping and overheating power points and burning smells and after-hours business faults in Northmead, with 60-minute emergency response. | Emergency call-outs in this region use 60-minute emergency response.",yes,yes,47,5,,,,,,
Parramatta & Cumberland,Parramatta,Oatlands,2117,/service-areas/parramatta-and-cumberland/parramatta/oatlands/,yes,Electrician Oatlands 2117 | Emergency & Level 2,"Need an electrician in Oatlands? Evaready helps with emergency faults, Level 2 ASP work, switchboards, hot water, aircon, CCTV/data and general.",Electrician Oatlands 2117,2529,yes,yes,yes,yes,yes,yes,yes,yes,yes,yes,core,within 60 minutes / 60-minute response,"60-minute response for urgent call-outs. | For this suburb, urgent call-outs follow 60-minute emergency response. | Urgent help for partial power loss and circuit tripping and overheating power points and burning smells and after-hours business faults in Oatlands, with 60-minute emergency response. | Emergency call-outs in this region use 60-minute emergency response.",yes,yes,47,5,,,,,,
Parramatta & Cumberland,Parramatta,Old Toongabbie,2146,/service-areas/parramatta-and-cumberland/parramatta/old-toongabbie/,yes,Electrician Old Toongabbie 2146 | Emergency & Level 2,"Evaready helps Old Toongabbie with urgent faults, Level 2 ASP work, switchboards, hot water electrical, aircon, CCTV/data and planned electrical work.",Electrician Old Toongabbie 2146,2588,yes,yes,yes,yes,yes,yes,yes,yes,yes,yes,core,within 60 minutes / 60-minute response,"60-minute response for urgent call-outs. | For Old Toongabbie, emergency call-outs use 60-minute emergency response; call for unsafe faults, or send photos and details for planned work. | For this suburb, urgent call-outs follow 60-minute emergency response. | Urgent help for partial power loss and circuit tripping and overheating power points and burning smells and after-hours business faults in Old Toongabbie, with 60-minute emergency response.",yes,yes,47,5,,,,,,
Parramatta & Cumberland,Parramatta,Parramatta,2150,/service-areas/parramatta-and-cumberland/parramatta/parramatta/,yes,Electrician Parramatta 2150 | Emergency & Level 2,"Need electrical help in Parramatta 2150? Evaready Electrical helps with emergency fault finding, commercial electrical maintenance, switchboards.",Electrician Parramatta 2150,2451,yes,yes,yes,yes,yes,yes,yes,yes,yes,yes,core,within 60 minutes / 60-minute response,"60-minute response for urgent call-outs. | For this suburb, urgent call-outs follow 60-minute emergency response. | Urgent help for partial power loss and circuit tripping and overheating power points and burning smells and after-hours business faults in Parramatta, with 60-minute emergency response. | Emergency call-outs in this region use 60-minute emergency response.",yes,yes,47,5,,,,,,
Parramatta & Cumberland,Parramatta,Rosehill,2142,/service-areas/parramatta-and-cumberland/parramatta/rosehill/,yes,Electrician Rosehill 2142 | Emergency & Level 2,"Evaready helps Rosehill with urgent faults, Level 2 ASP work, switchboards, hot water electrical, aircon, CCTV/data and planned electrical work.",Electrician Rosehill 2142,2488,yes,yes,yes,yes,yes,yes,yes,yes,yes,yes,core,within 60 minutes / 60-minute response,"60-minute response for urgent call-outs. | For Rosehill, emergency call-outs use 60-minute emergency response; call for unsafe faults, or send photos and details for planned work. | For this suburb, urgent call-outs follow 60-minute emergency response. | Urgent help for partial power loss and circuit tripping and overheating power points and burning smells and after-hours business faults in Rosehill, with 60-minute emergency response.",yes,yes,47,5,,,,,,
Parramatta & Cumberland,Parramatta,Rydalmere,2116,/service-areas/parramatta-and-cumberland/parramatta/rydalmere/,yes,Electrician Rydalmere 2116 | Emergency & Level 2,"Evaready helps Rydalmere with urgent faults, Level 2 ASP work, switchboards, hot water electrical, aircon, CCTV/data and planned electrical work.",Electrician Rydalmere 2116,2472,yes,yes,yes,yes,yes,yes,yes,yes,yes,yes,core,within 60 minutes / 60-minute response,"60-minute response for urgent call-outs. | For this suburb, urgent call-outs follow 60-minute emergency response. | Urgent help for partial power loss and circuit tripping and overheating power points and burning smells and after-hours business faults in Rydalmere, with 60-minute emergency response. | Emergency call-outs in this region use 60-minute emergency response.",yes,yes,47,5,,,,,,
Parramatta & Cumberland,Parramatta,Silverwater,2128,/service-areas/parramatta-and-cumberland/parramatta/silverwater/,yes,Electrician Silverwater 2128 | Emergency & Level 2,"Evaready helps Silverwater with urgent faults, Level 2 ASP work, switchboards, hot water electrical, aircon, CCTV/data and planned electrical work.",Electrician Silverwater 2128,2482,yes,yes,yes,yes,yes,yes,yes,yes,yes,yes,core,within 60 minutes / 60-minute response,"60-minute response for urgent call-outs. | For Silverwater, emergency call-outs use 60-minute emergency response; call for unsafe faults, or send photos and details for planned work. | For this suburb, urgent call-outs follow 60-minute emergency response. | Evaready provides 60-minute emergency response for emergency call-outs in this region.",yes,yes,47,5,,,,,,
Parramatta & Cumberland,Parramatta,Sydney Olympic Park,2127,/service-areas/parramatta-and-cumberland/parramatta/sydney-olympic-park/,yes,Electrician Sydney Olympic Park 2127 | Emergency & Level 2,"Evaready helps Sydney Olympic Park with urgent faults, Level 2 ASP work, switchboards, hot water electrical, aircon, CCTV/data and planned electrical work.",Electrician Sydney Olympic Park 2127,2653,yes,yes,yes,yes,yes,yes,yes,yes,yes,yes,core,within 60 minutes / 60-minute response,"60-minute response for urgent call-outs. | For this suburb, urgent call-outs follow 60-minute emergency response. | Evaready provides 60-minute emergency response for emergency call-outs in this region. | Urgent help for partial power loss and circuit tripping and overheating power points and burning smells and after-hours business faults in Sydney Olympic Park, with 60-minute emergency response.",yes,yes,47,5,,,,,,
Parramatta & Cumberland,Parramatta,Telopea,2117,/service-areas/parramatta-and-cumberland/parramatta/telopea/,yes,Electrician Telopea 2117 | Emergency & Level 2,"Need electrical help in Telopea 2117? Emergency faults, Level 2 ASP, switchboards, hot water, aircon, CCTV/data and general electrical work across.",Electrician Telopea 2117,2506,yes,yes,yes,yes,yes,yes,yes,yes,yes,yes,core,within 60 minutes / 60-minute response,"60-minute response for urgent call-outs. | For Telopea, emergency call-outs use 60-minute emergency response; call for unsafe faults, or send photos and details for planned work. | For this suburb, urgent call-outs follow 60-minute emergency response. | Evaready provides 60-minute emergency response for emergency call-outs in this region.",yes,yes,47,5,,,,,,
Parramatta & Cumberland,Parramatta,Wentworth Point,2127,/service-areas/parramatta-and-cumberland/parramatta/wentworth-point/,yes,Electrician Wentworth Point 2127 | Emergency & Level 2,"Need an electrician in Wentworth Point? Evaready helps with emergency faults, Level 2 ASP work, switchboards, hot water, aircon, CCTV/data and general.",Electrician Wentworth Point 2127,2590,yes,yes,yes,yes,yes,yes,yes,yes,yes,yes,core,within 60 minutes / 60-minute response,"60-minute response for urgent call-outs. | For this suburb, urgent call-outs follow 60-minute emergency response. | Urgent help for partial power loss and circuit tripping and overheating power points and burning smells and after-hours business faults in Wentworth Point, with 60-minute emergency response. | Emergency call-outs in this region use 60-minute emergency response.",yes,yes,47,5,,,,,,
Western Sydney & Nepean,Blacktown,Acacia Gardens,2763,/service-areas/western-sydney-and-nepean/blacktown/acacia-gardens/,yes,Electrician Acacia Gardens 2763 | Emergency & Level 2,"Need electrical help in Acacia Gardens 2763? Emergency faults, Level 2 ASP, switchboards, hot water, aircon, CCTV/data and general electrical work.",Electrician Acacia Gardens 2763,2619,yes,yes,yes,yes,yes,yes,yes,yes,yes,yes,greater,within 90 minutes / 90-minute response,"90-minute response for urgent call-outs across greater regions. | For this suburb, urgent call-outs follow 90-minute emergency response. | Urgent help for partial power loss and overheating power points and circuit tripping, damaged wiring and business-critical faults in Acacia Gardens, with 90-minute emergency response. | Emergency call-outs in this region use 90-minute emergency response.",yes,yes,47,5,,,,,,
Western Sydney & Nepean,Blacktown,Arndell Park,2148,/service-areas/western-sydney-and-nepean/blacktown/arndell-park/,yes,Electrician Arndell Park 2148 | Emergency & Level 2,"Need an electrician in Arndell Park? Evaready helps with emergency faults, Level 2 ASP work, switchboards, hot water, aircon, CCTV/data and general.",Electrician Arndell Park 2148,2552,yes,yes,yes,yes,yes,yes,yes,yes,yes,yes,greater,within 90 minutes / 90-minute response,"90-minute response for urgent call-outs across greater regions. | For this suburb, urgent call-outs follow 90-minute emergency response. | Urgent help for partial power loss and overheating power points and circuit tripping, damaged wiring and business-critical faults in Arndell Park, with 90-minute emergency response. | Emergency call-outs in this region use 90-minute emergency response.",yes,yes,47,5,,,,,,
Western Sydney & Nepean,Blacktown,Bidwill,2770,/service-areas/western-sydney-and-nepean/blacktown/bidwill/,yes,Electrician Bidwill 2770 | Emergency & Level 2,"Need electrical help in Bidwill 2770? Emergency faults, Level 2 ASP, switchboards, hot water, aircon, CCTV/data and general electrical work across.",Electrician Bidwill 2770,2534,yes,yes,yes,yes,yes,yes,yes,yes,yes,yes,greater,within 90 minutes / 90-minute response,"90-minute response for urgent call-outs across greater regions. | For this suburb, urgent call-outs follow 90-minute emergency response. | Urgent help for partial power loss and overheating power points and circuit tripping, damaged wiring and business-critical faults in Bidwill, with 90-minute emergency response. | Emergency call-outs in this region use 90-minute emergency response.",yes,yes,47,5,,,,,,
Western Sydney & Nepean,Blacktown,Blackett,2770,/service-areas/western-sydney-and-nepean/blacktown/blackett/,yes,Electrician Blackett 2770 | Emergency & Level 2,"Need an electrician in Blackett? Evaready helps with emergency faults, Level 2 ASP work, switchboards, hot water, aircon, CCTV/data and general.",Electrician Blackett 2770,2499,yes,yes,yes,yes,yes,yes,yes,yes,yes,yes,greater,within 90 minutes / 90-minute response,"90-minute response for urgent call-outs across greater regions. | For this suburb, urgent call-outs follow 90-minute emergency response. | Urgent help for partial power loss and overheating power points and circuit tripping, damaged wiring and business-critical faults in Blackett, with 90-minute emergency response. | Emergency call-outs in this region use 90-minute emergency response.",yes,yes,47,5,,,,,,
Western Sydney & Nepean,Blacktown,Blacktown,2148,/service-areas/western-sydney-and-nepean/blacktown/blacktown/,yes,Electrician Blacktown 2148 | Emergency & Level 2,"Evaready Electrical helps with emergency faults, switchboards, lighting, power, data, CCTV and Level 2 enquiries.",Electrician Blacktown 2148,2496,yes,yes,yes,yes,yes,yes,yes,yes,yes,yes,greater,within 90 minutes / 90-minute response,"90-minute response for urgent call-outs across greater regions. | For this suburb, urgent call-outs follow 90-minute emergency response. | Urgent help for partial power loss and overheating power points and circuit tripping, damaged wiring and business-critical faults in Blacktown, with 90-minute emergency response. | Emergency call-outs in this region use 90-minute emergency response.",yes,yes,47,5,,,,,,
Western Sydney & Nepean,Blacktown,Bungarribee,2767,/service-areas/western-sydney-and-nepean/blacktown/bungarribee/,yes,Electrician Bungarribee 2767 | Emergency & Level 2,"Evaready helps Bungarribee with urgent faults, Level 2 ASP work, switchboards, hot water electrical, aircon, CCTV/data and planned electrical work.",Electrician Bungarribee 2767,2535,yes,yes,yes,yes,yes,yes,yes,yes,yes,yes,greater,within 90 minutes / 90-minute response,"90-minute response for urgent call-outs across greater regions. | For this suburb, urgent call-outs follow 90-minute emergency response. | Urgent help for partial power loss and overheating power points and circuit tripping, damaged wiring and business-critical faults in Bungarribee, with 90-minute emergency response. | Emergency call-outs in this region use 90-minute emergency response.",yes,yes,47,5,,,,,,
Western Sydney & Nepean,Blacktown,Colebee,2761,/service-areas/western-sydney-and-nepean/blacktown/colebee/,yes,Electrician Colebee 2761 | Emergency & Level 2,"Need electrical help in Colebee 2761? Emergency faults, Level 2 ASP, switchboards, hot water, aircon, CCTV/data and general electrical work across.",Electrician Colebee 2761,2518,yes,yes,yes,yes,yes,yes,yes,yes,yes,yes,greater,within 90 minutes / 90-minute response,"90-minute response for urgent call-outs across greater regions. | For this suburb, urgent call-outs follow 90-minute emergency response. | Urgent help for partial power loss and overheating power points and circuit tripping, damaged wiring and business-critical faults in Colebee, with 90-minute emergency response. | Emergency call-outs in this region use 90-minute emergency response.",yes,yes,47,5,,,,,,
Western Sydney & Nepean,Blacktown,Dean Park,2761,/service-areas/western-sydney-and-nepean/blacktown/dean-park/,yes,Electrician Dean Park 2761 | Emergency & Level 2,"Evaready helps Dean Park with urgent faults, Level 2 ASP work, switchboards, hot water electrical, aircon, CCTV/data and planned electrical work.",Electrician Dean Park 2761,2614,yes,yes,yes,yes,yes,yes,yes,yes,yes,yes,greater,within 90 minutes / 90-minute response,"90-minute response for urgent call-outs across greater regions. | For Dean Park, emergency call-outs use 90-minute emergency response; call for unsafe faults, or send photos and details for planned work. | For this suburb, urgent call-outs follow 90-minute emergency response. | Urgent help for partial power loss and overheating power points and circuit tripping, damaged wiring and business-critical faults in Dean Park, with 90-minute emergency response.",yes,yes,47,5,,,,,,
Western Sydney & Nepean,Blacktown,Dharruk,2770,/service-areas/western-sydney-and-nepean/blacktown/dharruk/,yes,Electrician Dharruk 2770 | Emergency & Level 2,"Need an electrician in Dharruk? Evaready helps with emergency faults, Level 2 ASP work, switchboards, hot water, aircon, CCTV/data and general.",Electrician Dharruk 2770,2517,yes,yes,yes,yes,yes,yes,yes,yes,yes,yes,greater,within 90 minutes / 90-minute response,"90-minute response for urgent call-outs across greater regions. | For this suburb, urgent call-outs follow 90-minute emergency response. | Urgent help for partial power loss and overheating power points and circuit tripping, damaged wiring and business-critical faults in Dharruk, with 90-minute emergency response. | Emergency call-outs in this region use 90-minute emergency response.",yes,yes,47,5,,,,,,
Western Sydney & Nepean,Blacktown,Doonside,2767,/service-areas/western-sydney-and-nepean/blacktown/doonside/,yes,Electrician Doonside 2767 | Emergency & Level 2,"Need an electrician in Doonside? Evaready helps with emergency faults, Level 2 ASP work, switchboards, hot water, aircon, CCTV/data and general.",Electrician Doonside 2767,2513,yes,yes,yes,yes,yes,yes,yes,yes,yes,yes,greater,within 90 minutes / 90-minute response,"90-minute response for urgent call-outs across greater regions. | For Doonside, emergency call-outs use 90-minute emergency response; call for unsafe faults, or send photos and details for planned work. | For this suburb, urgent call-outs follow 90-minute emergency response. | Evaready provides 90-minute emergency response for emergency call-outs in this region.",yes,yes,47,5,,,,,,
Western Sydney & Nepean,Blacktown,Eastern Creek,2766,/service-areas/western-sydney-and-nepean/blacktown/eastern-creek/,yes,Electrician Eastern Creek 2766 | Emergency & Level 2,"Need an electrician in Eastern Creek? Evaready helps with emergency faults, Level 2 ASP work, switchboards, hot water, aircon, CCTV/data and general.",Electrician Eastern Creek 2766,2593,yes,yes,yes,yes,yes,yes,yes,yes,yes,yes,greater,within 90 minutes / 90-minute response,"90-minute response for urgent call-outs across greater regions. | For Eastern Creek, emergency call-outs use 90-minute emergency response; call for unsafe faults, or send photos and details for planned work. | For this suburb, urgent call-outs follow 90-minute emergency response. | Urgent help for partial power loss and overheating power points and circuit tripping, damaged wiring and business-critical faults in Eastern Creek, with 90-minute emergency response.",yes,yes,47,5,,,,,,
Western Sydney & Nepean,Blacktown,Emerton,2770,/service-areas/western-sydney-and-nepean/blacktown/emerton/,yes,Electrician Emerton 2770 | Emergency & Level 2,"Need electrical help in Emerton 2770? Emergency faults, Level 2 ASP, switchboards, hot water, aircon, CCTV/data and general electrical work across.",Electrician Emerton 2770,2500,yes,yes,yes,yes,yes,yes,yes,yes,yes,yes,greater,within 90 minutes / 90-minute response,"90-minute response for urgent call-outs across greater regions. | For this suburb, urgent call-outs follow 90-minute emergency response. | Urgent help for partial power loss and overheating power points and circuit tripping, damaged wiring and business-critical faults in Emerton, with 90-minute emergency response. | Emergency call-outs in this region use 90-minute emergency response.",yes,yes,47,5,,,,,,
Western Sydney & Nepean,Blacktown,Glendenning,2761,/service-areas/western-sydney-and-nepean/blacktown/glendenning/,yes,Electrician Glendenning 2761 | Emergency & Level 2,"Need electrical help in Glendenning 2761? Emergency faults, Level 2 ASP, switchboards, hot water, aircon, CCTV/data and general electrical work across.",Electrician Glendenning 2761,2528,yes,yes,yes,yes,yes,yes,yes,yes,yes,yes,greater,within 90 minutes / 90-minute response,"90-minute response for urgent call-outs across greater regions. | For this suburb, urgent call-outs follow 90-minute emergency response. | Urgent help for partial power loss and overheating power points and circuit tripping, damaged wiring and business-critical faults in Glendenning, with 90-minute emergency response. | Emergency call-outs in this region use 90-minute emergency response.",yes,yes,47,5,,,,,,
Western Sydney & Nepean,Blacktown,Glenwood,2768,/service-areas/western-sydney-and-nepean/blacktown/glenwood/,yes,Electrician Glenwood 2768 | Emergency & Level 2,"Evaready helps Glenwood with urgent faults, Level 2 ASP work, switchboards, hot water electrical, aircon, CCTV/data and planned electrical work.",Electrician Glenwood 2768,2524,yes,yes,yes,yes,yes,yes,yes,yes,yes,yes,greater,within 90 minutes / 90-minute response,"90-minute response for urgent call-outs across greater regions. | For this suburb, urgent call-outs follow 90-minute emergency response. | Urgent help for partial power loss and overheating power points and circuit tripping, damaged wiring and business-critical faults in Glenwood, with 90-minute emergency response. | Emergency call-outs in this region use 90-minute emergency response.",yes,yes,47,5,,,,,,
Western Sydney & Nepean,Blacktown,Hassall Grove,2761,/service-areas/western-sydney-and-nepean/blacktown/hassall-grove/,yes,Electrician Hassall Grove 2761 | Emergency & Level 2,"Evaready helps Hassall Grove with urgent faults, Level 2 ASP work, switchboards, hot water electrical, aircon, CCTV/data and planned electrical work.",Electrician Hassall Grove 2761,2607,yes,yes,yes,yes,yes,yes,yes,yes,yes,yes,greater,within 90 minutes / 90-minute response,"90-minute response for urgent call-outs across greater regions. | For Hassall Grove, emergency call-outs use 90-minute emergency response; call for unsafe faults, or send photos and details for planned work. | For this suburb, urgent call-outs follow 90-minute emergency response. | Urgent help for partial power loss and overheating power points and circuit tripping, damaged wiring and business-critical faults in Hassall Grove, with 90-minute emergency response.",yes,yes,47,5,,,,,,
Western Sydney & Nepean,Blacktown,Hebersham,2770,/service-areas/western-sydney-and-nepean/blacktown/hebersham/,yes,Electrician Hebersham 2770 | Emergency & Level 2,"Need electrical help in Hebersham 2770? Emergency faults, Level 2 ASP, switchboards, hot water, aircon, CCTV/data and general electrical work across.",Electrician Hebersham 2770,2530,yes,yes,yes,yes,yes,yes,yes,yes,yes,yes,greater,within 90 minutes / 90-minute response,"90-minute response for urgent call-outs across greater regions. | For Hebersham, emergency call-outs use 90-minute emergency response; call for unsafe faults, or send photos and details for planned work. | For this suburb, urgent call-outs follow 90-minute emergency response. | Urgent help for partial power loss and overheating power points and circuit tripping, damaged wiring and business-critical faults in Hebersham, with 90-minute emergency response.",yes,yes,47,5,,,,,,
Western Sydney & Nepean,Blacktown,Kellyville Ridge,2155,/service-areas/western-sydney-and-nepean/blacktown/kellyville-ridge/,yes,Electrician Kellyville Ridge 2155 | Emergency & Level 2,"Need electrical help in Kellyville Ridge 2155? Emergency faults, Level 2 ASP, switchboards, hot water, aircon, CCTV/data and general electrical work.",Electrician Kellyville Ridge 2155,2599,yes,yes,yes,yes,yes,yes,yes,yes,yes,yes,greater,within 90 minutes / 90-minute response,"90-minute response for urgent call-outs across greater regions. | For this suburb, urgent call-outs follow 90-minute emergency response. | Urgent help for partial power loss and overheating power points and circuit tripping, damaged wiring and business-critical faults in Kellyville Ridge, with 90-minute emergency response. | Emergency call-outs in this region use 90-minute emergency response.",yes,yes,47,5,,,,,,
Western Sydney & Nepean,Blacktown,Kings Langley,2147,/service-areas/western-sydney-and-nepean/blacktown/kings-langley/,yes,Electrician Kings Langley 2147 | Emergency & Level 2,"Need electrical help in Kings Langley 2147? Emergency faults, Level 2 ASP, switchboards, hot water, aircon, CCTV/data and general electrical work.",Electrician Kings Langley 2147,2590,yes,yes,yes,yes,yes,yes,yes,yes,yes,yes,greater,within 90 minutes / 90-minute response,"90-minute response for urgent call-outs across greater regions. | For Kings Langley, emergency call-outs use 90-minute emergency response; call for unsafe faults, or send photos and details for planned work. | For this suburb, urgent call-outs follow 90-minute emergency response. | Evaready provides 90-minute emergency response for emergency call-outs in this region.",yes,yes,47,5,,,,,,
Western Sydney & Nepean,Blacktown,Kings Park,2148,/service-areas/western-sydney-and-nepean/blacktown/kings-park/,yes,Electrician Kings Park 2148 | Emergency & Level 2,"Need electrical help in Kings Park 2148? Emergency faults, Level 2 ASP, switchboards, hot water, aircon, CCTV/data and general electrical work across.",Electrician Kings Park 2148,2593,yes,yes,yes,yes,yes,yes,yes,yes,yes,yes,greater,within 90 minutes / 90-minute response,"90-minute response for urgent call-outs across greater regions. | For this suburb, urgent call-outs follow 90-minute emergency response. | Urgent help for partial power loss and overheating power points and circuit tripping, damaged wiring and business-critical faults in Kings Park, with 90-minute emergency response. | Emergency call-outs in this region use 90-minute emergency response.",yes,yes,47,5,,,,,,
Western Sydney & Nepean,Blacktown,Lalor Park,2147,/service-areas/western-sydney-and-nepean/blacktown/lalor-park/,yes,Electrician Lalor Park 2147 | Emergency & Level 2,"Need electrical help in Lalor Park 2147? Emergency faults, Level 2 ASP, switchboards, hot water, aircon, CCTV/data and general electrical work across.",Electrician Lalor Park 2147,2590,yes,yes,yes,yes,yes,yes,yes,yes,yes,yes,greater,within 90 minutes / 90-minute response,"90-minute response for urgent call-outs across greater regions. | For this suburb, urgent call-outs follow 90-minute emergency response. | Urgent help for partial power loss and overheating power points and circuit tripping, damaged wiring and business-critical faults in Lalor Park, with 90-minute emergency response. | Emergency call-outs in this region use 90-minute emergency response.",yes,yes,47,5,,,,,,
Western Sydney & Nepean,Blacktown,Lethbridge Park,2770,/service-areas/western-sydney-and-nepean/blacktown/lethbridge-park/,yes,Electrician Lethbridge Park 2770 | Emergency & Level 2,"Evaready helps Lethbridge Park with urgent faults, Level 2 ASP work, switchboards, hot water electrical, aircon, CCTV/data and planned electrical work.",Electrician Lethbridge Park 2770,2622,yes,yes,yes,yes,yes,yes,yes,yes,yes,yes,greater,within 90 minutes / 90-minute response,"90-minute response for urgent call-outs across greater regions. | For this suburb, urgent call-outs follow 90-minute emergency response. | Urgent help for partial power loss and overheating power points and circuit tripping, damaged wiring and business-critical faults in Lethbridge Park, with 90-minute emergency response. | Emergency call-outs in this region use 90-minute emergency response.",yes,yes,47,5,,,,,,
Western Sydney & Nepean,Blacktown,Marayong,2148,/service-areas/western-sydney-and-nepean/blacktown/marayong/,yes,Electrician Marayong 2148 | Emergency & Level 2,"Need electrical help in Marayong 2148? Emergency faults, Level 2 ASP, switchboards, hot water, aircon, CCTV/data and general electrical work across.",Electrician Marayong 2148,2488,yes,yes,yes,yes,yes,yes,yes,yes,yes,yes,greater,within 90 minutes / 90-minute response,"90-minute response for urgent call-outs across greater regions. | For Marayong, emergency call-outs use 90-minute emergency response; call for unsafe faults, or send photos and details for planned work. | For this suburb, urgent call-outs follow 90-minute emergency response. | Urgent help for partial power loss and overheating power points and circuit tripping, damaged wiring and business-critical faults in Marayong, with 90-minute emergency response.",yes,yes,47,5,,,,,,
Western Sydney & Nepean,Blacktown,Marsden Park,2765,/service-areas/western-sydney-and-nepean/blacktown/marsden-park/,yes,Electrician Marsden Park 2765 | Emergency & Level 2,"Evaready helps Marsden Park with urgent faults, Level 2 ASP work, switchboards, hot water electrical, aircon, CCTV/data and planned electrical work.",Electrician Marsden Park 2765,2580,yes,yes,yes,yes,yes,yes,yes,yes,yes,yes,greater,within 90 minutes / 90-minute response,"90-minute response for urgent call-outs across greater regions. | For this suburb, urgent call-outs follow 90-minute emergency response. | Urgent help for partial power loss and overheating power points and circuit tripping, damaged wiring and business-critical faults in Marsden Park, with 90-minute emergency response. | Emergency call-outs in this region use 90-minute emergency response.",yes,yes,47,5,,,,,,
Western Sydney & Nepean,Blacktown,Minchinbury,2770,/service-areas/western-sydney-and-nepean/blacktown/minchinbury/,yes,Electrician Minchinbury 2770 | Emergency & Level 2,"Need electrical help in Minchinbury 2770? Emergency faults, Level 2 ASP, switchboards, hot water, aircon, CCTV/data and general electrical work across.",Electrician Minchinbury 2770,2505,yes,yes,yes,yes,yes,yes,yes,yes,yes,yes,greater,within 90 minutes / 90-minute response,"90-minute response for urgent call-outs across greater regions. | For this suburb, urgent call-outs follow 90-minute emergency response. | Urgent help for partial power loss and overheating power points and circuit tripping, damaged wiring and business-critical faults in Minchinbury, with 90-minute emergency response. | Emergency call-outs in this region use 90-minute emergency response.",yes,yes,47,5,,,,,,
Western Sydney & Nepean,Blacktown,Mount Druitt,2770,/service-areas/western-sydney-and-nepean/blacktown/mount-druitt/,yes,Electrician Mount Druitt 2770 | Emergency & Level 2,"Evaready helps Mount Druitt with urgent faults, Level 2 ASP work, switchboards, hot water electrical, aircon, CCTV/data and planned electrical work.",Electrician Mount Druitt 2770,2616,yes,yes,yes,yes,yes,yes,yes,yes,yes,yes,greater,within 90 minutes / 90-minute response,"90-minute response for urgent call-outs across greater regions. | For Mount Druitt, emergency call-outs use 90-minute emergency response; call for unsafe faults, or send photos and details for planned work. | For this suburb, urgent call-outs follow 90-minute emergency response. | Urgent help for partial power loss and overheating power points and circuit tripping, damaged wiring and business-critical faults in Mount Druitt, with 90-minute emergency response.",yes,yes,47,5,,,,,,
Western Sydney & Nepean,Blacktown,Oakhurst,2761,/service-areas/western-sydney-and-nepean/blacktown/oakhurst/,yes,Electrician Oakhurst 2761 | Emergency & Level 2,"Need an electrician in Oakhurst? Evaready helps with emergency faults, Level 2 ASP work, switchboards, hot water, aircon, CCTV/data and general.",Electrician Oakhurst 2761,2538,yes,yes,yes,yes,yes,yes,yes,yes,yes,yes,greater,within 90 minutes / 90-minute response,"90-minute response for urgent call-outs across greater regions. | For this suburb, urgent call-outs follow 90-minute emergency response. | Evaready provides 90-minute emergency response for emergency call-outs in this region. | Urgent help for partial power loss and overheating power points and circuit tripping, damaged wiring and business-critical faults in Oakhurst, with 90-minute emergency response.",yes,yes,47,5,,,,,,
Western Sydney & Nepean,Blacktown,Parklea,2768,/service-areas/western-sydney-and-nepean/blacktown/parklea/,yes,Electrician Parklea 2768 | Emergency & Level 2,"Need an electrician in Parklea? Evaready helps with emergency faults, Level 2 ASP work, switchboards, hot water, aircon, CCTV/data and general.",Electrician Parklea 2768,2514,yes,yes,yes,yes,yes,yes,yes,yes,yes,yes,greater,within 90 minutes / 90-minute response,"90-minute response for urgent call-outs across greater regions. | For this suburb, urgent call-outs follow 90-minute emergency response. | Urgent help for partial power loss and overheating power points and circuit tripping, damaged wiring and business-critical faults in Parklea, with 90-minute emergency response. | Emergency call-outs in this region use 90-minute emergency response.",yes,yes,47,5,,,,,,
Western Sydney & Nepean,Blacktown,Plumpton,2761,/service-areas/western-sydney-and-nepean/blacktown/plumpton/,yes,Electrician Plumpton 2761 | Emergency & Level 2,"Need electrical help in Plumpton 2761? Emergency faults, Level 2 ASP, switchboards, hot water, aircon, CCTV/data and general electrical work across.",Electrician Plumpton 2761,2510,yes,yes,yes,yes,yes,yes,yes,yes,yes,yes,greater,within 90 minutes / 90-minute response,"90-minute response for urgent call-outs across greater regions. | For this suburb, urgent call-outs follow 90-minute emergency response. | Evaready provides 90-minute emergency response for emergency call-outs in this region. | Urgent help for partial power loss and overheating power points and circuit tripping, damaged wiring and business-critical faults in Plumpton, with 90-minute emergency response.",yes,yes,47,5,,,,,,
Western Sydney & Nepean,Blacktown,Prospect,2148,/service-areas/western-sydney-and-nepean/blacktown/prospect/,yes,Electrician Prospect 2148 | Emergency & Level 2,"Need electrical help in Prospect 2148? Emergency faults, Level 2 ASP, switchboards, hot water, aircon, CCTV/data and general electrical work across.",Electrician Prospect 2148,2490,yes,yes,yes,yes,yes,yes,yes,yes,yes,yes,greater,within 90 minutes / 90-minute response,"90-minute response for urgent call-outs across greater regions. | For this suburb, urgent call-outs follow 90-minute emergency response. | Urgent help for partial power loss and overheating power points and circuit tripping, damaged wiring and business-critical faults in Prospect, with 90-minute emergency response. | Emergency call-outs in this region use 90-minute emergency response.",yes,yes,47,5,,,,,,
Western Sydney & Nepean,Blacktown,Quakers Hill,2763,/service-areas/western-sydney-and-nepean/blacktown/quakers-hill/,yes,Electrician Quakers Hill 2763 | Emergency & Level 2,"Need an electrician in Quakers Hill? Evaready helps with emergency faults, Level 2 ASP work, switchboards, hot water, aircon, CCTV/data and general.",Electrician Quakers Hill 2763,2631,yes,yes,yes,yes,yes,yes,yes,yes,yes,yes,greater,within 90 minutes / 90-minute response,"90-minute response for urgent call-outs across greater regions. | For this suburb, urgent call-outs follow 90-minute emergency response. | Evaready provides 90-minute emergency response for emergency call-outs in this region. | Urgent help for partial power loss and overheating power points and circuit tripping, damaged wiring and business-critical faults in Quakers Hill, with 90-minute emergency response.",yes,yes,47,5,,,,,,
Western Sydney & Nepean,Blacktown,Riverstone,2765,/service-areas/western-sydney-and-nepean/blacktown/riverstone/,yes,Electrician Riverstone 2765 | Emergency & Level 2,"Evaready helps Riverstone with urgent faults, Level 2 ASP work, switchboards, hot water electrical, aircon, CCTV/data and planned electrical work.",Electrician Riverstone 2765,2532,yes,yes,yes,yes,yes,yes,yes,yes,yes,yes,greater,within 90 minutes / 90-minute response,"90-minute response for urgent call-outs across greater regions. | For this suburb, urgent call-outs follow 90-minute emergency response. | Urgent help for partial power loss and overheating power points and circuit tripping, damaged wiring and business-critical faults in Riverstone, with 90-minute emergency response. | Emergency call-outs in this region use 90-minute emergency response.",yes,yes,47,5,,,,,,
Western Sydney & Nepean,Blacktown,Rooty Hill,2766,/service-areas/western-sydney-and-nepean/blacktown/rooty-hill/,yes,Electrician Rooty Hill 2766 | Emergency & Level 2,"Need an electrician in Rooty Hill? Evaready helps with emergency faults, Level 2 ASP work, switchboards, hot water, aircon, CCTV/data and general.",Electrician Rooty Hill 2766,2615,yes,yes,yes,yes,yes,yes,yes,yes,yes,yes,greater,within 90 minutes / 90-minute response,"90-minute response for urgent call-outs across greater regions. | For this suburb, urgent call-outs follow 90-minute emergency response. | Urgent help for partial power loss and overheating power points and circuit tripping, damaged wiring and business-critical faults in Rooty Hill, with 90-minute emergency response. | Emergency call-outs in this region use 90-minute emergency response.",yes,yes,47,5,,,,,,
Western Sydney & Nepean,Blacktown,Ropes Crossing,2760,/service-areas/western-sydney-and-nepean/blacktown/ropes-crossing/,yes,Electrician Ropes Crossing 2760 | Emergency & Level 2,"Evaready helps Ropes Crossing with urgent faults, Level 2 ASP work, switchboards, hot water electrical, aircon, CCTV/data and planned electrical work.",Electrician Ropes Crossing 2760,2605,yes,yes,yes,yes,yes,yes,yes,yes,yes,yes,greater,within 90 minutes / 90-minute response,"90-minute response for urgent call-outs across greater regions. | For this suburb, urgent call-outs follow 90-minute emergency response. | Urgent help for partial power loss and overheating power points and circuit tripping, damaged wiring and business-critical faults in Ropes Crossing, with 90-minute emergency response. | Emergency call-outs in this region use 90-minute emergency response.",yes,yes,47,5,,,,,,
Western Sydney & Nepean,Blacktown,Schofields,2762,/service-areas/western-sydney-and-nepean/blacktown/schofields/,yes,Electrician Schofields 2762 | Emergency & Level 2,"Need electrical help in Schofields 2762? Emergency faults, Level 2 ASP, switchboards, hot water, aircon, CCTV/data and general electrical work across.",Electrician Schofields 2762,2516,yes,yes,yes,yes,yes,yes,yes,yes,yes,yes,greater,within 90 minutes / 90-minute response,"90-minute response for urgent call-outs across greater regions. | For Schofields, emergency call-outs use 90-minute emergency response; call for unsafe faults, or send photos and details for planned work. | For this suburb, urgent call-outs follow 90-minute emergency response. | Urgent help for partial power loss and overheating power points and circuit tripping, damaged wiring and business-critical faults in Schofields, with 90-minute emergency response.",yes,yes,47,5,,,,,,
Western Sydney & Nepean,Blacktown,Seven Hills,2147,/service-areas/western-sydney-and-nepean/blacktown/seven-hills/,yes,Electrician Seven Hills 2147 | Emergency & Level 2,"Need electrical help in Seven Hills 2147? Emergency faults, Level 2 ASP, switchboards, hot water, aircon, CCTV/data and general electrical work across.",Electrician Seven Hills 2147,2607,yes,yes,yes,yes,yes,yes,yes,yes,yes,yes,greater,within 90 minutes / 90-minute response,"90-minute response for urgent call-outs across greater regions. | For this suburb, urgent call-outs follow 90-minute emergency response. | Urgent help for partial power loss and overheating power points and circuit tripping, damaged wiring and business-critical faults in Seven Hills, with 90-minute emergency response. | Emergency call-outs in this region use 90-minute emergency response.",yes,yes,47,5,,,,,,
Western Sydney & Nepean,Blacktown,Shalvey,2770,/service-areas/western-sydney-and-nepean/blacktown/shalvey/,yes,Electrician Shalvey 2770 | Emergency & Level 2,"Need electrical help in Shalvey 2770? Emergency faults, Level 2 ASP, switchboards, hot water, aircon, CCTV/data and general electrical work across.",Electrician Shalvey 2770,2500,yes,yes,yes,yes,yes,yes,yes,yes,yes,yes,greater,within 90 minutes / 90-minute response,"90-minute response for urgent call-outs across greater regions. | For this suburb, urgent call-outs follow 90-minute emergency response. | Evaready provides 90-minute emergency response for emergency call-outs in this region. | Urgent help for partial power loss and overheating power points and circuit tripping, damaged wiring and business-critical faults in Shalvey, with 90-minute emergency response.",yes,yes,47,5,,,,,,
Western Sydney & Nepean,Blacktown,Shanes Park,2747,/service-areas/western-sydney-and-nepean/blacktown/shanes-park/,yes,Electrician Shanes Park 2747 | Emergency & Level 2,"Need electrical help in Shanes Park 2747? Emergency faults, Level 2 ASP, switchboards, hot water, aircon, CCTV/data and general electrical work across.",Electrician Shanes Park 2747,2635,yes,yes,yes,yes,yes,yes,yes,yes,yes,yes,greater,within 90 minutes / 90-minute response,"90-minute response for urgent call-outs across greater regions. | For this suburb, urgent call-outs follow 90-minute emergency response. | Urgent help for partial power loss and overheating power points and circuit tripping, damaged wiring and business-critical faults in Shanes Park, with 90-minute emergency response. | Emergency call-outs in this region use 90-minute emergency response.",yes,yes,47,5,,,,,,
Western Sydney & Nepean,Blacktown,Stanhope Gardens,2768,/service-areas/western-sydney-and-nepean/blacktown/stanhope-gardens/,yes,Electrician Stanhope Gardens 2768 | Emergency & Level 2,"Evaready helps Stanhope Gardens with urgent faults, Level 2 ASP work, switchboards, hot water electrical, aircon, CCTV/data and planned electrical work.",Electrician Stanhope Gardens 2768,2596,yes,yes,yes,yes,yes,yes,yes,yes,yes,yes,greater,within 90 minutes / 90-minute response,"90-minute response for urgent call-outs across greater regions. | For this suburb, urgent call-outs follow 90-minute emergency response. | Evaready provides 90-minute emergency response for emergency call-outs in this region. | Urgent help for partial power loss and overheating power points and circuit tripping, damaged wiring and business-critical faults in Stanhope Gardens, with 90-minute emergency response.",yes,yes,47,5,,,,,,
Western Sydney & Nepean,Blacktown,The Ponds,2769,/service-areas/western-sydney-and-nepean/blacktown/the-ponds/,yes,Electrician The Ponds 2769 | Emergency & Level 2,"Need an electrician in The Ponds? Evaready helps with emergency faults, Level 2 ASP work, switchboards, hot water, aircon, CCTV/data and general.",Electrician The Ponds 2769,2600,yes,yes,yes,yes,yes,yes,yes,yes,yes,yes,greater,within 90 minutes / 90-minute response,"90-minute response for urgent call-outs across greater regions. | For The Ponds, emergency call-outs use 90-minute emergency response; call for unsafe faults, or send photos and details for planned work. | For this suburb, urgent call-outs follow 90-minute emergency response. | Evaready provides 90-minute emergency response for emergency call-outs in this region.",yes,yes,47,5,,,,,,
Western Sydney & Nepean,Blacktown,Toongabbie,2146,/service-areas/western-sydney-and-nepean/blacktown/toongabbie/,yes,Electrician Toongabbie 2146 | Emergency & Level 2,"Need an electrician in Toongabbie? Evaready helps with emergency faults, Level 2 ASP work, switchboards, hot water, aircon, CCTV/data and general.",Electrician Toongabbie 2146,2507,yes,yes,yes,yes,yes,yes,yes,yes,yes,yes,greater,within 90 minutes / 90-minute response,"90-minute response for urgent call-outs across greater regions. | For this suburb, urgent call-outs follow 90-minute emergency response. | Urgent help for partial power loss and overheating power points and circuit tripping, damaged wiring and business-critical faults in Toongabbie, with 90-minute emergency response. | Emergency call-outs in this region use 90-minute emergency response.",yes,yes,47,5,,,,,,
Western Sydney & Nepean,Blacktown,Tregear,2770,/service-areas/western-sydney-and-nepean/blacktown/tregear/,yes,Electrician Tregear 2770 | Emergency & Level 2,"Evaready helps Tregear with urgent faults, Level 2 ASP work, switchboards, hot water electrical, aircon, CCTV/data and planned electrical work.",Electrician Tregear 2770,2508,yes,yes,yes,yes,yes,yes,yes,yes,yes,yes,greater,within 90 minutes / 90-minute response,"90-minute response for urgent call-outs across greater regions. | For Tregear, emergency call-outs use 90-minute emergency response; call for unsafe faults, or send photos and details for planned work. | For this suburb, urgent call-outs follow 90-minute emergency response. | Evaready provides 90-minute emergency response for emergency call-outs in this region.",yes,yes,47,5,,,,,,
Western Sydney & Nepean,Blacktown,Whalan,2770,/service-areas/western-sydney-and-nepean/blacktown/whalan/,yes,Electrician Whalan 2770 | Emergency & Level 2,"Need an electrician in Whalan? Evaready helps with emergency faults, Level 2 ASP work, switchboards, hot water, aircon, CCTV/data and general.",Electrician Whalan 2770,2500,yes,yes,yes,yes,yes,yes,yes,yes,yes,yes,greater,within 90 minutes / 90-minute response,"90-minute response for urgent call-outs across greater regions. | For Whalan, emergency call-outs use 90-minute emergency response; call for unsafe faults, or send photos and details for planned work. | For this suburb, urgent call-outs follow 90-minute emergency response. | Urgent help for partial power loss and overheating power points and circuit tripping, damaged wiring and business-critical faults in Whalan, with 90-minute emergency response.",yes,yes,47,5,,,,,,
Western Sydney & Nepean,Blacktown,Willmot,2770,/service-areas/western-sydney-and-nepean/blacktown/willmot/,yes,Electrician Willmot 2770 | Emergency & Level 2,"Evaready helps Willmot with urgent faults, Level 2 ASP work, switchboards, hot water electrical, aircon, CCTV/data and planned electrical work.",Electrician Willmot 2770,2525,yes,yes,yes,yes,yes,yes,yes,yes,yes,yes,greater,within 90 minutes / 90-minute response,"90-minute response for urgent call-outs across greater regions. | For Willmot, emergency call-outs use 90-minute emergency response; call for unsafe faults, or send photos and details for planned work. | For this suburb, urgent call-outs follow 90-minute emergency response. | Evaready provides 90-minute emergency response for emergency call-outs in this region.",yes,yes,47,5,,,,,,
Western Sydney & Nepean,Blacktown,Woodcroft,2767,/service-areas/western-sydney-and-nepean/blacktown/woodcroft/,yes,Electrician Woodcroft 2767 | Emergency & Level 2,"Evaready helps Woodcroft with urgent faults, Level 2 ASP work, switchboards, hot water electrical, aircon, CCTV/data and planned electrical work.",Electrician Woodcroft 2767,2500,yes,yes,yes,yes,yes,yes,yes,yes,yes,yes,greater,within 90 minutes / 90-minute response,"90-minute response for urgent call-outs across greater regions. | For this suburb, urgent call-outs follow 90-minute emergency response. | Urgent help for partial power loss and overheating power points and circuit tripping, damaged wiring and business-critical faults in Woodcroft, with 90-minute emergency response. | Emergency call-outs in this region use 90-minute emergency response.",yes,yes,47,5,,,,,,
Western Sydney & Nepean,Penrith,Berkshire Park,2765,/service-areas/western-sydney-and-nepean/penrith/berkshire-park/,yes,Electrician Berkshire Park 2765 | Emergency & Level 2,"Need electrical help in Berkshire Park 2765? Emergency faults, Level 2 ASP, switchboards, hot water, aircon, CCTV/data and general electrical work.",Electrician Berkshire Park 2765,2568,yes,yes,yes,yes,yes,yes,yes,yes,yes,yes,greater,within 90 minutes / 90-minute response,"90-minute response for urgent call-outs across greater regions. | For this suburb, urgent call-outs follow 90-minute emergency response. | Urgent help for partial power loss and overheating power points and circuit tripping, damaged wiring and business-critical faults in Berkshire Park, with 90-minute emergency response. | Emergency call-outs in this region use 90-minute emergency response.",yes,yes,47,5,,,,,,
Western Sydney & Nepean,Penrith,Caddens,2747,/service-areas/western-sydney-and-nepean/penrith/caddens/,yes,Electrician Caddens 2747 | Emergency & Level 2,"Need electrical help in Caddens 2747? Emergency faults, Level 2 ASP, switchboards, hot water, aircon, CCTV/data and general electrical work across Penrith.",Electrician Caddens 2747,2511,yes,yes,yes,yes,yes,yes,yes,yes,yes,yes,greater,within 90 minutes / 90-minute response,"90-minute response for urgent call-outs across greater regions. | For Caddens, emergency call-outs use 90-minute emergency response; call for unsafe faults, or send photos and details for planned work. | For this suburb, urgent call-outs follow 90-minute emergency response. | Urgent help for partial power loss and overheating power points and circuit tripping, damaged wiring and business-critical faults in Caddens, with 90-minute emergency response.",yes,yes,47,5,,,,,,
Western Sydney & Nepean,Penrith,Cambridge Gardens,2747,/service-areas/western-sydney-and-nepean/penrith/cambridge-gardens/,yes,Electrician Cambridge Gardens 2747 | Emergency & Level 2,"Need an electrician in Cambridge Gardens? Evaready helps with emergency faults, Level 2 ASP work, switchboards, hot water, aircon, CCTV/data.",Electrician Cambridge Gardens 2747,2609,yes,yes,yes,yes,yes,yes,yes,yes,yes,yes,greater,within 90 minutes / 90-minute response,"90-minute response for urgent call-outs across greater regions. | For this suburb, urgent call-outs follow 90-minute emergency response. | Evaready provides 90-minute emergency response for emergency call-outs in this region. | Urgent help for partial power loss and overheating power points and circuit tripping, damaged wiring and business-critical faults in Cambridge Gardens, with 90-minute emergency response.",yes,yes,47,5,,,,,,
Western Sydney & Nepean,Penrith,Cambridge Park,2747,/service-areas/western-sydney-and-nepean/penrith/cambridge-park/,yes,Electrician Cambridge Park 2747 | Emergency & Level 2,"Need an electrician in Cambridge Park? Evaready helps with emergency faults, Level 2 ASP work, switchboards, hot water, aircon, CCTV/data and general.",Electrician Cambridge Park 2747,2597,yes,yes,yes,yes,yes,yes,yes,yes,yes,yes,greater,within 90 minutes / 90-minute response,"90-minute response for urgent call-outs across greater regions. | For this suburb, urgent call-outs follow 90-minute emergency response. | Evaready provides 90-minute emergency response for emergency call-outs in this region. | Urgent help for partial power loss and overheating power points and circuit tripping, damaged wiring and business-critical faults in Cambridge Park, with 90-minute emergency response.",yes,yes,47,5,,,,,,
Western Sydney & Nepean,Penrith,Castlereagh,2749,/service-areas/western-sydney-and-nepean/penrith/castlereagh/,yes,Electrician Castlereagh 2749 | Emergency & Level 2,"Need an electrician in Castlereagh? Evaready helps with emergency faults, Level 2 ASP work, switchboards, hot water, aircon, CCTV/data and general.",Electrician Castlereagh 2749,2498,yes,yes,yes,yes,yes,yes,yes,yes,yes,yes,greater,within 90 minutes / 90-minute response,"90-minute response for urgent call-outs across greater regions. | For Castlereagh, emergency call-outs use 90-minute emergency response; call for unsafe faults, or send photos and details for planned work. | For this suburb, urgent call-outs follow 90-minute emergency response. | Urgent help for partial power loss and overheating power points and circuit tripping, damaged wiring and business-critical faults in Castlereagh, with 90-minute emergency response.",yes,yes,47,5,,,,,,
Western Sydney & Nepean,Penrith,Claremont Meadows,2747,/service-areas/western-sydney-and-nepean/penrith/claremont-meadows/,yes,Electrician Claremont Meadows 2747 | Emergency & Level 2,"Need an electrician in Claremont Meadows? Evaready helps with emergency faults, Level 2 ASP work, switchboards, hot water, aircon, CCTV/data.",Electrician Claremont Meadows 2747,2590,yes,yes,yes,yes,yes,yes,yes,yes,yes,yes,greater,within 90 minutes / 90-minute response,"90-minute response for urgent call-outs across greater regions. | For this suburb, urgent call-outs follow 90-minute emergency response. | Evaready provides 90-minute emergency response for emergency call-outs in this region. | Urgent help for partial power loss and overheating power points and circuit tripping, damaged wiring and business-critical faults in Claremont Meadows, with 90-minute emergency response.",yes,yes,47,5,,,,,,
Western Sydney & Nepean,Penrith,Colyton,2760,/service-areas/western-sydney-and-nepean/penrith/colyton/,yes,Electrician Colyton 2760 | Emergency & Level 2,"Need an electrician in Colyton? Evaready helps with emergency faults, Level 2 ASP work, switchboards, hot water, aircon, CCTV/data and general.",Electrician Colyton 2760,2512,yes,yes,yes,yes,yes,yes,yes,yes,yes,yes,greater,within 90 minutes / 90-minute response,"90-minute response for urgent call-outs across greater regions. | For Colyton, emergency call-outs use 90-minute emergency response; call for unsafe faults, or send photos and details for planned work. | For this suburb, urgent call-outs follow 90-minute emergency response. | Urgent help for partial power loss and overheating power points and circuit tripping, damaged wiring and business-critical faults in Colyton, with 90-minute emergency response.",yes,yes,47,5,,,,,,
Western Sydney & Nepean,Penrith,Cranebrook,2749,/service-areas/western-sydney-and-nepean/penrith/cranebrook/,yes,Electrician Cranebrook 2749 | Emergency & Level 2,"Need electrical help in Cranebrook 2749? Emergency faults, Level 2 ASP, switchboards, hot water, aircon, CCTV/data and general electrical work across.",Electrician Cranebrook 2749,2520,yes,yes,yes,yes,yes,yes,yes,yes,yes,yes,greater,within 90 minutes / 90-minute response,"90-minute response for urgent call-outs across greater regions. | For Cranebrook, emergency call-outs use 90-minute emergency response; call for unsafe faults, or send photos and details for planned work. | For this suburb, urgent call-outs follow 90-minute emergency response. | Urgent help for partial power loss and overheating power points and circuit tripping, damaged wiring and business-critical faults in Cranebrook, with 90-minute emergency response.",yes,yes,47,5,,,,,,
Western Sydney & Nepean,Penrith,Emu Heights,2750,/service-areas/western-sydney-and-nepean/penrith/emu-heights/,yes,Electrician Emu Heights 2750 | Emergency & Level 2,"Evaready helps Emu Heights with urgent faults, Level 2 ASP work, switchboards, hot water electrical, aircon, CCTV/data and planned electrical work.",Electrician Emu Heights 2750,2592,yes,yes,yes,yes,yes,yes,yes,yes,yes,yes,greater,within 90 minutes / 90-minute response,"90-minute response for urgent call-outs across greater regions. | For this suburb, urgent call-outs follow 90-minute emergency response. | Evaready provides 90-minute emergency response for emergency call-outs in this region. | Urgent help for partial power loss and overheating power points and circuit tripping, damaged wiring and business-critical faults in Emu Heights, with 90-minute emergency response.",yes,yes,47,5,,,,,,
Western Sydney & Nepean,Penrith,Emu Plains,2750,/service-areas/western-sydney-and-nepean/penrith/emu-plains/,yes,Electrician Emu Plains 2750 | Emergency & Level 2,"Need an electrician in Emu Plains? Evaready helps with emergency faults, Level 2 ASP work, switchboards, hot water, aircon, CCTV/data and general.",Electrician Emu Plains 2750,2598,yes,yes,yes,yes,yes,yes,yes,yes,yes,yes,greater,within 90 minutes / 90-minute response,"90-minute response for urgent call-outs across greater regions. | For this suburb, urgent call-outs follow 90-minute emergency response. | Evaready provides 90-minute emergency response for emergency call-outs in this region. | Urgent help for partial power loss and overheating power points and circuit tripping, damaged wiring and business-critical faults in Emu Plains, with 90-minute emergency response.",yes,yes,47,5,,,,,,
Western Sydney & Nepean,Penrith,Erskine Park,2759,/service-areas/western-sydney-and-nepean/penrith/erskine-park/,yes,Electrician Erskine Park 2759 | Emergency & Level 2,"Need electrical help in Erskine Park 2759? Emergency faults, Level 2 ASP, switchboards, hot water, aircon, CCTV/data and general electrical work.",Electrician Erskine Park 2759,2596,yes,yes,yes,yes,yes,yes,yes,yes,yes,yes,greater,within 90 minutes / 90-minute response,"90-minute response for urgent call-outs across greater regions. | For this suburb, urgent call-outs follow 90-minute emergency response. | Urgent help for partial power loss and overheating power points and circuit tripping, damaged wiring and business-critical faults in Erskine Park, with 90-minute emergency response. | Emergency call-outs in this region use 90-minute emergency response.",yes,yes,47,5,,,,,,
Western Sydney & Nepean,Penrith,Glenmore Park,2745,/service-areas/western-sydney-and-nepean/penrith/glenmore-park/,yes,Electrician Glenmore Park 2745 | Emergency & Level 2,"Evaready helps Glenmore Park with urgent faults, Level 2 ASP work, switchboards, hot water electrical, aircon, CCTV/data and planned electrical work.",Electrician Glenmore Park 2745,2621,yes,yes,yes,yes,yes,yes,yes,yes,yes,yes,greater,within 90 minutes / 90-minute response,"90-minute response for urgent call-outs across greater regions. | For Glenmore Park, emergency call-outs use 90-minute emergency response; call for unsafe faults, or send photos and details for planned work. | For this suburb, urgent call-outs follow 90-minute emergency response. | Evaready provides 90-minute emergency response for emergency call-outs in this region.",yes,yes,47,5,,,,,,
Western Sydney & Nepean,Penrith,Jamisontown,2750,/service-areas/western-sydney-and-nepean/penrith/jamisontown/,yes,Electrician Jamisontown 2750 | Emergency & Level 2,"Evaready helps Jamisontown with urgent faults, Level 2 ASP work, switchboards, hot water electrical, aircon, CCTV/data and planned electrical work.",Electrician Jamisontown 2750,2515,yes,yes,yes,yes,yes,yes,yes,yes,yes,yes,greater,within 90 minutes / 90-minute response,"90-minute response for urgent call-outs across greater regions. | For Jamisontown, emergency call-outs use 90-minute emergency response; call for unsafe faults, or send photos and details for planned work. | For this suburb, urgent call-outs follow 90-minute emergency response. | Urgent help for partial power loss and overheating power points and circuit tripping, damaged wiring and business-critical faults in Jamisontown, with 90-minute emergency response.",yes,yes,47,5,,,,,,
Western Sydney & Nepean,Penrith,Jordan Springs,2747,/service-areas/western-sydney-and-nepean/penrith/jordan-springs/,yes,Electrician Jordan Springs 2747 | Emergency & Level 2,"Evaready helps Jordan Springs with urgent faults, Level 2 ASP work, switchboards, hot water electrical, aircon, CCTV/data and planned electrical work.",Electrician Jordan Springs 2747,2576,yes,yes,yes,yes,yes,yes,yes,yes,yes,yes,greater,within 90 minutes / 90-minute response,"90-minute response for urgent call-outs across greater regions. | For this suburb, urgent call-outs follow 90-minute emergency response. | Evaready provides 90-minute emergency response for emergency call-outs in this region. | Urgent help for partial power loss and overheating power points and circuit tripping, damaged wiring and business-critical faults in Jordan Springs, with 90-minute emergency response.",yes,yes,47,5,,,,,,
Western Sydney & Nepean,Penrith,Kingswood,2747,/service-areas/western-sydney-and-nepean/penrith/kingswood/,yes,Electrician Kingswood 2747 | Emergency & Level 2,"Need electrical help in Kingswood 2747? Emergency faults, Level 2 ASP, switchboards, hot water, aircon, CCTV/data and general electrical work across.",Electrician Kingswood 2747,2508,yes,yes,yes,yes,yes,yes,yes,yes,yes,yes,greater,within 90 minutes / 90-minute response,"90-minute response for urgent call-outs across greater regions. | For this suburb, urgent call-outs follow 90-minute emergency response. | Evaready provides 90-minute emergency response for emergency call-outs in this region. | Urgent help for partial power loss and overheating power points and circuit tripping, damaged wiring and business-critical faults in Kingswood, with 90-minute emergency response.",yes,yes,47,5,,,,,,
Western Sydney & Nepean,Penrith,Leonay,2750,/service-areas/western-sydney-and-nepean/penrith/leonay/,yes,Electrician Leonay 2750 | Emergency & Level 2,"Need an electrician in Leonay? Evaready helps with emergency faults, Level 2 ASP work, switchboards, hot water, aircon, CCTV/data and general.",Electrician Leonay 2750,2507,yes,yes,yes,yes,yes,yes,yes,yes,yes,yes,greater,within 90 minutes / 90-minute response,"90-minute response for urgent call-outs across greater regions. | For Leonay, emergency call-outs use 90-minute emergency response; call for unsafe faults, or send photos and details for planned work. | For this suburb, urgent call-outs follow 90-minute emergency response. | Urgent help for partial power loss and overheating power points and circuit tripping, damaged wiring and business-critical faults in Leonay, with 90-minute emergency response.",yes,yes,47,5,,,,,,
Western Sydney & Nepean,Penrith,Llandilo,2747,/service-areas/western-sydney-and-nepean/penrith/llandilo/,yes,Electrician Llandilo 2747 | Emergency & Level 2,"Need electrical help in Llandilo 2747? Emergency faults, Level 2 ASP, switchboards, hot water, aircon, CCTV/data and general electrical work across.",Electrician Llandilo 2747,2528,yes,yes,yes,yes,yes,yes,yes,yes,yes,yes,greater,within 90 minutes / 90-minute response,"90-minute response for urgent call-outs across greater regions. | For this suburb, urgent call-outs follow 90-minute emergency response. | Evaready provides 90-minute emergency response for emergency call-outs in this region. | Urgent help for partial power loss and overheating power points and circuit tripping, damaged wiring and business-critical faults in Llandilo, with 90-minute emergency response.",yes,yes,47,5,,,,,,
Western Sydney & Nepean,Penrith,Londonderry,2753,/service-areas/western-sydney-and-nepean/penrith/londonderry/,yes,Electrician Londonderry 2753 | Emergency & Level 2,"Need an electrician in Londonderry? Evaready helps with emergency faults, Level 2 ASP work, switchboards, hot water, aircon, CCTV/data and general.",Electrician Londonderry 2753,2535,yes,yes,yes,yes,yes,yes,yes,yes,yes,yes,greater,within 90 minutes / 90-minute response,"90-minute response for urgent call-outs across greater regions. | For this suburb, urgent call-outs follow 90-minute emergency response. | Evaready provides 90-minute emergency response for emergency call-outs in this region. | Urgent help for partial power loss and overheating power points and circuit tripping, damaged wiring and business-critical faults in Londonderry, with 90-minute emergency response.",yes,yes,47,5,,,,,,
Western Sydney & Nepean,Penrith,Mount Vernon,2178,/service-areas/western-sydney-and-nepean/penrith/mount-vernon/,yes,Electrician Mount Vernon 2178 | Emergency & Level 2,"Need electrical help in Mount Vernon 2178? Emergency faults, Level 2 ASP, switchboards, hot water, aircon, CCTV/data and general electrical work.",Electrician Mount Vernon 2178,2582,yes,yes,yes,yes,yes,yes,yes,yes,yes,yes,greater,within 90 minutes / 90-minute response,"90-minute response for urgent call-outs across greater regions. | For this suburb, urgent call-outs follow 90-minute emergency response. | Urgent help for partial power loss and overheating power points and circuit tripping, damaged wiring and business-critical faults in Mount Vernon, with 90-minute emergency response. | Emergency call-outs in this region use 90-minute emergency response.",yes,yes,47,5,,,,,,
Western Sydney & Nepean,Penrith,Mulgoa,2745,/service-areas/western-sydney-and-nepean/penrith/mulgoa/,yes,Electrician Mulgoa 2745 | Emergency & Level 2,"Need an electrician in Mulgoa? Evaready helps with emergency faults, Level 2 ASP work, switchboards, hot water, aircon, CCTV/data and general.",Electrician Mulgoa 2745,2516,yes,yes,yes,yes,yes,yes,yes,yes,yes,yes,greater,within 90 minutes / 90-minute response,"90-minute response for urgent call-outs across greater regions. | For this suburb, urgent call-outs follow 90-minute emergency response. | Evaready provides 90-minute emergency response for emergency call-outs in this region. | Urgent help for partial power loss and overheating power points and circuit tripping, damaged wiring and business-critical faults in Mulgoa, with 90-minute emergency response.",yes,yes,47,5,,,,,,
Western Sydney & Nepean,Penrith,North St Marys,2760,/service-areas/western-sydney-and-nepean/penrith/north-st-marys/,yes,Electrician North St Marys 2760 | Emergency & Level 2,"Need an electrician in North St Marys? Evaready helps with emergency faults, Level 2 ASP work, switchboards, hot water, aircon, CCTV/data and general.",Electrician North St Marys 2760,2702,yes,yes,yes,yes,yes,yes,yes,yes,yes,yes,greater,within 90 minutes / 90-minute response,"90-minute response for urgent call-outs across greater regions. | For this suburb, urgent call-outs follow 90-minute emergency response. | Evaready provides 90-minute emergency response for emergency call-outs in this region. | Urgent help for partial power loss and overheating power points and circuit tripping, damaged wiring and business-critical faults in North St Marys, with 90-minute emergency response.",yes,yes,47,5,,,,,,
Western Sydney & Nepean,Penrith,Orchard Hills,2748,/service-areas/western-sydney-and-nepean/penrith/orchard-hills/,yes,Electrician Orchard Hills 2748 | Emergency & Level 2,"Evaready helps Orchard Hills with urgent faults, Level 2 ASP work, switchboards, hot water electrical, aircon, CCTV/data and planned electrical work.",Electrician Orchard Hills 2748,2602,yes,yes,yes,yes,yes,yes,yes,yes,yes,yes,greater,within 90 minutes / 90-minute response,"90-minute response for urgent call-outs across greater regions. | For this suburb, urgent call-outs follow 90-minute emergency response. | Evaready provides 90-minute emergency response for emergency call-outs in this region. | Urgent help for partial power loss and overheating power points and circuit tripping, damaged wiring and business-critical faults in Orchard Hills, with 90-minute emergency response.",yes,yes,47,5,,,,,,
Western Sydney & Nepean,Penrith,Oxley Park,2760,/service-areas/western-sydney-and-nepean/penrith/oxley-park/,yes,Electrician Oxley Park 2760 | Emergency & Level 2,"Need an electrician in Oxley Park? Evaready helps with emergency faults, Level 2 ASP work, switchboards, hot water, aircon, CCTV/data and general.",Electrician Oxley Park 2760,2573,yes,yes,yes,yes,yes,yes,yes,yes,yes,yes,greater,within 90 minutes / 90-minute response,"90-minute response for urgent call-outs across greater regions. | For Oxley Park, emergency call-outs use 90-minute emergency response; call for unsafe faults, or send photos and details for planned work. | For this suburb, urgent call-outs follow 90-minute emergency response. | Urgent help for partial power loss and overheating power points and circuit tripping, damaged wiring and business-critical faults in Oxley Park, with 90-minute emergency response.",yes,yes,47,5,,,,,,
Western Sydney & Nepean,Penrith,Penrith,2750,/service-areas/western-sydney-and-nepean/penrith/penrith/,yes,Electrician Penrith 2750 | Emergency & Level 2,"Need an electrician in Penrith? Evaready Electrical helps with faults, switchboards, lighting, power, data, CCTV and Level 2 enquiries.",Electrician Penrith 2750,2482,yes,yes,yes,yes,yes,yes,yes,yes,yes,yes,greater,within 90 minutes / 90-minute response,"90-minute response for urgent call-outs across greater regions. | For this suburb, urgent call-outs follow 90-minute emergency response. | Urgent help for partial power loss and overheating power points and circuit tripping, damaged wiring and business-critical faults in Penrith, with 90-minute emergency response. | Emergency call-outs in this region use 90-minute emergency response.",yes,yes,47,5,,,,,,
Western Sydney & Nepean,Penrith,Regentville,2745,/service-areas/western-sydney-and-nepean/penrith/regentville/,yes,Electrician Regentville 2745 | Emergency & Level 2,"Need electrical help in Regentville 2745? Emergency faults, Level 2 ASP, switchboards, hot water, aircon, CCTV/data and general electrical work across.",Electrician Regentville 2745,2511,yes,yes,yes,yes,yes,yes,yes,yes,yes,yes,greater,within 90 minutes / 90-minute response,"90-minute response for urgent call-outs across greater regions. | For Regentville, emergency call-outs use 90-minute emergency response; call for unsafe faults, or send photos and details for planned work. | For this suburb, urgent call-outs follow 90-minute emergency response. | Urgent help for partial power loss and overheating power points and circuit tripping, damaged wiring and business-critical faults in Regentville, with 90-minute emergency response.",yes,yes,47,5,,,,,,
Western Sydney & Nepean,Penrith,South Penrith,2750,/service-areas/western-sydney-and-nepean/penrith/south-penrith/,yes,Electrician South Penrith 2750 | Emergency & Level 2,"Need an electrician in South Penrith? Evaready helps with emergency faults, Level 2 ASP work, switchboards, hot water, aircon, CCTV/data and general.",Electrician South Penrith 2750,2604,yes,yes,yes,yes,yes,yes,yes,yes,yes,yes,greater,within 90 minutes / 90-minute response,"90-minute response for urgent call-outs across greater regions. | For South Penrith, emergency call-outs use 90-minute emergency response; call for unsafe faults, or send photos and details for planned work. | For this suburb, urgent call-outs follow 90-minute emergency response. | Urgent help for partial power loss and overheating power points and circuit tripping, damaged wiring and business-critical faults in South Penrith, with 90-minute emergency response.",yes,yes,47,5,,,,,,
Western Sydney & Nepean,Penrith,St Clair,2759,/service-areas/western-sydney-and-nepean/penrith/st-clair/,yes,Electrician St Clair 2759 | Emergency & Level 2,"Need electrical help in St Clair 2759? Emergency faults, Level 2 ASP, switchboards, hot water, aircon, CCTV/data and general electrical work across.",Electrician St Clair 2759,2602,yes,yes,yes,yes,yes,yes,yes,yes,yes,yes,greater,within 90 minutes / 90-minute response,"90-minute response for urgent call-outs across greater regions. | For this suburb, urgent call-outs follow 90-minute emergency response. | Urgent help for partial power loss and overheating power points and circuit tripping, damaged wiring and business-critical faults in St Clair, with 90-minute emergency response. | Emergency call-outs in this region use 90-minute emergency response.",yes,yes,47,5,,,,,,
Western Sydney & Nepean,Penrith,St Marys,2760,/service-areas/western-sydney-and-nepean/penrith/st-marys/,yes,Electrician St Marys 2760 | Emergency & Level 2,"Need electrical help in St Marys 2760? Emergency faults, Level 2 ASP, switchboards, hot water, aircon, CCTV/data and general electrical work across.",Electrician St Marys 2760,2638,yes,yes,yes,yes,yes,yes,yes,yes,yes,yes,greater,within 90 minutes / 90-minute response,"90-minute response for urgent call-outs across greater regions. | For this suburb, urgent call-outs follow 90-minute emergency response. | Evaready provides 90-minute emergency response for emergency call-outs in this region. | Urgent help for partial power loss and overheating power points and circuit tripping, damaged wiring and business-critical faults in St Marys, with 90-minute emergency response.",yes,yes,47,5,,,,,,
Western Sydney & Nepean,Penrith,Werrington,2747,/service-areas/western-sydney-and-nepean/penrith/werrington/,yes,Electrician Werrington 2747 | Emergency & Level 2,"Need electrical help in Werrington 2747? Emergency faults, Level 2 ASP, switchboards, hot water, aircon, CCTV/data and general electrical work across.",Electrician Werrington 2747,2505,yes,yes,yes,yes,yes,yes,yes,yes,yes,yes,greater,within 90 minutes / 90-minute response,"90-minute response for urgent call-outs across greater regions. | For Werrington, emergency call-outs use 90-minute emergency response; call for unsafe faults, or send photos and details for planned work. | For this suburb, urgent call-outs follow 90-minute emergency response. | Urgent help for partial power loss and overheating power points and circuit tripping, damaged wiring and business-critical faults in Werrington, with 90-minute emergency response.",yes,yes,47,5,,,,,,
Western Sydney & Nepean,Penrith,Werrington County,2747,/service-areas/western-sydney-and-nepean/penrith/werrington-county/,yes,Electrician Werrington County 2747 | Emergency & Level 2,"Evaready helps Werrington County with urgent faults, Level 2 ASP work, switchboards, hot water electrical, aircon, CCTV/data and planned electrical work.",Electrician Werrington County 2747,2598,yes,yes,yes,yes,yes,yes,yes,yes,yes,yes,greater,within 90 minutes / 90-minute response,"90-minute response for urgent call-outs across greater regions. | For Werrington County, emergency call-outs use 90-minute emergency response; call for unsafe faults, or send photos and details for planned work. | For this suburb, urgent call-outs follow 90-minute emergency response. | Urgent help for partial power loss and overheating power points and circuit tripping, damaged wiring and business-critical faults in Werrington County, with 90-minute emergency response.",yes,yes,47,5,,,,,,
Western Sydney & Nepean,Penrith,Werrington Downs,2747,/service-areas/western-sydney-and-nepean/penrith/werrington-downs/,yes,Electrician Werrington Downs 2747 | Emergency & Level 2,"Need an electrician in Werrington Downs? Evaready helps with emergency faults, Level 2 ASP work, switchboards, hot water, aircon, CCTV/data.",Electrician Werrington Downs 2747,2601,yes,yes,yes,yes,yes,yes,yes,yes,yes,yes,greater,within 90 minutes / 90-minute response,"90-minute response for urgent call-outs across greater regions. | For this suburb, urgent call-outs follow 90-minute emergency response. | Urgent help for partial power loss and overheating power points and circuit tripping, damaged wiring and business-critical faults in Werrington Downs, with 90-minute emergency response. | Emergency call-outs in this region use 90-minute emergency response.",yes,yes,47,5,,,,,,
"Hills, Hawkesbury & Hornsby",Hawkesbury,Agnes Banks,2753,/service-areas/hills-hawkesbury-and-hornsby/hawkesbury/agnes-banks/,yes,Electrician Agnes Banks 2753 | Emergency & Level 2,"Evaready helps Agnes Banks with urgent faults, Level 2 ASP work, switchboards, hot water electrical, aircon, CCTV/data and planned electrical work.",Electrician Agnes Banks 2753,2596,yes,yes,yes,yes,yes,yes,yes,yes,yes,yes,greater,within 90 minutes / 90-minute response,"90-minute response for urgent call-outs across greater regions. | For Agnes Banks, emergency call-outs use 90-minute emergency response; call for unsafe faults, or send photos and details for planned work. | For this suburb, urgent call-outs follow 90-minute emergency response. | Urgent help for storm damage, power loss, tripping safety switches, unsafe outdoor circuits and fallen-line concerns in Agnes Banks, with 90-minute emergency response.",yes,yes,47,5,,,,,,
"Hills, Hawkesbury & Hornsby",Hawkesbury,Bilpin,2758,/service-areas/hills-hawkesbury-and-hornsby/hawkesbury/bilpin/,yes,Electrician Bilpin 2758 | Emergency & Level 2,"Evaready helps Bilpin with urgent faults, Level 2 ASP work, switchboards, hot water electrical, aircon, CCTV/data and planned electrical work.",Electrician Bilpin 2758,2517,yes,yes,yes,yes,yes,yes,yes,yes,yes,yes,greater,within 90 minutes / 90-minute response,"90-minute response for urgent call-outs across greater regions. | For this suburb, urgent call-outs follow 90-minute emergency response. | Evaready provides 90-minute emergency response for emergency call-outs in this region. | Urgent help for storm damage, power loss, tripping safety switches, unsafe outdoor circuits and fallen-line concerns in Bilpin, with 90-minute emergency response.",yes,yes,47,5,,,,,,
"Hills, Hawkesbury & Hornsby",Hawkesbury,Blaxlands Ridge,2758,/service-areas/hills-hawkesbury-and-hornsby/hawkesbury/blaxlands-ridge/,yes,Electrician Blaxlands Ridge 2758 | Emergency & Level 2,"Need electrical help in Blaxlands Ridge 2758? Emergency faults, Level 2 ASP, switchboards, hot water, aircon, CCTV/data and general electrical work.",Electrician Blaxlands Ridge 2758,2629,yes,yes,yes,yes,yes,yes,yes,yes,yes,yes,greater,within 90 minutes / 90-minute response,"90-minute response for urgent call-outs across greater regions. | For this suburb, urgent call-outs follow 90-minute emergency response. | Evaready provides 90-minute emergency response for emergency call-outs in this region. | Urgent help for storm damage, power loss, tripping safety switches, unsafe outdoor circuits and fallen-line concerns in Blaxlands Ridge, with 90-minute emergency response.",yes,yes,47,5,,,,,,
"Hills, Hawkesbury & Hornsby",Hawkesbury,Bligh Park,2756,/service-areas/hills-hawkesbury-and-hornsby/hawkesbury/bligh-park/,yes,Electrician Bligh Park 2756 | Emergency & Level 2,"Need electrical help in Bligh Park 2756? Emergency faults, Level 2 ASP, switchboards, hot water, aircon, CCTV/data and general electrical work across.",Electrician Bligh Park 2756,2608,yes,yes,yes,yes,yes,yes,yes,yes,yes,yes,greater,within 90 minutes / 90-minute response,"90-minute response for urgent call-outs across greater regions. | For this suburb, urgent call-outs follow 90-minute emergency response. | Urgent help for storm damage, power loss, tripping safety switches, unsafe outdoor circuits and fallen-line concerns in Bligh Park, with 90-minute emergency response. | Emergency call-outs in this region use 90-minute emergency response.",yes,yes,47,5,,,,,,
"Hills, Hawkesbury & Hornsby",Hawkesbury,Bowen Mountain,2753,/service-areas/hills-hawkesbury-and-hornsby/hawkesbury/bowen-mountain/,yes,Electrician Bowen Mountain 2753 | Emergency & Level 2,"Need electrical help in Bowen Mountain 2753? Emergency faults, Level 2 ASP, switchboards, hot water, aircon, CCTV/data and general electrical work.",Electrician Bowen Mountain 2753,2600,yes,yes,yes,yes,yes,yes,yes,yes,yes,yes,greater,within 90 minutes / 90-minute response,"90-minute response for urgent call-outs across greater regions. | For this suburb, urgent call-outs follow 90-minute emergency response. | Evaready provides 90-minute emergency response for emergency call-outs in this region. | Urgent help for storm damage, power loss, tripping safety switches, unsafe outdoor circuits and fallen-line concerns in Bowen Mountain, with 90-minute emergency response.",yes,yes,47,5,,,,,,
"Hills, Hawkesbury & Hornsby",Hawkesbury,Clarendon,2756,/service-areas/hills-hawkesbury-and-hornsby/hawkesbury/clarendon/,yes,Electrician Clarendon 2756 | Emergency & Level 2,"Need electrical help in Clarendon 2756? Emergency faults, Level 2 ASP, switchboards, hot water, aircon, CCTV/data and general electrical work across.",Electrician Clarendon 2756,2533,yes,yes,yes,yes,yes,yes,yes,yes,yes,yes,greater,within 90 minutes / 90-minute response,"90-minute response for urgent call-outs across greater regions. | For this suburb, urgent call-outs follow 90-minute emergency response. | Evaready provides 90-minute emergency response for emergency call-outs in this region. | Urgent help for storm damage, power loss, tripping safety switches, unsafe outdoor circuits and fallen-line concerns in Clarendon, with 90-minute emergency response.",yes,yes,47,5,,,,,,
"Hills, Hawkesbury & Hornsby",Hawkesbury,Cornwallis,2756,/service-areas/hills-hawkesbury-and-hornsby/hawkesbury/cornwallis/,yes,Electrician Cornwallis 2756 | Emergency & Level 2,"Evaready helps Cornwallis with urgent faults, Level 2 ASP work, switchboards, hot water electrical, aircon, CCTV/data and planned electrical work.",Electrician Cornwallis 2756,2504,yes,yes,yes,yes,yes,yes,yes,yes,yes,yes,greater,within 90 minutes / 90-minute response,"90-minute response for urgent call-outs across greater regions. | For this suburb, urgent call-outs follow 90-minute emergency response. | Urgent help for storm damage, power loss, tripping safety switches, unsafe outdoor circuits and fallen-line concerns in Cornwallis, with 90-minute emergency response. | Emergency call-outs in this region use 90-minute emergency response.",yes,yes,47,5,,,,,,
"Hills, Hawkesbury & Hornsby",Hawkesbury,Cumberland Reach,2756,/service-areas/hills-hawkesbury-and-hornsby/hawkesbury/cumberland-reach/,yes,Electrician Cumberland Reach 2756 | Emergency & Level 2,"Evaready helps Cumberland Reach with urgent faults, Level 2 ASP work, switchboards, hot water electrical, aircon, CCTV/data and planned electrical work.",Electrician Cumberland Reach 2756,2594,yes,yes,yes,yes,yes,yes,yes,yes,yes,yes,greater,within 90 minutes / 90-minute response,"90-minute response for urgent call-outs across greater regions. | For this suburb, urgent call-outs follow 90-minute emergency response. | Evaready provides 90-minute emergency response for emergency call-outs in this region. | Urgent help for storm damage, power loss, tripping safety switches, unsafe outdoor circuits and fallen-line concerns in Cumberland Reach, with 90-minute emergency response.",yes,yes,47,5,,,,,,
"Hills, Hawkesbury & Hornsby",Hawkesbury,East Kurrajong,2758,/service-areas/hills-hawkesbury-and-hornsby/hawkesbury/east-kurrajong/,yes,Electrician East Kurrajong 2758 | Emergency & Level 2,"Evaready helps East Kurrajong with urgent faults, Level 2 ASP work, switchboards, hot water electrical, aircon, CCTV/data and planned electrical work.",Electrician East Kurrajong 2758,2617,yes,yes,yes,yes,yes,yes,yes,yes,yes,yes,greater,within 90 minutes / 90-minute response,"90-minute response for urgent call-outs across greater regions. | For this suburb, urgent call-outs follow 90-minute emergency response. | Urgent help for storm damage, power loss, tripping safety switches, unsafe outdoor circuits and fallen-line concerns in East Kurrajong, with 90-minute emergency response. | Emergency call-outs in this region use 90-minute emergency response.",yes,yes,47,5,,,,,,
"Hills, Hawkesbury & Hornsby",Hawkesbury,Ebenezer,2756,/service-areas/hills-hawkesbury-and-hornsby/hawkesbury/ebenezer/,yes,Electrician Ebenezer 2756 | Emergency & Level 2,"Evaready helps Ebenezer with urgent faults, Level 2 ASP work, switchboards, hot water electrical, aircon, CCTV/data and planned electrical work.",Electrician Ebenezer 2756,2506,yes,yes,yes,yes,yes,yes,yes,yes,yes,yes,greater,within 90 minutes / 90-minute response,"90-minute response for urgent call-outs across greater regions. | For Ebenezer, emergency call-outs use 90-minute emergency response; call for unsafe faults, or send photos and details for planned work. | For this suburb, urgent call-outs follow 90-minute emergency response. | Urgent help for storm damage, power loss, tripping safety switches, unsafe outdoor circuits and fallen-line concerns in Ebenezer, with 90-minute emergency response.",yes,yes,47,5,,,,,,
"Hills, Hawkesbury & Hornsby",Hawkesbury,Freemans Reach,2756,/service-areas/hills-hawkesbury-and-hornsby/hawkesbury/freemans-reach/,yes,Electrician Freemans Reach 2756 | Emergency & Level 2,"Need electrical help in Freemans Reach 2756? Emergency faults, Level 2 ASP, switchboards, hot water, aircon, CCTV/data and general electrical work.",Electrician Freemans Reach 2756,2590,yes,yes,yes,yes,yes,yes,yes,yes,yes,yes,greater,within 90 minutes / 90-minute response,"90-minute response for urgent call-outs across greater regions. | For Freemans Reach, emergency call-outs use 90-minute emergency response; call for unsafe faults, or send photos and details for planned work. | For this suburb, urgent call-outs follow 90-minute emergency response. | Urgent help for storm damage, power loss, tripping safety switches, unsafe outdoor circuits and fallen-line concerns in Freemans Reach, with 90-minute emergency response.",yes,yes,47,5,,,,,,
"Hills, Hawkesbury & Hornsby",Hawkesbury,Glossodia,2756,/service-areas/hills-hawkesbury-and-hornsby/hawkesbury/glossodia/,yes,Electrician Glossodia 2756 | Emergency & Level 2,"Evaready helps Glossodia with urgent faults, Level 2 ASP work, switchboards, hot water electrical, aircon, CCTV/data and planned electrical work.",Electrician Glossodia 2756,2549,yes,yes,yes,yes,yes,yes,yes,yes,yes,yes,greater,within 90 minutes / 90-minute response,"90-minute response for urgent call-outs across greater regions. | For this suburb, urgent call-outs follow 90-minute emergency response. | Evaready provides 90-minute emergency response for emergency call-outs in this region. | Urgent help for storm damage, power loss, tripping safety switches, unsafe outdoor circuits and fallen-line concerns in Glossodia, with 90-minute emergency response.",yes,yes,47,5,,,,,,
"Hills, Hawkesbury & Hornsby",Hawkesbury,Grose Vale,2753,/service-areas/hills-hawkesbury-and-hornsby/hawkesbury/grose-vale/,yes,Electrician Grose Vale 2753 | Emergency & Level 2,"Need an electrician in Grose Vale? Evaready helps with emergency faults, Level 2 ASP work, switchboards, hot water, aircon, CCTV/data and general.",Electrician Grose Vale 2753,2632,yes,yes,yes,yes,yes,yes,yes,yes,yes,yes,greater,within 90 minutes / 90-minute response,"90-minute response for urgent call-outs across greater regions. | For this suburb, urgent call-outs follow 90-minute emergency response. | Urgent help for storm damage, power loss, tripping safety switches, unsafe outdoor circuits and fallen-line concerns in Grose Vale, with 90-minute emergency response. | Emergency call-outs in this region use 90-minute emergency response.",yes,yes,47,5,,,,,,
"Hills, Hawkesbury & Hornsby",Hawkesbury,Grose Wold,2753,/service-areas/hills-hawkesbury-and-hornsby/hawkesbury/grose-wold/,yes,Electrician Grose Wold 2753 | Emergency & Level 2,"Evaready helps Grose Wold with urgent faults, Level 2 ASP work, switchboards, hot water electrical, aircon, CCTV/data and planned electrical work.",Electrician Grose Wold 2753,2584,yes,yes,yes,yes,yes,yes,yes,yes,yes,yes,greater,within 90 minutes / 90-minute response,"90-minute response for urgent call-outs across greater regions. | For this suburb, urgent call-outs follow 90-minute emergency response. | Urgent help for storm damage, power loss, tripping safety switches, unsafe outdoor circuits and fallen-line concerns in Grose Wold, with 90-minute emergency response. | Emergency call-outs in this region use 90-minute emergency response.",yes,yes,47,5,,,,,,
"Hills, Hawkesbury & Hornsby",Hawkesbury,Hobartville,2753,/service-areas/hills-hawkesbury-and-hornsby/hawkesbury/hobartville/,yes,Electrician Hobartville 2753 | Emergency & Level 2,"Need an electrician in Hobartville? Evaready helps with emergency faults, Level 2 ASP work, switchboards, hot water, aircon, CCTV/data and general.",Electrician Hobartville 2753,2538,yes,yes,yes,yes,yes,yes,yes,yes,yes,yes,greater,within 90 minutes / 90-minute response,"90-minute response for urgent call-outs across greater regions. | For Hobartville, emergency call-outs use 90-minute emergency response; call for unsafe faults, or send photos and details for planned work. | For this suburb, urgent call-outs follow 90-minute emergency response. | Urgent help for storm damage, power loss, tripping safety switches, unsafe outdoor circuits and fallen-line concerns in Hobartville, with 90-minute emergency response.",yes,yes,47,5,,,,,,
"Hills, Hawkesbury & Hornsby",Hawkesbury,Kurmond,2757,/service-areas/hills-hawkesbury-and-hornsby/hawkesbury/kurmond/,yes,Electrician Kurmond 2757 | Emergency & Level 2,"Evaready helps Kurmond with urgent faults, Level 2 ASP work, switchboards, hot water electrical, aircon, CCTV/data and planned electrical work.",Electrician Kurmond 2757,2508,yes,yes,yes,yes,yes,yes,yes,yes,yes,yes,greater,within 90 minutes / 90-minute response,"90-minute response for urgent call-outs across greater regions. | For this suburb, urgent call-outs follow 90-minute emergency response. | Urgent help for storm damage, power loss, tripping safety switches, unsafe outdoor circuits and fallen-line concerns in Kurmond, with 90-minute emergency response. | Emergency call-outs in this region use 90-minute emergency response.",yes,yes,47,5,,,,,,
"Hills, Hawkesbury & Hornsby",Hawkesbury,Kurrajong,2758,/service-areas/hills-hawkesbury-and-hornsby/hawkesbury/kurrajong/,yes,Electrician Kurrajong 2758 | Emergency & Level 2,"Evaready helps Kurrajong with urgent faults, Level 2 ASP work, switchboards, hot water electrical, aircon, CCTV/data and planned electrical work.",Electrician Kurrajong 2758,2533,yes,yes,yes,yes,yes,yes,yes,yes,yes,yes,greater,within 90 minutes / 90-minute response,"90-minute response for urgent call-outs across greater regions. | For Kurrajong, emergency call-outs use 90-minute emergency response; call for unsafe faults, or send photos and details for planned work. | For this suburb, urgent call-outs follow 90-minute emergency response. | Urgent help for storm damage, power loss, tripping safety switches, unsafe outdoor circuits and fallen-line concerns in Kurrajong, with 90-minute emergency response.",yes,yes,47,5,,,,,,
"Hills, Hawkesbury & Hornsby",Hawkesbury,Kurrajong Heights,2758,/service-areas/hills-hawkesbury-and-hornsby/hawkesbury/kurrajong-heights/,yes,Electrician Kurrajong Heights 2758 | Emergency & Level 2,"Evaready helps Kurrajong Heights with urgent faults, Level 2 ASP work, switchboards, hot water electrical, aircon, CCTV/data and planned electrical work.",Electrician Kurrajong Heights 2758,2610,yes,yes,yes,yes,yes,yes,yes,yes,yes,yes,greater,within 90 minutes / 90-minute response,"90-minute response for urgent call-outs across greater regions. | For Kurrajong Heights, emergency call-outs use 90-minute emergency response; call for unsafe faults, or send photos and details for planned work. | For this suburb, urgent call-outs follow 90-minute emergency response. | Evaready provides 90-minute emergency response for emergency call-outs in this region.",yes,yes,47,5,,,,,,
"Hills, Hawkesbury & Hornsby",Hawkesbury,Kurrajong Hills,2758,/service-areas/hills-hawkesbury-and-hornsby/hawkesbury/kurrajong-hills/,yes,Electrician Kurrajong Hills 2758 | Emergency & Level 2,"Evaready helps Kurrajong Hills with urgent faults, Level 2 ASP work, switchboards, hot water electrical, aircon, CCTV/data and planned electrical work.",Electrician Kurrajong Hills 2758,2612,yes,yes,yes,yes,yes,yes,yes,yes,yes,yes,greater,within 90 minutes / 90-minute response,"90-minute response for urgent call-outs across greater regions. | For this suburb, urgent call-outs follow 90-minute emergency response. | Urgent help for storm damage, power loss, tripping safety switches, unsafe outdoor circuits and fallen-line concerns in Kurrajong Hills, with 90-minute emergency response. | Emergency call-outs in this region use 90-minute emergency response.",yes,yes,47,5,,,,,,
"Hills, Hawkesbury & Hornsby",Hawkesbury,McGraths Hill,2756,/service-areas/hills-hawkesbury-and-hornsby/hawkesbury/mcgraths-hill/,yes,Electrician McGraths Hill 2756 | Emergency & Level 2,"Evaready helps McGraths Hill with urgent faults, Level 2 ASP work, switchboards, hot water electrical, aircon, CCTV/data and planned electrical work.",Electrician McGraths Hill 2756,2598,yes,yes,yes,yes,yes,yes,yes,yes,yes,yes,greater,within 90 minutes / 90-minute response,"90-minute response for urgent call-outs across greater regions. | For this suburb, urgent call-outs follow 90-minute emergency response. | Evaready provides 90-minute emergency response for emergency call-outs in this region. | Urgent help for storm damage, power loss, tripping safety switches, unsafe outdoor circuits and fallen-line concerns in McGraths Hill, with 90-minute emergency response.",yes,yes,47,5,,,,,,
"Hills, Hawkesbury & Hornsby",Hawkesbury,Mulgrave,2756,/service-areas/hills-hawkesbury-and-hornsby/hawkesbury/mulgrave/,yes,Electrician Mulgrave 2756 | Emergency & Level 2,"Need an electrician in Mulgrave? Evaready helps with emergency faults, Level 2 ASP work, switchboards, hot water, aircon, CCTV/data and general.",Electrician Mulgrave 2756,2513,yes,yes,yes,yes,yes,yes,yes,yes,yes,yes,greater,within 90 minutes / 90-minute response,"90-minute response for urgent call-outs across greater regions. | For Mulgrave, emergency call-outs use 90-minute emergency response; call for unsafe faults, or send photos and details for planned work. | For this suburb, urgent call-outs follow 90-minute emergency response. | Urgent help for storm damage, power loss, tripping safety switches, unsafe outdoor circuits and fallen-line concerns in Mulgrave, with 90-minute emergency response.",yes,yes,47,5,,,,,,
"Hills, Hawkesbury & Hornsby",Hawkesbury,North Richmond,2754,/service-areas/hills-hawkesbury-and-hornsby/hawkesbury/north-richmond/,yes,Electrician North Richmond 2754 | Emergency & Level 2,"Need electrical help in North Richmond 2754? Emergency faults, Level 2 ASP, switchboards, hot water, aircon, CCTV/data and general electrical work.",Electrician North Richmond 2754,2614,yes,yes,yes,yes,yes,yes,yes,yes,yes,yes,greater,within 90 minutes / 90-minute response,"90-minute response for urgent call-outs across greater regions. | For this suburb, urgent call-outs follow 90-minute emergency response. | Evaready provides 90-minute emergency response for emergency call-outs in this region. | Urgent help for storm damage, power loss, tripping safety switches, unsafe outdoor circuits and fallen-line concerns in North Richmond, with 90-minute emergency response.",yes,yes,47,5,,,,,,
"Hills, Hawkesbury & Hornsby",Hawkesbury,Oakville,2765,/service-areas/hills-hawkesbury-and-hornsby/hawkesbury/oakville/,yes,Electrician Oakville 2765 | Emergency & Level 2,"Need an electrician in Oakville? Evaready helps with emergency faults, Level 2 ASP work, switchboards, hot water, aircon, CCTV/data and general.",Electrician Oakville 2765,2530,yes,yes,yes,yes,yes,yes,yes,yes,yes,yes,greater,within 90 minutes / 90-minute response,"90-minute response for urgent call-outs across greater regions. | For Oakville, emergency call-outs use 90-minute emergency response; call for unsafe faults, or send photos and details for planned work. | For this suburb, urgent call-outs follow 90-minute emergency response. | Urgent help for storm damage, power loss, tripping safety switches, unsafe outdoor circuits and fallen-line concerns in Oakville, with 90-minute emergency response.",yes,yes,47,5,,,,,,
"Hills, Hawkesbury & Hornsby",Hawkesbury,Pitt Town,2756,/service-areas/hills-hawkesbury-and-hornsby/hawkesbury/pitt-town/,yes,Electrician Pitt Town 2756 | Emergency & Level 2,"Evaready helps Pitt Town with urgent faults, Level 2 ASP work, switchboards, hot water electrical, aircon, CCTV/data and planned electrical work.",Electrician Pitt Town 2756,2618,yes,yes,yes,yes,yes,yes,yes,yes,yes,yes,greater,within 90 minutes / 90-minute response,"90-minute response for urgent call-outs across greater regions. | For this suburb, urgent call-outs follow 90-minute emergency response. | Evaready provides 90-minute emergency response for emergency call-outs in this region. | Urgent help for storm damage, power loss, tripping safety switches, unsafe outdoor circuits and fallen-line concerns in Pitt Town, with 90-minute emergency response.",yes,yes,47,5,,,,,,
"Hills, Hawkesbury & Hornsby",Hawkesbury,Pitt Town Bottoms,2756,/service-areas/hills-hawkesbury-and-hornsby/hawkesbury/pitt-town-bottoms/,yes,Electrician Pitt Town Bottoms 2756 | Emergency & Level 2,"Evaready helps Pitt Town Bottoms with urgent faults, Level 2 ASP work, switchboards, hot water electrical, aircon, CCTV/data and planned electrical work.",Electrician Pitt Town Bottoms 2756,2690,yes,yes,yes,yes,yes,yes,yes,yes,yes,yes,greater,within 90 minutes / 90-minute response,"90-minute response for urgent call-outs across greater regions. | For this suburb, urgent call-outs follow 90-minute emergency response. | Urgent help for storm damage, power loss, tripping safety switches, unsafe outdoor circuits and fallen-line concerns in Pitt Town Bottoms, with 90-minute emergency response. | Emergency call-outs in this region use 90-minute emergency response.",yes,yes,47,5,,,,,,
"Hills, Hawkesbury & Hornsby",Hawkesbury,Richmond,2753,/service-areas/hills-hawkesbury-and-hornsby/hawkesbury/richmond/,yes,Electrician Richmond 2753 | Emergency & Level 2,"Need an electrician in Richmond? Evaready helps with emergency faults, Level 2 ASP work, switchboards, hot water, aircon, CCTV/data and general.",Electrician Richmond 2753,2536,yes,yes,yes,yes,yes,yes,yes,yes,yes,yes,greater,within 90 minutes / 90-minute response,"90-minute response for urgent call-outs across greater regions. | For this suburb, urgent call-outs follow 90-minute emergency response. | Urgent help for storm damage, power loss, tripping safety switches, unsafe outdoor circuits and fallen-line concerns in Richmond, with 90-minute emergency response. | Emergency call-outs in this region use 90-minute emergency response.",yes,yes,47,5,,,,,,
"Hills, Hawkesbury & Hornsby",Hawkesbury,Richmond Lowlands,2753,/service-areas/hills-hawkesbury-and-hornsby/hawkesbury/richmond-lowlands/,yes,Electrician Richmond Lowlands 2753 | Emergency & Level 2,"Need electrical help in Richmond Lowlands 2753? Emergency faults, Level 2 ASP, switchboards, hot water, aircon, CCTV/data and general electrical work.",Electrician Richmond Lowlands 2753,2605,yes,yes,yes,yes,yes,yes,yes,yes,yes,yes,greater,within 90 minutes / 90-minute response,"90-minute response for urgent call-outs across greater regions. | For this suburb, urgent call-outs follow 90-minute emergency response. | Urgent help for storm damage, power loss, tripping safety switches, unsafe outdoor circuits and fallen-line concerns in Richmond Lowlands, with 90-minute emergency response. | Emergency call-outs in this region use 90-minute emergency response.",yes,yes,47,5,,,,,,
"Hills, Hawkesbury & Hornsby",Hawkesbury,Sackville,2756,/service-areas/hills-hawkesbury-and-hornsby/hawkesbury/sackville/,yes,Electrician Sackville 2756 | Emergency & Level 2,"Need electrical help in Sackville 2756? Emergency faults, Level 2 ASP, switchboards, hot water, aircon, CCTV/data and general electrical work across.",Electrician Sackville 2756,2526,yes,yes,yes,yes,yes,yes,yes,yes,yes,yes,greater,within 90 minutes / 90-minute response,"90-minute response for urgent call-outs across greater regions. | For Sackville, emergency call-outs use 90-minute emergency response; call for unsafe faults, or send photos and details for planned work. | For this suburb, urgent call-outs follow 90-minute emergency response. | Urgent help for storm damage, power loss, tripping safety switches, unsafe outdoor circuits and fallen-line concerns in Sackville, with 90-minute emergency response.",yes,yes,47,5,,,,,,
"Hills, Hawkesbury & Hornsby",Hawkesbury,Scheyville,2756,/service-areas/hills-hawkesbury-and-hornsby/hawkesbury/scheyville/,yes,Electrician Scheyville 2756 | Emergency & Level 2,"Need electrical help in Scheyville 2756? Emergency faults, Level 2 ASP, switchboards, hot water, aircon, CCTV/data and general electrical work across.",Electrician Scheyville 2756,2536,yes,yes,yes,yes,yes,yes,yes,yes,yes,yes,greater,within 90 minutes / 90-minute response,"90-minute response for urgent call-outs across greater regions. | For this suburb, urgent call-outs follow 90-minute emergency response. | Urgent help for storm damage, power loss, tripping safety switches, unsafe outdoor circuits and fallen-line concerns in Scheyville, with 90-minute emergency response. | Emergency call-outs in this region use 90-minute emergency response.",yes,yes,47,5,,,,,,
"Hills, Hawkesbury & Hornsby",Hawkesbury,South Windsor,2756,/service-areas/hills-hawkesbury-and-hornsby/hawkesbury/south-windsor/,yes,Electrician South Windsor 2756 | Emergency & Level 2,"Need an electrician in South Windsor? Evaready helps with emergency faults, Level 2 ASP work, switchboards, hot water, aircon, CCTV/data and general.",Electrician South Windsor 2756,2639,yes,yes,yes,yes,yes,yes,yes,yes,yes,yes,greater,within 90 minutes / 90-minute response,"90-minute response for urgent call-outs across greater regions. | For South Windsor, emergency call-outs use 90-minute emergency response; call for unsafe faults, or send photos and details for planned work. | For this suburb, urgent call-outs follow 90-minute emergency response. | Evaready provides 90-minute emergency response for emergency call-outs in this region.",yes,yes,47,5,,,,,,
"Hills, Hawkesbury & Hornsby",Hawkesbury,Tennyson,2754,/service-areas/hills-hawkesbury-and-hornsby/hawkesbury/tennyson/,yes,Electrician Tennyson 2754 | Emergency & Level 2,"Need an electrician in Tennyson? Evaready helps with emergency faults, Level 2 ASP work, switchboards, hot water, aircon, CCTV/data and general.",Electrician Tennyson 2754,2521,yes,yes,yes,yes,yes,yes,yes,yes,yes,yes,greater,within 90 minutes / 90-minute response,"90-minute response for urgent call-outs across greater regions. | For this suburb, urgent call-outs follow 90-minute emergency response. | Evaready provides 90-minute emergency response for emergency call-outs in this region. | Urgent help for storm damage, power loss, tripping safety switches, unsafe outdoor circuits and fallen-line concerns in Tennyson, with 90-minute emergency response.",yes,yes,47,5,,,,,,
"Hills, Hawkesbury & Hornsby",Hawkesbury,The Slopes,2754,/service-areas/hills-hawkesbury-and-hornsby/hawkesbury/the-slopes/,yes,Electrician The Slopes 2754 | Emergency & Level 2,"Need an electrician in The Slopes? Evaready helps with emergency faults, Level 2 ASP work, switchboards, hot water, aircon, CCTV/data and general.",Electrician The Slopes 2754,2640,yes,yes,yes,yes,yes,yes,yes,yes,yes,yes,greater,within 90 minutes / 90-minute response,"90-minute response for urgent call-outs across greater regions. | For The Slopes, emergency call-outs use 90-minute emergency response; call for unsafe faults, or send photos and details for planned work. | For this suburb, urgent call-outs follow 90-minute emergency response. | Urgent help for storm damage, power loss, tripping safety switches, unsafe outdoor circuits and fallen-line concerns in The Slopes, with 90-minute emergency response.",yes,yes,47,5,,,,,,
"Hills, Hawkesbury & Hornsby",Hawkesbury,Vineyard,2765,/service-areas/hills-hawkesbury-and-hornsby/hawkesbury/vineyard/,yes,Electrician Vineyard 2765 | Emergency & Level 2,"Need electrical help in Vineyard 2765? Emergency faults, Level 2 ASP, switchboards, hot water, aircon, CCTV/data and general electrical work across.",Electrician Vineyard 2765,2516,yes,yes,yes,yes,yes,yes,yes,yes,yes,yes,greater,within 90 minutes / 90-minute response,"90-minute response for urgent call-outs across greater regions. | For this suburb, urgent call-outs follow 90-minute emergency response. | Urgent help for storm damage, power loss, tripping safety switches, unsafe outdoor circuits and fallen-line concerns in Vineyard, with 90-minute emergency response. | Emergency call-outs in this region use 90-minute emergency response.",yes,yes,47,5,,,,,,
"Hills, Hawkesbury & Hornsby",Hawkesbury,Wheeny Creek,2758,/service-areas/hills-hawkesbury-and-hornsby/hawkesbury/wheeny-creek/,yes,Electrician Wheeny Creek 2758 | Emergency & Level 2,"Need electrical help in Wheeny Creek 2758? Emergency faults, Level 2 ASP, switchboards, hot water, aircon, CCTV/data and general electrical work.",Electrician Wheeny Creek 2758,2620,yes,yes,yes,yes,yes,yes,yes,yes,yes,yes,greater,within 90 minutes / 90-minute response,"90-minute response for urgent call-outs across greater regions. | For this suburb, urgent call-outs follow 90-minute emergency response. | Urgent help for storm damage, power loss, tripping safety switches, unsafe outdoor circuits and fallen-line concerns in Wheeny Creek, with 90-minute emergency response. | Emergency call-outs in this region use 90-minute emergency response.",yes,yes,47,5,,,,,,
"Hills, Hawkesbury & Hornsby",Hawkesbury,Wilberforce,2756,/service-areas/hills-hawkesbury-and-hornsby/hawkesbury/wilberforce/,yes,Electrician Wilberforce 2756 | Emergency & Level 2,"Evaready helps Wilberforce with urgent faults, Level 2 ASP work, switchboards, hot water electrical, aircon, CCTV/data and planned electrical work.",Electrician Wilberforce 2756,2526,yes,yes,yes,yes,yes,yes,yes,yes,yes,yes,greater,within 90 minutes / 90-minute response,"90-minute response for urgent call-outs across greater regions. | For this suburb, urgent call-outs follow 90-minute emergency response. | Evaready provides 90-minute emergency response for emergency call-outs in this region. | Urgent help for storm damage, power loss, tripping safety switches, unsafe outdoor circuits and fallen-line concerns in Wilberforce, with 90-minute emergency response.",yes,yes,47,5,,,,,,
"Hills, Hawkesbury & Hornsby",Hawkesbury,Windsor,2756,/service-areas/hills-hawkesbury-and-hornsby/hawkesbury/windsor/,yes,Electrician Windsor 2756 | Emergency & Level 2,"Evaready helps Windsor with urgent faults, Level 2 ASP work, switchboards, hot water electrical, aircon, CCTV/data and planned electrical work.",Electrician Windsor 2756,2532,yes,yes,yes,yes,yes,yes,yes,yes,yes,yes,greater,within 90 minutes / 90-minute response,"90-minute response for urgent call-outs across greater regions. | For this suburb, urgent call-outs follow 90-minute emergency response. | Urgent help for storm damage, power loss, tripping safety switches, unsafe outdoor circuits and fallen-line concerns in Windsor, with 90-minute emergency response. | Emergency call-outs in this region use 90-minute emergency response.",yes,yes,47,5,,,,,,
"Hills, Hawkesbury & Hornsby",Hawkesbury,Windsor Downs,2756,/service-areas/hills-hawkesbury-and-hornsby/hawkesbury/windsor-downs/,yes,Electrician Windsor Downs 2756 | Emergency & Level 2,"Need an electrician in Windsor Downs? Evaready helps with emergency faults, Level 2 ASP work, switchboards, hot water, aircon, CCTV/data and general.",Electrician Windsor Downs 2756,2596,yes,yes,yes,yes,yes,yes,yes,yes,yes,yes,greater,within 90 minutes / 90-minute response,"90-minute response for urgent call-outs across greater regions. | For this suburb, urgent call-outs follow 90-minute emergency response. | Urgent help for storm damage, power loss, tripping safety switches, unsafe outdoor circuits and fallen-line concerns in Windsor Downs, with 90-minute emergency response. | Emergency call-outs in this region use 90-minute emergency response.",yes,yes,47,5,,,,,,
"Hills, Hawkesbury & Hornsby",Hawkesbury,Yarramundi,2753,/service-areas/hills-hawkesbury-and-hornsby/hawkesbury/yarramundi/,yes,Electrician Yarramundi 2753 | Emergency & Level 2,"Need an electrician in Yarramundi? Evaready helps with emergency faults, Level 2 ASP work, switchboards, hot water, aircon, CCTV/data and general.",Electrician Yarramundi 2753,2530,yes,yes,yes,yes,yes,yes,yes,yes,yes,yes,greater,within 90 minutes / 90-minute response,"90-minute response for urgent call-outs across greater regions. | For this suburb, urgent call-outs follow 90-minute emergency response. | Evaready provides 90-minute emergency response for emergency call-outs in this region. | Urgent help for storm damage, power loss, tripping safety switches, unsafe outdoor circuits and fallen-line concerns in Yarramundi, with 90-minute emergency response.",yes,yes,47,5,,,,,,
"Hills, Hawkesbury & Hornsby",Hills District,Annangrove,2156,/service-areas/hills-hawkesbury-and-hornsby/hills-district/annangrove/,yes,Electrician Annangrove 2156 | Emergency & Level 2,"Need an electrician in Annangrove? Evaready helps with emergency faults, Level 2 ASP work, switchboards, hot water, aircon, CCTV/data and general.",Electrician Annangrove 2156,2548,yes,yes,yes,yes,yes,yes,yes,yes,yes,yes,greater,within 90 minutes / 90-minute response,"90-minute response for urgent call-outs across greater regions. | For this suburb, urgent call-outs follow 90-minute emergency response. | Evaready provides 90-minute emergency response for emergency call-outs in this region. | Urgent help for storm damage, power loss, tripping safety switches, unsafe outdoor circuits and fallen-line concerns in Annangrove, with 90-minute emergency response.",yes,yes,47,5,,,,,,
"Hills, Hawkesbury & Hornsby",Hills District,Baulkham Hills,2153,/service-areas/hills-hawkesbury-and-hornsby/hills-district/baulkham-hills/,yes,Electrician Baulkham Hills 2153 | Emergency & Level 2,"Need an electrician in Baulkham Hills? Evaready Electrical helps with switchboards, EV-ready circuits, lighting, power, CCTV, data and Level 2 enquiries.",Electrician Baulkham Hills 2153,2555,yes,yes,yes,yes,yes,yes,yes,yes,yes,yes,greater,within 90 minutes / 90-minute response,"90-minute response for urgent call-outs across greater regions. | For this suburb, urgent call-outs follow 90-minute emergency response. | Urgent help for storm damage, power loss, tripping safety switches, unsafe outdoor circuits and fallen-line concerns in Baulkham Hills, with 90-minute emergency response. | Emergency call-outs in this region use 90-minute emergency response.",yes,yes,47,5,,,,,,
"Hills, Hawkesbury & Hornsby",Hills District,Beaumont Hills,2155,/service-areas/hills-hawkesbury-and-hornsby/hills-district/beaumont-hills/,yes,Electrician Beaumont Hills 2155 | Emergency & Level 2,"Need an electrician in Beaumont Hills? Evaready helps with emergency faults, Level 2 ASP work, switchboards, hot water, aircon, CCTV/data and general.",Electrician Beaumont Hills 2155,2604,yes,yes,yes,yes,yes,yes,yes,yes,yes,yes,greater,within 90 minutes / 90-minute response,"90-minute response for urgent call-outs across greater regions. | For Beaumont Hills, emergency call-outs use 90-minute emergency response; call for unsafe faults, or send photos and details for planned work. | For this suburb, urgent call-outs follow 90-minute emergency response. | Urgent help for storm damage, power loss, tripping safety switches, unsafe outdoor circuits and fallen-line concerns in Beaumont Hills, with 90-minute emergency response.",yes,yes,47,5,,,,,,
"Hills, Hawkesbury & Hornsby",Hills District,Bella Vista,2153,/service-areas/hills-hawkesbury-and-hornsby/hills-district/bella-vista/,yes,Electrician Bella Vista 2153 | Emergency & Level 2,"Need electrical help in Bella Vista 2153? Emergency faults, Level 2 ASP, switchboards, hot water, aircon, CCTV/data and general electrical work across.",Electrician Bella Vista 2153,2602,yes,yes,yes,yes,yes,yes,yes,yes,yes,yes,greater,within 90 minutes / 90-minute response,"90-minute response for urgent call-outs across greater regions. | For this suburb, urgent call-outs follow 90-minute emergency response. | Evaready provides 90-minute emergency response for emergency call-outs in this region. | Urgent help for storm damage, power loss, tripping safety switches, unsafe outdoor circuits and fallen-line concerns in Bella Vista, with 90-minute emergency response.",yes,yes,47,5,,,,,,
"Hills, Hawkesbury & Hornsby",Hills District,Box Hill,2765,/service-areas/hills-hawkesbury-and-hornsby/hills-district/box-hill/,yes,Electrician Box Hill 2765 | Emergency & Level 2,"Need electrical help in Box Hill 2765? Emergency faults, Level 2 ASP, switchboards, hot water, aircon, CCTV/data and general electrical work across.",Electrician Box Hill 2765,2605,yes,yes,yes,yes,yes,yes,yes,yes,yes,yes,greater,within 90 minutes / 90-minute response,"90-minute response for urgent call-outs across greater regions. | For Box Hill, emergency call-outs use 90-minute emergency response; call for unsafe faults, or send photos and details for planned work. | For this suburb, urgent call-outs follow 90-minute emergency response. | Urgent help for storm damage, power loss, tripping safety switches, unsafe outdoor circuits and fallen-line concerns in Box Hill, with 90-minute emergency response.",yes,yes,47,5,,,,,,
"Hills, Hawkesbury & Hornsby",Hills District,Castle Hill,2154,/service-areas/hills-hawkesbury-and-hornsby/hills-district/castle-hill/,yes,Electrician Castle Hill 2154 | Emergency & Level 2,"Evaready Electrical helps with switchboard upgrades, EV-ready circuits, lighting, fault finding, data cabling, CCTV and Level 2 enquiries.",Electrician Castle Hill 2154,2574,yes,yes,yes,yes,yes,yes,yes,yes,yes,yes,greater,within 90 minutes / 90-minute response,"90-minute response for urgent call-outs across greater regions. | For this suburb, urgent call-outs follow 90-minute emergency response. | Evaready provides 90-minute emergency response for emergency call-outs in this region. | Urgent help for storm damage, power loss, tripping safety switches, unsafe outdoor circuits and fallen-line concerns in Castle Hill, with 90-minute emergency response.",yes,yes,47,5,,,,,,
"Hills, Hawkesbury & Hornsby",Hills District,Cattai,2756,/service-areas/hills-hawkesbury-and-hornsby/hills-district/cattai/,yes,Electrician Cattai 2756 | Emergency & Level 2,"Need electrical help in Cattai 2756? Emergency faults, Level 2 ASP, switchboards, hot water, aircon, CCTV/data and general electrical work across.",Electrician Cattai 2756,2535,yes,yes,yes,yes,yes,yes,yes,yes,yes,yes,greater,within 90 minutes / 90-minute response,"90-minute response for urgent call-outs across greater regions. | For this suburb, urgent call-outs follow 90-minute emergency response. | Urgent help for storm damage, power loss, tripping safety switches, unsafe outdoor circuits and fallen-line concerns in Cattai, with 90-minute emergency response. | Emergency call-outs in this region use 90-minute emergency response.",yes,yes,47,5,,,,,,
"Hills, Hawkesbury & Hornsby",Hills District,Dural,2158,/service-areas/hills-hawkesbury-and-hornsby/hills-district/dural/,yes,Electrician Dural 2158 | Emergency & Level 2,"Need an electrician in Dural? Evaready helps with emergency faults, Level 2 ASP work, switchboards, hot water, aircon, CCTV/data and general.",Electrician Dural 2158,2519,yes,yes,yes,yes,yes,yes,yes,yes,yes,yes,greater,within 90 minutes / 90-minute response,"90-minute response for urgent call-outs across greater regions. | For Dural, emergency call-outs use 90-minute emergency response; call for unsafe faults, or send photos and details for planned work. | For this suburb, urgent call-outs follow 90-minute emergency response. | Urgent help for storm damage, power loss, tripping safety switches, unsafe outdoor circuits and fallen-line concerns in Dural, with 90-minute emergency response.",yes,yes,47,5,,,,,,
"Hills, Hawkesbury & Hornsby",Hills District,Glenhaven,2156,/service-areas/hills-hawkesbury-and-hornsby/hills-district/glenhaven/,yes,Electrician Glenhaven 2156 | Emergency & Level 2,"Need an electrician in Glenhaven? Evaready helps with emergency faults, Level 2 ASP work, switchboards, hot water, aircon, CCTV/data and general.",Electrician Glenhaven 2156,2555,yes,yes,yes,yes,yes,yes,yes,yes,yes,yes,greater,within 90 minutes / 90-minute response,"90-minute response for urgent call-outs across greater regions. | For this suburb, urgent call-outs follow 90-minute emergency response. | Evaready provides 90-minute emergency response for emergency call-outs in this region. | Urgent help for storm damage, power loss, tripping safety switches, unsafe outdoor circuits and fallen-line concerns in Glenhaven, with 90-minute emergency response.",yes,yes,47,5,,,,,,
"Hills, Hawkesbury & Hornsby",Hills District,Glenorie,2157,/service-areas/hills-hawkesbury-and-hornsby/hills-district/glenorie/,yes,Electrician Glenorie 2157 | Emergency & Level 2,"Need an electrician in Glenorie? Evaready helps with emergency faults, Level 2 ASP work, switchboards, hot water, aircon, CCTV/data and general.",Electrician Glenorie 2157,2529,yes,yes,yes,yes,yes,yes,yes,yes,yes,yes,greater,within 90 minutes / 90-minute response,"90-minute response for urgent call-outs across greater regions. | For this suburb, urgent call-outs follow 90-minute emergency response. | Evaready provides 90-minute emergency response for emergency call-outs in this region. | Urgent help for storm damage, power loss, tripping safety switches, unsafe outdoor circuits and fallen-line concerns in Glenorie, with 90-minute emergency response.",yes,yes,47,5,,,,,,
"Hills, Hawkesbury & Hornsby",Hills District,Kellyville,2155,/service-areas/hills-hawkesbury-and-hornsby/hills-district/kellyville/,yes,Electrician Kellyville 2155 | Emergency & Level 2,"Need an electrician in Kellyville? Evaready Electrical helps with lighting, power, switchboards, EV-ready circuits, data, CCTV and faults.",Electrician Kellyville 2155,2490,yes,yes,yes,yes,yes,yes,yes,yes,yes,yes,greater,within 90 minutes / 90-minute response,"90-minute response for urgent call-outs across greater regions. | For this suburb, urgent call-outs follow 90-minute emergency response. | Evaready provides 90-minute emergency response for emergency call-outs in this region. | Urgent help for storm damage, power loss, tripping safety switches, unsafe outdoor circuits and fallen-line concerns in Kellyville, with 90-minute emergency response.",yes,yes,47,5,,,,,,
"Hills, Hawkesbury & Hornsby",Hills District,Kenthurst,2156,/service-areas/hills-hawkesbury-and-hornsby/hills-district/kenthurst/,yes,Electrician Kenthurst 2156 | Emergency & Level 2,"Need an electrician in Kenthurst? Evaready helps with emergency faults, Level 2 ASP work, switchboards, hot water, aircon, CCTV/data and general.",Electrician Kenthurst 2156,2543,yes,yes,yes,yes,yes,yes,yes,yes,yes,yes,greater,within 90 minutes / 90-minute response,"90-minute response for urgent call-outs across greater regions. | For Kenthurst, emergency call-outs use 90-minute emergency response; call for unsafe faults, or send photos and details for planned work. | For this suburb, urgent call-outs follow 90-minute emergency response. | Urgent help for storm damage, power loss, tripping safety switches, unsafe outdoor circuits and fallen-line concerns in Kenthurst, with 90-minute emergency response.",yes,yes,47,5,,,,,,
"Hills, Hawkesbury & Hornsby",Hills District,Lower Portland,2756,/service-areas/hills-hawkesbury-and-hornsby/hills-district/lower-portland/,yes,Electrician Lower Portland 2756 | Emergency & Level 2,"Need an electrician in Lower Portland? Evaready helps with emergency faults, Level 2 ASP work, switchboards, hot water, aircon, CCTV/data and general.",Electrician Lower Portland 2756,2621,yes,yes,yes,yes,yes,yes,yes,yes,yes,yes,greater,within 90 minutes / 90-minute response,"90-minute response for urgent call-outs across greater regions. | For this suburb, urgent call-outs follow 90-minute emergency response. | Urgent help for storm damage, power loss, tripping safety switches, unsafe outdoor circuits and fallen-line concerns in Lower Portland, with 90-minute emergency response. | Emergency call-outs in this region use 90-minute emergency response.",yes,yes,47,5,,,,,,
"Hills, Hawkesbury & Hornsby",Hills District,Maraylya,2765,/service-areas/hills-hawkesbury-and-hornsby/hills-district/maraylya/,yes,Electrician Maraylya 2765 | Emergency & Level 2,"Evaready helps Maraylya with urgent faults, Level 2 ASP work, switchboards, hot water electrical, aircon, CCTV/data and planned electrical work.",Electrician Maraylya 2765,2552,yes,yes,yes,yes,yes,yes,yes,yes,yes,yes,greater,within 90 minutes / 90-minute response,"90-minute response for urgent call-outs across greater regions. | For Maraylya, emergency call-outs use 90-minute emergency response; call for unsafe faults, or send photos and details for planned work. | For this suburb, urgent call-outs follow 90-minute emergency response. | Evaready provides 90-minute emergency response for emergency call-outs in this region.",yes,yes,47,5,,,,,,
"Hills, Hawkesbury & Hornsby",Hills District,Maroota,2756,/service-areas/hills-hawkesbury-and-hornsby/hills-district/maroota/,yes,Electrician Maroota 2756 | Emergency & Level 2,"Need electrical help in Maroota 2756? Emergency faults, Level 2 ASP, switchboards, hot water, aircon, CCTV/data and general electrical work across.",Electrician Maroota 2756,2534,yes,yes,yes,yes,yes,yes,yes,yes,yes,yes,greater,within 90 minutes / 90-minute response,"90-minute response for urgent call-outs across greater regions. | For this suburb, urgent call-outs follow 90-minute emergency response. | Urgent help for storm damage, power loss, tripping safety switches, unsafe outdoor circuits and fallen-line concerns in Maroota, with 90-minute emergency response. | Emergency call-outs in this region use 90-minute emergency response.",yes,yes,47,5,,,,,,
"Hills, Hawkesbury & Hornsby",Hills District,Middle Dural,2158,/service-areas/hills-hawkesbury-and-hornsby/hills-district/middle-dural/,yes,Electrician Middle Dural 2158 | Emergency & Level 2,"Need electrical help in Middle Dural 2158? Emergency faults, Level 2 ASP, switchboards, hot water, aircon, CCTV/data and general electrical work.",Electrician Middle Dural 2158,2611,yes,yes,yes,yes,yes,yes,yes,yes,yes,yes,greater,within 90 minutes / 90-minute response,"90-minute response for urgent call-outs across greater regions. | For this suburb, urgent call-outs follow 90-minute emergency response. | Urgent help for storm damage, power loss, tripping safety switches, unsafe outdoor circuits and fallen-line concerns in Middle Dural, with 90-minute emergency response. | Emergency call-outs in this region use 90-minute emergency response.",yes,yes,47,5,,,,,,
"Hills, Hawkesbury & Hornsby",Hills District,Nelson,2765,/service-areas/hills-hawkesbury-and-hornsby/hills-district/nelson/,yes,Electrician Nelson 2765 | Emergency & Level 2,"Need electrical help in Nelson 2765? Emergency faults, Level 2 ASP, switchboards, hot water, aircon, CCTV/data and general electrical work across.",Electrician Nelson 2765,2525,yes,yes,yes,yes,yes,yes,yes,yes,yes,yes,greater,within 90 minutes / 90-minute response,"90-minute response for urgent call-outs across greater regions. | For this suburb, urgent call-outs follow 90-minute emergency response. | Urgent help for storm damage, power loss, tripping safety switches, unsafe outdoor circuits and fallen-line concerns in Nelson, with 90-minute emergency response. | Emergency call-outs in this region use 90-minute emergency response.",yes,yes,47,5,,,,,,
"Hills, Hawkesbury & Hornsby",Hills District,Rouse Hill,2155,/service-areas/hills-hawkesbury-and-hornsby/hills-district/rouse-hill/,yes,Electrician Rouse Hill 2155 | Emergency & Level 2,"Evaready Electrical helps with lighting, power, switchboards, EV-ready circuits, data, CCTV and electrical fault finding.",Electrician Rouse Hill 2155,2568,yes,yes,yes,yes,yes,yes,yes,yes,yes,yes,greater,within 90 minutes / 90-minute response,"90-minute response for urgent call-outs across greater regions. | For this suburb, urgent call-outs follow 90-minute emergency response. | Urgent help for storm damage, power loss, tripping safety switches, unsafe outdoor circuits and fallen-line concerns in Rouse Hill, with 90-minute emergency response. | Emergency call-outs in this region use 90-minute emergency response.",yes,yes,47,5,,,,,,
"Hills, Hawkesbury & Hornsby",Hills District,Sackville North,2756,/service-areas/hills-hawkesbury-and-hornsby/hills-district/sackville-north/,yes,Electrician Sackville North 2756 | Emergency & Level 2,"Evaready helps Sackville North with urgent faults, Level 2 ASP work, switchboards, hot water electrical, aircon, CCTV/data and planned electrical work.",Electrician Sackville North 2756,2627,yes,yes,yes,yes,yes,yes,yes,yes,yes,yes,greater,within 90 minutes / 90-minute response,"90-minute response for urgent call-outs across greater regions. | For this suburb, urgent call-outs follow 90-minute emergency response. | Urgent help for storm damage, power loss, tripping safety switches, unsafe outdoor circuits and fallen-line concerns in Sackville North, with 90-minute emergency response. | Emergency call-outs in this region use 90-minute emergency response.",yes,yes,47,5,,,,,,
"Hills, Hawkesbury & Hornsby",Hills District,South Maroota,2756,/service-areas/hills-hawkesbury-and-hornsby/hills-district/south-maroota/,yes,Electrician South Maroota 2756 | Emergency & Level 2,"Evaready helps South Maroota with urgent faults, Level 2 ASP work, switchboards, hot water electrical, aircon, CCTV/data and planned electrical work.",Electrician South Maroota 2756,2606,yes,yes,yes,yes,yes,yes,yes,yes,yes,yes,greater,within 90 minutes / 90-minute response,"90-minute response for urgent call-outs across greater regions. | For this suburb, urgent call-outs follow 90-minute emergency response. | Evaready provides 90-minute emergency response for emergency call-outs in this region. | Urgent help for storm damage, power loss, tripping safety switches, unsafe outdoor circuits and fallen-line concerns in South Maroota, with 90-minute emergency response.",yes,yes,47,5,,,,,,
"Hills, Hawkesbury & Hornsby",Hills District,West Pennant Hills,2125,/service-areas/hills-hawkesbury-and-hornsby/hills-district/west-pennant-hills/,yes,Electrician West Pennant Hills 2125 | Emergency & Level 2,"Need electrical help in West Pennant Hills 2125? Emergency faults, Level 2 ASP, switchboards, hot water, aircon, CCTV/data and general electrical work.",Electrician West Pennant Hills 2125,2716,yes,yes,yes,yes,yes,yes,yes,yes,yes,yes,greater,within 90 minutes / 90-minute response,"90-minute response for urgent call-outs across greater regions. | For West Pennant Hills, emergency call-outs use 90-minute emergency response; call for unsafe faults, or send photos and details for planned work. | For this suburb, urgent call-outs follow 90-minute emergency response. | Urgent help for storm damage, power loss, tripping safety switches, unsafe outdoor circuits and fallen-line concerns in West Pennant Hills, with 90-minute emergency response.",yes,yes,47,5,,,,,,
"Hills, Hawkesbury & Hornsby",Hills District,Winston Hills,2153,/service-areas/hills-hawkesbury-and-hornsby/hills-district/winston-hills/,yes,Electrician Winston Hills 2153 | Emergency & Level 2,"Evaready helps Winston Hills with urgent faults, Level 2 ASP work, switchboards, hot water electrical, aircon, CCTV/data and planned electrical work.",Electrician Winston Hills 2153,2595,yes,yes,yes,yes,yes,yes,yes,yes,yes,yes,greater,within 90 minutes / 90-minute response,"90-minute response for urgent call-outs across greater regions. | For Winston Hills, emergency call-outs use 90-minute emergency response; call for unsafe faults, or send photos and details for planned work. | For this suburb, urgent call-outs follow 90-minute emergency response. | Evaready provides 90-minute emergency response for emergency call-outs in this region.",yes,yes,47,5,,,,,,
"Hills, Hawkesbury & Hornsby",Hills District,Wisemans Ferry,2775,/service-areas/hills-hawkesbury-and-hornsby/hills-district/wisemans-ferry/,yes,Electrician Wisemans Ferry 2775 | Emergency & Level 2,"Need electrical help in Wisemans Ferry 2775? Emergency faults, Level 2 ASP, switchboards, hot water, aircon, CCTV/data and general electrical work.",Electrician Wisemans Ferry 2775,2601,yes,yes,yes,yes,yes,yes,yes,yes,yes,yes,greater,within 90 minutes / 90-minute response,"90-minute response for urgent call-outs across greater regions. | For this suburb, urgent call-outs follow 90-minute emergency response. | Urgent help for storm damage, power loss, tripping safety switches, unsafe outdoor circuits and fallen-line concerns in Wisemans Ferry, with 90-minute emergency response. | Emergency call-outs in this region use 90-minute emergency response.",yes,yes,47,5,,,,,,
"Hills, Hawkesbury & Hornsby",Hornsby,Arcadia,2159,/service-areas/hills-hawkesbury-and-hornsby/hornsby/arcadia/,yes,Electrician Arcadia 2159 | Emergency & Level 2,"Need electrical help in Arcadia 2159? Emergency faults, Level 2 ASP, switchboards, hot water, aircon, CCTV/data and general electrical work across Hornsby.",Electrician Arcadia 2159,2560,yes,yes,yes,yes,yes,yes,yes,yes,yes,yes,greater,within 90 minutes / 90-minute response,"90-minute response for urgent call-outs across greater regions. | For this suburb, urgent call-outs follow 90-minute emergency response. | Urgent help for storm damage, power loss, tripping safety switches, unsafe outdoor circuits and fallen-line concerns in Arcadia, with 90-minute emergency response. | Emergency call-outs in this region use 90-minute emergency response.",yes,yes,47,5,,,,,,
"Hills, Hawkesbury & Hornsby",Hornsby,Asquith,2077,/service-areas/hills-hawkesbury-and-hornsby/hornsby/asquith/,yes,Electrician Asquith 2077 | Emergency & Level 2,"Evaready helps Asquith with urgent faults, Level 2 ASP work, switchboards, hot water electrical, aircon, CCTV/data and planned electrical work.",Electrician Asquith 2077,2503,yes,yes,yes,yes,yes,yes,yes,yes,yes,yes,greater,within 90 minutes / 90-minute response,"90-minute response for urgent call-outs across greater regions. | For this suburb, urgent call-outs follow 90-minute emergency response. | Urgent help for storm damage, power loss, tripping safety switches, unsafe outdoor circuits and fallen-line concerns in Asquith, with 90-minute emergency response. | Emergency call-outs in this region use 90-minute emergency response.",yes,yes,47,5,,,,,,
"Hills, Hawkesbury & Hornsby",Hornsby,Beecroft,2119,/service-areas/hills-hawkesbury-and-hornsby/hornsby/beecroft/,yes,Electrician Beecroft 2119 | Emergency & Level 2,"Evaready helps Beecroft with urgent faults, Level 2 ASP work, switchboards, hot water electrical, aircon, CCTV/data and planned electrical work.",Electrician Beecroft 2119,2526,yes,yes,yes,yes,yes,yes,yes,yes,yes,yes,greater,within 90 minutes / 90-minute response,"90-minute response for urgent call-outs across greater regions. | For this suburb, urgent call-outs follow 90-minute emergency response. | Urgent help for storm damage, power loss, tripping safety switches, unsafe outdoor circuits and fallen-line concerns in Beecroft, with 90-minute emergency response. | Emergency call-outs in this region use 90-minute emergency response.",yes,yes,47,5,,,,,,
"Hills, Hawkesbury & Hornsby",Hornsby,Berowra,2081,/service-areas/hills-hawkesbury-and-hornsby/hornsby/berowra/,yes,Electrician Berowra 2081 | Emergency & Level 2,"Need an electrician in Berowra? Evaready helps with emergency faults, Level 2 ASP work, switchboards, hot water, aircon, CCTV/data and general.",Electrician Berowra 2081,2535,yes,yes,yes,yes,yes,yes,yes,yes,yes,yes,greater,within 90 minutes / 90-minute response,"90-minute response for urgent call-outs across greater regions. | For this suburb, urgent call-outs follow 90-minute emergency response. | Urgent help for storm damage, power loss, tripping safety switches, unsafe outdoor circuits and fallen-line concerns in Berowra, with 90-minute emergency response. | Emergency call-outs in this region use 90-minute emergency response.",yes,yes,47,5,,,,,,
"Hills, Hawkesbury & Hornsby",Hornsby,Berowra Creek,2082,/service-areas/hills-hawkesbury-and-hornsby/hornsby/berowra-creek/,yes,Electrician Berowra Creek 2082 | Emergency & Level 2,"Need electrical help in Berowra Creek 2082? Emergency faults, Level 2 ASP, switchboards, hot water, aircon, CCTV/data and general electrical work.",Electrician Berowra Creek 2082,2581,yes,yes,yes,yes,yes,yes,yes,yes,yes,yes,greater,within 90 minutes / 90-minute response,"90-minute response for urgent call-outs across greater regions. | For this suburb, urgent call-outs follow 90-minute emergency response. | Evaready provides 90-minute emergency response for emergency call-outs in this region. | Urgent help for storm damage, power loss, tripping safety switches, unsafe outdoor circuits and fallen-line concerns in Berowra Creek, with 90-minute emergency response.",yes,yes,47,5,,,,,,
"Hills, Hawkesbury & Hornsby",Hornsby,Berowra Heights,2082,/service-areas/hills-hawkesbury-and-hornsby/hornsby/berowra-heights/,yes,Electrician Berowra Heights 2082 | Emergency & Level 2,"Need electrical help in Berowra Heights 2082? Emergency faults, Level 2 ASP, switchboards, hot water, aircon, CCTV/data and general electrical work.",Electrician Berowra Heights 2082,2581,yes,yes,yes,yes,yes,yes,yes,yes,yes,yes,greater,within 90 minutes / 90-minute response,"90-minute response for urgent call-outs across greater regions. | For this suburb, urgent call-outs follow 90-minute emergency response. | Urgent help for storm damage, power loss, tripping safety switches, unsafe outdoor circuits and fallen-line concerns in Berowra Heights, with 90-minute emergency response. | Emergency call-outs in this region use 90-minute emergency response.",yes,yes,47,5,,,,,,
"Hills, Hawkesbury & Hornsby",Hornsby,Berowra Waters,2082,/service-areas/hills-hawkesbury-and-hornsby/hornsby/berowra-waters/,yes,Electrician Berowra Waters 2082 | Emergency & Level 2,"Need electrical help in Berowra Waters 2082? Emergency faults, Level 2 ASP, switchboards, hot water, aircon, CCTV/data and general electrical work.",Electrician Berowra Waters 2082,2611,yes,yes,yes,yes,yes,yes,yes,yes,yes,yes,greater,within 90 minutes / 90-minute response,"90-minute response for urgent call-outs across greater regions. | For Berowra Waters, emergency call-outs use 90-minute emergency response; call for unsafe faults, or send photos and details for planned work. | For this suburb, urgent call-outs follow 90-minute emergency response. | Urgent help for storm damage, power loss, tripping safety switches, unsafe outdoor circuits and fallen-line concerns in Berowra Waters, with 90-minute emergency response.",yes,yes,47,5,,,,,,
"Hills, Hawkesbury & Hornsby",Hornsby,Berrilee,2159,/service-areas/hills-hawkesbury-and-hornsby/hornsby/berrilee/,yes,Electrician Berrilee 2159 | Emergency & Level 2,"Evaready helps Berrilee with urgent faults, Level 2 ASP work, switchboards, hot water electrical, aircon, CCTV/data and planned electrical work.",Electrician Berrilee 2159,2528,yes,yes,yes,yes,yes,yes,yes,yes,yes,yes,greater,within 90 minutes / 90-minute response,"90-minute response for urgent call-outs across greater regions. | For this suburb, urgent call-outs follow 90-minute emergency response. | Urgent help for storm damage, power loss, tripping safety switches, unsafe outdoor circuits and fallen-line concerns in Berrilee, with 90-minute emergency response. | Emergency call-outs in this region use 90-minute emergency response.",yes,yes,47,5,,,,,,
"Hills, Hawkesbury & Hornsby",Hornsby,Brooklyn,2083,/service-areas/hills-hawkesbury-and-hornsby/hornsby/brooklyn/,yes,Electrician Brooklyn 2083 | Emergency & Level 2,"Need electrical help in Brooklyn 2083? Emergency faults, Level 2 ASP, switchboards, hot water, aircon, CCTV/data and general electrical work across.",Electrician Brooklyn 2083,2526,yes,yes,yes,yes,yes,yes,yes,yes,yes,yes,greater,within 90 minutes / 90-minute response,"90-minute response for urgent call-outs across greater regions. | For Brooklyn, emergency call-outs use 90-minute emergency response; call for unsafe faults, or send photos and details for planned work. | For this suburb, urgent call-outs follow 90-minute emergency response. | Evaready provides 90-minute emergency response for emergency call-outs in this region.",yes,yes,47,5,,,,,,
"Hills, Hawkesbury & Hornsby",Hornsby,Canoelands,2157,/service-areas/hills-hawkesbury-and-hornsby/hornsby/canoelands/,yes,Electrician Canoelands 2157 | Emergency & Level 2,"Need an electrician in Canoelands? Evaready helps with emergency faults, Level 2 ASP work, switchboards, hot water, aircon, CCTV/data and general.",Electrician Canoelands 2157,2531,yes,yes,yes,yes,yes,yes,yes,yes,yes,yes,greater,within 90 minutes / 90-minute response,"90-minute response for urgent call-outs across greater regions. | For this suburb, urgent call-outs follow 90-minute emergency response. | Evaready provides 90-minute emergency response for emergency call-outs in this region. | Urgent help for storm damage, power loss, tripping safety switches, unsafe outdoor circuits and fallen-line concerns in Canoelands, with 90-minute emergency response.",yes,yes,47,5,,,,,,
"Hills, Hawkesbury & Hornsby",Hornsby,Cheltenham,2119,/service-areas/hills-hawkesbury-and-hornsby/hornsby/cheltenham/,yes,Electrician Cheltenham 2119 | Emergency & Level 2,"Need an electrician in Cheltenham? Evaready helps with emergency faults, Level 2 ASP work, switchboards, hot water, aircon, CCTV/data and general.",Electrician Cheltenham 2119,2522,yes,yes,yes,yes,yes,yes,yes,yes,yes,yes,greater,within 90 minutes / 90-minute response,"90-minute response for urgent call-outs across greater regions. | For this suburb, urgent call-outs follow 90-minute emergency response. | Evaready provides 90-minute emergency response for emergency call-outs in this region. | Urgent help for storm damage, power loss, tripping safety switches, unsafe outdoor circuits and fallen-line concerns in Cheltenham, with 90-minute emergency response.",yes,yes,47,5,,,,,,
"Hills, Hawkesbury & Hornsby",Hornsby,Cherrybrook,2126,/service-areas/hills-hawkesbury-and-hornsby/hornsby/cherrybrook/,yes,Electrician Cherrybrook 2126 | Emergency & Level 2,"Need electrical help in Cherrybrook 2126? Emergency faults, Level 2 ASP, switchboards, hot water, aircon, CCTV/data and general electrical work across.",Electrician Cherrybrook 2126,2487,yes,yes,yes,yes,yes,yes,yes,yes,yes,yes,greater,within 90 minutes / 90-minute response,"90-minute response for urgent call-outs across greater regions. | For this suburb, urgent call-outs follow 90-minute emergency response. | Urgent help for storm damage, power loss, tripping safety switches, unsafe outdoor circuits and fallen-line concerns in Cherrybrook, with 90-minute emergency response. | Emergency call-outs in this region use 90-minute emergency response.",yes,yes,47,5,,,,,,
"Hills, Hawkesbury & Hornsby",Hornsby,Cowan,2081,/service-areas/hills-hawkesbury-and-hornsby/hornsby/cowan/,yes,Electrician Cowan 2081 | Emergency & Level 2,"Need electrical help in Cowan 2081? Emergency faults, Level 2 ASP, switchboards, hot water, aircon, CCTV/data and general electrical work across Hornsby.",Electrician Cowan 2081,2505,yes,yes,yes,yes,yes,yes,yes,yes,yes,yes,greater,within 90 minutes / 90-minute response,"90-minute response for urgent call-outs across greater regions. | For this suburb, urgent call-outs follow 90-minute emergency response. | Evaready provides 90-minute emergency response for emergency call-outs in this region. | Urgent help for storm damage, power loss, tripping safety switches, unsafe outdoor circuits and fallen-line concerns in Cowan, with 90-minute emergency response.",yes,yes,47,5,,,,,,
"Hills, Hawkesbury & Hornsby",Hornsby,Dangar Island,2083,/service-areas/hills-hawkesbury-and-hornsby/hornsby/dangar-island/,yes,Electrician Dangar Island 2083 | Emergency & Level 2,"Need electrical help in Dangar Island 2083? Emergency faults, Level 2 ASP, switchboards, hot water, aircon, CCTV/data and general electrical work.",Electrician Dangar Island 2083,2647,yes,yes,yes,yes,yes,yes,yes,yes,yes,yes,greater,within 90 minutes / 90-minute response,"90-minute response for urgent call-outs across greater regions. | For Dangar Island, emergency call-outs use 90-minute emergency response; call for unsafe faults, or send photos and details for planned work. | For this suburb, urgent call-outs follow 90-minute emergency response. | Evaready provides 90-minute emergency response for emergency call-outs in this region.",yes,yes,47,5,,,,,,
"Hills, Hawkesbury & Hornsby",Hornsby,Fiddletown,2159,/service-areas/hills-hawkesbury-and-hornsby/hornsby/fiddletown/,yes,Electrician Fiddletown 2159 | Emergency & Level 2,"Need electrical help in Fiddletown 2159? Emergency faults, Level 2 ASP, switchboards, hot water, aircon, CCTV/data and general electrical work across.",Electrician Fiddletown 2159,2507,yes,yes,yes,yes,yes,yes,yes,yes,yes,yes,greater,within 90 minutes / 90-minute response,"90-minute response for urgent call-outs across greater regions. | For Fiddletown, emergency call-outs use 90-minute emergency response; call for unsafe faults, or send photos and details for planned work. | For this suburb, urgent call-outs follow 90-minute emergency response. | Evaready provides 90-minute emergency response for emergency call-outs in this region.",yes,yes,47,5,,,,,,
"Hills, Hawkesbury & Hornsby",Hornsby,Forest Glen,2157,/service-areas/hills-hawkesbury-and-hornsby/hornsby/forest-glen/,yes,Electrician Forest Glen 2157 | Emergency & Level 2,"Evaready helps Forest Glen with urgent faults, Level 2 ASP work, switchboards, hot water electrical, aircon, CCTV/data and planned electrical work.",Electrician Forest Glen 2157,2622,yes,yes,yes,yes,yes,yes,yes,yes,yes,yes,greater,within 90 minutes / 90-minute response,"90-minute response for urgent call-outs across greater regions. | For this suburb, urgent call-outs follow 90-minute emergency response. | Urgent help for storm damage, power loss, tripping safety switches, unsafe outdoor circuits and fallen-line concerns in Forest Glen, with 90-minute emergency response. | Emergency call-outs in this region use 90-minute emergency response.",yes,yes,47,5,,,,,,
"Hills, Hawkesbury & Hornsby",Hornsby,Galston,2159,/service-areas/hills-hawkesbury-and-hornsby/hornsby/galston/,yes,Electrician Galston 2159 | Emergency & Level 2,"Need electrical help in Galston 2159? Emergency faults, Level 2 ASP, switchboards, hot water, aircon, CCTV/data and general electrical work across Hornsby.",Electrician Galston 2159,2545,yes,yes,yes,yes,yes,yes,yes,yes,yes,yes,greater,within 90 minutes / 90-minute response,"90-minute response for urgent call-outs across greater regions. | For Galston, emergency call-outs use 90-minute emergency response; call for unsafe faults, or send photos and details for planned work. | For this suburb, urgent call-outs follow 90-minute emergency response. | Urgent help for storm damage, power loss, tripping safety switches, unsafe outdoor circuits and fallen-line concerns in Galston, with 90-minute emergency response.",yes,yes,47,5,,,,,,
"Hills, Hawkesbury & Hornsby",Hornsby,Hornsby,2077,/service-areas/hills-hawkesbury-and-hornsby/hornsby/hornsby/,yes,Electrician Hornsby 2077 | Emergency & Level 2,"Need an electrician in Hornsby? Evaready Electrical helps with emergency faults, switchboards, lighting, power, data, CCTV and Level 2 enquiries.",Electrician Hornsby 2077,2507,yes,yes,yes,yes,yes,yes,yes,yes,yes,yes,greater,within 90 minutes / 90-minute response,"90-minute response for urgent call-outs across greater regions. | For this suburb, urgent call-outs follow 90-minute emergency response. | Evaready provides 90-minute emergency response for emergency call-outs in this region. | Urgent help for storm damage, power loss, tripping safety switches, unsafe outdoor circuits and fallen-line concerns in Hornsby, with 90-minute emergency response.",yes,yes,47,5,,,,,,
"Hills, Hawkesbury & Hornsby",Hornsby,Hornsby Heights,2077,/service-areas/hills-hawkesbury-and-hornsby/hornsby/hornsby-heights/,yes,Electrician Hornsby Heights 2077 | Emergency & Level 2,"Need electrical help in Hornsby Heights 2077? Emergency faults, Level 2 ASP, switchboards, hot water, aircon, CCTV/data and general electrical work.",Electrician Hornsby Heights 2077,2621,yes,yes,yes,yes,yes,yes,yes,yes,yes,yes,greater,within 90 minutes / 90-minute response,"90-minute response for urgent call-outs across greater regions. | For this suburb, urgent call-outs follow 90-minute emergency response. | Urgent help for storm damage, power loss, tripping safety switches, unsafe outdoor circuits and fallen-line concerns in Hornsby Heights, with 90-minute emergency response. | Emergency call-outs in this region use 90-minute emergency response.",yes,yes,47,5,,,,,,
"Hills, Hawkesbury & Hornsby",Hornsby,Milsons Passage,2083,/service-areas/hills-hawkesbury-and-hornsby/hornsby/milsons-passage/,yes,Electrician Milsons Passage 2083 | Emergency & Level 2,"Need electrical help in Milsons Passage 2083? Emergency faults, Level 2 ASP, switchboards, hot water, aircon, CCTV/data and general electrical work.",Electrician Milsons Passage 2083,2602,yes,yes,yes,yes,yes,yes,yes,yes,yes,yes,greater,within 90 minutes / 90-minute response,"90-minute response for urgent call-outs across greater regions. | For this suburb, urgent call-outs follow 90-minute emergency response. | Urgent help for storm damage, power loss, tripping safety switches, unsafe outdoor circuits and fallen-line concerns in Milsons Passage, with 90-minute emergency response. | Emergency call-outs in this region use 90-minute emergency response.",yes,yes,47,5,,,,,,
"Hills, Hawkesbury & Hornsby",Hornsby,Mount Colah,2079,/service-areas/hills-hawkesbury-and-hornsby/hornsby/mount-colah/,yes,Electrician Mount Colah 2079 | Emergency & Level 2,"Evaready helps Mount Colah with urgent faults, Level 2 ASP work, switchboards, hot water electrical, aircon, CCTV/data and planned electrical work.",Electrician Mount Colah 2079,2633,yes,yes,yes,yes,yes,yes,yes,yes,yes,yes,greater,within 90 minutes / 90-minute response,"90-minute response for urgent call-outs across greater regions. | For Mount Colah, emergency call-outs use 90-minute emergency response; call for unsafe faults, or send photos and details for planned work. | For this suburb, urgent call-outs follow 90-minute emergency response. | Urgent help for storm damage, power loss, tripping safety switches, unsafe outdoor circuits and fallen-line concerns in Mount Colah, with 90-minute emergency response.",yes,yes,47,5,,,,,,
"Hills, Hawkesbury & Hornsby",Hornsby,Mount Kuring-Gai,2080,/service-areas/hills-hawkesbury-and-hornsby/hornsby/mount-kuring-gai/,yes,Electrician Mount Kuring-Gai 2080 | Emergency & Level 2,"Need an electrician in Mount Kuring-Gai? Evaready helps with emergency faults, Level 2 ASP work, switchboards, hot water, aircon, CCTV/data.",Electrician Mount Kuring-Gai 2080,2590,yes,yes,yes,yes,yes,yes,yes,yes,yes,yes,greater,within 90 minutes / 90-minute response,"90-minute response for urgent call-outs across greater regions. | For this suburb, urgent call-outs follow 90-minute emergency response. | Urgent help for storm damage, power loss, tripping safety switches, unsafe outdoor circuits and fallen-line concerns in Mount Kuring-Gai, with 90-minute emergency response. | Emergency call-outs in this region use 90-minute emergency response.",yes,yes,47,5,,,,,,
"Hills, Hawkesbury & Hornsby",Hornsby,Normanhurst,2076,/service-areas/hills-hawkesbury-and-hornsby/hornsby/normanhurst/,yes,Electrician Normanhurst 2076 | Emergency & Level 2,"Evaready helps Normanhurst with urgent faults, Level 2 ASP work, switchboards, hot water electrical, aircon, CCTV/data and planned electrical work.",Electrician Normanhurst 2076,2538,yes,yes,yes,yes,yes,yes,yes,yes,yes,yes,greater,within 90 minutes / 90-minute response,"90-minute response for urgent call-outs across greater regions. | For this suburb, urgent call-outs follow 90-minute emergency response. | Evaready provides 90-minute emergency response for emergency call-outs in this region. | Urgent help for storm damage, power loss, tripping safety switches, unsafe outdoor circuits and fallen-line concerns in Normanhurst, with 90-minute emergency response.",yes,yes,47,5,,,,,,
"Hills, Hawkesbury & Hornsby",Hornsby,North Epping,2121,/service-areas/hills-hawkesbury-and-hornsby/hornsby/north-epping/,yes,Electrician North Epping 2121 | Emergency & Level 2,"Need an electrician in North Epping? Evaready helps with emergency faults, Level 2 ASP work, switchboards, hot water, aircon, CCTV/data and general.",Electrician North Epping 2121,2615,yes,yes,yes,yes,yes,yes,yes,yes,yes,yes,greater,within 90 minutes / 90-minute response,"90-minute response for urgent call-outs across greater regions. | For this suburb, urgent call-outs follow 90-minute emergency response. | Evaready provides 90-minute emergency response for emergency call-outs in this region. | Urgent help for storm damage, power loss, tripping safety switches, unsafe outdoor circuits and fallen-line concerns in North Epping, with 90-minute emergency response.",yes,yes,47,5,,,,,,
"Hills, Hawkesbury & Hornsby",Hornsby,Pennant Hills,2120,/service-areas/hills-hawkesbury-and-hornsby/hornsby/pennant-hills/,yes,Electrician Pennant Hills 2120 | Emergency & Level 2,"Evaready helps Pennant Hills with urgent faults, Level 2 ASP work, switchboards, hot water electrical, aircon, CCTV/data and planned electrical work.",Electrician Pennant Hills 2120,2616,yes,yes,yes,yes,yes,yes,yes,yes,yes,yes,greater,within 90 minutes / 90-minute response,"90-minute response for urgent call-outs across greater regions. | For this suburb, urgent call-outs follow 90-minute emergency response. | Urgent help for storm damage, power loss, tripping safety switches, unsafe outdoor circuits and fallen-line concerns in Pennant Hills, with 90-minute emergency response. | Emergency call-outs in this region use 90-minute emergency response.",yes,yes,47,5,,,,,,
"Hills, Hawkesbury & Hornsby",Hornsby,Thornleigh,2120,/service-areas/hills-hawkesbury-and-hornsby/hornsby/thornleigh/,yes,Electrician Thornleigh 2120 | Emergency & Level 2,"Evaready helps Thornleigh with urgent faults, Level 2 ASP work, switchboards, hot water electrical, aircon, CCTV/data and planned electrical work.",Electrician Thornleigh 2120,2545,yes,yes,yes,yes,yes,yes,yes,yes,yes,yes,greater,within 90 minutes / 90-minute response,"90-minute response for urgent call-outs across greater regions. | For this suburb, urgent call-outs follow 90-minute emergency response. | Urgent help for storm damage, power loss, tripping safety switches, unsafe outdoor circuits and fallen-line concerns in Thornleigh, with 90-minute emergency response. | Emergency call-outs in this region use 90-minute emergency response.",yes,yes,47,5,,,,,,
"Hills, Hawkesbury & Hornsby",Hornsby,Wahroonga,2076,/service-areas/hills-hawkesbury-and-hornsby/hornsby/wahroonga/,yes,Electrician Wahroonga 2076 | Emergency & Level 2,"Evaready helps Wahroonga with urgent faults, Level 2 ASP work, switchboards, hot water electrical, aircon, CCTV/data and planned electrical work.",Electrician Wahroonga 2076,2533,yes,yes,yes,yes,yes,yes,yes,yes,yes,yes,greater,within 90 minutes / 90-minute response,"90-minute response for urgent call-outs across greater regions. | For this suburb, urgent call-outs follow 90-minute emergency response. | Urgent help for storm damage, power loss, tripping safety switches, unsafe outdoor circuits and fallen-line concerns in Wahroonga, with 90-minute emergency response. | Emergency call-outs in this region use 90-minute emergency response.",yes,yes,47,5,,,,,,
"Hills, Hawkesbury & Hornsby",Hornsby,Waitara,2077,/service-areas/hills-hawkesbury-and-hornsby/hornsby/waitara/,yes,Electrician Waitara 2077 | Emergency & Level 2,"Evaready helps Waitara with urgent faults, Level 2 ASP work, switchboards, hot water electrical, aircon, CCTV/data and planned electrical work.",Electrician Waitara 2077,2518,yes,yes,yes,yes,yes,yes,yes,yes,yes,yes,greater,within 90 minutes / 90-minute response,"90-minute response for urgent call-outs across greater regions. | For this suburb, urgent call-outs follow 90-minute emergency response. | Urgent help for storm damage, power loss, tripping safety switches, unsafe outdoor circuits and fallen-line concerns in Waitara, with 90-minute emergency response. | Emergency call-outs in this region use 90-minute emergency response.",yes,yes,47,5,,,,,,
"Hills, Hawkesbury & Hornsby",Hornsby,Westleigh,2120,/service-areas/hills-hawkesbury-and-hornsby/hornsby/westleigh/,yes,Electrician Westleigh 2120 | Emergency & Level 2,"Need an electrician in Westleigh? Evaready helps with emergency faults, Level 2 ASP work, switchboards, hot water, aircon, CCTV/data and general.",Electrician Westleigh 2120,2504,yes,yes,yes,yes,yes,yes,yes,yes,yes,yes,greater,within 90 minutes / 90-minute response,"90-minute response for urgent call-outs across greater regions. | For this suburb, urgent call-outs follow 90-minute emergency response. | Urgent help for storm damage, power loss, tripping safety switches, unsafe outdoor circuits and fallen-line concerns in Westleigh, with 90-minute emergency response. | Emergency call-outs in this region use 90-minute emergency response.",yes,yes,47,5,,,,,,
Northern Sydney & Ryde,Hunters Hill,Gladesville,2111,/service-areas/northern-sydney-and-ryde/hunters-hill/gladesville/,yes,Electrician Gladesville 2111 | Emergency & Level 2,"Need an electrician in Gladesville? Evaready helps with emergency faults, Level 2 ASP work, switchboards, hot water, aircon, CCTV/data and general.",Electrician Gladesville 2111,2510,yes,yes,yes,yes,yes,yes,yes,yes,yes,yes,greater,within 90 minutes / 90-minute response,"90-minute response for urgent call-outs across greater regions. | For Gladesville, emergency call-outs use 90-minute emergency response; call for unsafe faults, or send photos and details for planned work. | For this suburb, urgent call-outs follow 90-minute emergency response. | Urgent help for power loss and burning smells and circuit tripping, sparking and unsafe outlets in Gladesville, with 90-minute emergency response.",yes,yes,47,5,,,,,,
Northern Sydney & Ryde,Hunters Hill,Henley,2111,/service-areas/northern-sydney-and-ryde/hunters-hill/henley/,yes,Electrician Henley 2111 | Emergency & Level 2,"Need electrical help in Henley 2111? Emergency faults, Level 2 ASP, switchboards, hot water, aircon, CCTV/data and general electrical work across.",Electrician Henley 2111,2485,yes,yes,yes,yes,yes,yes,yes,yes,yes,yes,greater,within 90 minutes / 90-minute response,"90-minute response for urgent call-outs across greater regions. | For this suburb, urgent call-outs follow 90-minute emergency response. | Evaready provides 90-minute emergency response for emergency call-outs in this region. | Urgent help for power loss and burning smells and circuit tripping, sparking and unsafe outlets in Henley, with 90-minute emergency response.",yes,yes,47,5,,,,,,
Northern Sydney & Ryde,Hunters Hill,Hunters Hill,2110,/service-areas/northern-sydney-and-ryde/hunters-hill/hunters-hill/,yes,Electrician Hunters Hill 2110 | Emergency & Level 2,"Need electrical help in Hunters Hill 2110? Emergency faults, Level 2 ASP, switchboards, hot water, aircon, CCTV/data and general electrical work.",Electrician Hunters Hill 2110,2569,yes,yes,yes,yes,yes,yes,yes,yes,yes,yes,greater,within 90 minutes / 90-minute response,"90-minute response for urgent call-outs across greater regions. | For Hunters Hill, emergency call-outs use 90-minute emergency response; call for unsafe faults, or send photos and details for planned work. | For this suburb, urgent call-outs follow 90-minute emergency response. | Urgent help for power loss and burning smells and circuit tripping, sparking and unsafe outlets in Hunters Hill, with 90-minute emergency response.",yes,yes,47,5,,,,,,
Northern Sydney & Ryde,Hunters Hill,Huntleys Cove,2111,/service-areas/northern-sydney-and-ryde/hunters-hill/huntleys-cove/,yes,Electrician Huntleys Cove 2111 | Emergency & Level 2,"Evaready helps Huntleys Cove with urgent faults, Level 2 ASP work, switchboards, hot water electrical, aircon, CCTV/data and planned electrical work.",Electrician Huntleys Cove 2111,2579,yes,yes,yes,yes,yes,yes,yes,yes,yes,yes,greater,within 90 minutes / 90-minute response,"90-minute response for urgent call-outs across greater regions. | For this suburb, urgent call-outs follow 90-minute emergency response. | Urgent help for power loss and burning smells and circuit tripping, sparking and unsafe outlets in Huntleys Cove, with 90-minute emergency response. | Emergency call-outs in this region use 90-minute emergency response.",yes,yes,47,5,,,,,,
Northern Sydney & Ryde,Hunters Hill,Huntleys Point,2111,/service-areas/northern-sydney-and-ryde/hunters-hill/huntleys-point/,yes,Electrician Huntleys Point 2111 | Emergency & Level 2,"Need an electrician in Huntleys Point? Evaready helps with emergency faults, Level 2 ASP work, switchboards, hot water, aircon, CCTV/data and general.",Electrician Huntleys Point 2111,2587,yes,yes,yes,yes,yes,yes,yes,yes,yes,yes,greater,within 90 minutes / 90-minute response,"90-minute response for urgent call-outs across greater regions. | For this suburb, urgent call-outs follow 90-minute emergency response. | Urgent help for power loss and burning smells and circuit tripping, sparking and unsafe outlets in Huntleys Point, with 90-minute emergency response. | Emergency call-outs in this region use 90-minute emergency response.",yes,yes,47,5,,,,,,
Northern Sydney & Ryde,Hunters Hill,Woolwich,2110,/service-areas/northern-sydney-and-ryde/hunters-hill/woolwich/,yes,Electrician Woolwich 2110 | Emergency & Level 2,"Evaready helps Woolwich with urgent faults, Level 2 ASP work, switchboards, hot water electrical, aircon, CCTV/data and planned electrical work.",Electrician Woolwich 2110,2508,yes,yes,yes,yes,yes,yes,yes,yes,yes,yes,greater,within 90 minutes / 90-minute response,"90-minute response for urgent call-outs across greater regions. | For Woolwich, emergency call-outs use 90-minute emergency response; call for unsafe faults, or send photos and details for planned work. | For this suburb, urgent call-outs follow 90-minute emergency response. | Urgent help for power loss and burning smells and circuit tripping, sparking and unsafe outlets in Woolwich, with 90-minute emergency response.",yes,yes,47,5,,,,,,
Northern Sydney & Ryde,Ku-ring-gai,East Killara,2071,/service-areas/northern-sydney-and-ryde/ku-ring-gai/east-killara/,yes,Electrician East Killara 2071 | Emergency & Level 2,"Need electrical help in East Killara 2071? Emergency faults, Level 2 ASP, switchboards, hot water, aircon, CCTV/data and general electrical work.",Electrician East Killara 2071,2578,yes,yes,yes,yes,yes,yes,yes,yes,yes,yes,greater,within 90 minutes / 90-minute response,"90-minute response for urgent call-outs across greater regions. | For this suburb, urgent call-outs follow 90-minute emergency response. | Urgent help for power loss and burning smells and circuit tripping, sparking and unsafe outlets in East Killara, with 90-minute emergency response. | Emergency call-outs in this region use 90-minute emergency response.",yes,yes,47,5,,,,,,
Northern Sydney & Ryde,Ku-ring-gai,East Lindfield,2070,/service-areas/northern-sydney-and-ryde/ku-ring-gai/east-lindfield/,yes,Electrician East Lindfield 2070 | Emergency & Level 2,"Need an electrician in East Lindfield? Evaready helps with emergency faults, Level 2 ASP work, switchboards, hot water, aircon, CCTV/data and general.",Electrician East Lindfield 2070,2574,yes,yes,yes,yes,yes,yes,yes,yes,yes,yes,greater,within 90 minutes / 90-minute response,"90-minute response for urgent call-outs across greater regions. | For East Lindfield, emergency call-outs use 90-minute emergency response; call for unsafe faults, or send photos and details for planned work. | For this suburb, urgent call-outs follow 90-minute emergency response. | Urgent help for power loss and burning smells and circuit tripping, sparking and unsafe outlets in East Lindfield, with 90-minute emergency response.",yes,yes,47,5,,,,,,
Northern Sydney & Ryde,Ku-ring-gai,Gordon,2072,/service-areas/northern-sydney-and-ryde/ku-ring-gai/gordon/,yes,Electrician Gordon 2072 | Emergency & Level 2,"Evaready helps Gordon with urgent faults, Level 2 ASP work, switchboards, hot water electrical, aircon, CCTV/data and planned electrical work.",Electrician Gordon 2072,2499,yes,yes,yes,yes,yes,yes,yes,yes,yes,yes,greater,within 90 minutes / 90-minute response,"90-minute response for urgent call-outs across greater regions. | For this suburb, urgent call-outs follow 90-minute emergency response. | Urgent help for power loss and burning smells and circuit tripping, sparking and unsafe outlets in Gordon, with 90-minute emergency response. | Emergency call-outs in this region use 90-minute emergency response.",yes,yes,47,5,,,,,,
Northern Sydney & Ryde,Ku-ring-gai,Killara,2071,/service-areas/northern-sydney-and-ryde/ku-ring-gai/killara/,yes,Electrician Killara 2071 | Emergency & Level 2,"Evaready helps Killara with urgent faults, Level 2 ASP work, switchboards, hot water electrical, aircon, CCTV/data and planned electrical work.",Electrician Killara 2071,2474,yes,yes,yes,yes,yes,yes,yes,yes,yes,yes,greater,within 90 minutes / 90-minute response,"90-minute response for urgent call-outs across greater regions. | For this suburb, urgent call-outs follow 90-minute emergency response. | Urgent help for power loss and burning smells and circuit tripping, sparking and unsafe outlets in Killara, with 90-minute emergency response. | Emergency call-outs in this region use 90-minute emergency response.",yes,yes,47,5,,,,,,
Northern Sydney & Ryde,Ku-ring-gai,Lindfield,2070,/service-areas/northern-sydney-and-ryde/ku-ring-gai/lindfield/,yes,Electrician Lindfield 2070 | Emergency & Level 2,"Evaready helps Lindfield with urgent faults, Level 2 ASP work, switchboards, hot water electrical, aircon, CCTV/data and planned electrical work.",Electrician Lindfield 2070,2494,yes,yes,yes,yes,yes,yes,yes,yes,yes,yes,greater,within 90 minutes / 90-minute response,"90-minute response for urgent call-outs across greater regions. | For this suburb, urgent call-outs follow 90-minute emergency response. | Urgent help for power loss and burning smells and circuit tripping, sparking and unsafe outlets in Lindfield, with 90-minute emergency response. | Emergency call-outs in this region use 90-minute emergency response.",yes,yes,47,5,,,,,,
Northern Sydney & Ryde,Ku-ring-gai,North Turramurra,2074,/service-areas/northern-sydney-and-ryde/ku-ring-gai/north-turramurra/,yes,Electrician North Turramurra 2074 | Emergency & Level 2,"Evaready helps North Turramurra with urgent faults, Level 2 ASP work, switchboards, hot water electrical, aircon, CCTV/data and planned electrical work.",Electrician North Turramurra 2074,2580,yes,yes,yes,yes,yes,yes,yes,yes,yes,yes,greater,within 90 minutes / 90-minute response,"90-minute response for urgent call-outs across greater regions. | For this suburb, urgent call-outs follow 90-minute emergency response. | Evaready provides 90-minute emergency response for emergency call-outs in this region. | Urgent help for power loss and burning smells and circuit tripping, sparking and unsafe outlets in North Turramurra, with 90-minute emergency response.",yes,yes,47,5,,,,,,
Northern Sydney & Ryde,Ku-ring-gai,North Wahroonga,2076,/service-areas/northern-sydney-and-ryde/ku-ring-gai/north-wahroonga/,yes,Electrician North Wahroonga 2076 | Emergency & Level 2,"Need an electrician in North Wahroonga? Evaready helps with emergency faults, Level 2 ASP work, switchboards, hot water, aircon, CCTV/data and general.",Electrician North Wahroonga 2076,2559,yes,yes,yes,yes,yes,yes,yes,yes,yes,yes,greater,within 90 minutes / 90-minute response,"90-minute response for urgent call-outs across greater regions. | For this suburb, urgent call-outs follow 90-minute emergency response. | Urgent help for power loss and burning smells and circuit tripping, sparking and unsafe outlets in North Wahroonga, with 90-minute emergency response. | Emergency call-outs in this region use 90-minute emergency response.",yes,yes,47,5,,,,,,
Northern Sydney & Ryde,Ku-ring-gai,Pymble,2073,/service-areas/northern-sydney-and-ryde/ku-ring-gai/pymble/,yes,Electrician Pymble 2073 | Emergency & Level 2,"Need an electrician in Pymble? Evaready helps with emergency faults, Level 2 ASP work, switchboards, hot water, aircon, CCTV/data and general.",Electrician Pymble 2073,2510,yes,yes,yes,yes,yes,yes,yes,yes,yes,yes,greater,within 90 minutes / 90-minute response,"90-minute response for urgent call-outs across greater regions. | For this suburb, urgent call-outs follow 90-minute emergency response. | Urgent help for power loss and burning smells and circuit tripping, sparking and unsafe outlets in Pymble, with 90-minute emergency response. | Emergency call-outs in this region use 90-minute emergency response.",yes,yes,47,5,,,,,,
Northern Sydney & Ryde,Ku-ring-gai,Roseville,2069,/service-areas/northern-sydney-and-ryde/ku-ring-gai/roseville/,yes,Electrician Roseville 2069 | Emergency & Level 2,"Need electrical help in Roseville 2069? Emergency faults, Level 2 ASP, switchboards, hot water, aircon, CCTV/data and general electrical work across.",Electrician Roseville 2069,2510,yes,yes,yes,yes,yes,yes,yes,yes,yes,yes,greater,within 90 minutes / 90-minute response,"90-minute response for urgent call-outs across greater regions. | For this suburb, urgent call-outs follow 90-minute emergency response. | Urgent help for power loss and burning smells and circuit tripping, sparking and unsafe outlets in Roseville, with 90-minute emergency response. | Emergency call-outs in this region use 90-minute emergency response.",yes,yes,47,5,,,,,,
Northern Sydney & Ryde,Ku-ring-gai,Roseville Chase,2069,/service-areas/northern-sydney-and-ryde/ku-ring-gai/roseville-chase/,yes,Electrician Roseville Chase 2069 | Emergency & Level 2,"Evaready helps Roseville Chase with urgent faults, Level 2 ASP work, switchboards, hot water electrical, aircon, CCTV/data and planned electrical work.",Electrician Roseville Chase 2069,2572,yes,yes,yes,yes,yes,yes,yes,yes,yes,yes,greater,within 90 minutes / 90-minute response,"90-minute response for urgent call-outs across greater regions. | For this suburb, urgent call-outs follow 90-minute emergency response. | Urgent help for power loss and burning smells and circuit tripping, sparking and unsafe outlets in Roseville Chase, with 90-minute emergency response. | Emergency call-outs in this region use 90-minute emergency response.",yes,yes,47,5,,,,,,
Northern Sydney & Ryde,Ku-ring-gai,South Turramurra,2074,/service-areas/northern-sydney-and-ryde/ku-ring-gai/south-turramurra/,yes,Electrician South Turramurra 2074 | Emergency & Level 2,"Evaready helps South Turramurra with urgent faults, Level 2 ASP work, switchboards, hot water electrical, aircon, CCTV/data and planned electrical work.",Electrician South Turramurra 2074,2614,yes,yes,yes,yes,yes,yes,yes,yes,yes,yes,greater,within 90 minutes / 90-minute response,"90-minute response for urgent call-outs across greater regions. | For this suburb, urgent call-outs follow 90-minute emergency response. | Urgent help for power loss and burning smells and circuit tripping, sparking and unsafe outlets in South Turramurra, with 90-minute emergency response. | Emergency call-outs in this region use 90-minute emergency response.",yes,yes,47,5,,,,,,
Northern Sydney & Ryde,Ku-ring-gai,St Ives,2075,/service-areas/northern-sydney-and-ryde/ku-ring-gai/st-ives/,yes,Electrician St Ives 2075 | Emergency & Level 2,"Evaready helps St Ives with urgent faults, Level 2 ASP work, switchboards, hot water electrical, aircon, CCTV/data and planned electrical work.",Electrician St Ives 2075,2580,yes,yes,yes,yes,yes,yes,yes,yes,yes,yes,greater,within 90 minutes / 90-minute response,"90-minute response for urgent call-outs across greater regions. | For this suburb, urgent call-outs follow 90-minute emergency response. | Evaready provides 90-minute emergency response for emergency call-outs in this region. | Urgent help for power loss and burning smells and circuit tripping, sparking and unsafe outlets in St Ives, with 90-minute emergency response.",yes,yes,47,5,,,,,,
Northern Sydney & Ryde,Ku-ring-gai,St Ives Chase,2075,/service-areas/northern-sydney-and-ryde/ku-ring-gai/st-ives-chase/,yes,Electrician St Ives Chase 2075 | Emergency & Level 2,"Need electrical help in St Ives Chase 2075? Emergency faults, Level 2 ASP, switchboards, hot water, aircon, CCTV/data and general electrical work.",Electrician St Ives Chase 2075,2642,yes,yes,yes,yes,yes,yes,yes,yes,yes,yes,greater,within 90 minutes / 90-minute response,"90-minute response for urgent call-outs across greater regions. | For this suburb, urgent call-outs follow 90-minute emergency response. | Urgent help for power loss and burning smells and circuit tripping, sparking and unsafe outlets in St Ives Chase, with 90-minute emergency response. | Emergency call-outs in this region use 90-minute emergency response.",yes,yes,47,5,,,,,,
Northern Sydney & Ryde,Ku-ring-gai,Turramurra,2074,/service-areas/northern-sydney-and-ryde/ku-ring-gai/turramurra/,yes,Electrician Turramurra 2074 | Emergency & Level 2,"Need electrical help in Turramurra 2074? Emergency faults, Level 2 ASP, switchboards, hot water, aircon, CCTV/data and general electrical work across.",Electrician Turramurra 2074,2511,yes,yes,yes,yes,yes,yes,yes,yes,yes,yes,greater,within 90 minutes / 90-minute response,"90-minute response for urgent call-outs across greater regions. | For this suburb, urgent call-outs follow 90-minute emergency response. | Urgent help for power loss and burning smells and circuit tripping, sparking and unsafe outlets in Turramurra, with 90-minute emergency response. | Emergency call-outs in this region use 90-minute emergency response.",yes,yes,47,5,,,,,,
Northern Sydney & Ryde,Ku-ring-gai,Warrawee,2074,/service-areas/northern-sydney-and-ryde/ku-ring-gai/warrawee/,yes,Electrician Warrawee 2074 | Emergency & Level 2,"Need an electrician in Warrawee? Evaready helps with emergency faults, Level 2 ASP work, switchboards, hot water, aircon, CCTV/data and general.",Electrician Warrawee 2074,2510,yes,yes,yes,yes,yes,yes,yes,yes,yes,yes,greater,within 90 minutes / 90-minute response,"90-minute response for urgent call-outs across greater regions. | For this suburb, urgent call-outs follow 90-minute emergency response. | Urgent help for power loss and burning smells and circuit tripping, sparking and unsafe outlets in Warrawee, with 90-minute emergency response. | Emergency call-outs in this region use 90-minute emergency response.",yes,yes,47,5,,,,,,
Northern Sydney & Ryde,Ku-ring-gai,West Pymble,2073,/service-areas/northern-sydney-and-ryde/ku-ring-gai/west-pymble/,yes,Electrician West Pymble 2073 | Emergency & Level 2,"Need an electrician in West Pymble? Evaready helps with emergency faults, Level 2 ASP work, switchboards, hot water, aircon, CCTV/data and general.",Electrician West Pymble 2073,2575,yes,yes,yes,yes,yes,yes,yes,yes,yes,yes,greater,within 90 minutes / 90-minute response,"90-minute response for urgent call-outs across greater regions. | For this suburb, urgent call-outs follow 90-minute emergency response. | Urgent help for power loss and burning smells and circuit tripping, sparking and unsafe outlets in West Pymble, with 90-minute emergency response. | Emergency call-outs in this region use 90-minute emergency response.",yes,yes,47,5,,,,,,
Northern Sydney & Ryde,Lane Cove,Greenwich,2065,/service-areas/northern-sydney-and-ryde/lane-cove/greenwich/,yes,Electrician Greenwich 2065 | Emergency & Level 2,"Need electrical help in Greenwich 2065? Emergency faults, Level 2 ASP, switchboards, hot water, aircon, CCTV/data and general electrical work across.",Electrician Greenwich 2065,2496,yes,yes,yes,yes,yes,yes,yes,yes,yes,yes,greater,within 90 minutes / 90-minute response,"90-minute response for urgent call-outs across greater regions. | For this suburb, urgent call-outs follow 90-minute emergency response. | Evaready provides 90-minute emergency response for emergency call-outs in this region. | Urgent help for power loss and burning smells and circuit tripping, sparking and unsafe outlets in Greenwich, with 90-minute emergency response.",yes,yes,47,5,,,,,,
Northern Sydney & Ryde,Lane Cove,Lane Cove,2066,/service-areas/northern-sydney-and-ryde/lane-cove/lane-cove/,yes,Electrician Lane Cove 2066 | Emergency & Level 2,"Evaready helps Lane Cove with urgent faults, Level 2 ASP work, switchboards, hot water electrical, aircon, CCTV/data and planned electrical work.",Electrician Lane Cove 2066,2590,yes,yes,yes,yes,yes,yes,yes,yes,yes,yes,greater,within 90 minutes / 90-minute response,"90-minute response for urgent call-outs across greater regions. | For this suburb, urgent call-outs follow 90-minute emergency response. | Evaready provides 90-minute emergency response for emergency call-outs in this region. | Urgent help for power loss and burning smells and circuit tripping, sparking and unsafe outlets in Lane Cove, with 90-minute emergency response.",yes,yes,47,5,,,,,,
Northern Sydney & Ryde,Lane Cove,Lane Cove North,2066,/service-areas/northern-sydney-and-ryde/lane-cove/lane-cove-north/,yes,Electrician Lane Cove North 2066 | Emergency & Level 2,"Need electrical help in Lane Cove North 2066? Emergency faults, Level 2 ASP, switchboards, hot water, aircon, CCTV/data and general electrical work.",Electrician Lane Cove North 2066,2668,yes,yes,yes,yes,yes,yes,yes,yes,yes,yes,greater,within 90 minutes / 90-minute response,"90-minute response for urgent call-outs across greater regions. | For Lane Cove North, emergency call-outs use 90-minute emergency response; call for unsafe faults, or send photos and details for planned work. | For this suburb, urgent call-outs follow 90-minute emergency response. | Urgent help for power loss and burning smells and circuit tripping, sparking and unsafe outlets in Lane Cove North, with 90-minute emergency response.",yes,yes,47,5,,,,,,
Northern Sydney & Ryde,Lane Cove,Lane Cove West,2066,/service-areas/northern-sydney-and-ryde/lane-cove/lane-cove-west/,yes,Electrician Lane Cove West 2066 | Emergency & Level 2,"Need electrical help in Lane Cove West 2066? Emergency faults, Level 2 ASP, switchboards, hot water, aircon, CCTV/data and general electrical work.",Electrician Lane Cove West 2066,2674,yes,yes,yes,yes,yes,yes,yes,yes,yes,yes,greater,within 90 minutes / 90-minute response,"90-minute response for urgent call-outs across greater regions. | For this suburb, urgent call-outs follow 90-minute emergency response. | Urgent help for power loss and burning smells and circuit tripping, sparking and unsafe outlets in Lane Cove West, with 90-minute emergency response. | Emergency call-outs in this region use 90-minute emergency response.",yes,yes,47,5,,,,,,
Northern Sydney & Ryde,Lane Cove,Linley Point,2066,/service-areas/northern-sydney-and-ryde/lane-cove/linley-point/,yes,Electrician Linley Point 2066 | Emergency & Level 2,"Need an electrician in Linley Point? Evaready helps with emergency faults, Level 2 ASP work, switchboards, hot water, aircon, CCTV/data and general.",Electrician Linley Point 2066,2566,yes,yes,yes,yes,yes,yes,yes,yes,yes,yes,greater,within 90 minutes / 90-minute response,"90-minute response for urgent call-outs across greater regions. | For Linley Point, emergency call-outs use 90-minute emergency response; call for unsafe faults, or send photos and details for planned work. | For this suburb, urgent call-outs follow 90-minute emergency response. | Evaready provides 90-minute emergency response for emergency call-outs in this region.",yes,yes,47,5,,,,,,
Northern Sydney & Ryde,Lane Cove,Longueville,2066,/service-areas/northern-sydney-and-ryde/lane-cove/longueville/,yes,Electrician Longueville 2066 | Emergency & Level 2,"Need an electrician in Longueville? Evaready helps with emergency faults, Level 2 ASP work, switchboards, hot water, aircon, CCTV/data and general.",Electrician Longueville 2066,2540,yes,yes,yes,yes,yes,yes,yes,yes,yes,yes,greater,within 90 minutes / 90-minute response,"90-minute response for urgent call-outs across greater regions. | For this suburb, urgent call-outs follow 90-minute emergency response. | Urgent help for power loss and burning smells and circuit tripping, sparking and unsafe outlets in Longueville, with 90-minute emergency response. | Emergency call-outs in this region use 90-minute emergency response.",yes,yes,47,5,,,,,,
Northern Sydney & Ryde,Lane Cove,Northwood,2066,/service-areas/northern-sydney-and-ryde/lane-cove/northwood/,yes,Electrician Northwood 2066 | Emergency & Level 2,"Evaready helps Northwood with urgent faults, Level 2 ASP work, switchboards, hot water electrical, aircon, CCTV/data and planned electrical work.",Electrician Northwood 2066,2502,yes,yes,yes,yes,yes,yes,yes,yes,yes,yes,greater,within 90 minutes / 90-minute response,"90-minute response for urgent call-outs across greater regions. | For this suburb, urgent call-outs follow 90-minute emergency response. | Evaready provides 90-minute emergency response for emergency call-outs in this region. | Urgent help for power loss and burning smells and circuit tripping, sparking and unsafe outlets in Northwood, with 90-minute emergency response.",yes,yes,47,5,,,,,,
Northern Sydney & Ryde,Lane Cove,Riverview,2066,/service-areas/northern-sydney-and-ryde/lane-cove/riverview/,yes,Electrician Riverview 2066 | Emergency & Level 2,"Need electrical help in Riverview 2066? Emergency faults, Level 2 ASP, switchboards, hot water, aircon, CCTV/data and general electrical work across.",Electrician Riverview 2066,2511,yes,yes,yes,yes,yes,yes,yes,yes,yes,yes,greater,within 90 minutes / 90-minute response,"90-minute response for urgent call-outs across greater regions. | For this suburb, urgent call-outs follow 90-minute emergency response. | Urgent help for power loss and burning smells and circuit tripping, sparking and unsafe outlets in Riverview, with 90-minute emergency response. | Emergency call-outs in this region use 90-minute emergency response.",yes,yes,47,5,,,,,,
Northern Sydney & Ryde,Lane Cove,St Leonards,2065,/service-areas/northern-sydney-and-ryde/lane-cove/st-leonards/,yes,Electrician St Leonards 2065 | Emergency & Level 2,"Evaready helps St Leonards with urgent faults, Level 2 ASP work, switchboards, hot water electrical, aircon, CCTV/data and planned electrical work.",Electrician St Leonards 2065,2583,yes,yes,yes,yes,yes,yes,yes,yes,yes,yes,greater,within 90 minutes / 90-minute response,"90-minute response for urgent call-outs across greater regions. | For this suburb, urgent call-outs follow 90-minute emergency response. | Urgent help for partial power loss and circuit tripping and overheating power points and burning smells and after-hours business faults in St Leonards, with 90-minute emergency response. | Emergency call-outs in this region use 90-minute emergency response.",yes,yes,47,5,,,,,,
Northern Sydney & Ryde,Mosman,Mosman,2088,/service-areas/northern-sydney-and-ryde/mosman/mosman/,yes,Electrician Mosman 2088 | Emergency & Level 2,"Need electrical help in Mosman 2088? Emergency faults, Level 2 ASP, switchboards, hot water, aircon, CCTV/data and general electrical work across Mosman.",Electrician Mosman 2088,2496,yes,yes,yes,yes,yes,yes,yes,yes,yes,yes,greater,within 90 minutes / 90-minute response,"90-minute response for urgent call-outs across greater regions. | For this suburb, urgent call-outs follow 90-minute emergency response. | Urgent help for power loss and burning smells and circuit tripping, sparking and unsafe outlets in Mosman, with 90-minute emergency response. | Emergency call-outs in this region use 90-minute emergency response.",yes,yes,47,5,,,,,,
Northern Sydney & Ryde,North Sydney,Cammeray,2062,/service-areas/northern-sydney-and-ryde/north-sydney/cammeray/,yes,Electrician Cammeray 2062 | Emergency & Level 2,"Evaready helps Cammeray with urgent faults, Level 2 ASP work, switchboards, hot water electrical, aircon, CCTV/data and planned electrical work.",Electrician Cammeray 2062,2511,yes,yes,yes,yes,yes,yes,yes,yes,yes,yes,greater,within 90 minutes / 90-minute response,"90-minute response for urgent call-outs across greater regions. | For this suburb, urgent call-outs follow 90-minute emergency response. | Evaready provides 90-minute emergency response for emergency call-outs in this region. | Urgent help for partial power loss and circuit tripping and overheating power points and burning smells and after-hours business faults in Cammeray, with 90-minute emergency response.",yes,yes,47,5,,,,,,
Northern Sydney & Ryde,North Sydney,Cremorne,2090,/service-areas/northern-sydney-and-ryde/north-sydney/cremorne/,yes,Electrician Cremorne 2090 | Emergency & Level 2,"Need an electrician in Cremorne? Evaready helps with emergency faults, Level 2 ASP work, switchboards, hot water, aircon, CCTV/data and general.",Electrician Cremorne 2090,2522,yes,yes,yes,yes,yes,yes,yes,yes,yes,yes,greater,within 90 minutes / 90-minute response,"90-minute response for urgent call-outs across greater regions. | For this suburb, urgent call-outs follow 90-minute emergency response. | Urgent help for partial power loss and circuit tripping and overheating power points and burning smells and after-hours business faults in Cremorne, with 90-minute emergency response. | Emergency call-outs in this region use 90-minute emergency response.",yes,yes,47,5,,,,,,
Northern Sydney & Ryde,North Sydney,Cremorne Point,2090,/service-areas/northern-sydney-and-ryde/north-sydney/cremorne-point/,yes,Electrician Cremorne Point 2090 | Emergency & Level 2,"Need electrical help in Cremorne Point 2090? Emergency faults, Level 2 ASP, switchboards, hot water, aircon, CCTV/data and general electrical work.",Electrician Cremorne Point 2090,2589,yes,yes,yes,yes,yes,yes,yes,yes,yes,yes,greater,within 90 minutes / 90-minute response,"90-minute response for urgent call-outs across greater regions. | For this suburb, urgent call-outs follow 90-minute emergency response. | Urgent help for partial power loss and circuit tripping and overheating power points and burning smells and after-hours business faults in Cremorne Point, with 90-minute emergency response. | Emergency call-outs in this region use 90-minute emergency response.",yes,yes,47,5,,,,,,
Northern Sydney & Ryde,North Sydney,Crows Nest,2065,/service-areas/northern-sydney-and-ryde/north-sydney/crows-nest/,yes,Electrician Crows Nest 2065 | Emergency & Level 2,"Need electrical help in Crows Nest 2065? Emergency faults, Level 2 ASP, switchboards, hot water, aircon, CCTV/data and general electrical work across.",Electrician Crows Nest 2065,2597,yes,yes,yes,yes,yes,yes,yes,yes,yes,yes,greater,within 90 minutes / 90-minute response,"90-minute response for urgent call-outs across greater regions. | For this suburb, urgent call-outs follow 90-minute emergency response. | Urgent help for partial power loss and circuit tripping and overheating power points and burning smells and after-hours business faults in Crows Nest, with 90-minute emergency response. | Emergency call-outs in this region use 90-minute emergency response.",yes,yes,47,5,,,,,,
Northern Sydney & Ryde,North Sydney,Kirribilli,2061,/service-areas/northern-sydney-and-ryde/north-sydney/kirribilli/,yes,Electrician Kirribilli 2061 | Emergency & Level 2,"Need an electrician in Kirribilli? Evaready helps with emergency faults, Level 2 ASP work, switchboards, hot water, aircon, CCTV/data and general.",Electrician Kirribilli 2061,2495,yes,yes,yes,yes,yes,yes,yes,yes,yes,yes,greater,within 90 minutes / 90-minute response,"90-minute response for urgent call-outs across greater regions. | For this suburb, urgent call-outs follow 90-minute emergency response. | Urgent help for partial power loss and circuit tripping and overheating power points and burning smells and after-hours business faults in Kirribilli, with 90-minute emergency response. | Emergency call-outs in this region use 90-minute emergency response.",yes,yes,47,5,,,,,,
Northern Sydney & Ryde,North Sydney,Kurraba Point,2089,/service-areas/northern-sydney-and-ryde/north-sydney/kurraba-point/,yes,Electrician Kurraba Point 2089 | Emergency & Level 2,"Need electrical help in Kurraba Point 2089? Emergency faults, Level 2 ASP, switchboards, hot water, aircon, CCTV/data and general electrical work.",Electrician Kurraba Point 2089,2580,yes,yes,yes,yes,yes,yes,yes,yes,yes,yes,greater,within 90 minutes / 90-minute response,"90-minute response for urgent call-outs across greater regions. | For this suburb, urgent call-outs follow 90-minute emergency response. | Evaready provides 90-minute emergency response for emergency call-outs in this region. | Urgent help for partial power loss and circuit tripping and overheating power points and burning smells and after-hours business faults in Kurraba Point, with 90-minute emergency response.",yes,yes,47,5,,,,,,
Northern Sydney & Ryde,North Sydney,Lavender Bay,2060,/service-areas/northern-sydney-and-ryde/north-sydney/lavender-bay/,yes,Electrician Lavender Bay 2060 | Emergency & Level 2,"Need an electrician in Lavender Bay? Evaready helps with emergency faults, Level 2 ASP work, switchboards, hot water, aircon, CCTV/data and general.",Electrician Lavender Bay 2060,2595,yes,yes,yes,yes,yes,yes,yes,yes,yes,yes,greater,within 90 minutes / 90-minute response,"90-minute response for urgent call-outs across greater regions. | For this suburb, urgent call-outs follow 90-minute emergency response. | Urgent help for partial power loss and circuit tripping and overheating power points and burning smells and after-hours business faults in Lavender Bay, with 90-minute emergency response. | Emergency call-outs in this region use 90-minute emergency response.",yes,yes,47,5,,,,,,
Northern Sydney & Ryde,North Sydney,McMahons Point,2060,/service-areas/northern-sydney-and-ryde/north-sydney/mcmahons-point/,yes,Electrician McMahons Point 2060 | Emergency & Level 2,"Need electrical help in McMahons Point 2060? Emergency faults, Level 2 ASP, switchboards, hot water, aircon, CCTV/data and general electrical work.",Electrician McMahons Point 2060,2593,yes,yes,yes,yes,yes,yes,yes,yes,yes,yes,greater,within 90 minutes / 90-minute response,"90-minute response for urgent call-outs across greater regions. | For McMahons Point, emergency call-outs use 90-minute emergency response; call for unsafe faults, or send photos and details for planned work. | For this suburb, urgent call-outs follow 90-minute emergency response. | Evaready provides 90-minute emergency response for emergency call-outs in this region.",yes,yes,47,5,,,,,,
Northern Sydney & Ryde,North Sydney,Milsons Point,2061,/service-areas/northern-sydney-and-ryde/north-sydney/milsons-point/,yes,Electrician Milsons Point 2061 | Emergency & Level 2,"Need an electrician in Milsons Point? Evaready helps with emergency faults, Level 2 ASP work, switchboards, hot water, aircon, CCTV/data and general.",Electrician Milsons Point 2061,2609,yes,yes,yes,yes,yes,yes,yes,yes,yes,yes,greater,within 90 minutes / 90-minute response,"90-minute response for urgent call-outs across greater regions. | For this suburb, urgent call-outs follow 90-minute emergency response. | Urgent help for partial power loss and circuit tripping and overheating power points and burning smells and after-hours business faults in Milsons Point, with 90-minute emergency response. | Emergency call-outs in this region use 90-minute emergency response.",yes,yes,47,5,,,,,,
Northern Sydney & Ryde,North Sydney,Neutral Bay,2089,/service-areas/northern-sydney-and-ryde/north-sydney/neutral-bay/,yes,Electrician Neutral Bay 2089 | Emergency & Level 2,"Need electrical help in Neutral Bay 2089? Emergency faults, Level 2 ASP, switchboards, hot water, aircon, CCTV/data and general electrical work across.",Electrician Neutral Bay 2089,2579,yes,yes,yes,yes,yes,yes,yes,yes,yes,yes,greater,within 90 minutes / 90-minute response,"90-minute response for urgent call-outs across greater regions. | For this suburb, urgent call-outs follow 90-minute emergency response. | Urgent help for partial power loss and circuit tripping and overheating power points and burning smells and after-hours business faults in Neutral Bay, with 90-minute emergency response. | Emergency call-outs in this region use 90-minute emergency response.",yes,yes,47,5,,,,,,
Northern Sydney & Ryde,North Sydney,North Sydney,2060,/service-areas/northern-sydney-and-ryde/north-sydney/north-sydney/,yes,Electrician North Sydney 2060 | Emergency & Level 2,"Need an electrician in North Sydney? Evaready Electrical helps with commercial maintenance, urgent faults, lighting, data, switchboards, metering.",Electrician North Sydney 2060,2562,yes,yes,yes,yes,yes,yes,yes,yes,yes,yes,greater,within 90 minutes / 90-minute response,"90-minute response for urgent call-outs across greater regions. | For this suburb, urgent call-outs follow 90-minute emergency response. | Evaready provides 90-minute emergency response for emergency call-outs in this region. | Urgent help for partial power loss and circuit tripping and overheating power points and burning smells and after-hours business faults in North Sydney, with 90-minute emergency response.",yes,yes,47,5,,,,,,
Northern Sydney & Ryde,North Sydney,Waverton,2060,/service-areas/northern-sydney-and-ryde/north-sydney/waverton/,yes,Electrician Waverton 2060 | Emergency & Level 2,"Evaready helps Waverton with urgent faults, Level 2 ASP work, switchboards, hot water electrical, aircon, CCTV/data and planned electrical work.",Electrician Waverton 2060,2520,yes,yes,yes,yes,yes,yes,yes,yes,yes,yes,greater,within 90 minutes / 90-minute response,"90-minute response for urgent call-outs across greater regions. | For this suburb, urgent call-outs follow 90-minute emergency response. | Urgent help for partial power loss and circuit tripping and overheating power points and burning smells and after-hours business faults in Waverton, with 90-minute emergency response. | Emergency call-outs in this region use 90-minute emergency response.",yes,yes,47,5,,,,,,
Northern Sydney & Ryde,North Sydney,Wollstonecraft,2065,/service-areas/northern-sydney-and-ryde/north-sydney/wollstonecraft/,yes,Electrician Wollstonecraft 2065 | Emergency & Level 2,"Need electrical help in Wollstonecraft 2065? Emergency faults, Level 2 ASP, switchboards, hot water, aircon, CCTV/data and general electrical work.",Electrician Wollstonecraft 2065,2492,yes,yes,yes,yes,yes,yes,yes,yes,yes,yes,greater,within 90 minutes / 90-minute response,"90-minute response for urgent call-outs across greater regions. | For this suburb, urgent call-outs follow 90-minute emergency response. | Urgent help for partial power loss and circuit tripping and overheating power points and burning smells and after-hours business faults in Wollstonecraft, with 90-minute emergency response. | Emergency call-outs in this region use 90-minute emergency response.",yes,yes,47,5,,,,,,
Northern Sydney & Ryde,Ryde,Chatswood West,2067,/service-areas/northern-sydney-and-ryde/ryde/chatswood-west/,yes,Electrician Chatswood West 2067 | Emergency & Level 2,"Need electrical help in Chatswood West 2067? Emergency faults, Level 2 ASP, switchboards, hot water, aircon, CCTV/data and general electrical work.",Electrician Chatswood West 2067,2593,yes,yes,yes,yes,yes,yes,yes,yes,yes,yes,greater,within 90 minutes / 90-minute response,"90-minute response for urgent call-outs across greater regions. | For this suburb, urgent call-outs follow 90-minute emergency response. | Urgent help for partial power loss and circuit tripping and overheating power points and burning smells and after-hours business faults in Chatswood West, with 90-minute emergency response. | Emergency call-outs in this region use 90-minute emergency response.",yes,yes,47,5,,,,,,
Northern Sydney & Ryde,Ryde,Denistone,2114,/service-areas/northern-sydney-and-ryde/ryde/denistone/,yes,Electrician Denistone 2114 | Emergency & Level 2,"Need electrical help in Denistone 2114? Emergency faults, Level 2 ASP, switchboards, hot water, aircon, CCTV/data and general electrical work across Ryde.",Electrician Denistone 2114,2503,yes,yes,yes,yes,yes,yes,yes,yes,yes,yes,greater,within 90 minutes / 90-minute response,"90-minute response for urgent call-outs across greater regions. | For Denistone, emergency call-outs use 90-minute emergency response; call for unsafe faults, or send photos and details for planned work. | For this suburb, urgent call-outs follow 90-minute emergency response. | Urgent help for partial power loss and circuit tripping and overheating power points and burning smells and after-hours business faults in Denistone, with 90-minute emergency response.",yes,yes,47,5,,,,,,
Northern Sydney & Ryde,Ryde,Denistone East,2112,/service-areas/northern-sydney-and-ryde/ryde/denistone-east/,yes,Electrician Denistone East 2112 | Emergency & Level 2,"Evaready helps Denistone East with urgent faults, Level 2 ASP work, switchboards, hot water electrical, aircon, CCTV/data and planned electrical work.",Electrician Denistone East 2112,2593,yes,yes,yes,yes,yes,yes,yes,yes,yes,yes,greater,within 90 minutes / 90-minute response,"90-minute response for urgent call-outs across greater regions. | For this suburb, urgent call-outs follow 90-minute emergency response. | Urgent help for partial power loss and circuit tripping and overheating power points and burning smells and after-hours business faults in Denistone East, with 90-minute emergency response. | Emergency call-outs in this region use 90-minute emergency response.",yes,yes,47,5,,,,,,
Northern Sydney & Ryde,Ryde,Denistone West,2114,/service-areas/northern-sydney-and-ryde/ryde/denistone-west/,yes,Electrician Denistone West 2114 | Emergency & Level 2,"Need electrical help in Denistone West 2114? Emergency faults, Level 2 ASP, switchboards, hot water, aircon, CCTV/data and general electrical work.",Electrician Denistone West 2114,2571,yes,yes,yes,yes,yes,yes,yes,yes,yes,yes,greater,within 90 minutes / 90-minute response,"90-minute response for urgent call-outs across greater regions. | For Denistone West, emergency call-outs use 90-minute emergency response; call for unsafe faults, or send photos and details for planned work. | For this suburb, urgent call-outs follow 90-minute emergency response. | Urgent help for partial power loss and circuit tripping and overheating power points and burning smells and after-hours business faults in Denistone West, with 90-minute emergency response.",yes,yes,47,5,,,,,,
Northern Sydney & Ryde,Ryde,East Ryde,2113,/service-areas/northern-sydney-and-ryde/ryde/east-ryde/,yes,Electrician East Ryde 2113 | Emergency & Level 2,"Need an electrician in East Ryde? Evaready helps with emergency faults, Level 2 ASP work, switchboards, hot water, aircon, CCTV/data and general.",Electrician East Ryde 2113,2589,yes,yes,yes,yes,yes,yes,yes,yes,yes,yes,greater,within 90 minutes / 90-minute response,"90-minute response for urgent call-outs across greater regions. | For this suburb, urgent call-outs follow 90-minute emergency response. | Evaready provides 90-minute emergency response for emergency call-outs in this region. | Urgent help for partial power loss and circuit tripping and overheating power points and burning smells and after-hours business faults in East Ryde, with 90-minute emergency response.",yes,yes,47,5,,,,,,
Northern Sydney & Ryde,Ryde,Macquarie Park,2113,/service-areas/northern-sydney-and-ryde/ryde/macquarie-park/,yes,Electrician Macquarie Park 2113 | Emergency & Level 2,"Need an electrician in Macquarie Park? Evaready Electrical helps with power, lighting, data, CCTV, switchboards and urgent fault finding.",Electrician Macquarie Park 2113,2560,yes,yes,yes,yes,yes,yes,yes,yes,yes,yes,greater,within 90 minutes / 90-minute response,"90-minute response for urgent call-outs across greater regions. | For this suburb, urgent call-outs follow 90-minute emergency response. | Urgent help for partial power loss and circuit tripping and overheating power points and burning smells and after-hours business faults in Macquarie Park, with 90-minute emergency response. | Emergency call-outs in this region use 90-minute emergency response.",yes,yes,47,5,,,,,,
Northern Sydney & Ryde,Ryde,Marsfield,2122,/service-areas/northern-sydney-and-ryde/ryde/marsfield/,yes,Electrician Marsfield 2122 | Emergency & Level 2,"Need electrical help in Marsfield 2122? Emergency faults, Level 2 ASP, switchboards, hot water, aircon, CCTV/data and general electrical work across Ryde.",Electrician Marsfield 2122,2511,yes,yes,yes,yes,yes,yes,yes,yes,yes,yes,greater,within 90 minutes / 90-minute response,"90-minute response for urgent call-outs across greater regions. | For Marsfield, emergency call-outs use 90-minute emergency response; call for unsafe faults, or send photos and details for planned work. | For this suburb, urgent call-outs follow 90-minute emergency response. | Urgent help for partial power loss and circuit tripping and overheating power points and burning smells and after-hours business faults in Marsfield, with 90-minute emergency response.",yes,yes,47,5,,,,,,
Northern Sydney & Ryde,Ryde,Meadowbank,2114,/service-areas/northern-sydney-and-ryde/ryde/meadowbank/,yes,Electrician Meadowbank 2114 | Emergency & Level 2,"Need an electrician in Meadowbank? Evaready helps with emergency faults, Level 2 ASP work, switchboards, hot water, aircon, CCTV/data and general.",Electrician Meadowbank 2114,2475,yes,yes,yes,yes,yes,yes,yes,yes,yes,yes,greater,within 90 minutes / 90-minute response,"90-minute response for urgent call-outs across greater regions. | For Meadowbank, emergency call-outs use 90-minute emergency response; call for unsafe faults, or send photos and details for planned work. | For this suburb, urgent call-outs follow 90-minute emergency response. | Urgent help for partial power loss and circuit tripping and overheating power points and burning smells and after-hours business faults in Meadowbank, with 90-minute emergency response.",yes,yes,47,5,,,,,,
Northern Sydney & Ryde,Ryde,North Ryde,2113,/service-areas/northern-sydney-and-ryde/ryde/north-ryde/,yes,Electrician North Ryde 2113 | Emergency & Level 2,"Need an electrician in North Ryde? Evaready helps with emergency faults, Level 2 ASP work, switchboards, hot water, aircon, CCTV/data and general.",Electrician North Ryde 2113,2597,yes,yes,yes,yes,yes,yes,yes,yes,yes,yes,greater,within 90 minutes / 90-minute response,"90-minute response for urgent call-outs across greater regions. | For this suburb, urgent call-outs follow 90-minute emergency response. | Urgent help for partial power loss and circuit tripping and overheating power points and burning smells and after-hours business faults in North Ryde, with 90-minute emergency response. | Emergency call-outs in this region use 90-minute emergency response.",yes,yes,47,5,,,,,,
Northern Sydney & Ryde,Ryde,Putney,2112,/service-areas/northern-sydney-and-ryde/ryde/putney/,yes,Electrician Putney 2112 | Emergency & Level 2,"Evaready helps Putney with urgent faults, Level 2 ASP work, switchboards, hot water electrical, aircon, CCTV/data and planned electrical work.",Electrician Putney 2112,2509,yes,yes,yes,yes,yes,yes,yes,yes,yes,yes,greater,within 90 minutes / 90-minute response,"90-minute response for urgent call-outs across greater regions. | For Putney, emergency call-outs use 90-minute emergency response; call for unsafe faults, or send photos and details for planned work. | For this suburb, urgent call-outs follow 90-minute emergency response. | Urgent help for partial power loss and circuit tripping and overheating power points and burning smells and after-hours business faults in Putney, with 90-minute emergency response.",yes,yes,47,5,,,,,,
Northern Sydney & Ryde,Ryde,Ryde,2112,/service-areas/northern-sydney-and-ryde/ryde/ryde/,yes,Electrician Ryde 2112 | Emergency & Level 2,"Need electrical help in Ryde 2112? Evaready Electrical helps with fault finding, switchboards, lighting, power, smoke alarms, data, CCTV and Level 2.",Electrician Ryde 2112,2474,yes,yes,yes,yes,yes,yes,yes,yes,yes,yes,greater,within 90 minutes / 90-minute response,"90-minute response for urgent call-outs across greater regions. | For this suburb, urgent call-outs follow 90-minute emergency response. | Urgent help for partial power loss and circuit tripping and overheating power points and burning smells and after-hours business faults in Ryde, with 90-minute emergency response. | Emergency call-outs in this region use 90-minute emergency response.",yes,yes,47,5,,,,,,
Northern Sydney & Ryde,Ryde,Tennyson Point,2111,/service-areas/northern-sydney-and-ryde/ryde/tennyson-point/,yes,Electrician Tennyson Point 2111 | Emergency & Level 2,"Need an electrician in Tennyson Point? Evaready helps with emergency faults, Level 2 ASP work, switchboards, hot water, aircon, CCTV/data and general.",Electrician Tennyson Point 2111,2591,yes,yes,yes,yes,yes,yes,yes,yes,yes,yes,greater,within 90 minutes / 90-minute response,"90-minute response for urgent call-outs across greater regions. | For this suburb, urgent call-outs follow 90-minute emergency response. | Urgent help for partial power loss and circuit tripping and overheating power points and burning smells and after-hours business faults in Tennyson Point, with 90-minute emergency response. | Emergency call-outs in this region use 90-minute emergency response.",yes,yes,47,5,,,,,,
Northern Sydney & Ryde,Ryde,West Ryde,2114,/service-areas/northern-sydney-and-ryde/ryde/west-ryde/,yes,Electrician West Ryde 2114 | Emergency & Level 2,"Need an electrician in West Ryde? Evaready helps with emergency faults, Level 2 ASP work, switchboards, hot water, aircon, CCTV/data and general.",Electrician West Ryde 2114,2601,yes,yes,yes,yes,yes,yes,yes,yes,yes,yes,greater,within 90 minutes / 90-minute response,"90-minute response for urgent call-outs across greater regions. | For West Ryde, emergency call-outs use 90-minute emergency response; call for unsafe faults, or send photos and details for planned work. | For this suburb, urgent call-outs follow 90-minute emergency response. | Urgent help for partial power loss and circuit tripping and overheating power points and burning smells and after-hours business faults in West Ryde, with 90-minute emergency response.",yes,yes,47,5,,,,,,
Northern Sydney & Ryde,Willoughby,Artarmon,2064,/service-areas/northern-sydney-and-ryde/willoughby/artarmon/,yes,Electrician Artarmon 2064 | Emergency & Level 2,"Need electrical help in Artarmon 2064? Emergency faults, Level 2 ASP, switchboards, hot water, aircon, CCTV/data and general electrical work across.",Electrician Artarmon 2064,2482,yes,yes,yes,yes,yes,yes,yes,yes,yes,yes,greater,within 90 minutes / 90-minute response,"90-minute response for urgent call-outs across greater regions. | For Artarmon, emergency call-outs use 90-minute emergency response; call for unsafe faults, or send photos and details for planned work. | For this suburb, urgent call-outs follow 90-minute emergency response. | Urgent help for partial power loss and circuit tripping and overheating power points and burning smells and after-hours business faults in Artarmon, with 90-minute emergency response.",yes,yes,47,5,,,,,,
Northern Sydney & Ryde,Willoughby,Castle Cove,2069,/service-areas/northern-sydney-and-ryde/willoughby/castle-cove/,yes,Electrician Castle Cove 2069 | Emergency & Level 2,"Need electrical help in Castle Cove 2069? Emergency faults, Level 2 ASP, switchboards, hot water, aircon, CCTV/data and general electrical work across.",Electrician Castle Cove 2069,2582,yes,yes,yes,yes,yes,yes,yes,yes,yes,yes,greater,within 90 minutes / 90-minute response,"90-minute response for urgent call-outs across greater regions. | For Castle Cove, emergency call-outs use 90-minute emergency response; call for unsafe faults, or send photos and details for planned work. | For this suburb, urgent call-outs follow 90-minute emergency response. | Urgent help for partial power loss and circuit tripping and overheating power points and burning smells and after-hours business faults in Castle Cove, with 90-minute emergency response.",yes,yes,47,5,,,,,,
Northern Sydney & Ryde,Willoughby,Castlecrag,2068,/service-areas/northern-sydney-and-ryde/willoughby/castlecrag/,yes,Electrician Castlecrag 2068 | Emergency & Level 2,"Need electrical help in Castlecrag 2068? Emergency faults, Level 2 ASP, switchboards, hot water, aircon, CCTV/data and general electrical work across.",Electrician Castlecrag 2068,2516,yes,yes,yes,yes,yes,yes,yes,yes,yes,yes,greater,within 90 minutes / 90-minute response,"90-minute response for urgent call-outs across greater regions. | For this suburb, urgent call-outs follow 90-minute emergency response. | Urgent help for partial power loss and circuit tripping and overheating power points and burning smells and after-hours business faults in Castlecrag, with 90-minute emergency response. | Emergency call-outs in this region use 90-minute emergency response.",yes,yes,47,5,,,,,,
Northern Sydney & Ryde,Willoughby,Chatswood,2067,/service-areas/northern-sydney-and-ryde/willoughby/chatswood/,yes,Electrician Chatswood 2067 | Emergency & Level 2,"Need an electrician in Chatswood? Evaready Electrical helps with urgent faults, switchboards, lighting, power, data, CCTV, commercial maintenance.",Electrician Chatswood 2067,2484,yes,yes,yes,yes,yes,yes,yes,yes,yes,yes,greater,within 90 minutes / 90-minute response,"90-minute response for urgent call-outs across greater regions. | For this suburb, urgent call-outs follow 90-minute emergency response. | Urgent help for partial power loss and circuit tripping and overheating power points and burning smells and after-hours business faults in Chatswood, with 90-minute emergency response. | Emergency call-outs in this region use 90-minute emergency response.",yes,yes,47,5,,,,,,
Northern Sydney & Ryde,Willoughby,Middle Cove,2068,/service-areas/northern-sydney-and-ryde/willoughby/middle-cove/,yes,Electrician Middle Cove 2068 | Emergency & Level 2,"Need an electrician in Middle Cove? Evaready helps with emergency faults, Level 2 ASP work, switchboards, hot water, aircon, CCTV/data and general.",Electrician Middle Cove 2068,2580,yes,yes,yes,yes,yes,yes,yes,yes,yes,yes,greater,within 90 minutes / 90-minute response,"90-minute response for urgent call-outs across greater regions. | For this suburb, urgent call-outs follow 90-minute emergency response. | Urgent help for partial power loss and circuit tripping and overheating power points and burning smells and after-hours business faults in Middle Cove, with 90-minute emergency response. | Emergency call-outs in this region use 90-minute emergency response.",yes,yes,47,5,,,,,,
Northern Sydney & Ryde,Willoughby,Naremburn,2065,/service-areas/northern-sydney-and-ryde/willoughby/naremburn/,yes,Electrician Naremburn 2065 | Emergency & Level 2,"Need an electrician in Naremburn? Evaready helps with emergency faults, Level 2 ASP work, switchboards, hot water, aircon, CCTV/data and general.",Electrician Naremburn 2065,2507,yes,yes,yes,yes,yes,yes,yes,yes,yes,yes,greater,within 90 minutes / 90-minute response,"90-minute response for urgent call-outs across greater regions. | For this suburb, urgent call-outs follow 90-minute emergency response. | Urgent help for partial power loss and circuit tripping and overheating power points and burning smells and after-hours business faults in Naremburn, with 90-minute emergency response. | Emergency call-outs in this region use 90-minute emergency response.",yes,yes,47,5,,,,,,
Northern Sydney & Ryde,Willoughby,North Willoughby,2068,/service-areas/northern-sydney-and-ryde/willoughby/north-willoughby/,yes,Electrician North Willoughby 2068 | Emergency & Level 2,"Need electrical help in North Willoughby 2068? Emergency faults, Level 2 ASP, switchboards, hot water, aircon, CCTV/data and general electrical work.",Electrician North Willoughby 2068,2573,yes,yes,yes,yes,yes,yes,yes,yes,yes,yes,greater,within 90 minutes / 90-minute response,"90-minute response for urgent call-outs across greater regions. | For this suburb, urgent call-outs follow 90-minute emergency response. | Urgent help for partial power loss and circuit tripping and overheating power points and burning smells and after-hours business faults in North Willoughby, with 90-minute emergency response. | Emergency call-outs in this region use 90-minute emergency response.",yes,yes,47,5,,,,,,
Northern Sydney & Ryde,Willoughby,Northbridge,2063,/service-areas/northern-sydney-and-ryde/willoughby/northbridge/,yes,Electrician Northbridge 2063 | Emergency & Level 2,"Need electrical help in Northbridge 2063? Emergency faults, Level 2 ASP, switchboards, hot water, aircon, CCTV/data and general electrical work across.",Electrician Northbridge 2063,2494,yes,yes,yes,yes,yes,yes,yes,yes,yes,yes,greater,within 90 minutes / 90-minute response,"90-minute response for urgent call-outs across greater regions. | For this suburb, urgent call-outs follow 90-minute emergency response. | Evaready provides 90-minute emergency response for emergency call-outs in this region. | Urgent help for partial power loss and circuit tripping and overheating power points and burning smells and after-hours business faults in Northbridge, with 90-minute emergency response.",yes,yes,47,5,,,,,,
Northern Sydney & Ryde,Willoughby,Willoughby,2068,/service-areas/northern-sydney-and-ryde/willoughby/willoughby/,yes,Electrician Willoughby 2068 | Emergency & Level 2,"Evaready helps Willoughby with urgent faults, Level 2 ASP work, switchboards, hot water electrical, aircon, CCTV/data and planned electrical work.",Electrician Willoughby 2068,2495,yes,yes,yes,yes,yes,yes,yes,yes,yes,yes,greater,within 90 minutes / 90-minute response,"90-minute response for urgent call-outs across greater regions. | For Willoughby, emergency call-outs use 90-minute emergency response; call for unsafe faults, or send photos and details for planned work. | For this suburb, urgent call-outs follow 90-minute emergency response. | Urgent help for partial power loss and circuit tripping and overheating power points and burning smells and after-hours business faults in Willoughby, with 90-minute emergency response.",yes,yes,47,5,,,,,,
Northern Sydney & Ryde,Willoughby,Willoughby East,2068,/service-areas/northern-sydney-and-ryde/willoughby/willoughby-east/,yes,Electrician Willoughby East 2068 | Emergency & Level 2,"Need an electrician in Willoughby East? Evaready helps with emergency faults, Level 2 ASP work, switchboards, hot water, aircon, CCTV/data and general.",Electrician Willoughby East 2068,2576,yes,yes,yes,yes,yes,yes,yes,yes,yes,yes,greater,within 90 minutes / 90-minute response,"90-minute response for urgent call-outs across greater regions. | For this suburb, urgent call-outs follow 90-minute emergency response. | Urgent help for partial power loss and circuit tripping and overheating power points and burning smells and after-hours business faults in Willoughby East, with 90-minute emergency response. | Emergency call-outs in this region use 90-minute emergency response.",yes,yes,47,5,,,,,,
Northern Beaches,Northern Beaches,Allambie Heights,2100,/service-areas/northern-beaches/northern-beaches/allambie-heights/,yes,Electrician Allambie Heights 2100 | Emergency & Level 2,"Evaready helps Allambie Heights with urgent faults, Level 2 ASP work, switchboards, hot water electrical, aircon, CCTV/data and planned electrical work.",Electrician Allambie Heights 2100,2647,yes,yes,yes,yes,yes,yes,yes,yes,yes,yes,greater,within 90 minutes / 90-minute response,"90-minute response for urgent call-outs across greater regions. | For this suburb, urgent call-outs follow 90-minute emergency response. | Urgent help for storm faults, water-affected fixtures and circuit tripping and overheating power points and unsafe outdoor power in Allambie Heights, with 90-minute emergency response. | Emergency call-outs in this region use 90-minute emergency response.",yes,yes,47,5,,,,,,
Northern Beaches,Northern Beaches,Avalon Beach,2107,/service-areas/northern-beaches/northern-beaches/avalon-beach/,yes,Electrician Avalon Beach 2107 | Emergency & Level 2,"Evaready helps Avalon Beach with urgent faults, Level 2 ASP work, switchboards, hot water electrical, aircon, CCTV/data and planned electrical work.",Electrician Avalon Beach 2107,2595,yes,yes,yes,yes,yes,yes,yes,yes,yes,yes,greater,within 90 minutes / 90-minute response,"90-minute response for urgent call-outs across greater regions. | For this suburb, urgent call-outs follow 90-minute emergency response. | Urgent help for storm faults, water-affected fixtures and circuit tripping and overheating power points and unsafe outdoor power in Avalon Beach, with 90-minute emergency response. | Emergency call-outs in this region use 90-minute emergency response.",yes,yes,47,5,,,,,,
Northern Beaches,Northern Beaches,Balgowlah,2093,/service-areas/northern-beaches/northern-beaches/balgowlah/,yes,Electrician Balgowlah 2093 | Emergency & Level 2,"Need electrical help in Balgowlah 2093? Emergency faults, Level 2 ASP, switchboards, hot water, aircon, CCTV/data and general electrical work across.",Electrician Balgowlah 2093,2501,yes,yes,yes,yes,yes,yes,yes,yes,yes,yes,greater,within 90 minutes / 90-minute response,"90-minute response for urgent call-outs across greater regions. | For this suburb, urgent call-outs follow 90-minute emergency response. | Evaready provides 90-minute emergency response for emergency call-outs in this region. | Urgent help for storm faults, water-affected fixtures and circuit tripping and overheating power points and unsafe outdoor power in Balgowlah, with 90-minute emergency response.",yes,yes,47,5,,,,,,
Northern Beaches,Northern Beaches,Balgowlah Heights,2093,/service-areas/northern-beaches/northern-beaches/balgowlah-heights/,yes,Electrician Balgowlah Heights 2093 | Emergency & Level 2,"Need an electrician in Balgowlah Heights? Evaready helps with emergency faults, Level 2 ASP work, switchboards, hot water, aircon, CCTV/data.",Electrician Balgowlah Heights 2093,2591,yes,yes,yes,yes,yes,yes,yes,yes,yes,yes,greater,within 90 minutes / 90-minute response,"90-minute response for urgent call-outs across greater regions. | For this suburb, urgent call-outs follow 90-minute emergency response. | Evaready provides 90-minute emergency response for emergency call-outs in this region. | Urgent help for storm faults, water-affected fixtures and circuit tripping and overheating power points and unsafe outdoor power in Balgowlah Heights, with 90-minute emergency response.",yes,yes,47,5,,,,,,
Northern Beaches,Northern Beaches,Bayview,2104,/service-areas/northern-beaches/northern-beaches/bayview/,yes,Electrician Bayview 2104 | Emergency & Level 2,"Need an electrician in Bayview? Evaready helps with emergency faults, Level 2 ASP work, switchboards, hot water, aircon, CCTV/data and general.",Electrician Bayview 2104,2510,yes,yes,yes,yes,yes,yes,yes,yes,yes,yes,greater,within 90 minutes / 90-minute response,"90-minute response for urgent call-outs across greater regions. | For this suburb, urgent call-outs follow 90-minute emergency response. | Urgent help for storm faults, water-affected fixtures and circuit tripping and overheating power points and unsafe outdoor power in Bayview, with 90-minute emergency response. | Emergency call-outs in this region use 90-minute emergency response.",yes,yes,47,5,,,,,,
Northern Beaches,Northern Beaches,Beacon Hill,2100,/service-areas/northern-beaches/northern-beaches/beacon-hill/,yes,Electrician Beacon Hill 2100 | Emergency & Level 2,"Need electrical help in Beacon Hill 2100? Emergency faults, Level 2 ASP, switchboards, hot water, aircon, CCTV/data and general electrical work across.",Electrician Beacon Hill 2100,2576,yes,yes,yes,yes,yes,yes,yes,yes,yes,yes,greater,within 90 minutes / 90-minute response,"90-minute response for urgent call-outs across greater regions. | For this suburb, urgent call-outs follow 90-minute emergency response. | Urgent help for storm faults, water-affected fixtures and circuit tripping and overheating power points and unsafe outdoor power in Beacon Hill, with 90-minute emergency response. | Emergency call-outs in this region use 90-minute emergency response.",yes,yes,47,5,,,,,,
Northern Beaches,Northern Beaches,Belrose,2085,/service-areas/northern-beaches/northern-beaches/belrose/,yes,Electrician Belrose 2085 | Emergency & Level 2,"Need an electrician in Belrose? Evaready helps with emergency faults, Level 2 ASP work, switchboards, hot water, aircon, CCTV/data and general.",Electrician Belrose 2085,2490,yes,yes,yes,yes,yes,yes,yes,yes,yes,yes,greater,within 90 minutes / 90-minute response,"90-minute response for urgent call-outs across greater regions. | For this suburb, urgent call-outs follow 90-minute emergency response. | Evaready provides 90-minute emergency response for emergency call-outs in this region. | Urgent help for storm faults, water-affected fixtures and circuit tripping and overheating power points and unsafe outdoor power in Belrose, with 90-minute emergency response.",yes,yes,47,5,,,,,,
Northern Beaches,Northern Beaches,Bilgola Beach,2107,/service-areas/northern-beaches/northern-beaches/bilgola-beach/,yes,Electrician Bilgola Beach 2107 | Emergency & Level 2,"Need an electrician in Bilgola Beach? Evaready helps with emergency faults, Level 2 ASP work, switchboards, hot water, aircon, CCTV/data and general.",Electrician Bilgola Beach 2107,2586,yes,yes,yes,yes,yes,yes,yes,yes,yes,yes,greater,within 90 minutes / 90-minute response,"90-minute response for urgent call-outs across greater regions. | For this suburb, urgent call-outs follow 90-minute emergency response. | Urgent help for storm faults, water-affected fixtures and circuit tripping and overheating power points and unsafe outdoor power in Bilgola Beach, with 90-minute emergency response. | Emergency call-outs in this region use 90-minute emergency response.",yes,yes,47,5,,,,,,
Northern Beaches,Northern Beaches,Bilgola Plateau,2107,/service-areas/northern-beaches/northern-beaches/bilgola-plateau/,yes,Electrician Bilgola Plateau 2107 | Emergency & Level 2,"Need an electrician in Bilgola Plateau? Evaready helps with emergency faults, Level 2 ASP work, switchboards, hot water, aircon, CCTV/data and general.",Electrician Bilgola Plateau 2107,2611,yes,yes,yes,yes,yes,yes,yes,yes,yes,yes,greater,within 90 minutes / 90-minute response,"90-minute response for urgent call-outs across greater regions. | For this suburb, urgent call-outs follow 90-minute emergency response. | Evaready provides 90-minute emergency response for emergency call-outs in this region. | Urgent help for storm faults, water-affected fixtures and circuit tripping and overheating power points and unsafe outdoor power in Bilgola Plateau, with 90-minute emergency response.",yes,yes,47,5,,,,,,
Northern Beaches,Northern Beaches,Brookvale,2100,/service-areas/northern-beaches/northern-beaches/brookvale/,yes,Electrician Brookvale 2100 | Emergency & Level 2,"Need an electrician in Brookvale? Evaready Electrical helps with faults, lighting, power, data, CCTV, switchboards and three-phase enquiries.",Electrician Brookvale 2100,2544,yes,yes,yes,yes,yes,yes,yes,yes,yes,yes,greater,within 90 minutes / 90-minute response,"90-minute response for urgent call-outs across greater regions. | For this suburb, urgent call-outs follow 90-minute emergency response. | Evaready provides 90-minute emergency response for emergency call-outs in this region. | Urgent help for storm faults, water-affected fixtures and circuit tripping and overheating power points and unsafe outdoor power in Brookvale, with 90-minute emergency response.",yes,yes,47,5,,,,,,
Northern Beaches,Northern Beaches,Church Point,2105,/service-areas/northern-beaches/northern-beaches/church-point/,yes,Electrician Church Point 2105 | Emergency & Level 2,"Need an electrician in Church Point? Evaready helps with emergency faults, Level 2 ASP work, switchboards, hot water, aircon, CCTV/data and general.",Electrician Church Point 2105,2608,yes,yes,yes,yes,yes,yes,yes,yes,yes,yes,greater,within 90 minutes / 90-minute response,"90-minute response for urgent call-outs across greater regions. | For this suburb, urgent call-outs follow 90-minute emergency response. | Evaready provides 90-minute emergency response for emergency call-outs in this region. | Urgent help for storm faults, water-affected fixtures and circuit tripping and overheating power points and unsafe outdoor power in Church Point, with 90-minute emergency response.",yes,yes,47,5,,,,,,
Northern Beaches,Northern Beaches,Clareville,2107,/service-areas/northern-beaches/northern-beaches/clareville/,yes,Electrician Clareville 2107 | Emergency & Level 2,"Need an electrician in Clareville? Evaready helps with emergency faults, Level 2 ASP work, switchboards, hot water, aircon, CCTV/data and general.",Electrician Clareville 2107,2498,yes,yes,yes,yes,yes,yes,yes,yes,yes,yes,greater,within 90 minutes / 90-minute response,"90-minute response for urgent call-outs across greater regions. | For this suburb, urgent call-outs follow 90-minute emergency response. | Urgent help for storm faults, water-affected fixtures and circuit tripping and overheating power points and unsafe outdoor power in Clareville, with 90-minute emergency response. | Emergency call-outs in this region use 90-minute emergency response.",yes,yes,47,5,,,,,,
Northern Beaches,Northern Beaches,Clontarf,2093,/service-areas/northern-beaches/northern-beaches/clontarf/,yes,Electrician Clontarf 2093 | Emergency & Level 2,"Evaready helps Clontarf with urgent faults, Level 2 ASP work, switchboards, hot water electrical, aircon, CCTV/data and planned electrical work.",Electrician Clontarf 2093,2552,yes,yes,yes,yes,yes,yes,yes,yes,yes,yes,greater,within 90 minutes / 90-minute response,"90-minute response for urgent call-outs across greater regions. | For this suburb, urgent call-outs follow 90-minute emergency response. | Urgent help for storm faults, water-affected fixtures and circuit tripping and overheating power points and unsafe outdoor power in Clontarf, with 90-minute emergency response. | Emergency call-outs in this region use 90-minute emergency response.",yes,yes,47,5,,,,,,
Northern Beaches,Northern Beaches,Coasters Retreat,2108,/service-areas/northern-beaches/northern-beaches/coasters-retreat/,yes,Electrician Coasters Retreat 2108 | Emergency & Level 2,"Need electrical help in Coasters Retreat 2108? Emergency faults, Level 2 ASP, switchboards, hot water, aircon, CCTV/data and general electrical work.",Electrician Coasters Retreat 2108,2599,yes,yes,yes,yes,yes,yes,yes,yes,yes,yes,greater,within 90 minutes / 90-minute response,"90-minute response for urgent call-outs across greater regions. | For this suburb, urgent call-outs follow 90-minute emergency response. | Urgent help for storm faults, water-affected fixtures and circuit tripping and overheating power points and unsafe outdoor power in Coasters Retreat, with 90-minute emergency response. | Emergency call-outs in this region use 90-minute emergency response.",yes,yes,47,5,,,,,,
Northern Beaches,Northern Beaches,Collaroy,2097,/service-areas/northern-beaches/northern-beaches/collaroy/,yes,Electrician Collaroy 2097 | Emergency & Level 2,"Need electrical help in Collaroy 2097? Emergency faults, Level 2 ASP, switchboards, hot water, aircon, CCTV/data and general electrical work across.",Electrician Collaroy 2097,2541,yes,yes,yes,yes,yes,yes,yes,yes,yes,yes,greater,within 90 minutes / 90-minute response,"90-minute response for urgent call-outs across greater regions. | For this suburb, urgent call-outs follow 90-minute emergency response. | Evaready provides 90-minute emergency response for emergency call-outs in this region. | Urgent help for storm faults, water-affected fixtures and circuit tripping and overheating power points and unsafe outdoor power in Collaroy, with 90-minute emergency response.",yes,yes,47,5,,,,,,
Northern Beaches,Northern Beaches,Collaroy Plateau,2097,/service-areas/northern-beaches/northern-beaches/collaroy-plateau/,yes,Electrician Collaroy Plateau 2097 | Emergency & Level 2,"Evaready helps Collaroy Plateau with urgent faults, Level 2 ASP work, switchboards, hot water electrical, aircon, CCTV/data and planned electrical work.",Electrician Collaroy Plateau 2097,2615,yes,yes,yes,yes,yes,yes,yes,yes,yes,yes,greater,within 90 minutes / 90-minute response,"90-minute response for urgent call-outs across greater regions. | For this suburb, urgent call-outs follow 90-minute emergency response. | Urgent help for storm faults, water-affected fixtures and circuit tripping and overheating power points and unsafe outdoor power in Collaroy Plateau, with 90-minute emergency response. | Emergency call-outs in this region use 90-minute emergency response.",yes,yes,47,5,,,,,,
Northern Beaches,Northern Beaches,Cottage Point,2084,/service-areas/northern-beaches/northern-beaches/cottage-point/,yes,Electrician Cottage Point 2084 | Emergency & Level 2,"Need an electrician in Cottage Point? Evaready helps with emergency faults, Level 2 ASP work, switchboards, hot water, aircon, CCTV/data and general.",Electrician Cottage Point 2084,2618,yes,yes,yes,yes,yes,yes,yes,yes,yes,yes,greater,within 90 minutes / 90-minute response,"90-minute response for urgent call-outs across greater regions. | For this suburb, urgent call-outs follow 90-minute emergency response. | Urgent help for storm faults, water-affected fixtures and circuit tripping and overheating power points and unsafe outdoor power in Cottage Point, with 90-minute emergency response. | Emergency call-outs in this region use 90-minute emergency response.",yes,yes,47,5,,,,,,
Northern Beaches,Northern Beaches,Cromer,2099,/service-areas/northern-beaches/northern-beaches/cromer/,yes,Electrician Cromer 2099 | Emergency & Level 2,"Evaready helps Cromer with urgent faults, Level 2 ASP work, switchboards, hot water electrical, aircon, CCTV/data and planned electrical work.",Electrician Cromer 2099,2542,yes,yes,yes,yes,yes,yes,yes,yes,yes,yes,greater,within 90 minutes / 90-minute response,"90-minute response for urgent call-outs across greater regions. | For this suburb, urgent call-outs follow 90-minute emergency response. | Evaready provides 90-minute emergency response for emergency call-outs in this region. | Urgent help for storm faults, water-affected fixtures and circuit tripping and overheating power points and unsafe outdoor power in Cromer, with 90-minute emergency response.",yes,yes,47,5,,,,,,
Northern Beaches,Northern Beaches,Curl Curl,2096,/service-areas/northern-beaches/northern-beaches/curl-curl/,yes,Electrician Curl Curl 2096 | Emergency & Level 2,"Evaready helps Curl Curl with urgent faults, Level 2 ASP work, switchboards, hot water electrical, aircon, CCTV/data and planned electrical work.",Electrician Curl Curl 2096,2609,yes,yes,yes,yes,yes,yes,yes,yes,yes,yes,greater,within 90 minutes / 90-minute response,"90-minute response for urgent call-outs across greater regions. | For this suburb, urgent call-outs follow 90-minute emergency response. | Urgent help for storm faults, water-affected fixtures and circuit tripping and overheating power points and unsafe outdoor power in Curl Curl, with 90-minute emergency response. | Emergency call-outs in this region use 90-minute emergency response.",yes,yes,47,5,,,,,,
Northern Beaches,Northern Beaches,Davidson,2085,/service-areas/northern-beaches/northern-beaches/davidson/,yes,Electrician Davidson 2085 | Emergency & Level 2,"Evaready helps Davidson with urgent faults, Level 2 ASP work, switchboards, hot water electrical, aircon, CCTV/data and planned electrical work.",Electrician Davidson 2085,2512,yes,yes,yes,yes,yes,yes,yes,yes,yes,yes,greater,within 90 minutes / 90-minute response,"90-minute response for urgent call-outs across greater regions. | For Davidson, emergency call-outs use 90-minute emergency response; call for unsafe faults, or send photos and details for planned work. | For this suburb, urgent call-outs follow 90-minute emergency response. | Urgent help for storm faults, water-affected fixtures and circuit tripping and overheating power points and unsafe outdoor power in Davidson, with 90-minute emergency response.",yes,yes,47,5,,,,,,
Northern Beaches,Northern Beaches,Dee Why,2099,/service-areas/northern-beaches/northern-beaches/dee-why/,yes,Electrician Dee Why 2099 | Emergency & Level 2,"Evaready Electrical helps with urgent faults, lighting, power, switchboards, smoke alarms, data and CCTV.",Electrician Dee Why 2099,2562,yes,yes,yes,yes,yes,yes,yes,yes,yes,yes,greater,within 90 minutes / 90-minute response,"90-minute response for urgent call-outs across greater regions. | For this suburb, urgent call-outs follow 90-minute emergency response. | Urgent help for storm faults, water-affected fixtures and circuit tripping and overheating power points and unsafe outdoor power in Dee Why, with 90-minute emergency response. | Emergency call-outs in this region use 90-minute emergency response.",yes,yes,47,5,,,,,,
Northern Beaches,Northern Beaches,Duffys Forest,2084,/service-areas/northern-beaches/northern-beaches/duffys-forest/,yes,Electrician Duffys Forest 2084 | Emergency & Level 2,"Evaready helps Duffys Forest with urgent faults, Level 2 ASP work, switchboards, hot water electrical, aircon, CCTV/data and planned electrical work.",Electrician Duffys Forest 2084,2604,yes,yes,yes,yes,yes,yes,yes,yes,yes,yes,greater,within 90 minutes / 90-minute response,"90-minute response for urgent call-outs across greater regions. | For Duffys Forest, emergency call-outs use 90-minute emergency response; call for unsafe faults, or send photos and details for planned work. | For this suburb, urgent call-outs follow 90-minute emergency response. | Evaready provides 90-minute emergency response for emergency call-outs in this region.",yes,yes,47,5,,,,,,
Northern Beaches,Northern Beaches,Elanora Heights,2101,/service-areas/northern-beaches/northern-beaches/elanora-heights/,yes,Electrician Elanora Heights 2101 | Emergency & Level 2,"Need an electrician in Elanora Heights? Evaready helps with emergency faults, Level 2 ASP work, switchboards, hot water, aircon, CCTV/data and general.",Electrician Elanora Heights 2101,2601,yes,yes,yes,yes,yes,yes,yes,yes,yes,yes,greater,within 90 minutes / 90-minute response,"90-minute response for urgent call-outs across greater regions. | For this suburb, urgent call-outs follow 90-minute emergency response. | Urgent help for storm faults, water-affected fixtures and circuit tripping and overheating power points and unsafe outdoor power in Elanora Heights, with 90-minute emergency response. | Emergency call-outs in this region use 90-minute emergency response.",yes,yes,47,5,,,,,,
Northern Beaches,Northern Beaches,Elvina Bay,2105,/service-areas/northern-beaches/northern-beaches/elvina-bay/,yes,Electrician Elvina Bay 2105 | Emergency & Level 2,"Evaready helps Elvina Bay with urgent faults, Level 2 ASP work, switchboards, hot water electrical, aircon, CCTV/data and planned electrical work.",Electrician Elvina Bay 2105,2576,yes,yes,yes,yes,yes,yes,yes,yes,yes,yes,greater,within 90 minutes / 90-minute response,"90-minute response for urgent call-outs across greater regions. | For this suburb, urgent call-outs follow 90-minute emergency response. | Urgent help for storm faults, water-affected fixtures and circuit tripping and overheating power points and unsafe outdoor power in Elvina Bay, with 90-minute emergency response. | Emergency call-outs in this region use 90-minute emergency response.",yes,yes,47,5,,,,,,
Northern Beaches,Northern Beaches,Fairlight,2094,/service-areas/northern-beaches/northern-beaches/fairlight/,yes,Electrician Fairlight 2094 | Emergency & Level 2,"Need an electrician in Fairlight? Evaready helps with emergency faults, Level 2 ASP work, switchboards, hot water, aircon, CCTV/data and general.",Electrician Fairlight 2094,2532,yes,yes,yes,yes,yes,yes,yes,yes,yes,yes,greater,within 90 minutes / 90-minute response,"90-minute response for urgent call-outs across greater regions. | For this suburb, urgent call-outs follow 90-minute emergency response. | Urgent help for storm faults, water-affected fixtures and circuit tripping and overheating power points and unsafe outdoor power in Fairlight, with 90-minute emergency response. | Emergency call-outs in this region use 90-minute emergency response.",yes,yes,47,5,,,,,,
Northern Beaches,Northern Beaches,Forestville,2087,/service-areas/northern-beaches/northern-beaches/forestville/,yes,Electrician Forestville 2087 | Emergency & Level 2,"Evaready helps Forestville with urgent faults, Level 2 ASP work, switchboards, hot water electrical, aircon, CCTV/data and planned electrical work.",Electrician Forestville 2087,2518,yes,yes,yes,yes,yes,yes,yes,yes,yes,yes,greater,within 90 minutes / 90-minute response,"90-minute response for urgent call-outs across greater regions. | For this suburb, urgent call-outs follow 90-minute emergency response. | Evaready provides 90-minute emergency response for emergency call-outs in this region. | Urgent help for storm faults, water-affected fixtures and circuit tripping and overheating power points and unsafe outdoor power in Forestville, with 90-minute emergency response.",yes,yes,47,5,,,,,,
Northern Beaches,Northern Beaches,Frenchs Forest,2086,/service-areas/northern-beaches/northern-beaches/frenchs-forest/,yes,Electrician Frenchs Forest 2086 | Emergency & Level 2,"Evaready helps Frenchs Forest with urgent faults, Level 2 ASP work, switchboards, hot water electrical, aircon, CCTV/data and planned electrical work.",Electrician Frenchs Forest 2086,2597,yes,yes,yes,yes,yes,yes,yes,yes,yes,yes,greater,within 90 minutes / 90-minute response,"90-minute response for urgent call-outs across greater regions. | For this suburb, urgent call-outs follow 90-minute emergency response. | Urgent help for storm faults, water-affected fixtures and circuit tripping and overheating power points and unsafe outdoor power in Frenchs Forest, with 90-minute emergency response. | Emergency call-outs in this region use 90-minute emergency response.",yes,yes,47,5,,,,,,
Northern Beaches,Northern Beaches,Freshwater,2096,/service-areas/northern-beaches/northern-beaches/freshwater/,yes,Electrician Freshwater 2096 | Emergency & Level 2,"Evaready helps Freshwater with urgent faults, Level 2 ASP work, switchboards, hot water electrical, aircon, CCTV/data and planned electrical work.",Electrician Freshwater 2096,2526,yes,yes,yes,yes,yes,yes,yes,yes,yes,yes,greater,within 90 minutes / 90-minute response,"90-minute response for urgent call-outs across greater regions. | For this suburb, urgent call-outs follow 90-minute emergency response. | Urgent help for storm faults, water-affected fixtures and circuit tripping and overheating power points and unsafe outdoor power in Freshwater, with 90-minute emergency response. | Emergency call-outs in this region use 90-minute emergency response.",yes,yes,47,5,,,,,,
Northern Beaches,Northern Beaches,Great Mackerel Beach,2108,/service-areas/northern-beaches/northern-beaches/great-mackerel-beach/,yes,Electrician Great Mackerel Beach 2108 | Emergency & Level 2,"Need electrical help in Great Mackerel Beach 2108? Emergency faults, Level 2 ASP, switchboards, hot water, aircon, CCTV/data and general electrical.",Electrician Great Mackerel Beach 2108,2692,yes,yes,yes,yes,yes,yes,yes,yes,yes,yes,greater,within 90 minutes / 90-minute response,"90-minute response for urgent call-outs across greater regions. | For this suburb, urgent call-outs follow 90-minute emergency response. | Evaready provides 90-minute emergency response for emergency call-outs in this region. | Urgent help for storm faults, water-affected fixtures and circuit tripping and overheating power points and unsafe outdoor power in Great Mackerel Beach, with 90-minute emergency response.",yes,yes,47,5,,,,,,
Northern Beaches,Northern Beaches,Ingleside,2101,/service-areas/northern-beaches/northern-beaches/ingleside/,yes,Electrician Ingleside 2101 | Emergency & Level 2,"Need an electrician in Ingleside? Evaready helps with emergency faults, Level 2 ASP work, switchboards, hot water, aircon, CCTV/data and general.",Electrician Ingleside 2101,2539,yes,yes,yes,yes,yes,yes,yes,yes,yes,yes,greater,within 90 minutes / 90-minute response,"90-minute response for urgent call-outs across greater regions. | For this suburb, urgent call-outs follow 90-minute emergency response. | Evaready provides 90-minute emergency response for emergency call-outs in this region. | Urgent help for storm faults, water-affected fixtures and circuit tripping and overheating power points and unsafe outdoor power in Ingleside, with 90-minute emergency response.",yes,yes,47,5,,,,,,
Northern Beaches,Northern Beaches,Killarney Heights,2087,/service-areas/northern-beaches/northern-beaches/killarney-heights/,yes,Electrician Killarney Heights 2087 | Emergency & Level 2,"Need an electrician in Killarney Heights? Evaready helps with emergency faults, Level 2 ASP work, switchboards, hot water, aircon, CCTV/data.",Electrician Killarney Heights 2087,2584,yes,yes,yes,yes,yes,yes,yes,yes,yes,yes,greater,within 90 minutes / 90-minute response,"90-minute response for urgent call-outs across greater regions. | For this suburb, urgent call-outs follow 90-minute emergency response. | Urgent help for storm faults, water-affected fixtures and circuit tripping and overheating power points and unsafe outdoor power in Killarney Heights, with 90-minute emergency response. | Emergency call-outs in this region use 90-minute emergency response.",yes,yes,47,5,,,,,,
Northern Beaches,Northern Beaches,Ku-Ring-Gai Chase,2084,/service-areas/northern-beaches/northern-beaches/ku-ring-gai-chase/,yes,Electrician Ku-Ring-Gai Chase 2084 | Emergency & Level 2,"Need an electrician in Ku-Ring-Gai Chase? Evaready helps with emergency faults, Level 2 ASP work, switchboards, hot water, aircon, CCTV/data.",Electrician Ku-Ring-Gai Chase 2084,2597,yes,yes,yes,yes,yes,yes,yes,yes,yes,yes,greater,within 90 minutes / 90-minute response,"90-minute response for urgent call-outs across greater regions. | For this suburb, urgent call-outs follow 90-minute emergency response. | Urgent help for storm faults, water-affected fixtures and circuit tripping and overheating power points and unsafe outdoor power in Ku-Ring-Gai Chase, with 90-minute emergency response. | Emergency call-outs in this region use 90-minute emergency response.",yes,yes,47,5,,,,,,
Northern Beaches,Northern Beaches,Lovett Bay,2105,/service-areas/northern-beaches/northern-beaches/lovett-bay/,yes,Electrician Lovett Bay 2105 | Emergency & Level 2,"Need an electrician in Lovett Bay? Evaready helps with emergency faults, Level 2 ASP work, switchboards, hot water, aircon, CCTV/data and general.",Electrician Lovett Bay 2105,2589,yes,yes,yes,yes,yes,yes,yes,yes,yes,yes,greater,within 90 minutes / 90-minute response,"90-minute response for urgent call-outs across greater regions. | For this suburb, urgent call-outs follow 90-minute emergency response. | Urgent help for storm faults, water-affected fixtures and circuit tripping and overheating power points and unsafe outdoor power in Lovett Bay, with 90-minute emergency response. | Emergency call-outs in this region use 90-minute emergency response.",yes,yes,47,5,,,,,,
Northern Beaches,Northern Beaches,Manly,2095,/service-areas/northern-beaches/northern-beaches/manly/,yes,Electrician Manly 2095 | Emergency & Level 2,"Evaready Electrical helps with urgent faults, outdoor lighting, switchboards, power, smoke alarms, data and CCTV.",Electrician Manly 2095,2491,yes,yes,yes,yes,yes,yes,yes,yes,yes,yes,greater,within 90 minutes / 90-minute response,"90-minute response for urgent call-outs across greater regions. | For this suburb, urgent call-outs follow 90-minute emergency response. | Urgent help for storm faults, water-affected fixtures and circuit tripping and overheating power points and unsafe outdoor power in Manly, with 90-minute emergency response. | Emergency call-outs in this region use 90-minute emergency response.",yes,yes,47,5,,,,,,
Northern Beaches,Northern Beaches,Manly Vale,2093,/service-areas/northern-beaches/northern-beaches/manly-vale/,yes,Electrician Manly Vale 2093 | Emergency & Level 2,"Need an electrician in Manly Vale? Evaready helps with emergency faults, Level 2 ASP work, switchboards, hot water, aircon, CCTV/data and general.",Electrician Manly Vale 2093,2600,yes,yes,yes,yes,yes,yes,yes,yes,yes,yes,greater,within 90 minutes / 90-minute response,"90-minute response for urgent call-outs across greater regions. | For this suburb, urgent call-outs follow 90-minute emergency response. | Urgent help for storm faults, water-affected fixtures and circuit tripping and overheating power points and unsafe outdoor power in Manly Vale, with 90-minute emergency response. | Emergency call-outs in this region use 90-minute emergency response.",yes,yes,47,5,,,,,,
Northern Beaches,Northern Beaches,Mona Vale,2103,/service-areas/northern-beaches/northern-beaches/mona-vale/,yes,Electrician Mona Vale 2103 | Emergency & Level 2,"Need an electrician in Mona Vale? Evaready helps with emergency faults, Level 2 ASP work, switchboards, hot water, aircon, CCTV/data and general.",Electrician Mona Vale 2103,2591,yes,yes,yes,yes,yes,yes,yes,yes,yes,yes,greater,within 90 minutes / 90-minute response,"90-minute response for urgent call-outs across greater regions. | For this suburb, urgent call-outs follow 90-minute emergency response. | Urgent help for storm faults, water-affected fixtures and circuit tripping and overheating power points and unsafe outdoor power in Mona Vale, with 90-minute emergency response. | Emergency call-outs in this region use 90-minute emergency response.",yes,yes,47,5,,,,,,
Northern Beaches,Northern Beaches,Morning Bay,2105,/service-areas/northern-beaches/northern-beaches/morning-bay/,yes,Electrician Morning Bay 2105 | Emergency & Level 2,"Need an electrician in Morning Bay? Evaready helps with emergency faults, Level 2 ASP work, switchboards, hot water, aircon, CCTV/data and general.",Electrician Morning Bay 2105,2597,yes,yes,yes,yes,yes,yes,yes,yes,yes,yes,greater,within 90 minutes / 90-minute response,"90-minute response for urgent call-outs across greater regions. | For this suburb, urgent call-outs follow 90-minute emergency response. | Evaready provides 90-minute emergency response for emergency call-outs in this region. | Urgent help for storm faults, water-affected fixtures and circuit tripping and overheating power points and unsafe outdoor power in Morning Bay, with 90-minute emergency response.",yes,yes,47,5,,,,,,
Northern Beaches,Northern Beaches,Narrabeen,2101,/service-areas/northern-beaches/northern-beaches/narrabeen/,yes,Electrician Narrabeen 2101 | Emergency & Level 2,"Need electrical help in Narrabeen 2101? Emergency faults, Level 2 ASP, switchboards, hot water, aircon, CCTV/data and general electrical work across.",Electrician Narrabeen 2101,2537,yes,yes,yes,yes,yes,yes,yes,yes,yes,yes,greater,within 90 minutes / 90-minute response,"90-minute response for urgent call-outs across greater regions. | For this suburb, urgent call-outs follow 90-minute emergency response. | Evaready provides 90-minute emergency response for emergency call-outs in this region. | Urgent help for storm faults, water-affected fixtures and circuit tripping and overheating power points and unsafe outdoor power in Narrabeen, with 90-minute emergency response.",yes,yes,47,5,,,,,,
Northern Beaches,Northern Beaches,Narraweena,2099,/service-areas/northern-beaches/northern-beaches/narraweena/,yes,Electrician Narraweena 2099 | Emergency & Level 2,"Need electrical help in Narraweena 2099? Emergency faults, Level 2 ASP, switchboards, hot water, aircon, CCTV/data and general electrical work across.",Electrician Narraweena 2099,2535,yes,yes,yes,yes,yes,yes,yes,yes,yes,yes,greater,within 90 minutes / 90-minute response,"90-minute response for urgent call-outs across greater regions. | For this suburb, urgent call-outs follow 90-minute emergency response. | Urgent help for storm faults, water-affected fixtures and circuit tripping and overheating power points and unsafe outdoor power in Narraweena, with 90-minute emergency response. | Emergency call-outs in this region use 90-minute emergency response.",yes,yes,47,5,,,,,,
Northern Beaches,Northern Beaches,Newport,2106,/service-areas/northern-beaches/northern-beaches/newport/,yes,Electrician Newport 2106 | Emergency & Level 2,"Evaready helps Newport with urgent faults, Level 2 ASP work, switchboards, hot water electrical, aircon, CCTV/data and planned electrical work.",Electrician Newport 2106,2537,yes,yes,yes,yes,yes,yes,yes,yes,yes,yes,greater,within 90 minutes / 90-minute response,"90-minute response for urgent call-outs across greater regions. | For this suburb, urgent call-outs follow 90-minute emergency response. | Evaready provides 90-minute emergency response for emergency call-outs in this region. | Urgent help for storm faults, water-affected fixtures and circuit tripping and overheating power points and unsafe outdoor power in Newport, with 90-minute emergency response.",yes,yes,47,5,,,,,,
Northern Beaches,Northern Beaches,North Balgowlah,2093,/service-areas/northern-beaches/northern-beaches/north-balgowlah/,yes,Electrician North Balgowlah 2093 | Emergency & Level 2,"Evaready helps North Balgowlah with urgent faults, Level 2 ASP work, switchboards, hot water electrical, aircon, CCTV/data and planned electrical work.",Electrician North Balgowlah 2093,2597,yes,yes,yes,yes,yes,yes,yes,yes,yes,yes,greater,within 90 minutes / 90-minute response,"90-minute response for urgent call-outs across greater regions. | For this suburb, urgent call-outs follow 90-minute emergency response. | Urgent help for storm faults, water-affected fixtures and circuit tripping and overheating power points and unsafe outdoor power in North Balgowlah, with 90-minute emergency response. | Emergency call-outs in this region use 90-minute emergency response.",yes,yes,47,5,,,,,,
Northern Beaches,Northern Beaches,North Curl Curl,2099,/service-areas/northern-beaches/northern-beaches/north-curl-curl/,yes,Electrician North Curl Curl 2099 | Emergency & Level 2,"Evaready helps North Curl Curl with urgent faults, Level 2 ASP work, switchboards, hot water electrical, aircon, CCTV/data and planned electrical work.",Electrician North Curl Curl 2099,2687,yes,yes,yes,yes,yes,yes,yes,yes,yes,yes,greater,within 90 minutes / 90-minute response,"90-minute response for urgent call-outs across greater regions. | For this suburb, urgent call-outs follow 90-minute emergency response. | Evaready provides 90-minute emergency response for emergency call-outs in this region. | Urgent help for storm faults, water-affected fixtures and circuit tripping and overheating power points and unsafe outdoor power in North Curl Curl, with 90-minute emergency response.",yes,yes,47,5,,,,,,
Northern Beaches,Northern Beaches,North Manly,2100,/service-areas/northern-beaches/northern-beaches/north-manly/,yes,Electrician North Manly 2100 | Emergency & Level 2,"Evaready helps North Manly with urgent faults, Level 2 ASP work, switchboards, hot water electrical, aircon, CCTV/data and planned electrical work.",Electrician North Manly 2100,2599,yes,yes,yes,yes,yes,yes,yes,yes,yes,yes,greater,within 90 minutes / 90-minute response,"90-minute response for urgent call-outs across greater regions. | For North Manly, emergency call-outs use 90-minute emergency response; call for unsafe faults, or send photos and details for planned work. | For this suburb, urgent call-outs follow 90-minute emergency response. | Evaready provides 90-minute emergency response for emergency call-outs in this region.",yes,yes,47,5,,,,,,
Northern Beaches,Northern Beaches,North Narrabeen,2101,/service-areas/northern-beaches/northern-beaches/north-narrabeen/,yes,Electrician North Narrabeen 2101 | Emergency & Level 2,"Need an electrician in North Narrabeen? Evaready helps with emergency faults, Level 2 ASP work, switchboards, hot water, aircon, CCTV/data and general.",Electrician North Narrabeen 2101,2573,yes,yes,yes,yes,yes,yes,yes,yes,yes,yes,greater,within 90 minutes / 90-minute response,"90-minute response for urgent call-outs across greater regions. | For this suburb, urgent call-outs follow 90-minute emergency response. | Evaready provides 90-minute emergency response for emergency call-outs in this region. | Urgent help for storm faults, water-affected fixtures and circuit tripping and overheating power points and unsafe outdoor power in North Narrabeen, with 90-minute emergency response.",yes,yes,47,5,,,,,,
Northern Beaches,Northern Beaches,Oxford Falls,2100,/service-areas/northern-beaches/northern-beaches/oxford-falls/,yes,Electrician Oxford Falls 2100 | Emergency & Level 2,"Need an electrician in Oxford Falls? Evaready helps with emergency faults, Level 2 ASP work, switchboards, hot water, aircon, CCTV/data and general.",Electrician Oxford Falls 2100,2609,yes,yes,yes,yes,yes,yes,yes,yes,yes,yes,greater,within 90 minutes / 90-minute response,"90-minute response for urgent call-outs across greater regions. | For this suburb, urgent call-outs follow 90-minute emergency response. | Urgent help for storm faults, water-affected fixtures and circuit tripping and overheating power points and unsafe outdoor power in Oxford Falls, with 90-minute emergency response. | Emergency call-outs in this region use 90-minute emergency response.",yes,yes,47,5,,,,,,
Northern Beaches,Northern Beaches,Palm Beach,2108,/service-areas/northern-beaches/northern-beaches/palm-beach/,yes,Electrician Palm Beach 2108 | Emergency & Level 2,"Need electrical help in Palm Beach 2108? Emergency faults, Level 2 ASP, switchboards, hot water, aircon, CCTV/data and general electrical work across.",Electrician Palm Beach 2108,2604,yes,yes,yes,yes,yes,yes,yes,yes,yes,yes,greater,within 90 minutes / 90-minute response,"90-minute response for urgent call-outs across greater regions. | For Palm Beach, emergency call-outs use 90-minute emergency response; call for unsafe faults, or send photos and details for planned work. | For this suburb, urgent call-outs follow 90-minute emergency response. | Urgent help for storm faults, water-affected fixtures and circuit tripping and overheating power points and unsafe outdoor power in Palm Beach, with 90-minute emergency response.",yes,yes,47,5,,,,,,
Northern Beaches,Northern Beaches,Queenscliff,2096,/service-areas/northern-beaches/northern-beaches/queenscliff/,yes,Electrician Queenscliff 2096 | Emergency & Level 2,"Need electrical help in Queenscliff 2096? Emergency faults, Level 2 ASP, switchboards, hot water, aircon, CCTV/data and general electrical work across.",Electrician Queenscliff 2096,2522,yes,yes,yes,yes,yes,yes,yes,yes,yes,yes,greater,within 90 minutes / 90-minute response,"90-minute response for urgent call-outs across greater regions. | For Queenscliff, emergency call-outs use 90-minute emergency response; call for unsafe faults, or send photos and details for planned work. | For this suburb, urgent call-outs follow 90-minute emergency response. | Urgent help for storm faults, water-affected fixtures and circuit tripping and overheating power points and unsafe outdoor power in Queenscliff, with 90-minute emergency response.",yes,yes,47,5,,,,,,
Northern Beaches,Northern Beaches,Scotland Island,2105,/service-areas/northern-beaches/northern-beaches/scotland-island/,yes,Electrician Scotland Island 2105 | Emergency & Level 2,"Need an electrician in Scotland Island? Evaready helps with emergency faults, Level 2 ASP work, switchboards, hot water, aircon, CCTV/data and general.",Electrician Scotland Island 2105,2601,yes,yes,yes,yes,yes,yes,yes,yes,yes,yes,greater,within 90 minutes / 90-minute response,"90-minute response for urgent call-outs across greater regions. | For this suburb, urgent call-outs follow 90-minute emergency response. | Evaready provides 90-minute emergency response for emergency call-outs in this region. | Urgent help for storm faults, water-affected fixtures and circuit tripping and overheating power points and unsafe outdoor power in Scotland Island, with 90-minute emergency response.",yes,yes,47,5,,,,,,
Northern Beaches,Northern Beaches,Seaforth,2092,/service-areas/northern-beaches/northern-beaches/seaforth/,yes,Electrician Seaforth 2092 | Emergency & Level 2,"Need electrical help in Seaforth 2092? Emergency faults, Level 2 ASP, switchboards, hot water, aircon, CCTV/data and general electrical work across.",Electrician Seaforth 2092,2499,yes,yes,yes,yes,yes,yes,yes,yes,yes,yes,greater,within 90 minutes / 90-minute response,"90-minute response for urgent call-outs across greater regions. | For this suburb, urgent call-outs follow 90-minute emergency response. | Evaready provides 90-minute emergency response for emergency call-outs in this region. | Urgent help for storm faults, water-affected fixtures and circuit tripping and overheating power points and unsafe outdoor power in Seaforth, with 90-minute emergency response.",yes,yes,47,5,,,,,,
Northern Beaches,Northern Beaches,Terrey Hills,2084,/service-areas/northern-beaches/northern-beaches/terrey-hills/,yes,Electrician Terrey Hills 2084 | Emergency & Level 2,"Need electrical help in Terrey Hills 2084? Emergency faults, Level 2 ASP, switchboards, hot water, aircon, CCTV/data and general electrical work.",Electrician Terrey Hills 2084,2614,yes,yes,yes,yes,yes,yes,yes,yes,yes,yes,greater,within 90 minutes / 90-minute response,"90-minute response for urgent call-outs across greater regions. | For this suburb, urgent call-outs follow 90-minute emergency response. | Urgent help for storm faults, water-affected fixtures and circuit tripping and overheating power points and unsafe outdoor power in Terrey Hills, with 90-minute emergency response. | Emergency call-outs in this region use 90-minute emergency response.",yes,yes,47,5,,,,,,
Northern Beaches,Northern Beaches,Warriewood,2102,/service-areas/northern-beaches/northern-beaches/warriewood/,yes,Electrician Warriewood 2102 | Emergency & Level 2,"Evaready helps Warriewood with urgent faults, Level 2 ASP work, switchboards, hot water electrical, aircon, CCTV/data and planned electrical work.",Electrician Warriewood 2102,2539,yes,yes,yes,yes,yes,yes,yes,yes,yes,yes,greater,within 90 minutes / 90-minute response,"90-minute response for urgent call-outs across greater regions. | For this suburb, urgent call-outs follow 90-minute emergency response. | Urgent help for storm faults, water-affected fixtures and circuit tripping and overheating power points and unsafe outdoor power in Warriewood, with 90-minute emergency response. | Emergency call-outs in this region use 90-minute emergency response.",yes,yes,47,5,,,,,,
Northern Beaches,Northern Beaches,Whale Beach,2107,/service-areas/northern-beaches/northern-beaches/whale-beach/,yes,Electrician Whale Beach 2107 | Emergency & Level 2,"Need an electrician in Whale Beach? Evaready helps with emergency faults, Level 2 ASP work, switchboards, hot water, aircon, CCTV/data and general.",Electrician Whale Beach 2107,2606,yes,yes,yes,yes,yes,yes,yes,yes,yes,yes,greater,within 90 minutes / 90-minute response,"90-minute response for urgent call-outs across greater regions. | For this suburb, urgent call-outs follow 90-minute emergency response. | Evaready provides 90-minute emergency response for emergency call-outs in this region. | Urgent help for storm faults, water-affected fixtures and circuit tripping and overheating power points and unsafe outdoor power in Whale Beach, with 90-minute emergency response.",yes,yes,47,5,,,,,,
Northern Beaches,Northern Beaches,Wheeler Heights,2097,/service-areas/northern-beaches/northern-beaches/wheeler-heights/,yes,Electrician Wheeler Heights 2097 | Emergency & Level 2,"Need an electrician in Wheeler Heights? Evaready helps with emergency faults, Level 2 ASP work, switchboards, hot water, aircon, CCTV/data and general.",Electrician Wheeler Heights 2097,2609,yes,yes,yes,yes,yes,yes,yes,yes,yes,yes,greater,within 90 minutes / 90-minute response,"90-minute response for urgent call-outs across greater regions. | For this suburb, urgent call-outs follow 90-minute emergency response. | Urgent help for storm faults, water-affected fixtures and circuit tripping and overheating power points and unsafe outdoor power in Wheeler Heights, with 90-minute emergency response. | Emergency call-outs in this region use 90-minute emergency response.",yes,yes,47,5,,,,,,
Blue Mountains,Blue Mountains,Berambing,2758,/service-areas/blue-mountains/blue-mountains/berambing/,yes,Electrician Berambing 2758 | Emergency & Level 2,"Evaready helps Berambing with urgent faults, Level 2 ASP work, switchboards, hot water electrical, aircon, CCTV/data and planned electrical work.",Electrician Berambing 2758,2520,yes,yes,yes,yes,yes,yes,yes,yes,yes,yes,greater,within 90 minutes / 90-minute response,"90-minute response for urgent call-outs across greater regions. | For this suburb, urgent call-outs follow 90-minute emergency response. | Urgent help for storm damage, power loss, tripping safety switches, unsafe outdoor circuits and fallen-line concerns in Berambing, with 90-minute emergency response. | Emergency call-outs in this region use 90-minute emergency response.",yes,yes,47,5,,,,,,
Blue Mountains,Blue Mountains,Blaxland,2774,/service-areas/blue-mountains/blue-mountains/blaxland/,yes,Electrician Blaxland 2774 | Emergency & Level 2,"Evaready helps Blaxland with urgent faults, Level 2 ASP work, switchboards, hot water electrical, aircon, CCTV/data and planned electrical work.",Electrician Blaxland 2774,2550,yes,yes,yes,yes,yes,yes,yes,yes,yes,yes,greater,within 90 minutes / 90-minute response,"90-minute response for urgent call-outs across greater regions. | For this suburb, urgent call-outs follow 90-minute emergency response. | Urgent help for storm damage, power loss, tripping safety switches, unsafe outdoor circuits and fallen-line concerns in Blaxland, with 90-minute emergency response. | Emergency call-outs in this region use 90-minute emergency response.",yes,yes,47,5,,,,,,
Blue Mountains,Blue Mountains,Bullaburra,2784,/service-areas/blue-mountains/blue-mountains/bullaburra/,yes,Electrician Bullaburra 2784 | Emergency & Level 2,"Need an electrician in Bullaburra? Evaready helps with emergency faults, Level 2 ASP work, switchboards, hot water, aircon, CCTV/data and general.",Electrician Bullaburra 2784,2561,yes,yes,yes,yes,yes,yes,yes,yes,yes,yes,greater,within 90 minutes / 90-minute response,"90-minute response for urgent call-outs across greater regions. | For this suburb, urgent call-outs follow 90-minute emergency response. | Evaready provides 90-minute emergency response for emergency call-outs in this region. | Urgent help for storm damage, power loss, tripping safety switches, unsafe outdoor circuits and fallen-line concerns in Bullaburra, with 90-minute emergency response.",yes,yes,47,5,,,,,,
Blue Mountains,Blue Mountains,Faulconbridge,2776,/service-areas/blue-mountains/blue-mountains/faulconbridge/,yes,Electrician Faulconbridge 2776 | Emergency & Level 2,"Need electrical help in Faulconbridge 2776? Emergency faults, Level 2 ASP, switchboards, hot water, aircon, CCTV/data and general electrical work.",Electrician Faulconbridge 2776,2517,yes,yes,yes,yes,yes,yes,yes,yes,yes,yes,greater,within 90 minutes / 90-minute response,"90-minute response for urgent call-outs across greater regions. | For this suburb, urgent call-outs follow 90-minute emergency response. | Evaready provides 90-minute emergency response for emergency call-outs in this region. | Urgent help for storm damage, power loss, tripping safety switches, unsafe outdoor circuits and fallen-line concerns in Faulconbridge, with 90-minute emergency response.",yes,yes,47,5,,,,,,
Blue Mountains,Blue Mountains,Glenbrook,2773,/service-areas/blue-mountains/blue-mountains/glenbrook/,yes,Electrician Glenbrook 2773 | Emergency & Level 2,"Need electrical help in Glenbrook 2773? Emergency faults, Level 2 ASP, switchboards, hot water, aircon, CCTV/data and general electrical work across.",Electrician Glenbrook 2773,2516,yes,yes,yes,yes,yes,yes,yes,yes,yes,yes,greater,within 90 minutes / 90-minute response,"90-minute response for urgent call-outs across greater regions. | For this suburb, urgent call-outs follow 90-minute emergency response. | Urgent help for storm damage, power loss, tripping safety switches, unsafe outdoor circuits and fallen-line concerns in Glenbrook, with 90-minute emergency response. | Emergency call-outs in this region use 90-minute emergency response.",yes,yes,47,5,,,,,,
Blue Mountains,Blue Mountains,Hawkesbury Heights,2777,/service-areas/blue-mountains/blue-mountains/hawkesbury-heights/,yes,Electrician Hawkesbury Heights 2777 | Emergency & Level 2,"Evaready helps Hawkesbury Heights with urgent faults, Level 2 ASP work, switchboards, hot water electrical, aircon, CCTV/data and planned electrical work.",Electrician Hawkesbury Heights 2777,2579,yes,yes,yes,yes,yes,yes,yes,yes,yes,yes,greater,within 90 minutes / 90-minute response,"90-minute response for urgent call-outs across greater regions. | For this suburb, urgent call-outs follow 90-minute emergency response. | Evaready provides 90-minute emergency response for emergency call-outs in this region. | Urgent help for storm damage, power loss, tripping safety switches, unsafe outdoor circuits and fallen-line concerns in Hawkesbury Heights, with 90-minute emergency response.",yes,yes,47,5,,,,,,
Blue Mountains,Blue Mountains,Hazelbrook,2779,/service-areas/blue-mountains/blue-mountains/hazelbrook/,yes,Electrician Hazelbrook 2779 | Emergency & Level 2,"Evaready helps Hazelbrook with urgent faults, Level 2 ASP work, switchboards, hot water electrical, aircon, CCTV/data and planned electrical work.",Electrician Hazelbrook 2779,2499,yes,yes,yes,yes,yes,yes,yes,yes,yes,yes,greater,within 90 minutes / 90-minute response,"90-minute response for urgent call-outs across greater regions. | For Hazelbrook, emergency call-outs use 90-minute emergency response; call for unsafe faults, or send photos and details for planned work. | For this suburb, urgent call-outs follow 90-minute emergency response. | Evaready provides 90-minute emergency response for emergency call-outs in this region.",yes,yes,47,5,,,,,,
Blue Mountains,Blue Mountains,Katoomba,2780,/service-areas/blue-mountains/blue-mountains/katoomba/,yes,Electrician Katoomba 2780 | Emergency & Level 2,"Need electrical help in Katoomba 2780? Evaready Electrical helps with storm-related faults, switchboards, outdoor circuits, smoke alarms, shed power.",Electrician Katoomba 2780,2486,yes,yes,yes,yes,yes,yes,yes,yes,yes,yes,greater,within 90 minutes / 90-minute response,"90-minute response for urgent call-outs across greater regions. | For this suburb, urgent call-outs follow 90-minute emergency response. | Urgent help for storm damage, power loss, tripping safety switches, unsafe outdoor circuits and fallen-line concerns in Katoomba, with 90-minute emergency response. | Emergency call-outs in this region use 90-minute emergency response.",yes,yes,47,5,,,,,,
Blue Mountains,Blue Mountains,Lapstone,2773,/service-areas/blue-mountains/blue-mountains/lapstone/,yes,Electrician Lapstone 2773 | Emergency & Level 2,"Need an electrician in Lapstone? Evaready helps with emergency faults, Level 2 ASP work, switchboards, hot water, aircon, CCTV/data and general.",Electrician Lapstone 2773,2523,yes,yes,yes,yes,yes,yes,yes,yes,yes,yes,greater,within 90 minutes / 90-minute response,"90-minute response for urgent call-outs across greater regions. | For this suburb, urgent call-outs follow 90-minute emergency response. | Evaready provides 90-minute emergency response for emergency call-outs in this region. | Urgent help for storm damage, power loss, tripping safety switches, unsafe outdoor circuits and fallen-line concerns in Lapstone, with 90-minute emergency response.",yes,yes,47,5,,,,,,
Blue Mountains,Blue Mountains,Lawson,2783,/service-areas/blue-mountains/blue-mountains/lawson/,yes,Electrician Lawson 2783 | Emergency & Level 2,"Need an electrician in Lawson? Evaready helps with emergency faults, Level 2 ASP work, switchboards, hot water, aircon, CCTV/data and general.",Electrician Lawson 2783,2511,yes,yes,yes,yes,yes,yes,yes,yes,yes,yes,greater,within 90 minutes / 90-minute response,"90-minute response for urgent call-outs across greater regions. | For this suburb, urgent call-outs follow 90-minute emergency response. | Evaready provides 90-minute emergency response for emergency call-outs in this region. | Urgent help for storm damage, power loss, tripping safety switches, unsafe outdoor circuits and fallen-line concerns in Lawson, with 90-minute emergency response.",yes,yes,47,5,,,,,,
Blue Mountains,Blue Mountains,Leura,2780,/service-areas/blue-mountains/blue-mountains/leura/,yes,Electrician Leura 2780 | Emergency & Level 2,"Need an electrician in Leura? Evaready helps with emergency faults, Level 2 ASP work, switchboards, hot water, aircon, CCTV/data and general.",Electrician Leura 2780,2545,yes,yes,yes,yes,yes,yes,yes,yes,yes,yes,greater,within 90 minutes / 90-minute response,"90-minute response for urgent call-outs across greater regions. | For this suburb, urgent call-outs follow 90-minute emergency response. | Urgent help for storm damage, power loss, tripping safety switches, unsafe outdoor circuits and fallen-line concerns in Leura, with 90-minute emergency response. | Emergency call-outs in this region use 90-minute emergency response.",yes,yes,47,5,,,,,,
Blue Mountains,Blue Mountains,Linden,2778,/service-areas/blue-mountains/blue-mountains/linden/,yes,Electrician Linden 2778 | Emergency & Level 2,"Need electrical help in Linden 2778? Emergency faults, Level 2 ASP, switchboards, hot water, aircon, CCTV/data and general electrical work across Blue.",Electrician Linden 2778,2539,yes,yes,yes,yes,yes,yes,yes,yes,yes,yes,greater,within 90 minutes / 90-minute response,"90-minute response for urgent call-outs across greater regions. | For this suburb, urgent call-outs follow 90-minute emergency response. | Urgent help for storm damage, power loss, tripping safety switches, unsafe outdoor circuits and fallen-line concerns in Linden, with 90-minute emergency response. | Emergency call-outs in this region use 90-minute emergency response.",yes,yes,47,5,,,,,,
Blue Mountains,Blue Mountains,Mount Riverview,2774,/service-areas/blue-mountains/blue-mountains/mount-riverview/,yes,Electrician Mount Riverview 2774 | Emergency & Level 2,"Evaready helps Mount Riverview with urgent faults, Level 2 ASP work, switchboards, hot water electrical, aircon, CCTV/data and planned electrical work.",Electrician Mount Riverview 2774,2601,yes,yes,yes,yes,yes,yes,yes,yes,yes,yes,greater,within 90 minutes / 90-minute response,"90-minute response for urgent call-outs across greater regions. | For this suburb, urgent call-outs follow 90-minute emergency response. | Urgent help for storm damage, power loss, tripping safety switches, unsafe outdoor circuits and fallen-line concerns in Mount Riverview, with 90-minute emergency response. | Emergency call-outs in this region use 90-minute emergency response.",yes,yes,47,5,,,,,,
Blue Mountains,Blue Mountains,Springwood,2777,/service-areas/blue-mountains/blue-mountains/springwood/,yes,Electrician Springwood 2777 | Emergency & Level 2,"Need an electrician in Springwood? Evaready Electrical helps with storm-related faults, outdoor circuits, switchboards, shed power, smoke alarms.",Electrician Springwood 2777,2463,yes,yes,yes,yes,yes,yes,yes,yes,yes,yes,greater,within 90 minutes / 90-minute response,"90-minute response for urgent call-outs across greater regions. | For this suburb, urgent call-outs follow 90-minute emergency response. | Urgent help for storm damage, power loss, tripping safety switches, unsafe outdoor circuits and fallen-line concerns in Springwood, with 90-minute emergency response. | Emergency call-outs in this region use 90-minute emergency response.",yes,yes,47,5,,,,,,
Blue Mountains,Blue Mountains,Sun Valley,2777,/service-areas/blue-mountains/blue-mountains/sun-valley/,yes,Electrician Sun Valley 2777 | Emergency & Level 2,"Need electrical help in Sun Valley 2777? Emergency faults, Level 2 ASP, switchboards, hot water, aircon, CCTV/data and general electrical work across.",Electrician Sun Valley 2777,2612,yes,yes,yes,yes,yes,yes,yes,yes,yes,yes,greater,within 90 minutes / 90-minute response,"90-minute response for urgent call-outs across greater regions. | For this suburb, urgent call-outs follow 90-minute emergency response. | Evaready provides 90-minute emergency response for emergency call-outs in this region. | Urgent help for storm damage, power loss, tripping safety switches, unsafe outdoor circuits and fallen-line concerns in Sun Valley, with 90-minute emergency response.",yes,yes,47,5,,,,,,
Blue Mountains,Blue Mountains,Valley Heights,2777,/service-areas/blue-mountains/blue-mountains/valley-heights/,yes,Electrician Valley Heights 2777 | Emergency & Level 2,"Need an electrician in Valley Heights? Evaready helps with emergency faults, Level 2 ASP work, switchboards, hot water, aircon, CCTV/data and general.",Electrician Valley Heights 2777,2598,yes,yes,yes,yes,yes,yes,yes,yes,yes,yes,greater,within 90 minutes / 90-minute response,"90-minute response for urgent call-outs across greater regions. | For this suburb, urgent call-outs follow 90-minute emergency response. | Evaready provides 90-minute emergency response for emergency call-outs in this region. | Urgent help for storm damage, power loss, tripping safety switches, unsafe outdoor circuits and fallen-line concerns in Valley Heights, with 90-minute emergency response.",yes,yes,47,5,,,,,,
Blue Mountains,Blue Mountains,Warrimoo,2774,/service-areas/blue-mountains/blue-mountains/warrimoo/,yes,Electrician Warrimoo 2774 | Emergency & Level 2,"Need electrical help in Warrimoo 2774? Emergency faults, Level 2 ASP, switchboards, hot water, aircon, CCTV/data and general electrical work across.",Electrician Warrimoo 2774,2520,yes,yes,yes,yes,yes,yes,yes,yes,yes,yes,greater,within 90 minutes / 90-minute response,"90-minute response for urgent call-outs across greater regions. | For this suburb, urgent call-outs follow 90-minute emergency response. | Evaready provides 90-minute emergency response for emergency call-outs in this region. | Urgent help for storm damage, power loss, tripping safety switches, unsafe outdoor circuits and fallen-line concerns in Warrimoo, with 90-minute emergency response.",yes,yes,47,5,,,,,,
Blue Mountains,Blue Mountains,Wentworth Falls,2782,/service-areas/blue-mountains/blue-mountains/wentworth-falls/,yes,Electrician Wentworth Falls 2782 | Emergency & Level 2,"Need electrical help in Wentworth Falls 2782? Emergency faults, Level 2 ASP, switchboards, hot water, aircon, CCTV/data and general electrical work.",Electrician Wentworth Falls 2782,2616,yes,yes,yes,yes,yes,yes,yes,yes,yes,yes,greater,within 90 minutes / 90-minute response,"90-minute response for urgent call-outs across greater regions. | For this suburb, urgent call-outs follow 90-minute emergency response. | Urgent help for storm damage, power loss, tripping safety switches, unsafe outdoor circuits and fallen-line concerns in Wentworth Falls, with 90-minute emergency response. | Emergency call-outs in this region use 90-minute emergency response.",yes,yes,47,5,,,,,,
Blue Mountains,Blue Mountains,Winmalee,2777,/service-areas/blue-mountains/blue-mountains/winmalee/,yes,Electrician Winmalee 2777 | Emergency & Level 2,"Need an electrician in Winmalee? Evaready helps with emergency faults, Level 2 ASP work, switchboards, hot water, aircon, CCTV/data and general.",Electrician Winmalee 2777,2534,yes,yes,yes,yes,yes,yes,yes,yes,yes,yes,greater,within 90 minutes / 90-minute response,"90-minute response for urgent call-outs across greater regions. | For this suburb, urgent call-outs follow 90-minute emergency response. | Urgent help for storm damage, power loss, tripping safety switches, unsafe outdoor circuits and fallen-line concerns in Winmalee, with 90-minute emergency response. | Emergency call-outs in this region use 90-minute emergency response.",yes,yes,47,5,,,,,,
Blue Mountains,Blue Mountains,Woodford,2778,/service-areas/blue-mountains/blue-mountains/woodford/,yes,Electrician Woodford 2778 | Emergency & Level 2,"Need an electrician in Woodford? Evaready helps with emergency faults, Level 2 ASP work, switchboards, hot water, aircon, CCTV/data and general.",Electrician Woodford 2778,2514,yes,yes,yes,yes,yes,yes,yes,yes,yes,yes,greater,within 90 minutes / 90-minute response,"90-minute response for urgent call-outs across greater regions. | For this suburb, urgent call-outs follow 90-minute emergency response. | Urgent help for storm damage, power loss, tripping safety switches, unsafe outdoor circuits and fallen-line concerns in Woodford, with 90-minute emergency response. | Emergency call-outs in this region use 90-minute emergency response.",yes,yes,47,5,,,,,,
Blue Mountains,Blue Mountains,Yellow Rock,2777,/service-areas/blue-mountains/blue-mountains/yellow-rock/,yes,Electrician Yellow Rock 2777 | Emergency & Level 2,"Need electrical help in Yellow Rock 2777? Emergency faults, Level 2 ASP, switchboards, hot water, aircon, CCTV/data and general electrical work across.",Electrician Yellow Rock 2777,2627,yes,yes,yes,yes,yes,yes,yes,yes,yes,yes,greater,within 90 minutes / 90-minute response,"90-minute response for urgent call-outs across greater regions. | For this suburb, urgent call-outs follow 90-minute emergency response. | Evaready provides 90-minute emergency response for emergency call-outs in this region. | Urgent help for storm damage, power loss, tripping safety switches, unsafe outdoor circuits and fallen-line concerns in Yellow Rock, with 90-minute emergency response.",yes,yes,47,5,,,,,,
Wollongong & Illawarra,Minnamurra & Kiama Downs,Bombo,2533,/service-areas/wollongong-and-illawarra/minnamurra-and-kiama-downs/bombo/,yes,Electrician Bombo 2533 | Emergency & Level 2,"Need an electrician in Bombo? Evaready helps with emergency faults, Level 2 ASP work, switchboards, hot water, aircon, CCTV/data and general.",Electrician Bombo 2533,2497,yes,yes,yes,yes,yes,yes,yes,yes,yes,yes,greater,within 90 minutes / 90-minute response,"90-minute response for urgent call-outs across greater regions. | For Bombo, emergency call-outs use 90-minute emergency response; call for unsafe faults, or send photos and details for planned work. | For this suburb, urgent call-outs follow 90-minute emergency response. | Urgent help for coastal storm faults, power loss and circuit tripping, hot isolators and water-affected fixtures in Bombo, with 90-minute emergency response.",yes,yes,47,5,,,,,,
Wollongong & Illawarra,Minnamurra & Kiama Downs,Croom,2527,/service-areas/wollongong-and-illawarra/minnamurra-and-kiama-downs/croom/,yes,Electrician Croom 2527 | Emergency & Level 2,"Need an electrician in Croom? Evaready helps with emergency faults, Level 2 ASP work, switchboards, hot water, aircon, CCTV/data and general.",Electrician Croom 2527,2537,yes,yes,yes,yes,yes,yes,yes,yes,yes,yes,greater,within 90 minutes / 90-minute response,"90-minute response for urgent call-outs across greater regions. | For this suburb, urgent call-outs follow 90-minute emergency response. | Urgent help for coastal storm faults, power loss and circuit tripping, hot isolators and water-affected fixtures in Croom, with 90-minute emergency response. | Emergency call-outs in this region use 90-minute emergency response.",yes,yes,47,5,,,,,,
Wollongong & Illawarra,Minnamurra & Kiama Downs,Kiama Downs,2533,/service-areas/wollongong-and-illawarra/minnamurra-and-kiama-downs/kiama-downs/,yes,Electrician Kiama Downs 2533 | Emergency & Level 2,"Need electrical help in Kiama Downs 2533? Emergency faults, Level 2 ASP, switchboards, hot water, aircon, CCTV/data and general electrical work across.",Electrician Kiama Downs 2533,2607,yes,yes,yes,yes,yes,yes,yes,yes,yes,yes,greater,within 90 minutes / 90-minute response,"90-minute response for urgent call-outs across greater regions. | For Kiama Downs, emergency call-outs use 90-minute emergency response; call for unsafe faults, or send photos and details for planned work. | For this suburb, urgent call-outs follow 90-minute emergency response. | Evaready provides 90-minute emergency response for emergency call-outs in this region.",yes,yes,47,5,,,,,,
Wollongong & Illawarra,Minnamurra & Kiama Downs,Minnamurra,2533,/service-areas/wollongong-and-illawarra/minnamurra-and-kiama-downs/minnamurra/,yes,Electrician Minnamurra 2533 | Emergency & Level 2,"Need electrical help in Minnamurra 2533? Emergency faults, Level 2 ASP, switchboards, hot water, aircon, CCTV/data and general electrical work across.",Electrician Minnamurra 2533,2509,yes,yes,yes,yes,yes,yes,yes,yes,yes,yes,greater,within 90 minutes / 90-minute response,"90-minute response for urgent call-outs across greater regions. | For this suburb, urgent call-outs follow 90-minute emergency response. | Urgent help for coastal storm faults, power loss and circuit tripping, hot isolators and water-affected fixtures in Minnamurra, with 90-minute emergency response. | Emergency call-outs in this region use 90-minute emergency response.",yes,yes,47,5,,,,,,
Wollongong & Illawarra,Shellharbour,Albion Park,2527,/service-areas/wollongong-and-illawarra/shellharbour/albion-park/,yes,Electrician Albion Park 2527 | Emergency & Level 2,"Need electrical help in Albion Park 2527? Emergency faults, Level 2 ASP, switchboards, hot water, aircon, CCTV/data and general electrical work across.",Electrician Albion Park 2527,2575,yes,yes,yes,yes,yes,yes,yes,yes,yes,yes,greater,within 90 minutes / 90-minute response,"90-minute response for urgent call-outs across greater regions. | For this suburb, urgent call-outs follow 90-minute emergency response. | Urgent help for coastal storm faults, power loss and circuit tripping, hot isolators and water-affected fixtures in Albion Park, with 90-minute emergency response. | Emergency call-outs in this region use 90-minute emergency response.",yes,yes,47,5,,,,,,
Wollongong & Illawarra,Shellharbour,Albion Park Rail,2527,/service-areas/wollongong-and-illawarra/shellharbour/albion-park-rail/,yes,Electrician Albion Park Rail 2527 | Emergency & Level 2,"Need electrical help in Albion Park Rail 2527? Emergency faults, Level 2 ASP, switchboards, hot water, aircon, CCTV/data and general electrical work.",Electrician Albion Park Rail 2527,2688,yes,yes,yes,yes,yes,yes,yes,yes,yes,yes,greater,within 90 minutes / 90-minute response,"90-minute response for urgent call-outs across greater regions. | For this suburb, urgent call-outs follow 90-minute emergency response. | Urgent help for coastal storm faults, power loss and circuit tripping, hot isolators and water-affected fixtures in Albion Park Rail, with 90-minute emergency response. | Emergency call-outs in this region use 90-minute emergency response.",yes,yes,47,5,,,,,,
Wollongong & Illawarra,Shellharbour,Barrack Heights,2528,/service-areas/wollongong-and-illawarra/shellharbour/barrack-heights/,yes,Electrician Barrack Heights 2528 | Emergency & Level 2,"Need electrical help in Barrack Heights 2528? Emergency faults, Level 2 ASP, switchboards, hot water, aircon, CCTV/data and general electrical work.",Electrician Barrack Heights 2528,2605,yes,yes,yes,yes,yes,yes,yes,yes,yes,yes,greater,within 90 minutes / 90-minute response,"90-minute response for urgent call-outs across greater regions. | For this suburb, urgent call-outs follow 90-minute emergency response. | Urgent help for coastal storm faults, power loss and circuit tripping, hot isolators and water-affected fixtures in Barrack Heights, with 90-minute emergency response. | Emergency call-outs in this region use 90-minute emergency response.",yes,yes,47,5,,,,,,
Wollongong & Illawarra,Shellharbour,Barrack Point,2528,/service-areas/wollongong-and-illawarra/shellharbour/barrack-point/,yes,Electrician Barrack Point 2528 | Emergency & Level 2,"Need electrical help in Barrack Point 2528? Emergency faults, Level 2 ASP, switchboards, hot water, aircon, CCTV/data and general electrical work.",Electrician Barrack Point 2528,2585,yes,yes,yes,yes,yes,yes,yes,yes,yes,yes,greater,within 90 minutes / 90-minute response,"90-minute response for urgent call-outs across greater regions. | For Barrack Point, emergency call-outs use 90-minute emergency response; call for unsafe faults, or send photos and details for planned work. | For this suburb, urgent call-outs follow 90-minute emergency response. | Evaready provides 90-minute emergency response for emergency call-outs in this region.",yes,yes,47,5,,,,,,
Wollongong & Illawarra,Shellharbour,Blackbutt,2529,/service-areas/wollongong-and-illawarra/shellharbour/blackbutt/,yes,Electrician Blackbutt 2529 | Emergency & Level 2,"Need electrical help in Blackbutt 2529? Emergency faults, Level 2 ASP, switchboards, hot water, aircon, CCTV/data and general electrical work across.",Electrician Blackbutt 2529,2494,yes,yes,yes,yes,yes,yes,yes,yes,yes,yes,greater,within 90 minutes / 90-minute response,"90-minute response for urgent call-outs across greater regions. | For this suburb, urgent call-outs follow 90-minute emergency response. | Evaready provides 90-minute emergency response for emergency call-outs in this region. | Urgent help for coastal storm faults, power loss and circuit tripping, hot isolators and water-affected fixtures in Blackbutt, with 90-minute emergency response.",yes,yes,47,5,,,,,,
Wollongong & Illawarra,Shellharbour,Calderwood,2527,/service-areas/wollongong-and-illawarra/shellharbour/calderwood/,yes,Electrician Calderwood 2527 | Emergency & Level 2,"Need an electrician in Calderwood? Evaready helps with emergency faults, Level 2 ASP work, switchboards, hot water, aircon, CCTV/data and general.",Electrician Calderwood 2527,2510,yes,yes,yes,yes,yes,yes,yes,yes,yes,yes,greater,within 90 minutes / 90-minute response,"90-minute response for urgent call-outs across greater regions. | For Calderwood, emergency call-outs use 90-minute emergency response; call for unsafe faults, or send photos and details for planned work. | For this suburb, urgent call-outs follow 90-minute emergency response. | Urgent help for coastal storm faults, power loss and circuit tripping, hot isolators and water-affected fixtures in Calderwood, with 90-minute emergency response.",yes,yes,47,5,,,,,,
Wollongong & Illawarra,Shellharbour,Dunmore,2529,/service-areas/wollongong-and-illawarra/shellharbour/dunmore/,yes,Electrician Dunmore 2529 | Emergency & Level 2,"Evaready helps Dunmore with urgent faults, Level 2 ASP work, switchboards, hot water electrical, aircon, CCTV/data and planned electrical work.",Electrician Dunmore 2529,2510,yes,yes,yes,yes,yes,yes,yes,yes,yes,yes,greater,within 90 minutes / 90-minute response,"90-minute response for urgent call-outs across greater regions. | For this suburb, urgent call-outs follow 90-minute emergency response. | Urgent help for coastal storm faults, power loss and circuit tripping, hot isolators and water-affected fixtures in Dunmore, with 90-minute emergency response. | Emergency call-outs in this region use 90-minute emergency response.",yes,yes,47,5,,,,,,
Wollongong & Illawarra,Shellharbour,Flinders,2529,/service-areas/wollongong-and-illawarra/shellharbour/flinders/,yes,Electrician Flinders 2529 | Emergency & Level 2,"Need an electrician in Flinders? Evaready helps with emergency faults, Level 2 ASP work, switchboards, hot water, aircon, CCTV/data and general.",Electrician Flinders 2529,2531,yes,yes,yes,yes,yes,yes,yes,yes,yes,yes,greater,within 90 minutes / 90-minute response,"90-minute response for urgent call-outs across greater regions. | For this suburb, urgent call-outs follow 90-minute emergency response. | Urgent help for coastal storm faults, power loss and circuit tripping, hot isolators and water-affected fixtures in Flinders, with 90-minute emergency response. | Emergency call-outs in this region use 90-minute emergency response.",yes,yes,47,5,,,,,,
Wollongong & Illawarra,Shellharbour,Lake Illawarra,2528,/service-areas/wollongong-and-illawarra/shellharbour/lake-illawarra/,yes,Electrician Lake Illawarra 2528 | Emergency & Level 2,"Evaready helps Lake Illawarra with urgent faults, Level 2 ASP work, switchboards, hot water electrical, aircon, CCTV/data and planned electrical work.",Electrician Lake Illawarra 2528,2590,yes,yes,yes,yes,yes,yes,yes,yes,yes,yes,greater,within 90 minutes / 90-minute response,"90-minute response for urgent call-outs across greater regions. | For this suburb, urgent call-outs follow 90-minute emergency response. | Urgent help for coastal storm faults, power loss and circuit tripping, hot isolators and water-affected fixtures in Lake Illawarra, with 90-minute emergency response. | Emergency call-outs in this region use 90-minute emergency response.",yes,yes,47,5,,,,,,
Wollongong & Illawarra,Shellharbour,Mount Warrigal,2528,/service-areas/wollongong-and-illawarra/shellharbour/mount-warrigal/,yes,Electrician Mount Warrigal 2528 | Emergency & Level 2,"Need electrical help in Mount Warrigal 2528? Emergency faults, Level 2 ASP, switchboards, hot water, aircon, CCTV/data and general electrical work.",Electrician Mount Warrigal 2528,2619,yes,yes,yes,yes,yes,yes,yes,yes,yes,yes,greater,within 90 minutes / 90-minute response,"90-minute response for urgent call-outs across greater regions. | For this suburb, urgent call-outs follow 90-minute emergency response. | Evaready provides 90-minute emergency response for emergency call-outs in this region. | Urgent help for coastal storm faults, power loss and circuit tripping, hot isolators and water-affected fixtures in Mount Warrigal, with 90-minute emergency response.",yes,yes,47,5,,,,,,
Wollongong & Illawarra,Shellharbour,North Macquarie,2527,/service-areas/wollongong-and-illawarra/shellharbour/north-macquarie/,yes,Electrician North Macquarie 2527 | Emergency & Level 2,"Need an electrician in North Macquarie? Evaready helps with emergency faults, Level 2 ASP work, switchboards, hot water, aircon, CCTV/data and general.",Electrician North Macquarie 2527,2604,yes,yes,yes,yes,yes,yes,yes,yes,yes,yes,greater,within 90 minutes / 90-minute response,"90-minute response for urgent call-outs across greater regions. | For this suburb, urgent call-outs follow 90-minute emergency response. | Urgent help for coastal storm faults, power loss and circuit tripping, hot isolators and water-affected fixtures in North Macquarie, with 90-minute emergency response. | Emergency call-outs in this region use 90-minute emergency response.",yes,yes,47,5,,,,,,
Wollongong & Illawarra,Shellharbour,Oak Flats,2529,/service-areas/wollongong-and-illawarra/shellharbour/oak-flats/,yes,Electrician Oak Flats 2529 | Emergency & Level 2,"Evaready helps Oak Flats with urgent faults, Level 2 ASP work, switchboards, hot water electrical, aircon, CCTV/data and planned electrical work.",Electrician Oak Flats 2529,2607,yes,yes,yes,yes,yes,yes,yes,yes,yes,yes,greater,within 90 minutes / 90-minute response,"90-minute response for urgent call-outs across greater regions. | For Oak Flats, emergency call-outs use 90-minute emergency response; call for unsafe faults, or send photos and details for planned work. | For this suburb, urgent call-outs follow 90-minute emergency response. | Evaready provides 90-minute emergency response for emergency call-outs in this region.",yes,yes,47,5,,,,,,
Wollongong & Illawarra,Shellharbour,Shell Cove,2529,/service-areas/wollongong-and-illawarra/shellharbour/shell-cove/,yes,Electrician Shell Cove 2529 | Emergency & Level 2,"Need electrical help in Shell Cove 2529? Emergency faults, Level 2 ASP, switchboards, hot water, aircon, CCTV/data and general electrical work across.",Electrician Shell Cove 2529,2583,yes,yes,yes,yes,yes,yes,yes,yes,yes,yes,greater,within 90 minutes / 90-minute response,"90-minute response for urgent call-outs across greater regions. | For this suburb, urgent call-outs follow 90-minute emergency response. | Urgent help for coastal storm faults, power loss and circuit tripping, hot isolators and water-affected fixtures in Shell Cove, with 90-minute emergency response. | Emergency call-outs in this region use 90-minute emergency response.",yes,yes,47,5,,,,,,
Wollongong & Illawarra,Shellharbour,Shellharbour,2529,/service-areas/wollongong-and-illawarra/shellharbour/shellharbour/,yes,Electrician Shellharbour 2529 | Emergency & Level 2,"Need an electrician in Shellharbour? Evaready helps with emergency faults, Level 2 ASP work, switchboards, hot water, aircon, CCTV/data and general.",Electrician Shellharbour 2529,2527,yes,yes,yes,yes,yes,yes,yes,yes,yes,yes,greater,within 90 minutes / 90-minute response,"90-minute response for urgent call-outs across greater regions. | For this suburb, urgent call-outs follow 90-minute emergency response. | Urgent help for coastal storm faults, power loss and circuit tripping, hot isolators and water-affected fixtures in Shellharbour, with 90-minute emergency response. | Emergency call-outs in this region use 90-minute emergency response.",yes,yes,47,5,,,,,,
Wollongong & Illawarra,Shellharbour,Shellharbour City Centre,2529,/service-areas/wollongong-and-illawarra/shellharbour/shellharbour-city-centre/,yes,Electrician Shellharbour City Centre 2529 | Emergency & Level 2,"Need an electrician in Shellharbour City Centre? Evaready helps with emergency faults, Level 2 ASP work, switchboards, hot water, aircon, CCTV/data.",Electrician Shellharbour City Centre 2529,2691,yes,yes,yes,yes,yes,yes,yes,yes,yes,yes,greater,within 90 minutes / 90-minute response,"90-minute response for urgent call-outs across greater regions. | For this suburb, urgent call-outs follow 90-minute emergency response. | Urgent help for coastal storm faults, power loss and circuit tripping, hot isolators and water-affected fixtures in Shellharbour City Centre, with 90-minute emergency response. | Emergency call-outs in this region use 90-minute emergency response.",yes,yes,47,5,,,,,,
Wollongong & Illawarra,Shellharbour,Tullimbar,2527,/service-areas/wollongong-and-illawarra/shellharbour/tullimbar/,yes,Electrician Tullimbar 2527 | Emergency & Level 2,"Need electrical help in Tullimbar 2527? Emergency faults, Level 2 ASP, switchboards, hot water, aircon, CCTV/data and general electrical work across.",Electrician Tullimbar 2527,2512,yes,yes,yes,yes,yes,yes,yes,yes,yes,yes,greater,within 90 minutes / 90-minute response,"90-minute response for urgent call-outs across greater regions. | For this suburb, urgent call-outs follow 90-minute emergency response. | Evaready provides 90-minute emergency response for emergency call-outs in this region. | Urgent help for coastal storm faults, power loss and circuit tripping, hot isolators and water-affected fixtures in Tullimbar, with 90-minute emergency response.",yes,yes,47,5,,,,,,
Wollongong & Illawarra,Shellharbour,Warilla,2528,/service-areas/wollongong-and-illawarra/shellharbour/warilla/,yes,Electrician Warilla 2528 | Emergency & Level 2,"Need electrical help in Warilla 2528? Emergency faults, Level 2 ASP, switchboards, hot water, aircon, CCTV/data and general electrical work across.",Electrician Warilla 2528,2495,yes,yes,yes,yes,yes,yes,yes,yes,yes,yes,greater,within 90 minutes / 90-minute response,"90-minute response for urgent call-outs across greater regions. | For Warilla, emergency call-outs use 90-minute emergency response; call for unsafe faults, or send photos and details for planned work. | For this suburb, urgent call-outs follow 90-minute emergency response. | Urgent help for coastal storm faults, power loss and circuit tripping, hot isolators and water-affected fixtures in Warilla, with 90-minute emergency response.",yes,yes,47,5,,,,,,
Wollongong & Illawarra,Wollongong,Austinmer,2515,/service-areas/wollongong-and-illawarra/wollongong/austinmer/,yes,Electrician Austinmer 2515 | Emergency & Level 2,"Need an electrician in Austinmer? Evaready helps with emergency faults, Level 2 ASP work, switchboards, hot water, aircon, CCTV/data and general.",Electrician Austinmer 2515,2549,yes,yes,yes,yes,yes,yes,yes,yes,yes,yes,greater,within 90 minutes / 90-minute response,"90-minute response for urgent call-outs across greater regions. | For this suburb, urgent call-outs follow 90-minute emergency response. | Urgent help for coastal storm faults, power loss and circuit tripping, hot isolators and water-affected fixtures in Austinmer, with 90-minute emergency response. | Emergency call-outs in this region use 90-minute emergency response.",yes,yes,47,5,,,,,,
Wollongong & Illawarra,Wollongong,Avondale,2530,/service-areas/wollongong-and-illawarra/wollongong/avondale/,yes,Electrician Avondale 2530 | Emergency & Level 2,"Need an electrician in Avondale? Evaready helps with emergency faults, Level 2 ASP work, switchboards, hot water, aircon, CCTV/data and general.",Electrician Avondale 2530,2518,yes,yes,yes,yes,yes,yes,yes,yes,yes,yes,greater,within 90 minutes / 90-minute response,"90-minute response for urgent call-outs across greater regions. | For this suburb, urgent call-outs follow 90-minute emergency response. | Urgent help for coastal storm faults, power loss and circuit tripping, hot isolators and water-affected fixtures in Avondale, with 90-minute emergency response. | Emergency call-outs in this region use 90-minute emergency response.",yes,yes,47,5,,,,,,
Wollongong & Illawarra,Wollongong,Balgownie,2519,/service-areas/wollongong-and-illawarra/wollongong/balgownie/,yes,Electrician Balgownie 2519 | Emergency & Level 2,"Evaready helps Balgownie with urgent faults, Level 2 ASP work, switchboards, hot water electrical, aircon, CCTV/data and planned electrical work.",Electrician Balgownie 2519,2506,yes,yes,yes,yes,yes,yes,yes,yes,yes,yes,greater,within 90 minutes / 90-minute response,"90-minute response for urgent call-outs across greater regions. | For this suburb, urgent call-outs follow 90-minute emergency response. | Urgent help for coastal storm faults, power loss and circuit tripping, hot isolators and water-affected fixtures in Balgownie, with 90-minute emergency response. | Emergency call-outs in this region use 90-minute emergency response.",yes,yes,47,5,,,,,,
Wollongong & Illawarra,Wollongong,Bellambi,2518,/service-areas/wollongong-and-illawarra/wollongong/bellambi/,yes,Electrician Bellambi 2518 | Emergency & Level 2,"Need an electrician in Bellambi? Evaready helps with emergency faults, Level 2 ASP work, switchboards, hot water, aircon, CCTV/data and general.",Electrician Bellambi 2518,2514,yes,yes,yes,yes,yes,yes,yes,yes,yes,yes,greater,within 90 minutes / 90-minute response,"90-minute response for urgent call-outs across greater regions. | For this suburb, urgent call-outs follow 90-minute emergency response. | Urgent help for coastal storm faults, power loss and circuit tripping, hot isolators and water-affected fixtures in Bellambi, with 90-minute emergency response. | Emergency call-outs in this region use 90-minute emergency response.",yes,yes,47,5,,,,,,
Wollongong & Illawarra,Wollongong,Berkeley,2506,/service-areas/wollongong-and-illawarra/wollongong/berkeley/,yes,Electrician Berkeley 2506 | Emergency & Level 2,"Need electrical help in Berkeley 2506? Emergency faults, Level 2 ASP, switchboards, hot water, aircon, CCTV/data and general electrical work across.",Electrician Berkeley 2506,2510,yes,yes,yes,yes,yes,yes,yes,yes,yes,yes,greater,within 90 minutes / 90-minute response,"90-minute response for urgent call-outs across greater regions. | For Berkeley, emergency call-outs use 90-minute emergency response; call for unsafe faults, or send photos and details for planned work. | For this suburb, urgent call-outs follow 90-minute emergency response. | Evaready provides 90-minute emergency response for emergency call-outs in this region.",yes,yes,47,5,,,,,,
Wollongong & Illawarra,Wollongong,Brownsville,2530,/service-areas/wollongong-and-illawarra/wollongong/brownsville/,yes,Electrician Brownsville 2530 | Emergency & Level 2,"Evaready helps Brownsville with urgent faults, Level 2 ASP work, switchboards, hot water electrical, aircon, CCTV/data and planned electrical work.",Electrician Brownsville 2530,2514,yes,yes,yes,yes,yes,yes,yes,yes,yes,yes,greater,within 90 minutes / 90-minute response,"90-minute response for urgent call-outs across greater regions. | For Brownsville, emergency call-outs use 90-minute emergency response; call for unsafe faults, or send photos and details for planned work. | For this suburb, urgent call-outs follow 90-minute emergency response. | Urgent help for coastal storm faults, power loss and circuit tripping, hot isolators and water-affected fixtures in Brownsville, with 90-minute emergency response.",yes,yes,47,5,,,,,,
Wollongong & Illawarra,Wollongong,Bulli,2516,/service-areas/wollongong-and-illawarra/wollongong/bulli/,yes,Electrician Bulli 2516 | Emergency & Level 2,"Need electrical help in Bulli 2516? Emergency faults, Level 2 ASP, switchboards, hot water, aircon, CCTV/data and general electrical work across.",Electrician Bulli 2516,2507,yes,yes,yes,yes,yes,yes,yes,yes,yes,yes,greater,within 90 minutes / 90-minute response,"90-minute response for urgent call-outs across greater regions. | For this suburb, urgent call-outs follow 90-minute emergency response. | Urgent help for coastal storm faults, power loss and circuit tripping, hot isolators and water-affected fixtures in Bulli, with 90-minute emergency response. | Emergency call-outs in this region use 90-minute emergency response.",yes,yes,47,5,,,,,,
Wollongong & Illawarra,Wollongong,Cleveland,2530,/service-areas/wollongong-and-illawarra/wollongong/cleveland/,yes,Electrician Cleveland 2530 | Emergency & Level 2,"Need an electrician in Cleveland? Evaready helps with emergency faults, Level 2 ASP work, switchboards, hot water, aircon, CCTV/data and general.",Electrician Cleveland 2530,2524,yes,yes,yes,yes,yes,yes,yes,yes,yes,yes,greater,within 90 minutes / 90-minute response,"90-minute response for urgent call-outs across greater regions. | For this suburb, urgent call-outs follow 90-minute emergency response. | Urgent help for coastal storm faults, power loss and circuit tripping, hot isolators and water-affected fixtures in Cleveland, with 90-minute emergency response. | Emergency call-outs in this region use 90-minute emergency response.",yes,yes,47,5,,,,,,
Wollongong & Illawarra,Wollongong,Clifton,2515,/service-areas/wollongong-and-illawarra/wollongong/clifton/,yes,Electrician Clifton 2515 | Emergency & Level 2,"Need electrical help in Clifton 2515? Emergency faults, Level 2 ASP, switchboards, hot water, aircon, CCTV/data and general electrical work across.",Electrician Clifton 2515,2518,yes,yes,yes,yes,yes,yes,yes,yes,yes,yes,greater,within 90 minutes / 90-minute response,"90-minute response for urgent call-outs across greater regions. | For Clifton, emergency call-outs use 90-minute emergency response; call for unsafe faults, or send photos and details for planned work. | For this suburb, urgent call-outs follow 90-minute emergency response. | Urgent help for coastal storm faults, power loss and circuit tripping, hot isolators and water-affected fixtures in Clifton, with 90-minute emergency response.",yes,yes,47,5,,,,,,
Wollongong & Illawarra,Wollongong,Coalcliff,2508,/service-areas/wollongong-and-illawarra/wollongong/coalcliff/,yes,Electrician Coalcliff 2508 | Emergency & Level 2,"Need electrical help in Coalcliff 2508? Emergency faults, Level 2 ASP, switchboards, hot water, aircon, CCTV/data and general electrical work across.",Electrician Coalcliff 2508,2508,yes,yes,yes,yes,yes,yes,yes,yes,yes,yes,greater,within 90 minutes / 90-minute response,"90-minute response for urgent call-outs across greater regions. | For this suburb, urgent call-outs follow 90-minute emergency response. | Evaready provides 90-minute emergency response for emergency call-outs in this region. | Urgent help for coastal storm faults, power loss and circuit tripping, hot isolators and water-affected fixtures in Coalcliff, with 90-minute emergency response.",yes,yes,47,5,,,,,,
Wollongong & Illawarra,Wollongong,Coledale,2515,/service-areas/wollongong-and-illawarra/wollongong/coledale/,yes,Electrician Coledale 2515 | Emergency & Level 2,"Need an electrician in Coledale? Evaready helps with emergency faults, Level 2 ASP work, switchboards, hot water, aircon, CCTV/data and general.",Electrician Coledale 2515,2518,yes,yes,yes,yes,yes,yes,yes,yes,yes,yes,greater,within 90 minutes / 90-minute response,"90-minute response for urgent call-outs across greater regions. | For Coledale, emergency call-outs use 90-minute emergency response; call for unsafe faults, or send photos and details for planned work. | For this suburb, urgent call-outs follow 90-minute emergency response. | Urgent help for coastal storm faults, power loss and circuit tripping, hot isolators and water-affected fixtures in Coledale, with 90-minute emergency response.",yes,yes,47,5,,,,,,
Wollongong & Illawarra,Wollongong,Coniston,2500,/service-areas/wollongong-and-illawarra/wollongong/coniston/,yes,Electrician Coniston 2500 | Emergency & Level 2,"Evaready helps Coniston with urgent faults, Level 2 ASP work, switchboards, hot water electrical, aircon, CCTV/data and planned electrical work.",Electrician Coniston 2500,2534,yes,yes,yes,yes,yes,yes,yes,yes,yes,yes,greater,within 90 minutes / 90-minute response,"90-minute response for urgent call-outs across greater regions. | For this suburb, urgent call-outs follow 90-minute emergency response. | Urgent help for coastal storm faults, power loss and circuit tripping, hot isolators and water-affected fixtures in Coniston, with 90-minute emergency response. | Emergency call-outs in this region use 90-minute emergency response.",yes,yes,47,5,,,,,,
Wollongong & Illawarra,Wollongong,Cordeaux Heights,2526,/service-areas/wollongong-and-illawarra/wollongong/cordeaux-heights/,yes,Electrician Cordeaux Heights 2526 | Emergency & Level 2,"Need electrical help in Cordeaux Heights 2526? Emergency faults, Level 2 ASP, switchboards, hot water, aircon, CCTV/data and general electrical work.",Electrician Cordeaux Heights 2526,2615,yes,yes,yes,yes,yes,yes,yes,yes,yes,yes,greater,within 90 minutes / 90-minute response,"90-minute response for urgent call-outs across greater regions. | For this suburb, urgent call-outs follow 90-minute emergency response. | Urgent help for coastal storm faults, power loss and circuit tripping, hot isolators and water-affected fixtures in Cordeaux Heights, with 90-minute emergency response. | Emergency call-outs in this region use 90-minute emergency response.",yes,yes,47,5,,,,,,
Wollongong & Illawarra,Wollongong,Corrimal,2518,/service-areas/wollongong-and-illawarra/wollongong/corrimal/,yes,Electrician Corrimal 2518 | Emergency & Level 2,"Need electrical help in Corrimal 2518? Emergency faults, Level 2 ASP, switchboards, hot water, aircon, CCTV/data and general electrical work across.",Electrician Corrimal 2518,2527,yes,yes,yes,yes,yes,yes,yes,yes,yes,yes,greater,within 90 minutes / 90-minute response,"90-minute response for urgent call-outs across greater regions. | For Corrimal, emergency call-outs use 90-minute emergency response; call for unsafe faults, or send photos and details for planned work. | For this suburb, urgent call-outs follow 90-minute emergency response. | Urgent help for coastal storm faults, power loss and circuit tripping, hot isolators and water-affected fixtures in Corrimal, with 90-minute emergency response.",yes,yes,47,5,,,,,,
Wollongong & Illawarra,Wollongong,Cringila,2502,/service-areas/wollongong-and-illawarra/wollongong/cringila/,yes,Electrician Cringila 2502 | Emergency & Level 2,"Evaready helps Cringila with urgent faults, Level 2 ASP work, switchboards, hot water electrical, aircon, CCTV/data and planned electrical work.",Electrician Cringila 2502,2505,yes,yes,yes,yes,yes,yes,yes,yes,yes,yes,greater,within 90 minutes / 90-minute response,"90-minute response for urgent call-outs across greater regions. | For this suburb, urgent call-outs follow 90-minute emergency response. | Evaready provides 90-minute emergency response for emergency call-outs in this region. | Urgent help for coastal storm faults, power loss and circuit tripping, hot isolators and water-affected fixtures in Cringila, with 90-minute emergency response.",yes,yes,47,5,,,,,,
Wollongong & Illawarra,Wollongong,Dapto,2530,/service-areas/wollongong-and-illawarra/wollongong/dapto/,yes,Electrician Dapto 2530 | Emergency & Level 2,"Evaready helps Dapto with urgent faults, Level 2 ASP work, switchboards, hot water electrical, aircon, CCTV/data and planned electrical work.",Electrician Dapto 2530,2501,yes,yes,yes,yes,yes,yes,yes,yes,yes,yes,greater,within 90 minutes / 90-minute response,"90-minute response for urgent call-outs across greater regions. | For this suburb, urgent call-outs follow 90-minute emergency response. | Urgent help for coastal storm faults, power loss and circuit tripping, hot isolators and water-affected fixtures in Dapto, with 90-minute emergency response. | Emergency call-outs in this region use 90-minute emergency response.",yes,yes,47,5,,,,,,
Wollongong & Illawarra,Wollongong,Darkes Forest,2508,/service-areas/wollongong-and-illawarra/wollongong/darkes-forest/,yes,Electrician Darkes Forest 2508 | Emergency & Level 2,"Evaready helps Darkes Forest with urgent faults, Level 2 ASP work, switchboards, hot water electrical, aircon, CCTV/data and planned electrical work.",Electrician Darkes Forest 2508,2592,yes,yes,yes,yes,yes,yes,yes,yes,yes,yes,greater,within 90 minutes / 90-minute response,"90-minute response for urgent call-outs across greater regions. | For this suburb, urgent call-outs follow 90-minute emergency response. | Urgent help for coastal storm faults, power loss and circuit tripping, hot isolators and water-affected fixtures in Darkes Forest, with 90-minute emergency response. | Emergency call-outs in this region use 90-minute emergency response.",yes,yes,47,5,,,,,,
Wollongong & Illawarra,Wollongong,Dombarton,2530,/service-areas/wollongong-and-illawarra/wollongong/dombarton/,yes,Electrician Dombarton 2530 | Emergency & Level 2,"Evaready helps Dombarton with urgent faults, Level 2 ASP work, switchboards, hot water electrical, aircon, CCTV/data and planned electrical work.",Electrician Dombarton 2530,2512,yes,yes,yes,yes,yes,yes,yes,yes,yes,yes,greater,within 90 minutes / 90-minute response,"90-minute response for urgent call-outs across greater regions. | For this suburb, urgent call-outs follow 90-minute emergency response. | Urgent help for coastal storm faults, power loss and circuit tripping, hot isolators and water-affected fixtures in Dombarton, with 90-minute emergency response. | Emergency call-outs in this region use 90-minute emergency response.",yes,yes,47,5,,,,,,
Wollongong & Illawarra,Wollongong,East Corrimal,2518,/service-areas/wollongong-and-illawarra/wollongong/east-corrimal/,yes,Electrician East Corrimal 2518 | Emergency & Level 2,"Need electrical help in East Corrimal 2518? Emergency faults, Level 2 ASP, switchboards, hot water, aircon, CCTV/data and general electrical work.",Electrician East Corrimal 2518,2583,yes,yes,yes,yes,yes,yes,yes,yes,yes,yes,greater,within 90 minutes / 90-minute response,"90-minute response for urgent call-outs across greater regions. | For this suburb, urgent call-outs follow 90-minute emergency response. | Urgent help for coastal storm faults, power loss and circuit tripping, hot isolators and water-affected fixtures in East Corrimal, with 90-minute emergency response. | Emergency call-outs in this region use 90-minute emergency response.",yes,yes,47,5,,,,,,
Wollongong & Illawarra,Wollongong,Fairy Meadow,2519,/service-areas/wollongong-and-illawarra/wollongong/fairy-meadow/,yes,Electrician Fairy Meadow 2519 | Emergency & Level 2,"Evaready helps Fairy Meadow with urgent faults, Level 2 ASP work, switchboards, hot water electrical, aircon, CCTV/data and planned electrical work.",Electrician Fairy Meadow 2519,2612,yes,yes,yes,yes,yes,yes,yes,yes,yes,yes,greater,within 90 minutes / 90-minute response,"90-minute response for urgent call-outs across greater regions. | For this suburb, urgent call-outs follow 90-minute emergency response. | Urgent help for coastal storm faults, power loss and circuit tripping, hot isolators and water-affected fixtures in Fairy Meadow, with 90-minute emergency response. | Emergency call-outs in this region use 90-minute emergency response.",yes,yes,47,5,,,,,,
Wollongong & Illawarra,Wollongong,Farmborough Heights,2526,/service-areas/wollongong-and-illawarra/wollongong/farmborough-heights/,yes,Electrician Farmborough Heights 2526 | Emergency & Level 2,"Need electrical help in Farmborough Heights 2526? Emergency faults, Level 2 ASP, switchboards, hot water, aircon, CCTV/data and general electrical.",Electrician Farmborough Heights 2526,2593,yes,yes,yes,yes,yes,yes,yes,yes,yes,yes,greater,within 90 minutes / 90-minute response,"90-minute response for urgent call-outs across greater regions. | For Farmborough Heights, emergency call-outs use 90-minute emergency response; call for unsafe faults, or send photos and details for planned work. | For this suburb, urgent call-outs follow 90-minute emergency response. | Urgent help for coastal storm faults, power loss and circuit tripping, hot isolators and water-affected fixtures in Farmborough Heights, with 90-minute emergency response.",yes,yes,47,5,,,,,,
Wollongong & Illawarra,Wollongong,Fernhill,2519,/service-areas/wollongong-and-illawarra/wollongong/fernhill/,yes,Electrician Fernhill 2519 | Emergency & Level 2,"Evaready helps Fernhill with urgent faults, Level 2 ASP work, switchboards, hot water electrical, aircon, CCTV/data and planned electrical work.",Electrician Fernhill 2519,2507,yes,yes,yes,yes,yes,yes,yes,yes,yes,yes,greater,within 90 minutes / 90-minute response,"90-minute response for urgent call-outs across greater regions. | For Fernhill, emergency call-outs use 90-minute emergency response; call for unsafe faults, or send photos and details for planned work. | For this suburb, urgent call-outs follow 90-minute emergency response. | Urgent help for coastal storm faults, power loss and circuit tripping, hot isolators and water-affected fixtures in Fernhill, with 90-minute emergency response.",yes,yes,47,5,,,,,,
Wollongong & Illawarra,Wollongong,Figtree,2525,/service-areas/wollongong-and-illawarra/wollongong/figtree/,yes,Electrician Figtree 2525 | Emergency & Level 2,"Need electrical help in Figtree 2525? Emergency faults, Level 2 ASP, switchboards, hot water, aircon, CCTV/data and general electrical work across.",Electrician Figtree 2525,2509,yes,yes,yes,yes,yes,yes,yes,yes,yes,yes,greater,within 90 minutes / 90-minute response,"90-minute response for urgent call-outs across greater regions. | For Figtree, emergency call-outs use 90-minute emergency response; call for unsafe faults, or send photos and details for planned work. | For this suburb, urgent call-outs follow 90-minute emergency response. | Urgent help for coastal storm faults, power loss and circuit tripping, hot isolators and water-affected fixtures in Figtree, with 90-minute emergency response.",yes,yes,47,5,,,,,,
Wollongong & Illawarra,Wollongong,Gwynneville,2500,/service-areas/wollongong-and-illawarra/wollongong/gwynneville/,yes,Electrician Gwynneville 2500 | Emergency & Level 2,"Need electrical help in Gwynneville 2500? Emergency faults, Level 2 ASP, switchboards, hot water, aircon, CCTV/data and general electrical work across.",Electrician Gwynneville 2500,2494,yes,yes,yes,yes,yes,yes,yes,yes,yes,yes,greater,within 90 minutes / 90-minute response,"90-minute response for urgent call-outs across greater regions. | For Gwynneville, emergency call-outs use 90-minute emergency response; call for unsafe faults, or send photos and details for planned work. | For this suburb, urgent call-outs follow 90-minute emergency response. | Urgent help for coastal storm faults, power loss and circuit tripping, hot isolators and water-affected fixtures in Gwynneville, with 90-minute emergency response.",yes,yes,47,5,,,,,,
Wollongong & Illawarra,Wollongong,Haywards Bay,2530,/service-areas/wollongong-and-illawarra/wollongong/haywards-bay/,yes,Electrician Haywards Bay 2530 | Emergency & Level 2,"Need an electrician in Haywards Bay? Evaready helps with emergency faults, Level 2 ASP work, switchboards, hot water, aircon, CCTV/data and general.",Electrician Haywards Bay 2530,2572,yes,yes,yes,yes,yes,yes,yes,yes,yes,yes,greater,within 90 minutes / 90-minute response,"90-minute response for urgent call-outs across greater regions. | For this suburb, urgent call-outs follow 90-minute emergency response. | Urgent help for coastal storm faults, power loss and circuit tripping, hot isolators and water-affected fixtures in Haywards Bay, with 90-minute emergency response. | Emergency call-outs in this region use 90-minute emergency response.",yes,yes,47,5,,,,,,
Wollongong & Illawarra,Wollongong,Helensburgh,2508,/service-areas/wollongong-and-illawarra/wollongong/helensburgh/,yes,Electrician Helensburgh 2508 | Emergency & Level 2,"Evaready helps Helensburgh with urgent faults, Level 2 ASP work, switchboards, hot water electrical, aircon, CCTV/data and planned electrical work.",Electrician Helensburgh 2508,2523,yes,yes,yes,yes,yes,yes,yes,yes,yes,yes,greater,within 90 minutes / 90-minute response,"90-minute response for urgent call-outs across greater regions. | For this suburb, urgent call-outs follow 90-minute emergency response. | Urgent help for coastal storm faults, power loss and circuit tripping, hot isolators and water-affected fixtures in Helensburgh, with 90-minute emergency response. | Emergency call-outs in this region use 90-minute emergency response.",yes,yes,47,5,,,,,,
Wollongong & Illawarra,Wollongong,Horsley,2530,/service-areas/wollongong-and-illawarra/wollongong/horsley/,yes,Electrician Horsley 2530 | Emergency & Level 2,"Evaready helps Horsley with urgent faults, Level 2 ASP work, switchboards, hot water electrical, aircon, CCTV/data and planned electrical work.",Electrician Horsley 2530,2494,yes,yes,yes,yes,yes,yes,yes,yes,yes,yes,greater,within 90 minutes / 90-minute response,"90-minute response for urgent call-outs across greater regions. | For Horsley, emergency call-outs use 90-minute emergency response; call for unsafe faults, or send photos and details for planned work. | For this suburb, urgent call-outs follow 90-minute emergency response. | Evaready provides 90-minute emergency response for emergency call-outs in this region.",yes,yes,47,5,,,,,,
Wollongong & Illawarra,Wollongong,Huntley,2530,/service-areas/wollongong-and-illawarra/wollongong/huntley/,yes,Electrician Huntley 2530 | Emergency & Level 2,"Evaready helps Huntley with urgent faults, Level 2 ASP work, switchboards, hot water electrical, aircon, CCTV/data and planned electrical work.",Electrician Huntley 2530,2516,yes,yes,yes,yes,yes,yes,yes,yes,yes,yes,greater,within 90 minutes / 90-minute response,"90-minute response for urgent call-outs across greater regions. | For this suburb, urgent call-outs follow 90-minute emergency response. | Urgent help for coastal storm faults, power loss and circuit tripping, hot isolators and water-affected fixtures in Huntley, with 90-minute emergency response. | Emergency call-outs in this region use 90-minute emergency response.",yes,yes,47,5,,,,,,
Wollongong & Illawarra,Wollongong,Kanahooka,2530,/service-areas/wollongong-and-illawarra/wollongong/kanahooka/,yes,Electrician Kanahooka 2530 | Emergency & Level 2,"Need an electrician in Kanahooka? Evaready helps with emergency faults, Level 2 ASP work, switchboards, hot water, aircon, CCTV/data and general.",Electrician Kanahooka 2530,2513,yes,yes,yes,yes,yes,yes,yes,yes,yes,yes,greater,within 90 minutes / 90-minute response,"90-minute response for urgent call-outs across greater regions. | For this suburb, urgent call-outs follow 90-minute emergency response. | Urgent help for coastal storm faults, power loss and circuit tripping, hot isolators and water-affected fixtures in Kanahooka, with 90-minute emergency response. | Emergency call-outs in this region use 90-minute emergency response.",yes,yes,47,5,,,,,,
Wollongong & Illawarra,Wollongong,Keiraville,2500,/service-areas/wollongong-and-illawarra/wollongong/keiraville/,yes,Electrician Keiraville 2500 | Emergency & Level 2,"Need an electrician in Keiraville? Evaready helps with emergency faults, Level 2 ASP work, switchboards, hot water, aircon, CCTV/data and general.",Electrician Keiraville 2500,2501,yes,yes,yes,yes,yes,yes,yes,yes,yes,yes,greater,within 90 minutes / 90-minute response,"90-minute response for urgent call-outs across greater regions. | For Keiraville, emergency call-outs use 90-minute emergency response; call for unsafe faults, or send photos and details for planned work. | For this suburb, urgent call-outs follow 90-minute emergency response. | Urgent help for coastal storm faults, power loss and circuit tripping, hot isolators and water-affected fixtures in Keiraville, with 90-minute emergency response.",yes,yes,47,5,,,,,,
Wollongong & Illawarra,Wollongong,Kembla Grange,2526,/service-areas/wollongong-and-illawarra/wollongong/kembla-grange/,yes,Electrician Kembla Grange 2526 | Emergency & Level 2,"Need electrical help in Kembla Grange 2526? Emergency faults, Level 2 ASP, switchboards, hot water, aircon, CCTV/data and general electrical work.",Electrician Kembla Grange 2526,2596,yes,yes,yes,yes,yes,yes,yes,yes,yes,yes,greater,within 90 minutes / 90-minute response,"90-minute response for urgent call-outs across greater regions. | For Kembla Grange, emergency call-outs use 90-minute emergency response; call for unsafe faults, or send photos and details for planned work. | For this suburb, urgent call-outs follow 90-minute emergency response. | Urgent help for coastal storm faults, power loss and circuit tripping, hot isolators and water-affected fixtures in Kembla Grange, with 90-minute emergency response.",yes,yes,47,5,,,,,,
Wollongong & Illawarra,Wollongong,Kembla Heights,2526,/service-areas/wollongong-and-illawarra/wollongong/kembla-heights/,yes,Electrician Kembla Heights 2526 | Emergency & Level 2,"Need electrical help in Kembla Heights 2526? Emergency faults, Level 2 ASP, switchboards, hot water, aircon, CCTV/data and general electrical work.",Electrician Kembla Heights 2526,2584,yes,yes,yes,yes,yes,yes,yes,yes,yes,yes,greater,within 90 minutes / 90-minute response,"90-minute response for urgent call-outs across greater regions. | For this suburb, urgent call-outs follow 90-minute emergency response. | Evaready provides 90-minute emergency response for emergency call-outs in this region. | Urgent help for coastal storm faults, power loss and circuit tripping, hot isolators and water-affected fixtures in Kembla Heights, with 90-minute emergency response.",yes,yes,47,5,,,,,,
Wollongong & Illawarra,Wollongong,Koonawarra,2530,/service-areas/wollongong-and-illawarra/wollongong/koonawarra/,yes,Electrician Koonawarra 2530 | Emergency & Level 2,"Need an electrician in Koonawarra? Evaready helps with emergency faults, Level 2 ASP work, switchboards, hot water, aircon, CCTV/data and general.",Electrician Koonawarra 2530,2516,yes,yes,yes,yes,yes,yes,yes,yes,yes,yes,greater,within 90 minutes / 90-minute response,"90-minute response for urgent call-outs across greater regions. | For this suburb, urgent call-outs follow 90-minute emergency response. | Evaready provides 90-minute emergency response for emergency call-outs in this region. | Urgent help for coastal storm faults, power loss and circuit tripping, hot isolators and water-affected fixtures in Koonawarra, with 90-minute emergency response.",yes,yes,47,5,,,,,,
Wollongong & Illawarra,Wollongong,Lake Heights,2502,/service-areas/wollongong-and-illawarra/wollongong/lake-heights/,yes,Electrician Lake Heights 2502 | Emergency & Level 2,"Evaready helps Lake Heights with urgent faults, Level 2 ASP work, switchboards, hot water electrical, aircon, CCTV/data and planned electrical work.",Electrician Lake Heights 2502,2590,yes,yes,yes,yes,yes,yes,yes,yes,yes,yes,greater,within 90 minutes / 90-minute response,"90-minute response for urgent call-outs across greater regions. | For Lake Heights, emergency call-outs use 90-minute emergency response; call for unsafe faults, or send photos and details for planned work. | For this suburb, urgent call-outs follow 90-minute emergency response. | Evaready provides 90-minute emergency response for emergency call-outs in this region.",yes,yes,47,5,,,,,,
Wollongong & Illawarra,Wollongong,Lilyvale,2508,/service-areas/wollongong-and-illawarra/wollongong/lilyvale/,yes,Electrician Lilyvale 2508 | Emergency & Level 2,"Need an electrician in Lilyvale? Evaready helps with emergency faults, Level 2 ASP work, switchboards, hot water, aircon, CCTV/data and general.",Electrician Lilyvale 2508,2522,yes,yes,yes,yes,yes,yes,yes,yes,yes,yes,greater,within 90 minutes / 90-minute response,"90-minute response for urgent call-outs across greater regions. | For this suburb, urgent call-outs follow 90-minute emergency response. | Urgent help for coastal storm faults, power loss and circuit tripping, hot isolators and water-affected fixtures in Lilyvale, with 90-minute emergency response. | Emergency call-outs in this region use 90-minute emergency response.",yes,yes,47,5,,,,,,
Wollongong & Illawarra,Wollongong,Maddens Plains,2508,/service-areas/wollongong-and-illawarra/wollongong/maddens-plains/,yes,Electrician Maddens Plains 2508 | Emergency & Level 2,"Evaready helps Maddens Plains with urgent faults, Level 2 ASP work, switchboards, hot water electrical, aircon, CCTV/data and planned electrical work.",Electrician Maddens Plains 2508,2588,yes,yes,yes,yes,yes,yes,yes,yes,yes,yes,greater,within 90 minutes / 90-minute response,"90-minute response for urgent call-outs across greater regions. | For this suburb, urgent call-outs follow 90-minute emergency response. | Urgent help for coastal storm faults, power loss and circuit tripping, hot isolators and water-affected fixtures in Maddens Plains, with 90-minute emergency response. | Emergency call-outs in this region use 90-minute emergency response.",yes,yes,47,5,,,,,,
Wollongong & Illawarra,Wollongong,Mangerton,2500,/service-areas/wollongong-and-illawarra/wollongong/mangerton/,yes,Electrician Mangerton 2500 | Emergency & Level 2,"Need electrical help in Mangerton 2500? Emergency faults, Level 2 ASP, switchboards, hot water, aircon, CCTV/data and general electrical work across.",Electrician Mangerton 2500,2488,yes,yes,yes,yes,yes,yes,yes,yes,yes,yes,greater,within 90 minutes / 90-minute response,"90-minute response for urgent call-outs across greater regions. | For Mangerton, emergency call-outs use 90-minute emergency response; call for unsafe faults, or send photos and details for planned work. | For this suburb, urgent call-outs follow 90-minute emergency response. | Urgent help for coastal storm faults, power loss and circuit tripping, hot isolators and water-affected fixtures in Mangerton, with 90-minute emergency response.",yes,yes,47,5,,,,,,
Wollongong & Illawarra,Wollongong,Marshall Mount,2530,/service-areas/wollongong-and-illawarra/wollongong/marshall-mount/,yes,Electrician Marshall Mount 2530 | Emergency & Level 2,"Need electrical help in Marshall Mount 2530? Emergency faults, Level 2 ASP, switchboards, hot water, aircon, CCTV/data and general electrical work.",Electrician Marshall Mount 2530,2588,yes,yes,yes,yes,yes,yes,yes,yes,yes,yes,greater,within 90 minutes / 90-minute response,"90-minute response for urgent call-outs across greater regions. | For this suburb, urgent call-outs follow 90-minute emergency response. | Urgent help for coastal storm faults, power loss and circuit tripping, hot isolators and water-affected fixtures in Marshall Mount, with 90-minute emergency response. | Emergency call-outs in this region use 90-minute emergency response.",yes,yes,47,5,,,,,,
Wollongong & Illawarra,Wollongong,Mount Keira,2500,/service-areas/wollongong-and-illawarra/wollongong/mount-keira/,yes,Electrician Mount Keira 2500 | Emergency & Level 2,"Need an electrician in Mount Keira? Evaready helps with emergency faults, Level 2 ASP work, switchboards, hot water, aircon, CCTV/data and general.",Electrician Mount Keira 2500,2602,yes,yes,yes,yes,yes,yes,yes,yes,yes,yes,greater,within 90 minutes / 90-minute response,"90-minute response for urgent call-outs across greater regions. | For this suburb, urgent call-outs follow 90-minute emergency response. | Urgent help for coastal storm faults, power loss and circuit tripping, hot isolators and water-affected fixtures in Mount Keira, with 90-minute emergency response. | Emergency call-outs in this region use 90-minute emergency response.",yes,yes,47,5,,,,,,
Wollongong & Illawarra,Wollongong,Mount Kembla,2526,/service-areas/wollongong-and-illawarra/wollongong/mount-kembla/,yes,Electrician Mount Kembla 2526 | Emergency & Level 2,"Need an electrician in Mount Kembla? Evaready helps with emergency faults, Level 2 ASP work, switchboards, hot water, aircon, CCTV/data and general.",Electrician Mount Kembla 2526,2574,yes,yes,yes,yes,yes,yes,yes,yes,yes,yes,greater,within 90 minutes / 90-minute response,"90-minute response for urgent call-outs across greater regions. | For this suburb, urgent call-outs follow 90-minute emergency response. | Urgent help for coastal storm faults, power loss and circuit tripping, hot isolators and water-affected fixtures in Mount Kembla, with 90-minute emergency response. | Emergency call-outs in this region use 90-minute emergency response.",yes,yes,47,5,,,,,,
Wollongong & Illawarra,Wollongong,Mount Ousley,2519,/service-areas/wollongong-and-illawarra/wollongong/mount-ousley/,yes,Electrician Mount Ousley 2519 | Emergency & Level 2,"Need an electrician in Mount Ousley? Evaready helps with emergency faults, Level 2 ASP work, switchboards, hot water, aircon, CCTV/data and general.",Electrician Mount Ousley 2519,2602,yes,yes,yes,yes,yes,yes,yes,yes,yes,yes,greater,within 90 minutes / 90-minute response,"90-minute response for urgent call-outs across greater regions. | For this suburb, urgent call-outs follow 90-minute emergency response. | Urgent help for coastal storm faults, power loss and circuit tripping, hot isolators and water-affected fixtures in Mount Ousley, with 90-minute emergency response. | Emergency call-outs in this region use 90-minute emergency response.",yes,yes,47,5,,,,,,
Wollongong & Illawarra,Wollongong,Mount Pleasant,2519,/service-areas/wollongong-and-illawarra/wollongong/mount-pleasant/,yes,Electrician Mount Pleasant 2519 | Emergency & Level 2,"Evaready helps Mount Pleasant with urgent faults, Level 2 ASP work, switchboards, hot water electrical, aircon, CCTV/data and planned electrical work.",Electrician Mount Pleasant 2519,2601,yes,yes,yes,yes,yes,yes,yes,yes,yes,yes,greater,within 90 minutes / 90-minute response,"90-minute response for urgent call-outs across greater regions. | For Mount Pleasant, emergency call-outs use 90-minute emergency response; call for unsafe faults, or send photos and details for planned work. | For this suburb, urgent call-outs follow 90-minute emergency response. | Urgent help for coastal storm faults, power loss and circuit tripping, hot isolators and water-affected fixtures in Mount Pleasant, with 90-minute emergency response.",yes,yes,47,5,,,,,,
Wollongong & Illawarra,Wollongong,Mount Saint Thomas,2500,/service-areas/wollongong-and-illawarra/wollongong/mount-saint-thomas/,yes,Electrician Mount Saint Thomas 2500 | Emergency & Level 2,"Need an electrician in Mount Saint Thomas? Evaready helps with emergency faults, Level 2 ASP work, switchboards, hot water, aircon, CCTV/data.",Electrician Mount Saint Thomas 2500,2672,yes,yes,yes,yes,yes,yes,yes,yes,yes,yes,greater,within 90 minutes / 90-minute response,"90-minute response for urgent call-outs across greater regions. | For this suburb, urgent call-outs follow 90-minute emergency response. | Urgent help for coastal storm faults, power loss and circuit tripping, hot isolators and water-affected fixtures in Mount Saint Thomas, with 90-minute emergency response. | Emergency call-outs in this region use 90-minute emergency response.",yes,yes,47,5,,,,,,
Wollongong & Illawarra,Wollongong,North Wollongong,2500,/service-areas/wollongong-and-illawarra/wollongong/north-wollongong/,yes,Electrician North Wollongong 2500 | Emergency & Level 2,"Need an electrician in North Wollongong? Evaready helps with emergency faults, Level 2 ASP work, switchboards, hot water, aircon, CCTV/data.",Electrician North Wollongong 2500,2601,yes,yes,yes,yes,yes,yes,yes,yes,yes,yes,greater,within 90 minutes / 90-minute response,"90-minute response for urgent call-outs across greater regions. | For this suburb, urgent call-outs follow 90-minute emergency response. | Urgent help for coastal storm faults, power loss and circuit tripping, hot isolators and water-affected fixtures in North Wollongong, with 90-minute emergency response. | Emergency call-outs in this region use 90-minute emergency response.",yes,yes,47,5,,,,,,
Wollongong & Illawarra,Wollongong,Otford,2508,/service-areas/wollongong-and-illawarra/wollongong/otford/,yes,Electrician Otford 2508 | Emergency & Level 2,"Evaready helps Otford with urgent faults, Level 2 ASP work, switchboards, hot water electrical, aircon, CCTV/data and planned electrical work.",Electrician Otford 2508,2508,yes,yes,yes,yes,yes,yes,yes,yes,yes,yes,greater,within 90 minutes / 90-minute response,"90-minute response for urgent call-outs across greater regions. | For this suburb, urgent call-outs follow 90-minute emergency response. | Urgent help for coastal storm faults, power loss and circuit tripping, hot isolators and water-affected fixtures in Otford, with 90-minute emergency response. | Emergency call-outs in this region use 90-minute emergency response.",yes,yes,47,5,,,,,,
Wollongong & Illawarra,Wollongong,Port Kembla,2505,/service-areas/wollongong-and-illawarra/wollongong/port-kembla/,yes,Electrician Port Kembla 2505 | Emergency & Level 2,"Need electrical help in Port Kembla 2505? Emergency faults, Level 2 ASP, switchboards, hot water, aircon, CCTV/data and general electrical work across.",Electrician Port Kembla 2505,2609,yes,yes,yes,yes,yes,yes,yes,yes,yes,yes,greater,within 90 minutes / 90-minute response,"90-minute response for urgent call-outs across greater regions. | For this suburb, urgent call-outs follow 90-minute emergency response. | Urgent help for coastal storm faults, power loss and circuit tripping, hot isolators and water-affected fixtures in Port Kembla, with 90-minute emergency response. | Emergency call-outs in this region use 90-minute emergency response.",yes,yes,47,5,,,,,,
Wollongong & Illawarra,Wollongong,Primbee,2502,/service-areas/wollongong-and-illawarra/wollongong/primbee/,yes,Electrician Primbee 2502 | Emergency & Level 2,"Need an electrician in Primbee? Evaready helps with emergency faults, Level 2 ASP work, switchboards, hot water, aircon, CCTV/data and general.",Electrician Primbee 2502,2513,yes,yes,yes,yes,yes,yes,yes,yes,yes,yes,greater,within 90 minutes / 90-minute response,"90-minute response for urgent call-outs across greater regions. | For this suburb, urgent call-outs follow 90-minute emergency response. | Urgent help for coastal storm faults, power loss and circuit tripping, hot isolators and water-affected fixtures in Primbee, with 90-minute emergency response. | Emergency call-outs in this region use 90-minute emergency response.",yes,yes,47,5,,,,,,
Wollongong & Illawarra,Wollongong,Russell Vale,2517,/service-areas/wollongong-and-illawarra/wollongong/russell-vale/,yes,Electrician Russell Vale 2517 | Emergency & Level 2,"Need an electrician in Russell Vale? Evaready helps with emergency faults, Level 2 ASP work, switchboards, hot water, aircon, CCTV/data and general.",Electrician Russell Vale 2517,2586,yes,yes,yes,yes,yes,yes,yes,yes,yes,yes,greater,within 90 minutes / 90-minute response,"90-minute response for urgent call-outs across greater regions. | For this suburb, urgent call-outs follow 90-minute emergency response. | Urgent help for coastal storm faults, power loss and circuit tripping, hot isolators and water-affected fixtures in Russell Vale, with 90-minute emergency response. | Emergency call-outs in this region use 90-minute emergency response.",yes,yes,47,5,,,,,,
Wollongong & Illawarra,Wollongong,Scarborough,2515,/service-areas/wollongong-and-illawarra/wollongong/scarborough/,yes,Electrician Scarborough 2515 | Emergency & Level 2,"Evaready helps Scarborough with urgent faults, Level 2 ASP work, switchboards, hot water electrical, aircon, CCTV/data and planned electrical work.",Electrician Scarborough 2515,2528,yes,yes,yes,yes,yes,yes,yes,yes,yes,yes,greater,within 90 minutes / 90-minute response,"90-minute response for urgent call-outs across greater regions. | For this suburb, urgent call-outs follow 90-minute emergency response. | Urgent help for coastal storm faults, power loss and circuit tripping, hot isolators and water-affected fixtures in Scarborough, with 90-minute emergency response. | Emergency call-outs in this region use 90-minute emergency response.",yes,yes,47,5,,,,,,
Wollongong & Illawarra,Wollongong,Stanwell Park,2508,/service-areas/wollongong-and-illawarra/wollongong/stanwell-park/,yes,Electrician Stanwell Park 2508 | Emergency & Level 2,"Evaready helps Stanwell Park with urgent faults, Level 2 ASP work, switchboards, hot water electrical, aircon, CCTV/data and planned electrical work.",Electrician Stanwell Park 2508,2607,yes,yes,yes,yes,yes,yes,yes,yes,yes,yes,greater,within 90 minutes / 90-minute response,"90-minute response for urgent call-outs across greater regions. | For this suburb, urgent call-outs follow 90-minute emergency response. | Urgent help for coastal storm faults, power loss and circuit tripping, hot isolators and water-affected fixtures in Stanwell Park, with 90-minute emergency response. | Emergency call-outs in this region use 90-minute emergency response.",yes,yes,47,5,,,,,,
Wollongong & Illawarra,Wollongong,Stanwell Tops,2508,/service-areas/wollongong-and-illawarra/wollongong/stanwell-tops/,yes,Electrician Stanwell Tops 2508 | Emergency & Level 2,"Need an electrician in Stanwell Tops? Evaready helps with emergency faults, Level 2 ASP work, switchboards, hot water, aircon, CCTV/data and general.",Electrician Stanwell Tops 2508,2575,yes,yes,yes,yes,yes,yes,yes,yes,yes,yes,greater,within 90 minutes / 90-minute response,"90-minute response for urgent call-outs across greater regions. | For Stanwell Tops, emergency call-outs use 90-minute emergency response; call for unsafe faults, or send photos and details for planned work. | For this suburb, urgent call-outs follow 90-minute emergency response. | Urgent help for coastal storm faults, power loss and circuit tripping, hot isolators and water-affected fixtures in Stanwell Tops, with 90-minute emergency response.",yes,yes,47,5,,,,,,
Wollongong & Illawarra,Wollongong,Tarrawanna,2518,/service-areas/wollongong-and-illawarra/wollongong/tarrawanna/,yes,Electrician Tarrawanna 2518 | Emergency & Level 2,"Need an electrician in Tarrawanna? Evaready helps with emergency faults, Level 2 ASP work, switchboards, hot water, aircon, CCTV/data and general.",Electrician Tarrawanna 2518,2510,yes,yes,yes,yes,yes,yes,yes,yes,yes,yes,greater,within 90 minutes / 90-minute response,"90-minute response for urgent call-outs across greater regions. | For this suburb, urgent call-outs follow 90-minute emergency response. | Urgent help for coastal storm faults, power loss and circuit tripping, hot isolators and water-affected fixtures in Tarrawanna, with 90-minute emergency response. | Emergency call-outs in this region use 90-minute emergency response.",yes,yes,47,5,,,,,,
Wollongong & Illawarra,Wollongong,Thirroul,2515,/service-areas/wollongong-and-illawarra/wollongong/thirroul/,yes,Electrician Thirroul 2515 | Emergency & Level 2,"Evaready helps Thirroul with urgent faults, Level 2 ASP work, switchboards, hot water electrical, aircon, CCTV/data and planned electrical work.",Electrician Thirroul 2515,2518,yes,yes,yes,yes,yes,yes,yes,yes,yes,yes,greater,within 90 minutes / 90-minute response,"90-minute response for urgent call-outs across greater regions. | For Thirroul, emergency call-outs use 90-minute emergency response; call for unsafe faults, or send photos and details for planned work. | For this suburb, urgent call-outs follow 90-minute emergency response. | Evaready provides 90-minute emergency response for emergency call-outs in this region.",yes,yes,47,5,,,,,,
Wollongong & Illawarra,Wollongong,Towradgi,2518,/service-areas/wollongong-and-illawarra/wollongong/towradgi/,yes,Electrician Towradgi 2518 | Emergency & Level 2,"Need an electrician in Towradgi? Evaready helps with emergency faults, Level 2 ASP work, switchboards, hot water, aircon, CCTV/data and general.",Electrician Towradgi 2518,2488,yes,yes,yes,yes,yes,yes,yes,yes,yes,yes,greater,within 90 minutes / 90-minute response,"90-minute response for urgent call-outs across greater regions. | For Towradgi, emergency call-outs use 90-minute emergency response; call for unsafe faults, or send photos and details for planned work. | For this suburb, urgent call-outs follow 90-minute emergency response. | Urgent help for coastal storm faults, power loss and circuit tripping, hot isolators and water-affected fixtures in Towradgi, with 90-minute emergency response.",yes,yes,47,5,,,,,,
Wollongong & Illawarra,Wollongong,Unanderra,2526,/service-areas/wollongong-and-illawarra/wollongong/unanderra/,yes,Electrician Unanderra 2526 | Emergency & Level 2,"Need an electrician in Unanderra? Evaready helps with emergency faults, Level 2 ASP work, switchboards, hot water, aircon, CCTV/data and general.",Electrician Unanderra 2526,2503,yes,yes,yes,yes,yes,yes,yes,yes,yes,yes,greater,within 90 minutes / 90-minute response,"90-minute response for urgent call-outs across greater regions. | For this suburb, urgent call-outs follow 90-minute emergency response. | Urgent help for coastal storm faults, power loss and circuit tripping, hot isolators and water-affected fixtures in Unanderra, with 90-minute emergency response. | Emergency call-outs in this region use 90-minute emergency response.",yes,yes,47,5,,,,,,
Wollongong & Illawarra,Wollongong,Warrawong,2502,/service-areas/wollongong-and-illawarra/wollongong/warrawong/,yes,Electrician Warrawong 2502 | Emergency & Level 2,"Need an electrician in Warrawong? Evaready helps with emergency faults, Level 2 ASP work, switchboards, hot water, aircon, CCTV/data and general.",Electrician Warrawong 2502,2496,yes,yes,yes,yes,yes,yes,yes,yes,yes,yes,greater,within 90 minutes / 90-minute response,"90-minute response for urgent call-outs across greater regions. | For Warrawong, emergency call-outs use 90-minute emergency response; call for unsafe faults, or send photos and details for planned work. | For this suburb, urgent call-outs follow 90-minute emergency response. | Urgent help for coastal storm faults, power loss and circuit tripping, hot isolators and water-affected fixtures in Warrawong, with 90-minute emergency response.",yes,yes,47,5,,,,,,
Wollongong & Illawarra,Wollongong,West Wollongong,2500,/service-areas/wollongong-and-illawarra/wollongong/west-wollongong/,yes,Electrician West Wollongong 2500 | Emergency & Level 2,"Evaready helps West Wollongong with urgent faults, Level 2 ASP work, switchboards, hot water electrical, aircon, CCTV/data and planned electrical work.",Electrician West Wollongong 2500,2599,yes,yes,yes,yes,yes,yes,yes,yes,yes,yes,greater,within 90 minutes / 90-minute response,"90-minute response for urgent call-outs across greater regions. | For this suburb, urgent call-outs follow 90-minute emergency response. | Urgent help for coastal storm faults, power loss and circuit tripping, hot isolators and water-affected fixtures in West Wollongong, with 90-minute emergency response. | Emergency call-outs in this region use 90-minute emergency response.",yes,yes,47,5,,,,,,
Wollongong & Illawarra,Wollongong,Windang,2528,/service-areas/wollongong-and-illawarra/wollongong/windang/,yes,Electrician Windang 2528 | Emergency & Level 2,"Need an electrician in Windang? Evaready helps with emergency faults, Level 2 ASP work, switchboards, hot water, aircon, CCTV/data and general.",Electrician Windang 2528,2495,yes,yes,yes,yes,yes,yes,yes,yes,yes,yes,greater,within 90 minutes / 90-minute response,"90-minute response for urgent call-outs across greater regions. | For Windang, emergency call-outs use 90-minute emergency response; call for unsafe faults, or send photos and details for planned work. | For this suburb, urgent call-outs follow 90-minute emergency response. | Evaready provides 90-minute emergency response for emergency call-outs in this region.",yes,yes,47,5,,,,,,
Wollongong & Illawarra,Wollongong,Wollongong,2500,/service-areas/wollongong-and-illawarra/wollongong/wollongong/,yes,Electrician Wollongong 2500 | Emergency & Level 2,"Need an electrician in Wollongong? Evaready Electrical helps with emergency faults, switchboards, lighting, power, hot water electrical, data, CCTV.",Electrician Wollongong 2500,2471,yes,yes,yes,yes,yes,yes,yes,yes,yes,yes,greater,within 90 minutes / 90-minute response,"90-minute response for urgent call-outs across greater regions. | For this suburb, urgent call-outs follow 90-minute emergency response. | Urgent help for coastal storm faults, power loss and circuit tripping, hot isolators and water-affected fixtures in Wollongong, with 90-minute emergency response. | Emergency call-outs in this region use 90-minute emergency response.",yes,yes,47,5,,,,,,
Wollongong & Illawarra,Wollongong,Wombarra,2515,/service-areas/wollongong-and-illawarra/wollongong/wombarra/,yes,Electrician Wombarra 2515 | Emergency & Level 2,"Evaready helps Wombarra with urgent faults, Level 2 ASP work, switchboards, hot water electrical, aircon, CCTV/data and planned electrical work.",Electrician Wombarra 2515,2489,yes,yes,yes,yes,yes,yes,yes,yes,yes,yes,greater,within 90 minutes / 90-minute response,"90-minute response for urgent call-outs across greater regions. | For this suburb, urgent call-outs follow 90-minute emergency response. | Urgent help for coastal storm faults, power loss and circuit tripping, hot isolators and water-affected fixtures in Wombarra, with 90-minute emergency response. | Emergency call-outs in this region use 90-minute emergency response.",yes,yes,47,5,,,,,,
Wollongong & Illawarra,Wollongong,Wongawilli,2530,/service-areas/wollongong-and-illawarra/wollongong/wongawilli/,yes,Electrician Wongawilli 2530 | Emergency & Level 2,"Need electrical help in Wongawilli 2530? Emergency faults, Level 2 ASP, switchboards, hot water, aircon, CCTV/data and general electrical work across.",Electrician Wongawilli 2530,2504,yes,yes,yes,yes,yes,yes,yes,yes,yes,yes,greater,within 90 minutes / 90-minute response,"90-minute response for urgent call-outs across greater regions. | For this suburb, urgent call-outs follow 90-minute emergency response. | Evaready provides 90-minute emergency response for emergency call-outs in this region. | Urgent help for coastal storm faults, power loss and circuit tripping, hot isolators and water-affected fixtures in Wongawilli, with 90-minute emergency response.",yes,yes,47,5,,,,,,
Wollongong & Illawarra,Wollongong,Woonona,2517,/service-areas/wollongong-and-illawarra/wollongong/woonona/,yes,Electrician Woonona 2517 | Emergency & Level 2,"Need an electrician in Woonona? Evaready helps with emergency faults, Level 2 ASP work, switchboards, hot water, aircon, CCTV/data and general.",Electrician Woonona 2517,2509,yes,yes,yes,yes,yes,yes,yes,yes,yes,yes,greater,within 90 minutes / 90-minute response,"90-minute response for urgent call-outs across greater regions. | For this suburb, urgent call-outs follow 90-minute emergency response. | Evaready provides 90-minute emergency response for emergency call-outs in this region. | Urgent help for coastal storm faults, power loss and circuit tripping, hot isolators and water-affected fixtures in Woonona, with 90-minute emergency response.",yes,yes,47,5,,,,,,
Wollongong & Illawarra,Wollongong,Yallah,2530,/service-areas/wollongong-and-illawarra/wollongong/yallah/,yes,Electrician Yallah 2530 | Emergency & Level 2,"Need an electrician in Yallah? Evaready helps with emergency faults, Level 2 ASP work, switchboards, hot water, aircon, CCTV/data and general.",Electrician Yallah 2530,2535,yes,yes,yes,yes,yes,yes,yes,yes,yes,yes,greater,within 90 minutes / 90-minute response,"90-minute response for urgent call-outs across greater regions. | For this suburb, urgent call-outs follow 90-minute emergency response. | Urgent help for coastal storm faults, power loss and circuit tripping, hot isolators and water-affected fixtures in Yallah, with 90-minute emergency response. | Emergency call-outs in this region use 90-minute emergency response.",yes,yes,47,5,,,,,,
Southern Highlands,Wingecarribee,Alpine,2575,/service-areas/southern-highlands/wingecarribee/alpine/,yes,Electrician Alpine 2575 | Emergency & Level 2,"Need electrical help in Alpine 2575? Emergency faults, Level 2 ASP, switchboards, hot water, aircon, CCTV/data and general electrical work across.",Electrician Alpine 2575,2528,yes,yes,yes,yes,yes,yes,yes,yes,yes,yes,greater,within 90 minutes / 90-minute response,"90-minute response for urgent call-outs across greater regions. | For this suburb, urgent call-outs follow 90-minute emergency response. | Urgent help for storm faults, water-affected fixtures, loss of power and overheating power points and repeated safety switch tripping in Alpine, with 90-minute emergency response. | Emergency call-outs in this region use 90-minute emergency response.",yes,yes,47,5,,,,,,
Southern Highlands,Wingecarribee,Avoca,2577,/service-areas/southern-highlands/wingecarribee/avoca/,yes,Electrician Avoca 2577 | Emergency & Level 2,"Need an electrician in Avoca? Evaready helps with emergency faults, Level 2 ASP work, switchboards, hot water, aircon, CCTV/data and general.",Electrician Avoca 2577,2501,yes,yes,yes,yes,yes,yes,yes,yes,yes,yes,greater,within 90 minutes / 90-minute response,"90-minute response for urgent call-outs across greater regions. | For this suburb, urgent call-outs follow 90-minute emergency response. | Urgent help for storm faults, water-affected fixtures, loss of power and overheating power points and repeated safety switch tripping in Avoca, with 90-minute emergency response. | Emergency call-outs in this region use 90-minute emergency response.",yes,yes,47,5,,,,,,
Southern Highlands,Wingecarribee,Aylmerton,2575,/service-areas/southern-highlands/wingecarribee/aylmerton/,yes,Electrician Aylmerton 2575 | Emergency & Level 2,"Need electrical help in Aylmerton 2575? Emergency faults, Level 2 ASP, switchboards, hot water, aircon, CCTV/data and general electrical work across.",Electrician Aylmerton 2575,2490,yes,yes,yes,yes,yes,yes,yes,yes,yes,yes,greater,within 90 minutes / 90-minute response,"90-minute response for urgent call-outs across greater regions. | For this suburb, urgent call-outs follow 90-minute emergency response. | Urgent help for storm faults, water-affected fixtures, loss of power and overheating power points and repeated safety switch tripping in Aylmerton, with 90-minute emergency response. | Emergency call-outs in this region use 90-minute emergency response.",yes,yes,47,5,,,,,,
Southern Highlands,Wingecarribee,Balaclava,2575,/service-areas/southern-highlands/wingecarribee/balaclava/,yes,Electrician Balaclava 2575 | Emergency & Level 2,"Need an electrician in Balaclava? Evaready helps with emergency faults, Level 2 ASP work, switchboards, hot water, aircon, CCTV/data and general.",Electrician Balaclava 2575,2532,yes,yes,yes,yes,yes,yes,yes,yes,yes,yes,greater,within 90 minutes / 90-minute response,"90-minute response for urgent call-outs across greater regions. | For this suburb, urgent call-outs follow 90-minute emergency response. | Urgent help for storm faults, water-affected fixtures, loss of power and overheating power points and repeated safety switch tripping in Balaclava, with 90-minute emergency response. | Emergency call-outs in this region use 90-minute emergency response.",yes,yes,47,5,,,,,,
Southern Highlands,Wingecarribee,Balmoral,2571,/service-areas/southern-highlands/wingecarribee/balmoral/,yes,Electrician Balmoral 2571 | Emergency & Level 2,"Need an electrician in Balmoral? Evaready helps with emergency faults, Level 2 ASP work, switchboards, hot water, aircon, CCTV/data and general.",Electrician Balmoral 2571,2487,yes,yes,yes,yes,yes,yes,yes,yes,yes,yes,greater,within 90 minutes / 90-minute response,"90-minute response for urgent call-outs across greater regions. | For this suburb, urgent call-outs follow 90-minute emergency response. | Evaready provides 90-minute emergency response for emergency call-outs in this region. | Urgent help for storm faults, water-affected fixtures, loss of power and overheating power points and repeated safety switch tripping in Balmoral, with 90-minute emergency response.",yes,yes,47,5,,,,,,
Southern Highlands,Wingecarribee,Bargo,2574,/service-areas/southern-highlands/wingecarribee/bargo/,yes,Electrician Bargo 2574 | Emergency & Level 2,"Need an electrician in Bargo? Evaready helps with emergency faults, Level 2 ASP work, switchboards, hot water, aircon, CCTV/data and general.",Electrician Bargo 2574,2498,yes,yes,yes,yes,yes,yes,yes,yes,yes,yes,greater,within 90 minutes / 90-minute response,"90-minute response for urgent call-outs across greater regions. | For Bargo, emergency call-outs use 90-minute emergency response; call for unsafe faults, or send photos and details for planned work. | For this suburb, urgent call-outs follow 90-minute emergency response. | Evaready provides 90-minute emergency response for emergency call-outs in this region.",yes,yes,47,5,,,,,,
Southern Highlands,Wingecarribee,Berrima,2577,/service-areas/southern-highlands/wingecarribee/berrima/,yes,Electrician Berrima 2577 | Emergency & Level 2,"Need an electrician in Berrima? Evaready helps with emergency faults, Level 2 ASP work, switchboards, hot water, aircon, CCTV/data and general.",Electrician Berrima 2577,2481,yes,yes,yes,yes,yes,yes,yes,yes,yes,yes,greater,within 90 minutes / 90-minute response,"90-minute response for urgent call-outs across greater regions. | For this suburb, urgent call-outs follow 90-minute emergency response. | Urgent help for storm faults, water-affected fixtures, loss of power and overheating power points and repeated safety switch tripping in Berrima, with 90-minute emergency response. | Emergency call-outs in this region use 90-minute emergency response.",yes,yes,47,5,,,,,,
Southern Highlands,Wingecarribee,Bowral,2576,/service-areas/southern-highlands/wingecarribee/bowral/,yes,Electrician Bowral 2576 | Emergency & Level 2,"Evaready helps Bowral with urgent faults, Level 2 ASP work, switchboards, hot water electrical, aircon, CCTV/data and planned electrical work.",Electrician Bowral 2576,2516,yes,yes,yes,yes,yes,yes,yes,yes,yes,yes,greater,within 90 minutes / 90-minute response,"90-minute response for urgent call-outs across greater regions. | For Bowral, emergency call-outs use 90-minute emergency response; call for unsafe faults, or send photos and details for planned work. | For this suburb, urgent call-outs follow 90-minute emergency response. | Urgent help for storm faults, water-affected fixtures, loss of power and overheating power points and repeated safety switch tripping in Bowral, with 90-minute emergency response.",yes,yes,47,5,,,,,,
Southern Highlands,Wingecarribee,Braemar,2575,/service-areas/southern-highlands/wingecarribee/braemar/,yes,Electrician Braemar 2575 | Emergency & Level 2,"Need electrical help in Braemar 2575? Emergency faults, Level 2 ASP, switchboards, hot water, aircon, CCTV/data and general electrical work across.",Electrician Braemar 2575,2499,yes,yes,yes,yes,yes,yes,yes,yes,yes,yes,greater,within 90 minutes / 90-minute response,"90-minute response for urgent call-outs across greater regions. | For this suburb, urgent call-outs follow 90-minute emergency response. | Evaready provides 90-minute emergency response for emergency call-outs in this region. | Urgent help for storm faults, water-affected fixtures, loss of power and overheating power points and repeated safety switch tripping in Braemar, with 90-minute emergency response.",yes,yes,47,5,,,,,,
Southern Highlands,Wingecarribee,Burradoo,2576,/service-areas/southern-highlands/wingecarribee/burradoo/,yes,Electrician Burradoo 2576 | Emergency & Level 2,"Evaready helps Burradoo with urgent faults, Level 2 ASP work, switchboards, hot water electrical, aircon, CCTV/data and planned electrical work.",Electrician Burradoo 2576,2500,yes,yes,yes,yes,yes,yes,yes,yes,yes,yes,greater,within 90 minutes / 90-minute response,"90-minute response for urgent call-outs across greater regions. | For this suburb, urgent call-outs follow 90-minute emergency response. | Urgent help for storm faults, water-affected fixtures, loss of power and overheating power points and repeated safety switch tripping in Burradoo, with 90-minute emergency response. | Emergency call-outs in this region use 90-minute emergency response.",yes,yes,47,5,,,,,,
Southern Highlands,Wingecarribee,Burrawang,2577,/service-areas/southern-highlands/wingecarribee/burrawang/,yes,Electrician Burrawang 2577 | Emergency & Level 2,"Need electrical help in Burrawang 2577? Emergency faults, Level 2 ASP, switchboards, hot water, aircon, CCTV/data and general electrical work across.",Electrician Burrawang 2577,2527,yes,yes,yes,yes,yes,yes,yes,yes,yes,yes,greater,within 90 minutes / 90-minute response,"90-minute response for urgent call-outs across greater regions. | For Burrawang, emergency call-outs use 90-minute emergency response; call for unsafe faults, or send photos and details for planned work. | For this suburb, urgent call-outs follow 90-minute emergency response. | Urgent help for storm faults, water-affected fixtures, loss of power and overheating power points and repeated safety switch tripping in Burrawang, with 90-minute emergency response.",yes,yes,47,5,,,,,,
Southern Highlands,Wingecarribee,Buxton,2571,/service-areas/southern-highlands/wingecarribee/buxton/,yes,Electrician Buxton 2571 | Emergency & Level 2,"Evaready helps Buxton with urgent faults, Level 2 ASP work, switchboards, hot water electrical, aircon, CCTV/data and planned electrical work.",Electrician Buxton 2571,2512,yes,yes,yes,yes,yes,yes,yes,yes,yes,yes,greater,within 90 minutes / 90-minute response,"90-minute response for urgent call-outs across greater regions. | For Buxton, emergency call-outs use 90-minute emergency response; call for unsafe faults, or send photos and details for planned work. | For this suburb, urgent call-outs follow 90-minute emergency response. | Urgent help for storm faults, water-affected fixtures, loss of power and overheating power points and repeated safety switch tripping in Buxton, with 90-minute emergency response.",yes,yes,47,5,,,,,,
Southern Highlands,Wingecarribee,Colo Vale,2575,/service-areas/southern-highlands/wingecarribee/colo-vale/,yes,Electrician Colo Vale 2575 | Emergency & Level 2,"Need electrical help in Colo Vale 2575? Emergency faults, Level 2 ASP, switchboards, hot water, aircon, CCTV/data and general electrical work across.",Electrician Colo Vale 2575,2577,yes,yes,yes,yes,yes,yes,yes,yes,yes,yes,greater,within 90 minutes / 90-minute response,"90-minute response for urgent call-outs across greater regions. | For this suburb, urgent call-outs follow 90-minute emergency response. | Urgent help for storm faults, water-affected fixtures, loss of power and overheating power points and repeated safety switch tripping in Colo Vale, with 90-minute emergency response. | Emergency call-outs in this region use 90-minute emergency response.",yes,yes,47,5,,,,,,
Southern Highlands,Wingecarribee,East Kangaloon,2576,/service-areas/southern-highlands/wingecarribee/east-kangaloon/,yes,Electrician East Kangaloon 2576 | Emergency & Level 2,"Need an electrician in East Kangaloon? Evaready helps with emergency faults, Level 2 ASP work, switchboards, hot water, aircon, CCTV/data and general.",Electrician East Kangaloon 2576,2602,yes,yes,yes,yes,yes,yes,yes,yes,yes,yes,greater,within 90 minutes / 90-minute response,"90-minute response for urgent call-outs across greater regions. | For this suburb, urgent call-outs follow 90-minute emergency response. | Urgent help for storm faults, water-affected fixtures, loss of power and overheating power points and repeated safety switch tripping in East Kangaloon, with 90-minute emergency response. | Emergency call-outs in this region use 90-minute emergency response.",yes,yes,47,5,,,,,,
Southern Highlands,Wingecarribee,Exeter,2579,/service-areas/southern-highlands/wingecarribee/exeter/,yes,Electrician Exeter 2579 | Emergency & Level 2,"Evaready helps Exeter with urgent faults, Level 2 ASP work, switchboards, hot water electrical, aircon, CCTV/data and planned electrical work.",Electrician Exeter 2579,2532,yes,yes,yes,yes,yes,yes,yes,yes,yes,yes,greater,within 90 minutes / 90-minute response,"90-minute response for urgent call-outs across greater regions. | For Exeter, emergency call-outs use 90-minute emergency response; call for unsafe faults, or send photos and details for planned work. | For this suburb, urgent call-outs follow 90-minute emergency response. | Urgent help for storm faults, water-affected fixtures, loss of power and overheating power points and repeated safety switch tripping in Exeter, with 90-minute emergency response.",yes,yes,47,5,,,,,,
Southern Highlands,Wingecarribee,Glenquarry,2576,/service-areas/southern-highlands/wingecarribee/glenquarry/,yes,Electrician Glenquarry 2576 | Emergency & Level 2,"Need electrical help in Glenquarry 2576? Emergency faults, Level 2 ASP, switchboards, hot water, aircon, CCTV/data and general electrical work across.",Electrician Glenquarry 2576,2490,yes,yes,yes,yes,yes,yes,yes,yes,yes,yes,greater,within 90 minutes / 90-minute response,"90-minute response for urgent call-outs across greater regions. | For this suburb, urgent call-outs follow 90-minute emergency response. | Urgent help for storm faults, water-affected fixtures, loss of power and overheating power points and repeated safety switch tripping in Glenquarry, with 90-minute emergency response. | Emergency call-outs in this region use 90-minute emergency response.",yes,yes,47,5,,,,,,
Southern Highlands,Wingecarribee,Hill Top,2575,/service-areas/southern-highlands/wingecarribee/hill-top/,yes,Electrician Hill Top 2575 | Emergency & Level 2,"Evaready helps Hill Top with urgent faults, Level 2 ASP work, switchboards, hot water electrical, aircon, CCTV/data and planned electrical work.",Electrician Hill Top 2575,2602,yes,yes,yes,yes,yes,yes,yes,yes,yes,yes,greater,within 90 minutes / 90-minute response,"90-minute response for urgent call-outs across greater regions. | For Hill Top, emergency call-outs use 90-minute emergency response; call for unsafe faults, or send photos and details for planned work. | For this suburb, urgent call-outs follow 90-minute emergency response. | Evaready provides 90-minute emergency response for emergency call-outs in this region.",yes,yes,47,5,,,,,,
Southern Highlands,Wingecarribee,Kangaloon,2576,/service-areas/southern-highlands/wingecarribee/kangaloon/,yes,Electrician Kangaloon 2576 | Emergency & Level 2,"Need electrical help in Kangaloon 2576? Emergency faults, Level 2 ASP, switchboards, hot water, aircon, CCTV/data and general electrical work across.",Electrician Kangaloon 2576,2510,yes,yes,yes,yes,yes,yes,yes,yes,yes,yes,greater,within 90 minutes / 90-minute response,"90-minute response for urgent call-outs across greater regions. | For this suburb, urgent call-outs follow 90-minute emergency response. | Urgent help for storm faults, water-affected fixtures, loss of power and overheating power points and repeated safety switch tripping in Kangaloon, with 90-minute emergency response. | Emergency call-outs in this region use 90-minute emergency response.",yes,yes,47,5,,,,,,
Southern Highlands,Wingecarribee,Medway,2577,/service-areas/southern-highlands/wingecarribee/medway/,yes,Electrician Medway 2577 | Emergency & Level 2,"Need an electrician in Medway? Evaready helps with emergency faults, Level 2 ASP work, switchboards, hot water, aircon, CCTV/data and general.",Electrician Medway 2577,2499,yes,yes,yes,yes,yes,yes,yes,yes,yes,yes,greater,within 90 minutes / 90-minute response,"90-minute response for urgent call-outs across greater regions. | For this suburb, urgent call-outs follow 90-minute emergency response. | Urgent help for storm faults, water-affected fixtures, loss of power and overheating power points and repeated safety switch tripping in Medway, with 90-minute emergency response. | Emergency call-outs in this region use 90-minute emergency response.",yes,yes,47,5,,,,,,
Southern Highlands,Wingecarribee,Mittagong,2575,/service-areas/southern-highlands/wingecarribee/mittagong/,yes,Electrician Mittagong 2575 | Emergency & Level 2,"Need electrical help in Mittagong 2575? Emergency faults, Level 2 ASP, switchboards, hot water, aircon, CCTV/data and general electrical work across.",Electrician Mittagong 2575,2523,yes,yes,yes,yes,yes,yes,yes,yes,yes,yes,greater,within 90 minutes / 90-minute response,"90-minute response for urgent call-outs across greater regions. | For Mittagong, emergency call-outs use 90-minute emergency response; call for unsafe faults, or send photos and details for planned work. | For this suburb, urgent call-outs follow 90-minute emergency response. | Urgent help for storm faults, water-affected fixtures, loss of power and overheating power points and repeated safety switch tripping in Mittagong, with 90-minute emergency response.",yes,yes,47,5,,,,,,
Southern Highlands,Wingecarribee,Moss Vale,2577,/service-areas/southern-highlands/wingecarribee/moss-vale/,yes,Electrician Moss Vale 2577 | Emergency & Level 2,"Evaready helps Moss Vale with urgent faults, Level 2 ASP work, switchboards, hot water electrical, aircon, CCTV/data and planned electrical work.",Electrician Moss Vale 2577,2607,yes,yes,yes,yes,yes,yes,yes,yes,yes,yes,greater,within 90 minutes / 90-minute response,"90-minute response for urgent call-outs across greater regions. | For Moss Vale, emergency call-outs use 90-minute emergency response; call for unsafe faults, or send photos and details for planned work. | For this suburb, urgent call-outs follow 90-minute emergency response. | Urgent help for storm faults, water-affected fixtures, loss of power and overheating power points and repeated safety switch tripping in Moss Vale, with 90-minute emergency response.",yes,yes,47,5,,,,,,
Southern Highlands,Wingecarribee,New Berrima,2577,/service-areas/southern-highlands/wingecarribee/new-berrima/,yes,Electrician New Berrima 2577 | Emergency & Level 2,"Evaready helps New Berrima with urgent faults, Level 2 ASP work, switchboards, hot water electrical, aircon, CCTV/data and planned electrical work.",Electrician New Berrima 2577,2587,yes,yes,yes,yes,yes,yes,yes,yes,yes,yes,greater,within 90 minutes / 90-minute response,"90-minute response for urgent call-outs across greater regions. | For this suburb, urgent call-outs follow 90-minute emergency response. | Urgent help for storm faults, water-affected fixtures, loss of power and overheating power points and repeated safety switch tripping in New Berrima, with 90-minute emergency response. | Emergency call-outs in this region use 90-minute emergency response.",yes,yes,47,5,,,,,,
Southern Highlands,Wingecarribee,Renwick,2575,/service-areas/southern-highlands/wingecarribee/renwick/,yes,Electrician Renwick 2575 | Emergency & Level 2,"Need electrical help in Renwick 2575? Emergency faults, Level 2 ASP, switchboards, hot water, aircon, CCTV/data and general electrical work across.",Electrician Renwick 2575,2515,yes,yes,yes,yes,yes,yes,yes,yes,yes,yes,greater,within 90 minutes / 90-minute response,"90-minute response for urgent call-outs across greater regions. | For this suburb, urgent call-outs follow 90-minute emergency response. | Urgent help for storm faults, water-affected fixtures, loss of power and overheating power points and repeated safety switch tripping in Renwick, with 90-minute emergency response. | Emergency call-outs in this region use 90-minute emergency response.",yes,yes,47,5,,,,,,
Southern Highlands,Wingecarribee,Sutton Forest,2577,/service-areas/southern-highlands/wingecarribee/sutton-forest/,yes,Electrician Sutton Forest 2577 | Emergency & Level 2,"Need electrical help in Sutton Forest 2577? Emergency faults, Level 2 ASP, switchboards, hot water, aircon, CCTV/data and general electrical work.",Electrician Sutton Forest 2577,2608,yes,yes,yes,yes,yes,yes,yes,yes,yes,yes,greater,within 90 minutes / 90-minute response,"90-minute response for urgent call-outs across greater regions. | For this suburb, urgent call-outs follow 90-minute emergency response. | Urgent help for storm faults, water-affected fixtures, loss of power and overheating power points and repeated safety switch tripping in Sutton Forest, with 90-minute emergency response. | Emergency call-outs in this region use 90-minute emergency response.",yes,yes,47,5,,,,,,
Southern Highlands,Wingecarribee,Welby,2575,/service-areas/southern-highlands/wingecarribee/welby/,yes,Electrician Welby 2575 | Emergency & Level 2,"Evaready helps Welby with urgent faults, Level 2 ASP work, switchboards, hot water electrical, aircon, CCTV/data and planned electrical work.",Electrician Welby 2575,2530,yes,yes,yes,yes,yes,yes,yes,yes,yes,yes,greater,within 90 minutes / 90-minute response,"90-minute response for urgent call-outs across greater regions. | For Welby, emergency call-outs use 90-minute emergency response; call for unsafe faults, or send photos and details for planned work. | For this suburb, urgent call-outs follow 90-minute emergency response. | Urgent help for storm faults, water-affected fixtures, loss of power and overheating power points and repeated safety switch tripping in Welby, with 90-minute emergency response.",yes,yes,47,5,,,,,,
Southern Highlands,Wingecarribee,Willow Vale,2575,/service-areas/southern-highlands/wingecarribee/willow-vale/,yes,Electrician Willow Vale 2575 | Emergency & Level 2,"Need an electrician in Willow Vale? Evaready helps with emergency faults, Level 2 ASP work, switchboards, hot water, aircon, CCTV/data and general.",Electrician Willow Vale 2575,2582,yes,yes,yes,yes,yes,yes,yes,yes,yes,yes,greater,within 90 minutes / 90-minute response,"90-minute response for urgent call-outs across greater regions. | For this suburb, urgent call-outs follow 90-minute emergency response. | Evaready provides 90-minute emergency response for emergency call-outs in this region. | Urgent help for storm faults, water-affected fixtures, loss of power and overheating power points and repeated safety switch tripping in Willow Vale, with 90-minute emergency response.",yes,yes,47,5,,,,,,
Southern Highlands,Wingecarribee,Woodlands,2575,/service-areas/southern-highlands/wingecarribee/woodlands/,yes,Electrician Woodlands 2575 | Emergency & Level 2,"Evaready helps Woodlands with urgent faults, Level 2 ASP work, switchboards, hot water electrical, aircon, CCTV/data and planned electrical work.",Electrician Woodlands 2575,2507,yes,yes,yes,yes,yes,yes,yes,yes,yes,yes,greater,within 90 minutes / 90-minute response,"90-minute response for urgent call-outs across greater regions. | For Woodlands, emergency call-outs use 90-minute emergency response; call for unsafe faults, or send photos and details for planned work. | For this suburb, urgent call-outs follow 90-minute emergency response. | Evaready provides 90-minute emergency response for emergency call-outs in this region.",yes,yes,47,5,,,,,,
Southern Highlands,Wingecarribee,Yerrinbool,2575,/service-areas/southern-highlands/wingecarribee/yerrinbool/,yes,Electrician Yerrinbool 2575 | Emergency & Level 2,"Need an electrician in Yerrinbool? Evaready helps with emergency faults, Level 2 ASP work, switchboards, hot water, aircon, CCTV/data and general.",Electrician Yerrinbool 2575,2535,yes,yes,yes,yes,yes,yes,yes,yes,yes,yes,greater,within 90 minutes / 90-minute response,"90-minute response for urgent call-outs across greater regions. | For this suburb, urgent call-outs follow 90-minute emergency response. | Urgent help for storm faults, water-affected fixtures, loss of power and overheating power points and repeated safety switch tripping in Yerrinbool, with 90-minute emergency response. | Emergency call-outs in this region use 90-minute emergency response.",yes,yes,47,5,,,,,,
Central Coast South,Central Coast,Alison,2259,/service-areas/central-coast-south/central-coast/alison/,yes,Electrician Alison 2259 | Emergency & Level 2,"Need electrical help in Alison 2259? Emergency faults, Level 2 ASP, switchboards, hot water, aircon, CCTV/data and general electrical work across.",Electrician Alison 2259,2513,yes,yes,yes,yes,yes,yes,yes,yes,yes,yes,greater,within 90 minutes / 90-minute response,"90-minute response for urgent call-outs across greater regions. | For this suburb, urgent call-outs follow 90-minute emergency response. | Urgent help for storm faults, water-affected fixtures, loss of power and overheating power points and repeated safety switch tripping in Alison, with 90-minute emergency response. | Emergency call-outs in this region use 90-minute emergency response.",yes,yes,47,5,,,,,,
Central Coast South,Central Coast,Bar Point,2083,/service-areas/central-coast-south/central-coast/bar-point/,yes,Electrician Bar Point 2083 | Emergency & Level 2,"Need an electrician in Bar Point? Evaready helps with emergency faults, Level 2 ASP work, switchboards, hot water, aircon, CCTV/data and general.",Electrician Bar Point 2083,2587,yes,yes,yes,yes,yes,yes,yes,yes,yes,yes,greater,within 90 minutes / 90-minute response,"90-minute response for urgent call-outs across greater regions. | For Bar Point, emergency call-outs use 90-minute emergency response; call for unsafe faults, or send photos and details for planned work. | For this suburb, urgent call-outs follow 90-minute emergency response. | Urgent help for storm faults, water-affected fixtures, loss of power and overheating power points and repeated safety switch tripping in Bar Point, with 90-minute emergency response.",yes,yes,47,5,,,,,,
Central Coast South,Central Coast,Blackwall,2256,/service-areas/central-coast-south/central-coast/blackwall/,yes,Electrician Blackwall 2256 | Emergency & Level 2,"Evaready helps Blackwall with urgent faults, Level 2 ASP work, switchboards, hot water electrical, aircon, CCTV/data and planned electrical work.",Electrician Blackwall 2256,2515,yes,yes,yes,yes,yes,yes,yes,yes,yes,yes,greater,within 90 minutes / 90-minute response,"90-minute response for urgent call-outs across greater regions. | For Blackwall, emergency call-outs use 90-minute emergency response; call for unsafe faults, or send photos and details for planned work. | For this suburb, urgent call-outs follow 90-minute emergency response. | Urgent help for storm faults, water-affected fixtures, loss of power and overheating power points and repeated safety switch tripping in Blackwall, with 90-minute emergency response.",yes,yes,47,5,,,,,,
Central Coast South,Central Coast,Calga,2250,/service-areas/central-coast-south/central-coast/calga/,yes,Electrician Calga 2250 | Emergency & Level 2,"Evaready helps Calga with urgent faults, Level 2 ASP work, switchboards, hot water electrical, aircon, CCTV/data and planned electrical work.",Electrician Calga 2250,2530,yes,yes,yes,yes,yes,yes,yes,yes,yes,yes,greater,within 90 minutes / 90-minute response,"90-minute response for urgent call-outs across greater regions. | For this suburb, urgent call-outs follow 90-minute emergency response. | Urgent help for storm faults, water-affected fixtures, loss of power and overheating power points and repeated safety switch tripping in Calga, with 90-minute emergency response. | Emergency call-outs in this region use 90-minute emergency response.",yes,yes,47,5,,,,,,
Central Coast South,Central Coast,Central Mangrove,2250,/service-areas/central-coast-south/central-coast/central-mangrove/,yes,Electrician Central Mangrove 2250 | Emergency & Level 2,"Evaready helps Central Mangrove with urgent faults, Level 2 ASP work, switchboards, hot water electrical, aircon, CCTV/data and planned electrical work.",Electrician Central Mangrove 2250,2598,yes,yes,yes,yes,yes,yes,yes,yes,yes,yes,greater,within 90 minutes / 90-minute response,"90-minute response for urgent call-outs across greater regions. | For Central Mangrove, emergency call-outs use 90-minute emergency response; call for unsafe faults, or send photos and details for planned work. | For this suburb, urgent call-outs follow 90-minute emergency response. | Evaready provides 90-minute emergency response for emergency call-outs in this region.",yes,yes,47,5,,,,,,
Central Coast South,Central Coast,Cheero Point,2083,/service-areas/central-coast-south/central-coast/cheero-point/,yes,Electrician Cheero Point 2083 | Emergency & Level 2,"Need an electrician in Cheero Point? Evaready helps with emergency faults, Level 2 ASP work, switchboards, hot water, aircon, CCTV/data and general.",Electrician Cheero Point 2083,2629,yes,yes,yes,yes,yes,yes,yes,yes,yes,yes,greater,within 90 minutes / 90-minute response,"90-minute response for urgent call-outs across greater regions. | For this suburb, urgent call-outs follow 90-minute emergency response. | Evaready provides 90-minute emergency response for emergency call-outs in this region. | Urgent help for storm faults, water-affected fixtures, loss of power and overheating power points and repeated safety switch tripping in Cheero Point, with 90-minute emergency response.",yes,yes,47,5,,,,,,
Central Coast South,Central Coast,Cogra Bay,2083,/service-areas/central-coast-south/central-coast/cogra-bay/,yes,Electrician Cogra Bay 2083 | Emergency & Level 2,"Need electrical help in Cogra Bay 2083? Emergency faults, Level 2 ASP, switchboards, hot water, aircon, CCTV/data and general electrical work across.",Electrician Cogra Bay 2083,2609,yes,yes,yes,yes,yes,yes,yes,yes,yes,yes,greater,within 90 minutes / 90-minute response,"90-minute response for urgent call-outs across greater regions. | For this suburb, urgent call-outs follow 90-minute emergency response. | Urgent help for storm faults, water-affected fixtures, loss of power and overheating power points and repeated safety switch tripping in Cogra Bay, with 90-minute emergency response. | Emergency call-outs in this region use 90-minute emergency response.",yes,yes,47,5,,,,,,
Central Coast South,Central Coast,East Gosford,2250,/service-areas/central-coast-south/central-coast/east-gosford/,yes,Electrician East Gosford 2250 | Emergency & Level 2,"Need an electrician in East Gosford? Evaready helps with emergency faults, Level 2 ASP work, switchboards, hot water, aircon, CCTV/data and general.",Electrician East Gosford 2250,2577,yes,yes,yes,yes,yes,yes,yes,yes,yes,yes,greater,within 90 minutes / 90-minute response,"90-minute response for urgent call-outs across greater regions. | For East Gosford, emergency call-outs use 90-minute emergency response; call for unsafe faults, or send photos and details for planned work. | For this suburb, urgent call-outs follow 90-minute emergency response. | Urgent help for storm faults, water-affected fixtures, loss of power and overheating power points and repeated safety switch tripping in East Gosford, with 90-minute emergency response.",yes,yes,47,5,,,,,,
Central Coast South,Central Coast,Erina,2250,/service-areas/central-coast-south/central-coast/erina/,yes,Electrician Erina 2250 | Emergency & Level 2,"Need an electrician in Erina? Evaready helps with emergency faults, Level 2 ASP work, switchboards, hot water, aircon, CCTV/data and general.",Electrician Erina 2250,2524,yes,yes,yes,yes,yes,yes,yes,yes,yes,yes,greater,within 90 minutes / 90-minute response,"90-minute response for urgent call-outs across greater regions. | For this suburb, urgent call-outs follow 90-minute emergency response. | Urgent help for storm faults, water-affected fixtures, loss of power and overheating power points and repeated safety switch tripping in Erina, with 90-minute emergency response. | Emergency call-outs in this region use 90-minute emergency response.",yes,yes,47,5,,,,,,
Central Coast South,Central Coast,Gosford,2250,/service-areas/central-coast-south/central-coast/gosford/,yes,Electrician Gosford 2250 | Emergency & Level 2,"Need an electrician in Gosford? Evaready Electrical helps with urgent faults, switchboards, hot water circuits, outdoor lighting, CCTV, data cabling.",Electrician Gosford 2250,2508,yes,yes,yes,yes,yes,yes,yes,yes,yes,yes,greater,within 90 minutes / 90-minute response,"90-minute response for urgent call-outs across greater regions. | For this suburb, urgent call-outs follow 90-minute emergency response. | Evaready provides 90-minute emergency response for emergency call-outs in this region. | Urgent help for storm faults, water-affected fixtures, loss of power and overheating power points and repeated safety switch tripping in Gosford, with 90-minute emergency response.",yes,yes,47,5,,,,,,
Central Coast South,Central Coast,Green Point,2251,/service-areas/central-coast-south/central-coast/green-point/,yes,Electrician Green Point 2251 | Emergency & Level 2,"Evaready helps Green Point with urgent faults, Level 2 ASP work, switchboards, hot water electrical, aircon, CCTV/data and planned electrical work.",Electrician Green Point 2251,2608,yes,yes,yes,yes,yes,yes,yes,yes,yes,yes,greater,within 90 minutes / 90-minute response,"90-minute response for urgent call-outs across greater regions. | For this suburb, urgent call-outs follow 90-minute emergency response. | Urgent help for storm faults, water-affected fixtures, loss of power and overheating power points and repeated safety switch tripping in Green Point, with 90-minute emergency response. | Emergency call-outs in this region use 90-minute emergency response.",yes,yes,47,5,,,,,,
Central Coast South,Central Coast,Horsfield Bay,2256,/service-areas/central-coast-south/central-coast/horsfield-bay/,yes,Electrician Horsfield Bay 2256 | Emergency & Level 2,"Need electrical help in Horsfield Bay 2256? Emergency faults, Level 2 ASP, switchboards, hot water, aircon, CCTV/data and general electrical work.",Electrician Horsfield Bay 2256,2585,yes,yes,yes,yes,yes,yes,yes,yes,yes,yes,greater,within 90 minutes / 90-minute response,"90-minute response for urgent call-outs across greater regions. | For this suburb, urgent call-outs follow 90-minute emergency response. | Evaready provides 90-minute emergency response for emergency call-outs in this region. | Urgent help for storm faults, water-affected fixtures, loss of power and overheating power points and repeated safety switch tripping in Horsfield Bay, with 90-minute emergency response.",yes,yes,47,5,,,,,,
Central Coast South,Central Coast,Kangy Angy,2258,/service-areas/central-coast-south/central-coast/kangy-angy/,yes,Electrician Kangy Angy 2258 | Emergency & Level 2,"Evaready helps Kangy Angy with urgent faults, Level 2 ASP work, switchboards, hot water electrical, aircon, CCTV/data and planned electrical work.",Electrician Kangy Angy 2258,2614,yes,yes,yes,yes,yes,yes,yes,yes,yes,yes,greater,within 90 minutes / 90-minute response,"90-minute response for urgent call-outs across greater regions. | For this suburb, urgent call-outs follow 90-minute emergency response. | Urgent help for storm faults, water-affected fixtures, loss of power and overheating power points and repeated safety switch tripping in Kangy Angy, with 90-minute emergency response. | Emergency call-outs in this region use 90-minute emergency response.",yes,yes,47,5,,,,,,
Central Coast South,Central Coast,Kariong,2250,/service-areas/central-coast-south/central-coast/kariong/,yes,Electrician Kariong 2250 | Emergency & Level 2,"Evaready helps Kariong with urgent faults, Level 2 ASP work, switchboards, hot water electrical, aircon, CCTV/data and planned electrical work.",Electrician Kariong 2250,2503,yes,yes,yes,yes,yes,yes,yes,yes,yes,yes,greater,within 90 minutes / 90-minute response,"90-minute response for urgent call-outs across greater regions. | For this suburb, urgent call-outs follow 90-minute emergency response. | Urgent help for storm faults, water-affected fixtures, loss of power and overheating power points and repeated safety switch tripping in Kariong, with 90-minute emergency response. | Emergency call-outs in this region use 90-minute emergency response.",yes,yes,47,5,,,,,,
Central Coast South,Central Coast,Koolewong,2256,/service-areas/central-coast-south/central-coast/koolewong/,yes,Electrician Koolewong 2256 | Emergency & Level 2,"Evaready helps Koolewong with urgent faults, Level 2 ASP work, switchboards, hot water electrical, aircon, CCTV/data and planned electrical work.",Electrician Koolewong 2256,2537,yes,yes,yes,yes,yes,yes,yes,yes,yes,yes,greater,within 90 minutes / 90-minute response,"90-minute response for urgent call-outs across greater regions. | For Koolewong, emergency call-outs use 90-minute emergency response; call for unsafe faults, or send photos and details for planned work. | For this suburb, urgent call-outs follow 90-minute emergency response. | Evaready provides 90-minute emergency response for emergency call-outs in this region.",yes,yes,47,5,,,,,,
Central Coast South,Central Coast,Mardi,2259,/service-areas/central-coast-south/central-coast/mardi/,yes,Electrician Mardi 2259 | Emergency & Level 2,"Evaready helps Mardi with urgent faults, Level 2 ASP work, switchboards, hot water electrical, aircon, CCTV/data and planned electrical work.",Electrician Mardi 2259,2520,yes,yes,yes,yes,yes,yes,yes,yes,yes,yes,greater,within 90 minutes / 90-minute response,"90-minute response for urgent call-outs across greater regions. | For Mardi, emergency call-outs use 90-minute emergency response; call for unsafe faults, or send photos and details for planned work. | For this suburb, urgent call-outs follow 90-minute emergency response. | Urgent help for storm faults, water-affected fixtures, loss of power and overheating power points and repeated safety switch tripping in Mardi, with 90-minute emergency response.",yes,yes,47,5,,,,,,
Central Coast South,Central Coast,Marlow,2775,/service-areas/central-coast-south/central-coast/marlow/,yes,Electrician Marlow 2775 | Emergency & Level 2,"Need electrical help in Marlow 2775? Emergency faults, Level 2 ASP, switchboards, hot water, aircon, CCTV/data and general electrical work across.",Electrician Marlow 2775,2519,yes,yes,yes,yes,yes,yes,yes,yes,yes,yes,greater,within 90 minutes / 90-minute response,"90-minute response for urgent call-outs across greater regions. | For this suburb, urgent call-outs follow 90-minute emergency response. | Evaready provides 90-minute emergency response for emergency call-outs in this region. | Urgent help for storm faults, water-affected fixtures, loss of power and overheating power points and repeated safety switch tripping in Marlow, with 90-minute emergency response.",yes,yes,47,5,,,,,,
Central Coast South,Central Coast,Mooney Mooney,2083,/service-areas/central-coast-south/central-coast/mooney-mooney/,yes,Electrician Mooney Mooney 2083 | Emergency & Level 2,"Need an electrician in Mooney Mooney? Evaready helps with emergency faults, Level 2 ASP work, switchboards, hot water, aircon, CCTV/data and general.",Electrician Mooney Mooney 2083,2603,yes,yes,yes,yes,yes,yes,yes,yes,yes,yes,greater,within 90 minutes / 90-minute response,"90-minute response for urgent call-outs across greater regions. | For this suburb, urgent call-outs follow 90-minute emergency response. | Urgent help for storm faults, water-affected fixtures, loss of power and overheating power points and repeated safety switch tripping in Mooney Mooney, with 90-minute emergency response. | Emergency call-outs in this region use 90-minute emergency response.",yes,yes,47,5,,,,,,
Central Coast South,Central Coast,Mooney Mooney Creek,2250,/service-areas/central-coast-south/central-coast/mooney-mooney-creek/,yes,Electrician Mooney Mooney Creek 2250 | Emergency & Level 2,"Need an electrician in Mooney Mooney Creek? Evaready helps with emergency faults, Level 2 ASP work, switchboards, hot water, aircon, CCTV/data.",Electrician Mooney Mooney Creek 2250,2677,yes,yes,yes,yes,yes,yes,yes,yes,yes,yes,greater,within 90 minutes / 90-minute response,"90-minute response for urgent call-outs across greater regions. | For this suburb, urgent call-outs follow 90-minute emergency response. | Urgent help for storm faults, water-affected fixtures, loss of power and overheating power points and repeated safety switch tripping in Mooney Mooney Creek, with 90-minute emergency response. | Emergency call-outs in this region use 90-minute emergency response.",yes,yes,47,5,,,,,,
Central Coast South,Central Coast,Mount White,2250,/service-areas/central-coast-south/central-coast/mount-white/,yes,Electrician Mount White 2250 | Emergency & Level 2,"Evaready helps Mount White with urgent faults, Level 2 ASP work, switchboards, hot water electrical, aircon, CCTV/data and planned electrical work.",Electrician Mount White 2250,2600,yes,yes,yes,yes,yes,yes,yes,yes,yes,yes,greater,within 90 minutes / 90-minute response,"90-minute response for urgent call-outs across greater regions. | For this suburb, urgent call-outs follow 90-minute emergency response. | Urgent help for storm faults, water-affected fixtures, loss of power and overheating power points and repeated safety switch tripping in Mount White, with 90-minute emergency response. | Emergency call-outs in this region use 90-minute emergency response.",yes,yes,47,5,,,,,,
Central Coast South,Central Coast,Narara,2250,/service-areas/central-coast-south/central-coast/narara/,yes,Electrician Narara 2250 | Emergency & Level 2,"Evaready helps Narara with urgent faults, Level 2 ASP work, switchboards, hot water electrical, aircon, CCTV/data and planned electrical work.",Electrician Narara 2250,2511,yes,yes,yes,yes,yes,yes,yes,yes,yes,yes,greater,within 90 minutes / 90-minute response,"90-minute response for urgent call-outs across greater regions. | For Narara, emergency call-outs use 90-minute emergency response; call for unsafe faults, or send photos and details for planned work. | For this suburb, urgent call-outs follow 90-minute emergency response. | Urgent help for storm faults, water-affected fixtures, loss of power and overheating power points and repeated safety switch tripping in Narara, with 90-minute emergency response.",yes,yes,47,5,,,,,,
Central Coast South,Central Coast,Niagara Park,2250,/service-areas/central-coast-south/central-coast/niagara-park/,yes,Electrician Niagara Park 2250 | Emergency & Level 2,"Need an electrician in Niagara Park? Evaready helps with emergency faults, Level 2 ASP work, switchboards, hot water, aircon, CCTV/data and general.",Electrician Niagara Park 2250,2618,yes,yes,yes,yes,yes,yes,yes,yes,yes,yes,greater,within 90 minutes / 90-minute response,"90-minute response for urgent call-outs across greater regions. | For Niagara Park, emergency call-outs use 90-minute emergency response; call for unsafe faults, or send photos and details for planned work. | For this suburb, urgent call-outs follow 90-minute emergency response. | Urgent help for storm faults, water-affected fixtures, loss of power and overheating power points and repeated safety switch tripping in Niagara Park, with 90-minute emergency response.",yes,yes,47,5,,,,,,
Central Coast South,Central Coast,North Gosford,2250,/service-areas/central-coast-south/central-coast/north-gosford/,yes,Electrician North Gosford 2250 | Emergency & Level 2,"Evaready helps North Gosford with urgent faults, Level 2 ASP work, switchboards, hot water electrical, aircon, CCTV/data and planned electrical work.",Electrician North Gosford 2250,2623,yes,yes,yes,yes,yes,yes,yes,yes,yes,yes,greater,within 90 minutes / 90-minute response,"90-minute response for urgent call-outs across greater regions. | For this suburb, urgent call-outs follow 90-minute emergency response. | Urgent help for storm faults, water-affected fixtures, loss of power and overheating power points and repeated safety switch tripping in North Gosford, with 90-minute emergency response. | Emergency call-outs in this region use 90-minute emergency response.",yes,yes,47,5,,,,,,
Central Coast South,Central Coast,Palmdale,2258,/service-areas/central-coast-south/central-coast/palmdale/,yes,Electrician Palmdale 2258 | Emergency & Level 2,"Need electrical help in Palmdale 2258? Emergency faults, Level 2 ASP, switchboards, hot water, aircon, CCTV/data and general electrical work across.",Electrician Palmdale 2258,2529,yes,yes,yes,yes,yes,yes,yes,yes,yes,yes,greater,within 90 minutes / 90-minute response,"90-minute response for urgent call-outs across greater regions. | For this suburb, urgent call-outs follow 90-minute emergency response. | Urgent help for storm faults, water-affected fixtures, loss of power and overheating power points and repeated safety switch tripping in Palmdale, with 90-minute emergency response. | Emergency call-outs in this region use 90-minute emergency response.",yes,yes,47,5,,,,,,
Central Coast South,Central Coast,Peats Ridge,2250,/service-areas/central-coast-south/central-coast/peats-ridge/,yes,Electrician Peats Ridge 2250 | Emergency & Level 2,"Evaready helps Peats Ridge with urgent faults, Level 2 ASP work, switchboards, hot water electrical, aircon, CCTV/data and planned electrical work.",Electrician Peats Ridge 2250,2636,yes,yes,yes,yes,yes,yes,yes,yes,yes,yes,greater,within 90 minutes / 90-minute response,"90-minute response for urgent call-outs across greater regions. | For Peats Ridge, emergency call-outs use 90-minute emergency response; call for unsafe faults, or send photos and details for planned work. | For this suburb, urgent call-outs follow 90-minute emergency response. | Urgent help for storm faults, water-affected fixtures, loss of power and overheating power points and repeated safety switch tripping in Peats Ridge, with 90-minute emergency response.",yes,yes,47,5,,,,,,
Central Coast South,Central Coast,Phegans Bay,2256,/service-areas/central-coast-south/central-coast/phegans-bay/,yes,Electrician Phegans Bay 2256 | Emergency & Level 2,"Need electrical help in Phegans Bay 2256? Emergency faults, Level 2 ASP, switchboards, hot water, aircon, CCTV/data and general electrical work across.",Electrician Phegans Bay 2256,2587,yes,yes,yes,yes,yes,yes,yes,yes,yes,yes,greater,within 90 minutes / 90-minute response,"90-minute response for urgent call-outs across greater regions. | For this suburb, urgent call-outs follow 90-minute emergency response. | Urgent help for storm faults, water-affected fixtures, loss of power and overheating power points and repeated safety switch tripping in Phegans Bay, with 90-minute emergency response. | Emergency call-outs in this region use 90-minute emergency response.",yes,yes,47,5,,,,,,
Central Coast South,Central Coast,Point Clare,2250,/service-areas/central-coast-south/central-coast/point-clare/,yes,Electrician Point Clare 2250 | Emergency & Level 2,"Need an electrician in Point Clare? Evaready helps with emergency faults, Level 2 ASP work, switchboards, hot water, aircon, CCTV/data and general.",Electrician Point Clare 2250,2616,yes,yes,yes,yes,yes,yes,yes,yes,yes,yes,greater,within 90 minutes / 90-minute response,"90-minute response for urgent call-outs across greater regions. | For this suburb, urgent call-outs follow 90-minute emergency response. | Urgent help for storm faults, water-affected fixtures, loss of power and overheating power points and repeated safety switch tripping in Point Clare, with 90-minute emergency response. | Emergency call-outs in this region use 90-minute emergency response.",yes,yes,47,5,,,,,,
Central Coast South,Central Coast,Point Frederick,2250,/service-areas/central-coast-south/central-coast/point-frederick/,yes,Electrician Point Frederick 2250 | Emergency & Level 2,"Need electrical help in Point Frederick 2250? Emergency faults, Level 2 ASP, switchboards, hot water, aircon, CCTV/data and general electrical work.",Electrician Point Frederick 2250,2602,yes,yes,yes,yes,yes,yes,yes,yes,yes,yes,greater,within 90 minutes / 90-minute response,"90-minute response for urgent call-outs across greater regions. | For this suburb, urgent call-outs follow 90-minute emergency response. | Urgent help for storm faults, water-affected fixtures, loss of power and overheating power points and repeated safety switch tripping in Point Frederick, with 90-minute emergency response. | Emergency call-outs in this region use 90-minute emergency response.",yes,yes,47,5,,,,,,
Central Coast South,Central Coast,Somersby,2250,/service-areas/central-coast-south/central-coast/somersby/,yes,Electrician Somersby 2250 | Emergency & Level 2,"Need electrical help in Somersby 2250? Emergency faults, Level 2 ASP, switchboards, hot water, aircon, CCTV/data and general electrical work across.",Electrician Somersby 2250,2541,yes,yes,yes,yes,yes,yes,yes,yes,yes,yes,greater,within 90 minutes / 90-minute response,"90-minute response for urgent call-outs across greater regions. | For this suburb, urgent call-outs follow 90-minute emergency response. | Evaready provides 90-minute emergency response for emergency call-outs in this region. | Urgent help for storm faults, water-affected fixtures, loss of power and overheating power points and repeated safety switch tripping in Somersby, with 90-minute emergency response.",yes,yes,47,5,,,,,,
Central Coast South,Central Coast,Springfield,2250,/service-areas/central-coast-south/central-coast/springfield/,yes,Electrician Springfield 2250 | Emergency & Level 2,"Need an electrician in Springfield? Evaready helps with emergency faults, Level 2 ASP work, switchboards, hot water, aircon, CCTV/data and general.",Electrician Springfield 2250,2544,yes,yes,yes,yes,yes,yes,yes,yes,yes,yes,greater,within 90 minutes / 90-minute response,"90-minute response for urgent call-outs across greater regions. | For this suburb, urgent call-outs follow 90-minute emergency response. | Urgent help for storm faults, water-affected fixtures, loss of power and overheating power points and repeated safety switch tripping in Springfield, with 90-minute emergency response. | Emergency call-outs in this region use 90-minute emergency response.",yes,yes,47,5,,,,,,
Central Coast South,Central Coast,Tascott,2250,/service-areas/central-coast-south/central-coast/tascott/,yes,Electrician Tascott 2250 | Emergency & Level 2,"Need an electrician in Tascott? Evaready helps with emergency faults, Level 2 ASP work, switchboards, hot water, aircon, CCTV/data and general.",Electrician Tascott 2250,2517,yes,yes,yes,yes,yes,yes,yes,yes,yes,yes,greater,within 90 minutes / 90-minute response,"90-minute response for urgent call-outs across greater regions. | For this suburb, urgent call-outs follow 90-minute emergency response. | Urgent help for storm faults, water-affected fixtures, loss of power and overheating power points and repeated safety switch tripping in Tascott, with 90-minute emergency response. | Emergency call-outs in this region use 90-minute emergency response.",yes,yes,47,5,,,,,,
Central Coast South,Central Coast,Tuggerah,2259,/service-areas/central-coast-south/central-coast/tuggerah/,yes,Electrician Tuggerah 2259 | Emergency & Level 2,"Need an electrician in Tuggerah? Evaready helps with emergency faults, Level 2 ASP work, switchboards, hot water, aircon, CCTV/data and general.",Electrician Tuggerah 2259,2521,yes,yes,yes,yes,yes,yes,yes,yes,yes,yes,greater,within 90 minutes / 90-minute response,"90-minute response for urgent call-outs across greater regions. | For this suburb, urgent call-outs follow 90-minute emergency response. | Evaready provides 90-minute emergency response for emergency call-outs in this region. | Urgent help for storm faults, water-affected fixtures, loss of power and overheating power points and repeated safety switch tripping in Tuggerah, with 90-minute emergency response.",yes,yes,47,5,,,,,,
Central Coast South,Central Coast,Wendoree Park,2250,/service-areas/central-coast-south/central-coast/wendoree-park/,yes,Electrician Wendoree Park 2250 | Emergency & Level 2,"Need an electrician in Wendoree Park? Evaready helps with emergency faults, Level 2 ASP work, switchboards, hot water, aircon, CCTV/data and general.",Electrician Wendoree Park 2250,2626,yes,yes,yes,yes,yes,yes,yes,yes,yes,yes,greater,within 90 minutes / 90-minute response,"90-minute response for urgent call-outs across greater regions. | For this suburb, urgent call-outs follow 90-minute emergency response. | Evaready provides 90-minute emergency response for emergency call-outs in this region. | Urgent help for storm faults, water-affected fixtures, loss of power and overheating power points and repeated safety switch tripping in Wendoree Park, with 90-minute emergency response.",yes,yes,47,5,,,,,,
Central Coast South,Central Coast,West Gosford,2250,/service-areas/central-coast-south/central-coast/west-gosford/,yes,Electrician West Gosford 2250 | Emergency & Level 2,"Need electrical help in West Gosford 2250? Emergency faults, Level 2 ASP, switchboards, hot water, aircon, CCTV/data and general electrical work.",Electrician West Gosford 2250,2597,yes,yes,yes,yes,yes,yes,yes,yes,yes,yes,greater,within 90 minutes / 90-minute response,"90-minute response for urgent call-outs across greater regions. | For West Gosford, emergency call-outs use 90-minute emergency response; call for unsafe faults, or send photos and details for planned work. | For this suburb, urgent call-outs follow 90-minute emergency response. | Urgent help for storm faults, water-affected fixtures, loss of power and overheating power points and repeated safety switch tripping in West Gosford, with 90-minute emergency response.",yes,yes,47,5,,,,,,
Central Coast South,Central Coast,Woy Woy,2256,/service-areas/central-coast-south/central-coast/woy-woy/,yes,Electrician Woy Woy 2256 | Emergency & Level 2,"Need electrical help in Woy Woy 2256? Emergency faults, Level 2 ASP, switchboards, hot water, aircon, CCTV/data and general electrical work across.",Electrician Woy Woy 2256,2618,yes,yes,yes,yes,yes,yes,yes,yes,yes,yes,greater,within 90 minutes / 90-minute response,"90-minute response for urgent call-outs across greater regions. | For Woy Woy, emergency call-outs use 90-minute emergency response; call for unsafe faults, or send photos and details for planned work. | For this suburb, urgent call-outs follow 90-minute emergency response. | Urgent help for storm faults, water-affected fixtures, loss of power and overheating power points and repeated safety switch tripping in Woy Woy, with 90-minute emergency response.",yes,yes,47,5,,,,,,
Central Coast South,Central Coast,Woy Woy Bay,2256,/service-areas/central-coast-south/central-coast/woy-woy-bay/,yes,Electrician Woy Woy Bay 2256 | Emergency & Level 2,"Need electrical help in Woy Woy Bay 2256? Emergency faults, Level 2 ASP, switchboards, hot water, aircon, CCTV/data and general electrical work across.",Electrician Woy Woy Bay 2256,2673,yes,yes,yes,yes,yes,yes,yes,yes,yes,yes,greater,within 90 minutes / 90-minute response,"90-minute response for urgent call-outs across greater regions. | For this suburb, urgent call-outs follow 90-minute emergency response. | Urgent help for storm faults, water-affected fixtures, loss of power and overheating power points and repeated safety switch tripping in Woy Woy Bay, with 90-minute emergency response. | Emergency call-outs in this region use 90-minute emergency response.",yes,yes,47,5,,,,,,
Central Coast South,Central Coast,Wyoming,2250,/service-areas/central-coast-south/central-coast/wyoming/,yes,Electrician Wyoming 2250 | Emergency & Level 2,"Need an electrician in Wyoming? Evaready helps with emergency faults, Level 2 ASP work, switchboards, hot water, aircon, CCTV/data and general.",Electrician Wyoming 2250,2521,yes,yes,yes,yes,yes,yes,yes,yes,yes,yes,greater,within 90 minutes / 90-minute response,"90-minute response for urgent call-outs across greater regions. | For this suburb, urgent call-outs follow 90-minute emergency response. | Urgent help for storm faults, water-affected fixtures, loss of power and overheating power points and repeated safety switch tripping in Wyoming, with 90-minute emergency response. | Emergency call-outs in this region use 90-minute emergency response.",yes,yes,47,5,,,,,,
