route,page type,html/static file exists yes/no,expected public URL,title,meta description,h1,visible word count,main content present yes/no,phone CTA present yes/no,quote CTA present yes/no,Google Ads tag present yes/no,phone conversion attribute present yes/no,quote conversion attribute present yes/no,CSS references valid yes/no,JS references valid yes/no,image references valid yes/no,favicon/icon references valid yes/no,response-time wording present yes/no,expected response-time classification,stale strings found,risky claims found,duplicate location wording found,chopped phrase fragments found,postcode-only wording found,hidden/visibility warning,notes
/,homepage,yes,https://c0d312.github.io/evaready-electrical,Emergency & Level 2 Electrician Sydney | 60-Min Response,"Emergency electrician in Sydney with 60-minute core response, 90-minute greater region response and accredited Level 2 ASP support.",Emergency & Level 2 Electrical Help in Sydney & Surrounding Regions,1741,yes,yes,yes,yes,yes,yes,yes,yes,yes,yes,yes,mixed,,,,,,,
/electrical-faults,fault index,yes,https://c0d312.github.io/evaready-electrical/electrical-faults,Electrical Faults Sydney & Surrounding Regions,"Electrical fault help in Sydney for tripping safety switches and burning smells, no power, sparking power points, overheating power points and storm damage.",Electrical Faults Sydney & Surrounding Regions,913,yes,yes,yes,yes,yes,yes,yes,yes,yes,yes,no,mixed,,,,,,,
/electrical-faults/burning-smell-from-outlet,fault guide,yes,https://c0d312.github.io/evaready-electrical/electrical-faults/burning-smell-from-outlet,Burning Smell From Outlet Sydney & Surrounding Regions,Burning smell from an outlet in Sydney? Stop using the power point and call Evaready Electrical for urgent testing and repair.,Burning Smell From Outlet,640,yes,yes,yes,yes,yes,yes,yes,yes,yes,yes,no,mixed,,,,,,,
/electrical-faults/burning-smell-from-switchboard,fault guide,yes,https://c0d312.github.io/evaready-electrical/electrical-faults/burning-smell-from-switchboard,Burning Smell From Switchboard Sydney & Surrounding Regions,Burning smell near a switchboard in Sydney? Call Evaready Electrical for urgent electrical fault support before touching the board.,Burning Smell From Switchboard,621,yes,yes,yes,yes,yes,yes,yes,yes,yes,yes,no,mixed,,,,,,,
/electrical-faults/circuit-breaker-keeps-tripping,fault guide,yes,https://c0d312.github.io/evaready-electrical/electrical-faults/circuit-breaker-keeps-tripping,Circuit Breaker Keeps Tripping Sydney & Surrounding Regions,"Circuit breaker keeps tripping in Sydney? Evaready Electrical can check overloaded circuits, faulty appliances, wiring damage and switchboard issues.",Circuit Breaker Keeps Tripping,594,yes,yes,yes,yes,yes,yes,yes,yes,yes,yes,no,mixed,,,,,,,
/electrical-faults/electric-shock-from-outlet,fault guide,yes,https://c0d312.github.io/evaready-electrical/electrical-faults/electric-shock-from-outlet,Electric Shock From Outlet Sydney & Surrounding Regions,Electric shock from an outlet in Sydney? Stop using the power point and call Evaready Electrical for urgent electrical fault support.,Electric Shock From Outlet,630,yes,yes,yes,yes,yes,yes,yes,yes,yes,yes,no,mixed,,,,,,,
/electrical-faults/hot-power-point,fault guide,yes,https://c0d312.github.io/evaready-electrical/electrical-faults/hot-power-point,Hot Power Point Sydney & Surrounding Regions,"Hot power point in Sydney? Evaready Electrical can check loose connections, overloaded outlets, damaged wiring and circuit load issues.",Hot Power Point,596,yes,yes,yes,yes,yes,yes,yes,yes,yes,yes,no,mixed,,,,,,,
/electrical-faults/lights-flickering,fault guide,yes,https://c0d312.github.io/evaready-electrical/electrical-faults/lights-flickering,Lights Flickering Sydney & Surrounding Regions,"Lights flickering in Sydney? Evaready Electrical can check fixtures, circuits, switchboards, loose connections and load issues.",Lights Flickering,602,yes,yes,yes,yes,yes,yes,yes,yes,yes,yes,no,mixed,,,,,,,
/electrical-faults/no-power-in-one-room,fault guide,yes,https://c0d312.github.io/evaready-electrical/electrical-faults/no-power-in-one-room,No Power In One Room Sydney & Surrounding Regions,"No power in one room in Sydney? Evaready Electrical can trace tripped circuits, faulty outlets, damaged wiring and switchboard issues.",No Power In One Room,624,yes,yes,yes,yes,yes,yes,yes,yes,yes,yes,no,mixed,,,,,,,
/electrical-faults/no-power-to-house,fault guide,yes,https://c0d312.github.io/evaready-electrical/electrical-faults/no-power-to-house,No Power To House Sydney & Surrounding Regions,"No power to the house in Sydney? Evaready Electrical can help check switchboards, tripped safety devices, storm faults and supply-side concerns.",No Power To House,663,yes,yes,yes,yes,yes,yes,yes,yes,yes,yes,no,mixed,,,,,,,
/electrical-faults/power-outage-after-storm,fault guide,yes,https://c0d312.github.io/evaready-electrical/electrical-faults/power-outage-after-storm,Power Outage After Storm Sydney & Surrounding Regions,"Power outage after a storm in Sydney? Evaready Electrical can help check storm-damaged circuits, switchboards, outdoor fixtures and supply concerns.",Power Outage After Storm,616,yes,yes,yes,yes,yes,yes,yes,yes,yes,yes,no,mixed,,,,,,,
/electrical-faults/power-point-sparking,fault guide,yes,https://c0d312.github.io/evaready-electrical/electrical-faults/power-point-sparking,Power Point Sparking Sydney & Surrounding Regions,"Power point sparking in Sydney? Stop using the outlet and call Evaready Electrical for safe testing, repair or replacement.",Power Point Sparking,600,yes,yes,yes,yes,yes,yes,yes,yes,yes,yes,no,mixed,,,,,,,
/electrical-faults/power-surge-damage,fault guide,yes,https://c0d312.github.io/evaready-electrical/electrical-faults/power-surge-damage,Power Surge Damage Sydney & Surrounding Regions,"Power surge damage in Sydney? Evaready Electrical can inspect affected circuits, switchboards and surge protection options after storms or supply events.",Power Surge Damage,592,yes,yes,yes,yes,yes,yes,yes,yes,yes,yes,no,mixed,,,,,,,
/electrical-faults/rcd-trips-when-raining,fault guide,yes,https://c0d312.github.io/evaready-electrical/electrical-faults/rcd-trips-when-raining,RCD Trips When Raining Sydney & Surrounding Regions,"RCD trips when raining in Sydney? Evaready Electrical can test outdoor circuits, water-damaged fixtures and safety switch faults.",RCD Trips When Raining,612,yes,yes,yes,yes,yes,yes,yes,yes,yes,yes,no,mixed,,,,,,,
/electrical-faults/safety-switch-keeps-tripping,fault guide,yes,https://c0d312.github.io/evaready-electrical/electrical-faults/safety-switch-keeps-tripping,Safety Switch Keeps Tripping Sydney & Surrounding Regions,"Safety switch keeps tripping in Sydney? Evaready Electrical can help test the circuit, isolate the cause and explain the next step.",Safety Switch Keeps Tripping,628,yes,yes,yes,yes,yes,yes,yes,yes,yes,yes,no,mixed,,,,,,,
/electrical-faults/safety-switch-trips-at-night,fault guide,yes,https://c0d312.github.io/evaready-electrical/electrical-faults/safety-switch-trips-at-night,Safety Switch Trips At Night Sydney & Surrounding Regions,"Safety switch trips at night in Sydney? Evaready Electrical can trace appliance, hot water, outdoor and circuit faults that trip after hours.",Safety Switch Trips At Night,624,yes,yes,yes,yes,yes,yes,yes,yes,yes,yes,no,mixed,,,,,,,
/electrical-faults/smoke-from-electrical-panel,fault guide,yes,https://c0d312.github.io/evaready-electrical/electrical-faults/smoke-from-electrical-panel,Smoke From Electrical Panel Sydney & Surrounding Regions,Smoke from an electrical panel or switchboard in Sydney? Keep clear and call Evaready Electrical for urgent electrical support.,Smoke From Electrical Panel,619,yes,yes,yes,yes,yes,yes,yes,yes,yes,yes,no,mixed,,,,,,,
/emergency-electrician-sydney,emergency page,yes,https://c0d312.github.io/evaready-electrical/emergency-electrician-sydney,Emergency Electrician Sydney | 60-Min Response,"Call Evaready for emergency electrical faults in Sydney. 60-minute core response, 90 minutes for greater regions. Power loss and sparking.",Emergency Electrician Sydney for Urgent Electrical Faults,2288,yes,yes,yes,yes,yes,yes,yes,yes,yes,yes,yes,mixed,,,,,,,
/level-2-electrician-sydney,level 2 page,yes,https://c0d312.github.io/evaready-electrical/level-2-electrician-sydney,Level 2 Electrician Sydney | Accredited ASP,"Ausgrid & Endeavour Energy accredited Level 2 ASP for consumer mains, defect notices, metering and supply-side electrical work in Sydney.","Level 2 Electrician Sydney for Mains, Defects & Supply Work",2364,yes,yes,yes,yes,yes,yes,yes,yes,yes,yes,yes,mixed,,,,,,,
/privacy-policy,privacy policy,yes,https://c0d312.github.io/evaready-electrical/privacy-policy,Privacy Policy | Evaready Electrical,"Privacy information for Evaready Electrical enquiries, quote requests and customer contact details.",Privacy Policy,827,yes,yes,yes,yes,yes,yes,yes,yes,yes,yes,no,n/a,,,,,,,
/robots.txt,robots,yes,https://c0d312.github.io/evaready-electrical/robots.txt,,,,6,yes,yes,yes,yes,yes,yes,yes,yes,yes,yes,no,n/a,,,,,,,
/service-areas,service-area index,yes,https://c0d312.github.io/evaready-electrical/service-areas,Electrician Service Areas Sydney | Emergency & Level 2,"Search Evaready Electrical service areas across Sydney suburbs and surrounding regions for urgent faults, Level 2 work and planned electrical jobs.",Electricians Across Sydney & Surrounding Regions,1062,yes,yes,yes,yes,yes,yes,yes,yes,yes,yes,yes,mixed,,,,,,,
/service-areas/blue-mountains,region page,yes,https://c0d312.github.io/evaready-electrical/service-areas/blue-mountains,Blue Mountains Electrician | Emergency & Level 2,"Need an electrician in Blue Mountains? Evaready helps with urgent faults, Level 2 work, switchboards, consumer mains, defect notices and planned electrical.","Blue Mountains Electrician - Emergency, Level 2 & Planned Work",1017,yes,yes,yes,yes,yes,yes,yes,yes,yes,yes,yes,greater,,,,,,,
/service-areas/blue-mountains/blue-mountains,area page,yes,https://c0d312.github.io/evaready-electrical/service-areas/blue-mountains/blue-mountains,Blue Mountains Electrician | Blue Mountains,"Need an electrician in Blue Mountains? Evaready helps with urgent faults, Level 2 work, switchboards, consumer mains, defect notices and planned electrical.","Blue Mountains Electrician - Emergency, Level 2 & Planned Work",1048,yes,yes,yes,yes,yes,yes,yes,yes,yes,yes,yes,greater,,,,,,,
/service-areas/blue-mountains/blue-mountains/berambing,suburb page,yes,https://c0d312.github.io/evaready-electrical/service-areas/blue-mountains/blue-mountains/berambing,Electrician Berambing 2758 | Emergency & Level 2,"Evaready helps Berambing with urgent faults, Level 2 ASP work, switchboards, hot water electrical, aircon, CCTV/data and planned electrical work.",Electrician Berambing 2758,2849,yes,yes,yes,yes,yes,yes,yes,yes,yes,yes,yes,greater,,,,,,,
/service-areas/blue-mountains/blue-mountains/blaxland,suburb page,yes,https://c0d312.github.io/evaready-electrical/service-areas/blue-mountains/blue-mountains/blaxland,Electrician Blaxland 2774 | Emergency & Level 2,"Evaready helps Blaxland with urgent faults, Level 2 ASP work, switchboards, hot water electrical, aircon, CCTV/data and planned electrical work.",Electrician Blaxland 2774,2857,yes,yes,yes,yes,yes,yes,yes,yes,yes,yes,yes,greater,,,,,,,
/service-areas/blue-mountains/blue-mountains/bullaburra,suburb page,yes,https://c0d312.github.io/evaready-electrical/service-areas/blue-mountains/blue-mountains/bullaburra,Electrician Bullaburra 2784 | Emergency & Level 2,"Need an electrician in Bullaburra? Evaready helps with emergency faults, Level 2 ASP work, switchboards, hot water, aircon, CCTV/data and general.",Electrician Bullaburra 2784,2893,yes,yes,yes,yes,yes,yes,yes,yes,yes,yes,yes,greater,,,,,,,
/service-areas/blue-mountains/blue-mountains/faulconbridge,suburb page,yes,https://c0d312.github.io/evaready-electrical/service-areas/blue-mountains/blue-mountains/faulconbridge,Electrician Faulconbridge 2776 | Emergency & Level 2,"Need electrical help in Faulconbridge 2776? Emergency faults, Level 2 ASP, switchboards, hot water, aircon, CCTV/data and general electrical work.",Electrician Faulconbridge 2776,2787,yes,yes,yes,yes,yes,yes,yes,yes,yes,yes,yes,greater,,,,,,,
/service-areas/blue-mountains/blue-mountains/glenbrook,suburb page,yes,https://c0d312.github.io/evaready-electrical/service-areas/blue-mountains/blue-mountains/glenbrook,Electrician Glenbrook 2773 | Emergency & Level 2,"Need electrical help in Glenbrook 2773? Emergency faults, Level 2 ASP, switchboards, hot water, aircon, CCTV/data and general electrical work across.",Electrician Glenbrook 2773,2850,yes,yes,yes,yes,yes,yes,yes,yes,yes,yes,yes,greater,,,,,,,
/service-areas/blue-mountains/blue-mountains/hawkesbury-heights,suburb page,yes,https://c0d312.github.io/evaready-electrical/service-areas/blue-mountains/blue-mountains/hawkesbury-heights,Electrician Hawkesbury Heights 2777 | Emergency & Level 2,"Evaready helps Hawkesbury Heights with urgent faults, Level 2 ASP work, switchboards, hot water electrical, aircon, CCTV/data and planned electrical work.",Electrician Hawkesbury Heights 2777,2865,yes,yes,yes,yes,yes,yes,yes,yes,yes,yes,yes,greater,,,,,,,
/service-areas/blue-mountains/blue-mountains/hazelbrook,suburb page,yes,https://c0d312.github.io/evaready-electrical/service-areas/blue-mountains/blue-mountains/hazelbrook,Electrician Hazelbrook 2779 | Emergency & Level 2,"Evaready helps Hazelbrook with urgent faults, Level 2 ASP work, switchboards, hot water electrical, aircon, CCTV/data and planned electrical work.",Electrician Hazelbrook 2779,2779,yes,yes,yes,yes,yes,yes,yes,yes,yes,yes,yes,greater,,,,,,,
/service-areas/blue-mountains/blue-mountains/katoomba,suburb page,yes,https://c0d312.github.io/evaready-electrical/service-areas/blue-mountains/blue-mountains/katoomba,Electrician Katoomba 2780 | Emergency & Level 2,"Need electrical help in Katoomba 2780? Evaready Electrical helps with storm-related faults, switchboards, outdoor circuits, smoke alarms, shed power.",Electrician Katoomba 2780,2781,yes,yes,yes,yes,yes,yes,yes,yes,yes,yes,yes,greater,,,,,,,
/service-areas/blue-mountains/blue-mountains/lapstone,suburb page,yes,https://c0d312.github.io/evaready-electrical/service-areas/blue-mountains/blue-mountains/lapstone,Electrician Lapstone 2773 | Emergency & Level 2,"Need an electrician in Lapstone? Evaready helps with emergency faults, Level 2 ASP work, switchboards, hot water, aircon, CCTV/data and general.",Electrician Lapstone 2773,2813,yes,yes,yes,yes,yes,yes,yes,yes,yes,yes,yes,greater,,,,,,,
/service-areas/blue-mountains/blue-mountains/lawson,suburb page,yes,https://c0d312.github.io/evaready-electrical/service-areas/blue-mountains/blue-mountains/lawson,Electrician Lawson 2783 | Emergency & Level 2,"Need an electrician in Lawson? Evaready helps with emergency faults, Level 2 ASP work, switchboards, hot water, aircon, CCTV/data and general.",Electrician Lawson 2783,2820,yes,yes,yes,yes,yes,yes,yes,yes,yes,yes,yes,greater,,,,,,,
/service-areas/blue-mountains/blue-mountains/leura,suburb page,yes,https://c0d312.github.io/evaready-electrical/service-areas/blue-mountains/blue-mountains/leura,Electrician Leura 2780 | Emergency & Level 2,"Need an electrician in Leura? Evaready helps with emergency faults, Level 2 ASP work, switchboards, hot water, aircon, CCTV/data and general.",Electrician Leura 2780,2905,yes,yes,yes,yes,yes,yes,yes,yes,yes,yes,yes,greater,,,,,,,
/service-areas/blue-mountains/blue-mountains/linden,suburb page,yes,https://c0d312.github.io/evaready-electrical/service-areas/blue-mountains/blue-mountains/linden,Electrician Linden 2778 | Emergency & Level 2,"Need electrical help in Linden 2778? Emergency faults, Level 2 ASP, switchboards, hot water, aircon, CCTV/data and general electrical work across Blue.",Electrician Linden 2778,2905,yes,yes,yes,yes,yes,yes,yes,yes,yes,yes,yes,greater,,,,,,,
/service-areas/blue-mountains/blue-mountains/mount-riverview,suburb page,yes,https://c0d312.github.io/evaready-electrical/service-areas/blue-mountains/blue-mountains/mount-riverview,Electrician Mount Riverview 2774 | Emergency & Level 2,"Evaready helps Mount Riverview with urgent faults, Level 2 ASP work, switchboards, hot water electrical, aircon, CCTV/data and planned electrical work.",Electrician Mount Riverview 2774,2914,yes,yes,yes,yes,yes,yes,yes,yes,yes,yes,yes,greater,,,,,,,
/service-areas/blue-mountains/blue-mountains/springwood,suburb page,yes,https://c0d312.github.io/evaready-electrical/service-areas/blue-mountains/blue-mountains/springwood,Electrician Springwood 2777 | Emergency & Level 2,"Need an electrician in Springwood? Evaready Electrical helps with storm-related faults, outdoor circuits, switchboards, shed power, smoke alarms.",Electrician Springwood 2777,2762,yes,yes,yes,yes,yes,yes,yes,yes,yes,yes,yes,greater,,,,,,,
/service-areas/blue-mountains/blue-mountains/sun-valley,suburb page,yes,https://c0d312.github.io/evaready-electrical/service-areas/blue-mountains/blue-mountains/sun-valley,Electrician Sun Valley 2777 | Emergency & Level 2,"Need electrical help in Sun Valley 2777? Emergency faults, Level 2 ASP, switchboards, hot water, aircon, CCTV/data and general electrical work across.",Electrician Sun Valley 2777,2911,yes,yes,yes,yes,yes,yes,yes,yes,yes,yes,yes,greater,,,,,,,
/service-areas/blue-mountains/blue-mountains/valley-heights,suburb page,yes,https://c0d312.github.io/evaready-electrical/service-areas/blue-mountains/blue-mountains/valley-heights,Electrician Valley Heights 2777 | Emergency & Level 2,"Need an electrician in Valley Heights? Evaready helps with emergency faults, Level 2 ASP work, switchboards, hot water, aircon, CCTV/data and general.",Electrician Valley Heights 2777,2890,yes,yes,yes,yes,yes,yes,yes,yes,yes,yes,yes,greater,,,,,,,
/service-areas/blue-mountains/blue-mountains/warrimoo,suburb page,yes,https://c0d312.github.io/evaready-electrical/service-areas/blue-mountains/blue-mountains/warrimoo,Electrician Warrimoo 2774 | Emergency & Level 2,"Need electrical help in Warrimoo 2774? Emergency faults, Level 2 ASP, switchboards, hot water, aircon, CCTV/data and general electrical work across.",Electrician Warrimoo 2774,2803,yes,yes,yes,yes,yes,yes,yes,yes,yes,yes,yes,greater,,,,,,,
/service-areas/blue-mountains/blue-mountains/wentworth-falls,suburb page,yes,https://c0d312.github.io/evaready-electrical/service-areas/blue-mountains/blue-mountains/wentworth-falls,Electrician Wentworth Falls 2782 | Emergency & Level 2,"Need electrical help in Wentworth Falls 2782? Emergency faults, Level 2 ASP, switchboards, hot water, aircon, CCTV/data and general electrical work.",Electrician Wentworth Falls 2782,2964,yes,yes,yes,yes,yes,yes,yes,yes,yes,yes,yes,greater,,,,,,,
/service-areas/blue-mountains/blue-mountains/winmalee,suburb page,yes,https://c0d312.github.io/evaready-electrical/service-areas/blue-mountains/blue-mountains/winmalee,Electrician Winmalee 2777 | Emergency & Level 2,"Need an electrician in Winmalee? Evaready helps with emergency faults, Level 2 ASP work, switchboards, hot water, aircon, CCTV/data and general.",Electrician Winmalee 2777,2846,yes,yes,yes,yes,yes,yes,yes,yes,yes,yes,yes,greater,,,,,,,
/service-areas/blue-mountains/blue-mountains/woodford,suburb page,yes,https://c0d312.github.io/evaready-electrical/service-areas/blue-mountains/blue-mountains/woodford,Electrician Woodford 2778 | Emergency & Level 2,"Need an electrician in Woodford? Evaready helps with emergency faults, Level 2 ASP work, switchboards, hot water, aircon, CCTV/data and general.",Electrician Woodford 2778,2816,yes,yes,yes,yes,yes,yes,yes,yes,yes,yes,yes,greater,,,,,,,
/service-areas/blue-mountains/blue-mountains/yellow-rock,suburb page,yes,https://c0d312.github.io/evaready-electrical/service-areas/blue-mountains/blue-mountains/yellow-rock,Electrician Yellow Rock 2777 | Emergency & Level 2,"Need electrical help in Yellow Rock 2777? Emergency faults, Level 2 ASP, switchboards, hot water, aircon, CCTV/data and general electrical work across.",Electrician Yellow Rock 2777,2965,yes,yes,yes,yes,yes,yes,yes,yes,yes,yes,yes,greater,,,,,,,
/service-areas/canterbury-bankstown-and-inner-south-west,region page,yes,https://c0d312.github.io/evaready-electrical/service-areas/canterbury-bankstown-and-inner-south-west,Canterbury-Bankstown & Inner South West Electrician,"Need an electrician in Canterbury-Bankstown & Inner South West? Evaready helps with urgent faults, Level 2 work, switchboards, consumer mains, defect.","Canterbury-Bankstown & Inner South West Electrician - Emergency, Level 2 & Planned Work",993,yes,yes,yes,yes,yes,yes,yes,yes,yes,yes,yes,core,,,,,,,
/service-areas/canterbury-bankstown-and-inner-south-west/canterbury-bankstown,area page,yes,https://c0d312.github.io/evaready-electrical/service-areas/canterbury-bankstown-and-inner-south-west/canterbury-bankstown,Canterbury-Bankstown Electrician | Emergency & Level 2,"Need an electrician in Canterbury-Bankstown? Evaready helps with urgent faults, Level 2 work, switchboards, consumer mains, defect notices and planned.","Canterbury-Bankstown Electrician - Emergency, Level 2 & Planned Work",1044,yes,yes,yes,yes,yes,yes,yes,yes,yes,yes,yes,core,,,,,,,
/service-areas/canterbury-bankstown-and-inner-south-west/canterbury-bankstown/bankstown,suburb page,yes,https://c0d312.github.io/evaready-electrical/service-areas/canterbury-bankstown-and-inner-south-west/canterbury-bankstown/bankstown,Electrician Bankstown 2200 | Emergency & Level 2,"Need electrical help in Bankstown 2200? Evaready Electrical helps with urgent electrical faults, switchboard upgrades, lighting, power, data cabling.",Electrician Bankstown 2200,2699,yes,yes,yes,yes,yes,yes,yes,yes,yes,yes,yes,core,,,,,,,
/service-areas/canterbury-bankstown-and-inner-south-west/canterbury-bankstown/bass-hill,suburb page,yes,https://c0d312.github.io/evaready-electrical/service-areas/canterbury-bankstown-and-inner-south-west/canterbury-bankstown/bass-hill,Electrician Bass Hill 2197 | Emergency & Level 2,"Need an electrician in Bass Hill? Evaready helps with emergency faults, Level 2 ASP work, switchboards, hot water, aircon, CCTV/data and general.",Electrician Bass Hill 2197,2803,yes,yes,yes,yes,yes,yes,yes,yes,yes,yes,yes,core,,,,,,,
/service-areas/canterbury-bankstown-and-inner-south-west/canterbury-bankstown/belfield,suburb page,yes,https://c0d312.github.io/evaready-electrical/service-areas/canterbury-bankstown-and-inner-south-west/canterbury-bankstown/belfield,Electrician Belfield 2191 | Emergency & Level 2,"Need an electrician in Belfield? Evaready helps with emergency faults, Level 2 ASP work, switchboards, hot water, aircon, CCTV/data and general.",Electrician Belfield 2191,2724,yes,yes,yes,yes,yes,yes,yes,yes,yes,yes,yes,core,,,,,,,
/service-areas/canterbury-bankstown-and-inner-south-west/canterbury-bankstown/belmore,suburb page,yes,https://c0d312.github.io/evaready-electrical/service-areas/canterbury-bankstown-and-inner-south-west/canterbury-bankstown/belmore,Electrician Belmore 2192 | Emergency & Level 2,"Need electrical help in Belmore 2192? Emergency faults, Level 2 ASP, switchboards, hot water, aircon, CCTV/data and general electrical work across.",Electrician Belmore 2192,2681,yes,yes,yes,yes,yes,yes,yes,yes,yes,yes,yes,core,,,,,,,
/service-areas/canterbury-bankstown-and-inner-south-west/canterbury-bankstown/beverly-hills,suburb page,yes,https://c0d312.github.io/evaready-electrical/service-areas/canterbury-bankstown-and-inner-south-west/canterbury-bankstown/beverly-hills,Electrician Beverly Hills 2209 | Emergency & Level 2,"Evaready helps Beverly Hills with urgent faults, Level 2 ASP work, switchboards, hot water electrical, aircon, CCTV/data and planned electrical work.",Electrician Beverly Hills 2209,2814,yes,yes,yes,yes,yes,yes,yes,yes,yes,yes,yes,core,,,,,,,
/service-areas/canterbury-bankstown-and-inner-south-west/canterbury-bankstown/birrong,suburb page,yes,https://c0d312.github.io/evaready-electrical/service-areas/canterbury-bankstown-and-inner-south-west/canterbury-bankstown/birrong,Electrician Birrong 2143 | Emergency & Level 2,"Need an electrician in Birrong? Evaready helps with emergency faults, Level 2 ASP work, switchboards, hot water, aircon, CCTV/data and general.",Electrician Birrong 2143,2708,yes,yes,yes,yes,yes,yes,yes,yes,yes,yes,yes,core,,,,,,,
/service-areas/canterbury-bankstown-and-inner-south-west/canterbury-bankstown/campsie,suburb page,yes,https://c0d312.github.io/evaready-electrical/service-areas/canterbury-bankstown-and-inner-south-west/canterbury-bankstown/campsie,Electrician Campsie 2194 | Emergency & Level 2,"Need electrical help in Campsie 2194? Emergency faults, Level 2 ASP, switchboards, hot water, aircon, CCTV/data and general electrical work across.",Electrician Campsie 2194,2708,yes,yes,yes,yes,yes,yes,yes,yes,yes,yes,yes,core,,,,,,,
/service-areas/canterbury-bankstown-and-inner-south-west/canterbury-bankstown/canterbury,suburb page,yes,https://c0d312.github.io/evaready-electrical/service-areas/canterbury-bankstown-and-inner-south-west/canterbury-bankstown/canterbury,Electrician Canterbury 2193 | Emergency & Level 2,"Need electrical help in Canterbury 2193? Emergency faults, Level 2 ASP, switchboards, hot water, aircon, CCTV/data and general electrical work across.",Electrician Canterbury 2193,2724,yes,yes,yes,yes,yes,yes,yes,yes,yes,yes,yes,core,,,,,,,
/service-areas/canterbury-bankstown-and-inner-south-west/canterbury-bankstown/chester-hill,suburb page,yes,https://c0d312.github.io/evaready-electrical/service-areas/canterbury-bankstown-and-inner-south-west/canterbury-bankstown/chester-hill,Electrician Chester Hill 2162 | Emergency & Level 2,"Evaready helps Chester Hill with urgent faults, Level 2 ASP work, switchboards, hot water electrical, aircon, CCTV/data and planned electrical work.",Electrician Chester Hill 2162,2789,yes,yes,yes,yes,yes,yes,yes,yes,yes,yes,yes,core,,,,,,,
/service-areas/canterbury-bankstown-and-inner-south-west/canterbury-bankstown/clemton-park,suburb page,yes,https://c0d312.github.io/evaready-electrical/service-areas/canterbury-bankstown-and-inner-south-west/canterbury-bankstown/clemton-park,Electrician Clemton Park 2206 | Emergency & Level 2,"Evaready helps Clemton Park with urgent faults, Level 2 ASP work, switchboards, hot water electrical, aircon, CCTV/data and planned electrical work.",Electrician Clemton Park 2206,2829,yes,yes,yes,yes,yes,yes,yes,yes,yes,yes,yes,core,,,,,,,
/service-areas/canterbury-bankstown-and-inner-south-west/canterbury-bankstown/condell-park,suburb page,yes,https://c0d312.github.io/evaready-electrical/service-areas/canterbury-bankstown-and-inner-south-west/canterbury-bankstown/condell-park,Electrician Condell Park 2200 | Emergency & Level 2,"Need an electrician in Condell Park? Evaready helps with emergency faults, Level 2 ASP work, switchboards, hot water, aircon, CCTV/data and general.",Electrician Condell Park 2200,2795,yes,yes,yes,yes,yes,yes,yes,yes,yes,yes,yes,core,,,,,,,
/service-areas/canterbury-bankstown-and-inner-south-west/canterbury-bankstown/earlwood,suburb page,yes,https://c0d312.github.io/evaready-electrical/service-areas/canterbury-bankstown-and-inner-south-west/canterbury-bankstown/earlwood,Electrician Earlwood 2206 | Emergency & Level 2,"Need an electrician in Earlwood? Evaready helps with emergency faults, Level 2 ASP work, switchboards, hot water, aircon, CCTV/data and general.",Electrician Earlwood 2206,2788,yes,yes,yes,yes,yes,yes,yes,yes,yes,yes,yes,core,,,,,,,
/service-areas/canterbury-bankstown-and-inner-south-west/canterbury-bankstown/east-hills,suburb page,yes,https://c0d312.github.io/evaready-electrical/service-areas/canterbury-bankstown-and-inner-south-west/canterbury-bankstown/east-hills,Electrician East Hills 2213 | Emergency & Level 2,"Need an electrician in East Hills? Evaready helps with emergency faults, Level 2 ASP work, switchboards, hot water, aircon, CCTV/data and general.",Electrician East Hills 2213,2794,yes,yes,yes,yes,yes,yes,yes,yes,yes,yes,yes,core,,,,,,,
/service-areas/canterbury-bankstown-and-inner-south-west/canterbury-bankstown/georges-hall,suburb page,yes,https://c0d312.github.io/evaready-electrical/service-areas/canterbury-bankstown-and-inner-south-west/canterbury-bankstown/georges-hall,Electrician Georges Hall 2198 | Emergency & Level 2,"Need electrical help in Georges Hall 2198? Emergency faults, Level 2 ASP, switchboards, hot water, aircon, CCTV/data and general electrical work.",Electrician Georges Hall 2198,2837,yes,yes,yes,yes,yes,yes,yes,yes,yes,yes,yes,core,,,,,,,
/service-areas/canterbury-bankstown-and-inner-south-west/canterbury-bankstown/greenacre,suburb page,yes,https://c0d312.github.io/evaready-electrical/service-areas/canterbury-bankstown-and-inner-south-west/canterbury-bankstown/greenacre,Electrician Greenacre 2190 | Emergency & Level 2,"Need electrical help in Greenacre 2190? Emergency faults, Level 2 ASP, switchboards, hot water, aircon, CCTV/data and general electrical work across.",Electrician Greenacre 2190,2768,yes,yes,yes,yes,yes,yes,yes,yes,yes,yes,yes,core,,,,,,,
/service-areas/canterbury-bankstown-and-inner-south-west/canterbury-bankstown/kingsgrove,suburb page,yes,https://c0d312.github.io/evaready-electrical/service-areas/canterbury-bankstown-and-inner-south-west/canterbury-bankstown/kingsgrove,Electrician Kingsgrove 2208 | Emergency & Level 2,"Need electrical help in Kingsgrove 2208? Emergency faults, Level 2 ASP, switchboards, hot water, aircon, CCTV/data and general electrical work across.",Electrician Kingsgrove 2208,2719,yes,yes,yes,yes,yes,yes,yes,yes,yes,yes,yes,core,,,,,,,
/service-areas/canterbury-bankstown-and-inner-south-west/canterbury-bankstown/lakemba,suburb page,yes,https://c0d312.github.io/evaready-electrical/service-areas/canterbury-bankstown-and-inner-south-west/canterbury-bankstown/lakemba,Electrician Lakemba 2195 | Emergency & Level 2,"Need an electrician in Lakemba? Evaready helps with emergency faults, Level 2 ASP work, switchboards, hot water, aircon, CCTV/data and general.",Electrician Lakemba 2195,2696,yes,yes,yes,yes,yes,yes,yes,yes,yes,yes,yes,core,,,,,,,
/service-areas/canterbury-bankstown-and-inner-south-west/canterbury-bankstown/lansdowne,suburb page,yes,https://c0d312.github.io/evaready-electrical/service-areas/canterbury-bankstown-and-inner-south-west/canterbury-bankstown/lansdowne,Electrician Lansdowne 2163 | Emergency & Level 2,"Need electrical help in Lansdowne 2163? Emergency faults, Level 2 ASP, switchboards, hot water, aircon, CCTV/data and general electrical work across.",Electrician Lansdowne 2163,2763,yes,yes,yes,yes,yes,yes,yes,yes,yes,yes,yes,core,,,,,,,
/service-areas/canterbury-bankstown-and-inner-south-west/canterbury-bankstown/milperra,suburb page,yes,https://c0d312.github.io/evaready-electrical/service-areas/canterbury-bankstown-and-inner-south-west/canterbury-bankstown/milperra,Electrician Milperra 2214 | Emergency & Level 2,"Evaready helps Milperra with urgent faults, Level 2 ASP work, switchboards, hot water electrical, aircon, CCTV/data and planned electrical work.",Electrician Milperra 2214,2700,yes,yes,yes,yes,yes,yes,yes,yes,yes,yes,yes,core,,,,,,,
/service-areas/canterbury-bankstown-and-inner-south-west/canterbury-bankstown/mount-lewis,suburb page,yes,https://c0d312.github.io/evaready-electrical/service-areas/canterbury-bankstown-and-inner-south-west/canterbury-bankstown/mount-lewis,Electrician Mount Lewis 2190 | Emergency & Level 2,"Need an electrician in Mount Lewis? Evaready helps with emergency faults, Level 2 ASP work, switchboards, hot water, aircon, CCTV/data and general.",Electrician Mount Lewis 2190,2785,yes,yes,yes,yes,yes,yes,yes,yes,yes,yes,yes,core,,,,,,,
/service-areas/canterbury-bankstown-and-inner-south-west/canterbury-bankstown/narwee,suburb page,yes,https://c0d312.github.io/evaready-electrical/service-areas/canterbury-bankstown-and-inner-south-west/canterbury-bankstown/narwee,Electrician Narwee 2209 | Emergency & Level 2,"Need electrical help in Narwee 2209? Emergency faults, Level 2 ASP, switchboards, hot water, aircon, CCTV/data and general electrical work across.",Electrician Narwee 2209,2685,yes,yes,yes,yes,yes,yes,yes,yes,yes,yes,yes,core,,,,,,,
/service-areas/canterbury-bankstown-and-inner-south-west/canterbury-bankstown/padstow,suburb page,yes,https://c0d312.github.io/evaready-electrical/service-areas/canterbury-bankstown-and-inner-south-west/canterbury-bankstown/padstow,Electrician Padstow 2211 | Emergency & Level 2,"Need an electrician in Padstow? Evaready Electrical helps with electrical faults, safety switches, lighting, power points, hot water circuits.",Electrician Padstow 2211,2700,yes,yes,yes,yes,yes,yes,yes,yes,yes,yes,yes,core,,,,,,,
/service-areas/canterbury-bankstown-and-inner-south-west/canterbury-bankstown/padstow-heights,suburb page,yes,https://c0d312.github.io/evaready-electrical/service-areas/canterbury-bankstown-and-inner-south-west/canterbury-bankstown/padstow-heights,Electrician Padstow Heights 2211 | Emergency & Level 2,"Need electrical help in Padstow Heights 2211? Emergency faults, Level 2 ASP, switchboards, hot water, aircon, CCTV/data and general electrical work.",Electrician Padstow Heights 2211,2827,yes,yes,yes,yes,yes,yes,yes,yes,yes,yes,yes,core,,,,,,,
/service-areas/canterbury-bankstown-and-inner-south-west/canterbury-bankstown/panania,suburb page,yes,https://c0d312.github.io/evaready-electrical/service-areas/canterbury-bankstown-and-inner-south-west/canterbury-bankstown/panania,Electrician Panania 2213 | Emergency & Level 2,"Evaready Electrical helps with emergency faults, switchboard upgrades, smoke alarms, lighting, power points, hot water circuits and Level 2 electrical.",Electrician Panania 2213,2679,yes,yes,yes,yes,yes,yes,yes,yes,yes,yes,yes,core,,,,,,,
/service-areas/canterbury-bankstown-and-inner-south-west/canterbury-bankstown/picnic-point,suburb page,yes,https://c0d312.github.io/evaready-electrical/service-areas/canterbury-bankstown-and-inner-south-west/canterbury-bankstown/picnic-point,Electrician Picnic Point 2213 | Emergency & Level 2,"Evaready helps Picnic Point with urgent faults, Level 2 ASP work, switchboards, hot water electrical, aircon, CCTV/data and planned electrical work.",Electrician Picnic Point 2213,2832,yes,yes,yes,yes,yes,yes,yes,yes,yes,yes,yes,core,,,,,,,
/service-areas/canterbury-bankstown-and-inner-south-west/canterbury-bankstown/potts-hill,suburb page,yes,https://c0d312.github.io/evaready-electrical/service-areas/canterbury-bankstown-and-inner-south-west/canterbury-bankstown/potts-hill,Electrician Potts Hill 2143 | Emergency & Level 2,"Need an electrician in Potts Hill? Evaready helps with emergency faults, Level 2 ASP work, switchboards, hot water, aircon, CCTV/data and general.",Electrician Potts Hill 2143,2774,yes,yes,yes,yes,yes,yes,yes,yes,yes,yes,yes,core,,,,,,,
/service-areas/canterbury-bankstown-and-inner-south-west/canterbury-bankstown/punchbowl,suburb page,yes,https://c0d312.github.io/evaready-electrical/service-areas/canterbury-bankstown-and-inner-south-west/canterbury-bankstown/punchbowl,Electrician Punchbowl 2196 | Emergency & Level 2,"Need an electrician in Punchbowl? Evaready helps with emergency faults, Level 2 ASP work, switchboards, hot water, aircon, CCTV/data and general.",Electrician Punchbowl 2196,2717,yes,yes,yes,yes,yes,yes,yes,yes,yes,yes,yes,core,,,,,,,
/service-areas/canterbury-bankstown-and-inner-south-west/canterbury-bankstown/revesby,suburb page,yes,https://c0d312.github.io/evaready-electrical/service-areas/canterbury-bankstown-and-inner-south-west/canterbury-bankstown/revesby,Electrician Revesby 2212 | Emergency & Level 2,"Need electrical help in Revesby 2212? Evaready Electrical works across Revesby for family homes, duplexes, villas, warehouses and local businesses.",Electrician Revesby 2212,2731,yes,yes,yes,yes,yes,yes,yes,yes,yes,yes,yes,core,,,,,,,
/service-areas/canterbury-bankstown-and-inner-south-west/canterbury-bankstown/revesby-heights,suburb page,yes,https://c0d312.github.io/evaready-electrical/service-areas/canterbury-bankstown-and-inner-south-west/canterbury-bankstown/revesby-heights,Electrician Revesby Heights 2212 | Emergency & Level 2,"Evaready helps Revesby Heights with urgent faults, Level 2 ASP work, switchboards, hot water electrical, aircon, CCTV/data and planned electrical work.",Electrician Revesby Heights 2212,2848,yes,yes,yes,yes,yes,yes,yes,yes,yes,yes,yes,core,,,,,,,
/service-areas/canterbury-bankstown-and-inner-south-west/canterbury-bankstown/riverwood,suburb page,yes,https://c0d312.github.io/evaready-electrical/service-areas/canterbury-bankstown-and-inner-south-west/canterbury-bankstown/riverwood,Electrician Riverwood 2210 | Emergency & Level 2,"Need electrical help in Riverwood 2210? Emergency faults, Level 2 ASP, switchboards, hot water, aircon, CCTV/data and general electrical work across.",Electrician Riverwood 2210,2707,yes,yes,yes,yes,yes,yes,yes,yes,yes,yes,yes,core,,,,,,,
/service-areas/canterbury-bankstown-and-inner-south-west/canterbury-bankstown/roselands,suburb page,yes,https://c0d312.github.io/evaready-electrical/service-areas/canterbury-bankstown-and-inner-south-west/canterbury-bankstown/roselands,Electrician Roselands 2196 | Emergency & Level 2,"Evaready helps Roselands with urgent faults, Level 2 ASP work, switchboards, hot water electrical, aircon, CCTV/data and planned electrical work.",Electrician Roselands 2196,2702,yes,yes,yes,yes,yes,yes,yes,yes,yes,yes,yes,core,,,,,,,
/service-areas/canterbury-bankstown-and-inner-south-west/canterbury-bankstown/sefton,suburb page,yes,https://c0d312.github.io/evaready-electrical/service-areas/canterbury-bankstown-and-inner-south-west/canterbury-bankstown/sefton,Electrician Sefton 2162 | Emergency & Level 2,"Evaready helps Sefton with urgent faults, Level 2 ASP work, switchboards, hot water electrical, aircon, CCTV/data and planned electrical work.",Electrician Sefton 2162,2720,yes,yes,yes,yes,yes,yes,yes,yes,yes,yes,yes,core,,,,,,,
/service-areas/canterbury-bankstown-and-inner-south-west/canterbury-bankstown/villawood,suburb page,yes,https://c0d312.github.io/evaready-electrical/service-areas/canterbury-bankstown-and-inner-south-west/canterbury-bankstown/villawood,Electrician Villawood 2163 | Emergency & Level 2,"Need electrical help in Villawood 2163? Emergency faults, Level 2 ASP, switchboards, hot water, aircon, CCTV/data and general electrical work across.",Electrician Villawood 2163,2696,yes,yes,yes,yes,yes,yes,yes,yes,yes,yes,yes,core,,,,,,,
/service-areas/canterbury-bankstown-and-inner-south-west/canterbury-bankstown/wiley-park,suburb page,yes,https://c0d312.github.io/evaready-electrical/service-areas/canterbury-bankstown-and-inner-south-west/canterbury-bankstown/wiley-park,Electrician Wiley Park 2195 | Emergency & Level 2,"Need an electrician in Wiley Park? Evaready helps with emergency faults, Level 2 ASP work, switchboards, hot water, aircon, CCTV/data and general.",Electrician Wiley Park 2195,2780,yes,yes,yes,yes,yes,yes,yes,yes,yes,yes,yes,core,,,,,,,
/service-areas/canterbury-bankstown-and-inner-south-west/canterbury-bankstown/yagoona,suburb page,yes,https://c0d312.github.io/evaready-electrical/service-areas/canterbury-bankstown-and-inner-south-west/canterbury-bankstown/yagoona,Electrician Yagoona 2199 | Emergency & Level 2,"Need electrical help in Yagoona 2199? Emergency faults, Level 2 ASP, switchboards, hot water, aircon, CCTV/data and general electrical work across.",Electrician Yagoona 2199,2715,yes,yes,yes,yes,yes,yes,yes,yes,yes,yes,yes,core,,,,,,,
/service-areas/central-coast-south,region page,yes,https://c0d312.github.io/evaready-electrical/service-areas/central-coast-south,Central Coast South Electrician | Emergency & Level 2,"Need an electrician in Central Coast South? Evaready helps with urgent faults, Level 2 work, switchboards, consumer mains, defect notices and planned.","Central Coast South Electrician - Emergency, Level 2 & Planned Work",1061,yes,yes,yes,yes,yes,yes,yes,yes,yes,yes,yes,greater,,,,,,,
/service-areas/central-coast-south/central-coast,area page,yes,https://c0d312.github.io/evaready-electrical/service-areas/central-coast-south/central-coast,Central Coast Electrician | Central Coast South,"Need an electrician in Central Coast? Evaready helps with urgent faults, Level 2 work, switchboards, consumer mains, defect notices and planned electrical.","Central Coast Electrician - Emergency, Level 2 & Planned Work",1143,yes,yes,yes,yes,yes,yes,yes,yes,yes,yes,yes,greater,,,,,,,
/service-areas/central-coast-south/central-coast/alison,suburb page,yes,https://c0d312.github.io/evaready-electrical/service-areas/central-coast-south/central-coast/alison,Electrician Alison 2259 | Emergency & Level 2,"Need electrical help in Alison 2259? Emergency faults, Level 2 ASP, switchboards, hot water, aircon, CCTV/data and general electrical work across.",Electrician Alison 2259,2834,yes,yes,yes,yes,yes,yes,yes,yes,yes,yes,yes,greater,,,,,,,
/service-areas/central-coast-south/central-coast/bar-point,suburb page,yes,https://c0d312.github.io/evaready-electrical/service-areas/central-coast-south/central-coast/bar-point,Electrician Bar Point 2083 | Emergency & Level 2,"Need an electrician in Bar Point? Evaready helps with emergency faults, Level 2 ASP work, switchboards, hot water, aircon, CCTV/data and general.",Electrician Bar Point 2083,2884,yes,yes,yes,yes,yes,yes,yes,yes,yes,yes,yes,greater,,,,,,,
/service-areas/central-coast-south/central-coast/blackwall,suburb page,yes,https://c0d312.github.io/evaready-electrical/service-areas/central-coast-south/central-coast/blackwall,Electrician Blackwall 2256 | Emergency & Level 2,"Evaready helps Blackwall with urgent faults, Level 2 ASP work, switchboards, hot water electrical, aircon, CCTV/data and planned electrical work.",Electrician Blackwall 2256,2855,yes,yes,yes,yes,yes,yes,yes,yes,yes,yes,yes,greater,,,,,,,
/service-areas/central-coast-south/central-coast/calga,suburb page,yes,https://c0d312.github.io/evaready-electrical/service-areas/central-coast-south/central-coast/calga,Electrician Calga 2250 | Emergency & Level 2,"Evaready helps Calga with urgent faults, Level 2 ASP work, switchboards, hot water electrical, aircon, CCTV/data and planned electrical work.",Electrician Calga 2250,2892,yes,yes,yes,yes,yes,yes,yes,yes,yes,yes,yes,greater,,,,,,,
/service-areas/central-coast-south/central-coast/central-mangrove,suburb page,yes,https://c0d312.github.io/evaready-electrical/service-areas/central-coast-south/central-coast/central-mangrove,Electrician Central Mangrove 2250 | Emergency & Level 2,"Evaready helps Central Mangrove with urgent faults, Level 2 ASP work, switchboards, hot water electrical, aircon, CCTV/data and planned electrical work.",Electrician Central Mangrove 2250,2930,yes,yes,yes,yes,yes,yes,yes,yes,yes,yes,yes,greater,,,,,,,
/service-areas/central-coast-south/central-coast/cheero-point,suburb page,yes,https://c0d312.github.io/evaready-electrical/service-areas/central-coast-south/central-coast/cheero-point,Electrician Cheero Point 2083 | Emergency & Level 2,"Need an electrician in Cheero Point? Evaready helps with emergency faults, Level 2 ASP work, switchboards, hot water, aircon, CCTV/data and general.",Electrician Cheero Point 2083,2994,yes,yes,yes,yes,yes,yes,yes,yes,yes,yes,yes,greater,,,,,,,
/service-areas/central-coast-south/central-coast/cogra-bay,suburb page,yes,https://c0d312.github.io/evaready-electrical/service-areas/central-coast-south/central-coast/cogra-bay,Electrician Cogra Bay 2083 | Emergency & Level 2,"Need electrical help in Cogra Bay 2083? Emergency faults, Level 2 ASP, switchboards, hot water, aircon, CCTV/data and general electrical work across.",Electrician Cogra Bay 2083,2960,yes,yes,yes,yes,yes,yes,yes,yes,yes,yes,yes,greater,,,,,,,
/service-areas/central-coast-south/central-coast/east-gosford,suburb page,yes,https://c0d312.github.io/evaready-electrical/service-areas/central-coast-south/central-coast/east-gosford,Electrician East Gosford 2250 | Emergency & Level 2,"Need an electrician in East Gosford? Evaready helps with emergency faults, Level 2 ASP work, switchboards, hot water, aircon, CCTV/data and general.",Electrician East Gosford 2250,2935,yes,yes,yes,yes,yes,yes,yes,yes,yes,yes,yes,greater,,,,,,,
/service-areas/central-coast-south/central-coast/erina,suburb page,yes,https://c0d312.github.io/evaready-electrical/service-areas/central-coast-south/central-coast/erina,Electrician Erina 2250 | Emergency & Level 2,"Need an electrician in Erina? Evaready helps with emergency faults, Level 2 ASP work, switchboards, hot water, aircon, CCTV/data and general.",Electrician Erina 2250,2922,yes,yes,yes,yes,yes,yes,yes,yes,yes,yes,yes,greater,,,,,,,
/service-areas/central-coast-south/central-coast/gosford,suburb page,yes,https://c0d312.github.io/evaready-electrical/service-areas/central-coast-south/central-coast/gosford,Electrician Gosford 2250 | Emergency & Level 2,"Need an electrician in Gosford? Evaready Electrical helps with urgent faults, switchboards, hot water circuits, outdoor lighting, CCTV, data cabling.",Electrician Gosford 2250,2882,yes,yes,yes,yes,yes,yes,yes,yes,yes,yes,yes,greater,,,,,,,
/service-areas/central-coast-south/central-coast/green-point,suburb page,yes,https://c0d312.github.io/evaready-electrical/service-areas/central-coast-south/central-coast/green-point,Electrician Green Point 2251 | Emergency & Level 2,"Evaready helps Green Point with urgent faults, Level 2 ASP work, switchboards, hot water electrical, aircon, CCTV/data and planned electrical work.",Electrician Green Point 2251,2952,yes,yes,yes,yes,yes,yes,yes,yes,yes,yes,yes,greater,,,,,,,
/service-areas/central-coast-south/central-coast/horsfield-bay,suburb page,yes,https://c0d312.github.io/evaready-electrical/service-areas/central-coast-south/central-coast/horsfield-bay,Electrician Horsfield Bay 2256 | Emergency & Level 2,"Need electrical help in Horsfield Bay 2256? Emergency faults, Level 2 ASP, switchboards, hot water, aircon, CCTV/data and general electrical work.",Electrician Horsfield Bay 2256,2929,yes,yes,yes,yes,yes,yes,yes,yes,yes,yes,yes,greater,,,,,,,
/service-areas/central-coast-south/central-coast/kangy-angy,suburb page,yes,https://c0d312.github.io/evaready-electrical/service-areas/central-coast-south/central-coast/kangy-angy,Electrician Kangy Angy 2258 | Emergency & Level 2,"Evaready helps Kangy Angy with urgent faults, Level 2 ASP work, switchboards, hot water electrical, aircon, CCTV/data and planned electrical work.",Electrician Kangy Angy 2258,3020,yes,yes,yes,yes,yes,yes,yes,yes,yes,yes,yes,greater,,,,,,,
/service-areas/central-coast-south/central-coast/kariong,suburb page,yes,https://c0d312.github.io/evaready-electrical/service-areas/central-coast-south/central-coast/kariong,Electrician Kariong 2250 | Emergency & Level 2,"Evaready helps Kariong with urgent faults, Level 2 ASP work, switchboards, hot water electrical, aircon, CCTV/data and planned electrical work.",Electrician Kariong 2250,2884,yes,yes,yes,yes,yes,yes,yes,yes,yes,yes,yes,greater,,,,,,,
/service-areas/central-coast-south/central-coast/koolewong,suburb page,yes,https://c0d312.github.io/evaready-electrical/service-areas/central-coast-south/central-coast/koolewong,Electrician Koolewong 2256 | Emergency & Level 2,"Evaready helps Koolewong with urgent faults, Level 2 ASP work, switchboards, hot water electrical, aircon, CCTV/data and planned electrical work.",Electrician Koolewong 2256,2895,yes,yes,yes,yes,yes,yes,yes,yes,yes,yes,yes,greater,,,,,,,
/service-areas/central-coast-south/central-coast/mardi,suburb page,yes,https://c0d312.github.io/evaready-electrical/service-areas/central-coast-south/central-coast/mardi,Electrician Mardi 2259 | Emergency & Level 2,"Evaready helps Mardi with urgent faults, Level 2 ASP work, switchboards, hot water electrical, aircon, CCTV/data and planned electrical work.",Electrician Mardi 2259,2905,yes,yes,yes,yes,yes,yes,yes,yes,yes,yes,yes,greater,,,,,,,
/service-areas/central-coast-south/central-coast/marlow,suburb page,yes,https://c0d312.github.io/evaready-electrical/service-areas/central-coast-south/central-coast/marlow,Electrician Marlow 2775 | Emergency & Level 2,"Need electrical help in Marlow 2775? Emergency faults, Level 2 ASP, switchboards, hot water, aircon, CCTV/data and general electrical work across.",Electrician Marlow 2775,2887,yes,yes,yes,yes,yes,yes,yes,yes,yes,yes,yes,greater,,,,,,,
/service-areas/central-coast-south/central-coast/mooney-mooney,suburb page,yes,https://c0d312.github.io/evaready-electrical/service-areas/central-coast-south/central-coast/mooney-mooney,Electrician Mooney Mooney 2083 | Emergency & Level 2,"Need an electrician in Mooney Mooney? Evaready helps with emergency faults, Level 2 ASP work, switchboards, hot water, aircon, CCTV/data and general.",Electrician Mooney Mooney 2083,2965,yes,yes,yes,yes,yes,yes,yes,yes,yes,yes,yes,greater,,,,,,,
/service-areas/central-coast-south/central-coast/mooney-mooney-creek,suburb page,yes,https://c0d312.github.io/evaready-electrical/service-areas/central-coast-south/central-coast/mooney-mooney-creek,Electrician Mooney Mooney Creek 2250 | Emergency & Level 2,"Need an electrician in Mooney Mooney Creek? Evaready helps with emergency faults, Level 2 ASP work, switchboards, hot water, aircon, CCTV/data.",Electrician Mooney Mooney Creek 2250,3012,yes,yes,yes,yes,yes,yes,yes,yes,yes,yes,yes,greater,,,,,,,
/service-areas/central-coast-south/central-coast/mount-white,suburb page,yes,https://c0d312.github.io/evaready-electrical/service-areas/central-coast-south/central-coast/mount-white,Electrician Mount White 2250 | Emergency & Level 2,"Evaready helps Mount White with urgent faults, Level 2 ASP work, switchboards, hot water electrical, aircon, CCTV/data and planned electrical work.",Electrician Mount White 2250,2952,yes,yes,yes,yes,yes,yes,yes,yes,yes,yes,yes,greater,,,,,,,
/service-areas/central-coast-south/central-coast/narara,suburb page,yes,https://c0d312.github.io/evaready-electrical/service-areas/central-coast-south/central-coast/narara,Electrician Narara 2250 | Emergency & Level 2,"Evaready helps Narara with urgent faults, Level 2 ASP work, switchboards, hot water electrical, aircon, CCTV/data and planned electrical work.",Electrician Narara 2250,2880,yes,yes,yes,yes,yes,yes,yes,yes,yes,yes,yes,greater,,,,,,,
/service-areas/central-coast-south/central-coast/niagara-park,suburb page,yes,https://c0d312.github.io/evaready-electrical/service-areas/central-coast-south/central-coast/niagara-park,Electrician Niagara Park 2250 | Emergency & Level 2,"Need an electrician in Niagara Park? Evaready helps with emergency faults, Level 2 ASP work, switchboards, hot water, aircon, CCTV/data and general.",Electrician Niagara Park 2250,2987,yes,yes,yes,yes,yes,yes,yes,yes,yes,yes,yes,greater,,,,,,,
/service-areas/central-coast-south/central-coast/north-gosford,suburb page,yes,https://c0d312.github.io/evaready-electrical/service-areas/central-coast-south/central-coast/north-gosford,Electrician North Gosford 2250 | Emergency & Level 2,"Evaready helps North Gosford with urgent faults, Level 2 ASP work, switchboards, hot water electrical, aircon, CCTV/data and planned electrical work.",Electrician North Gosford 2250,3012,yes,yes,yes,yes,yes,yes,yes,yes,yes,yes,yes,greater,,,,,,,
/service-areas/central-coast-south/central-coast/palmdale,suburb page,yes,https://c0d312.github.io/evaready-electrical/service-areas/central-coast-south/central-coast/palmdale,Electrician Palmdale 2258 | Emergency & Level 2,"Need electrical help in Palmdale 2258? Emergency faults, Level 2 ASP, switchboards, hot water, aircon, CCTV/data and general electrical work across.",Electrician Palmdale 2258,2861,yes,yes,yes,yes,yes,yes,yes,yes,yes,yes,yes,greater,,,,,,,
/service-areas/central-coast-south/central-coast/peats-ridge,suburb page,yes,https://c0d312.github.io/evaready-electrical/service-areas/central-coast-south/central-coast/peats-ridge,Electrician Peats Ridge 2250 | Emergency & Level 2,"Evaready helps Peats Ridge with urgent faults, Level 2 ASP work, switchboards, hot water electrical, aircon, CCTV/data and planned electrical work.",Electrician Peats Ridge 2250,3062,yes,yes,yes,yes,yes,yes,yes,yes,yes,yes,yes,greater,,,,,,,
/service-areas/central-coast-south/central-coast/phegans-bay,suburb page,yes,https://c0d312.github.io/evaready-electrical/service-areas/central-coast-south/central-coast/phegans-bay,Electrician Phegans Bay 2256 | Emergency & Level 2,"Need electrical help in Phegans Bay 2256? Emergency faults, Level 2 ASP, switchboards, hot water, aircon, CCTV/data and general electrical work across.",Electrician Phegans Bay 2256,2961,yes,yes,yes,yes,yes,yes,yes,yes,yes,yes,yes,greater,,,,,,,
/service-areas/central-coast-south/central-coast/point-clare,suburb page,yes,https://c0d312.github.io/evaready-electrical/service-areas/central-coast-south/central-coast/point-clare,Electrician Point Clare 2250 | Emergency & Level 2,"Need an electrician in Point Clare? Evaready helps with emergency faults, Level 2 ASP work, switchboards, hot water, aircon, CCTV/data and general.",Electrician Point Clare 2250,2991,yes,yes,yes,yes,yes,yes,yes,yes,yes,yes,yes,greater,,,,,,,
/service-areas/central-coast-south/central-coast/point-frederick,suburb page,yes,https://c0d312.github.io/evaready-electrical/service-areas/central-coast-south/central-coast/point-frederick,Electrician Point Frederick 2250 | Emergency & Level 2,"Need electrical help in Point Frederick 2250? Emergency faults, Level 2 ASP, switchboards, hot water, aircon, CCTV/data and general electrical work.",Electrician Point Frederick 2250,2982,yes,yes,yes,yes,yes,yes,yes,yes,yes,yes,yes,greater,,,,,,,
/service-areas/central-coast-south/central-coast/somersby,suburb page,yes,https://c0d312.github.io/evaready-electrical/service-areas/central-coast-south/central-coast/somersby,Electrician Somersby 2250 | Emergency & Level 2,"Need electrical help in Somersby 2250? Emergency faults, Level 2 ASP, switchboards, hot water, aircon, CCTV/data and general electrical work across.",Electrician Somersby 2250,2901,yes,yes,yes,yes,yes,yes,yes,yes,yes,yes,yes,greater,,,,,,,
/service-areas/central-coast-south/central-coast/springfield,suburb page,yes,https://c0d312.github.io/evaready-electrical/service-areas/central-coast-south/central-coast/springfield,Electrician Springfield 2250 | Emergency & Level 2,"Need an electrician in Springfield? Evaready helps with emergency faults, Level 2 ASP work, switchboards, hot water, aircon, CCTV/data and general.",Electrician Springfield 2250,2945,yes,yes,yes,yes,yes,yes,yes,yes,yes,yes,yes,greater,,,,,,,
/service-areas/central-coast-south/central-coast/tascott,suburb page,yes,https://c0d312.github.io/evaready-electrical/service-areas/central-coast-south/central-coast/tascott,Electrician Tascott 2250 | Emergency & Level 2,"Need an electrician in Tascott? Evaready helps with emergency faults, Level 2 ASP work, switchboards, hot water, aircon, CCTV/data and general.",Electrician Tascott 2250,2851,yes,yes,yes,yes,yes,yes,yes,yes,yes,yes,yes,greater,,,,,,,
/service-areas/central-coast-south/central-coast/tuggerah,suburb page,yes,https://c0d312.github.io/evaready-electrical/service-areas/central-coast-south/central-coast/tuggerah,Electrician Tuggerah 2259 | Emergency & Level 2,"Need an electrician in Tuggerah? Evaready helps with emergency faults, Level 2 ASP work, switchboards, hot water, aircon, CCTV/data and general.",Electrician Tuggerah 2259,2887,yes,yes,yes,yes,yes,yes,yes,yes,yes,yes,yes,greater,,,,,,,
/service-areas/central-coast-south/central-coast/wendoree-park,suburb page,yes,https://c0d312.github.io/evaready-electrical/service-areas/central-coast-south/central-coast/wendoree-park,Electrician Wendoree Park 2250 | Emergency & Level 2,"Need an electrician in Wendoree Park? Evaready helps with emergency faults, Level 2 ASP work, switchboards, hot water, aircon, CCTV/data and general.",Electrician Wendoree Park 2250,2997,yes,yes,yes,yes,yes,yes,yes,yes,yes,yes,yes,greater,,,,,,,
/service-areas/central-coast-south/central-coast/west-gosford,suburb page,yes,https://c0d312.github.io/evaready-electrical/service-areas/central-coast-south/central-coast/west-gosford,Electrician West Gosford 2250 | Emergency & Level 2,"Need electrical help in West Gosford 2250? Emergency faults, Level 2 ASP, switchboards, hot water, aircon, CCTV/data and general electrical work.",Electrician West Gosford 2250,2942,yes,yes,yes,yes,yes,yes,yes,yes,yes,yes,yes,greater,,,,,,,
/service-areas/central-coast-south/central-coast/woy-woy,suburb page,yes,https://c0d312.github.io/evaready-electrical/service-areas/central-coast-south/central-coast/woy-woy,Electrician Woy Woy 2256 | Emergency & Level 2,"Need electrical help in Woy Woy 2256? Emergency faults, Level 2 ASP, switchboards, hot water, aircon, CCTV/data and general electrical work across.",Electrician Woy Woy 2256,3015,yes,yes,yes,yes,yes,yes,yes,yes,yes,yes,yes,greater,,,,,,,
/service-areas/central-coast-south/central-coast/woy-woy-bay,suburb page,yes,https://c0d312.github.io/evaready-electrical/service-areas/central-coast-south/central-coast/woy-woy-bay,Electrician Woy Woy Bay 2256 | Emergency & Level 2,"Need electrical help in Woy Woy Bay 2256? Emergency faults, Level 2 ASP, switchboards, hot water, aircon, CCTV/data and general electrical work across.",Electrician Woy Woy Bay 2256,3013,yes,yes,yes,yes,yes,yes,yes,yes,yes,yes,yes,greater,,,,,,,
/service-areas/central-coast-south/central-coast/wyoming,suburb page,yes,https://c0d312.github.io/evaready-electrical/service-areas/central-coast-south/central-coast/wyoming,Electrician Wyoming 2250 | Emergency & Level 2,"Need an electrician in Wyoming? Evaready helps with emergency faults, Level 2 ASP work, switchboards, hot water, aircon, CCTV/data and general.",Electrician Wyoming 2250,2924,yes,yes,yes,yes,yes,yes,yes,yes,yes,yes,yes,greater,,,,,,,
/service-areas/hills-hawkesbury-and-hornsby,region page,yes,https://c0d312.github.io/evaready-electrical/service-areas/hills-hawkesbury-and-hornsby,"Hills, Hawkesbury & Hornsby Electrician | Emergency & Level 2","Need an electrician in Hills, Hawkesbury & Hornsby? Evaready helps with urgent faults, Level 2 work, switchboards, consumer mains, defect notices.","Hills, Hawkesbury & Hornsby Electrician - Emergency, Level 2 & Planned Work",1077,yes,yes,yes,yes,yes,yes,yes,yes,yes,yes,yes,greater,,,,,,,
/service-areas/hills-hawkesbury-and-hornsby/hawkesbury,area page,yes,https://c0d312.github.io/evaready-electrical/service-areas/hills-hawkesbury-and-hornsby/hawkesbury,"Hawkesbury Electrician | Hills, Hawkesbury & Hornsby","Need an electrician in Hawkesbury? Evaready helps with urgent faults, Level 2 work, switchboards, consumer mains, defect notices and planned electrical.","Hawkesbury Electrician - Emergency, Level 2 & Planned Work",1094,yes,yes,yes,yes,yes,yes,yes,yes,yes,yes,yes,greater,,,,,,,
/service-areas/hills-hawkesbury-and-hornsby/hawkesbury/agnes-banks,suburb page,yes,https://c0d312.github.io/evaready-electrical/service-areas/hills-hawkesbury-and-hornsby/hawkesbury/agnes-banks,Electrician Agnes Banks 2753 | Emergency & Level 2,"Evaready helps Agnes Banks with urgent faults, Level 2 ASP work, switchboards, hot water electrical, aircon, CCTV/data and planned electrical work.",Electrician Agnes Banks 2753,2847,yes,yes,yes,yes,yes,yes,yes,yes,yes,yes,yes,greater,,,,,,,
/service-areas/hills-hawkesbury-and-hornsby/hawkesbury/bilpin,suburb page,yes,https://c0d312.github.io/evaready-electrical/service-areas/hills-hawkesbury-and-hornsby/hawkesbury/bilpin,Electrician Bilpin 2758 | Emergency & Level 2,"Evaready helps Bilpin with urgent faults, Level 2 ASP work, switchboards, hot water electrical, aircon, CCTV/data and planned electrical work.",Electrician Bilpin 2758,2746,yes,yes,yes,yes,yes,yes,yes,yes,yes,yes,yes,greater,,,,,,,
/service-areas/hills-hawkesbury-and-hornsby/hawkesbury/blaxlands-ridge,suburb page,yes,https://c0d312.github.io/evaready-electrical/service-areas/hills-hawkesbury-and-hornsby/hawkesbury/blaxlands-ridge,Electrician Blaxlands Ridge 2758 | Emergency & Level 2,"Need electrical help in Blaxlands Ridge 2758? Emergency faults, Level 2 ASP, switchboards, hot water, aircon, CCTV/data and general electrical work.",Electrician Blaxlands Ridge 2758,2877,yes,yes,yes,yes,yes,yes,yes,yes,yes,yes,yes,greater,,,,,,,
/service-areas/hills-hawkesbury-and-hornsby/hawkesbury/bligh-park,suburb page,yes,https://c0d312.github.io/evaready-electrical/service-areas/hills-hawkesbury-and-hornsby/hawkesbury/bligh-park,Electrician Bligh Park 2756 | Emergency & Level 2,"Need electrical help in Bligh Park 2756? Emergency faults, Level 2 ASP, switchboards, hot water, aircon, CCTV/data and general electrical work across.",Electrician Bligh Park 2756,2821,yes,yes,yes,yes,yes,yes,yes,yes,yes,yes,yes,greater,,,,,,,
/service-areas/hills-hawkesbury-and-hornsby/hawkesbury/bowen-mountain,suburb page,yes,https://c0d312.github.io/evaready-electrical/service-areas/hills-hawkesbury-and-hornsby/hawkesbury/bowen-mountain,Electrician Bowen Mountain 2753 | Emergency & Level 2,"Need electrical help in Bowen Mountain 2753? Emergency faults, Level 2 ASP, switchboards, hot water, aircon, CCTV/data and general electrical work.",Electrician Bowen Mountain 2753,2835,yes,yes,yes,yes,yes,yes,yes,yes,yes,yes,yes,greater,,,,,,,
/service-areas/hills-hawkesbury-and-hornsby/hawkesbury/clarendon,suburb page,yes,https://c0d312.github.io/evaready-electrical/service-areas/hills-hawkesbury-and-hornsby/hawkesbury/clarendon,Electrician Clarendon 2756 | Emergency & Level 2,"Need electrical help in Clarendon 2756? Emergency faults, Level 2 ASP, switchboards, hot water, aircon, CCTV/data and general electrical work across.",Electrician Clarendon 2756,2747,yes,yes,yes,yes,yes,yes,yes,yes,yes,yes,yes,greater,,,,,,,
/service-areas/hills-hawkesbury-and-hornsby/hawkesbury/cornwallis,suburb page,yes,https://c0d312.github.io/evaready-electrical/service-areas/hills-hawkesbury-and-hornsby/hawkesbury/cornwallis,Electrician Cornwallis 2756 | Emergency & Level 2,"Evaready helps Cornwallis with urgent faults, Level 2 ASP work, switchboards, hot water electrical, aircon, CCTV/data and planned electrical work.",Electrician Cornwallis 2756,2759,yes,yes,yes,yes,yes,yes,yes,yes,yes,yes,yes,greater,,,,,,,
/service-areas/hills-hawkesbury-and-hornsby/hawkesbury/cumberland-reach,suburb page,yes,https://c0d312.github.io/evaready-electrical/service-areas/hills-hawkesbury-and-hornsby/hawkesbury/cumberland-reach,Electrician Cumberland Reach 2756 | Emergency & Level 2,"Evaready helps Cumberland Reach with urgent faults, Level 2 ASP work, switchboards, hot water electrical, aircon, CCTV/data and planned electrical work.",Electrician Cumberland Reach 2756,2832,yes,yes,yes,yes,yes,yes,yes,yes,yes,yes,yes,greater,,,,,,,
/service-areas/hills-hawkesbury-and-hornsby/hawkesbury/east-kurrajong,suburb page,yes,https://c0d312.github.io/evaready-electrical/service-areas/hills-hawkesbury-and-hornsby/hawkesbury/east-kurrajong,Electrician East Kurrajong 2758 | Emergency & Level 2,"Evaready helps East Kurrajong with urgent faults, Level 2 ASP work, switchboards, hot water electrical, aircon, CCTV/data and planned electrical work.",Electrician East Kurrajong 2758,2884,yes,yes,yes,yes,yes,yes,yes,yes,yes,yes,yes,greater,,,,,,,
/service-areas/hills-hawkesbury-and-hornsby/hawkesbury/ebenezer,suburb page,yes,https://c0d312.github.io/evaready-electrical/service-areas/hills-hawkesbury-and-hornsby/hawkesbury/ebenezer,Electrician Ebenezer 2756 | Emergency & Level 2,"Evaready helps Ebenezer with urgent faults, Level 2 ASP work, switchboards, hot water electrical, aircon, CCTV/data and planned electrical work.",Electrician Ebenezer 2756,2743,yes,yes,yes,yes,yes,yes,yes,yes,yes,yes,yes,greater,,,,,,,
/service-areas/hills-hawkesbury-and-hornsby/hawkesbury/freemans-reach,suburb page,yes,https://c0d312.github.io/evaready-electrical/service-areas/hills-hawkesbury-and-hornsby/hawkesbury/freemans-reach,Electrician Freemans Reach 2756 | Emergency & Level 2,"Need electrical help in Freemans Reach 2756? Emergency faults, Level 2 ASP, switchboards, hot water, aircon, CCTV/data and general electrical work.",Electrician Freemans Reach 2756,2832,yes,yes,yes,yes,yes,yes,yes,yes,yes,yes,yes,greater,,,,,,,
/service-areas/hills-hawkesbury-and-hornsby/hawkesbury/glossodia,suburb page,yes,https://c0d312.github.io/evaready-electrical/service-areas/hills-hawkesbury-and-hornsby/hawkesbury/glossodia,Electrician Glossodia 2756 | Emergency & Level 2,"Evaready helps Glossodia with urgent faults, Level 2 ASP work, switchboards, hot water electrical, aircon, CCTV/data and planned electrical work.",Electrician Glossodia 2756,2798,yes,yes,yes,yes,yes,yes,yes,yes,yes,yes,yes,greater,,,,,,,
/service-areas/hills-hawkesbury-and-hornsby/hawkesbury/grose-vale,suburb page,yes,https://c0d312.github.io/evaready-electrical/service-areas/hills-hawkesbury-and-hornsby/hawkesbury/grose-vale,Electrician Grose Vale 2753 | Emergency & Level 2,"Need an electrician in Grose Vale? Evaready helps with emergency faults, Level 2 ASP work, switchboards, hot water, aircon, CCTV/data and general.",Electrician Grose Vale 2753,2910,yes,yes,yes,yes,yes,yes,yes,yes,yes,yes,yes,greater,,,,,,,
/service-areas/hills-hawkesbury-and-hornsby/hawkesbury/grose-wold,suburb page,yes,https://c0d312.github.io/evaready-electrical/service-areas/hills-hawkesbury-and-hornsby/hawkesbury/grose-wold,Electrician Grose Wold 2753 | Emergency & Level 2,"Evaready helps Grose Wold with urgent faults, Level 2 ASP work, switchboards, hot water electrical, aircon, CCTV/data and planned electrical work.",Electrician Grose Wold 2753,2805,yes,yes,yes,yes,yes,yes,yes,yes,yes,yes,yes,greater,,,,,,,
/service-areas/hills-hawkesbury-and-hornsby/hawkesbury/hobartville,suburb page,yes,https://c0d312.github.io/evaready-electrical/service-areas/hills-hawkesbury-and-hornsby/hawkesbury/hobartville,Electrician Hobartville 2753 | Emergency & Level 2,"Need an electrician in Hobartville? Evaready helps with emergency faults, Level 2 ASP work, switchboards, hot water, aircon, CCTV/data and general.",Electrician Hobartville 2753,2764,yes,yes,yes,yes,yes,yes,yes,yes,yes,yes,yes,greater,,,,,,,
/service-areas/hills-hawkesbury-and-hornsby/hawkesbury/kurmond,suburb page,yes,https://c0d312.github.io/evaready-electrical/service-areas/hills-hawkesbury-and-hornsby/hawkesbury/kurmond,Electrician Kurmond 2757 | Emergency & Level 2,"Evaready helps Kurmond with urgent faults, Level 2 ASP work, switchboards, hot water electrical, aircon, CCTV/data and planned electrical work.",Electrician Kurmond 2757,2772,yes,yes,yes,yes,yes,yes,yes,yes,yes,yes,yes,greater,,,,,,,
/service-areas/hills-hawkesbury-and-hornsby/hawkesbury/kurrajong,suburb page,yes,https://c0d312.github.io/evaready-electrical/service-areas/hills-hawkesbury-and-hornsby/hawkesbury/kurrajong,Electrician Kurrajong 2758 | Emergency & Level 2,"Evaready helps Kurrajong with urgent faults, Level 2 ASP work, switchboards, hot water electrical, aircon, CCTV/data and planned electrical work.",Electrician Kurrajong 2758,2799,yes,yes,yes,yes,yes,yes,yes,yes,yes,yes,yes,greater,,,,,,,
/service-areas/hills-hawkesbury-and-hornsby/hawkesbury/kurrajong-heights,suburb page,yes,https://c0d312.github.io/evaready-electrical/service-areas/hills-hawkesbury-and-hornsby/hawkesbury/kurrajong-heights,Electrician Kurrajong Heights 2758 | Emergency & Level 2,"Evaready helps Kurrajong Heights with urgent faults, Level 2 ASP work, switchboards, hot water electrical, aircon, CCTV/data and planned electrical work.",Electrician Kurrajong Heights 2758,2844,yes,yes,yes,yes,yes,yes,yes,yes,yes,yes,yes,greater,,,,,,,
/service-areas/hills-hawkesbury-and-hornsby/hawkesbury/kurrajong-hills,suburb page,yes,https://c0d312.github.io/evaready-electrical/service-areas/hills-hawkesbury-and-hornsby/hawkesbury/kurrajong-hills,Electrician Kurrajong Hills 2758 | Emergency & Level 2,"Evaready helps Kurrajong Hills with urgent faults, Level 2 ASP work, switchboards, hot water electrical, aircon, CCTV/data and planned electrical work.",Electrician Kurrajong Hills 2758,2857,yes,yes,yes,yes,yes,yes,yes,yes,yes,yes,yes,greater,,,,,,,
/service-areas/hills-hawkesbury-and-hornsby/hawkesbury/mcgraths-hill,suburb page,yes,https://c0d312.github.io/evaready-electrical/service-areas/hills-hawkesbury-and-hornsby/hawkesbury/mcgraths-hill,Electrician McGraths Hill 2756 | Emergency & Level 2,"Evaready helps McGraths Hill with urgent faults, Level 2 ASP work, switchboards, hot water electrical, aircon, CCTV/data and planned electrical work.",Electrician McGraths Hill 2756,2852,yes,yes,yes,yes,yes,yes,yes,yes,yes,yes,yes,greater,,,,,,,
/service-areas/hills-hawkesbury-and-hornsby/hawkesbury/mulgrave,suburb page,yes,https://c0d312.github.io/evaready-electrical/service-areas/hills-hawkesbury-and-hornsby/hawkesbury/mulgrave,Electrician Mulgrave 2756 | Emergency & Level 2,"Need an electrician in Mulgrave? Evaready helps with emergency faults, Level 2 ASP work, switchboards, hot water, aircon, CCTV/data and general.",Electrician Mulgrave 2756,2729,yes,yes,yes,yes,yes,yes,yes,yes,yes,yes,yes,greater,,,,,,,
/service-areas/hills-hawkesbury-and-hornsby/hawkesbury/north-richmond,suburb page,yes,https://c0d312.github.io/evaready-electrical/service-areas/hills-hawkesbury-and-hornsby/hawkesbury/north-richmond,Electrician North Richmond 2754 | Emergency & Level 2,"Need electrical help in North Richmond 2754? Emergency faults, Level 2 ASP, switchboards, hot water, aircon, CCTV/data and general electrical work.",Electrician North Richmond 2754,2883,yes,yes,yes,yes,yes,yes,yes,yes,yes,yes,yes,greater,,,,,,,
/service-areas/hills-hawkesbury-and-hornsby/hawkesbury/oakville,suburb page,yes,https://c0d312.github.io/evaready-electrical/service-areas/hills-hawkesbury-and-hornsby/hawkesbury/oakville,Electrician Oakville 2765 | Emergency & Level 2,"Need an electrician in Oakville? Evaready helps with emergency faults, Level 2 ASP work, switchboards, hot water, aircon, CCTV/data and general.",Electrician Oakville 2765,2754,yes,yes,yes,yes,yes,yes,yes,yes,yes,yes,yes,greater,,,,,,,
/service-areas/hills-hawkesbury-and-hornsby/hawkesbury/pitt-town,suburb page,yes,https://c0d312.github.io/evaready-electrical/service-areas/hills-hawkesbury-and-hornsby/hawkesbury/pitt-town,Electrician Pitt Town 2756 | Emergency & Level 2,"Evaready helps Pitt Town with urgent faults, Level 2 ASP work, switchboards, hot water electrical, aircon, CCTV/data and planned electrical work.",Electrician Pitt Town 2756,2861,yes,yes,yes,yes,yes,yes,yes,yes,yes,yes,yes,greater,,,,,,,
/service-areas/hills-hawkesbury-and-hornsby/hawkesbury/pitt-town-bottoms,suburb page,yes,https://c0d312.github.io/evaready-electrical/service-areas/hills-hawkesbury-and-hornsby/hawkesbury/pitt-town-bottoms,Electrician Pitt Town Bottoms 2756 | Emergency & Level 2,"Evaready helps Pitt Town Bottoms with urgent faults, Level 2 ASP work, switchboards, hot water electrical, aircon, CCTV/data and planned electrical work.",Electrician Pitt Town Bottoms 2756,2932,yes,yes,yes,yes,yes,yes,yes,yes,yes,yes,yes,greater,,,,,,,
/service-areas/hills-hawkesbury-and-hornsby/hawkesbury/richmond,suburb page,yes,https://c0d312.github.io/evaready-electrical/service-areas/hills-hawkesbury-and-hornsby/hawkesbury/richmond,Electrician Richmond 2753 | Emergency & Level 2,"Need an electrician in Richmond? Evaready helps with emergency faults, Level 2 ASP work, switchboards, hot water, aircon, CCTV/data and general.",Electrician Richmond 2753,2819,yes,yes,yes,yes,yes,yes,yes,yes,yes,yes,yes,greater,,,,,,,
/service-areas/hills-hawkesbury-and-hornsby/hawkesbury/richmond-lowlands,suburb page,yes,https://c0d312.github.io/evaready-electrical/service-areas/hills-hawkesbury-and-hornsby/hawkesbury/richmond-lowlands,Electrician Richmond Lowlands 2753 | Emergency & Level 2,"Need electrical help in Richmond Lowlands 2753? Emergency faults, Level 2 ASP, switchboards, hot water, aircon, CCTV/data and general electrical work.",Electrician Richmond Lowlands 2753,2852,yes,yes,yes,yes,yes,yes,yes,yes,yes,yes,yes,greater,,,,,,,
/service-areas/hills-hawkesbury-and-hornsby/hawkesbury/sackville,suburb page,yes,https://c0d312.github.io/evaready-electrical/service-areas/hills-hawkesbury-and-hornsby/hawkesbury/sackville,Electrician Sackville 2756 | Emergency & Level 2,"Need electrical help in Sackville 2756? Emergency faults, Level 2 ASP, switchboards, hot water, aircon, CCTV/data and general electrical work across.",Electrician Sackville 2756,2755,yes,yes,yes,yes,yes,yes,yes,yes,yes,yes,yes,greater,,,,,,,
/service-areas/hills-hawkesbury-and-hornsby/hawkesbury/scheyville,suburb page,yes,https://c0d312.github.io/evaready-electrical/service-areas/hills-hawkesbury-and-hornsby/hawkesbury/scheyville,Electrician Scheyville 2756 | Emergency & Level 2,"Need electrical help in Scheyville 2756? Emergency faults, Level 2 ASP, switchboards, hot water, aircon, CCTV/data and general electrical work across.",Electrician Scheyville 2756,2811,yes,yes,yes,yes,yes,yes,yes,yes,yes,yes,yes,greater,,,,,,,
/service-areas/hills-hawkesbury-and-hornsby/hawkesbury/south-windsor,suburb page,yes,https://c0d312.github.io/evaready-electrical/service-areas/hills-hawkesbury-and-hornsby/hawkesbury/south-windsor,Electrician South Windsor 2756 | Emergency & Level 2,"Need an electrician in South Windsor? Evaready helps with emergency faults, Level 2 ASP work, switchboards, hot water, aircon, CCTV/data and general.",Electrician South Windsor 2756,2910,yes,yes,yes,yes,yes,yes,yes,yes,yes,yes,yes,greater,,,,,,,
/service-areas/hills-hawkesbury-and-hornsby/hawkesbury/tennyson,suburb page,yes,https://c0d312.github.io/evaready-electrical/service-areas/hills-hawkesbury-and-hornsby/hawkesbury/tennyson,Electrician Tennyson 2754 | Emergency & Level 2,"Need an electrician in Tennyson? Evaready helps with emergency faults, Level 2 ASP work, switchboards, hot water, aircon, CCTV/data and general.",Electrician Tennyson 2754,2769,yes,yes,yes,yes,yes,yes,yes,yes,yes,yes,yes,greater,,,,,,,
/service-areas/hills-hawkesbury-and-hornsby/hawkesbury/the-slopes,suburb page,yes,https://c0d312.github.io/evaready-electrical/service-areas/hills-hawkesbury-and-hornsby/hawkesbury/the-slopes,Electrician The Slopes 2754 | Emergency & Level 2,"Need an electrician in The Slopes? Evaready helps with emergency faults, Level 2 ASP work, switchboards, hot water, aircon, CCTV/data and general.",Electrician The Slopes 2754,2922,yes,yes,yes,yes,yes,yes,yes,yes,yes,yes,yes,greater,,,,,,,
/service-areas/hills-hawkesbury-and-hornsby/hawkesbury/vineyard,suburb page,yes,https://c0d312.github.io/evaready-electrical/service-areas/hills-hawkesbury-and-hornsby/hawkesbury/vineyard,Electrician Vineyard 2765 | Emergency & Level 2,"Need electrical help in Vineyard 2765? Emergency faults, Level 2 ASP, switchboards, hot water, aircon, CCTV/data and general electrical work across.",Electrician Vineyard 2765,2785,yes,yes,yes,yes,yes,yes,yes,yes,yes,yes,yes,greater,,,,,,,
/service-areas/hills-hawkesbury-and-hornsby/hawkesbury/wheeny-creek,suburb page,yes,https://c0d312.github.io/evaready-electrical/service-areas/hills-hawkesbury-and-hornsby/hawkesbury/wheeny-creek,Electrician Wheeny Creek 2758 | Emergency & Level 2,"Need electrical help in Wheeny Creek 2758? Emergency faults, Level 2 ASP, switchboards, hot water, aircon, CCTV/data and general electrical work.",Electrician Wheeny Creek 2758,2866,yes,yes,yes,yes,yes,yes,yes,yes,yes,yes,yes,greater,,,,,,,
/service-areas/hills-hawkesbury-and-hornsby/hawkesbury/wilberforce,suburb page,yes,https://c0d312.github.io/evaready-electrical/service-areas/hills-hawkesbury-and-hornsby/hawkesbury/wilberforce,Electrician Wilberforce 2756 | Emergency & Level 2,"Evaready helps Wilberforce with urgent faults, Level 2 ASP work, switchboards, hot water electrical, aircon, CCTV/data and planned electrical work.",Electrician Wilberforce 2756,2801,yes,yes,yes,yes,yes,yes,yes,yes,yes,yes,yes,greater,,,,,,,
/service-areas/hills-hawkesbury-and-hornsby/hawkesbury/windsor,suburb page,yes,https://c0d312.github.io/evaready-electrical/service-areas/hills-hawkesbury-and-hornsby/hawkesbury/windsor,Electrician Windsor 2756 | Emergency & Level 2,"Evaready helps Windsor with urgent faults, Level 2 ASP work, switchboards, hot water electrical, aircon, CCTV/data and planned electrical work.",Electrician Windsor 2756,2815,yes,yes,yes,yes,yes,yes,yes,yes,yes,yes,yes,greater,,,,,,,
/service-areas/hills-hawkesbury-and-hornsby/hawkesbury/windsor-downs,suburb page,yes,https://c0d312.github.io/evaready-electrical/service-areas/hills-hawkesbury-and-hornsby/hawkesbury/windsor-downs,Electrician Windsor Downs 2756 | Emergency & Level 2,"Need an electrician in Windsor Downs? Evaready helps with emergency faults, Level 2 ASP work, switchboards, hot water, aircon, CCTV/data and general.",Electrician Windsor Downs 2756,2840,yes,yes,yes,yes,yes,yes,yes,yes,yes,yes,yes,greater,,,,,,,
/service-areas/hills-hawkesbury-and-hornsby/hawkesbury/yarramundi,suburb page,yes,https://c0d312.github.io/evaready-electrical/service-areas/hills-hawkesbury-and-hornsby/hawkesbury/yarramundi,Electrician Yarramundi 2753 | Emergency & Level 2,"Need an electrician in Yarramundi? Evaready helps with emergency faults, Level 2 ASP work, switchboards, hot water, aircon, CCTV/data and general.",Electrician Yarramundi 2753,2794,yes,yes,yes,yes,yes,yes,yes,yes,yes,yes,yes,greater,,,,,,,
/service-areas/hills-hawkesbury-and-hornsby/hills-district,area page,yes,https://c0d312.github.io/evaready-electrical/service-areas/hills-hawkesbury-and-hornsby/hills-district,"Hills District Electrician | Hills, Hawkesbury & Hornsby","Need an electrician in Hills District? Evaready helps with urgent faults, Level 2 work, switchboards, consumer mains, defect notices and planned electrical.","Hills District Electrician - Emergency, Level 2 & Planned Work",1050,yes,yes,yes,yes,yes,yes,yes,yes,yes,yes,yes,greater,,,,,,,
/service-areas/hills-hawkesbury-and-hornsby/hills-district/annangrove,suburb page,yes,https://c0d312.github.io/evaready-electrical/service-areas/hills-hawkesbury-and-hornsby/hills-district/annangrove,Electrician Annangrove 2156 | Emergency & Level 2,"Need an electrician in Annangrove? Evaready helps with emergency faults, Level 2 ASP work, switchboards, hot water, aircon, CCTV/data and general.",Electrician Annangrove 2156,2813,yes,yes,yes,yes,yes,yes,yes,yes,yes,yes,yes,greater,,,,,,,
/service-areas/hills-hawkesbury-and-hornsby/hills-district/baulkham-hills,suburb page,yes,https://c0d312.github.io/evaready-electrical/service-areas/hills-hawkesbury-and-hornsby/hills-district/baulkham-hills,Electrician Baulkham Hills 2153 | Emergency & Level 2,"Need an electrician in Baulkham Hills? Evaready Electrical helps with switchboards, EV-ready circuits, lighting, power, CCTV, data and Level 2 enquiries.",Electrician Baulkham Hills 2153,2836,yes,yes,yes,yes,yes,yes,yes,yes,yes,yes,yes,greater,,,,,,,
/service-areas/hills-hawkesbury-and-hornsby/hills-district/beaumont-hills,suburb page,yes,https://c0d312.github.io/evaready-electrical/service-areas/hills-hawkesbury-and-hornsby/hills-district/beaumont-hills,Electrician Beaumont Hills 2155 | Emergency & Level 2,"Need an electrician in Beaumont Hills? Evaready helps with emergency faults, Level 2 ASP work, switchboards, hot water, aircon, CCTV/data and general.",Electrician Beaumont Hills 2155,2872,yes,yes,yes,yes,yes,yes,yes,yes,yes,yes,yes,greater,,,,,,,
/service-areas/hills-hawkesbury-and-hornsby/hills-district/bella-vista,suburb page,yes,https://c0d312.github.io/evaready-electrical/service-areas/hills-hawkesbury-and-hornsby/hills-district/bella-vista,Electrician Bella Vista 2153 | Emergency & Level 2,"Need electrical help in Bella Vista 2153? Emergency faults, Level 2 ASP, switchboards, hot water, aircon, CCTV/data and general electrical work across.",Electrician Bella Vista 2153,2897,yes,yes,yes,yes,yes,yes,yes,yes,yes,yes,yes,greater,,,,,,,
/service-areas/hills-hawkesbury-and-hornsby/hills-district/box-hill,suburb page,yes,https://c0d312.github.io/evaready-electrical/service-areas/hills-hawkesbury-and-hornsby/hills-district/box-hill,Electrician Box Hill 2765 | Emergency & Level 2,"Need electrical help in Box Hill 2765? Emergency faults, Level 2 ASP, switchboards, hot water, aircon, CCTV/data and general electrical work across.",Electrician Box Hill 2765,2852,yes,yes,yes,yes,yes,yes,yes,yes,yes,yes,yes,greater,,,,,,,
/service-areas/hills-hawkesbury-and-hornsby/hills-district/castle-hill,suburb page,yes,https://c0d312.github.io/evaready-electrical/service-areas/hills-hawkesbury-and-hornsby/hills-district/castle-hill,Electrician Castle Hill 2154 | Emergency & Level 2,"Evaready Electrical helps with switchboard upgrades, EV-ready circuits, lighting, fault finding, data cabling, CCTV and Level 2 enquiries.",Electrician Castle Hill 2154,2843,yes,yes,yes,yes,yes,yes,yes,yes,yes,yes,yes,greater,,,,,,,
/service-areas/hills-hawkesbury-and-hornsby/hills-district/cattai,suburb page,yes,https://c0d312.github.io/evaready-electrical/service-areas/hills-hawkesbury-and-hornsby/hills-district/cattai,Electrician Cattai 2756 | Emergency & Level 2,"Need electrical help in Cattai 2756? Emergency faults, Level 2 ASP, switchboards, hot water, aircon, CCTV/data and general electrical work across.",Electrician Cattai 2756,2809,yes,yes,yes,yes,yes,yes,yes,yes,yes,yes,yes,greater,,,,,,,
/service-areas/hills-hawkesbury-and-hornsby/hills-district/dural,suburb page,yes,https://c0d312.github.io/evaready-electrical/service-areas/hills-hawkesbury-and-hornsby/hills-district/dural,Electrician Dural 2158 | Emergency & Level 2,"Need an electrician in Dural? Evaready helps with emergency faults, Level 2 ASP work, switchboards, hot water, aircon, CCTV/data and general.",Electrician Dural 2158,2786,yes,yes,yes,yes,yes,yes,yes,yes,yes,yes,yes,greater,,,,,,,
/service-areas/hills-hawkesbury-and-hornsby/hills-district/glenhaven,suburb page,yes,https://c0d312.github.io/evaready-electrical/service-areas/hills-hawkesbury-and-hornsby/hills-district/glenhaven,Electrician Glenhaven 2156 | Emergency & Level 2,"Need an electrician in Glenhaven? Evaready helps with emergency faults, Level 2 ASP work, switchboards, hot water, aircon, CCTV/data and general.",Electrician Glenhaven 2156,2827,yes,yes,yes,yes,yes,yes,yes,yes,yes,yes,yes,greater,,,,,,,
/service-areas/hills-hawkesbury-and-hornsby/hills-district/glenorie,suburb page,yes,https://c0d312.github.io/evaready-electrical/service-areas/hills-hawkesbury-and-hornsby/hills-district/glenorie,Electrician Glenorie 2157 | Emergency & Level 2,"Need an electrician in Glenorie? Evaready helps with emergency faults, Level 2 ASP work, switchboards, hot water, aircon, CCTV/data and general.",Electrician Glenorie 2157,2774,yes,yes,yes,yes,yes,yes,yes,yes,yes,yes,yes,greater,,,,,,,
/service-areas/hills-hawkesbury-and-hornsby/hills-district/kellyville,suburb page,yes,https://c0d312.github.io/evaready-electrical/service-areas/hills-hawkesbury-and-hornsby/hills-district/kellyville,Electrician Kellyville 2155 | Emergency & Level 2,"Need an electrician in Kellyville? Evaready Electrical helps with lighting, power, switchboards, EV-ready circuits, data, CCTV and faults.",Electrician Kellyville 2155,2748,yes,yes,yes,yes,yes,yes,yes,yes,yes,yes,yes,greater,,,,,,,
/service-areas/hills-hawkesbury-and-hornsby/hills-district/kenthurst,suburb page,yes,https://c0d312.github.io/evaready-electrical/service-areas/hills-hawkesbury-and-hornsby/hills-district/kenthurst,Electrician Kenthurst 2156 | Emergency & Level 2,"Need an electrician in Kenthurst? Evaready helps with emergency faults, Level 2 ASP work, switchboards, hot water, aircon, CCTV/data and general.",Electrician Kenthurst 2156,2778,yes,yes,yes,yes,yes,yes,yes,yes,yes,yes,yes,greater,,,,,,,
/service-areas/hills-hawkesbury-and-hornsby/hills-district/lower-portland,suburb page,yes,https://c0d312.github.io/evaready-electrical/service-areas/hills-hawkesbury-and-hornsby/hills-district/lower-portland,Electrician Lower Portland 2756 | Emergency & Level 2,"Need an electrician in Lower Portland? Evaready helps with emergency faults, Level 2 ASP work, switchboards, hot water, aircon, CCTV/data and general.",Electrician Lower Portland 2756,2871,yes,yes,yes,yes,yes,yes,yes,yes,yes,yes,yes,greater,,,,,,,
/service-areas/hills-hawkesbury-and-hornsby/hills-district/maraylya,suburb page,yes,https://c0d312.github.io/evaready-electrical/service-areas/hills-hawkesbury-and-hornsby/hills-district/maraylya,Electrician Maraylya 2765 | Emergency & Level 2,"Evaready helps Maraylya with urgent faults, Level 2 ASP work, switchboards, hot water electrical, aircon, CCTV/data and planned electrical work.",Electrician Maraylya 2765,2803,yes,yes,yes,yes,yes,yes,yes,yes,yes,yes,yes,greater,,,,,,,
/service-areas/hills-hawkesbury-and-hornsby/hills-district/maroota,suburb page,yes,https://c0d312.github.io/evaready-electrical/service-areas/hills-hawkesbury-and-hornsby/hills-district/maroota,Electrician Maroota 2756 | Emergency & Level 2,"Need electrical help in Maroota 2756? Emergency faults, Level 2 ASP, switchboards, hot water, aircon, CCTV/data and general electrical work across.",Electrician Maroota 2756,2775,yes,yes,yes,yes,yes,yes,yes,yes,yes,yes,yes,greater,,,,,,,
/service-areas/hills-hawkesbury-and-hornsby/hills-district/middle-dural,suburb page,yes,https://c0d312.github.io/evaready-electrical/service-areas/hills-hawkesbury-and-hornsby/hills-district/middle-dural,Electrician Middle Dural 2158 | Emergency & Level 2,"Need electrical help in Middle Dural 2158? Emergency faults, Level 2 ASP, switchboards, hot water, aircon, CCTV/data and general electrical work.",Electrician Middle Dural 2158,2875,yes,yes,yes,yes,yes,yes,yes,yes,yes,yes,yes,greater,,,,,,,
/service-areas/hills-hawkesbury-and-hornsby/hills-district/nelson,suburb page,yes,https://c0d312.github.io/evaready-electrical/service-areas/hills-hawkesbury-and-hornsby/hills-district/nelson,Electrician Nelson 2765 | Emergency & Level 2,"Need electrical help in Nelson 2765? Emergency faults, Level 2 ASP, switchboards, hot water, aircon, CCTV/data and general electrical work across.",Electrician Nelson 2765,2759,yes,yes,yes,yes,yes,yes,yes,yes,yes,yes,yes,greater,,,,,,,
/service-areas/hills-hawkesbury-and-hornsby/hills-district/rouse-hill,suburb page,yes,https://c0d312.github.io/evaready-electrical/service-areas/hills-hawkesbury-and-hornsby/hills-district/rouse-hill,Electrician Rouse Hill 2155 | Emergency & Level 2,"Evaready Electrical helps with lighting, power, switchboards, EV-ready circuits, data, CCTV and electrical fault finding.",Electrician Rouse Hill 2155,2836,yes,yes,yes,yes,yes,yes,yes,yes,yes,yes,yes,greater,,,,,,,
/service-areas/hills-hawkesbury-and-hornsby/hills-district/sackville-north,suburb page,yes,https://c0d312.github.io/evaready-electrical/service-areas/hills-hawkesbury-and-hornsby/hills-district/sackville-north,Electrician Sackville North 2756 | Emergency & Level 2,"Evaready helps Sackville North with urgent faults, Level 2 ASP work, switchboards, hot water electrical, aircon, CCTV/data and planned electrical work.",Electrician Sackville North 2756,2884,yes,yes,yes,yes,yes,yes,yes,yes,yes,yes,yes,greater,,,,,,,
/service-areas/hills-hawkesbury-and-hornsby/hills-district/south-maroota,suburb page,yes,https://c0d312.github.io/evaready-electrical/service-areas/hills-hawkesbury-and-hornsby/hills-district/south-maroota,Electrician South Maroota 2756 | Emergency & Level 2,"Evaready helps South Maroota with urgent faults, Level 2 ASP work, switchboards, hot water electrical, aircon, CCTV/data and planned electrical work.",Electrician South Maroota 2756,2875,yes,yes,yes,yes,yes,yes,yes,yes,yes,yes,yes,greater,,,,,,,
/service-areas/hills-hawkesbury-and-hornsby/hills-district/west-pennant-hills,suburb page,yes,https://c0d312.github.io/evaready-electrical/service-areas/hills-hawkesbury-and-hornsby/hills-district/west-pennant-hills,Electrician West Pennant Hills 2125 | Emergency & Level 2,"Need electrical help in West Pennant Hills 2125? Emergency faults, Level 2 ASP, switchboards, hot water, aircon, CCTV/data and general electrical work.",Electrician West Pennant Hills 2125,2975,yes,yes,yes,yes,yes,yes,yes,yes,yes,yes,yes,greater,,,,,,,
/service-areas/hills-hawkesbury-and-hornsby/hills-district/winston-hills,suburb page,yes,https://c0d312.github.io/evaready-electrical/service-areas/hills-hawkesbury-and-hornsby/hills-district/winston-hills,Electrician Winston Hills 2153 | Emergency & Level 2,"Evaready helps Winston Hills with urgent faults, Level 2 ASP work, switchboards, hot water electrical, aircon, CCTV/data and planned electrical work.",Electrician Winston Hills 2153,2839,yes,yes,yes,yes,yes,yes,yes,yes,yes,yes,yes,greater,,,,,,,
/service-areas/hills-hawkesbury-and-hornsby/hills-district/wisemans-ferry,suburb page,yes,https://c0d312.github.io/evaready-electrical/service-areas/hills-hawkesbury-and-hornsby/hills-district/wisemans-ferry,Electrician Wisemans Ferry 2775 | Emergency & Level 2,"Need electrical help in Wisemans Ferry 2775? Emergency faults, Level 2 ASP, switchboards, hot water, aircon, CCTV/data and general electrical work.",Electrician Wisemans Ferry 2775,2877,yes,yes,yes,yes,yes,yes,yes,yes,yes,yes,yes,greater,,,,,,,
/service-areas/hills-hawkesbury-and-hornsby/hornsby,area page,yes,https://c0d312.github.io/evaready-electrical/service-areas/hills-hawkesbury-and-hornsby/hornsby,"Hornsby Electrician | Hills, Hawkesbury & Hornsby","Need an electrician in Hornsby? Evaready helps with urgent faults, Level 2 work, switchboards, consumer mains, defect notices and planned electrical jobs.","Hornsby Electrician - Emergency, Level 2 & Planned Work",1047,yes,yes,yes,yes,yes,yes,yes,yes,yes,yes,yes,greater,,,,,,,
/service-areas/hills-hawkesbury-and-hornsby/hornsby/arcadia,suburb page,yes,https://c0d312.github.io/evaready-electrical/service-areas/hills-hawkesbury-and-hornsby/hornsby/arcadia,Electrician Arcadia 2159 | Emergency & Level 2,"Need electrical help in Arcadia 2159? Emergency faults, Level 2 ASP, switchboards, hot water, aircon, CCTV/data and general electrical work across Hornsby.",Electrician Arcadia 2159,2819,yes,yes,yes,yes,yes,yes,yes,yes,yes,yes,yes,greater,,,,,,,
/service-areas/hills-hawkesbury-and-hornsby/hornsby/asquith,suburb page,yes,https://c0d312.github.io/evaready-electrical/service-areas/hills-hawkesbury-and-hornsby/hornsby/asquith,Electrician Asquith 2077 | Emergency & Level 2,"Evaready helps Asquith with urgent faults, Level 2 ASP work, switchboards, hot water electrical, aircon, CCTV/data and planned electrical work.",Electrician Asquith 2077,2772,yes,yes,yes,yes,yes,yes,yes,yes,yes,yes,yes,greater,,,,,,,
/service-areas/hills-hawkesbury-and-hornsby/hornsby/beecroft,suburb page,yes,https://c0d312.github.io/evaready-electrical/service-areas/hills-hawkesbury-and-hornsby/hornsby/beecroft,Electrician Beecroft 2119 | Emergency & Level 2,"Evaready helps Beecroft with urgent faults, Level 2 ASP work, switchboards, hot water electrical, aircon, CCTV/data and planned electrical work.",Electrician Beecroft 2119,2792,yes,yes,yes,yes,yes,yes,yes,yes,yes,yes,yes,greater,,,,,,,
/service-areas/hills-hawkesbury-and-hornsby/hornsby/berowra,suburb page,yes,https://c0d312.github.io/evaready-electrical/service-areas/hills-hawkesbury-and-hornsby/hornsby/berowra,Electrician Berowra 2081 | Emergency & Level 2,"Need an electrician in Berowra? Evaready helps with emergency faults, Level 2 ASP work, switchboards, hot water, aircon, CCTV/data and general.",Electrician Berowra 2081,2799,yes,yes,yes,yes,yes,yes,yes,yes,yes,yes,yes,greater,,,,,,,
/service-areas/hills-hawkesbury-and-hornsby/hornsby/berowra-creek,suburb page,yes,https://c0d312.github.io/evaready-electrical/service-areas/hills-hawkesbury-and-hornsby/hornsby/berowra-creek,Electrician Berowra Creek 2082 | Emergency & Level 2,"Need electrical help in Berowra Creek 2082? Emergency faults, Level 2 ASP, switchboards, hot water, aircon, CCTV/data and general electrical work.",Electrician Berowra Creek 2082,2830,yes,yes,yes,yes,yes,yes,yes,yes,yes,yes,yes,greater,,,,,,,
/service-areas/hills-hawkesbury-and-hornsby/hornsby/berowra-heights,suburb page,yes,https://c0d312.github.io/evaready-electrical/service-areas/hills-hawkesbury-and-hornsby/hornsby/berowra-heights,Electrician Berowra Heights 2082 | Emergency & Level 2,"Need electrical help in Berowra Heights 2082? Emergency faults, Level 2 ASP, switchboards, hot water, aircon, CCTV/data and general electrical work.",Electrician Berowra Heights 2082,2848,yes,yes,yes,yes,yes,yes,yes,yes,yes,yes,yes,greater,,,,,,,
/service-areas/hills-hawkesbury-and-hornsby/hornsby/berowra-waters,suburb page,yes,https://c0d312.github.io/evaready-electrical/service-areas/hills-hawkesbury-and-hornsby/hornsby/berowra-waters,Electrician Berowra Waters 2082 | Emergency & Level 2,"Need electrical help in Berowra Waters 2082? Emergency faults, Level 2 ASP, switchboards, hot water, aircon, CCTV/data and general electrical work.",Electrician Berowra Waters 2082,2834,yes,yes,yes,yes,yes,yes,yes,yes,yes,yes,yes,greater,,,,,,,
/service-areas/hills-hawkesbury-and-hornsby/hornsby/berrilee,suburb page,yes,https://c0d312.github.io/evaready-electrical/service-areas/hills-hawkesbury-and-hornsby/hornsby/berrilee,Electrician Berrilee 2159 | Emergency & Level 2,"Evaready helps Berrilee with urgent faults, Level 2 ASP work, switchboards, hot water electrical, aircon, CCTV/data and planned electrical work.",Electrician Berrilee 2159,2784,yes,yes,yes,yes,yes,yes,yes,yes,yes,yes,yes,greater,,,,,,,
/service-areas/hills-hawkesbury-and-hornsby/hornsby/brooklyn,suburb page,yes,https://c0d312.github.io/evaready-electrical/service-areas/hills-hawkesbury-and-hornsby/hornsby/brooklyn,Electrician Brooklyn 2083 | Emergency & Level 2,"Need electrical help in Brooklyn 2083? Emergency faults, Level 2 ASP, switchboards, hot water, aircon, CCTV/data and general electrical work across.",Electrician Brooklyn 2083,2749,yes,yes,yes,yes,yes,yes,yes,yes,yes,yes,yes,greater,,,,,,,
/service-areas/hills-hawkesbury-and-hornsby/hornsby/canoelands,suburb page,yes,https://c0d312.github.io/evaready-electrical/service-areas/hills-hawkesbury-and-hornsby/hornsby/canoelands,Electrician Canoelands 2157 | Emergency & Level 2,"Need an electrician in Canoelands? Evaready helps with emergency faults, Level 2 ASP work, switchboards, hot water, aircon, CCTV/data and general.",Electrician Canoelands 2157,2772,yes,yes,yes,yes,yes,yes,yes,yes,yes,yes,yes,greater,,,,,,,
/service-areas/hills-hawkesbury-and-hornsby/hornsby/cheltenham,suburb page,yes,https://c0d312.github.io/evaready-electrical/service-areas/hills-hawkesbury-and-hornsby/hornsby/cheltenham,Electrician Cheltenham 2119 | Emergency & Level 2,"Need an electrician in Cheltenham? Evaready helps with emergency faults, Level 2 ASP work, switchboards, hot water, aircon, CCTV/data and general.",Electrician Cheltenham 2119,2789,yes,yes,yes,yes,yes,yes,yes,yes,yes,yes,yes,greater,,,,,,,
/service-areas/hills-hawkesbury-and-hornsby/hornsby/cherrybrook,suburb page,yes,https://c0d312.github.io/evaready-electrical/service-areas/hills-hawkesbury-and-hornsby/hornsby/cherrybrook,Electrician Cherrybrook 2126 | Emergency & Level 2,"Need electrical help in Cherrybrook 2126? Emergency faults, Level 2 ASP, switchboards, hot water, aircon, CCTV/data and general electrical work across.",Electrician Cherrybrook 2126,2769,yes,yes,yes,yes,yes,yes,yes,yes,yes,yes,yes,greater,,,,,,,
/service-areas/hills-hawkesbury-and-hornsby/hornsby/cowan,suburb page,yes,https://c0d312.github.io/evaready-electrical/service-areas/hills-hawkesbury-and-hornsby/hornsby/cowan,Electrician Cowan 2081 | Emergency & Level 2,"Need electrical help in Cowan 2081? Emergency faults, Level 2 ASP, switchboards, hot water, aircon, CCTV/data and general electrical work across Hornsby.",Electrician Cowan 2081,2726,yes,yes,yes,yes,yes,yes,yes,yes,yes,yes,yes,greater,,,,,,,
/service-areas/hills-hawkesbury-and-hornsby/hornsby/dangar-island,suburb page,yes,https://c0d312.github.io/evaready-electrical/service-areas/hills-hawkesbury-and-hornsby/hornsby/dangar-island,Electrician Dangar Island 2083 | Emergency & Level 2,"Need electrical help in Dangar Island 2083? Emergency faults, Level 2 ASP, switchboards, hot water, aircon, CCTV/data and general electrical work.",Electrician Dangar Island 2083,2903,yes,yes,yes,yes,yes,yes,yes,yes,yes,yes,yes,greater,,,,,,,
/service-areas/hills-hawkesbury-and-hornsby/hornsby/fiddletown,suburb page,yes,https://c0d312.github.io/evaready-electrical/service-areas/hills-hawkesbury-and-hornsby/hornsby/fiddletown,Electrician Fiddletown 2159 | Emergency & Level 2,"Need electrical help in Fiddletown 2159? Emergency faults, Level 2 ASP, switchboards, hot water, aircon, CCTV/data and general electrical work across.",Electrician Fiddletown 2159,2740,yes,yes,yes,yes,yes,yes,yes,yes,yes,yes,yes,greater,,,,,,,
/service-areas/hills-hawkesbury-and-hornsby/hornsby/forest-glen,suburb page,yes,https://c0d312.github.io/evaready-electrical/service-areas/hills-hawkesbury-and-hornsby/hornsby/forest-glen,Electrician Forest Glen 2157 | Emergency & Level 2,"Evaready helps Forest Glen with urgent faults, Level 2 ASP work, switchboards, hot water electrical, aircon, CCTV/data and planned electrical work.",Electrician Forest Glen 2157,2889,yes,yes,yes,yes,yes,yes,yes,yes,yes,yes,yes,greater,,,,,,,
/service-areas/hills-hawkesbury-and-hornsby/hornsby/galston,suburb page,yes,https://c0d312.github.io/evaready-electrical/service-areas/hills-hawkesbury-and-hornsby/hornsby/galston,Electrician Galston 2159 | Emergency & Level 2,"Need electrical help in Galston 2159? Emergency faults, Level 2 ASP, switchboards, hot water, aircon, CCTV/data and general electrical work across Hornsby.",Electrician Galston 2159,2823,yes,yes,yes,yes,yes,yes,yes,yes,yes,yes,yes,greater,,,,,,,
/service-areas/hills-hawkesbury-and-hornsby/hornsby/hornsby,suburb page,yes,https://c0d312.github.io/evaready-electrical/service-areas/hills-hawkesbury-and-hornsby/hornsby/hornsby,Electrician Hornsby 2077 | Emergency & Level 2,"Need an electrician in Hornsby? Evaready Electrical helps with emergency faults, switchboards, lighting, power, data, CCTV and Level 2 enquiries.",Electrician Hornsby 2077,2790,yes,yes,yes,yes,yes,yes,yes,yes,yes,yes,yes,greater,,,,,,,
/service-areas/hills-hawkesbury-and-hornsby/hornsby/hornsby-heights,suburb page,yes,https://c0d312.github.io/evaready-electrical/service-areas/hills-hawkesbury-and-hornsby/hornsby/hornsby-heights,Electrician Hornsby Heights 2077 | Emergency & Level 2,"Need electrical help in Hornsby Heights 2077? Emergency faults, Level 2 ASP, switchboards, hot water, aircon, CCTV/data and general electrical work.",Electrician Hornsby Heights 2077,2881,yes,yes,yes,yes,yes,yes,yes,yes,yes,yes,yes,greater,,,,,,,
/service-areas/hills-hawkesbury-and-hornsby/hornsby/milsons-passage,suburb page,yes,https://c0d312.github.io/evaready-electrical/service-areas/hills-hawkesbury-and-hornsby/hornsby/milsons-passage,Electrician Milsons Passage 2083 | Emergency & Level 2,"Need electrical help in Milsons Passage 2083? Emergency faults, Level 2 ASP, switchboards, hot water, aircon, CCTV/data and general electrical work.",Electrician Milsons Passage 2083,2857,yes,yes,yes,yes,yes,yes,yes,yes,yes,yes,yes,greater,,,,,,,
/service-areas/hills-hawkesbury-and-hornsby/hornsby/mount-colah,suburb page,yes,https://c0d312.github.io/evaready-electrical/service-areas/hills-hawkesbury-and-hornsby/hornsby/mount-colah,Electrician Mount Colah 2079 | Emergency & Level 2,"Evaready helps Mount Colah with urgent faults, Level 2 ASP work, switchboards, hot water electrical, aircon, CCTV/data and planned electrical work.",Electrician Mount Colah 2079,2889,yes,yes,yes,yes,yes,yes,yes,yes,yes,yes,yes,greater,,,,,,,
/service-areas/hills-hawkesbury-and-hornsby/hornsby/mount-kuring-gai,suburb page,yes,https://c0d312.github.io/evaready-electrical/service-areas/hills-hawkesbury-and-hornsby/hornsby/mount-kuring-gai,Electrician Mount Kuring-Gai 2080 | Emergency & Level 2,"Need an electrician in Mount Kuring-Gai? Evaready helps with emergency faults, Level 2 ASP work, switchboards, hot water, aircon, CCTV/data.",Electrician Mount Kuring-Gai 2080,2828,yes,yes,yes,yes,yes,yes,yes,yes,yes,yes,yes,greater,,,,,,,
/service-areas/hills-hawkesbury-and-hornsby/hornsby/normanhurst,suburb page,yes,https://c0d312.github.io/evaready-electrical/service-areas/hills-hawkesbury-and-hornsby/hornsby/normanhurst,Electrician Normanhurst 2076 | Emergency & Level 2,"Evaready helps Normanhurst with urgent faults, Level 2 ASP work, switchboards, hot water electrical, aircon, CCTV/data and planned electrical work.",Electrician Normanhurst 2076,2798,yes,yes,yes,yes,yes,yes,yes,yes,yes,yes,yes,greater,,,,,,,
/service-areas/hills-hawkesbury-and-hornsby/hornsby/north-epping,suburb page,yes,https://c0d312.github.io/evaready-electrical/service-areas/hills-hawkesbury-and-hornsby/hornsby/north-epping,Electrician North Epping 2121 | Emergency & Level 2,"Need an electrician in North Epping? Evaready helps with emergency faults, Level 2 ASP work, switchboards, hot water, aircon, CCTV/data and general.",Electrician North Epping 2121,2869,yes,yes,yes,yes,yes,yes,yes,yes,yes,yes,yes,greater,,,,,,,
/service-areas/hills-hawkesbury-and-hornsby/hornsby/pennant-hills,suburb page,yes,https://c0d312.github.io/evaready-electrical/service-areas/hills-hawkesbury-and-hornsby/hornsby/pennant-hills,Electrician Pennant Hills 2120 | Emergency & Level 2,"Evaready helps Pennant Hills with urgent faults, Level 2 ASP work, switchboards, hot water electrical, aircon, CCTV/data and planned electrical work.",Electrician Pennant Hills 2120,2903,yes,yes,yes,yes,yes,yes,yes,yes,yes,yes,yes,greater,,,,,,,
/service-areas/hills-hawkesbury-and-hornsby/hornsby/thornleigh,suburb page,yes,https://c0d312.github.io/evaready-electrical/service-areas/hills-hawkesbury-and-hornsby/hornsby/thornleigh,Electrician Thornleigh 2120 | Emergency & Level 2,"Evaready helps Thornleigh with urgent faults, Level 2 ASP work, switchboards, hot water electrical, aircon, CCTV/data and planned electrical work.",Electrician Thornleigh 2120,2817,yes,yes,yes,yes,yes,yes,yes,yes,yes,yes,yes,greater,,,,,,,
/service-areas/hills-hawkesbury-and-hornsby/hornsby/wahroonga,suburb page,yes,https://c0d312.github.io/evaready-electrical/service-areas/hills-hawkesbury-and-hornsby/hornsby/wahroonga,Electrician Wahroonga 2076 | Emergency & Level 2,"Evaready helps Wahroonga with urgent faults, Level 2 ASP work, switchboards, hot water electrical, aircon, CCTV/data and planned electrical work.",Electrician Wahroonga 2076,2795,yes,yes,yes,yes,yes,yes,yes,yes,yes,yes,yes,greater,,,,,,,
/service-areas/hills-hawkesbury-and-hornsby/hornsby/waitara,suburb page,yes,https://c0d312.github.io/evaready-electrical/service-areas/hills-hawkesbury-and-hornsby/hornsby/waitara,Electrician Waitara 2077 | Emergency & Level 2,"Evaready helps Waitara with urgent faults, Level 2 ASP work, switchboards, hot water electrical, aircon, CCTV/data and planned electrical work.",Electrician Waitara 2077,2769,yes,yes,yes,yes,yes,yes,yes,yes,yes,yes,yes,greater,,,,,,,
/service-areas/hills-hawkesbury-and-hornsby/hornsby/westleigh,suburb page,yes,https://c0d312.github.io/evaready-electrical/service-areas/hills-hawkesbury-and-hornsby/hornsby/westleigh,Electrician Westleigh 2120 | Emergency & Level 2,"Need an electrician in Westleigh? Evaready helps with emergency faults, Level 2 ASP work, switchboards, hot water, aircon, CCTV/data and general.",Electrician Westleigh 2120,2747,yes,yes,yes,yes,yes,yes,yes,yes,yes,yes,yes,greater,,,,,,,
/service-areas/inner-west-burwood-and-canada-bay,region page,yes,https://c0d312.github.io/evaready-electrical/service-areas/inner-west-burwood-and-canada-bay,"Inner West, Burwood & Canada Bay Electrician","Need an electrician in Inner West, Burwood & Canada Bay? Evaready helps with urgent faults, Level 2 work, switchboards, consumer mains, defect notices.","Inner West, Burwood & Canada Bay Electrician - Emergency, Level 2 & Planned Work",1129,yes,yes,yes,yes,yes,yes,yes,yes,yes,yes,yes,core,,,,,,,
/service-areas/inner-west-burwood-and-canada-bay/burwood,area page,yes,https://c0d312.github.io/evaready-electrical/service-areas/inner-west-burwood-and-canada-bay/burwood,"Burwood Electrician | Inner West, Burwood & Canada Bay","Need an electrician in Burwood? Evaready helps with urgent faults, Level 2 work, switchboards, consumer mains, defect notices and planned electrical jobs.","Burwood Electrician - Emergency, Level 2 & Planned Work",936,yes,yes,yes,yes,yes,yes,yes,yes,yes,yes,yes,core,,,,,,,
/service-areas/inner-west-burwood-and-canada-bay/burwood/burwood,suburb page,yes,https://c0d312.github.io/evaready-electrical/service-areas/inner-west-burwood-and-canada-bay/burwood/burwood,Electrician Burwood 2134 | Emergency & Level 2,"Need electrical help in Burwood 2134? Evaready Electrical helps with urgent electrical faults, lighting, power, switchboards, smoke alarms, data.",Electrician Burwood 2134,2863,yes,yes,yes,yes,yes,yes,yes,yes,yes,yes,yes,core,,,,,,,
/service-areas/inner-west-burwood-and-canada-bay/burwood/burwood-heights,suburb page,yes,https://c0d312.github.io/evaready-electrical/service-areas/inner-west-burwood-and-canada-bay/burwood/burwood-heights,Electrician Burwood Heights 2136 | Emergency & Level 2,"Need an electrician in Burwood Heights? Evaready helps with emergency faults, Level 2 ASP work, switchboards, hot water, aircon, CCTV/data and general.",Electrician Burwood Heights 2136,2861,yes,yes,yes,yes,yes,yes,yes,yes,yes,yes,yes,core,,,,,,,
/service-areas/inner-west-burwood-and-canada-bay/burwood/enfield,suburb page,yes,https://c0d312.github.io/evaready-electrical/service-areas/inner-west-burwood-and-canada-bay/burwood/enfield,Electrician Enfield 2136 | Emergency & Level 2,"Need an electrician in Enfield? Evaready helps with emergency faults, Level 2 ASP work, switchboards, hot water, aircon, CCTV/data and general.",Electrician Enfield 2136,2745,yes,yes,yes,yes,yes,yes,yes,yes,yes,yes,yes,core,,,,,,,
/service-areas/inner-west-burwood-and-canada-bay/burwood/strathfield,suburb page,yes,https://c0d312.github.io/evaready-electrical/service-areas/inner-west-burwood-and-canada-bay/burwood/strathfield,Electrician Strathfield 2135 | Emergency & Level 2,"Need electrical help in Strathfield 2135? Evaready Electrical helps with electrical faults, switchboard upgrades, lighting, power, data, CCTV.",Electrician Strathfield 2135,2863,yes,yes,yes,yes,yes,yes,yes,yes,yes,yes,yes,core,,,,,,,
/service-areas/inner-west-burwood-and-canada-bay/canada-bay,area page,yes,https://c0d312.github.io/evaready-electrical/service-areas/inner-west-burwood-and-canada-bay/canada-bay,"Canada Bay Electrician | Inner West, Burwood & Canada Bay","Need an electrician in Canada Bay? Evaready helps with urgent faults, Level 2 work, switchboards, consumer mains, defect notices and planned electrical.","Canada Bay Electrician - Emergency, Level 2 & Planned Work",1021,yes,yes,yes,yes,yes,yes,yes,yes,yes,yes,yes,core,,,,,,,
/service-areas/inner-west-burwood-and-canada-bay/canada-bay/abbotsford,suburb page,yes,https://c0d312.github.io/evaready-electrical/service-areas/inner-west-burwood-and-canada-bay/canada-bay/abbotsford,Electrician Abbotsford 2046 | Emergency & Level 2,"Need an electrician in Abbotsford? Evaready helps with emergency faults, Level 2 ASP work, switchboards, hot water, aircon, CCTV/data and general.",Electrician Abbotsford 2046,2779,yes,yes,yes,yes,yes,yes,yes,yes,yes,yes,yes,core,,,,,,,
/service-areas/inner-west-burwood-and-canada-bay/canada-bay/breakfast-point,suburb page,yes,https://c0d312.github.io/evaready-electrical/service-areas/inner-west-burwood-and-canada-bay/canada-bay/breakfast-point,Electrician Breakfast Point 2137 | Emergency & Level 2,"Evaready helps Breakfast Point with urgent faults, Level 2 ASP work, switchboards, hot water electrical, aircon, CCTV/data and planned electrical work.",Electrician Breakfast Point 2137,2840,yes,yes,yes,yes,yes,yes,yes,yes,yes,yes,yes,core,,,,,,,
/service-areas/inner-west-burwood-and-canada-bay/canada-bay/cabarita,suburb page,yes,https://c0d312.github.io/evaready-electrical/service-areas/inner-west-burwood-and-canada-bay/canada-bay/cabarita,Electrician Cabarita 2137 | Emergency & Level 2,"Evaready helps Cabarita with urgent faults, Level 2 ASP work, switchboards, hot water electrical, aircon, CCTV/data and planned electrical work.",Electrician Cabarita 2137,2765,yes,yes,yes,yes,yes,yes,yes,yes,yes,yes,yes,core,,,,,,,
/service-areas/inner-west-burwood-and-canada-bay/canada-bay/canada-bay,suburb page,yes,https://c0d312.github.io/evaready-electrical/service-areas/inner-west-burwood-and-canada-bay/canada-bay/canada-bay,Electrician Canada Bay 2046 | Emergency & Level 2,"Evaready helps Canada Bay with urgent faults, Level 2 ASP work, switchboards, hot water electrical, aircon, CCTV/data and planned electrical work.",Electrician Canada Bay 2046,2865,yes,yes,yes,yes,yes,yes,yes,yes,yes,yes,yes,core,,,,,,,
/service-areas/inner-west-burwood-and-canada-bay/canada-bay/chiswick,suburb page,yes,https://c0d312.github.io/evaready-electrical/service-areas/inner-west-burwood-and-canada-bay/canada-bay/chiswick,Electrician Chiswick 2046 | Emergency & Level 2,"Need an electrician in Chiswick? Evaready helps with emergency faults, Level 2 ASP work, switchboards, hot water, aircon, CCTV/data and general.",Electrician Chiswick 2046,2847,yes,yes,yes,yes,yes,yes,yes,yes,yes,yes,yes,core,,,,,,,
/service-areas/inner-west-burwood-and-canada-bay/canada-bay/concord,suburb page,yes,https://c0d312.github.io/evaready-electrical/service-areas/inner-west-burwood-and-canada-bay/canada-bay/concord,Electrician Concord 2137 | Emergency & Level 2,"Evaready Electrical helps with faults, switchboards, lighting, power, smoke alarms, data, CCTV and Level 2 enquiries.",Electrician Concord 2137,2859,yes,yes,yes,yes,yes,yes,yes,yes,yes,yes,yes,core,,,,,,,
/service-areas/inner-west-burwood-and-canada-bay/canada-bay/concord-west,suburb page,yes,https://c0d312.github.io/evaready-electrical/service-areas/inner-west-burwood-and-canada-bay/canada-bay/concord-west,Electrician Concord West 2138 | Emergency & Level 2,"Need electrical help in Concord West 2138? Emergency faults, Level 2 ASP, switchboards, hot water, aircon, CCTV/data and general electrical work.",Electrician Concord West 2138,2861,yes,yes,yes,yes,yes,yes,yes,yes,yes,yes,yes,core,,,,,,,
/service-areas/inner-west-burwood-and-canada-bay/canada-bay/drummoyne,suburb page,yes,https://c0d312.github.io/evaready-electrical/service-areas/inner-west-burwood-and-canada-bay/canada-bay/drummoyne,Electrician Drummoyne 2047 | Emergency & Level 2,"Evaready helps Drummoyne with urgent faults, Level 2 ASP work, switchboards, hot water electrical, aircon, CCTV/data and planned electrical work.",Electrician Drummoyne 2047,2774,yes,yes,yes,yes,yes,yes,yes,yes,yes,yes,yes,core,,,,,,,
/service-areas/inner-west-burwood-and-canada-bay/canada-bay/five-dock,suburb page,yes,https://c0d312.github.io/evaready-electrical/service-areas/inner-west-burwood-and-canada-bay/canada-bay/five-dock,Electrician Five Dock 2046 | Emergency & Level 2,"Evaready Electrical helps with urgent faults, switchboards, lighting, power, smoke alarms, data cabling and maintenance.",Electrician Five Dock 2046,2912,yes,yes,yes,yes,yes,yes,yes,yes,yes,yes,yes,core,,,,,,,
/service-areas/inner-west-burwood-and-canada-bay/canada-bay/liberty-grove,suburb page,yes,https://c0d312.github.io/evaready-electrical/service-areas/inner-west-burwood-and-canada-bay/canada-bay/liberty-grove,Electrician Liberty Grove 2138 | Emergency & Level 2,"Evaready helps Liberty Grove with urgent faults, Level 2 ASP work, switchboards, hot water electrical, aircon, CCTV/data and planned electrical work.",Electrician Liberty Grove 2138,2860,yes,yes,yes,yes,yes,yes,yes,yes,yes,yes,yes,core,,,,,,,
/service-areas/inner-west-burwood-and-canada-bay/canada-bay/mortlake,suburb page,yes,https://c0d312.github.io/evaready-electrical/service-areas/inner-west-burwood-and-canada-bay/canada-bay/mortlake,Electrician Mortlake 2137 | Emergency & Level 2,"Need electrical help in Mortlake 2137? Emergency faults, Level 2 ASP, switchboards, hot water, aircon, CCTV/data and general electrical work across.",Electrician Mortlake 2137,2773,yes,yes,yes,yes,yes,yes,yes,yes,yes,yes,yes,core,,,,,,,
/service-areas/inner-west-burwood-and-canada-bay/canada-bay/north-strathfield,suburb page,yes,https://c0d312.github.io/evaready-electrical/service-areas/inner-west-burwood-and-canada-bay/canada-bay/north-strathfield,Electrician North Strathfield 2137 | Emergency & Level 2,"Need an electrician in North Strathfield? Evaready helps with emergency faults, Level 2 ASP work, switchboards, hot water, aircon, CCTV/data.",Electrician North Strathfield 2137,2888,yes,yes,yes,yes,yes,yes,yes,yes,yes,yes,yes,core,,,,,,,
/service-areas/inner-west-burwood-and-canada-bay/canada-bay/rhodes,suburb page,yes,https://c0d312.github.io/evaready-electrical/service-areas/inner-west-burwood-and-canada-bay/canada-bay/rhodes,Electrician Rhodes 2138 | Emergency & Level 2,"Need electrical help in Rhodes 2138? Emergency faults, Level 2 ASP, switchboards, hot water, aircon, CCTV/data and general electrical work across.",Electrician Rhodes 2138,2835,yes,yes,yes,yes,yes,yes,yes,yes,yes,yes,yes,core,,,,,,,
/service-areas/inner-west-burwood-and-canada-bay/canada-bay/rodd-point,suburb page,yes,https://c0d312.github.io/evaready-electrical/service-areas/inner-west-burwood-and-canada-bay/canada-bay/rodd-point,Electrician Rodd Point 2046 | Emergency & Level 2,"Need electrical help in Rodd Point 2046? Emergency faults, Level 2 ASP, switchboards, hot water, aircon, CCTV/data and general electrical work across.",Electrician Rodd Point 2046,2875,yes,yes,yes,yes,yes,yes,yes,yes,yes,yes,yes,core,,,,,,,
/service-areas/inner-west-burwood-and-canada-bay/canada-bay/russell-lea,suburb page,yes,https://c0d312.github.io/evaready-electrical/service-areas/inner-west-burwood-and-canada-bay/canada-bay/russell-lea,Electrician Russell Lea 2046 | Emergency & Level 2,"Evaready helps Russell Lea with urgent faults, Level 2 ASP work, switchboards, hot water electrical, aircon, CCTV/data and planned electrical work.",Electrician Russell Lea 2046,2843,yes,yes,yes,yes,yes,yes,yes,yes,yes,yes,yes,core,,,,,,,
/service-areas/inner-west-burwood-and-canada-bay/canada-bay/wareemba,suburb page,yes,https://c0d312.github.io/evaready-electrical/service-areas/inner-west-burwood-and-canada-bay/canada-bay/wareemba,Electrician Wareemba 2046 | Emergency & Level 2,"Need an electrician in Wareemba? Evaready helps with emergency faults, Level 2 ASP work, switchboards, hot water, aircon, CCTV/data and general.",Electrician Wareemba 2046,2797,yes,yes,yes,yes,yes,yes,yes,yes,yes,yes,yes,core,,,,,,,
/service-areas/inner-west-burwood-and-canada-bay/inner-west,area page,yes,https://c0d312.github.io/evaready-electrical/service-areas/inner-west-burwood-and-canada-bay/inner-west,"Inner West Electrician | Inner West, Burwood & Canada Bay","Need an electrician in Inner West? Evaready helps with urgent faults, Level 2 work, switchboards, consumer mains, defect notices and planned electrical.","Inner West Electrician - Emergency, Level 2 & Planned Work",1063,yes,yes,yes,yes,yes,yes,yes,yes,yes,yes,yes,core,,,,,,,
/service-areas/inner-west-burwood-and-canada-bay/inner-west/annandale,suburb page,yes,https://c0d312.github.io/evaready-electrical/service-areas/inner-west-burwood-and-canada-bay/inner-west/annandale,Electrician Annandale 2038 | Emergency & Level 2,"Evaready helps Annandale with urgent faults, Level 2 ASP work, switchboards, hot water electrical, aircon, CCTV/data and planned electrical work.",Electrician Annandale 2038,2829,yes,yes,yes,yes,yes,yes,yes,yes,yes,yes,yes,core,,,,,,,
/service-areas/inner-west-burwood-and-canada-bay/inner-west/ashbury,suburb page,yes,https://c0d312.github.io/evaready-electrical/service-areas/inner-west-burwood-and-canada-bay/inner-west/ashbury,Electrician Ashbury 2193 | Emergency & Level 2,"Need electrical help in Ashbury 2193? Emergency faults, Level 2 ASP, switchboards, hot water, aircon, CCTV/data and general electrical work across.",Electrician Ashbury 2193,2802,yes,yes,yes,yes,yes,yes,yes,yes,yes,yes,yes,core,,,,,,,
/service-areas/inner-west-burwood-and-canada-bay/inner-west/ashfield,suburb page,yes,https://c0d312.github.io/evaready-electrical/service-areas/inner-west-burwood-and-canada-bay/inner-west/ashfield,Electrician Ashfield 2131 | Emergency & Level 2,"Need an electrician in Ashfield? Evaready Electrical helps with electrical faults, switchboards, lighting, power points, smoke alarms, data, CCTV.",Electrician Ashfield 2131,2826,yes,yes,yes,yes,yes,yes,yes,yes,yes,yes,yes,core,,,,,,,
/service-areas/inner-west-burwood-and-canada-bay/inner-west/balmain,suburb page,yes,https://c0d312.github.io/evaready-electrical/service-areas/inner-west-burwood-and-canada-bay/inner-west/balmain,Electrician Balmain 2041 | Emergency & Level 2,"Need an electrician in Balmain? Evaready helps with emergency faults, Level 2 ASP work, switchboards, hot water, aircon, CCTV/data and general.",Electrician Balmain 2041,2836,yes,yes,yes,yes,yes,yes,yes,yes,yes,yes,yes,core,,,,,,,
/service-areas/inner-west-burwood-and-canada-bay/inner-west/balmain-east,suburb page,yes,https://c0d312.github.io/evaready-electrical/service-areas/inner-west-burwood-and-canada-bay/inner-west/balmain-east,Electrician Balmain East 2041 | Emergency & Level 2,"Need an electrician in Balmain East? Evaready helps with emergency faults, Level 2 ASP work, switchboards, hot water, aircon, CCTV/data and general.",Electrician Balmain East 2041,2836,yes,yes,yes,yes,yes,yes,yes,yes,yes,yes,yes,core,,,,,,,
/service-areas/inner-west-burwood-and-canada-bay/inner-west/birchgrove,suburb page,yes,https://c0d312.github.io/evaready-electrical/service-areas/inner-west-burwood-and-canada-bay/inner-west/birchgrove,Electrician Birchgrove 2041 | Emergency & Level 2,"Evaready helps Birchgrove with urgent faults, Level 2 ASP work, switchboards, hot water electrical, aircon, CCTV/data and planned electrical work.",Electrician Birchgrove 2041,2813,yes,yes,yes,yes,yes,yes,yes,yes,yes,yes,yes,core,,,,,,,
/service-areas/inner-west-burwood-and-canada-bay/inner-west/camperdown,suburb page,yes,https://c0d312.github.io/evaready-electrical/service-areas/inner-west-burwood-and-canada-bay/inner-west/camperdown,Electrician Camperdown 2050 | Emergency & Level 2,"Need electrical help in Camperdown 2050? Evaready Electrical helps with urgent faults, lighting, power, switchboards, data, CCTV and Level 2 enquiries.",Electrician Camperdown 2050,2784,yes,yes,yes,yes,yes,yes,yes,yes,yes,yes,yes,core,,,,,,,
/service-areas/inner-west-burwood-and-canada-bay/inner-west/croydon,suburb page,yes,https://c0d312.github.io/evaready-electrical/service-areas/inner-west-burwood-and-canada-bay/inner-west/croydon,Electrician Croydon 2132 | Emergency & Level 2,"Need electrical help in Croydon 2132? Emergency faults, Level 2 ASP, switchboards, hot water, aircon, CCTV/data and general electrical work across.",Electrician Croydon 2132,2787,yes,yes,yes,yes,yes,yes,yes,yes,yes,yes,yes,core,,,,,,,
/service-areas/inner-west-burwood-and-canada-bay/inner-west/croydon-park,suburb page,yes,https://c0d312.github.io/evaready-electrical/service-areas/inner-west-burwood-and-canada-bay/inner-west/croydon-park,Electrician Croydon Park 2133 | Emergency & Level 2,"Need an electrician in Croydon Park? Evaready helps with emergency faults, Level 2 ASP work, switchboards, hot water, aircon, CCTV/data and general.",Electrician Croydon Park 2133,2934,yes,yes,yes,yes,yes,yes,yes,yes,yes,yes,yes,core,,,,,,,
/service-areas/inner-west-burwood-and-canada-bay/inner-west/dulwich-hill,suburb page,yes,https://c0d312.github.io/evaready-electrical/service-areas/inner-west-burwood-and-canada-bay/inner-west/dulwich-hill,Electrician Dulwich Hill 2203 | Emergency & Level 2,"Evaready helps Dulwich Hill with urgent faults, Level 2 ASP work, switchboards, hot water electrical, aircon, CCTV/data and planned electrical work.",Electrician Dulwich Hill 2203,2914,yes,yes,yes,yes,yes,yes,yes,yes,yes,yes,yes,core,,,,,,,
/service-areas/inner-west-burwood-and-canada-bay/inner-west/enmore,suburb page,yes,https://c0d312.github.io/evaready-electrical/service-areas/inner-west-burwood-and-canada-bay/inner-west/enmore,Electrician Enmore 2042 | Emergency & Level 2,"Need electrical help in Enmore 2042? Emergency faults, Level 2 ASP, switchboards, hot water, aircon, CCTV/data and general electrical work across.",Electrician Enmore 2042,2798,yes,yes,yes,yes,yes,yes,yes,yes,yes,yes,yes,core,,,,,,,
/service-areas/inner-west-burwood-and-canada-bay/inner-west/haberfield,suburb page,yes,https://c0d312.github.io/evaready-electrical/service-areas/inner-west-burwood-and-canada-bay/inner-west/haberfield,Electrician Haberfield 2045 | Emergency & Level 2,"Need electrical help in Haberfield 2045? Emergency faults, Level 2 ASP, switchboards, hot water, aircon, CCTV/data and general electrical work across.",Electrician Haberfield 2045,2795,yes,yes,yes,yes,yes,yes,yes,yes,yes,yes,yes,core,,,,,,,
/service-areas/inner-west-burwood-and-canada-bay/inner-west/hurlstone-park,suburb page,yes,https://c0d312.github.io/evaready-electrical/service-areas/inner-west-burwood-and-canada-bay/inner-west/hurlstone-park,Electrician Hurlstone Park 2193 | Emergency & Level 2,"Evaready helps Hurlstone Park with urgent faults, Level 2 ASP work, switchboards, hot water electrical, aircon, CCTV/data and planned electrical work.",Electrician Hurlstone Park 2193,2843,yes,yes,yes,yes,yes,yes,yes,yes,yes,yes,yes,core,,,,,,,
/service-areas/inner-west-burwood-and-canada-bay/inner-west/leichhardt,suburb page,yes,https://c0d312.github.io/evaready-electrical/service-areas/inner-west-burwood-and-canada-bay/inner-west/leichhardt,Electrician Leichhardt 2040 | Emergency & Level 2,"Need electrical help in Leichhardt 2040? Evaready Electrical helps with lighting, power, fault finding, switchboards, smoke alarms, data cabling.",Electrician Leichhardt 2040,2789,yes,yes,yes,yes,yes,yes,yes,yes,yes,yes,yes,core,,,,,,,
/service-areas/inner-west-burwood-and-canada-bay/inner-west/lewisham,suburb page,yes,https://c0d312.github.io/evaready-electrical/service-areas/inner-west-burwood-and-canada-bay/inner-west/lewisham,Electrician Lewisham 2049 | Emergency & Level 2,"Need an electrician in Lewisham? Evaready helps with emergency faults, Level 2 ASP work, switchboards, hot water, aircon, CCTV/data and general.",Electrician Lewisham 2049,2733,yes,yes,yes,yes,yes,yes,yes,yes,yes,yes,yes,core,,,,,,,
/service-areas/inner-west-burwood-and-canada-bay/inner-west/lilyfield,suburb page,yes,https://c0d312.github.io/evaready-electrical/service-areas/inner-west-burwood-and-canada-bay/inner-west/lilyfield,Electrician Lilyfield 2040 | Emergency & Level 2,"Need an electrician in Lilyfield? Evaready helps with emergency faults, Level 2 ASP work, switchboards, hot water, aircon, CCTV/data and general.",Electrician Lilyfield 2040,2739,yes,yes,yes,yes,yes,yes,yes,yes,yes,yes,yes,core,,,,,,,
/service-areas/inner-west-burwood-and-canada-bay/inner-west/marrickville,suburb page,yes,https://c0d312.github.io/evaready-electrical/service-areas/inner-west-burwood-and-canada-bay/inner-west/marrickville,Electrician Marrickville 2204 | Emergency & Level 2,"Evaready Electrical helps with emergency faults, commercial maintenance, switchboards, lighting, power, data and CCTV.",Electrician Marrickville 2204,2889,yes,yes,yes,yes,yes,yes,yes,yes,yes,yes,yes,core,,,,,,,
/service-areas/inner-west-burwood-and-canada-bay/inner-west/newtown,suburb page,yes,https://c0d312.github.io/evaready-electrical/service-areas/inner-west-burwood-and-canada-bay/inner-west/newtown,Electrician Newtown 2042 | Emergency & Level 2,"Need electrical help in Newtown 2042? Evaready Electrical helps with urgent electrical faults, switchboards, lighting, power, data cabling, smoke.",Electrician Newtown 2042,2841,yes,yes,yes,yes,yes,yes,yes,yes,yes,yes,yes,core,,,,,,,
/service-areas/inner-west-burwood-and-canada-bay/inner-west/petersham,suburb page,yes,https://c0d312.github.io/evaready-electrical/service-areas/inner-west-burwood-and-canada-bay/inner-west/petersham,Electrician Petersham 2049 | Emergency & Level 2,"Need electrical help in Petersham 2049? Emergency faults, Level 2 ASP, switchboards, hot water, aircon, CCTV/data and general electrical work across.",Electrician Petersham 2049,2770,yes,yes,yes,yes,yes,yes,yes,yes,yes,yes,yes,core,,,,,,,
/service-areas/inner-west-burwood-and-canada-bay/inner-west/rozelle,suburb page,yes,https://c0d312.github.io/evaready-electrical/service-areas/inner-west-burwood-and-canada-bay/inner-west/rozelle,Electrician Rozelle 2039 | Emergency & Level 2,"Need an electrician in Rozelle? Evaready helps with emergency faults, Level 2 ASP work, switchboards, hot water, aircon, CCTV/data and general.",Electrician Rozelle 2039,2806,yes,yes,yes,yes,yes,yes,yes,yes,yes,yes,yes,core,,,,,,,
/service-areas/inner-west-burwood-and-canada-bay/inner-west/st-peters,suburb page,yes,https://c0d312.github.io/evaready-electrical/service-areas/inner-west-burwood-and-canada-bay/inner-west/st-peters,Electrician St Peters 2044 | Emergency & Level 2,"Need electrical help in St Peters 2044? Emergency faults, Level 2 ASP, switchboards, hot water, aircon, CCTV/data and general electrical work across.",Electrician St Peters 2044,2877,yes,yes,yes,yes,yes,yes,yes,yes,yes,yes,yes,core,,,,,,,
/service-areas/inner-west-burwood-and-canada-bay/inner-west/stanmore,suburb page,yes,https://c0d312.github.io/evaready-electrical/service-areas/inner-west-burwood-and-canada-bay/inner-west/stanmore,Electrician Stanmore 2048 | Emergency & Level 2,"Evaready helps Stanmore with urgent faults, Level 2 ASP work, switchboards, hot water electrical, aircon, CCTV/data and planned electrical work.",Electrician Stanmore 2048,2787,yes,yes,yes,yes,yes,yes,yes,yes,yes,yes,yes,core,,,,,,,
/service-areas/inner-west-burwood-and-canada-bay/inner-west/summer-hill,suburb page,yes,https://c0d312.github.io/evaready-electrical/service-areas/inner-west-burwood-and-canada-bay/inner-west/summer-hill,Electrician Summer Hill 2130 | Emergency & Level 2,"Need an electrician in Summer Hill? Evaready helps with emergency faults, Level 2 ASP work, switchboards, hot water, aircon, CCTV/data and general.",Electrician Summer Hill 2130,2854,yes,yes,yes,yes,yes,yes,yes,yes,yes,yes,yes,core,,,,,,,
/service-areas/inner-west-burwood-and-canada-bay/inner-west/sydenham,suburb page,yes,https://c0d312.github.io/evaready-electrical/service-areas/inner-west-burwood-and-canada-bay/inner-west/sydenham,Electrician Sydenham 2044 | Emergency & Level 2,"Need an electrician in Sydenham? Evaready helps with emergency faults, Level 2 ASP work, switchboards, hot water, aircon, CCTV/data and general.",Electrician Sydenham 2044,2789,yes,yes,yes,yes,yes,yes,yes,yes,yes,yes,yes,core,,,,,,,
/service-areas/inner-west-burwood-and-canada-bay/inner-west/tempe,suburb page,yes,https://c0d312.github.io/evaready-electrical/service-areas/inner-west-burwood-and-canada-bay/inner-west/tempe,Electrician Tempe 2044 | Emergency & Level 2,"Evaready helps Tempe with urgent faults, Level 2 ASP work, switchboards, hot water electrical, aircon, CCTV/data and planned electrical work.",Electrician Tempe 2044,2756,yes,yes,yes,yes,yes,yes,yes,yes,yes,yes,yes,core,,,,,,,
/service-areas/inner-west-burwood-and-canada-bay/strathfield,area page,yes,https://c0d312.github.io/evaready-electrical/service-areas/inner-west-burwood-and-canada-bay/strathfield,"Strathfield Electrician | Inner West, Burwood & Canada Bay","Need an electrician in Strathfield? Evaready helps with urgent faults, Level 2 work, switchboards, consumer mains, defect notices and planned electrical.","Strathfield Electrician - Emergency, Level 2 & Planned Work",994,yes,yes,yes,yes,yes,yes,yes,yes,yes,yes,yes,core,,,,,,,
/service-areas/inner-west-burwood-and-canada-bay/strathfield/homebush,suburb page,yes,https://c0d312.github.io/evaready-electrical/service-areas/inner-west-burwood-and-canada-bay/strathfield/homebush,Electrician Homebush 2140 | Emergency & Level 2,"Need an electrician in Homebush? Evaready Electrical helps with fault finding, switchboards, lighting, power, data, CCTV and Level 2 support.",Electrician Homebush 2140,2886,yes,yes,yes,yes,yes,yes,yes,yes,yes,yes,yes,core,,,,,,,
/service-areas/inner-west-burwood-and-canada-bay/strathfield/homebush-west,suburb page,yes,https://c0d312.github.io/evaready-electrical/service-areas/inner-west-burwood-and-canada-bay/strathfield/homebush-west,Electrician Homebush West 2140 | Emergency & Level 2,"Evaready helps Homebush West with urgent faults, Level 2 ASP work, switchboards, hot water electrical, aircon, CCTV/data and planned electrical work.",Electrician Homebush West 2140,2853,yes,yes,yes,yes,yes,yes,yes,yes,yes,yes,yes,core,,,,,,,
/service-areas/inner-west-burwood-and-canada-bay/strathfield/strathfield-south,suburb page,yes,https://c0d312.github.io/evaready-electrical/service-areas/inner-west-burwood-and-canada-bay/strathfield/strathfield-south,Electrician Strathfield South 2136 | Emergency & Level 2,"Need an electrician in Strathfield South? Evaready helps with emergency faults, Level 2 ASP work, switchboards, hot water, aircon, CCTV/data.",Electrician Strathfield South 2136,2910,yes,yes,yes,yes,yes,yes,yes,yes,yes,yes,yes,core,,,,,,,
/service-areas/liverpool-and-fairfield,region page,yes,https://c0d312.github.io/evaready-electrical/service-areas/liverpool-and-fairfield,Liverpool & Fairfield Electrician | Emergency & Level 2,"Need an electrician in Liverpool & Fairfield? Evaready helps with urgent faults, Level 2 work, switchboards, consumer mains, defect notices and planned.","Liverpool & Fairfield Electrician - Emergency, Level 2 & Planned Work",995,yes,yes,yes,yes,yes,yes,yes,yes,yes,yes,yes,core,,,,,,,
/service-areas/liverpool-and-fairfield/fairfield,area page,yes,https://c0d312.github.io/evaready-electrical/service-areas/liverpool-and-fairfield/fairfield,Fairfield Electrician | Liverpool & Fairfield,"Need an electrician in Fairfield? Evaready helps with urgent faults, Level 2 work, switchboards, consumer mains, defect notices and planned electrical jobs.","Fairfield Electrician - Emergency, Level 2 & Planned Work",1018,yes,yes,yes,yes,yes,yes,yes,yes,yes,yes,yes,core,,,,,,,
/service-areas/liverpool-and-fairfield/fairfield/abbotsbury,suburb page,yes,https://c0d312.github.io/evaready-electrical/service-areas/liverpool-and-fairfield/fairfield/abbotsbury,Electrician Abbotsbury 2176 | Emergency & Level 2,"Need an electrician in Abbotsbury? Evaready helps with emergency faults, Level 2 ASP work, switchboards, hot water, aircon, CCTV/data and general.",Electrician Abbotsbury 2176,2744,yes,yes,yes,yes,yes,yes,yes,yes,yes,yes,yes,core,,,,,,,
/service-areas/liverpool-and-fairfield/fairfield/bonnyrigg,suburb page,yes,https://c0d312.github.io/evaready-electrical/service-areas/liverpool-and-fairfield/fairfield/bonnyrigg,Electrician Bonnyrigg 2177 | Emergency & Level 2,"Need an electrician in Bonnyrigg? Evaready helps with emergency faults, Level 2 ASP work, switchboards, hot water, aircon, CCTV/data and general.",Electrician Bonnyrigg 2177,2736,yes,yes,yes,yes,yes,yes,yes,yes,yes,yes,yes,core,,,,,,,
/service-areas/liverpool-and-fairfield/fairfield/bonnyrigg-heights,suburb page,yes,https://c0d312.github.io/evaready-electrical/service-areas/liverpool-and-fairfield/fairfield/bonnyrigg-heights,Electrician Bonnyrigg Heights 2177 | Emergency & Level 2,"Need electrical help in Bonnyrigg Heights 2177? Emergency faults, Level 2 ASP, switchboards, hot water, aircon, CCTV/data and general electrical work.",Electrician Bonnyrigg Heights 2177,2793,yes,yes,yes,yes,yes,yes,yes,yes,yes,yes,yes,core,,,,,,,
/service-areas/liverpool-and-fairfield/fairfield/bossley-park,suburb page,yes,https://c0d312.github.io/evaready-electrical/service-areas/liverpool-and-fairfield/fairfield/bossley-park,Electrician Bossley Park 2176 | Emergency & Level 2,"Need an electrician in Bossley Park? Evaready helps with emergency faults, Level 2 ASP work, switchboards, hot water, aircon, CCTV/data and general.",Electrician Bossley Park 2176,2851,yes,yes,yes,yes,yes,yes,yes,yes,yes,yes,yes,core,,,,,,,
/service-areas/liverpool-and-fairfield/fairfield/cabramatta,suburb page,yes,https://c0d312.github.io/evaready-electrical/service-areas/liverpool-and-fairfield/fairfield/cabramatta,Electrician Cabramatta 2166 | Emergency & Level 2,"Need electrical help in Cabramatta 2166? Evaready Electrical helps with urgent electrical faults, lighting, power, switchboards, data, CCTV.",Electrician Cabramatta 2166,2758,yes,yes,yes,yes,yes,yes,yes,yes,yes,yes,yes,core,,,,,,,
/service-areas/liverpool-and-fairfield/fairfield/cabramatta-west,suburb page,yes,https://c0d312.github.io/evaready-electrical/service-areas/liverpool-and-fairfield/fairfield/cabramatta-west,Electrician Cabramatta West 2166 | Emergency & Level 2,"Need an electrician in Cabramatta West? Evaready helps with emergency faults, Level 2 ASP work, switchboards, hot water, aircon, CCTV/data and general.",Electrician Cabramatta West 2166,2833,yes,yes,yes,yes,yes,yes,yes,yes,yes,yes,yes,core,,,,,,,
/service-areas/liverpool-and-fairfield/fairfield/canley-heights,suburb page,yes,https://c0d312.github.io/evaready-electrical/service-areas/liverpool-and-fairfield/fairfield/canley-heights,Electrician Canley Heights 2166 | Emergency & Level 2,"Need an electrician in Canley Heights? Evaready helps with emergency faults, Level 2 ASP work, switchboards, hot water, aircon, CCTV/data and general.",Electrician Canley Heights 2166,2792,yes,yes,yes,yes,yes,yes,yes,yes,yes,yes,yes,core,,,,,,,
/service-areas/liverpool-and-fairfield/fairfield/canley-vale,suburb page,yes,https://c0d312.github.io/evaready-electrical/service-areas/liverpool-and-fairfield/fairfield/canley-vale,Electrician Canley Vale 2166 | Emergency & Level 2,"Need an electrician in Canley Vale? Evaready helps with emergency faults, Level 2 ASP work, switchboards, hot water, aircon, CCTV/data and general.",Electrician Canley Vale 2166,2803,yes,yes,yes,yes,yes,yes,yes,yes,yes,yes,yes,core,,,,,,,
/service-areas/liverpool-and-fairfield/fairfield/carramar,suburb page,yes,https://c0d312.github.io/evaready-electrical/service-areas/liverpool-and-fairfield/fairfield/carramar,Electrician Carramar 2163 | Emergency & Level 2,"Need electrical help in Carramar 2163? Emergency faults, Level 2 ASP, switchboards, hot water, aircon, CCTV/data and general electrical work across.",Electrician Carramar 2163,2742,yes,yes,yes,yes,yes,yes,yes,yes,yes,yes,yes,core,,,,,,,
/service-areas/liverpool-and-fairfield/fairfield/cecil-park,suburb page,yes,https://c0d312.github.io/evaready-electrical/service-areas/liverpool-and-fairfield/fairfield/cecil-park,Electrician Cecil Park 2178 | Emergency & Level 2,"Need electrical help in Cecil Park 2178? Emergency faults, Level 2 ASP, switchboards, hot water, aircon, CCTV/data and general electrical work across.",Electrician Cecil Park 2178,2846,yes,yes,yes,yes,yes,yes,yes,yes,yes,yes,yes,core,,,,,,,
/service-areas/liverpool-and-fairfield/fairfield/edensor-park,suburb page,yes,https://c0d312.github.io/evaready-electrical/service-areas/liverpool-and-fairfield/fairfield/edensor-park,Electrician Edensor Park 2176 | Emergency & Level 2,"Need an electrician in Edensor Park? Evaready helps with emergency faults, Level 2 ASP work, switchboards, hot water, aircon, CCTV/data and general.",Electrician Edensor Park 2176,2770,yes,yes,yes,yes,yes,yes,yes,yes,yes,yes,yes,core,,,,,,,
/service-areas/liverpool-and-fairfield/fairfield/fairfield,suburb page,yes,https://c0d312.github.io/evaready-electrical/service-areas/liverpool-and-fairfield/fairfield/fairfield,Electrician Fairfield 2165 | Emergency & Level 2,"Evaready Electrical helps with urgent faults, switchboards, lighting, power, CCTV, data and Level 2 support.",Electrician Fairfield 2165,2842,yes,yes,yes,yes,yes,yes,yes,yes,yes,yes,yes,core,,,,,,,
/service-areas/liverpool-and-fairfield/fairfield/fairfield-east,suburb page,yes,https://c0d312.github.io/evaready-electrical/service-areas/liverpool-and-fairfield/fairfield/fairfield-east,Electrician Fairfield East 2165 | Emergency & Level 2,"Need an electrician in Fairfield East? Evaready helps with emergency faults, Level 2 ASP work, switchboards, hot water, aircon, CCTV/data and general.",Electrician Fairfield East 2165,2828,yes,yes,yes,yes,yes,yes,yes,yes,yes,yes,yes,core,,,,,,,
/service-areas/liverpool-and-fairfield/fairfield/fairfield-heights,suburb page,yes,https://c0d312.github.io/evaready-electrical/service-areas/liverpool-and-fairfield/fairfield/fairfield-heights,Electrician Fairfield Heights 2165 | Emergency & Level 2,"Evaready helps Fairfield Heights with urgent faults, Level 2 ASP work, switchboards, hot water electrical, aircon, CCTV/data and planned electrical work.",Electrician Fairfield Heights 2165,2822,yes,yes,yes,yes,yes,yes,yes,yes,yes,yes,yes,core,,,,,,,
/service-areas/liverpool-and-fairfield/fairfield/fairfield-west,suburb page,yes,https://c0d312.github.io/evaready-electrical/service-areas/liverpool-and-fairfield/fairfield/fairfield-west,Electrician Fairfield West 2165 | Emergency & Level 2,"Need an electrician in Fairfield West? Evaready helps with emergency faults, Level 2 ASP work, switchboards, hot water, aircon, CCTV/data and general.",Electrician Fairfield West 2165,2816,yes,yes,yes,yes,yes,yes,yes,yes,yes,yes,yes,core,,,,,,,
/service-areas/liverpool-and-fairfield/fairfield/greenfield-park,suburb page,yes,https://c0d312.github.io/evaready-electrical/service-areas/liverpool-and-fairfield/fairfield/greenfield-park,Electrician Greenfield Park 2176 | Emergency & Level 2,"Evaready helps Greenfield Park with urgent faults, Level 2 ASP work, switchboards, hot water electrical, aircon, CCTV/data and planned electrical work.",Electrician Greenfield Park 2176,2814,yes,yes,yes,yes,yes,yes,yes,yes,yes,yes,yes,core,,,,,,,
/service-areas/liverpool-and-fairfield/fairfield/horsley-park,suburb page,yes,https://c0d312.github.io/evaready-electrical/service-areas/liverpool-and-fairfield/fairfield/horsley-park,Electrician Horsley Park 2175 | Emergency & Level 2,"Evaready helps Horsley Park with urgent faults, Level 2 ASP work, switchboards, hot water electrical, aircon, CCTV/data and planned electrical work.",Electrician Horsley Park 2175,2867,yes,yes,yes,yes,yes,yes,yes,yes,yes,yes,yes,core,,,,,,,
/service-areas/liverpool-and-fairfield/fairfield/lansvale,suburb page,yes,https://c0d312.github.io/evaready-electrical/service-areas/liverpool-and-fairfield/fairfield/lansvale,Electrician Lansvale 2166 | Emergency & Level 2,"Need an electrician in Lansvale? Evaready helps with emergency faults, Level 2 ASP work, switchboards, hot water, aircon, CCTV/data and general.",Electrician Lansvale 2166,2723,yes,yes,yes,yes,yes,yes,yes,yes,yes,yes,yes,core,,,,,,,
/service-areas/liverpool-and-fairfield/fairfield/mount-pritchard,suburb page,yes,https://c0d312.github.io/evaready-electrical/service-areas/liverpool-and-fairfield/fairfield/mount-pritchard,Electrician Mount Pritchard 2170 | Emergency & Level 2,"Need an electrician in Mount Pritchard? Evaready helps with emergency faults, Level 2 ASP work, switchboards, hot water, aircon, CCTV/data and general.",Electrician Mount Pritchard 2170,2816,yes,yes,yes,yes,yes,yes,yes,yes,yes,yes,yes,core,,,,,,,
/service-areas/liverpool-and-fairfield/fairfield/old-guildford,suburb page,yes,https://c0d312.github.io/evaready-electrical/service-areas/liverpool-and-fairfield/fairfield/old-guildford,Electrician Old Guildford 2161 | Emergency & Level 2,"Need an electrician in Old Guildford? Evaready helps with emergency faults, Level 2 ASP work, switchboards, hot water, aircon, CCTV/data and general.",Electrician Old Guildford 2161,2822,yes,yes,yes,yes,yes,yes,yes,yes,yes,yes,yes,core,,,,,,,
/service-areas/liverpool-and-fairfield/fairfield/prairiewood,suburb page,yes,https://c0d312.github.io/evaready-electrical/service-areas/liverpool-and-fairfield/fairfield/prairiewood,Electrician Prairiewood 2176 | Emergency & Level 2,"Need electrical help in Prairiewood 2176? Emergency faults, Level 2 ASP, switchboards, hot water, aircon, CCTV/data and general electrical work across.",Electrician Prairiewood 2176,2725,yes,yes,yes,yes,yes,yes,yes,yes,yes,yes,yes,core,,,,,,,
/service-areas/liverpool-and-fairfield/fairfield/smithfield,suburb page,yes,https://c0d312.github.io/evaready-electrical/service-areas/liverpool-and-fairfield/fairfield/smithfield,Electrician Smithfield 2164 | Emergency & Level 2,"Need an electrician in Smithfield? Evaready helps with emergency faults, Level 2 ASP work, switchboards, hot water, aircon, CCTV/data and general.",Electrician Smithfield 2164,2721,yes,yes,yes,yes,yes,yes,yes,yes,yes,yes,yes,core,,,,,,,
/service-areas/liverpool-and-fairfield/fairfield/st-johns-park,suburb page,yes,https://c0d312.github.io/evaready-electrical/service-areas/liverpool-and-fairfield/fairfield/st-johns-park,Electrician St Johns Park 2176 | Emergency & Level 2,"Need electrical help in St Johns Park 2176? Emergency faults, Level 2 ASP, switchboards, hot water, aircon, CCTV/data and general electrical work.",Electrician St Johns Park 2176,2902,yes,yes,yes,yes,yes,yes,yes,yes,yes,yes,yes,core,,,,,,,
/service-areas/liverpool-and-fairfield/fairfield/wakeley,suburb page,yes,https://c0d312.github.io/evaready-electrical/service-areas/liverpool-and-fairfield/fairfield/wakeley,Electrician Wakeley 2176 | Emergency & Level 2,"Evaready helps Wakeley with urgent faults, Level 2 ASP work, switchboards, hot water electrical, aircon, CCTV/data and planned electrical work.",Electrician Wakeley 2176,2705,yes,yes,yes,yes,yes,yes,yes,yes,yes,yes,yes,core,,,,,,,
/service-areas/liverpool-and-fairfield/fairfield/wetherill-park,suburb page,yes,https://c0d312.github.io/evaready-electrical/service-areas/liverpool-and-fairfield/fairfield/wetherill-park,Electrician Wetherill Park 2164 | Emergency & Level 2,"Need electrical help in Wetherill Park 2164? Emergency faults, Level 2 ASP, switchboards, hot water, aircon, CCTV/data and general electrical work.",Electrician Wetherill Park 2164,2843,yes,yes,yes,yes,yes,yes,yes,yes,yes,yes,yes,core,,,,,,,
/service-areas/liverpool-and-fairfield/fairfield/yennora,suburb page,yes,https://c0d312.github.io/evaready-electrical/service-areas/liverpool-and-fairfield/fairfield/yennora,Electrician Yennora 2161 | Emergency & Level 2,"Need an electrician in Yennora? Evaready helps with emergency faults, Level 2 ASP work, switchboards, hot water, aircon, CCTV/data and general.",Electrician Yennora 2161,2721,yes,yes,yes,yes,yes,yes,yes,yes,yes,yes,yes,core,,,,,,,
/service-areas/liverpool-and-fairfield/liverpool,area page,yes,https://c0d312.github.io/evaready-electrical/service-areas/liverpool-and-fairfield/liverpool,Liverpool Electrician | Liverpool & Fairfield,"Need an electrician in Liverpool? Evaready helps with urgent faults, Level 2 work, switchboards, consumer mains, defect notices and planned electrical jobs.","Liverpool Electrician - Emergency, Level 2 & Planned Work",1044,yes,yes,yes,yes,yes,yes,yes,yes,yes,yes,yes,core,,,,,,,
/service-areas/liverpool-and-fairfield/liverpool/ashcroft,suburb page,yes,https://c0d312.github.io/evaready-electrical/service-areas/liverpool-and-fairfield/liverpool/ashcroft,Electrician Ashcroft 2168 | Emergency & Level 2,"Need electrical help in Ashcroft 2168? Emergency faults, Level 2 ASP, switchboards, hot water, aircon, CCTV/data and general electrical work across.",Electrician Ashcroft 2168,2750,yes,yes,yes,yes,yes,yes,yes,yes,yes,yes,yes,core,,,,,,,
/service-areas/liverpool-and-fairfield/liverpool/austral,suburb page,yes,https://c0d312.github.io/evaready-electrical/service-areas/liverpool-and-fairfield/liverpool/austral,Electrician Austral 2179 | Emergency & Level 2,"Need an electrician in Austral? Evaready helps with emergency faults, Level 2 ASP work, switchboards, hot water, aircon, CCTV/data and general.",Electrician Austral 2179,2727,yes,yes,yes,yes,yes,yes,yes,yes,yes,yes,yes,core,,,,,,,
/service-areas/liverpool-and-fairfield/liverpool/badgerys-creek,suburb page,yes,https://c0d312.github.io/evaready-electrical/service-areas/liverpool-and-fairfield/liverpool/badgerys-creek,Electrician Badgerys Creek 2555 | Emergency & Level 2,"Need an electrician in Badgerys Creek? Evaready helps with emergency faults, Level 2 ASP work, switchboards, hot water, aircon, CCTV/data and general.",Electrician Badgerys Creek 2555,2847,yes,yes,yes,yes,yes,yes,yes,yes,yes,yes,yes,core,,,,,,,
/service-areas/liverpool-and-fairfield/liverpool/busby,suburb page,yes,https://c0d312.github.io/evaready-electrical/service-areas/liverpool-and-fairfield/liverpool/busby,Electrician Busby 2168 | Emergency & Level 2,"Need an electrician in Busby? Evaready helps with emergency faults, Level 2 ASP work, switchboards, hot water, aircon, CCTV/data and general.",Electrician Busby 2168,2723,yes,yes,yes,yes,yes,yes,yes,yes,yes,yes,yes,core,,,,,,,
/service-areas/liverpool-and-fairfield/liverpool/carnes-hill,suburb page,yes,https://c0d312.github.io/evaready-electrical/service-areas/liverpool-and-fairfield/liverpool/carnes-hill,Electrician Carnes Hill 2171 | Emergency & Level 2,"Need an electrician in Carnes Hill? Evaready helps with emergency faults, Level 2 ASP work, switchboards, hot water, aircon, CCTV/data and general.",Electrician Carnes Hill 2171,2829,yes,yes,yes,yes,yes,yes,yes,yes,yes,yes,yes,core,,,,,,,
/service-areas/liverpool-and-fairfield/liverpool/cartwright,suburb page,yes,https://c0d312.github.io/evaready-electrical/service-areas/liverpool-and-fairfield/liverpool/cartwright,Electrician Cartwright 2168 | Emergency & Level 2,"Need an electrician in Cartwright? Evaready helps with emergency faults, Level 2 ASP work, switchboards, hot water, aircon, CCTV/data and general.",Electrician Cartwright 2168,2750,yes,yes,yes,yes,yes,yes,yes,yes,yes,yes,yes,core,,,,,,,
/service-areas/liverpool-and-fairfield/liverpool/casula,suburb page,yes,https://c0d312.github.io/evaready-electrical/service-areas/liverpool-and-fairfield/liverpool/casula,Electrician Casula 2170 | Emergency & Level 2,"Need electrical help in Casula 2170? Emergency faults, Level 2 ASP, switchboards, hot water, aircon, CCTV/data and general electrical work across.",Electrician Casula 2170,2752,yes,yes,yes,yes,yes,yes,yes,yes,yes,yes,yes,core,,,,,,,
/service-areas/liverpool-and-fairfield/liverpool/cecil-hills,suburb page,yes,https://c0d312.github.io/evaready-electrical/service-areas/liverpool-and-fairfield/liverpool/cecil-hills,Electrician Cecil Hills 2171 | Emergency & Level 2,"Need an electrician in Cecil Hills? Evaready helps with emergency faults, Level 2 ASP work, switchboards, hot water, aircon, CCTV/data and general.",Electrician Cecil Hills 2171,2757,yes,yes,yes,yes,yes,yes,yes,yes,yes,yes,yes,core,,,,,,,
/service-areas/liverpool-and-fairfield/liverpool/chipping-norton,suburb page,yes,https://c0d312.github.io/evaready-electrical/service-areas/liverpool-and-fairfield/liverpool/chipping-norton,Electrician Chipping Norton 2170 | Emergency & Level 2,"Need an electrician in Chipping Norton? Evaready helps with emergency faults, Level 2 ASP work, switchboards, hot water, aircon, CCTV/data and general.",Electrician Chipping Norton 2170,2836,yes,yes,yes,yes,yes,yes,yes,yes,yes,yes,yes,core,,,,,,,
/service-areas/liverpool-and-fairfield/liverpool/edmondson-park,suburb page,yes,https://c0d312.github.io/evaready-electrical/service-areas/liverpool-and-fairfield/liverpool/edmondson-park,Electrician Edmondson Park 2174 | Emergency & Level 2,"Evaready helps Edmondson Park with urgent faults, Level 2 ASP work, switchboards, hot water electrical, aircon, CCTV/data and planned electrical work.",Electrician Edmondson Park 2174,2815,yes,yes,yes,yes,yes,yes,yes,yes,yes,yes,yes,core,,,,,,,
/service-areas/liverpool-and-fairfield/liverpool/elizabeth-hills,suburb page,yes,https://c0d312.github.io/evaready-electrical/service-areas/liverpool-and-fairfield/liverpool/elizabeth-hills,Electrician Elizabeth Hills 2171 | Emergency & Level 2,"Need electrical help in Elizabeth Hills 2171? Emergency faults, Level 2 ASP, switchboards, hot water, aircon, CCTV/data and general electrical work.",Electrician Elizabeth Hills 2171,2844,yes,yes,yes,yes,yes,yes,yes,yes,yes,yes,yes,core,,,,,,,
/service-areas/liverpool-and-fairfield/liverpool/green-valley,suburb page,yes,https://c0d312.github.io/evaready-electrical/service-areas/liverpool-and-fairfield/liverpool/green-valley,Electrician Green Valley 2168 | Emergency & Level 2,"Evaready helps Green Valley with urgent faults, Level 2 ASP work, switchboards, hot water electrical, aircon, CCTV/data and planned electrical work.",Electrician Green Valley 2168,2808,yes,yes,yes,yes,yes,yes,yes,yes,yes,yes,yes,core,,,,,,,
/service-areas/liverpool-and-fairfield/liverpool/greendale,suburb page,yes,https://c0d312.github.io/evaready-electrical/service-areas/liverpool-and-fairfield/liverpool/greendale,Electrician Greendale 2745 | Emergency & Level 2,"Need electrical help in Greendale 2745? Emergency faults, Level 2 ASP, switchboards, hot water, aircon, CCTV/data and general electrical work across.",Electrician Greendale 2745,2723,yes,yes,yes,yes,yes,yes,yes,yes,yes,yes,yes,core,,,,,,,
/service-areas/liverpool-and-fairfield/liverpool/hammondville,suburb page,yes,https://c0d312.github.io/evaready-electrical/service-areas/liverpool-and-fairfield/liverpool/hammondville,Electrician Hammondville 2170 | Emergency & Level 2,"Need electrical help in Hammondville 2170? Emergency faults, Level 2 ASP, switchboards, hot water, aircon, CCTV/data and general electrical work.",Electrician Hammondville 2170,2706,yes,yes,yes,yes,yes,yes,yes,yes,yes,yes,yes,core,,,,,,,
/service-areas/liverpool-and-fairfield/liverpool/heckenberg,suburb page,yes,https://c0d312.github.io/evaready-electrical/service-areas/liverpool-and-fairfield/liverpool/heckenberg,Electrician Heckenberg 2168 | Emergency & Level 2,"Need an electrician in Heckenberg? Evaready helps with emergency faults, Level 2 ASP work, switchboards, hot water, aircon, CCTV/data and general.",Electrician Heckenberg 2168,2725,yes,yes,yes,yes,yes,yes,yes,yes,yes,yes,yes,core,,,,,,,
/service-areas/liverpool-and-fairfield/liverpool/hinchinbrook,suburb page,yes,https://c0d312.github.io/evaready-electrical/service-areas/liverpool-and-fairfield/liverpool/hinchinbrook,Electrician Hinchinbrook 2168 | Emergency & Level 2,"Need electrical help in Hinchinbrook 2168? Emergency faults, Level 2 ASP, switchboards, hot water, aircon, CCTV/data and general electrical work.",Electrician Hinchinbrook 2168,2786,yes,yes,yes,yes,yes,yes,yes,yes,yes,yes,yes,core,,,,,,,
/service-areas/liverpool-and-fairfield/liverpool/horningsea-park,suburb page,yes,https://c0d312.github.io/evaready-electrical/service-areas/liverpool-and-fairfield/liverpool/horningsea-park,Electrician Horningsea Park 2171 | Emergency & Level 2,"Evaready helps Horningsea Park with urgent faults, Level 2 ASP work, switchboards, hot water electrical, aircon, CCTV/data and planned electrical work.",Electrician Horningsea Park 2171,2802,yes,yes,yes,yes,yes,yes,yes,yes,yes,yes,yes,core,,,,,,,
/service-areas/liverpool-and-fairfield/liverpool/hoxton-park,suburb page,yes,https://c0d312.github.io/evaready-electrical/service-areas/liverpool-and-fairfield/liverpool/hoxton-park,Electrician Hoxton Park 2171 | Emergency & Level 2,"Need an electrician in Hoxton Park? Evaready helps with emergency faults, Level 2 ASP work, switchboards, hot water, aircon, CCTV/data and general.",Electrician Hoxton Park 2171,2841,yes,yes,yes,yes,yes,yes,yes,yes,yes,yes,yes,core,,,,,,,
/service-areas/liverpool-and-fairfield/liverpool/kemps-creek,suburb page,yes,https://c0d312.github.io/evaready-electrical/service-areas/liverpool-and-fairfield/liverpool/kemps-creek,Electrician Kemps Creek 2178 | Emergency & Level 2,"Need electrical help in Kemps Creek 2178? Emergency faults, Level 2 ASP, switchboards, hot water, aircon, CCTV/data and general electrical work across.",Electrician Kemps Creek 2178,2870,yes,yes,yes,yes,yes,yes,yes,yes,yes,yes,yes,core,,,,,,,
/service-areas/liverpool-and-fairfield/liverpool/liverpool,suburb page,yes,https://c0d312.github.io/evaready-electrical/service-areas/liverpool-and-fairfield/liverpool/liverpool,Electrician Liverpool 2170 | Emergency & Level 2,"Need electrical help in Liverpool 2170? Evaready Electrical helps with urgent faults, switchboards, lighting, commercial maintenance and Level 2.",Electrician Liverpool 2170,2769,yes,yes,yes,yes,yes,yes,yes,yes,yes,yes,yes,core,,,,,,,
/service-areas/liverpool-and-fairfield/liverpool/luddenham,suburb page,yes,https://c0d312.github.io/evaready-electrical/service-areas/liverpool-and-fairfield/liverpool/luddenham,Electrician Luddenham 2745 | Emergency & Level 2,"Need an electrician in Luddenham? Evaready helps with emergency faults, Level 2 ASP work, switchboards, hot water, aircon, CCTV/data and general.",Electrician Luddenham 2745,2777,yes,yes,yes,yes,yes,yes,yes,yes,yes,yes,yes,core,,,,,,,
/service-areas/liverpool-and-fairfield/liverpool/lurnea,suburb page,yes,https://c0d312.github.io/evaready-electrical/service-areas/liverpool-and-fairfield/liverpool/lurnea,Electrician Lurnea 2170 | Emergency & Level 2,"Need an electrician in Lurnea? Evaready helps with emergency faults, Level 2 ASP work, switchboards, hot water, aircon, CCTV/data and general.",Electrician Lurnea 2170,2789,yes,yes,yes,yes,yes,yes,yes,yes,yes,yes,yes,core,,,,,,,
/service-areas/liverpool-and-fairfield/liverpool/middleton-grange,suburb page,yes,https://c0d312.github.io/evaready-electrical/service-areas/liverpool-and-fairfield/liverpool/middleton-grange,Electrician Middleton Grange 2171 | Emergency & Level 2,"Evaready helps Middleton Grange with urgent faults, Level 2 ASP work, switchboards, hot water electrical, aircon, CCTV/data and planned electrical work.",Electrician Middleton Grange 2171,2810,yes,yes,yes,yes,yes,yes,yes,yes,yes,yes,yes,core,,,,,,,
/service-areas/liverpool-and-fairfield/liverpool/miller,suburb page,yes,https://c0d312.github.io/evaready-electrical/service-areas/liverpool-and-fairfield/liverpool/miller,Electrician Miller 2168 | Emergency & Level 2,"Need electrical help in Miller 2168? Emergency faults, Level 2 ASP, switchboards, hot water, aircon, CCTV/data and general electrical work across.",Electrician Miller 2168,2729,yes,yes,yes,yes,yes,yes,yes,yes,yes,yes,yes,core,,,,,,,
/service-areas/liverpool-and-fairfield/liverpool/moorebank,suburb page,yes,https://c0d312.github.io/evaready-electrical/service-areas/liverpool-and-fairfield/liverpool/moorebank,Electrician Moorebank 2170 | Emergency & Level 2,"Evaready Electrical helps with faults, switchboards, lighting, power, data, CCTV and three-phase enquiries.",Electrician Moorebank 2170,2784,yes,yes,yes,yes,yes,yes,yes,yes,yes,yes,yes,core,,,,,,,
/service-areas/liverpool-and-fairfield/liverpool/pleasure-point,suburb page,yes,https://c0d312.github.io/evaready-electrical/service-areas/liverpool-and-fairfield/liverpool/pleasure-point,Electrician Pleasure Point 2172 | Emergency & Level 2,"Need an electrician in Pleasure Point? Evaready helps with emergency faults, Level 2 ASP work, switchboards, hot water, aircon, CCTV/data and general.",Electrician Pleasure Point 2172,2797,yes,yes,yes,yes,yes,yes,yes,yes,yes,yes,yes,core,,,,,,,
/service-areas/liverpool-and-fairfield/liverpool/prestons,suburb page,yes,https://c0d312.github.io/evaready-electrical/service-areas/liverpool-and-fairfield/liverpool/prestons,Electrician Prestons 2170 | Emergency & Level 2,"Evaready Electrical helps with fault finding, switchboards, lighting, power, data, CCTV and Level 2 enquiries.",Electrician Prestons 2170,2794,yes,yes,yes,yes,yes,yes,yes,yes,yes,yes,yes,core,,,,,,,
/service-areas/liverpool-and-fairfield/liverpool/sadleir,suburb page,yes,https://c0d312.github.io/evaready-electrical/service-areas/liverpool-and-fairfield/liverpool/sadleir,Electrician Sadleir 2168 | Emergency & Level 2,"Need electrical help in Sadleir 2168? Emergency faults, Level 2 ASP, switchboards, hot water, aircon, CCTV/data and general electrical work across.",Electrician Sadleir 2168,2744,yes,yes,yes,yes,yes,yes,yes,yes,yes,yes,yes,core,,,,,,,
/service-areas/liverpool-and-fairfield/liverpool/voyager-point,suburb page,yes,https://c0d312.github.io/evaready-electrical/service-areas/liverpool-and-fairfield/liverpool/voyager-point,Electrician Voyager Point 2172 | Emergency & Level 2,"Evaready helps Voyager Point with urgent faults, Level 2 ASP work, switchboards, hot water electrical, aircon, CCTV/data and planned electrical work.",Electrician Voyager Point 2172,2829,yes,yes,yes,yes,yes,yes,yes,yes,yes,yes,yes,core,,,,,,,
/service-areas/liverpool-and-fairfield/liverpool/wallacia,suburb page,yes,https://c0d312.github.io/evaready-electrical/service-areas/liverpool-and-fairfield/liverpool/wallacia,Electrician Wallacia 2745 | Emergency & Level 2,"Need electrical help in Wallacia 2745? Emergency faults, Level 2 ASP, switchboards, hot water, aircon, CCTV/data and general electrical work across.",Electrician Wallacia 2745,2786,yes,yes,yes,yes,yes,yes,yes,yes,yes,yes,yes,core,,,,,,,
/service-areas/liverpool-and-fairfield/liverpool/warwick-farm,suburb page,yes,https://c0d312.github.io/evaready-electrical/service-areas/liverpool-and-fairfield/liverpool/warwick-farm,Electrician Warwick Farm 2170 | Emergency & Level 2,"Evaready helps Warwick Farm with urgent faults, Level 2 ASP work, switchboards, hot water electrical, aircon, CCTV/data and planned electrical work.",Electrician Warwick Farm 2170,2816,yes,yes,yes,yes,yes,yes,yes,yes,yes,yes,yes,core,,,,,,,
/service-areas/liverpool-and-fairfield/liverpool/wattle-grove,suburb page,yes,https://c0d312.github.io/evaready-electrical/service-areas/liverpool-and-fairfield/liverpool/wattle-grove,Electrician Wattle Grove 2173 | Emergency & Level 2,"Need electrical help in Wattle Grove 2173? Emergency faults, Level 2 ASP, switchboards, hot water, aircon, CCTV/data and general electrical work.",Electrician Wattle Grove 2173,2775,yes,yes,yes,yes,yes,yes,yes,yes,yes,yes,yes,core,,,,,,,
/service-areas/liverpool-and-fairfield/liverpool/west-hoxton,suburb page,yes,https://c0d312.github.io/evaready-electrical/service-areas/liverpool-and-fairfield/liverpool/west-hoxton,Electrician West Hoxton 2171 | Emergency & Level 2,"Evaready helps West Hoxton with urgent faults, Level 2 ASP work, switchboards, hot water electrical, aircon, CCTV/data and planned electrical work.",Electrician West Hoxton 2171,2834,yes,yes,yes,yes,yes,yes,yes,yes,yes,yes,yes,core,,,,,,,
/service-areas/macarthur-camden-and-wollondilly,region page,yes,https://c0d312.github.io/evaready-electrical/service-areas/macarthur-camden-and-wollondilly,"Macarthur, Camden & Wollondilly Electrician | Emergency & Level 2","Need an electrician in Macarthur, Camden & Wollondilly? Evaready helps with urgent faults, Level 2 work, switchboards, consumer mains, defect notices.","Macarthur, Camden & Wollondilly Electrician - Emergency, Level 2 & Planned Work",1065,yes,yes,yes,yes,yes,yes,yes,yes,yes,yes,yes,greater,,,,,,,
/service-areas/macarthur-camden-and-wollondilly/camden,area page,yes,https://c0d312.github.io/evaready-electrical/service-areas/macarthur-camden-and-wollondilly/camden,"Camden Electrician | Macarthur, Camden & Wollondilly","Need an electrician in Camden? Evaready helps with urgent faults, Level 2 work, switchboards, consumer mains, defect notices and planned electrical jobs.","Camden Electrician - Emergency, Level 2 & Planned Work",1009,yes,yes,yes,yes,yes,yes,yes,yes,yes,yes,yes,greater,,,,,,,
/service-areas/macarthur-camden-and-wollondilly/camden/bringelly,suburb page,yes,https://c0d312.github.io/evaready-electrical/service-areas/macarthur-camden-and-wollondilly/camden/bringelly,Electrician Bringelly 2556 | Emergency & Level 2,"Need an electrician in Bringelly? Evaready helps with emergency faults, Level 2 ASP work, switchboards, hot water, aircon, CCTV/data and general.",Electrician Bringelly 2556,2775,yes,yes,yes,yes,yes,yes,yes,yes,yes,yes,yes,greater,,,,,,,
/service-areas/macarthur-camden-and-wollondilly/camden/camden,suburb page,yes,https://c0d312.github.io/evaready-electrical/service-areas/macarthur-camden-and-wollondilly/camden/camden,Electrician Camden 2570 | Emergency & Level 2,"Need an electrician in Camden? Evaready helps with emergency faults, Level 2 ASP work, switchboards, hot water, aircon, CCTV/data and general.",Electrician Camden 2570,2770,yes,yes,yes,yes,yes,yes,yes,yes,yes,yes,yes,greater,,,,,,,
/service-areas/macarthur-camden-and-wollondilly/camden/camden-south,suburb page,yes,https://c0d312.github.io/evaready-electrical/service-areas/macarthur-camden-and-wollondilly/camden/camden-south,Electrician Camden South 2570 | Emergency & Level 2,"Need electrical help in Camden South 2570? Emergency faults, Level 2 ASP, switchboards, hot water, aircon, CCTV/data and general electrical work.",Electrician Camden South 2570,2828,yes,yes,yes,yes,yes,yes,yes,yes,yes,yes,yes,greater,,,,,,,
/service-areas/macarthur-camden-and-wollondilly/camden/catherine-field,suburb page,yes,https://c0d312.github.io/evaready-electrical/service-areas/macarthur-camden-and-wollondilly/camden/catherine-field,Electrician Catherine Field 2557 | Emergency & Level 2,"Need electrical help in Catherine Field 2557? Emergency faults, Level 2 ASP, switchboards, hot water, aircon, CCTV/data and general electrical work.",Electrician Catherine Field 2557,2857,yes,yes,yes,yes,yes,yes,yes,yes,yes,yes,yes,greater,,,,,,,
/service-areas/macarthur-camden-and-wollondilly/camden/cawdor,suburb page,yes,https://c0d312.github.io/evaready-electrical/service-areas/macarthur-camden-and-wollondilly/camden/cawdor,Electrician Cawdor 2570 | Emergency & Level 2,"Need an electrician in Cawdor? Evaready helps with emergency faults, Level 2 ASP work, switchboards, hot water, aircon, CCTV/data and general.",Electrician Cawdor 2570,2761,yes,yes,yes,yes,yes,yes,yes,yes,yes,yes,yes,greater,,,,,,,
/service-areas/macarthur-camden-and-wollondilly/camden/cobbitty,suburb page,yes,https://c0d312.github.io/evaready-electrical/service-areas/macarthur-camden-and-wollondilly/camden/cobbitty,Electrician Cobbitty 2570 | Emergency & Level 2,"Evaready helps Cobbitty with urgent faults, Level 2 ASP work, switchboards, hot water electrical, aircon, CCTV/data and planned electrical work.",Electrician Cobbitty 2570,2743,yes,yes,yes,yes,yes,yes,yes,yes,yes,yes,yes,greater,,,,,,,
/service-areas/macarthur-camden-and-wollondilly/camden/currans-hill,suburb page,yes,https://c0d312.github.io/evaready-electrical/service-areas/macarthur-camden-and-wollondilly/camden/currans-hill,Electrician Currans Hill 2567 | Emergency & Level 2,"Evaready helps Currans Hill with urgent faults, Level 2 ASP work, switchboards, hot water electrical, aircon, CCTV/data and planned electrical work.",Electrician Currans Hill 2567,2845,yes,yes,yes,yes,yes,yes,yes,yes,yes,yes,yes,greater,,,,,,,
/service-areas/macarthur-camden-and-wollondilly/camden/elderslie,suburb page,yes,https://c0d312.github.io/evaready-electrical/service-areas/macarthur-camden-and-wollondilly/camden/elderslie,Electrician Elderslie 2570 | Emergency & Level 2,"Need electrical help in Elderslie 2570? Emergency faults, Level 2 ASP, switchboards, hot water, aircon, CCTV/data and general electrical work across.",Electrician Elderslie 2570,2745,yes,yes,yes,yes,yes,yes,yes,yes,yes,yes,yes,greater,,,,,,,
/service-areas/macarthur-camden-and-wollondilly/camden/ellis-lane,suburb page,yes,https://c0d312.github.io/evaready-electrical/service-areas/macarthur-camden-and-wollondilly/camden/ellis-lane,Electrician Ellis Lane 2570 | Emergency & Level 2,"Need electrical help in Ellis Lane 2570? Emergency faults, Level 2 ASP, switchboards, hot water, aircon, CCTV/data and general electrical work across.",Electrician Ellis Lane 2570,2833,yes,yes,yes,yes,yes,yes,yes,yes,yes,yes,yes,greater,,,,,,,
/service-areas/macarthur-camden-and-wollondilly/camden/gledswood-hills,suburb page,yes,https://c0d312.github.io/evaready-electrical/service-areas/macarthur-camden-and-wollondilly/camden/gledswood-hills,Electrician Gledswood Hills 2557 | Emergency & Level 2,"Need an electrician in Gledswood Hills? Evaready helps with emergency faults, Level 2 ASP work, switchboards, hot water, aircon, CCTV/data and general.",Electrician Gledswood Hills 2557,2908,yes,yes,yes,yes,yes,yes,yes,yes,yes,yes,yes,greater,,,,,,,
/service-areas/macarthur-camden-and-wollondilly/camden/grasmere,suburb page,yes,https://c0d312.github.io/evaready-electrical/service-areas/macarthur-camden-and-wollondilly/camden/grasmere,Electrician Grasmere 2570 | Emergency & Level 2,"Evaready helps Grasmere with urgent faults, Level 2 ASP work, switchboards, hot water electrical, aircon, CCTV/data and planned electrical work.",Electrician Grasmere 2570,2723,yes,yes,yes,yes,yes,yes,yes,yes,yes,yes,yes,greater,,,,,,,
/service-areas/macarthur-camden-and-wollondilly/camden/gregory-hills,suburb page,yes,https://c0d312.github.io/evaready-electrical/service-areas/macarthur-camden-and-wollondilly/camden/gregory-hills,Electrician Gregory Hills 2557 | Emergency & Level 2,"Need electrical help in Gregory Hills 2557? Emergency faults, Level 2 ASP, switchboards, hot water, aircon, CCTV/data and general electrical work.",Electrician Gregory Hills 2557,2876,yes,yes,yes,yes,yes,yes,yes,yes,yes,yes,yes,greater,,,,,,,
/service-areas/macarthur-camden-and-wollondilly/camden/harrington-park,suburb page,yes,https://c0d312.github.io/evaready-electrical/service-areas/macarthur-camden-and-wollondilly/camden/harrington-park,Electrician Harrington Park 2567 | Emergency & Level 2,"Evaready helps Harrington Park with urgent faults, Level 2 ASP work, switchboards, hot water electrical, aircon, CCTV/data and planned electrical work.",Electrician Harrington Park 2567,2807,yes,yes,yes,yes,yes,yes,yes,yes,yes,yes,yes,greater,,,,,,,
/service-areas/macarthur-camden-and-wollondilly/camden/kirkham,suburb page,yes,https://c0d312.github.io/evaready-electrical/service-areas/macarthur-camden-and-wollondilly/camden/kirkham,Electrician Kirkham 2570 | Emergency & Level 2,"Need electrical help in Kirkham 2570? Emergency faults, Level 2 ASP, switchboards, hot water, aircon, CCTV/data and general electrical work across Camden.",Electrician Kirkham 2570,2755,yes,yes,yes,yes,yes,yes,yes,yes,yes,yes,yes,greater,,,,,,,
/service-areas/macarthur-camden-and-wollondilly/camden/leppington,suburb page,yes,https://c0d312.github.io/evaready-electrical/service-areas/macarthur-camden-and-wollondilly/camden/leppington,Electrician Leppington 2179 | Emergency & Level 2,"Evaready helps Leppington with urgent faults, Level 2 ASP work, switchboards, hot water electrical, aircon, CCTV/data and planned electrical work.",Electrician Leppington 2179,2822,yes,yes,yes,yes,yes,yes,yes,yes,yes,yes,yes,greater,,,,,,,
/service-areas/macarthur-camden-and-wollondilly/camden/mount-annan,suburb page,yes,https://c0d312.github.io/evaready-electrical/service-areas/macarthur-camden-and-wollondilly/camden/mount-annan,Electrician Mount Annan 2567 | Emergency & Level 2,"Evaready helps Mount Annan with urgent faults, Level 2 ASP work, switchboards, hot water electrical, aircon, CCTV/data and planned electrical work.",Electrician Mount Annan 2567,2840,yes,yes,yes,yes,yes,yes,yes,yes,yes,yes,yes,greater,,,,,,,
/service-areas/macarthur-camden-and-wollondilly/camden/narellan,suburb page,yes,https://c0d312.github.io/evaready-electrical/service-areas/macarthur-camden-and-wollondilly/camden/narellan,Electrician Narellan 2567 | Emergency & Level 2,"Need an electrician in Narellan? Evaready Electrical helps with lighting, power, switchboards, EV-ready circuits, data, CCTV and Level 2 enquiries.",Electrician Narellan 2567,2733,yes,yes,yes,yes,yes,yes,yes,yes,yes,yes,yes,greater,,,,,,,
/service-areas/macarthur-camden-and-wollondilly/camden/narellan-vale,suburb page,yes,https://c0d312.github.io/evaready-electrical/service-areas/macarthur-camden-and-wollondilly/camden/narellan-vale,Electrician Narellan Vale 2567 | Emergency & Level 2,"Need an electrician in Narellan Vale? Evaready helps with emergency faults, Level 2 ASP work, switchboards, hot water, aircon, CCTV/data and general.",Electrician Narellan Vale 2567,2869,yes,yes,yes,yes,yes,yes,yes,yes,yes,yes,yes,greater,,,,,,,
/service-areas/macarthur-camden-and-wollondilly/camden/oran-park,suburb page,yes,https://c0d312.github.io/evaready-electrical/service-areas/macarthur-camden-and-wollondilly/camden/oran-park,Electrician Oran Park 2570 | Emergency & Level 2,"Need an electrician in Oran Park? Evaready helps with emergency faults, Level 2 ASP work, switchboards, hot water, aircon, CCTV/data and general.",Electrician Oran Park 2570,2878,yes,yes,yes,yes,yes,yes,yes,yes,yes,yes,yes,greater,,,,,,,
/service-areas/macarthur-camden-and-wollondilly/camden/rossmore,suburb page,yes,https://c0d312.github.io/evaready-electrical/service-areas/macarthur-camden-and-wollondilly/camden/rossmore,Electrician Rossmore 2557 | Emergency & Level 2,"Evaready helps Rossmore with urgent faults, Level 2 ASP work, switchboards, hot water electrical, aircon, CCTV/data and planned electrical work.",Electrician Rossmore 2557,2803,yes,yes,yes,yes,yes,yes,yes,yes,yes,yes,yes,greater,,,,,,,
/service-areas/macarthur-camden-and-wollondilly/camden/smeaton-grange,suburb page,yes,https://c0d312.github.io/evaready-electrical/service-areas/macarthur-camden-and-wollondilly/camden/smeaton-grange,Electrician Smeaton Grange 2567 | Emergency & Level 2,"Evaready helps Smeaton Grange with urgent faults, Level 2 ASP work, switchboards, hot water electrical, aircon, CCTV/data and planned electrical work.",Electrician Smeaton Grange 2567,2812,yes,yes,yes,yes,yes,yes,yes,yes,yes,yes,yes,greater,,,,,,,
/service-areas/macarthur-camden-and-wollondilly/camden/spring-farm,suburb page,yes,https://c0d312.github.io/evaready-electrical/service-areas/macarthur-camden-and-wollondilly/camden/spring-farm,Electrician Spring Farm 2570 | Emergency & Level 2,"Need electrical help in Spring Farm 2570? Emergency faults, Level 2 ASP, switchboards, hot water, aircon, CCTV/data and general electrical work across.",Electrician Spring Farm 2570,2890,yes,yes,yes,yes,yes,yes,yes,yes,yes,yes,yes,greater,,,,,,,
/service-areas/macarthur-camden-and-wollondilly/campbelltown,area page,yes,https://c0d312.github.io/evaready-electrical/service-areas/macarthur-camden-and-wollondilly/campbelltown,"Campbelltown Electrician | Macarthur, Camden & Wollondilly","Need an electrician in Campbelltown? Evaready helps with urgent faults, Level 2 work, switchboards, consumer mains, defect notices and planned electrical.","Campbelltown Electrician - Emergency, Level 2 & Planned Work",1072,yes,yes,yes,yes,yes,yes,yes,yes,yes,yes,yes,greater,,,,,,,
/service-areas/macarthur-camden-and-wollondilly/campbelltown/airds,suburb page,yes,https://c0d312.github.io/evaready-electrical/service-areas/macarthur-camden-and-wollondilly/campbelltown/airds,Electrician Airds 2560 | Emergency & Level 2,"Evaready helps Airds with urgent faults, Level 2 ASP work, switchboards, hot water electrical, aircon, CCTV/data and planned electrical work.",Electrician Airds 2560,2744,yes,yes,yes,yes,yes,yes,yes,yes,yes,yes,yes,greater,,,,,,,
/service-areas/macarthur-camden-and-wollondilly/campbelltown/ambarvale,suburb page,yes,https://c0d312.github.io/evaready-electrical/service-areas/macarthur-camden-and-wollondilly/campbelltown/ambarvale,Electrician Ambarvale 2560 | Emergency & Level 2,"Evaready helps Ambarvale with urgent faults, Level 2 ASP work, switchboards, hot water electrical, aircon, CCTV/data and planned electrical work.",Electrician Ambarvale 2560,2795,yes,yes,yes,yes,yes,yes,yes,yes,yes,yes,yes,greater,,,,,,,
/service-areas/macarthur-camden-and-wollondilly/campbelltown/bardia,suburb page,yes,https://c0d312.github.io/evaready-electrical/service-areas/macarthur-camden-and-wollondilly/campbelltown/bardia,Electrician Bardia 2565 | Emergency & Level 2,"Need an electrician in Bardia? Evaready helps with emergency faults, Level 2 ASP work, switchboards, hot water, aircon, CCTV/data and general.",Electrician Bardia 2565,2760,yes,yes,yes,yes,yes,yes,yes,yes,yes,yes,yes,greater,,,,,,,
/service-areas/macarthur-camden-and-wollondilly/campbelltown/blair-athol,suburb page,yes,https://c0d312.github.io/evaready-electrical/service-areas/macarthur-camden-and-wollondilly/campbelltown/blair-athol,Electrician Blair Athol 2560 | Emergency & Level 2,"Evaready helps Blair Athol with urgent faults, Level 2 ASP work, switchboards, hot water electrical, aircon, CCTV/data and planned electrical work.",Electrician Blair Athol 2560,2832,yes,yes,yes,yes,yes,yes,yes,yes,yes,yes,yes,greater,,,,,,,
/service-areas/macarthur-camden-and-wollondilly/campbelltown/blairmount,suburb page,yes,https://c0d312.github.io/evaready-electrical/service-areas/macarthur-camden-and-wollondilly/campbelltown/blairmount,Electrician Blairmount 2559 | Emergency & Level 2,"Need an electrician in Blairmount? Evaready helps with emergency faults, Level 2 ASP work, switchboards, hot water, aircon, CCTV/data and general.",Electrician Blairmount 2559,2749,yes,yes,yes,yes,yes,yes,yes,yes,yes,yes,yes,greater,,,,,,,
/service-areas/macarthur-camden-and-wollondilly/campbelltown/bow-bowing,suburb page,yes,https://c0d312.github.io/evaready-electrical/service-areas/macarthur-camden-and-wollondilly/campbelltown/bow-bowing,Electrician Bow Bowing 2566 | Emergency & Level 2,"Evaready helps Bow Bowing with urgent faults, Level 2 ASP work, switchboards, hot water electrical, aircon, CCTV/data and planned electrical work.",Electrician Bow Bowing 2566,2839,yes,yes,yes,yes,yes,yes,yes,yes,yes,yes,yes,greater,,,,,,,
/service-areas/macarthur-camden-and-wollondilly/campbelltown/bradbury,suburb page,yes,https://c0d312.github.io/evaready-electrical/service-areas/macarthur-camden-and-wollondilly/campbelltown/bradbury,Electrician Bradbury 2560 | Emergency & Level 2,"Evaready helps Bradbury with urgent faults, Level 2 ASP work, switchboards, hot water electrical, aircon, CCTV/data and planned electrical work.",Electrician Bradbury 2560,2746,yes,yes,yes,yes,yes,yes,yes,yes,yes,yes,yes,greater,,,,,,,
/service-areas/macarthur-camden-and-wollondilly/campbelltown/campbelltown,suburb page,yes,https://c0d312.github.io/evaready-electrical/service-areas/macarthur-camden-and-wollondilly/campbelltown/campbelltown,Electrician Campbelltown 2560 | Emergency & Level 2,"Need an electrician in Campbelltown? Evaready Electrical helps with emergency faults, switchboards, lighting, power, hot water electrical, data and CCTV.",Electrician Campbelltown 2560,2824,yes,yes,yes,yes,yes,yes,yes,yes,yes,yes,yes,greater,,,,,,,
/service-areas/macarthur-camden-and-wollondilly/campbelltown/claymore,suburb page,yes,https://c0d312.github.io/evaready-electrical/service-areas/macarthur-camden-and-wollondilly/campbelltown/claymore,Electrician Claymore 2559 | Emergency & Level 2,"Evaready helps Claymore with urgent faults, Level 2 ASP work, switchboards, hot water electrical, aircon, CCTV/data and planned electrical work.",Electrician Claymore 2559,2813,yes,yes,yes,yes,yes,yes,yes,yes,yes,yes,yes,greater,,,,,,,
/service-areas/macarthur-camden-and-wollondilly/campbelltown/denham-court,suburb page,yes,https://c0d312.github.io/evaready-electrical/service-areas/macarthur-camden-and-wollondilly/campbelltown/denham-court,Electrician Denham Court 2565 | Emergency & Level 2,"Evaready helps Denham Court with urgent faults, Level 2 ASP work, switchboards, hot water electrical, aircon, CCTV/data and planned electrical work.",Electrician Denham Court 2565,2854,yes,yes,yes,yes,yes,yes,yes,yes,yes,yes,yes,greater,,,,,,,
/service-areas/macarthur-camden-and-wollondilly/campbelltown/eagle-vale,suburb page,yes,https://c0d312.github.io/evaready-electrical/service-areas/macarthur-camden-and-wollondilly/campbelltown/eagle-vale,Electrician Eagle Vale 2558 | Emergency & Level 2,"Evaready helps Eagle Vale with urgent faults, Level 2 ASP work, switchboards, hot water electrical, aircon, CCTV/data and planned electrical work.",Electrician Eagle Vale 2558,2873,yes,yes,yes,yes,yes,yes,yes,yes,yes,yes,yes,greater,,,,,,,
/service-areas/macarthur-camden-and-wollondilly/campbelltown/englorie-park,suburb page,yes,https://c0d312.github.io/evaready-electrical/service-areas/macarthur-camden-and-wollondilly/campbelltown/englorie-park,Electrician Englorie Park 2560 | Emergency & Level 2,"Need electrical help in Englorie Park 2560? Emergency faults, Level 2 ASP, switchboards, hot water, aircon, CCTV/data and general electrical work.",Electrician Englorie Park 2560,2851,yes,yes,yes,yes,yes,yes,yes,yes,yes,yes,yes,greater,,,,,,,
/service-areas/macarthur-camden-and-wollondilly/campbelltown/eschol-park,suburb page,yes,https://c0d312.github.io/evaready-electrical/service-areas/macarthur-camden-and-wollondilly/campbelltown/eschol-park,Electrician Eschol Park 2558 | Emergency & Level 2,"Need an electrician in Eschol Park? Evaready helps with emergency faults, Level 2 ASP work, switchboards, hot water, aircon, CCTV/data and general.",Electrician Eschol Park 2558,2883,yes,yes,yes,yes,yes,yes,yes,yes,yes,yes,yes,greater,,,,,,,
/service-areas/macarthur-camden-and-wollondilly/campbelltown/gilead,suburb page,yes,https://c0d312.github.io/evaready-electrical/service-areas/macarthur-camden-and-wollondilly/campbelltown/gilead,Electrician Gilead 2560 | Emergency & Level 2,"Evaready helps Gilead with urgent faults, Level 2 ASP work, switchboards, hot water electrical, aircon, CCTV/data and planned electrical work.",Electrician Gilead 2560,2754,yes,yes,yes,yes,yes,yes,yes,yes,yes,yes,yes,greater,,,,,,,
/service-areas/macarthur-camden-and-wollondilly/campbelltown/glen-alpine,suburb page,yes,https://c0d312.github.io/evaready-electrical/service-areas/macarthur-camden-and-wollondilly/campbelltown/glen-alpine,Electrician Glen Alpine 2560 | Emergency & Level 2,"Need an electrician in Glen Alpine? Evaready helps with emergency faults, Level 2 ASP work, switchboards, hot water, aircon, CCTV/data and general.",Electrician Glen Alpine 2560,2862,yes,yes,yes,yes,yes,yes,yes,yes,yes,yes,yes,greater,,,,,,,
/service-areas/macarthur-camden-and-wollondilly/campbelltown/glenfield,suburb page,yes,https://c0d312.github.io/evaready-electrical/service-areas/macarthur-camden-and-wollondilly/campbelltown/glenfield,Electrician Glenfield 2167 | Emergency & Level 2,"Need electrical help in Glenfield 2167? Emergency faults, Level 2 ASP, switchboards, hot water, aircon, CCTV/data and general electrical work across.",Electrician Glenfield 2167,2824,yes,yes,yes,yes,yes,yes,yes,yes,yes,yes,yes,greater,,,,,,,
/service-areas/macarthur-camden-and-wollondilly/campbelltown/holsworthy,suburb page,yes,https://c0d312.github.io/evaready-electrical/service-areas/macarthur-camden-and-wollondilly/campbelltown/holsworthy,Electrician Holsworthy 2173 | Emergency & Level 2,"Evaready helps Holsworthy with urgent faults, Level 2 ASP work, switchboards, hot water electrical, aircon, CCTV/data and planned electrical work.",Electrician Holsworthy 2173,2749,yes,yes,yes,yes,yes,yes,yes,yes,yes,yes,yes,greater,,,,,,,
/service-areas/macarthur-camden-and-wollondilly/campbelltown/ingleburn,suburb page,yes,https://c0d312.github.io/evaready-electrical/service-areas/macarthur-camden-and-wollondilly/campbelltown/ingleburn,Electrician Ingleburn 2565 | Emergency & Level 2,"Evaready helps Ingleburn with urgent faults, Level 2 ASP work, switchboards, hot water electrical, aircon, CCTV/data and planned electrical work.",Electrician Ingleburn 2565,2734,yes,yes,yes,yes,yes,yes,yes,yes,yes,yes,yes,greater,,,,,,,
/service-areas/macarthur-camden-and-wollondilly/campbelltown/kearns,suburb page,yes,https://c0d312.github.io/evaready-electrical/service-areas/macarthur-camden-and-wollondilly/campbelltown/kearns,Electrician Kearns 2558 | Emergency & Level 2,"Need electrical help in Kearns 2558? Emergency faults, Level 2 ASP, switchboards, hot water, aircon, CCTV/data and general electrical work across.",Electrician Kearns 2558,2771,yes,yes,yes,yes,yes,yes,yes,yes,yes,yes,yes,greater,,,,,,,
/service-areas/macarthur-camden-and-wollondilly/campbelltown/kentlyn,suburb page,yes,https://c0d312.github.io/evaready-electrical/service-areas/macarthur-camden-and-wollondilly/campbelltown/kentlyn,Electrician Kentlyn 2560 | Emergency & Level 2,"Need electrical help in Kentlyn 2560? Emergency faults, Level 2 ASP, switchboards, hot water, aircon, CCTV/data and general electrical work across.",Electrician Kentlyn 2560,2820,yes,yes,yes,yes,yes,yes,yes,yes,yes,yes,yes,greater,,,,,,,
/service-areas/macarthur-camden-and-wollondilly/campbelltown/leumeah,suburb page,yes,https://c0d312.github.io/evaready-electrical/service-areas/macarthur-camden-and-wollondilly/campbelltown/leumeah,Electrician Leumeah 2560 | Emergency & Level 2,"Evaready helps Leumeah with urgent faults, Level 2 ASP work, switchboards, hot water electrical, aircon, CCTV/data and planned electrical work.",Electrician Leumeah 2560,2810,yes,yes,yes,yes,yes,yes,yes,yes,yes,yes,yes,greater,,,,,,,
/service-areas/macarthur-camden-and-wollondilly/campbelltown/long-point,suburb page,yes,https://c0d312.github.io/evaready-electrical/service-areas/macarthur-camden-and-wollondilly/campbelltown/long-point,Electrician Long Point 2564 | Emergency & Level 2,"Evaready helps Long Point with urgent faults, Level 2 ASP work, switchboards, hot water electrical, aircon, CCTV/data and planned electrical work.",Electrician Long Point 2564,2839,yes,yes,yes,yes,yes,yes,yes,yes,yes,yes,yes,greater,,,,,,,
/service-areas/macarthur-camden-and-wollondilly/campbelltown/macquarie-fields,suburb page,yes,https://c0d312.github.io/evaready-electrical/service-areas/macarthur-camden-and-wollondilly/campbelltown/macquarie-fields,Electrician Macquarie Fields 2564 | Emergency & Level 2,"Need electrical help in Macquarie Fields 2564? Emergency faults, Level 2 ASP, switchboards, hot water, aircon, CCTV/data and general electrical work.",Electrician Macquarie Fields 2564,2883,yes,yes,yes,yes,yes,yes,yes,yes,yes,yes,yes,greater,,,,,,,
/service-areas/macarthur-camden-and-wollondilly/campbelltown/macquarie-links,suburb page,yes,https://c0d312.github.io/evaready-electrical/service-areas/macarthur-camden-and-wollondilly/campbelltown/macquarie-links,Electrician Macquarie Links 2565 | Emergency & Level 2,"Need an electrician in Macquarie Links? Evaready helps with emergency faults, Level 2 ASP work, switchboards, hot water, aircon, CCTV/data and general.",Electrician Macquarie Links 2565,2870,yes,yes,yes,yes,yes,yes,yes,yes,yes,yes,yes,greater,,,,,,,
/service-areas/macarthur-camden-and-wollondilly/campbelltown/menangle-park,suburb page,yes,https://c0d312.github.io/evaready-electrical/service-areas/macarthur-camden-and-wollondilly/campbelltown/menangle-park,Electrician Menangle Park 2563 | Emergency & Level 2,"Evaready helps Menangle Park with urgent faults, Level 2 ASP work, switchboards, hot water electrical, aircon, CCTV/data and planned electrical work.",Electrician Menangle Park 2563,2808,yes,yes,yes,yes,yes,yes,yes,yes,yes,yes,yes,greater,,,,,,,
/service-areas/macarthur-camden-and-wollondilly/campbelltown/minto,suburb page,yes,https://c0d312.github.io/evaready-electrical/service-areas/macarthur-camden-and-wollondilly/campbelltown/minto,Electrician Minto 2566 | Emergency & Level 2,"Need an electrician in Minto? Evaready helps with emergency faults, Level 2 ASP work, switchboards, hot water, aircon, CCTV/data and general.",Electrician Minto 2566,2753,yes,yes,yes,yes,yes,yes,yes,yes,yes,yes,yes,greater,,,,,,,
/service-areas/macarthur-camden-and-wollondilly/campbelltown/minto-heights,suburb page,yes,https://c0d312.github.io/evaready-electrical/service-areas/macarthur-camden-and-wollondilly/campbelltown/minto-heights,Electrician Minto Heights 2566 | Emergency & Level 2,"Need an electrician in Minto Heights? Evaready helps with emergency faults, Level 2 ASP work, switchboards, hot water, aircon, CCTV/data and general.",Electrician Minto Heights 2566,2881,yes,yes,yes,yes,yes,yes,yes,yes,yes,yes,yes,greater,,,,,,,
/service-areas/macarthur-camden-and-wollondilly/campbelltown/raby,suburb page,yes,https://c0d312.github.io/evaready-electrical/service-areas/macarthur-camden-and-wollondilly/campbelltown/raby,Electrician Raby 2566 | Emergency & Level 2,"Need an electrician in Raby? Evaready helps with emergency faults, Level 2 ASP work, switchboards, hot water, aircon, CCTV/data and general electrical.",Electrician Raby 2566,2741,yes,yes,yes,yes,yes,yes,yes,yes,yes,yes,yes,greater,,,,,,,
/service-areas/macarthur-camden-and-wollondilly/campbelltown/rosemeadow,suburb page,yes,https://c0d312.github.io/evaready-electrical/service-areas/macarthur-camden-and-wollondilly/campbelltown/rosemeadow,Electrician Rosemeadow 2560 | Emergency & Level 2,"Need an electrician in Rosemeadow? Evaready helps with emergency faults, Level 2 ASP work, switchboards, hot water, aircon, CCTV/data and general.",Electrician Rosemeadow 2560,2792,yes,yes,yes,yes,yes,yes,yes,yes,yes,yes,yes,greater,,,,,,,
/service-areas/macarthur-camden-and-wollondilly/campbelltown/ruse,suburb page,yes,https://c0d312.github.io/evaready-electrical/service-areas/macarthur-camden-and-wollondilly/campbelltown/ruse,Electrician Ruse 2560 | Emergency & Level 2,"Need electrical help in Ruse 2560? Emergency faults, Level 2 ASP, switchboards, hot water, aircon, CCTV/data and general electrical work across.",Electrician Ruse 2560,2785,yes,yes,yes,yes,yes,yes,yes,yes,yes,yes,yes,greater,,,,,,,
/service-areas/macarthur-camden-and-wollondilly/campbelltown/st-andrews,suburb page,yes,https://c0d312.github.io/evaready-electrical/service-areas/macarthur-camden-and-wollondilly/campbelltown/st-andrews,Electrician St Andrews 2566 | Emergency & Level 2,"Need an electrician in St Andrews? Evaready helps with emergency faults, Level 2 ASP work, switchboards, hot water, aircon, CCTV/data and general.",Electrician St Andrews 2566,2868,yes,yes,yes,yes,yes,yes,yes,yes,yes,yes,yes,greater,,,,,,,
/service-areas/macarthur-camden-and-wollondilly/campbelltown/st-helens-park,suburb page,yes,https://c0d312.github.io/evaready-electrical/service-areas/macarthur-camden-and-wollondilly/campbelltown/st-helens-park,Electrician St Helens Park 2560 | Emergency & Level 2,"Need an electrician in St Helens Park? Evaready helps with emergency faults, Level 2 ASP work, switchboards, hot water, aircon, CCTV/data and general.",Electrician St Helens Park 2560,2940,yes,yes,yes,yes,yes,yes,yes,yes,yes,yes,yes,greater,,,,,,,
/service-areas/macarthur-camden-and-wollondilly/campbelltown/varroville,suburb page,yes,https://c0d312.github.io/evaready-electrical/service-areas/macarthur-camden-and-wollondilly/campbelltown/varroville,Electrician Varroville 2566 | Emergency & Level 2,"Need electrical help in Varroville 2566? Emergency faults, Level 2 ASP, switchboards, hot water, aircon, CCTV/data and general electrical work across.",Electrician Varroville 2566,2763,yes,yes,yes,yes,yes,yes,yes,yes,yes,yes,yes,greater,,,,,,,
/service-areas/macarthur-camden-and-wollondilly/campbelltown/wedderburn,suburb page,yes,https://c0d312.github.io/evaready-electrical/service-areas/macarthur-camden-and-wollondilly/campbelltown/wedderburn,Electrician Wedderburn 2560 | Emergency & Level 2,"Evaready helps Wedderburn with urgent faults, Level 2 ASP work, switchboards, hot water electrical, aircon, CCTV/data and planned electrical work.",Electrician Wedderburn 2560,2763,yes,yes,yes,yes,yes,yes,yes,yes,yes,yes,yes,greater,,,,,,,
/service-areas/macarthur-camden-and-wollondilly/campbelltown/woodbine,suburb page,yes,https://c0d312.github.io/evaready-electrical/service-areas/macarthur-camden-and-wollondilly/campbelltown/woodbine,Electrician Woodbine 2560 | Emergency & Level 2,"Need electrical help in Woodbine 2560? Emergency faults, Level 2 ASP, switchboards, hot water, aircon, CCTV/data and general electrical work across.",Electrician Woodbine 2560,2748,yes,yes,yes,yes,yes,yes,yes,yes,yes,yes,yes,greater,,,,,,,
/service-areas/macarthur-camden-and-wollondilly/campbelltown/woronora-dam,suburb page,yes,https://c0d312.github.io/evaready-electrical/service-areas/macarthur-camden-and-wollondilly/campbelltown/woronora-dam,Electrician Woronora Dam 2508 | Emergency & Level 2,"Evaready helps Woronora Dam with urgent faults, Level 2 ASP work, switchboards, hot water electrical, aircon, CCTV/data and planned electrical work.",Electrician Woronora Dam 2508,2815,yes,yes,yes,yes,yes,yes,yes,yes,yes,yes,yes,greater,,,,,,,
/service-areas/macarthur-camden-and-wollondilly/wollondilly,area page,yes,https://c0d312.github.io/evaready-electrical/service-areas/macarthur-camden-and-wollondilly/wollondilly,"Wollondilly Electrician | Macarthur, Camden & Wollondilly","Need an electrician in Wollondilly? Evaready helps with urgent faults, Level 2 work, switchboards, consumer mains, defect notices and planned electrical.","Wollondilly Electrician - Emergency, Level 2 & Planned Work",1040,yes,yes,yes,yes,yes,yes,yes,yes,yes,yes,yes,greater,,,,,,,
/service-areas/macarthur-camden-and-wollondilly/wollondilly/appin,suburb page,yes,https://c0d312.github.io/evaready-electrical/service-areas/macarthur-camden-and-wollondilly/wollondilly/appin,Electrician Appin 2560 | Emergency & Level 2,"Need an electrician in Appin? Evaready helps with emergency faults, Level 2 ASP work, switchboards, hot water, aircon, CCTV/data and general.",Electrician Appin 2560,2775,yes,yes,yes,yes,yes,yes,yes,yes,yes,yes,yes,greater,,,,,,,
/service-areas/macarthur-camden-and-wollondilly/wollondilly/belimbla-park,suburb page,yes,https://c0d312.github.io/evaready-electrical/service-areas/macarthur-camden-and-wollondilly/wollondilly/belimbla-park,Electrician Belimbla Park 2570 | Emergency & Level 2,"Need an electrician in Belimbla Park? Evaready helps with emergency faults, Level 2 ASP work, switchboards, hot water, aircon, CCTV/data and general.",Electrician Belimbla Park 2570,2885,yes,yes,yes,yes,yes,yes,yes,yes,yes,yes,yes,greater,,,,,,,
/service-areas/macarthur-camden-and-wollondilly/wollondilly/brownlow-hill,suburb page,yes,https://c0d312.github.io/evaready-electrical/service-areas/macarthur-camden-and-wollondilly/wollondilly/brownlow-hill,Electrician Brownlow Hill 2570 | Emergency & Level 2,"Need an electrician in Brownlow Hill? Evaready helps with emergency faults, Level 2 ASP work, switchboards, hot water, aircon, CCTV/data and general.",Electrician Brownlow Hill 2570,2804,yes,yes,yes,yes,yes,yes,yes,yes,yes,yes,yes,greater,,,,,,,
/service-areas/macarthur-camden-and-wollondilly/wollondilly/camden-park,suburb page,yes,https://c0d312.github.io/evaready-electrical/service-areas/macarthur-camden-and-wollondilly/wollondilly/camden-park,Electrician Camden Park 2570 | Emergency & Level 2,"Need an electrician in Camden Park? Evaready helps with emergency faults, Level 2 ASP work, switchboards, hot water, aircon, CCTV/data and general.",Electrician Camden Park 2570,2828,yes,yes,yes,yes,yes,yes,yes,yes,yes,yes,yes,greater,,,,,,,
/service-areas/macarthur-camden-and-wollondilly/wollondilly/cataract,suburb page,yes,https://c0d312.github.io/evaready-electrical/service-areas/macarthur-camden-and-wollondilly/wollondilly/cataract,Electrician Cataract 2560 | Emergency & Level 2,"Evaready helps Cataract with urgent faults, Level 2 ASP work, switchboards, hot water electrical, aircon, CCTV/data and planned electrical work.",Electrician Cataract 2560,2757,yes,yes,yes,yes,yes,yes,yes,yes,yes,yes,yes,greater,,,,,,,
/service-areas/macarthur-camden-and-wollondilly/wollondilly/couridjah,suburb page,yes,https://c0d312.github.io/evaready-electrical/service-areas/macarthur-camden-and-wollondilly/wollondilly/couridjah,Electrician Couridjah 2571 | Emergency & Level 2,"Need an electrician in Couridjah? Evaready helps with emergency faults, Level 2 ASP work, switchboards, hot water, aircon, CCTV/data and general.",Electrician Couridjah 2571,2737,yes,yes,yes,yes,yes,yes,yes,yes,yes,yes,yes,greater,,,,,,,
/service-areas/macarthur-camden-and-wollondilly/wollondilly/douglas-park,suburb page,yes,https://c0d312.github.io/evaready-electrical/service-areas/macarthur-camden-and-wollondilly/wollondilly/douglas-park,Electrician Douglas Park 2569 | Emergency & Level 2,"Evaready helps Douglas Park with urgent faults, Level 2 ASP work, switchboards, hot water electrical, aircon, CCTV/data and planned electrical work.",Electrician Douglas Park 2569,2860,yes,yes,yes,yes,yes,yes,yes,yes,yes,yes,yes,greater,,,,,,,
/service-areas/macarthur-camden-and-wollondilly/wollondilly/glenmore,suburb page,yes,https://c0d312.github.io/evaready-electrical/service-areas/macarthur-camden-and-wollondilly/wollondilly/glenmore,Electrician Glenmore 2570 | Emergency & Level 2,"Need electrical help in Glenmore 2570? Emergency faults, Level 2 ASP, switchboards, hot water, aircon, CCTV/data and general electrical work across.",Electrician Glenmore 2570,2725,yes,yes,yes,yes,yes,yes,yes,yes,yes,yes,yes,greater,,,,,,,
/service-areas/macarthur-camden-and-wollondilly/wollondilly/lakesland,suburb page,yes,https://c0d312.github.io/evaready-electrical/service-areas/macarthur-camden-and-wollondilly/wollondilly/lakesland,Electrician Lakesland 2572 | Emergency & Level 2,"Evaready helps Lakesland with urgent faults, Level 2 ASP work, switchboards, hot water electrical, aircon, CCTV/data and planned electrical work.",Electrician Lakesland 2572,2787,yes,yes,yes,yes,yes,yes,yes,yes,yes,yes,yes,greater,,,,,,,
/service-areas/macarthur-camden-and-wollondilly/wollondilly/maldon,suburb page,yes,https://c0d312.github.io/evaready-electrical/service-areas/macarthur-camden-and-wollondilly/wollondilly/maldon,Electrician Maldon 2571 | Emergency & Level 2,"Need electrical help in Maldon 2571? Emergency faults, Level 2 ASP, switchboards, hot water, aircon, CCTV/data and general electrical work across.",Electrician Maldon 2571,2717,yes,yes,yes,yes,yes,yes,yes,yes,yes,yes,yes,greater,,,,,,,
/service-areas/macarthur-camden-and-wollondilly/wollondilly/menangle,suburb page,yes,https://c0d312.github.io/evaready-electrical/service-areas/macarthur-camden-and-wollondilly/wollondilly/menangle,Electrician Menangle 2568 | Emergency & Level 2,"Need electrical help in Menangle 2568? Emergency faults, Level 2 ASP, switchboards, hot water, aircon, CCTV/data and general electrical work across.",Electrician Menangle 2568,2798,yes,yes,yes,yes,yes,yes,yes,yes,yes,yes,yes,greater,,,,,,,
/service-areas/macarthur-camden-and-wollondilly/wollondilly/mount-hunter,suburb page,yes,https://c0d312.github.io/evaready-electrical/service-areas/macarthur-camden-and-wollondilly/wollondilly/mount-hunter,Electrician Mount Hunter 2570 | Emergency & Level 2,"Evaready helps Mount Hunter with urgent faults, Level 2 ASP work, switchboards, hot water electrical, aircon, CCTV/data and planned electrical work.",Electrician Mount Hunter 2570,2826,yes,yes,yes,yes,yes,yes,yes,yes,yes,yes,yes,greater,,,,,,,
/service-areas/macarthur-camden-and-wollondilly/wollondilly/mowbray-park,suburb page,yes,https://c0d312.github.io/evaready-electrical/service-areas/macarthur-camden-and-wollondilly/wollondilly/mowbray-park,Electrician Mowbray Park 2571 | Emergency & Level 2,"Need an electrician in Mowbray Park? Evaready helps with emergency faults, Level 2 ASP work, switchboards, hot water, aircon, CCTV/data and general.",Electrician Mowbray Park 2571,2891,yes,yes,yes,yes,yes,yes,yes,yes,yes,yes,yes,greater,,,,,,,
/service-areas/macarthur-camden-and-wollondilly/wollondilly/nattai,suburb page,yes,https://c0d312.github.io/evaready-electrical/service-areas/macarthur-camden-and-wollondilly/wollondilly/nattai,Electrician Nattai 2570 | Emergency & Level 2,"Evaready helps Nattai with urgent faults, Level 2 ASP work, switchboards, hot water electrical, aircon, CCTV/data and planned electrical work.",Electrician Nattai 2570,2721,yes,yes,yes,yes,yes,yes,yes,yes,yes,yes,yes,greater,,,,,,,
/service-areas/macarthur-camden-and-wollondilly/wollondilly/oakdale,suburb page,yes,https://c0d312.github.io/evaready-electrical/service-areas/macarthur-camden-and-wollondilly/wollondilly/oakdale,Electrician Oakdale 2570 | Emergency & Level 2,"Evaready helps Oakdale with urgent faults, Level 2 ASP work, switchboards, hot water electrical, aircon, CCTV/data and planned electrical work.",Electrician Oakdale 2570,2757,yes,yes,yes,yes,yes,yes,yes,yes,yes,yes,yes,greater,,,,,,,
/service-areas/macarthur-camden-and-wollondilly/wollondilly/orangeville,suburb page,yes,https://c0d312.github.io/evaready-electrical/service-areas/macarthur-camden-and-wollondilly/wollondilly/orangeville,Electrician Orangeville 2570 | Emergency & Level 2,"Need an electrician in Orangeville? Evaready helps with emergency faults, Level 2 ASP work, switchboards, hot water, aircon, CCTV/data and general.",Electrician Orangeville 2570,2748,yes,yes,yes,yes,yes,yes,yes,yes,yes,yes,yes,greater,,,,,,,
/service-areas/macarthur-camden-and-wollondilly/wollondilly/pheasants-nest,suburb page,yes,https://c0d312.github.io/evaready-electrical/service-areas/macarthur-camden-and-wollondilly/wollondilly/pheasants-nest,Electrician Pheasants Nest 2574 | Emergency & Level 2,"Need electrical help in Pheasants Nest 2574? Emergency faults, Level 2 ASP, switchboards, hot water, aircon, CCTV/data and general electrical work.",Electrician Pheasants Nest 2574,2848,yes,yes,yes,yes,yes,yes,yes,yes,yes,yes,yes,greater,,,,,,,
/service-areas/macarthur-camden-and-wollondilly/wollondilly/picton,suburb page,yes,https://c0d312.github.io/evaready-electrical/service-areas/macarthur-camden-and-wollondilly/wollondilly/picton,Electrician Picton 2571 | Emergency & Level 2,"Evaready helps Picton with urgent faults, Level 2 ASP work, switchboards, hot water electrical, aircon, CCTV/data and planned electrical work.",Electrician Picton 2571,2838,yes,yes,yes,yes,yes,yes,yes,yes,yes,yes,yes,greater,,,,,,,
/service-areas/macarthur-camden-and-wollondilly/wollondilly/razorback,suburb page,yes,https://c0d312.github.io/evaready-electrical/service-areas/macarthur-camden-and-wollondilly/wollondilly/razorback,Electrician Razorback 2571 | Emergency & Level 2,"Need an electrician in Razorback? Evaready helps with emergency faults, Level 2 ASP work, switchboards, hot water, aircon, CCTV/data and general.",Electrician Razorback 2571,2760,yes,yes,yes,yes,yes,yes,yes,yes,yes,yes,yes,greater,,,,,,,
/service-areas/macarthur-camden-and-wollondilly/wollondilly/silverdale,suburb page,yes,https://c0d312.github.io/evaready-electrical/service-areas/macarthur-camden-and-wollondilly/wollondilly/silverdale,Electrician Silverdale 2752 | Emergency & Level 2,"Evaready helps Silverdale with urgent faults, Level 2 ASP work, switchboards, hot water electrical, aircon, CCTV/data and planned electrical work.",Electrician Silverdale 2752,2752,yes,yes,yes,yes,yes,yes,yes,yes,yes,yes,yes,greater,,,,,,,
/service-areas/macarthur-camden-and-wollondilly/wollondilly/tahmoor,suburb page,yes,https://c0d312.github.io/evaready-electrical/service-areas/macarthur-camden-and-wollondilly/wollondilly/tahmoor,Electrician Tahmoor 2573 | Emergency & Level 2,"Need electrical help in Tahmoor 2573? Emergency faults, Level 2 ASP, switchboards, hot water, aircon, CCTV/data and general electrical work across.",Electrician Tahmoor 2573,2752,yes,yes,yes,yes,yes,yes,yes,yes,yes,yes,yes,greater,,,,,,,
/service-areas/macarthur-camden-and-wollondilly/wollondilly/the-oaks,suburb page,yes,https://c0d312.github.io/evaready-electrical/service-areas/macarthur-camden-and-wollondilly/wollondilly/the-oaks,Electrician The Oaks 2570 | Emergency & Level 2,"Need an electrician in The Oaks? Evaready helps with emergency faults, Level 2 ASP work, switchboards, hot water, aircon, CCTV/data and general.",Electrician The Oaks 2570,2824,yes,yes,yes,yes,yes,yes,yes,yes,yes,yes,yes,greater,,,,,,,
/service-areas/macarthur-camden-and-wollondilly/wollondilly/theresa-park,suburb page,yes,https://c0d312.github.io/evaready-electrical/service-areas/macarthur-camden-and-wollondilly/wollondilly/theresa-park,Electrician Theresa Park 2570 | Emergency & Level 2,"Need an electrician in Theresa Park? Evaready helps with emergency faults, Level 2 ASP work, switchboards, hot water, aircon, CCTV/data and general.",Electrician Theresa Park 2570,2822,yes,yes,yes,yes,yes,yes,yes,yes,yes,yes,yes,greater,,,,,,,
/service-areas/macarthur-camden-and-wollondilly/wollondilly/thirlmere,suburb page,yes,https://c0d312.github.io/evaready-electrical/service-areas/macarthur-camden-and-wollondilly/wollondilly/thirlmere,Electrician Thirlmere 2572 | Emergency & Level 2,"Evaready helps Thirlmere with urgent faults, Level 2 ASP work, switchboards, hot water electrical, aircon, CCTV/data and planned electrical work.",Electrician Thirlmere 2572,2713,yes,yes,yes,yes,yes,yes,yes,yes,yes,yes,yes,greater,,,,,,,
/service-areas/macarthur-camden-and-wollondilly/wollondilly/warragamba,suburb page,yes,https://c0d312.github.io/evaready-electrical/service-areas/macarthur-camden-and-wollondilly/wollondilly/warragamba,Electrician Warragamba 2752 | Emergency & Level 2,"Need an electrician in Warragamba? Evaready helps with emergency faults, Level 2 ASP work, switchboards, hot water, aircon, CCTV/data and general.",Electrician Warragamba 2752,2734,yes,yes,yes,yes,yes,yes,yes,yes,yes,yes,yes,greater,,,,,,,
/service-areas/macarthur-camden-and-wollondilly/wollondilly/werombi,suburb page,yes,https://c0d312.github.io/evaready-electrical/service-areas/macarthur-camden-and-wollondilly/wollondilly/werombi,Electrician Werombi 2570 | Emergency & Level 2,"Evaready helps Werombi with urgent faults, Level 2 ASP work, switchboards, hot water electrical, aircon, CCTV/data and planned electrical work.",Electrician Werombi 2570,2754,yes,yes,yes,yes,yes,yes,yes,yes,yes,yes,yes,greater,,,,,,,
/service-areas/macarthur-camden-and-wollondilly/wollondilly/wilton,suburb page,yes,https://c0d312.github.io/evaready-electrical/service-areas/macarthur-camden-and-wollondilly/wollondilly/wilton,Electrician Wilton 2571 | Emergency & Level 2,"Evaready helps Wilton with urgent faults, Level 2 ASP work, switchboards, hot water electrical, aircon, CCTV/data and planned electrical work.",Electrician Wilton 2571,2781,yes,yes,yes,yes,yes,yes,yes,yes,yes,yes,yes,greater,,,,,,,
/service-areas/macarthur-camden-and-wollondilly/wollondilly/yanderra,suburb page,yes,https://c0d312.github.io/evaready-electrical/service-areas/macarthur-camden-and-wollondilly/wollondilly/yanderra,Electrician Yanderra 2574 | Emergency & Level 2,"Evaready helps Yanderra with urgent faults, Level 2 ASP work, switchboards, hot water electrical, aircon, CCTV/data and planned electrical work.",Electrician Yanderra 2574,2790,yes,yes,yes,yes,yes,yes,yes,yes,yes,yes,yes,greater,,,,,,,
/service-areas/northern-beaches,region page,yes,https://c0d312.github.io/evaready-electrical/service-areas/northern-beaches,Northern Beaches Electrician | Emergency & Level 2,"Need an electrician in Northern Beaches? Evaready helps with urgent faults, Level 2 work, switchboards, consumer mains, defect notices and planned.","Northern Beaches Electrician - Emergency, Level 2 & Planned Work",1044,yes,yes,yes,yes,yes,yes,yes,yes,yes,yes,yes,greater,,,,,,,
/service-areas/northern-beaches/northern-beaches,area page,yes,https://c0d312.github.io/evaready-electrical/service-areas/northern-beaches/northern-beaches,Northern Beaches Electrician | Northern Beaches,"Need an electrician in Northern Beaches? Evaready helps with urgent faults, Level 2 work, switchboards, consumer mains, defect notices and planned.","Northern Beaches Electrician - Emergency, Level 2 & Planned Work",1219,yes,yes,yes,yes,yes,yes,yes,yes,yes,yes,yes,greater,,,,,,,
/service-areas/northern-beaches/northern-beaches/allambie-heights,suburb page,yes,https://c0d312.github.io/evaready-electrical/service-areas/northern-beaches/northern-beaches/allambie-heights,Electrician Allambie Heights 2100 | Emergency & Level 2,"Evaready helps Allambie Heights with urgent faults, Level 2 ASP work, switchboards, hot water electrical, aircon, CCTV/data and planned electrical work.",Electrician Allambie Heights 2100,3052,yes,yes,yes,yes,yes,yes,yes,yes,yes,yes,yes,greater,,,,,,,
/service-areas/northern-beaches/northern-beaches/avalon-beach,suburb page,yes,https://c0d312.github.io/evaready-electrical/service-areas/northern-beaches/northern-beaches/avalon-beach,Electrician Avalon Beach 2107 | Emergency & Level 2,"Evaready helps Avalon Beach with urgent faults, Level 2 ASP work, switchboards, hot water electrical, aircon, CCTV/data and planned electrical work.",Electrician Avalon Beach 2107,2924,yes,yes,yes,yes,yes,yes,yes,yes,yes,yes,yes,greater,,,,,,,
/service-areas/northern-beaches/northern-beaches/balgowlah,suburb page,yes,https://c0d312.github.io/evaready-electrical/service-areas/northern-beaches/northern-beaches/balgowlah,Electrician Balgowlah 2093 | Emergency & Level 2,"Need electrical help in Balgowlah 2093? Emergency faults, Level 2 ASP, switchboards, hot water, aircon, CCTV/data and general electrical work across.",Electrician Balgowlah 2093,2869,yes,yes,yes,yes,yes,yes,yes,yes,yes,yes,yes,greater,,,,,,,
/service-areas/northern-beaches/northern-beaches/balgowlah-heights,suburb page,yes,https://c0d312.github.io/evaready-electrical/service-areas/northern-beaches/northern-beaches/balgowlah-heights,Electrician Balgowlah Heights 2093 | Emergency & Level 2,"Need an electrician in Balgowlah Heights? Evaready helps with emergency faults, Level 2 ASP work, switchboards, hot water, aircon, CCTV/data.",Electrician Balgowlah Heights 2093,2919,yes,yes,yes,yes,yes,yes,yes,yes,yes,yes,yes,greater,,,,,,,
/service-areas/northern-beaches/northern-beaches/bayview,suburb page,yes,https://c0d312.github.io/evaready-electrical/service-areas/northern-beaches/northern-beaches/bayview,Electrician Bayview 2104 | Emergency & Level 2,"Need an electrician in Bayview? Evaready helps with emergency faults, Level 2 ASP work, switchboards, hot water, aircon, CCTV/data and general.",Electrician Bayview 2104,2841,yes,yes,yes,yes,yes,yes,yes,yes,yes,yes,yes,greater,,,,,,,
/service-areas/northern-beaches/northern-beaches/beacon-hill,suburb page,yes,https://c0d312.github.io/evaready-electrical/service-areas/northern-beaches/northern-beaches/beacon-hill,Electrician Beacon Hill 2100 | Emergency & Level 2,"Need electrical help in Beacon Hill 2100? Emergency faults, Level 2 ASP, switchboards, hot water, aircon, CCTV/data and general electrical work across.",Electrician Beacon Hill 2100,2905,yes,yes,yes,yes,yes,yes,yes,yes,yes,yes,yes,greater,,,,,,,
/service-areas/northern-beaches/northern-beaches/belrose,suburb page,yes,https://c0d312.github.io/evaready-electrical/service-areas/northern-beaches/northern-beaches/belrose,Electrician Belrose 2085 | Emergency & Level 2,"Need an electrician in Belrose? Evaready helps with emergency faults, Level 2 ASP work, switchboards, hot water, aircon, CCTV/data and general.",Electrician Belrose 2085,2844,yes,yes,yes,yes,yes,yes,yes,yes,yes,yes,yes,greater,,,,,,,
/service-areas/northern-beaches/northern-beaches/bilgola-beach,suburb page,yes,https://c0d312.github.io/evaready-electrical/service-areas/northern-beaches/northern-beaches/bilgola-beach,Electrician Bilgola Beach 2107 | Emergency & Level 2,"Need an electrician in Bilgola Beach? Evaready helps with emergency faults, Level 2 ASP work, switchboards, hot water, aircon, CCTV/data and general.",Electrician Bilgola Beach 2107,2926,yes,yes,yes,yes,yes,yes,yes,yes,yes,yes,yes,greater,,,,,,,
/service-areas/northern-beaches/northern-beaches/bilgola-plateau,suburb page,yes,https://c0d312.github.io/evaready-electrical/service-areas/northern-beaches/northern-beaches/bilgola-plateau,Electrician Bilgola Plateau 2107 | Emergency & Level 2,"Need an electrician in Bilgola Plateau? Evaready helps with emergency faults, Level 2 ASP work, switchboards, hot water, aircon, CCTV/data and general.",Electrician Bilgola Plateau 2107,2981,yes,yes,yes,yes,yes,yes,yes,yes,yes,yes,yes,greater,,,,,,,
/service-areas/northern-beaches/northern-beaches/brookvale,suburb page,yes,https://c0d312.github.io/evaready-electrical/service-areas/northern-beaches/northern-beaches/brookvale,Electrician Brookvale 2100 | Emergency & Level 2,"Need an electrician in Brookvale? Evaready Electrical helps with faults, lighting, power, data, CCTV, switchboards and three-phase enquiries.",Electrician Brookvale 2100,2929,yes,yes,yes,yes,yes,yes,yes,yes,yes,yes,yes,greater,,,,,,,
/service-areas/northern-beaches/northern-beaches/church-point,suburb page,yes,https://c0d312.github.io/evaready-electrical/service-areas/northern-beaches/northern-beaches/church-point,Electrician Church Point 2105 | Emergency & Level 2,"Need an electrician in Church Point? Evaready helps with emergency faults, Level 2 ASP work, switchboards, hot water, aircon, CCTV/data and general.",Electrician Church Point 2105,2936,yes,yes,yes,yes,yes,yes,yes,yes,yes,yes,yes,greater,,,,,,,
/service-areas/northern-beaches/northern-beaches/clareville,suburb page,yes,https://c0d312.github.io/evaready-electrical/service-areas/northern-beaches/northern-beaches/clareville,Electrician Clareville 2107 | Emergency & Level 2,"Need an electrician in Clareville? Evaready helps with emergency faults, Level 2 ASP work, switchboards, hot water, aircon, CCTV/data and general.",Electrician Clareville 2107,2823,yes,yes,yes,yes,yes,yes,yes,yes,yes,yes,yes,greater,,,,,,,
/service-areas/northern-beaches/northern-beaches/clontarf,suburb page,yes,https://c0d312.github.io/evaready-electrical/service-areas/northern-beaches/northern-beaches/clontarf,Electrician Clontarf 2093 | Emergency & Level 2,"Evaready helps Clontarf with urgent faults, Level 2 ASP work, switchboards, hot water electrical, aircon, CCTV/data and planned electrical work.",Electrician Clontarf 2093,2947,yes,yes,yes,yes,yes,yes,yes,yes,yes,yes,yes,greater,,,,,,,
/service-areas/northern-beaches/northern-beaches/coasters-retreat,suburb page,yes,https://c0d312.github.io/evaready-electrical/service-areas/northern-beaches/northern-beaches/coasters-retreat,Electrician Coasters Retreat 2108 | Emergency & Level 2,"Need electrical help in Coasters Retreat 2108? Emergency faults, Level 2 ASP, switchboards, hot water, aircon, CCTV/data and general electrical work.",Electrician Coasters Retreat 2108,2960,yes,yes,yes,yes,yes,yes,yes,yes,yes,yes,yes,greater,,,,,,,
/service-areas/northern-beaches/northern-beaches/collaroy,suburb page,yes,https://c0d312.github.io/evaready-electrical/service-areas/northern-beaches/northern-beaches/collaroy,Electrician Collaroy 2097 | Emergency & Level 2,"Need electrical help in Collaroy 2097? Emergency faults, Level 2 ASP, switchboards, hot water, aircon, CCTV/data and general electrical work across.",Electrician Collaroy 2097,2962,yes,yes,yes,yes,yes,yes,yes,yes,yes,yes,yes,greater,,,,,,,
/service-areas/northern-beaches/northern-beaches/collaroy-plateau,suburb page,yes,https://c0d312.github.io/evaready-electrical/service-areas/northern-beaches/northern-beaches/collaroy-plateau,Electrician Collaroy Plateau 2097 | Emergency & Level 2,"Evaready helps Collaroy Plateau with urgent faults, Level 2 ASP work, switchboards, hot water electrical, aircon, CCTV/data and planned electrical work.",Electrician Collaroy Plateau 2097,2998,yes,yes,yes,yes,yes,yes,yes,yes,yes,yes,yes,greater,,,,,,,
/service-areas/northern-beaches/northern-beaches/cottage-point,suburb page,yes,https://c0d312.github.io/evaready-electrical/service-areas/northern-beaches/northern-beaches/cottage-point,Electrician Cottage Point 2084 | Emergency & Level 2,"Need an electrician in Cottage Point? Evaready helps with emergency faults, Level 2 ASP work, switchboards, hot water, aircon, CCTV/data and general.",Electrician Cottage Point 2084,3006,yes,yes,yes,yes,yes,yes,yes,yes,yes,yes,yes,greater,,,,,,,
/service-areas/northern-beaches/northern-beaches/cromer,suburb page,yes,https://c0d312.github.io/evaready-electrical/service-areas/northern-beaches/northern-beaches/cromer,Electrician Cromer 2099 | Emergency & Level 2,"Evaready helps Cromer with urgent faults, Level 2 ASP work, switchboards, hot water electrical, aircon, CCTV/data and planned electrical work.",Electrician Cromer 2099,2953,yes,yes,yes,yes,yes,yes,yes,yes,yes,yes,yes,greater,,,,,,,
/service-areas/northern-beaches/northern-beaches/curl-curl,suburb page,yes,https://c0d312.github.io/evaready-electrical/service-areas/northern-beaches/northern-beaches/curl-curl,Electrician Curl Curl 2096 | Emergency & Level 2,"Evaready helps Curl Curl with urgent faults, Level 2 ASP work, switchboards, hot water electrical, aircon, CCTV/data and planned electrical work.",Electrician Curl Curl 2096,2997,yes,yes,yes,yes,yes,yes,yes,yes,yes,yes,yes,greater,,,,,,,
/service-areas/northern-beaches/northern-beaches/davidson,suburb page,yes,https://c0d312.github.io/evaready-electrical/service-areas/northern-beaches/northern-beaches/davidson,Electrician Davidson 2085 | Emergency & Level 2,"Evaready helps Davidson with urgent faults, Level 2 ASP work, switchboards, hot water electrical, aircon, CCTV/data and planned electrical work.",Electrician Davidson 2085,2841,yes,yes,yes,yes,yes,yes,yes,yes,yes,yes,yes,greater,,,,,,,
/service-areas/northern-beaches/northern-beaches/dee-why,suburb page,yes,https://c0d312.github.io/evaready-electrical/service-areas/northern-beaches/northern-beaches/dee-why,Electrician Dee Why 2099 | Emergency & Level 2,"Evaready Electrical helps with urgent faults, lighting, power, switchboards, smoke alarms, data and CCTV.",Electrician Dee Why 2099,2922,yes,yes,yes,yes,yes,yes,yes,yes,yes,yes,yes,greater,,,,,,,
/service-areas/northern-beaches/northern-beaches/duffys-forest,suburb page,yes,https://c0d312.github.io/evaready-electrical/service-areas/northern-beaches/northern-beaches/duffys-forest,Electrician Duffys Forest 2084 | Emergency & Level 2,"Evaready helps Duffys Forest with urgent faults, Level 2 ASP work, switchboards, hot water electrical, aircon, CCTV/data and planned electrical work.",Electrician Duffys Forest 2084,2965,yes,yes,yes,yes,yes,yes,yes,yes,yes,yes,yes,greater,,,,,,,
/service-areas/northern-beaches/northern-beaches/elanora-heights,suburb page,yes,https://c0d312.github.io/evaready-electrical/service-areas/northern-beaches/northern-beaches/elanora-heights,Electrician Elanora Heights 2101 | Emergency & Level 2,"Need an electrician in Elanora Heights? Evaready helps with emergency faults, Level 2 ASP work, switchboards, hot water, aircon, CCTV/data and general.",Electrician Elanora Heights 2101,2977,yes,yes,yes,yes,yes,yes,yes,yes,yes,yes,yes,greater,,,,,,,
/service-areas/northern-beaches/northern-beaches/elvina-bay,suburb page,yes,https://c0d312.github.io/evaready-electrical/service-areas/northern-beaches/northern-beaches/elvina-bay,Electrician Elvina Bay 2105 | Emergency & Level 2,"Evaready helps Elvina Bay with urgent faults, Level 2 ASP work, switchboards, hot water electrical, aircon, CCTV/data and planned electrical work.",Electrician Elvina Bay 2105,2931,yes,yes,yes,yes,yes,yes,yes,yes,yes,yes,yes,greater,,,,,,,
/service-areas/northern-beaches/northern-beaches/fairlight,suburb page,yes,https://c0d312.github.io/evaready-electrical/service-areas/northern-beaches/northern-beaches/fairlight,Electrician Fairlight 2094 | Emergency & Level 2,"Need an electrician in Fairlight? Evaready helps with emergency faults, Level 2 ASP work, switchboards, hot water, aircon, CCTV/data and general.",Electrician Fairlight 2094,2909,yes,yes,yes,yes,yes,yes,yes,yes,yes,yes,yes,greater,,,,,,,
/service-areas/northern-beaches/northern-beaches/forestville,suburb page,yes,https://c0d312.github.io/evaready-electrical/service-areas/northern-beaches/northern-beaches/forestville,Electrician Forestville 2087 | Emergency & Level 2,"Evaready helps Forestville with urgent faults, Level 2 ASP work, switchboards, hot water electrical, aircon, CCTV/data and planned electrical work.",Electrician Forestville 2087,2878,yes,yes,yes,yes,yes,yes,yes,yes,yes,yes,yes,greater,,,,,,,
/service-areas/northern-beaches/northern-beaches/frenchs-forest,suburb page,yes,https://c0d312.github.io/evaready-electrical/service-areas/northern-beaches/northern-beaches/frenchs-forest,Electrician Frenchs Forest 2086 | Emergency & Level 2,"Evaready helps Frenchs Forest with urgent faults, Level 2 ASP work, switchboards, hot water electrical, aircon, CCTV/data and planned electrical work.",Electrician Frenchs Forest 2086,2966,yes,yes,yes,yes,yes,yes,yes,yes,yes,yes,yes,greater,,,,,,,
/service-areas/northern-beaches/northern-beaches/freshwater,suburb page,yes,https://c0d312.github.io/evaready-electrical/service-areas/northern-beaches/northern-beaches/freshwater,Electrician Freshwater 2096 | Emergency & Level 2,"Evaready helps Freshwater with urgent faults, Level 2 ASP work, switchboards, hot water electrical, aircon, CCTV/data and planned electrical work.",Electrician Freshwater 2096,2912,yes,yes,yes,yes,yes,yes,yes,yes,yes,yes,yes,greater,,,,,,,
/service-areas/northern-beaches/northern-beaches/great-mackerel-beach,suburb page,yes,https://c0d312.github.io/evaready-electrical/service-areas/northern-beaches/northern-beaches/great-mackerel-beach,Electrician Great Mackerel Beach 2108 | Emergency & Level 2,"Need electrical help in Great Mackerel Beach 2108? Emergency faults, Level 2 ASP, switchboards, hot water, aircon, CCTV/data and general electrical.",Electrician Great Mackerel Beach 2108,3067,yes,yes,yes,yes,yes,yes,yes,yes,yes,yes,yes,greater,,,,,,,
/service-areas/northern-beaches/northern-beaches/ingleside,suburb page,yes,https://c0d312.github.io/evaready-electrical/service-areas/northern-beaches/northern-beaches/ingleside,Electrician Ingleside 2101 | Emergency & Level 2,"Need an electrician in Ingleside? Evaready helps with emergency faults, Level 2 ASP work, switchboards, hot water, aircon, CCTV/data and general.",Electrician Ingleside 2101,2905,yes,yes,yes,yes,yes,yes,yes,yes,yes,yes,yes,greater,,,,,,,
/service-areas/northern-beaches/northern-beaches/killarney-heights,suburb page,yes,https://c0d312.github.io/evaready-electrical/service-areas/northern-beaches/northern-beaches/killarney-heights,Electrician Killarney Heights 2087 | Emergency & Level 2,"Need an electrician in Killarney Heights? Evaready helps with emergency faults, Level 2 ASP work, switchboards, hot water, aircon, CCTV/data.",Electrician Killarney Heights 2087,2937,yes,yes,yes,yes,yes,yes,yes,yes,yes,yes,yes,greater,,,,,,,
/service-areas/northern-beaches/northern-beaches/ku-ring-gai-chase,suburb page,yes,https://c0d312.github.io/evaready-electrical/service-areas/northern-beaches/northern-beaches/ku-ring-gai-chase,Electrician Ku-Ring-Gai Chase 2084 | Emergency & Level 2,"Need an electrician in Ku-Ring-Gai Chase? Evaready helps with emergency faults, Level 2 ASP work, switchboards, hot water, aircon, CCTV/data.",Electrician Ku-Ring-Gai Chase 2084,2952,yes,yes,yes,yes,yes,yes,yes,yes,yes,yes,yes,greater,,,,,,,
/service-areas/northern-beaches/northern-beaches/lovett-bay,suburb page,yes,https://c0d312.github.io/evaready-electrical/service-areas/northern-beaches/northern-beaches/lovett-bay,Electrician Lovett Bay 2105 | Emergency & Level 2,"Need an electrician in Lovett Bay? Evaready helps with emergency faults, Level 2 ASP work, switchboards, hot water, aircon, CCTV/data and general.",Electrician Lovett Bay 2105,2940,yes,yes,yes,yes,yes,yes,yes,yes,yes,yes,yes,greater,,,,,,,
/service-areas/northern-beaches/northern-beaches/manly,suburb page,yes,https://c0d312.github.io/evaready-electrical/service-areas/northern-beaches/northern-beaches/manly,Electrician Manly 2095 | Emergency & Level 2,"Evaready Electrical helps with urgent faults, outdoor lighting, switchboards, power, smoke alarms, data and CCTV.",Electrician Manly 2095,2837,yes,yes,yes,yes,yes,yes,yes,yes,yes,yes,yes,greater,,,,,,,
/service-areas/northern-beaches/northern-beaches/manly-vale,suburb page,yes,https://c0d312.github.io/evaready-electrical/service-areas/northern-beaches/northern-beaches/manly-vale,Electrician Manly Vale 2093 | Emergency & Level 2,"Need an electrician in Manly Vale? Evaready helps with emergency faults, Level 2 ASP work, switchboards, hot water, aircon, CCTV/data and general.",Electrician Manly Vale 2093,2938,yes,yes,yes,yes,yes,yes,yes,yes,yes,yes,yes,greater,,,,,,,
/service-areas/northern-beaches/northern-beaches/mona-vale,suburb page,yes,https://c0d312.github.io/evaready-electrical/service-areas/northern-beaches/northern-beaches/mona-vale,Electrician Mona Vale 2103 | Emergency & Level 2,"Need an electrician in Mona Vale? Evaready helps with emergency faults, Level 2 ASP work, switchboards, hot water, aircon, CCTV/data and general.",Electrician Mona Vale 2103,2985,yes,yes,yes,yes,yes,yes,yes,yes,yes,yes,yes,greater,,,,,,,
/service-areas/northern-beaches/northern-beaches/morning-bay,suburb page,yes,https://c0d312.github.io/evaready-electrical/service-areas/northern-beaches/northern-beaches/morning-bay,Electrician Morning Bay 2105 | Emergency & Level 2,"Need an electrician in Morning Bay? Evaready helps with emergency faults, Level 2 ASP work, switchboards, hot water, aircon, CCTV/data and general.",Electrician Morning Bay 2105,2921,yes,yes,yes,yes,yes,yes,yes,yes,yes,yes,yes,greater,,,,,,,
/service-areas/northern-beaches/northern-beaches/narrabeen,suburb page,yes,https://c0d312.github.io/evaready-electrical/service-areas/northern-beaches/northern-beaches/narrabeen,Electrician Narrabeen 2101 | Emergency & Level 2,"Need electrical help in Narrabeen 2101? Emergency faults, Level 2 ASP, switchboards, hot water, aircon, CCTV/data and general electrical work across.",Electrician Narrabeen 2101,2915,yes,yes,yes,yes,yes,yes,yes,yes,yes,yes,yes,greater,,,,,,,
/service-areas/northern-beaches/northern-beaches/narraweena,suburb page,yes,https://c0d312.github.io/evaready-electrical/service-areas/northern-beaches/northern-beaches/narraweena,Electrician Narraweena 2099 | Emergency & Level 2,"Need electrical help in Narraweena 2099? Emergency faults, Level 2 ASP, switchboards, hot water, aircon, CCTV/data and general electrical work across.",Electrician Narraweena 2099,2923,yes,yes,yes,yes,yes,yes,yes,yes,yes,yes,yes,greater,,,,,,,
/service-areas/northern-beaches/northern-beaches/newport,suburb page,yes,https://c0d312.github.io/evaready-electrical/service-areas/northern-beaches/northern-beaches/newport,Electrician Newport 2106 | Emergency & Level 2,"Evaready helps Newport with urgent faults, Level 2 ASP work, switchboards, hot water electrical, aircon, CCTV/data and planned electrical work.",Electrician Newport 2106,2937,yes,yes,yes,yes,yes,yes,yes,yes,yes,yes,yes,greater,,,,,,,
/service-areas/northern-beaches/northern-beaches/north-balgowlah,suburb page,yes,https://c0d312.github.io/evaready-electrical/service-areas/northern-beaches/northern-beaches/north-balgowlah,Electrician North Balgowlah 2093 | Emergency & Level 2,"Evaready helps North Balgowlah with urgent faults, Level 2 ASP work, switchboards, hot water electrical, aircon, CCTV/data and planned electrical work.",Electrician North Balgowlah 2093,2927,yes,yes,yes,yes,yes,yes,yes,yes,yes,yes,yes,greater,,,,,,,
/service-areas/northern-beaches/northern-beaches/north-curl-curl,suburb page,yes,https://c0d312.github.io/evaready-electrical/service-areas/northern-beaches/northern-beaches/north-curl-curl,Electrician North Curl Curl 2099 | Emergency & Level 2,"Evaready helps North Curl Curl with urgent faults, Level 2 ASP work, switchboards, hot water electrical, aircon, CCTV/data and planned electrical work.",Electrician North Curl Curl 2099,3022,yes,yes,yes,yes,yes,yes,yes,yes,yes,yes,yes,greater,,,,,,,
/service-areas/northern-beaches/northern-beaches/north-manly,suburb page,yes,https://c0d312.github.io/evaready-electrical/service-areas/northern-beaches/northern-beaches/north-manly,Electrician North Manly 2100 | Emergency & Level 2,"Evaready helps North Manly with urgent faults, Level 2 ASP work, switchboards, hot water electrical, aircon, CCTV/data and planned electrical work.",Electrician North Manly 2100,2939,yes,yes,yes,yes,yes,yes,yes,yes,yes,yes,yes,greater,,,,,,,
/service-areas/northern-beaches/northern-beaches/north-narrabeen,suburb page,yes,https://c0d312.github.io/evaready-electrical/service-areas/northern-beaches/northern-beaches/north-narrabeen,Electrician North Narrabeen 2101 | Emergency & Level 2,"Need an electrician in North Narrabeen? Evaready helps with emergency faults, Level 2 ASP work, switchboards, hot water, aircon, CCTV/data and general.",Electrician North Narrabeen 2101,2896,yes,yes,yes,yes,yes,yes,yes,yes,yes,yes,yes,greater,,,,,,,
/service-areas/northern-beaches/northern-beaches/oxford-falls,suburb page,yes,https://c0d312.github.io/evaready-electrical/service-areas/northern-beaches/northern-beaches/oxford-falls,Electrician Oxford Falls 2100 | Emergency & Level 2,"Need an electrician in Oxford Falls? Evaready helps with emergency faults, Level 2 ASP work, switchboards, hot water, aircon, CCTV/data and general.",Electrician Oxford Falls 2100,2958,yes,yes,yes,yes,yes,yes,yes,yes,yes,yes,yes,greater,,,,,,,
/service-areas/northern-beaches/northern-beaches/palm-beach,suburb page,yes,https://c0d312.github.io/evaready-electrical/service-areas/northern-beaches/northern-beaches/palm-beach,Electrician Palm Beach 2108 | Emergency & Level 2,"Need electrical help in Palm Beach 2108? Emergency faults, Level 2 ASP, switchboards, hot water, aircon, CCTV/data and general electrical work across.",Electrician Palm Beach 2108,2988,yes,yes,yes,yes,yes,yes,yes,yes,yes,yes,yes,greater,,,,,,,
/service-areas/northern-beaches/northern-beaches/queenscliff,suburb page,yes,https://c0d312.github.io/evaready-electrical/service-areas/northern-beaches/northern-beaches/queenscliff,Electrician Queenscliff 2096 | Emergency & Level 2,"Need electrical help in Queenscliff 2096? Emergency faults, Level 2 ASP, switchboards, hot water, aircon, CCTV/data and general electrical work across.",Electrician Queenscliff 2096,2915,yes,yes,yes,yes,yes,yes,yes,yes,yes,yes,yes,greater,,,,,,,
/service-areas/northern-beaches/northern-beaches/scotland-island,suburb page,yes,https://c0d312.github.io/evaready-electrical/service-areas/northern-beaches/northern-beaches/scotland-island,Electrician Scotland Island 2105 | Emergency & Level 2,"Need an electrician in Scotland Island? Evaready helps with emergency faults, Level 2 ASP work, switchboards, hot water, aircon, CCTV/data and general.",Electrician Scotland Island 2105,2977,yes,yes,yes,yes,yes,yes,yes,yes,yes,yes,yes,greater,,,,,,,
/service-areas/northern-beaches/northern-beaches/seaforth,suburb page,yes,https://c0d312.github.io/evaready-electrical/service-areas/northern-beaches/northern-beaches/seaforth,Electrician Seaforth 2092 | Emergency & Level 2,"Need electrical help in Seaforth 2092? Emergency faults, Level 2 ASP, switchboards, hot water, aircon, CCTV/data and general electrical work across.",Electrician Seaforth 2092,2841,yes,yes,yes,yes,yes,yes,yes,yes,yes,yes,yes,greater,,,,,,,
/service-areas/northern-beaches/northern-beaches/terrey-hills,suburb page,yes,https://c0d312.github.io/evaready-electrical/service-areas/northern-beaches/northern-beaches/terrey-hills,Electrician Terrey Hills 2084 | Emergency & Level 2,"Need electrical help in Terrey Hills 2084? Emergency faults, Level 2 ASP, switchboards, hot water, aircon, CCTV/data and general electrical work.",Electrician Terrey Hills 2084,3019,yes,yes,yes,yes,yes,yes,yes,yes,yes,yes,yes,greater,,,,,,,
/service-areas/northern-beaches/northern-beaches/warriewood,suburb page,yes,https://c0d312.github.io/evaready-electrical/service-areas/northern-beaches/northern-beaches/warriewood,Electrician Warriewood 2102 | Emergency & Level 2,"Evaready helps Warriewood with urgent faults, Level 2 ASP work, switchboards, hot water electrical, aircon, CCTV/data and planned electrical work.",Electrician Warriewood 2102,2939,yes,yes,yes,yes,yes,yes,yes,yes,yes,yes,yes,greater,,,,,,,
/service-areas/northern-beaches/northern-beaches/whale-beach,suburb page,yes,https://c0d312.github.io/evaready-electrical/service-areas/northern-beaches/northern-beaches/whale-beach,Electrician Whale Beach 2107 | Emergency & Level 2,"Need an electrician in Whale Beach? Evaready helps with emergency faults, Level 2 ASP work, switchboards, hot water, aircon, CCTV/data and general.",Electrician Whale Beach 2107,2917,yes,yes,yes,yes,yes,yes,yes,yes,yes,yes,yes,greater,,,,,,,
/service-areas/northern-beaches/northern-beaches/wheeler-heights,suburb page,yes,https://c0d312.github.io/evaready-electrical/service-areas/northern-beaches/northern-beaches/wheeler-heights,Electrician Wheeler Heights 2097 | Emergency & Level 2,"Need an electrician in Wheeler Heights? Evaready helps with emergency faults, Level 2 ASP work, switchboards, hot water, aircon, CCTV/data and general.",Electrician Wheeler Heights 2097,3004,yes,yes,yes,yes,yes,yes,yes,yes,yes,yes,yes,greater,,,,,,,
/service-areas/northern-sydney-and-ryde,region page,yes,https://c0d312.github.io/evaready-electrical/service-areas/northern-sydney-and-ryde,Northern Sydney & Ryde Electrician | Emergency & Level 2,"Need an electrician in Northern Sydney & Ryde? Evaready helps with urgent faults, Level 2 work, switchboards, consumer mains, defect notices and planned.","Northern Sydney & Ryde Electrician - Emergency, Level 2 & Planned Work",1191,yes,yes,yes,yes,yes,yes,yes,yes,yes,yes,yes,greater,,,,,,,
/service-areas/northern-sydney-and-ryde/hunters-hill,area page,yes,https://c0d312.github.io/evaready-electrical/service-areas/northern-sydney-and-ryde/hunters-hill,Hunters Hill Electrician | Northern Sydney & Ryde,"Need an electrician in Hunters Hill? Evaready helps with urgent faults, Level 2 work, switchboards, consumer mains, defect notices and planned electrical.","Hunters Hill Electrician - Emergency, Level 2 & Planned Work",983,yes,yes,yes,yes,yes,yes,yes,yes,yes,yes,yes,greater,,,,,,,
/service-areas/northern-sydney-and-ryde/hunters-hill/gladesville,suburb page,yes,https://c0d312.github.io/evaready-electrical/service-areas/northern-sydney-and-ryde/hunters-hill/gladesville,Electrician Gladesville 2111 | Emergency & Level 2,"Need an electrician in Gladesville? Evaready helps with emergency faults, Level 2 ASP work, switchboards, hot water, aircon, CCTV/data and general.",Electrician Gladesville 2111,2865,yes,yes,yes,yes,yes,yes,yes,yes,yes,yes,yes,greater,,,,,,,
/service-areas/northern-sydney-and-ryde/hunters-hill/henley,suburb page,yes,https://c0d312.github.io/evaready-electrical/service-areas/northern-sydney-and-ryde/hunters-hill/henley,Electrician Henley 2111 | Emergency & Level 2,"Need electrical help in Henley 2111? Emergency faults, Level 2 ASP, switchboards, hot water, aircon, CCTV/data and general electrical work across.",Electrician Henley 2111,2760,yes,yes,yes,yes,yes,yes,yes,yes,yes,yes,yes,greater,,,,,,,
/service-areas/northern-sydney-and-ryde/hunters-hill/hunters-hill,suburb page,yes,https://c0d312.github.io/evaready-electrical/service-areas/northern-sydney-and-ryde/hunters-hill/hunters-hill,Electrician Hunters Hill 2110 | Emergency & Level 2,"Need electrical help in Hunters Hill 2110? Emergency faults, Level 2 ASP, switchboards, hot water, aircon, CCTV/data and general electrical work.",Electrician Hunters Hill 2110,2869,yes,yes,yes,yes,yes,yes,yes,yes,yes,yes,yes,greater,,,,,,,
/service-areas/northern-sydney-and-ryde/hunters-hill/huntleys-cove,suburb page,yes,https://c0d312.github.io/evaready-electrical/service-areas/northern-sydney-and-ryde/hunters-hill/huntleys-cove,Electrician Huntleys Cove 2111 | Emergency & Level 2,"Evaready helps Huntleys Cove with urgent faults, Level 2 ASP work, switchboards, hot water electrical, aircon, CCTV/data and planned electrical work.",Electrician Huntleys Cove 2111,2920,yes,yes,yes,yes,yes,yes,yes,yes,yes,yes,yes,greater,,,,,,,
/service-areas/northern-sydney-and-ryde/hunters-hill/huntleys-point,suburb page,yes,https://c0d312.github.io/evaready-electrical/service-areas/northern-sydney-and-ryde/hunters-hill/huntleys-point,Electrician Huntleys Point 2111 | Emergency & Level 2,"Need an electrician in Huntleys Point? Evaready helps with emergency faults, Level 2 ASP work, switchboards, hot water, aircon, CCTV/data and general.",Electrician Huntleys Point 2111,2931,yes,yes,yes,yes,yes,yes,yes,yes,yes,yes,yes,greater,,,,,,,
/service-areas/northern-sydney-and-ryde/hunters-hill/woolwich,suburb page,yes,https://c0d312.github.io/evaready-electrical/service-areas/northern-sydney-and-ryde/hunters-hill/woolwich,Electrician Woolwich 2110 | Emergency & Level 2,"Evaready helps Woolwich with urgent faults, Level 2 ASP work, switchboards, hot water electrical, aircon, CCTV/data and planned electrical work.",Electrician Woolwich 2110,2849,yes,yes,yes,yes,yes,yes,yes,yes,yes,yes,yes,greater,,,,,,,
/service-areas/northern-sydney-and-ryde/ku-ring-gai,area page,yes,https://c0d312.github.io/evaready-electrical/service-areas/northern-sydney-and-ryde/ku-ring-gai,Ku-ring-gai Electrician | Northern Sydney & Ryde,"Need an electrician in Ku-ring-gai? Evaready helps with urgent faults, Level 2 work, switchboards, consumer mains, defect notices and planned electrical.","Ku-ring-gai Electrician - Emergency, Level 2 & Planned Work",939,yes,yes,yes,yes,yes,yes,yes,yes,yes,yes,yes,greater,,,,,,,
/service-areas/northern-sydney-and-ryde/ku-ring-gai/east-killara,suburb page,yes,https://c0d312.github.io/evaready-electrical/service-areas/northern-sydney-and-ryde/ku-ring-gai/east-killara,Electrician East Killara 2071 | Emergency & Level 2,"Need electrical help in East Killara 2071? Emergency faults, Level 2 ASP, switchboards, hot water, aircon, CCTV/data and general electrical work.",Electrician East Killara 2071,2733,yes,yes,yes,yes,yes,yes,yes,yes,yes,yes,yes,greater,,,,,,,
/service-areas/northern-sydney-and-ryde/ku-ring-gai/east-lindfield,suburb page,yes,https://c0d312.github.io/evaready-electrical/service-areas/northern-sydney-and-ryde/ku-ring-gai/east-lindfield,Electrician East Lindfield 2070 | Emergency & Level 2,"Need an electrician in East Lindfield? Evaready helps with emergency faults, Level 2 ASP work, switchboards, hot water, aircon, CCTV/data and general.",Electrician East Lindfield 2070,2729,yes,yes,yes,yes,yes,yes,yes,yes,yes,yes,yes,greater,,,,,,,
/service-areas/northern-sydney-and-ryde/ku-ring-gai/gordon,suburb page,yes,https://c0d312.github.io/evaready-electrical/service-areas/northern-sydney-and-ryde/ku-ring-gai/gordon,Electrician Gordon 2072 | Emergency & Level 2,"Evaready helps Gordon with urgent faults, Level 2 ASP work, switchboards, hot water electrical, aircon, CCTV/data and planned electrical work.",Electrician Gordon 2072,2654,yes,yes,yes,yes,yes,yes,yes,yes,yes,yes,yes,greater,,,,,,,
/service-areas/northern-sydney-and-ryde/ku-ring-gai/killara,suburb page,yes,https://c0d312.github.io/evaready-electrical/service-areas/northern-sydney-and-ryde/ku-ring-gai/killara,Electrician Killara 2071 | Emergency & Level 2,"Evaready helps Killara with urgent faults, Level 2 ASP work, switchboards, hot water electrical, aircon, CCTV/data and planned electrical work.",Electrician Killara 2071,2629,yes,yes,yes,yes,yes,yes,yes,yes,yes,yes,yes,greater,,,,,,,
/service-areas/northern-sydney-and-ryde/ku-ring-gai/lindfield,suburb page,yes,https://c0d312.github.io/evaready-electrical/service-areas/northern-sydney-and-ryde/ku-ring-gai/lindfield,Electrician Lindfield 2070 | Emergency & Level 2,"Evaready helps Lindfield with urgent faults, Level 2 ASP work, switchboards, hot water electrical, aircon, CCTV/data and planned electrical work.",Electrician Lindfield 2070,2649,yes,yes,yes,yes,yes,yes,yes,yes,yes,yes,yes,greater,,,,,,,
/service-areas/northern-sydney-and-ryde/ku-ring-gai/north-turramurra,suburb page,yes,https://c0d312.github.io/evaready-electrical/service-areas/northern-sydney-and-ryde/ku-ring-gai/north-turramurra,Electrician North Turramurra 2074 | Emergency & Level 2,"Evaready helps North Turramurra with urgent faults, Level 2 ASP work, switchboards, hot water electrical, aircon, CCTV/data and planned electrical work.",Electrician North Turramurra 2074,2735,yes,yes,yes,yes,yes,yes,yes,yes,yes,yes,yes,greater,,,,,,,
/service-areas/northern-sydney-and-ryde/ku-ring-gai/north-wahroonga,suburb page,yes,https://c0d312.github.io/evaready-electrical/service-areas/northern-sydney-and-ryde/ku-ring-gai/north-wahroonga,Electrician North Wahroonga 2076 | Emergency & Level 2,"Need an electrician in North Wahroonga? Evaready helps with emergency faults, Level 2 ASP work, switchboards, hot water, aircon, CCTV/data and general.",Electrician North Wahroonga 2076,2714,yes,yes,yes,yes,yes,yes,yes,yes,yes,yes,yes,greater,,,,,,,
/service-areas/northern-sydney-and-ryde/ku-ring-gai/pymble,suburb page,yes,https://c0d312.github.io/evaready-electrical/service-areas/northern-sydney-and-ryde/ku-ring-gai/pymble,Electrician Pymble 2073 | Emergency & Level 2,"Need an electrician in Pymble? Evaready helps with emergency faults, Level 2 ASP work, switchboards, hot water, aircon, CCTV/data and general.",Electrician Pymble 2073,2665,yes,yes,yes,yes,yes,yes,yes,yes,yes,yes,yes,greater,,,,,,,
/service-areas/northern-sydney-and-ryde/ku-ring-gai/roseville,suburb page,yes,https://c0d312.github.io/evaready-electrical/service-areas/northern-sydney-and-ryde/ku-ring-gai/roseville,Electrician Roseville 2069 | Emergency & Level 2,"Need electrical help in Roseville 2069? Emergency faults, Level 2 ASP, switchboards, hot water, aircon, CCTV/data and general electrical work across.",Electrician Roseville 2069,2665,yes,yes,yes,yes,yes,yes,yes,yes,yes,yes,yes,greater,,,,,,,
/service-areas/northern-sydney-and-ryde/ku-ring-gai/roseville-chase,suburb page,yes,https://c0d312.github.io/evaready-electrical/service-areas/northern-sydney-and-ryde/ku-ring-gai/roseville-chase,Electrician Roseville Chase 2069 | Emergency & Level 2,"Evaready helps Roseville Chase with urgent faults, Level 2 ASP work, switchboards, hot water electrical, aircon, CCTV/data and planned electrical work.",Electrician Roseville Chase 2069,2727,yes,yes,yes,yes,yes,yes,yes,yes,yes,yes,yes,greater,,,,,,,
/service-areas/northern-sydney-and-ryde/ku-ring-gai/south-turramurra,suburb page,yes,https://c0d312.github.io/evaready-electrical/service-areas/northern-sydney-and-ryde/ku-ring-gai/south-turramurra,Electrician South Turramurra 2074 | Emergency & Level 2,"Evaready helps South Turramurra with urgent faults, Level 2 ASP work, switchboards, hot water electrical, aircon, CCTV/data and planned electrical work.",Electrician South Turramurra 2074,2769,yes,yes,yes,yes,yes,yes,yes,yes,yes,yes,yes,greater,,,,,,,
/service-areas/northern-sydney-and-ryde/ku-ring-gai/st-ives,suburb page,yes,https://c0d312.github.io/evaready-electrical/service-areas/northern-sydney-and-ryde/ku-ring-gai/st-ives,Electrician St Ives 2075 | Emergency & Level 2,"Evaready helps St Ives with urgent faults, Level 2 ASP work, switchboards, hot water electrical, aircon, CCTV/data and planned electrical work.",Electrician St Ives 2075,2735,yes,yes,yes,yes,yes,yes,yes,yes,yes,yes,yes,greater,,,,,,,
/service-areas/northern-sydney-and-ryde/ku-ring-gai/st-ives-chase,suburb page,yes,https://c0d312.github.io/evaready-electrical/service-areas/northern-sydney-and-ryde/ku-ring-gai/st-ives-chase,Electrician St Ives Chase 2075 | Emergency & Level 2,"Need electrical help in St Ives Chase 2075? Emergency faults, Level 2 ASP, switchboards, hot water, aircon, CCTV/data and general electrical work.",Electrician St Ives Chase 2075,2797,yes,yes,yes,yes,yes,yes,yes,yes,yes,yes,yes,greater,,,,,,,
/service-areas/northern-sydney-and-ryde/ku-ring-gai/turramurra,suburb page,yes,https://c0d312.github.io/evaready-electrical/service-areas/northern-sydney-and-ryde/ku-ring-gai/turramurra,Electrician Turramurra 2074 | Emergency & Level 2,"Need electrical help in Turramurra 2074? Emergency faults, Level 2 ASP, switchboards, hot water, aircon, CCTV/data and general electrical work across.",Electrician Turramurra 2074,2666,yes,yes,yes,yes,yes,yes,yes,yes,yes,yes,yes,greater,,,,,,,
/service-areas/northern-sydney-and-ryde/ku-ring-gai/warrawee,suburb page,yes,https://c0d312.github.io/evaready-electrical/service-areas/northern-sydney-and-ryde/ku-ring-gai/warrawee,Electrician Warrawee 2074 | Emergency & Level 2,"Need an electrician in Warrawee? Evaready helps with emergency faults, Level 2 ASP work, switchboards, hot water, aircon, CCTV/data and general.",Electrician Warrawee 2074,2665,yes,yes,yes,yes,yes,yes,yes,yes,yes,yes,yes,greater,,,,,,,
/service-areas/northern-sydney-and-ryde/ku-ring-gai/west-pymble,suburb page,yes,https://c0d312.github.io/evaready-electrical/service-areas/northern-sydney-and-ryde/ku-ring-gai/west-pymble,Electrician West Pymble 2073 | Emergency & Level 2,"Need an electrician in West Pymble? Evaready helps with emergency faults, Level 2 ASP work, switchboards, hot water, aircon, CCTV/data and general.",Electrician West Pymble 2073,2730,yes,yes,yes,yes,yes,yes,yes,yes,yes,yes,yes,greater,,,,,,,
/service-areas/northern-sydney-and-ryde/lane-cove,area page,yes,https://c0d312.github.io/evaready-electrical/service-areas/northern-sydney-and-ryde/lane-cove,Lane Cove Electrician | Northern Sydney & Ryde,"Need an electrician in Lane Cove? Evaready helps with urgent faults, Level 2 work, switchboards, consumer mains, defect notices and planned electrical jobs.","Lane Cove Electrician - Emergency, Level 2 & Planned Work",930,yes,yes,yes,yes,yes,yes,yes,yes,yes,yes,yes,greater,,,,,,,
/service-areas/northern-sydney-and-ryde/lane-cove/greenwich,suburb page,yes,https://c0d312.github.io/evaready-electrical/service-areas/northern-sydney-and-ryde/lane-cove/greenwich,Electrician Greenwich 2065 | Emergency & Level 2,"Need electrical help in Greenwich 2065? Emergency faults, Level 2 ASP, switchboards, hot water, aircon, CCTV/data and general electrical work across.",Electrician Greenwich 2065,2651,yes,yes,yes,yes,yes,yes,yes,yes,yes,yes,yes,greater,,,,,,,
/service-areas/northern-sydney-and-ryde/lane-cove/lane-cove,suburb page,yes,https://c0d312.github.io/evaready-electrical/service-areas/northern-sydney-and-ryde/lane-cove/lane-cove,Electrician Lane Cove 2066 | Emergency & Level 2,"Evaready helps Lane Cove with urgent faults, Level 2 ASP work, switchboards, hot water electrical, aircon, CCTV/data and planned electrical work.",Electrician Lane Cove 2066,2745,yes,yes,yes,yes,yes,yes,yes,yes,yes,yes,yes,greater,,,,,,,
/service-areas/northern-sydney-and-ryde/lane-cove/lane-cove-north,suburb page,yes,https://c0d312.github.io/evaready-electrical/service-areas/northern-sydney-and-ryde/lane-cove/lane-cove-north,Electrician Lane Cove North 2066 | Emergency & Level 2,"Need electrical help in Lane Cove North 2066? Emergency faults, Level 2 ASP, switchboards, hot water, aircon, CCTV/data and general electrical work.",Electrician Lane Cove North 2066,2823,yes,yes,yes,yes,yes,yes,yes,yes,yes,yes,yes,greater,,,,,,,
/service-areas/northern-sydney-and-ryde/lane-cove/lane-cove-west,suburb page,yes,https://c0d312.github.io/evaready-electrical/service-areas/northern-sydney-and-ryde/lane-cove/lane-cove-west,Electrician Lane Cove West 2066 | Emergency & Level 2,"Need electrical help in Lane Cove West 2066? Emergency faults, Level 2 ASP, switchboards, hot water, aircon, CCTV/data and general electrical work.",Electrician Lane Cove West 2066,2829,yes,yes,yes,yes,yes,yes,yes,yes,yes,yes,yes,greater,,,,,,,
/service-areas/northern-sydney-and-ryde/lane-cove/linley-point,suburb page,yes,https://c0d312.github.io/evaready-electrical/service-areas/northern-sydney-and-ryde/lane-cove/linley-point,Electrician Linley Point 2066 | Emergency & Level 2,"Need an electrician in Linley Point? Evaready helps with emergency faults, Level 2 ASP work, switchboards, hot water, aircon, CCTV/data and general.",Electrician Linley Point 2066,2721,yes,yes,yes,yes,yes,yes,yes,yes,yes,yes,yes,greater,,,,,,,
/service-areas/northern-sydney-and-ryde/lane-cove/longueville,suburb page,yes,https://c0d312.github.io/evaready-electrical/service-areas/northern-sydney-and-ryde/lane-cove/longueville,Electrician Longueville 2066 | Emergency & Level 2,"Need an electrician in Longueville? Evaready helps with emergency faults, Level 2 ASP work, switchboards, hot water, aircon, CCTV/data and general.",Electrician Longueville 2066,2695,yes,yes,yes,yes,yes,yes,yes,yes,yes,yes,yes,greater,,,,,,,
/service-areas/northern-sydney-and-ryde/lane-cove/northwood,suburb page,yes,https://c0d312.github.io/evaready-electrical/service-areas/northern-sydney-and-ryde/lane-cove/northwood,Electrician Northwood 2066 | Emergency & Level 2,"Evaready helps Northwood with urgent faults, Level 2 ASP work, switchboards, hot water electrical, aircon, CCTV/data and planned electrical work.",Electrician Northwood 2066,2657,yes,yes,yes,yes,yes,yes,yes,yes,yes,yes,yes,greater,,,,,,,
/service-areas/northern-sydney-and-ryde/lane-cove/riverview,suburb page,yes,https://c0d312.github.io/evaready-electrical/service-areas/northern-sydney-and-ryde/lane-cove/riverview,Electrician Riverview 2066 | Emergency & Level 2,"Need electrical help in Riverview 2066? Emergency faults, Level 2 ASP, switchboards, hot water, aircon, CCTV/data and general electrical work across.",Electrician Riverview 2066,2666,yes,yes,yes,yes,yes,yes,yes,yes,yes,yes,yes,greater,,,,,,,
/service-areas/northern-sydney-and-ryde/lane-cove/st-leonards,suburb page,yes,https://c0d312.github.io/evaready-electrical/service-areas/northern-sydney-and-ryde/lane-cove/st-leonards,Electrician St Leonards 2065 | Emergency & Level 2,"Evaready helps St Leonards with urgent faults, Level 2 ASP work, switchboards, hot water electrical, aircon, CCTV/data and planned electrical work.",Electrician St Leonards 2065,2738,yes,yes,yes,yes,yes,yes,yes,yes,yes,yes,yes,greater,,,,,,,
/service-areas/northern-sydney-and-ryde/mosman,area page,yes,https://c0d312.github.io/evaready-electrical/service-areas/northern-sydney-and-ryde/mosman,Mosman Electrician | Northern Sydney & Ryde,"Need an electrician in Mosman? Evaready helps with urgent faults, Level 2 work, switchboards, consumer mains, defect notices and planned electrical jobs.","Mosman Electrician - Emergency, Level 2 & Planned Work",864,yes,yes,yes,yes,yes,yes,yes,yes,yes,yes,yes,greater,,,,,,,
/service-areas/northern-sydney-and-ryde/mosman/mosman,suburb page,yes,https://c0d312.github.io/evaready-electrical/service-areas/northern-sydney-and-ryde/mosman/mosman,Electrician Mosman 2088 | Emergency & Level 2,"Need electrical help in Mosman 2088? Emergency faults, Level 2 ASP, switchboards, hot water, aircon, CCTV/data and general electrical work across Mosman.",Electrician Mosman 2088,2651,yes,yes,yes,yes,yes,yes,yes,yes,yes,yes,yes,greater,,,,,,,
/service-areas/northern-sydney-and-ryde/north-sydney,area page,yes,https://c0d312.github.io/evaready-electrical/service-areas/northern-sydney-and-ryde/north-sydney,North Sydney Electrician | Northern Sydney & Ryde,"Need an electrician in North Sydney? Evaready helps with urgent faults, Level 2 work, switchboards, consumer mains, defect notices and planned electrical.","North Sydney Electrician - Emergency, Level 2 & Planned Work",945,yes,yes,yes,yes,yes,yes,yes,yes,yes,yes,yes,greater,,,,,,,
/service-areas/northern-sydney-and-ryde/north-sydney/cammeray,suburb page,yes,https://c0d312.github.io/evaready-electrical/service-areas/northern-sydney-and-ryde/north-sydney/cammeray,Electrician Cammeray 2062 | Emergency & Level 2,"Evaready helps Cammeray with urgent faults, Level 2 ASP work, switchboards, hot water electrical, aircon, CCTV/data and planned electrical work.",Electrician Cammeray 2062,2666,yes,yes,yes,yes,yes,yes,yes,yes,yes,yes,yes,greater,,,,,,,
/service-areas/northern-sydney-and-ryde/north-sydney/cremorne,suburb page,yes,https://c0d312.github.io/evaready-electrical/service-areas/northern-sydney-and-ryde/north-sydney/cremorne,Electrician Cremorne 2090 | Emergency & Level 2,"Need an electrician in Cremorne? Evaready helps with emergency faults, Level 2 ASP work, switchboards, hot water, aircon, CCTV/data and general.",Electrician Cremorne 2090,2677,yes,yes,yes,yes,yes,yes,yes,yes,yes,yes,yes,greater,,,,,,,
/service-areas/northern-sydney-and-ryde/north-sydney/cremorne-point,suburb page,yes,https://c0d312.github.io/evaready-electrical/service-areas/northern-sydney-and-ryde/north-sydney/cremorne-point,Electrician Cremorne Point 2090 | Emergency & Level 2,"Need electrical help in Cremorne Point 2090? Emergency faults, Level 2 ASP, switchboards, hot water, aircon, CCTV/data and general electrical work.",Electrician Cremorne Point 2090,2744,yes,yes,yes,yes,yes,yes,yes,yes,yes,yes,yes,greater,,,,,,,
/service-areas/northern-sydney-and-ryde/north-sydney/crows-nest,suburb page,yes,https://c0d312.github.io/evaready-electrical/service-areas/northern-sydney-and-ryde/north-sydney/crows-nest,Electrician Crows Nest 2065 | Emergency & Level 2,"Need electrical help in Crows Nest 2065? Emergency faults, Level 2 ASP, switchboards, hot water, aircon, CCTV/data and general electrical work across.",Electrician Crows Nest 2065,2752,yes,yes,yes,yes,yes,yes,yes,yes,yes,yes,yes,greater,,,,,,,
/service-areas/northern-sydney-and-ryde/north-sydney/kirribilli,suburb page,yes,https://c0d312.github.io/evaready-electrical/service-areas/northern-sydney-and-ryde/north-sydney/kirribilli,Electrician Kirribilli 2061 | Emergency & Level 2,"Need an electrician in Kirribilli? Evaready helps with emergency faults, Level 2 ASP work, switchboards, hot water, aircon, CCTV/data and general.",Electrician Kirribilli 2061,2650,yes,yes,yes,yes,yes,yes,yes,yes,yes,yes,yes,greater,,,,,,,
/service-areas/northern-sydney-and-ryde/north-sydney/kurraba-point,suburb page,yes,https://c0d312.github.io/evaready-electrical/service-areas/northern-sydney-and-ryde/north-sydney/kurraba-point,Electrician Kurraba Point 2089 | Emergency & Level 2,"Need electrical help in Kurraba Point 2089? Emergency faults, Level 2 ASP, switchboards, hot water, aircon, CCTV/data and general electrical work.",Electrician Kurraba Point 2089,2735,yes,yes,yes,yes,yes,yes,yes,yes,yes,yes,yes,greater,,,,,,,
/service-areas/northern-sydney-and-ryde/north-sydney/lavender-bay,suburb page,yes,https://c0d312.github.io/evaready-electrical/service-areas/northern-sydney-and-ryde/north-sydney/lavender-bay,Electrician Lavender Bay 2060 | Emergency & Level 2,"Need an electrician in Lavender Bay? Evaready helps with emergency faults, Level 2 ASP work, switchboards, hot water, aircon, CCTV/data and general.",Electrician Lavender Bay 2060,2750,yes,yes,yes,yes,yes,yes,yes,yes,yes,yes,yes,greater,,,,,,,
/service-areas/northern-sydney-and-ryde/north-sydney/mcmahons-point,suburb page,yes,https://c0d312.github.io/evaready-electrical/service-areas/northern-sydney-and-ryde/north-sydney/mcmahons-point,Electrician McMahons Point 2060 | Emergency & Level 2,"Need electrical help in McMahons Point 2060? Emergency faults, Level 2 ASP, switchboards, hot water, aircon, CCTV/data and general electrical work.",Electrician McMahons Point 2060,2748,yes,yes,yes,yes,yes,yes,yes,yes,yes,yes,yes,greater,,,,,,,
/service-areas/northern-sydney-and-ryde/north-sydney/milsons-point,suburb page,yes,https://c0d312.github.io/evaready-electrical/service-areas/northern-sydney-and-ryde/north-sydney/milsons-point,Electrician Milsons Point 2061 | Emergency & Level 2,"Need an electrician in Milsons Point? Evaready helps with emergency faults, Level 2 ASP work, switchboards, hot water, aircon, CCTV/data and general.",Electrician Milsons Point 2061,2764,yes,yes,yes,yes,yes,yes,yes,yes,yes,yes,yes,greater,,,,,,,
/service-areas/northern-sydney-and-ryde/north-sydney/neutral-bay,suburb page,yes,https://c0d312.github.io/evaready-electrical/service-areas/northern-sydney-and-ryde/north-sydney/neutral-bay,Electrician Neutral Bay 2089 | Emergency & Level 2,"Need electrical help in Neutral Bay 2089? Emergency faults, Level 2 ASP, switchboards, hot water, aircon, CCTV/data and general electrical work across.",Electrician Neutral Bay 2089,2734,yes,yes,yes,yes,yes,yes,yes,yes,yes,yes,yes,greater,,,,,,,
/service-areas/northern-sydney-and-ryde/north-sydney/north-sydney,suburb page,yes,https://c0d312.github.io/evaready-electrical/service-areas/northern-sydney-and-ryde/north-sydney/north-sydney,Electrician North Sydney 2060 | Emergency & Level 2,"Need an electrician in North Sydney? Evaready Electrical helps with commercial maintenance, urgent faults, lighting, data, switchboards, metering.",Electrician North Sydney 2060,2717,yes,yes,yes,yes,yes,yes,yes,yes,yes,yes,yes,greater,,,,,,,
/service-areas/northern-sydney-and-ryde/north-sydney/waverton,suburb page,yes,https://c0d312.github.io/evaready-electrical/service-areas/northern-sydney-and-ryde/north-sydney/waverton,Electrician Waverton 2060 | Emergency & Level 2,"Evaready helps Waverton with urgent faults, Level 2 ASP work, switchboards, hot water electrical, aircon, CCTV/data and planned electrical work.",Electrician Waverton 2060,2675,yes,yes,yes,yes,yes,yes,yes,yes,yes,yes,yes,greater,,,,,,,
/service-areas/northern-sydney-and-ryde/north-sydney/wollstonecraft,suburb page,yes,https://c0d312.github.io/evaready-electrical/service-areas/northern-sydney-and-ryde/north-sydney/wollstonecraft,Electrician Wollstonecraft 2065 | Emergency & Level 2,"Need electrical help in Wollstonecraft 2065? Emergency faults, Level 2 ASP, switchboards, hot water, aircon, CCTV/data and general electrical work.",Electrician Wollstonecraft 2065,2647,yes,yes,yes,yes,yes,yes,yes,yes,yes,yes,yes,greater,,,,,,,
/service-areas/northern-sydney-and-ryde/ryde,area page,yes,https://c0d312.github.io/evaready-electrical/service-areas/northern-sydney-and-ryde/ryde,Ryde Electrician | Northern Sydney & Ryde,"Need an electrician in Ryde? Evaready helps with urgent faults, Level 2 work, switchboards, consumer mains, defect notices and planned electrical jobs.","Ryde Electrician - Emergency, Level 2 & Planned Work",927,yes,yes,yes,yes,yes,yes,yes,yes,yes,yes,yes,greater,,,,,,,
/service-areas/northern-sydney-and-ryde/ryde/chatswood-west,suburb page,yes,https://c0d312.github.io/evaready-electrical/service-areas/northern-sydney-and-ryde/ryde/chatswood-west,Electrician Chatswood West 2067 | Emergency & Level 2,"Need electrical help in Chatswood West 2067? Emergency faults, Level 2 ASP, switchboards, hot water, aircon, CCTV/data and general electrical work.",Electrician Chatswood West 2067,2748,yes,yes,yes,yes,yes,yes,yes,yes,yes,yes,yes,greater,,,,,,,
/service-areas/northern-sydney-and-ryde/ryde/denistone,suburb page,yes,https://c0d312.github.io/evaready-electrical/service-areas/northern-sydney-and-ryde/ryde/denistone,Electrician Denistone 2114 | Emergency & Level 2,"Need electrical help in Denistone 2114? Emergency faults, Level 2 ASP, switchboards, hot water, aircon, CCTV/data and general electrical work across Ryde.",Electrician Denistone 2114,2658,yes,yes,yes,yes,yes,yes,yes,yes,yes,yes,yes,greater,,,,,,,
/service-areas/northern-sydney-and-ryde/ryde/denistone-east,suburb page,yes,https://c0d312.github.io/evaready-electrical/service-areas/northern-sydney-and-ryde/ryde/denistone-east,Electrician Denistone East 2112 | Emergency & Level 2,"Evaready helps Denistone East with urgent faults, Level 2 ASP work, switchboards, hot water electrical, aircon, CCTV/data and planned electrical work.",Electrician Denistone East 2112,2748,yes,yes,yes,yes,yes,yes,yes,yes,yes,yes,yes,greater,,,,,,,
/service-areas/northern-sydney-and-ryde/ryde/denistone-west,suburb page,yes,https://c0d312.github.io/evaready-electrical/service-areas/northern-sydney-and-ryde/ryde/denistone-west,Electrician Denistone West 2114 | Emergency & Level 2,"Need electrical help in Denistone West 2114? Emergency faults, Level 2 ASP, switchboards, hot water, aircon, CCTV/data and general electrical work.",Electrician Denistone West 2114,2726,yes,yes,yes,yes,yes,yes,yes,yes,yes,yes,yes,greater,,,,,,,
/service-areas/northern-sydney-and-ryde/ryde/east-ryde,suburb page,yes,https://c0d312.github.io/evaready-electrical/service-areas/northern-sydney-and-ryde/ryde/east-ryde,Electrician East Ryde 2113 | Emergency & Level 2,"Need an electrician in East Ryde? Evaready helps with emergency faults, Level 2 ASP work, switchboards, hot water, aircon, CCTV/data and general.",Electrician East Ryde 2113,2744,yes,yes,yes,yes,yes,yes,yes,yes,yes,yes,yes,greater,,,,,,,
/service-areas/northern-sydney-and-ryde/ryde/macquarie-park,suburb page,yes,https://c0d312.github.io/evaready-electrical/service-areas/northern-sydney-and-ryde/ryde/macquarie-park,Electrician Macquarie Park 2113 | Emergency & Level 2,"Need an electrician in Macquarie Park? Evaready Electrical helps with power, lighting, data, CCTV, switchboards and urgent fault finding.",Electrician Macquarie Park 2113,2715,yes,yes,yes,yes,yes,yes,yes,yes,yes,yes,yes,greater,,,,,,,
/service-areas/northern-sydney-and-ryde/ryde/marsfield,suburb page,yes,https://c0d312.github.io/evaready-electrical/service-areas/northern-sydney-and-ryde/ryde/marsfield,Electrician Marsfield 2122 | Emergency & Level 2,"Need electrical help in Marsfield 2122? Emergency faults, Level 2 ASP, switchboards, hot water, aircon, CCTV/data and general electrical work across Ryde.",Electrician Marsfield 2122,2666,yes,yes,yes,yes,yes,yes,yes,yes,yes,yes,yes,greater,,,,,,,
/service-areas/northern-sydney-and-ryde/ryde/meadowbank,suburb page,yes,https://c0d312.github.io/evaready-electrical/service-areas/northern-sydney-and-ryde/ryde/meadowbank,Electrician Meadowbank 2114 | Emergency & Level 2,"Need an electrician in Meadowbank? Evaready helps with emergency faults, Level 2 ASP work, switchboards, hot water, aircon, CCTV/data and general.",Electrician Meadowbank 2114,2630,yes,yes,yes,yes,yes,yes,yes,yes,yes,yes,yes,greater,,,,,,,
/service-areas/northern-sydney-and-ryde/ryde/north-ryde,suburb page,yes,https://c0d312.github.io/evaready-electrical/service-areas/northern-sydney-and-ryde/ryde/north-ryde,Electrician North Ryde 2113 | Emergency & Level 2,"Need an electrician in North Ryde? Evaready helps with emergency faults, Level 2 ASP work, switchboards, hot water, aircon, CCTV/data and general.",Electrician North Ryde 2113,2752,yes,yes,yes,yes,yes,yes,yes,yes,yes,yes,yes,greater,,,,,,,
/service-areas/northern-sydney-and-ryde/ryde/putney,suburb page,yes,https://c0d312.github.io/evaready-electrical/service-areas/northern-sydney-and-ryde/ryde/putney,Electrician Putney 2112 | Emergency & Level 2,"Evaready helps Putney with urgent faults, Level 2 ASP work, switchboards, hot water electrical, aircon, CCTV/data and planned electrical work.",Electrician Putney 2112,2664,yes,yes,yes,yes,yes,yes,yes,yes,yes,yes,yes,greater,,,,,,,
/service-areas/northern-sydney-and-ryde/ryde/ryde,suburb page,yes,https://c0d312.github.io/evaready-electrical/service-areas/northern-sydney-and-ryde/ryde/ryde,Electrician Ryde 2112 | Emergency & Level 2,"Need electrical help in Ryde 2112? Evaready Electrical helps with fault finding, switchboards, lighting, power, smoke alarms, data, CCTV and Level 2.",Electrician Ryde 2112,2629,yes,yes,yes,yes,yes,yes,yes,yes,yes,yes,yes,greater,,,,,,,
/service-areas/northern-sydney-and-ryde/ryde/tennyson-point,suburb page,yes,https://c0d312.github.io/evaready-electrical/service-areas/northern-sydney-and-ryde/ryde/tennyson-point,Electrician Tennyson Point 2111 | Emergency & Level 2,"Need an electrician in Tennyson Point? Evaready helps with emergency faults, Level 2 ASP work, switchboards, hot water, aircon, CCTV/data and general.",Electrician Tennyson Point 2111,2746,yes,yes,yes,yes,yes,yes,yes,yes,yes,yes,yes,greater,,,,,,,
/service-areas/northern-sydney-and-ryde/ryde/west-ryde,suburb page,yes,https://c0d312.github.io/evaready-electrical/service-areas/northern-sydney-and-ryde/ryde/west-ryde,Electrician West Ryde 2114 | Emergency & Level 2,"Need an electrician in West Ryde? Evaready helps with emergency faults, Level 2 ASP work, switchboards, hot water, aircon, CCTV/data and general.",Electrician West Ryde 2114,2756,yes,yes,yes,yes,yes,yes,yes,yes,yes,yes,yes,greater,,,,,,,
/service-areas/northern-sydney-and-ryde/willoughby,area page,yes,https://c0d312.github.io/evaready-electrical/service-areas/northern-sydney-and-ryde/willoughby,Willoughby Electrician | Northern Sydney & Ryde,"Need an electrician in Willoughby? Evaready helps with urgent faults, Level 2 work, switchboards, consumer mains, defect notices and planned electrical.","Willoughby Electrician - Emergency, Level 2 & Planned Work",909,yes,yes,yes,yes,yes,yes,yes,yes,yes,yes,yes,greater,,,,,,,
/service-areas/northern-sydney-and-ryde/willoughby/artarmon,suburb page,yes,https://c0d312.github.io/evaready-electrical/service-areas/northern-sydney-and-ryde/willoughby/artarmon,Electrician Artarmon 2064 | Emergency & Level 2,"Need electrical help in Artarmon 2064? Emergency faults, Level 2 ASP, switchboards, hot water, aircon, CCTV/data and general electrical work across.",Electrician Artarmon 2064,2637,yes,yes,yes,yes,yes,yes,yes,yes,yes,yes,yes,greater,,,,,,,
/service-areas/northern-sydney-and-ryde/willoughby/castle-cove,suburb page,yes,https://c0d312.github.io/evaready-electrical/service-areas/northern-sydney-and-ryde/willoughby/castle-cove,Electrician Castle Cove 2069 | Emergency & Level 2,"Need electrical help in Castle Cove 2069? Emergency faults, Level 2 ASP, switchboards, hot water, aircon, CCTV/data and general electrical work across.",Electrician Castle Cove 2069,2737,yes,yes,yes,yes,yes,yes,yes,yes,yes,yes,yes,greater,,,,,,,
/service-areas/northern-sydney-and-ryde/willoughby/castlecrag,suburb page,yes,https://c0d312.github.io/evaready-electrical/service-areas/northern-sydney-and-ryde/willoughby/castlecrag,Electrician Castlecrag 2068 | Emergency & Level 2,"Need electrical help in Castlecrag 2068? Emergency faults, Level 2 ASP, switchboards, hot water, aircon, CCTV/data and general electrical work across.",Electrician Castlecrag 2068,2671,yes,yes,yes,yes,yes,yes,yes,yes,yes,yes,yes,greater,,,,,,,
/service-areas/northern-sydney-and-ryde/willoughby/chatswood,suburb page,yes,https://c0d312.github.io/evaready-electrical/service-areas/northern-sydney-and-ryde/willoughby/chatswood,Electrician Chatswood 2067 | Emergency & Level 2,"Need an electrician in Chatswood? Evaready Electrical helps with urgent faults, switchboards, lighting, power, data, CCTV, commercial maintenance.",Electrician Chatswood 2067,2639,yes,yes,yes,yes,yes,yes,yes,yes,yes,yes,yes,greater,,,,,,,
/service-areas/northern-sydney-and-ryde/willoughby/middle-cove,suburb page,yes,https://c0d312.github.io/evaready-electrical/service-areas/northern-sydney-and-ryde/willoughby/middle-cove,Electrician Middle Cove 2068 | Emergency & Level 2,"Need an electrician in Middle Cove? Evaready helps with emergency faults, Level 2 ASP work, switchboards, hot water, aircon, CCTV/data and general.",Electrician Middle Cove 2068,2735,yes,yes,yes,yes,yes,yes,yes,yes,yes,yes,yes,greater,,,,,,,
/service-areas/northern-sydney-and-ryde/willoughby/naremburn,suburb page,yes,https://c0d312.github.io/evaready-electrical/service-areas/northern-sydney-and-ryde/willoughby/naremburn,Electrician Naremburn 2065 | Emergency & Level 2,"Need an electrician in Naremburn? Evaready helps with emergency faults, Level 2 ASP work, switchboards, hot water, aircon, CCTV/data and general.",Electrician Naremburn 2065,2662,yes,yes,yes,yes,yes,yes,yes,yes,yes,yes,yes,greater,,,,,,,
/service-areas/northern-sydney-and-ryde/willoughby/north-willoughby,suburb page,yes,https://c0d312.github.io/evaready-electrical/service-areas/northern-sydney-and-ryde/willoughby/north-willoughby,Electrician North Willoughby 2068 | Emergency & Level 2,"Need electrical help in North Willoughby 2068? Emergency faults, Level 2 ASP, switchboards, hot water, aircon, CCTV/data and general electrical work.",Electrician North Willoughby 2068,2728,yes,yes,yes,yes,yes,yes,yes,yes,yes,yes,yes,greater,,,,,,,
/service-areas/northern-sydney-and-ryde/willoughby/northbridge,suburb page,yes,https://c0d312.github.io/evaready-electrical/service-areas/northern-sydney-and-ryde/willoughby/northbridge,Electrician Northbridge 2063 | Emergency & Level 2,"Need electrical help in Northbridge 2063? Emergency faults, Level 2 ASP, switchboards, hot water, aircon, CCTV/data and general electrical work across.",Electrician Northbridge 2063,2649,yes,yes,yes,yes,yes,yes,yes,yes,yes,yes,yes,greater,,,,,,,
/service-areas/northern-sydney-and-ryde/willoughby/willoughby,suburb page,yes,https://c0d312.github.io/evaready-electrical/service-areas/northern-sydney-and-ryde/willoughby/willoughby,Electrician Willoughby 2068 | Emergency & Level 2,"Evaready helps Willoughby with urgent faults, Level 2 ASP work, switchboards, hot water electrical, aircon, CCTV/data and planned electrical work.",Electrician Willoughby 2068,2650,yes,yes,yes,yes,yes,yes,yes,yes,yes,yes,yes,greater,,,,,,,
/service-areas/northern-sydney-and-ryde/willoughby/willoughby-east,suburb page,yes,https://c0d312.github.io/evaready-electrical/service-areas/northern-sydney-and-ryde/willoughby/willoughby-east,Electrician Willoughby East 2068 | Emergency & Level 2,"Need an electrician in Willoughby East? Evaready helps with emergency faults, Level 2 ASP work, switchboards, hot water, aircon, CCTV/data and general.",Electrician Willoughby East 2068,2731,yes,yes,yes,yes,yes,yes,yes,yes,yes,yes,yes,greater,,,,,,,
/service-areas/parramatta-and-cumberland,region page,yes,https://c0d312.github.io/evaready-electrical/service-areas/parramatta-and-cumberland,Parramatta & Cumberland Electrician | Emergency & Level 2,"Need an electrician in Parramatta & Cumberland? Evaready helps with urgent faults, Level 2 work, switchboards, consumer mains, defect notices and planned.","Parramatta & Cumberland Electrician - Emergency, Level 2 & Planned Work",1017,yes,yes,yes,yes,yes,yes,yes,yes,yes,yes,yes,core,,,,,,,
/service-areas/parramatta-and-cumberland/cumberland,area page,yes,https://c0d312.github.io/evaready-electrical/service-areas/parramatta-and-cumberland/cumberland,Cumberland Electrician | Parramatta & Cumberland,"Need an electrician in Cumberland? Evaready helps with urgent faults, Level 2 work, switchboards, consumer mains, defect notices and planned electrical.","Cumberland Electrician - Emergency, Level 2 & Planned Work",1000,yes,yes,yes,yes,yes,yes,yes,yes,yes,yes,yes,core,,,,,,,
/service-areas/parramatta-and-cumberland/cumberland/auburn,suburb page,yes,https://c0d312.github.io/evaready-electrical/service-areas/parramatta-and-cumberland/cumberland/auburn,Electrician Auburn 2144 | Emergency & Level 2,"Need electrical help in Auburn 2144? Evaready Electrical helps with emergency faults, switchboards, lighting, power, data, CCTV, three-phase and Level.",Electrician Auburn 2144,2808,yes,yes,yes,yes,yes,yes,yes,yes,yes,yes,yes,core,,,,,,,
/service-areas/parramatta-and-cumberland/cumberland/berala,suburb page,yes,https://c0d312.github.io/evaready-electrical/service-areas/parramatta-and-cumberland/cumberland/berala,Electrician Berala 2141 | Emergency & Level 2,"Need electrical help in Berala 2141? Emergency faults, Level 2 ASP, switchboards, hot water, aircon, CCTV/data and general electrical work across.",Electrician Berala 2141,2747,yes,yes,yes,yes,yes,yes,yes,yes,yes,yes,yes,core,,,,,,,
/service-areas/parramatta-and-cumberland/cumberland/girraween,suburb page,yes,https://c0d312.github.io/evaready-electrical/service-areas/parramatta-and-cumberland/cumberland/girraween,Electrician Girraween 2145 | Emergency & Level 2,"Need an electrician in Girraween? Evaready helps with emergency faults, Level 2 ASP work, switchboards, hot water, aircon, CCTV/data and general.",Electrician Girraween 2145,2758,yes,yes,yes,yes,yes,yes,yes,yes,yes,yes,yes,core,,,,,,,
/service-areas/parramatta-and-cumberland/cumberland/greystanes,suburb page,yes,https://c0d312.github.io/evaready-electrical/service-areas/parramatta-and-cumberland/cumberland/greystanes,Electrician Greystanes 2145 | Emergency & Level 2,"Need an electrician in Greystanes? Evaready helps with emergency faults, Level 2 ASP work, switchboards, hot water, aircon, CCTV/data and general.",Electrician Greystanes 2145,2781,yes,yes,yes,yes,yes,yes,yes,yes,yes,yes,yes,core,,,,,,,
/service-areas/parramatta-and-cumberland/cumberland/guildford,suburb page,yes,https://c0d312.github.io/evaready-electrical/service-areas/parramatta-and-cumberland/cumberland/guildford,Electrician Guildford 2161 | Emergency & Level 2,"Evaready helps Guildford with urgent faults, Level 2 ASP work, switchboards, hot water electrical, aircon, CCTV/data and planned electrical work.",Electrician Guildford 2161,2742,yes,yes,yes,yes,yes,yes,yes,yes,yes,yes,yes,core,,,,,,,
/service-areas/parramatta-and-cumberland/cumberland/guildford-west,suburb page,yes,https://c0d312.github.io/evaready-electrical/service-areas/parramatta-and-cumberland/cumberland/guildford-west,Electrician Guildford West 2161 | Emergency & Level 2,"Need an electrician in Guildford West? Evaready helps with emergency faults, Level 2 ASP work, switchboards, hot water, aircon, CCTV/data and general.",Electrician Guildford West 2161,2886,yes,yes,yes,yes,yes,yes,yes,yes,yes,yes,yes,core,,,,,,,
/service-areas/parramatta-and-cumberland/cumberland/holroyd,suburb page,yes,https://c0d312.github.io/evaready-electrical/service-areas/parramatta-and-cumberland/cumberland/holroyd,Electrician Holroyd 2142 | Emergency & Level 2,"Need electrical help in Holroyd 2142? Emergency faults, Level 2 ASP, switchboards, hot water, aircon, CCTV/data and general electrical work across.",Electrician Holroyd 2142,2764,yes,yes,yes,yes,yes,yes,yes,yes,yes,yes,yes,core,,,,,,,
/service-areas/parramatta-and-cumberland/cumberland/lidcombe,suburb page,yes,https://c0d312.github.io/evaready-electrical/service-areas/parramatta-and-cumberland/cumberland/lidcombe,Electrician Lidcombe 2141 | Emergency & Level 2,"Evaready Electrical helps with urgent faults, switchboards, commercial lighting, power, data cabling, CCTV and Level 2 support.",Electrician Lidcombe 2141,2827,yes,yes,yes,yes,yes,yes,yes,yes,yes,yes,yes,core,,,,,,,
/service-areas/parramatta-and-cumberland/cumberland/merrylands,suburb page,yes,https://c0d312.github.io/evaready-electrical/service-areas/parramatta-and-cumberland/cumberland/merrylands,Electrician Merrylands 2160 | Emergency & Level 2,"Evaready helps Merrylands with urgent faults, Level 2 ASP work, switchboards, hot water electrical, aircon, CCTV/data and planned electrical work.",Electrician Merrylands 2160,2836,yes,yes,yes,yes,yes,yes,yes,yes,yes,yes,yes,core,,,,,,,
/service-areas/parramatta-and-cumberland/cumberland/merrylands-west,suburb page,yes,https://c0d312.github.io/evaready-electrical/service-areas/parramatta-and-cumberland/cumberland/merrylands-west,Electrician Merrylands West 2160 | Emergency & Level 2,"Need electrical help in Merrylands West 2160? Emergency faults, Level 2 ASP, switchboards, hot water, aircon, CCTV/data and general electrical work.",Electrician Merrylands West 2160,2898,yes,yes,yes,yes,yes,yes,yes,yes,yes,yes,yes,core,,,,,,,
/service-areas/parramatta-and-cumberland/cumberland/pemulwuy,suburb page,yes,https://c0d312.github.io/evaready-electrical/service-areas/parramatta-and-cumberland/cumberland/pemulwuy,Electrician Pemulwuy 2145 | Emergency & Level 2,"Evaready helps Pemulwuy with urgent faults, Level 2 ASP work, switchboards, hot water electrical, aircon, CCTV/data and planned electrical work.",Electrician Pemulwuy 2145,2802,yes,yes,yes,yes,yes,yes,yes,yes,yes,yes,yes,core,,,,,,,
/service-areas/parramatta-and-cumberland/cumberland/pendle-hill,suburb page,yes,https://c0d312.github.io/evaready-electrical/service-areas/parramatta-and-cumberland/cumberland/pendle-hill,Electrician Pendle Hill 2145 | Emergency & Level 2,"Need electrical help in Pendle Hill 2145? Emergency faults, Level 2 ASP, switchboards, hot water, aircon, CCTV/data and general electrical work across.",Electrician Pendle Hill 2145,2885,yes,yes,yes,yes,yes,yes,yes,yes,yes,yes,yes,core,,,,,,,
/service-areas/parramatta-and-cumberland/cumberland/regents-park,suburb page,yes,https://c0d312.github.io/evaready-electrical/service-areas/parramatta-and-cumberland/cumberland/regents-park,Electrician Regents Park 2143 | Emergency & Level 2,"Need electrical help in Regents Park 2143? Emergency faults, Level 2 ASP, switchboards, hot water, aircon, CCTV/data and general electrical work.",Electrician Regents Park 2143,2865,yes,yes,yes,yes,yes,yes,yes,yes,yes,yes,yes,core,,,,,,,
/service-areas/parramatta-and-cumberland/cumberland/rookwood,suburb page,yes,https://c0d312.github.io/evaready-electrical/service-areas/parramatta-and-cumberland/cumberland/rookwood,Electrician Rookwood 2141 | Emergency & Level 2,"Evaready helps Rookwood with urgent faults, Level 2 ASP work, switchboards, hot water electrical, aircon, CCTV/data and planned electrical work.",Electrician Rookwood 2141,2797,yes,yes,yes,yes,yes,yes,yes,yes,yes,yes,yes,core,,,,,,,
/service-areas/parramatta-and-cumberland/cumberland/south-granville,suburb page,yes,https://c0d312.github.io/evaready-electrical/service-areas/parramatta-and-cumberland/cumberland/south-granville,Electrician South Granville 2142 | Emergency & Level 2,"Need an electrician in South Granville? Evaready helps with emergency faults, Level 2 ASP work, switchboards, hot water, aircon, CCTV/data and general.",Electrician South Granville 2142,2886,yes,yes,yes,yes,yes,yes,yes,yes,yes,yes,yes,core,,,,,,,
/service-areas/parramatta-and-cumberland/cumberland/south-wentworthville,suburb page,yes,https://c0d312.github.io/evaready-electrical/service-areas/parramatta-and-cumberland/cumberland/south-wentworthville,Electrician South Wentworthville 2145 | Emergency & Level 2,"Need an electrician in South Wentworthville? Evaready helps with emergency faults, Level 2 ASP work, switchboards, hot water, aircon, CCTV/data.",Electrician South Wentworthville 2145,2871,yes,yes,yes,yes,yes,yes,yes,yes,yes,yes,yes,core,,,,,,,
/service-areas/parramatta-and-cumberland/cumberland/wentworthville,suburb page,yes,https://c0d312.github.io/evaready-electrical/service-areas/parramatta-and-cumberland/cumberland/wentworthville,Electrician Wentworthville 2145 | Emergency & Level 2,"Need electrical help in Wentworthville 2145? Emergency faults, Level 2 ASP, switchboards, hot water, aircon, CCTV/data and general electrical work.",Electrician Wentworthville 2145,2806,yes,yes,yes,yes,yes,yes,yes,yes,yes,yes,yes,core,,,,,,,
/service-areas/parramatta-and-cumberland/cumberland/westmead,suburb page,yes,https://c0d312.github.io/evaready-electrical/service-areas/parramatta-and-cumberland/cumberland/westmead,Electrician Westmead 2145 | Emergency & Level 2,"Need an electrician in Westmead? Evaready helps with emergency faults, Level 2 ASP work, switchboards, hot water, aircon, CCTV/data and general.",Electrician Westmead 2145,2827,yes,yes,yes,yes,yes,yes,yes,yes,yes,yes,yes,core,,,,,,,
/service-areas/parramatta-and-cumberland/cumberland/woodpark,suburb page,yes,https://c0d312.github.io/evaready-electrical/service-areas/parramatta-and-cumberland/cumberland/woodpark,Electrician Woodpark 2164 | Emergency & Level 2,"Need an electrician in Woodpark? Evaready helps with emergency faults, Level 2 ASP work, switchboards, hot water, aircon, CCTV/data and general.",Electrician Woodpark 2164,2759,yes,yes,yes,yes,yes,yes,yes,yes,yes,yes,yes,core,,,,,,,
/service-areas/parramatta-and-cumberland/parramatta,area page,yes,https://c0d312.github.io/evaready-electrical/service-areas/parramatta-and-cumberland/parramatta,Parramatta Electrician | Parramatta & Cumberland,"Need an electrician in Parramatta? Evaready helps with urgent faults, Level 2 work, switchboards, consumer mains, defect notices and planned electrical.","Parramatta Electrician - Emergency, Level 2 & Planned Work",1045,yes,yes,yes,yes,yes,yes,yes,yes,yes,yes,yes,core,,,,,,,
/service-areas/parramatta-and-cumberland/parramatta/carlingford,suburb page,yes,https://c0d312.github.io/evaready-electrical/service-areas/parramatta-and-cumberland/parramatta/carlingford,Electrician Carlingford 2118 | Emergency & Level 2,"Need an electrician in Carlingford? Evaready helps with emergency faults, Level 2 ASP work, switchboards, hot water, aircon, CCTV/data and general.",Electrician Carlingford 2118,2815,yes,yes,yes,yes,yes,yes,yes,yes,yes,yes,yes,core,,,,,,,
/service-areas/parramatta-and-cumberland/parramatta/clyde,suburb page,yes,https://c0d312.github.io/evaready-electrical/service-areas/parramatta-and-cumberland/parramatta/clyde,Electrician Clyde 2142 | Emergency & Level 2,"Evaready helps Clyde with urgent faults, Level 2 ASP work, switchboards, hot water electrical, aircon, CCTV/data and planned electrical work.",Electrician Clyde 2142,2803,yes,yes,yes,yes,yes,yes,yes,yes,yes,yes,yes,core,,,,,,,
/service-areas/parramatta-and-cumberland/parramatta/constitution-hill,suburb page,yes,https://c0d312.github.io/evaready-electrical/service-areas/parramatta-and-cumberland/parramatta/constitution-hill,Electrician Constitution Hill 2145 | Emergency & Level 2,"Need an electrician in Constitution Hill? Evaready helps with emergency faults, Level 2 ASP work, switchboards, hot water, aircon, CCTV/data.",Electrician Constitution Hill 2145,2876,yes,yes,yes,yes,yes,yes,yes,yes,yes,yes,yes,core,,,,,,,
/service-areas/parramatta-and-cumberland/parramatta/dundas,suburb page,yes,https://c0d312.github.io/evaready-electrical/service-areas/parramatta-and-cumberland/parramatta/dundas,Electrician Dundas 2117 | Emergency & Level 2,"Evaready helps Dundas with urgent faults, Level 2 ASP work, switchboards, hot water electrical, aircon, CCTV/data and planned electrical work.",Electrician Dundas 2117,2779,yes,yes,yes,yes,yes,yes,yes,yes,yes,yes,yes,core,,,,,,,
/service-areas/parramatta-and-cumberland/parramatta/dundas-valley,suburb page,yes,https://c0d312.github.io/evaready-electrical/service-areas/parramatta-and-cumberland/parramatta/dundas-valley,Electrician Dundas Valley 2117 | Emergency & Level 2,"Evaready helps Dundas Valley with urgent faults, Level 2 ASP work, switchboards, hot water electrical, aircon, CCTV/data and planned electrical work.",Electrician Dundas Valley 2117,2834,yes,yes,yes,yes,yes,yes,yes,yes,yes,yes,yes,core,,,,,,,
/service-areas/parramatta-and-cumberland/parramatta/eastwood,suburb page,yes,https://c0d312.github.io/evaready-electrical/service-areas/parramatta-and-cumberland/parramatta/eastwood,Electrician Eastwood 2122 | Emergency & Level 2,"Need electrical help in Eastwood 2122? Emergency faults, Level 2 ASP, switchboards, hot water, aircon, CCTV/data and general electrical work across.",Electrician Eastwood 2122,2766,yes,yes,yes,yes,yes,yes,yes,yes,yes,yes,yes,core,,,,,,,
/service-areas/parramatta-and-cumberland/parramatta/epping,suburb page,yes,https://c0d312.github.io/evaready-electrical/service-areas/parramatta-and-cumberland/parramatta/epping,Electrician Epping 2121 | Emergency & Level 2,"Need an electrician in Epping? Evaready helps with emergency faults, Level 2 ASP work, switchboards, hot water, aircon, CCTV/data and general.",Electrician Epping 2121,2864,yes,yes,yes,yes,yes,yes,yes,yes,yes,yes,yes,core,,,,,,,
/service-areas/parramatta-and-cumberland/parramatta/ermington,suburb page,yes,https://c0d312.github.io/evaready-electrical/service-areas/parramatta-and-cumberland/parramatta/ermington,Electrician Ermington 2115 | Emergency & Level 2,"Evaready helps Ermington with urgent faults, Level 2 ASP work, switchboards, hot water electrical, aircon, CCTV/data and planned electrical work.",Electrician Ermington 2115,2785,yes,yes,yes,yes,yes,yes,yes,yes,yes,yes,yes,core,,,,,,,
/service-areas/parramatta-and-cumberland/parramatta/granville,suburb page,yes,https://c0d312.github.io/evaready-electrical/service-areas/parramatta-and-cumberland/parramatta/granville,Electrician Granville 2142 | Emergency & Level 2,"Need electrical help in Granville 2142? Evaready Electrical helps with fault finding, switchboards, lighting, power, data cabling, CCTV, hot water.",Electrician Granville 2142,2869,yes,yes,yes,yes,yes,yes,yes,yes,yes,yes,yes,core,,,,,,,
/service-areas/parramatta-and-cumberland/parramatta/harris-park,suburb page,yes,https://c0d312.github.io/evaready-electrical/service-areas/parramatta-and-cumberland/parramatta/harris-park,Electrician Harris Park 2150 | Emergency & Level 2,"Evaready helps Harris Park with urgent faults, Level 2 ASP work, switchboards, hot water electrical, aircon, CCTV/data and planned electrical work.",Electrician Harris Park 2150,2887,yes,yes,yes,yes,yes,yes,yes,yes,yes,yes,yes,core,,,,,,,
/service-areas/parramatta-and-cumberland/parramatta/mays-hill,suburb page,yes,https://c0d312.github.io/evaready-electrical/service-areas/parramatta-and-cumberland/parramatta/mays-hill,Electrician Mays Hill 2145 | Emergency & Level 2,"Need an electrician in Mays Hill? Evaready helps with emergency faults, Level 2 ASP work, switchboards, hot water, aircon, CCTV/data and general.",Electrician Mays Hill 2145,2849,yes,yes,yes,yes,yes,yes,yes,yes,yes,yes,yes,core,,,,,,,
/service-areas/parramatta-and-cumberland/parramatta/melrose-park,suburb page,yes,https://c0d312.github.io/evaready-electrical/service-areas/parramatta-and-cumberland/parramatta/melrose-park,Electrician Melrose Park 2114 | Emergency & Level 2,"Need electrical help in Melrose Park 2114? Emergency faults, Level 2 ASP, switchboards, hot water, aircon, CCTV/data and general electrical work.",Electrician Melrose Park 2114,2871,yes,yes,yes,yes,yes,yes,yes,yes,yes,yes,yes,core,,,,,,,
/service-areas/parramatta-and-cumberland/parramatta/newington,suburb page,yes,https://c0d312.github.io/evaready-electrical/service-areas/parramatta-and-cumberland/parramatta/newington,Electrician Newington 2127 | Emergency & Level 2,"Evaready helps Newington with urgent faults, Level 2 ASP work, switchboards, hot water electrical, aircon, CCTV/data and planned electrical work.",Electrician Newington 2127,2833,yes,yes,yes,yes,yes,yes,yes,yes,yes,yes,yes,core,,,,,,,
/service-areas/parramatta-and-cumberland/parramatta/north-parramatta,suburb page,yes,https://c0d312.github.io/evaready-electrical/service-areas/parramatta-and-cumberland/parramatta/north-parramatta,Electrician North Parramatta 2151 | Emergency & Level 2,"Evaready helps North Parramatta with urgent faults, Level 2 ASP work, switchboards, hot water electrical, aircon, CCTV/data and planned electrical work.",Electrician North Parramatta 2151,2964,yes,yes,yes,yes,yes,yes,yes,yes,yes,yes,yes,core,,,,,,,
/service-areas/parramatta-and-cumberland/parramatta/north-rocks,suburb page,yes,https://c0d312.github.io/evaready-electrical/service-areas/parramatta-and-cumberland/parramatta/north-rocks,Electrician North Rocks 2151 | Emergency & Level 2,"Evaready helps North Rocks with urgent faults, Level 2 ASP work, switchboards, hot water electrical, aircon, CCTV/data and planned electrical work.",Electrician North Rocks 2151,2934,yes,yes,yes,yes,yes,yes,yes,yes,yes,yes,yes,core,,,,,,,
/service-areas/parramatta-and-cumberland/parramatta/northmead,suburb page,yes,https://c0d312.github.io/evaready-electrical/service-areas/parramatta-and-cumberland/parramatta/northmead,Electrician Northmead 2152 | Emergency & Level 2,"Evaready helps Northmead with urgent faults, Level 2 ASP work, switchboards, hot water electrical, aircon, CCTV/data and planned electrical work.",Electrician Northmead 2152,2825,yes,yes,yes,yes,yes,yes,yes,yes,yes,yes,yes,core,,,,,,,
/service-areas/parramatta-and-cumberland/parramatta/oatlands,suburb page,yes,https://c0d312.github.io/evaready-electrical/service-areas/parramatta-and-cumberland/parramatta/oatlands,Electrician Oatlands 2117 | Emergency & Level 2,"Need an electrician in Oatlands? Evaready helps with emergency faults, Level 2 ASP work, switchboards, hot water, aircon, CCTV/data and general.",Electrician Oatlands 2117,2857,yes,yes,yes,yes,yes,yes,yes,yes,yes,yes,yes,core,,,,,,,
/service-areas/parramatta-and-cumberland/parramatta/old-toongabbie,suburb page,yes,https://c0d312.github.io/evaready-electrical/service-areas/parramatta-and-cumberland/parramatta/old-toongabbie,Electrician Old Toongabbie 2146 | Emergency & Level 2,"Evaready helps Old Toongabbie with urgent faults, Level 2 ASP work, switchboards, hot water electrical, aircon, CCTV/data and planned electrical work.",Electrician Old Toongabbie 2146,2880,yes,yes,yes,yes,yes,yes,yes,yes,yes,yes,yes,core,,,,,,,
/service-areas/parramatta-and-cumberland/parramatta/parramatta,suburb page,yes,https://c0d312.github.io/evaready-electrical/service-areas/parramatta-and-cumberland/parramatta/parramatta,Electrician Parramatta 2150 | Emergency & Level 2,"Need electrical help in Parramatta 2150? Evaready Electrical helps with emergency fault finding, commercial electrical maintenance, switchboards.",Electrician Parramatta 2150,2780,yes,yes,yes,yes,yes,yes,yes,yes,yes,yes,yes,core,,,,,,,
/service-areas/parramatta-and-cumberland/parramatta/rosehill,suburb page,yes,https://c0d312.github.io/evaready-electrical/service-areas/parramatta-and-cumberland/parramatta/rosehill,Electrician Rosehill 2142 | Emergency & Level 2,"Evaready helps Rosehill with urgent faults, Level 2 ASP work, switchboards, hot water electrical, aircon, CCTV/data and planned electrical work.",Electrician Rosehill 2142,2786,yes,yes,yes,yes,yes,yes,yes,yes,yes,yes,yes,core,,,,,,,
/service-areas/parramatta-and-cumberland/parramatta/rydalmere,suburb page,yes,https://c0d312.github.io/evaready-electrical/service-areas/parramatta-and-cumberland/parramatta/rydalmere,Electrician Rydalmere 2116 | Emergency & Level 2,"Evaready helps Rydalmere with urgent faults, Level 2 ASP work, switchboards, hot water electrical, aircon, CCTV/data and planned electrical work.",Electrician Rydalmere 2116,2782,yes,yes,yes,yes,yes,yes,yes,yes,yes,yes,yes,core,,,,,,,
/service-areas/parramatta-and-cumberland/parramatta/silverwater,suburb page,yes,https://c0d312.github.io/evaready-electrical/service-areas/parramatta-and-cumberland/parramatta/silverwater,Electrician Silverwater 2128 | Emergency & Level 2,"Evaready helps Silverwater with urgent faults, Level 2 ASP work, switchboards, hot water electrical, aircon, CCTV/data and planned electrical work.",Electrician Silverwater 2128,2744,yes,yes,yes,yes,yes,yes,yes,yes,yes,yes,yes,core,,,,,,,
/service-areas/parramatta-and-cumberland/parramatta/sydney-olympic-park,suburb page,yes,https://c0d312.github.io/evaready-electrical/service-areas/parramatta-and-cumberland/parramatta/sydney-olympic-park,Electrician Sydney Olympic Park 2127 | Emergency & Level 2,"Evaready helps Sydney Olympic Park with urgent faults, Level 2 ASP work, switchboards, hot water electrical, aircon, CCTV/data and planned electrical work.",Electrician Sydney Olympic Park 2127,2982,yes,yes,yes,yes,yes,yes,yes,yes,yes,yes,yes,core,,,,,,,
/service-areas/parramatta-and-cumberland/parramatta/telopea,suburb page,yes,https://c0d312.github.io/evaready-electrical/service-areas/parramatta-and-cumberland/parramatta/telopea,Electrician Telopea 2117 | Emergency & Level 2,"Need electrical help in Telopea 2117? Emergency faults, Level 2 ASP, switchboards, hot water, aircon, CCTV/data and general electrical work across.",Electrician Telopea 2117,2771,yes,yes,yes,yes,yes,yes,yes,yes,yes,yes,yes,core,,,,,,,
/service-areas/parramatta-and-cumberland/parramatta/wentworth-point,suburb page,yes,https://c0d312.github.io/evaready-electrical/service-areas/parramatta-and-cumberland/parramatta/wentworth-point,Electrician Wentworth Point 2127 | Emergency & Level 2,"Need an electrician in Wentworth Point? Evaready helps with emergency faults, Level 2 ASP work, switchboards, hot water, aircon, CCTV/data and general.",Electrician Wentworth Point 2127,2908,yes,yes,yes,yes,yes,yes,yes,yes,yes,yes,yes,core,,,,,,,
/service-areas/southern-highlands,region page,yes,https://c0d312.github.io/evaready-electrical/service-areas/southern-highlands,Southern Highlands Electrician | Emergency & Level 2,"Need an electrician in Southern Highlands? Evaready helps with urgent faults, Level 2 work, switchboards, consumer mains, defect notices and planned.","Southern Highlands Electrician - Emergency, Level 2 & Planned Work",1034,yes,yes,yes,yes,yes,yes,yes,yes,yes,yes,yes,greater,,,,,,,
/service-areas/southern-highlands/wingecarribee,area page,yes,https://c0d312.github.io/evaready-electrical/service-areas/southern-highlands/wingecarribee,Wingecarribee Electrician | Southern Highlands,"Need an electrician in Wingecarribee? Evaready helps with urgent faults, Level 2 work, switchboards, consumer mains, defect notices and planned electrical.","Wingecarribee Electrician - Emergency, Level 2 & Planned Work",1072,yes,yes,yes,yes,yes,yes,yes,yes,yes,yes,yes,greater,,,,,,,
/service-areas/southern-highlands/wingecarribee/alpine,suburb page,yes,https://c0d312.github.io/evaready-electrical/service-areas/southern-highlands/wingecarribee/alpine,Electrician Alpine 2575 | Emergency & Level 2,"Need electrical help in Alpine 2575? Emergency faults, Level 2 ASP, switchboards, hot water, aircon, CCTV/data and general electrical work across.",Electrician Alpine 2575,2893,yes,yes,yes,yes,yes,yes,yes,yes,yes,yes,yes,greater,,,,,,,
/service-areas/southern-highlands/wingecarribee/avoca,suburb page,yes,https://c0d312.github.io/evaready-electrical/service-areas/southern-highlands/wingecarribee/avoca,Electrician Avoca 2577 | Emergency & Level 2,"Need an electrician in Avoca? Evaready helps with emergency faults, Level 2 ASP work, switchboards, hot water, aircon, CCTV/data and general.",Electrician Avoca 2577,2833,yes,yes,yes,yes,yes,yes,yes,yes,yes,yes,yes,greater,,,,,,,
/service-areas/southern-highlands/wingecarribee/aylmerton,suburb page,yes,https://c0d312.github.io/evaready-electrical/service-areas/southern-highlands/wingecarribee/aylmerton,Electrician Aylmerton 2575 | Emergency & Level 2,"Need electrical help in Aylmerton 2575? Emergency faults, Level 2 ASP, switchboards, hot water, aircon, CCTV/data and general electrical work across.",Electrician Aylmerton 2575,2783,yes,yes,yes,yes,yes,yes,yes,yes,yes,yes,yes,greater,,,,,,,
/service-areas/southern-highlands/wingecarribee/balaclava,suburb page,yes,https://c0d312.github.io/evaready-electrical/service-areas/southern-highlands/wingecarribee/balaclava,Electrician Balaclava 2575 | Emergency & Level 2,"Need an electrician in Balaclava? Evaready helps with emergency faults, Level 2 ASP work, switchboards, hot water, aircon, CCTV/data and general.",Electrician Balaclava 2575,2893,yes,yes,yes,yes,yes,yes,yes,yes,yes,yes,yes,greater,,,,,,,
/service-areas/southern-highlands/wingecarribee/balmoral,suburb page,yes,https://c0d312.github.io/evaready-electrical/service-areas/southern-highlands/wingecarribee/balmoral,Electrician Balmoral 2571 | Emergency & Level 2,"Need an electrician in Balmoral? Evaready helps with emergency faults, Level 2 ASP work, switchboards, hot water, aircon, CCTV/data and general.",Electrician Balmoral 2571,2807,yes,yes,yes,yes,yes,yes,yes,yes,yes,yes,yes,greater,,,,,,,
/service-areas/southern-highlands/wingecarribee/bargo,suburb page,yes,https://c0d312.github.io/evaready-electrical/service-areas/southern-highlands/wingecarribee/bargo,Electrician Bargo 2574 | Emergency & Level 2,"Need an electrician in Bargo? Evaready helps with emergency faults, Level 2 ASP work, switchboards, hot water, aircon, CCTV/data and general.",Electrician Bargo 2574,2829,yes,yes,yes,yes,yes,yes,yes,yes,yes,yes,yes,greater,,,,,,,
/service-areas/southern-highlands/wingecarribee/berrima,suburb page,yes,https://c0d312.github.io/evaready-electrical/service-areas/southern-highlands/wingecarribee/berrima,Electrician Berrima 2577 | Emergency & Level 2,"Need an electrician in Berrima? Evaready helps with emergency faults, Level 2 ASP work, switchboards, hot water, aircon, CCTV/data and general.",Electrician Berrima 2577,2798,yes,yes,yes,yes,yes,yes,yes,yes,yes,yes,yes,greater,,,,,,,
/service-areas/southern-highlands/wingecarribee/bowral,suburb page,yes,https://c0d312.github.io/evaready-electrical/service-areas/southern-highlands/wingecarribee/bowral,Electrician Bowral 2576 | Emergency & Level 2,"Evaready helps Bowral with urgent faults, Level 2 ASP work, switchboards, hot water electrical, aircon, CCTV/data and planned electrical work.",Electrician Bowral 2576,2905,yes,yes,yes,yes,yes,yes,yes,yes,yes,yes,yes,greater,,,,,,,
/service-areas/southern-highlands/wingecarribee/braemar,suburb page,yes,https://c0d312.github.io/evaready-electrical/service-areas/southern-highlands/wingecarribee/braemar,Electrician Braemar 2575 | Emergency & Level 2,"Need electrical help in Braemar 2575? Emergency faults, Level 2 ASP, switchboards, hot water, aircon, CCTV/data and general electrical work across.",Electrician Braemar 2575,2824,yes,yes,yes,yes,yes,yes,yes,yes,yes,yes,yes,greater,,,,,,,
/service-areas/southern-highlands/wingecarribee/burradoo,suburb page,yes,https://c0d312.github.io/evaready-electrical/service-areas/southern-highlands/wingecarribee/burradoo,Electrician Burradoo 2576 | Emergency & Level 2,"Evaready helps Burradoo with urgent faults, Level 2 ASP work, switchboards, hot water electrical, aircon, CCTV/data and planned electrical work.",Electrician Burradoo 2576,2831,yes,yes,yes,yes,yes,yes,yes,yes,yes,yes,yes,greater,,,,,,,
/service-areas/southern-highlands/wingecarribee/burrawang,suburb page,yes,https://c0d312.github.io/evaready-electrical/service-areas/southern-highlands/wingecarribee/burrawang,Electrician Burrawang 2577 | Emergency & Level 2,"Need electrical help in Burrawang 2577? Emergency faults, Level 2 ASP, switchboards, hot water, aircon, CCTV/data and general electrical work across.",Electrician Burrawang 2577,2913,yes,yes,yes,yes,yes,yes,yes,yes,yes,yes,yes,greater,,,,,,,
/service-areas/southern-highlands/wingecarribee/buxton,suburb page,yes,https://c0d312.github.io/evaready-electrical/service-areas/southern-highlands/wingecarribee/buxton,Electrician Buxton 2571 | Emergency & Level 2,"Evaready helps Buxton with urgent faults, Level 2 ASP work, switchboards, hot water electrical, aircon, CCTV/data and planned electrical work.",Electrician Buxton 2571,2827,yes,yes,yes,yes,yes,yes,yes,yes,yes,yes,yes,greater,,,,,,,
/service-areas/southern-highlands/wingecarribee/colo-vale,suburb page,yes,https://c0d312.github.io/evaready-electrical/service-areas/southern-highlands/wingecarribee/colo-vale,Electrician Colo Vale 2575 | Emergency & Level 2,"Need electrical help in Colo Vale 2575? Emergency faults, Level 2 ASP, switchboards, hot water, aircon, CCTV/data and general electrical work across.",Electrician Colo Vale 2575,2929,yes,yes,yes,yes,yes,yes,yes,yes,yes,yes,yes,greater,,,,,,,
/service-areas/southern-highlands/wingecarribee/east-kangaloon,suburb page,yes,https://c0d312.github.io/evaready-electrical/service-areas/southern-highlands/wingecarribee/east-kangaloon,Electrician East Kangaloon 2576 | Emergency & Level 2,"Need an electrician in East Kangaloon? Evaready helps with emergency faults, Level 2 ASP work, switchboards, hot water, aircon, CCTV/data and general.",Electrician East Kangaloon 2576,2942,yes,yes,yes,yes,yes,yes,yes,yes,yes,yes,yes,greater,,,,,,,
/service-areas/southern-highlands/wingecarribee/exeter,suburb page,yes,https://c0d312.github.io/evaready-electrical/service-areas/southern-highlands/wingecarribee/exeter,Electrician Exeter 2579 | Emergency & Level 2,"Evaready helps Exeter with urgent faults, Level 2 ASP work, switchboards, hot water electrical, aircon, CCTV/data and planned electrical work.",Electrician Exeter 2579,2879,yes,yes,yes,yes,yes,yes,yes,yes,yes,yes,yes,greater,,,,,,,
/service-areas/southern-highlands/wingecarribee/glenquarry,suburb page,yes,https://c0d312.github.io/evaready-electrical/service-areas/southern-highlands/wingecarribee/glenquarry,Electrician Glenquarry 2576 | Emergency & Level 2,"Need electrical help in Glenquarry 2576? Emergency faults, Level 2 ASP, switchboards, hot water, aircon, CCTV/data and general electrical work across.",Electrician Glenquarry 2576,2802,yes,yes,yes,yes,yes,yes,yes,yes,yes,yes,yes,greater,,,,,,,
/service-areas/southern-highlands/wingecarribee/hill-top,suburb page,yes,https://c0d312.github.io/evaready-electrical/service-areas/southern-highlands/wingecarribee/hill-top,Electrician Hill Top 2575 | Emergency & Level 2,"Evaready helps Hill Top with urgent faults, Level 2 ASP work, switchboards, hot water electrical, aircon, CCTV/data and planned electrical work.",Electrician Hill Top 2575,2936,yes,yes,yes,yes,yes,yes,yes,yes,yes,yes,yes,greater,,,,,,,
/service-areas/southern-highlands/wingecarribee/kangaloon,suburb page,yes,https://c0d312.github.io/evaready-electrical/service-areas/southern-highlands/wingecarribee/kangaloon,Electrician Kangaloon 2576 | Emergency & Level 2,"Need electrical help in Kangaloon 2576? Emergency faults, Level 2 ASP, switchboards, hot water, aircon, CCTV/data and general electrical work across.",Electrician Kangaloon 2576,2860,yes,yes,yes,yes,yes,yes,yes,yes,yes,yes,yes,greater,,,,,,,
/service-areas/southern-highlands/wingecarribee/medway,suburb page,yes,https://c0d312.github.io/evaready-electrical/service-areas/southern-highlands/wingecarribee/medway,Electrician Medway 2577 | Emergency & Level 2,"Need an electrician in Medway? Evaready helps with emergency faults, Level 2 ASP work, switchboards, hot water, aircon, CCTV/data and general.",Electrician Medway 2577,2835,yes,yes,yes,yes,yes,yes,yes,yes,yes,yes,yes,greater,,,,,,,
/service-areas/southern-highlands/wingecarribee/mittagong,suburb page,yes,https://c0d312.github.io/evaready-electrical/service-areas/southern-highlands/wingecarribee/mittagong,Electrician Mittagong 2575 | Emergency & Level 2,"Need electrical help in Mittagong 2575? Emergency faults, Level 2 ASP, switchboards, hot water, aircon, CCTV/data and general electrical work across.",Electrician Mittagong 2575,2905,yes,yes,yes,yes,yes,yes,yes,yes,yes,yes,yes,greater,,,,,,,
/service-areas/southern-highlands/wingecarribee/moss-vale,suburb page,yes,https://c0d312.github.io/evaready-electrical/service-areas/southern-highlands/wingecarribee/moss-vale,Electrician Moss Vale 2577 | Emergency & Level 2,"Evaready helps Moss Vale with urgent faults, Level 2 ASP work, switchboards, hot water electrical, aircon, CCTV/data and planned electrical work.",Electrician Moss Vale 2577,2967,yes,yes,yes,yes,yes,yes,yes,yes,yes,yes,yes,greater,,,,,,,
/service-areas/southern-highlands/wingecarribee/new-berrima,suburb page,yes,https://c0d312.github.io/evaready-electrical/service-areas/southern-highlands/wingecarribee/new-berrima,Electrician New Berrima 2577 | Emergency & Level 2,"Evaready helps New Berrima with urgent faults, Level 2 ASP work, switchboards, hot water electrical, aircon, CCTV/data and planned electrical work.",Electrician New Berrima 2577,2930,yes,yes,yes,yes,yes,yes,yes,yes,yes,yes,yes,greater,,,,,,,
/service-areas/southern-highlands/wingecarribee/renwick,suburb page,yes,https://c0d312.github.io/evaready-electrical/service-areas/southern-highlands/wingecarribee/renwick,Electrician Renwick 2575 | Emergency & Level 2,"Need electrical help in Renwick 2575? Emergency faults, Level 2 ASP, switchboards, hot water, aircon, CCTV/data and general electrical work across.",Electrician Renwick 2575,2857,yes,yes,yes,yes,yes,yes,yes,yes,yes,yes,yes,greater,,,,,,,
/service-areas/southern-highlands/wingecarribee/sutton-forest,suburb page,yes,https://c0d312.github.io/evaready-electrical/service-areas/southern-highlands/wingecarribee/sutton-forest,Electrician Sutton Forest 2577 | Emergency & Level 2,"Need electrical help in Sutton Forest 2577? Emergency faults, Level 2 ASP, switchboards, hot water, aircon, CCTV/data and general electrical work.",Electrician Sutton Forest 2577,2973,yes,yes,yes,yes,yes,yes,yes,yes,yes,yes,yes,greater,,,,,,,
/service-areas/southern-highlands/wingecarribee/welby,suburb page,yes,https://c0d312.github.io/evaready-electrical/service-areas/southern-highlands/wingecarribee/welby,Electrician Welby 2575 | Emergency & Level 2,"Evaready helps Welby with urgent faults, Level 2 ASP work, switchboards, hot water electrical, aircon, CCTV/data and planned electrical work.",Electrician Welby 2575,2888,yes,yes,yes,yes,yes,yes,yes,yes,yes,yes,yes,greater,,,,,,,
/service-areas/southern-highlands/wingecarribee/willow-vale,suburb page,yes,https://c0d312.github.io/evaready-electrical/service-areas/southern-highlands/wingecarribee/willow-vale,Electrician Willow Vale 2575 | Emergency & Level 2,"Need an electrician in Willow Vale? Evaready helps with emergency faults, Level 2 ASP work, switchboards, hot water, aircon, CCTV/data and general.",Electrician Willow Vale 2575,2911,yes,yes,yes,yes,yes,yes,yes,yes,yes,yes,yes,greater,,,,,,,
/service-areas/southern-highlands/wingecarribee/woodlands,suburb page,yes,https://c0d312.github.io/evaready-electrical/service-areas/southern-highlands/wingecarribee/woodlands,Electrician Woodlands 2575 | Emergency & Level 2,"Evaready helps Woodlands with urgent faults, Level 2 ASP work, switchboards, hot water electrical, aircon, CCTV/data and planned electrical work.",Electrician Woodlands 2575,2835,yes,yes,yes,yes,yes,yes,yes,yes,yes,yes,yes,greater,,,,,,,
/service-areas/southern-highlands/wingecarribee/yerrinbool,suburb page,yes,https://c0d312.github.io/evaready-electrical/service-areas/southern-highlands/wingecarribee/yerrinbool,Electrician Yerrinbool 2575 | Emergency & Level 2,"Need an electrician in Yerrinbool? Evaready helps with emergency faults, Level 2 ASP work, switchboards, hot water, aircon, CCTV/data and general.",Electrician Yerrinbool 2575,2905,yes,yes,yes,yes,yes,yes,yes,yes,yes,yes,yes,greater,,,,,,,
/service-areas/st-george-and-bayside,region page,yes,https://c0d312.github.io/evaready-electrical/service-areas/st-george-and-bayside,St George & Bayside Electrician | Emergency & Level 2,"Need an electrician in St George & Bayside? Evaready helps with urgent faults, Level 2 work, switchboards, consumer mains, defect notices and planned.","St George & Bayside Electrician - Emergency, Level 2 & Planned Work",1040,yes,yes,yes,yes,yes,yes,yes,yes,yes,yes,yes,core,,,,,,,
/service-areas/st-george-and-bayside/bayside-and-airport,area page,yes,https://c0d312.github.io/evaready-electrical/service-areas/st-george-and-bayside/bayside-and-airport,Bayside & Airport Electrician | St George & Bayside,"Need an electrician in Bayside & Airport? Evaready helps with urgent faults, Level 2 work, switchboards, consumer mains, defect notices and planned.","Bayside & Airport Electrician - Emergency, Level 2 & Planned Work",970,yes,yes,yes,yes,yes,yes,yes,yes,yes,yes,yes,core,,,,,,,
/service-areas/st-george-and-bayside/bayside-and-airport/banksmeadow,suburb page,yes,https://c0d312.github.io/evaready-electrical/service-areas/st-george-and-bayside/bayside-and-airport/banksmeadow,Electrician Banksmeadow 2019 | Emergency & Level 2,"Evaready helps Banksmeadow with urgent faults, Level 2 ASP work, switchboards, hot water electrical, aircon, CCTV/data and planned electrical work.",Electrician Banksmeadow 2019,2727,yes,yes,yes,yes,yes,yes,yes,yes,yes,yes,yes,core,,,,,,,
/service-areas/st-george-and-bayside/bayside-and-airport/botany,suburb page,yes,https://c0d312.github.io/evaready-electrical/service-areas/st-george-and-bayside/bayside-and-airport/botany,Electrician Botany 2019 | Emergency & Level 2,"Need electrical help in Botany 2019? Emergency faults, Level 2 ASP, switchboards, hot water, aircon, CCTV/data and general electrical work across.",Electrician Botany 2019,2721,yes,yes,yes,yes,yes,yes,yes,yes,yes,yes,yes,core,,,,,,,
/service-areas/st-george-and-bayside/bayside-and-airport/daceyville,suburb page,yes,https://c0d312.github.io/evaready-electrical/service-areas/st-george-and-bayside/bayside-and-airport/daceyville,Electrician Daceyville 2032 | Emergency & Level 2,"Evaready helps Daceyville with urgent faults, Level 2 ASP work, switchboards, hot water electrical, aircon, CCTV/data and planned electrical work.",Electrician Daceyville 2032,2715,yes,yes,yes,yes,yes,yes,yes,yes,yes,yes,yes,core,,,,,,,
/service-areas/st-george-and-bayside/bayside-and-airport/eastgardens,suburb page,yes,https://c0d312.github.io/evaready-electrical/service-areas/st-george-and-bayside/bayside-and-airport/eastgardens,Electrician Eastgardens 2036 | Emergency & Level 2,"Evaready helps Eastgardens with urgent faults, Level 2 ASP work, switchboards, hot water electrical, aircon, CCTV/data and planned electrical work.",Electrician Eastgardens 2036,2771,yes,yes,yes,yes,yes,yes,yes,yes,yes,yes,yes,core,,,,,,,
/service-areas/st-george-and-bayside/bayside-and-airport/eastlakes,suburb page,yes,https://c0d312.github.io/evaready-electrical/service-areas/st-george-and-bayside/bayside-and-airport/eastlakes,Electrician Eastlakes 2018 | Emergency & Level 2,"Evaready helps Eastlakes with urgent faults, Level 2 ASP work, switchboards, hot water electrical, aircon, CCTV/data and planned electrical work.",Electrician Eastlakes 2018,2757,yes,yes,yes,yes,yes,yes,yes,yes,yes,yes,yes,core,,,,,,,
/service-areas/st-george-and-bayside/bayside-and-airport/hillsdale,suburb page,yes,https://c0d312.github.io/evaready-electrical/service-areas/st-george-and-bayside/bayside-and-airport/hillsdale,Electrician Hillsdale 2036 | Emergency & Level 2,"Evaready helps Hillsdale with urgent faults, Level 2 ASP work, switchboards, hot water electrical, aircon, CCTV/data and planned electrical work.",Electrician Hillsdale 2036,2726,yes,yes,yes,yes,yes,yes,yes,yes,yes,yes,yes,core,,,,,,,
/service-areas/st-george-and-bayside/bayside-and-airport/mascot,suburb page,yes,https://c0d312.github.io/evaready-electrical/service-areas/st-george-and-bayside/bayside-and-airport/mascot,Electrician Mascot 2020 | Emergency & Level 2,"Evaready Electrical helps with urgent electrical faults, commercial maintenance, lighting, power, data, CCTV and switchboards.",Electrician Mascot 2020,2821,yes,yes,yes,yes,yes,yes,yes,yes,yes,yes,yes,core,,,,,,,
/service-areas/st-george-and-bayside/bayside-and-airport/pagewood,suburb page,yes,https://c0d312.github.io/evaready-electrical/service-areas/st-george-and-bayside/bayside-and-airport/pagewood,Electrician Pagewood 2035 | Emergency & Level 2,"Evaready helps Pagewood with urgent faults, Level 2 ASP work, switchboards, hot water electrical, aircon, CCTV/data and planned electrical work.",Electrician Pagewood 2035,2740,yes,yes,yes,yes,yes,yes,yes,yes,yes,yes,yes,core,,,,,,,
/service-areas/st-george-and-bayside/bayside-and-airport/rosebery,suburb page,yes,https://c0d312.github.io/evaready-electrical/service-areas/st-george-and-bayside/bayside-and-airport/rosebery,Electrician Rosebery 2018 | Emergency & Level 2,"Need electrical help in Rosebery 2018? Emergency faults, Level 2 ASP, switchboards, hot water, aircon, CCTV/data and general electrical work across.",Electrician Rosebery 2018,2715,yes,yes,yes,yes,yes,yes,yes,yes,yes,yes,yes,core,,,,,,,
/service-areas/st-george-and-bayside/georges-river,area page,yes,https://c0d312.github.io/evaready-electrical/service-areas/st-george-and-bayside/georges-river,Georges River Electrician | St George & Bayside,"Need an electrician in Georges River? Evaready helps with urgent faults, Level 2 work, switchboards, consumer mains, defect notices and planned electrical.","Georges River Electrician - Emergency, Level 2 & Planned Work",1008,yes,yes,yes,yes,yes,yes,yes,yes,yes,yes,yes,core,,,,,,,
/service-areas/st-george-and-bayside/georges-river/allawah,suburb page,yes,https://c0d312.github.io/evaready-electrical/service-areas/st-george-and-bayside/georges-river/allawah,Electrician Allawah 2218 | Emergency & Level 2,"Need electrical help in Allawah 2218? Emergency faults, Level 2 ASP, switchboards, hot water, aircon, CCTV/data and general electrical work across.",Electrician Allawah 2218,2740,yes,yes,yes,yes,yes,yes,yes,yes,yes,yes,yes,core,,,,,,,
/service-areas/st-george-and-bayside/georges-river/beverley-park,suburb page,yes,https://c0d312.github.io/evaready-electrical/service-areas/st-george-and-bayside/georges-river/beverley-park,Electrician Beverley Park 2217 | Emergency & Level 2,"Evaready helps Beverley Park with urgent faults, Level 2 ASP work, switchboards, hot water electrical, aircon, CCTV/data and planned electrical work.",Electrician Beverley Park 2217,2806,yes,yes,yes,yes,yes,yes,yes,yes,yes,yes,yes,core,,,,,,,
/service-areas/st-george-and-bayside/georges-river/blakehurst,suburb page,yes,https://c0d312.github.io/evaready-electrical/service-areas/st-george-and-bayside/georges-river/blakehurst,Electrician Blakehurst 2221 | Emergency & Level 2,"Need electrical help in Blakehurst 2221? Emergency faults, Level 2 ASP, switchboards, hot water, aircon, CCTV/data and general electrical work across.",Electrician Blakehurst 2221,2757,yes,yes,yes,yes,yes,yes,yes,yes,yes,yes,yes,core,,,,,,,
/service-areas/st-george-and-bayside/georges-river/carlton,suburb page,yes,https://c0d312.github.io/evaready-electrical/service-areas/st-george-and-bayside/georges-river/carlton,Electrician Carlton 2218 | Emergency & Level 2,"Evaready helps Carlton with urgent faults, Level 2 ASP work, switchboards, hot water electrical, aircon, CCTV/data and planned electrical work.",Electrician Carlton 2218,2750,yes,yes,yes,yes,yes,yes,yes,yes,yes,yes,yes,core,,,,,,,
/service-areas/st-george-and-bayside/georges-river/carss-park,suburb page,yes,https://c0d312.github.io/evaready-electrical/service-areas/st-george-and-bayside/georges-river/carss-park,Electrician Carss Park 2221 | Emergency & Level 2,"Evaready helps Carss Park with urgent faults, Level 2 ASP work, switchboards, hot water electrical, aircon, CCTV/data and planned electrical work.",Electrician Carss Park 2221,2801,yes,yes,yes,yes,yes,yes,yes,yes,yes,yes,yes,core,,,,,,,
/service-areas/st-george-and-bayside/georges-river/connells-point,suburb page,yes,https://c0d312.github.io/evaready-electrical/service-areas/st-george-and-bayside/georges-river/connells-point,Electrician Connells Point 2221 | Emergency & Level 2,"Evaready helps Connells Point with urgent faults, Level 2 ASP work, switchboards, hot water electrical, aircon, CCTV/data and planned electrical work.",Electrician Connells Point 2221,2853,yes,yes,yes,yes,yes,yes,yes,yes,yes,yes,yes,core,,,,,,,
/service-areas/st-george-and-bayside/georges-river/hurstville,suburb page,yes,https://c0d312.github.io/evaready-electrical/service-areas/st-george-and-bayside/georges-river/hurstville,Electrician Hurstville 2220 | Emergency & Level 2,"Evaready Electrical helps with urgent electrical faults, switchboards, lighting, power, CCTV, data cabling and Level 2 enquiries.",Electrician Hurstville 2220,2838,yes,yes,yes,yes,yes,yes,yes,yes,yes,yes,yes,core,,,,,,,
/service-areas/st-george-and-bayside/georges-river/hurstville-grove,suburb page,yes,https://c0d312.github.io/evaready-electrical/service-areas/st-george-and-bayside/georges-river/hurstville-grove,Electrician Hurstville Grove 2220 | Emergency & Level 2,"Need an electrician in Hurstville Grove? Evaready helps with emergency faults, Level 2 ASP work, switchboards, hot water, aircon, CCTV/data.",Electrician Hurstville Grove 2220,2850,yes,yes,yes,yes,yes,yes,yes,yes,yes,yes,yes,core,,,,,,,
/service-areas/st-george-and-bayside/georges-river/kogarah,suburb page,yes,https://c0d312.github.io/evaready-electrical/service-areas/st-george-and-bayside/georges-river/kogarah,Electrician Kogarah 2217 | Emergency & Level 2,"Need an electrician in Kogarah? Evaready Electrical helps with fault finding, switchboards, lighting, power, smoke alarms, data and Level 2 support.",Electrician Kogarah 2217,2812,yes,yes,yes,yes,yes,yes,yes,yes,yes,yes,yes,core,,,,,,,
/service-areas/st-george-and-bayside/georges-river/kogarah-bay,suburb page,yes,https://c0d312.github.io/evaready-electrical/service-areas/st-george-and-bayside/georges-river/kogarah-bay,Electrician Kogarah Bay 2217 | Emergency & Level 2,"Need electrical help in Kogarah Bay 2217? Emergency faults, Level 2 ASP, switchboards, hot water, aircon, CCTV/data and general electrical work across.",Electrician Kogarah Bay 2217,2818,yes,yes,yes,yes,yes,yes,yes,yes,yes,yes,yes,core,,,,,,,
/service-areas/st-george-and-bayside/georges-river/kyle-bay,suburb page,yes,https://c0d312.github.io/evaready-electrical/service-areas/st-george-and-bayside/georges-river/kyle-bay,Electrician Kyle Bay 2221 | Emergency & Level 2,"Need electrical help in Kyle Bay 2221? Emergency faults, Level 2 ASP, switchboards, hot water, aircon, CCTV/data and general electrical work across.",Electrician Kyle Bay 2221,2836,yes,yes,yes,yes,yes,yes,yes,yes,yes,yes,yes,core,,,,,,,
/service-areas/st-george-and-bayside/georges-river/lugarno,suburb page,yes,https://c0d312.github.io/evaready-electrical/service-areas/st-george-and-bayside/georges-river/lugarno,Electrician Lugarno 2210 | Emergency & Level 2,"Evaready helps Lugarno with urgent faults, Level 2 ASP work, switchboards, hot water electrical, aircon, CCTV/data and planned electrical work.",Electrician Lugarno 2210,2725,yes,yes,yes,yes,yes,yes,yes,yes,yes,yes,yes,core,,,,,,,
/service-areas/st-george-and-bayside/georges-river/mortdale,suburb page,yes,https://c0d312.github.io/evaready-electrical/service-areas/st-george-and-bayside/georges-river/mortdale,Electrician Mortdale 2223 | Emergency & Level 2,"Need an electrician in Mortdale? Evaready helps with emergency faults, Level 2 ASP work, switchboards, hot water, aircon, CCTV/data and general.",Electrician Mortdale 2223,2784,yes,yes,yes,yes,yes,yes,yes,yes,yes,yes,yes,core,,,,,,,
/service-areas/st-george-and-bayside/georges-river/oatley,suburb page,yes,https://c0d312.github.io/evaready-electrical/service-areas/st-george-and-bayside/georges-river/oatley,Electrician Oatley 2223 | Emergency & Level 2,"Need an electrician in Oatley? Evaready helps with emergency faults, Level 2 ASP work, switchboards, hot water, aircon, CCTV/data and general.",Electrician Oatley 2223,2746,yes,yes,yes,yes,yes,yes,yes,yes,yes,yes,yes,core,,,,,,,
/service-areas/st-george-and-bayside/georges-river/peakhurst,suburb page,yes,https://c0d312.github.io/evaready-electrical/service-areas/st-george-and-bayside/georges-river/peakhurst,Electrician Peakhurst 2210 | Emergency & Level 2,"Need an electrician in Peakhurst? Evaready helps with emergency faults, Level 2 ASP work, switchboards, hot water, aircon, CCTV/data and general.",Electrician Peakhurst 2210,2695,yes,yes,yes,yes,yes,yes,yes,yes,yes,yes,yes,core,,,,,,,
/service-areas/st-george-and-bayside/georges-river/peakhurst-heights,suburb page,yes,https://c0d312.github.io/evaready-electrical/service-areas/st-george-and-bayside/georges-river/peakhurst-heights,Electrician Peakhurst Heights 2210 | Emergency & Level 2,"Need an electrician in Peakhurst Heights? Evaready helps with emergency faults, Level 2 ASP work, switchboards, hot water, aircon, CCTV/data.",Electrician Peakhurst Heights 2210,2809,yes,yes,yes,yes,yes,yes,yes,yes,yes,yes,yes,core,,,,,,,
/service-areas/st-george-and-bayside/georges-river/penshurst,suburb page,yes,https://c0d312.github.io/evaready-electrical/service-areas/st-george-and-bayside/georges-river/penshurst,Electrician Penshurst 2222 | Emergency & Level 2,"Need electrical help in Penshurst 2222? Emergency faults, Level 2 ASP, switchboards, hot water, aircon, CCTV/data and general electrical work across.",Electrician Penshurst 2222,2769,yes,yes,yes,yes,yes,yes,yes,yes,yes,yes,yes,core,,,,,,,
/service-areas/st-george-and-bayside/georges-river/ramsgate,suburb page,yes,https://c0d312.github.io/evaready-electrical/service-areas/st-george-and-bayside/georges-river/ramsgate,Electrician Ramsgate 2217 | Emergency & Level 2,"Evaready helps Ramsgate with urgent faults, Level 2 ASP work, switchboards, hot water electrical, aircon, CCTV/data and planned electrical work.",Electrician Ramsgate 2217,2748,yes,yes,yes,yes,yes,yes,yes,yes,yes,yes,yes,core,,,,,,,
/service-areas/st-george-and-bayside/georges-river/sans-souci,suburb page,yes,https://c0d312.github.io/evaready-electrical/service-areas/st-george-and-bayside/georges-river/sans-souci,Electrician Sans Souci 2219 | Emergency & Level 2,"Need an electrician in Sans Souci? Evaready helps with emergency faults, Level 2 ASP work, switchboards, hot water, aircon, CCTV/data and general.",Electrician Sans Souci 2219,2808,yes,yes,yes,yes,yes,yes,yes,yes,yes,yes,yes,core,,,,,,,
/service-areas/st-george-and-bayside/georges-river/south-hurstville,suburb page,yes,https://c0d312.github.io/evaready-electrical/service-areas/st-george-and-bayside/georges-river/south-hurstville,Electrician South Hurstville 2221 | Emergency & Level 2,"Need an electrician in South Hurstville? Evaready helps with emergency faults, Level 2 ASP work, switchboards, hot water, aircon, CCTV/data.",Electrician South Hurstville 2221,2834,yes,yes,yes,yes,yes,yes,yes,yes,yes,yes,yes,core,,,,,,,
/service-areas/st-george-and-bayside/rockdale-and-bexley,area page,yes,https://c0d312.github.io/evaready-electrical/service-areas/st-george-and-bayside/rockdale-and-bexley,Rockdale & Bexley Electrician | St George & Bayside,"Need an electrician in Rockdale & Bexley? Evaready helps with urgent faults, Level 2 work, switchboards, consumer mains, defect notices and planned.","Rockdale & Bexley Electrician - Emergency, Level 2 & Planned Work",1010,yes,yes,yes,yes,yes,yes,yes,yes,yes,yes,yes,core,,,,,,,
/service-areas/st-george-and-bayside/rockdale-and-bexley/arncliffe,suburb page,yes,https://c0d312.github.io/evaready-electrical/service-areas/st-george-and-bayside/rockdale-and-bexley/arncliffe,Electrician Arncliffe 2205 | Emergency & Level 2,"Evaready helps Arncliffe with urgent faults, Level 2 ASP work, switchboards, hot water electrical, aircon, CCTV/data and planned electrical work.",Electrician Arncliffe 2205,2802,yes,yes,yes,yes,yes,yes,yes,yes,yes,yes,yes,core,,,,,,,
/service-areas/st-george-and-bayside/rockdale-and-bexley/banksia,suburb page,yes,https://c0d312.github.io/evaready-electrical/service-areas/st-george-and-bayside/rockdale-and-bexley/banksia,Electrician Banksia 2216 | Emergency & Level 2,"Need electrical help in Banksia 2216? Emergency faults, Level 2 ASP, switchboards, hot water, aircon, CCTV/data and general electrical work across.",Electrician Banksia 2216,2779,yes,yes,yes,yes,yes,yes,yes,yes,yes,yes,yes,core,,,,,,,
/service-areas/st-george-and-bayside/rockdale-and-bexley/bardwell-park,suburb page,yes,https://c0d312.github.io/evaready-electrical/service-areas/st-george-and-bayside/rockdale-and-bexley/bardwell-park,Electrician Bardwell Park 2207 | Emergency & Level 2,"Need an electrician in Bardwell Park? Evaready helps with emergency faults, Level 2 ASP work, switchboards, hot water, aircon, CCTV/data and general.",Electrician Bardwell Park 2207,2827,yes,yes,yes,yes,yes,yes,yes,yes,yes,yes,yes,core,,,,,,,
/service-areas/st-george-and-bayside/rockdale-and-bexley/bardwell-valley,suburb page,yes,https://c0d312.github.io/evaready-electrical/service-areas/st-george-and-bayside/rockdale-and-bexley/bardwell-valley,Electrician Bardwell Valley 2207 | Emergency & Level 2,"Evaready helps Bardwell Valley with urgent faults, Level 2 ASP work, switchboards, hot water electrical, aircon, CCTV/data and planned electrical work.",Electrician Bardwell Valley 2207,2799,yes,yes,yes,yes,yes,yes,yes,yes,yes,yes,yes,core,,,,,,,
/service-areas/st-george-and-bayside/rockdale-and-bexley/bexley,suburb page,yes,https://c0d312.github.io/evaready-electrical/service-areas/st-george-and-bayside/rockdale-and-bexley/bexley,Electrician Bexley 2207 | Emergency & Level 2,"Evaready helps Bexley with urgent faults, Level 2 ASP work, switchboards, hot water electrical, aircon, CCTV/data and planned electrical work.",Electrician Bexley 2207,2758,yes,yes,yes,yes,yes,yes,yes,yes,yes,yes,yes,core,,,,,,,
/service-areas/st-george-and-bayside/rockdale-and-bexley/bexley-north,suburb page,yes,https://c0d312.github.io/evaready-electrical/service-areas/st-george-and-bayside/rockdale-and-bexley/bexley-north,Electrician Bexley North 2207 | Emergency & Level 2,"Need an electrician in Bexley North? Evaready helps with emergency faults, Level 2 ASP work, switchboards, hot water, aircon, CCTV/data and general.",Electrician Bexley North 2207,2859,yes,yes,yes,yes,yes,yes,yes,yes,yes,yes,yes,core,,,,,,,
/service-areas/st-george-and-bayside/rockdale-and-bexley/brighton-le-sands,suburb page,yes,https://c0d312.github.io/evaready-electrical/service-areas/st-george-and-bayside/rockdale-and-bexley/brighton-le-sands,Electrician Brighton-le-Sands 2216 | Emergency & Level 2,"Need electrical help in Brighton-le-Sands 2216? Emergency faults, Level 2 ASP, switchboards, hot water, aircon, CCTV/data and general electrical work.",Electrician Brighton-le-Sands 2216,2750,yes,yes,yes,yes,yes,yes,yes,yes,yes,yes,yes,core,,,,,,,
/service-areas/st-george-and-bayside/rockdale-and-bexley/dolls-point,suburb page,yes,https://c0d312.github.io/evaready-electrical/service-areas/st-george-and-bayside/rockdale-and-bexley/dolls-point,Electrician Dolls Point 2219 | Emergency & Level 2,"Need electrical help in Dolls Point 2219? Emergency faults, Level 2 ASP, switchboards, hot water, aircon, CCTV/data and general electrical work across.",Electrician Dolls Point 2219,2810,yes,yes,yes,yes,yes,yes,yes,yes,yes,yes,yes,core,,,,,,,
/service-areas/st-george-and-bayside/rockdale-and-bexley/kyeemagh,suburb page,yes,https://c0d312.github.io/evaready-electrical/service-areas/st-george-and-bayside/rockdale-and-bexley/kyeemagh,Electrician Kyeemagh 2216 | Emergency & Level 2,"Need an electrician in Kyeemagh? Evaready helps with emergency faults, Level 2 ASP work, switchboards, hot water, aircon, CCTV/data and general.",Electrician Kyeemagh 2216,2696,yes,yes,yes,yes,yes,yes,yes,yes,yes,yes,yes,core,,,,,,,
/service-areas/st-george-and-bayside/rockdale-and-bexley/monterey,suburb page,yes,https://c0d312.github.io/evaready-electrical/service-areas/st-george-and-bayside/rockdale-and-bexley/monterey,Electrician Monterey 2217 | Emergency & Level 2,"Need electrical help in Monterey 2217? Emergency faults, Level 2 ASP, switchboards, hot water, aircon, CCTV/data and general electrical work across.",Electrician Monterey 2217,2742,yes,yes,yes,yes,yes,yes,yes,yes,yes,yes,yes,core,,,,,,,
/service-areas/st-george-and-bayside/rockdale-and-bexley/ramsgate-beach,suburb page,yes,https://c0d312.github.io/evaready-electrical/service-areas/st-george-and-bayside/rockdale-and-bexley/ramsgate-beach,Electrician Ramsgate Beach 2217 | Emergency & Level 2,"Need an electrician in Ramsgate Beach? Evaready helps with emergency faults, Level 2 ASP work, switchboards, hot water, aircon, CCTV/data and general.",Electrician Ramsgate Beach 2217,2857,yes,yes,yes,yes,yes,yes,yes,yes,yes,yes,yes,core,,,,,,,
/service-areas/st-george-and-bayside/rockdale-and-bexley/rockdale,suburb page,yes,https://c0d312.github.io/evaready-electrical/service-areas/st-george-and-bayside/rockdale-and-bexley/rockdale,Electrician Rockdale 2216 | Emergency & Level 2,"Evaready helps Rockdale with urgent faults, Level 2 ASP work, switchboards, hot water electrical, aircon, CCTV/data and planned electrical work.",Electrician Rockdale 2216,2818,yes,yes,yes,yes,yes,yes,yes,yes,yes,yes,yes,core,,,,,,,
/service-areas/st-george-and-bayside/rockdale-and-bexley/sandringham,suburb page,yes,https://c0d312.github.io/evaready-electrical/service-areas/st-george-and-bayside/rockdale-and-bexley/sandringham,Electrician Sandringham 2219 | Emergency & Level 2,"Need electrical help in Sandringham 2219? Emergency faults, Level 2 ASP, switchboards, hot water, aircon, CCTV/data and general electrical work across.",Electrician Sandringham 2219,2751,yes,yes,yes,yes,yes,yes,yes,yes,yes,yes,yes,core,,,,,,,
/service-areas/st-george-and-bayside/rockdale-and-bexley/turrella,suburb page,yes,https://c0d312.github.io/evaready-electrical/service-areas/st-george-and-bayside/rockdale-and-bexley/turrella,Electrician Turrella 2205 | Emergency & Level 2,"Need electrical help in Turrella 2205? Emergency faults, Level 2 ASP, switchboards, hot water, aircon, CCTV/data and general electrical work across.",Electrician Turrella 2205,2789,yes,yes,yes,yes,yes,yes,yes,yes,yes,yes,yes,core,,,,,,,
/service-areas/st-george-and-bayside/rockdale-and-bexley/wolli-creek,suburb page,yes,https://c0d312.github.io/evaready-electrical/service-areas/st-george-and-bayside/rockdale-and-bexley/wolli-creek,Electrician Wolli Creek 2205 | Emergency & Level 2,"Need an electrician in Wolli Creek? Evaready helps with emergency faults, Level 2 ASP work, switchboards, hot water, aircon, CCTV/data and general.",Electrician Wolli Creek 2205,2894,yes,yes,yes,yes,yes,yes,yes,yes,yes,yes,yes,core,,,,,,,
/service-areas/sutherland-shire,region page,yes,https://c0d312.github.io/evaready-electrical/service-areas/sutherland-shire,Sutherland Shire Electrician | Emergency & Level 2,"Need an electrician in Sutherland Shire? Evaready helps with urgent faults, Level 2 work, switchboards, consumer mains, defect notices and planned.","Sutherland Shire Electrician - Emergency, Level 2 & Planned Work",953,yes,yes,yes,yes,yes,yes,yes,yes,yes,yes,yes,core,,,,,,,
/service-areas/sutherland-shire/sutherland-shire,area page,yes,https://c0d312.github.io/evaready-electrical/service-areas/sutherland-shire/sutherland-shire,Sutherland Shire Electrician | Sutherland Shire,"Need an electrician in Sutherland Shire? Evaready helps with urgent faults, Level 2 work, switchboards, consumer mains, defect notices and planned.","Sutherland Shire Electrician - Emergency, Level 2 & Planned Work",1099,yes,yes,yes,yes,yes,yes,yes,yes,yes,yes,yes,core,,,,,,,
/service-areas/sutherland-shire/sutherland-shire/alfords-point,suburb page,yes,https://c0d312.github.io/evaready-electrical/service-areas/sutherland-shire/sutherland-shire/alfords-point,Electrician Alfords Point 2234 | Emergency & Level 2,"Need an electrician in Alfords Point? Evaready helps with emergency faults, Level 2 ASP work, switchboards, hot water, aircon, CCTV/data and general.",Electrician Alfords Point 2234,2834,yes,yes,yes,yes,yes,yes,yes,yes,yes,yes,yes,core,,,,,,,
/service-areas/sutherland-shire/sutherland-shire/bangor,suburb page,yes,https://c0d312.github.io/evaready-electrical/service-areas/sutherland-shire/sutherland-shire/bangor,Electrician Bangor 2234 | Emergency & Level 2,"Need an electrician in Bangor? Evaready helps with emergency faults, Level 2 ASP work, switchboards, hot water, aircon, CCTV/data and general.",Electrician Bangor 2234,2758,yes,yes,yes,yes,yes,yes,yes,yes,yes,yes,yes,core,,,,,,,
/service-areas/sutherland-shire/sutherland-shire/barden-ridge,suburb page,yes,https://c0d312.github.io/evaready-electrical/service-areas/sutherland-shire/sutherland-shire/barden-ridge,Electrician Barden Ridge 2234 | Emergency & Level 2,"Need an electrician in Barden Ridge? Evaready helps with emergency faults, Level 2 ASP work, switchboards, hot water, aircon, CCTV/data and general.",Electrician Barden Ridge 2234,2834,yes,yes,yes,yes,yes,yes,yes,yes,yes,yes,yes,core,,,,,,,
/service-areas/sutherland-shire/sutherland-shire/bonnet-bay,suburb page,yes,https://c0d312.github.io/evaready-electrical/service-areas/sutherland-shire/sutherland-shire/bonnet-bay,Electrician Bonnet Bay 2226 | Emergency & Level 2,"Need an electrician in Bonnet Bay? Evaready helps with emergency faults, Level 2 ASP work, switchboards, hot water, aircon, CCTV/data and general.",Electrician Bonnet Bay 2226,2805,yes,yes,yes,yes,yes,yes,yes,yes,yes,yes,yes,core,,,,,,,
/service-areas/sutherland-shire/sutherland-shire/bundeena,suburb page,yes,https://c0d312.github.io/evaready-electrical/service-areas/sutherland-shire/sutherland-shire/bundeena,Electrician Bundeena 2230 | Emergency & Level 2,"Need electrical help in Bundeena 2230? Emergency faults, Level 2 ASP, switchboards, hot water, aircon, CCTV/data and general electrical work across.",Electrician Bundeena 2230,2719,yes,yes,yes,yes,yes,yes,yes,yes,yes,yes,yes,core,,,,,,,
/service-areas/sutherland-shire/sutherland-shire/burraneer,suburb page,yes,https://c0d312.github.io/evaready-electrical/service-areas/sutherland-shire/sutherland-shire/burraneer,Electrician Burraneer 2230 | Emergency & Level 2,"Evaready helps Burraneer with urgent faults, Level 2 ASP work, switchboards, hot water electrical, aircon, CCTV/data and planned electrical work.",Electrician Burraneer 2230,2734,yes,yes,yes,yes,yes,yes,yes,yes,yes,yes,yes,core,,,,,,,
/service-areas/sutherland-shire/sutherland-shire/caringbah,suburb page,yes,https://c0d312.github.io/evaready-electrical/service-areas/sutherland-shire/sutherland-shire/caringbah,Electrician Caringbah 2229 | Emergency & Level 2,"Evaready helps Caringbah with urgent faults, Level 2 ASP work, switchboards, hot water electrical, aircon, CCTV/data and planned electrical work.",Electrician Caringbah 2229,2743,yes,yes,yes,yes,yes,yes,yes,yes,yes,yes,yes,core,,,,,,,
/service-areas/sutherland-shire/sutherland-shire/caringbah-south,suburb page,yes,https://c0d312.github.io/evaready-electrical/service-areas/sutherland-shire/sutherland-shire/caringbah-south,Electrician Caringbah South 2229 | Emergency & Level 2,"Evaready helps Caringbah South with urgent faults, Level 2 ASP work, switchboards, hot water electrical, aircon, CCTV/data and planned electrical work.",Electrician Caringbah South 2229,2815,yes,yes,yes,yes,yes,yes,yes,yes,yes,yes,yes,core,,,,,,,
/service-areas/sutherland-shire/sutherland-shire/como,suburb page,yes,https://c0d312.github.io/evaready-electrical/service-areas/sutherland-shire/sutherland-shire/como,Electrician Como 2226 | Emergency & Level 2,"Evaready helps Como with urgent faults, Level 2 ASP work, switchboards, hot water electrical, aircon, CCTV/data and planned electrical work.",Electrician Como 2226,2697,yes,yes,yes,yes,yes,yes,yes,yes,yes,yes,yes,core,,,,,,,
/service-areas/sutherland-shire/sutherland-shire/cronulla,suburb page,yes,https://c0d312.github.io/evaready-electrical/service-areas/sutherland-shire/sutherland-shire/cronulla,Electrician Cronulla 2230 | Emergency & Level 2,"Evaready Electrical helps with emergency electrical faults, outdoor lighting, switchboards, smoke alarms, power, CCTV, data and Level 2 support.",Electrician Cronulla 2230,2694,yes,yes,yes,yes,yes,yes,yes,yes,yes,yes,yes,core,,,,,,,
/service-areas/sutherland-shire/sutherland-shire/dolans-bay,suburb page,yes,https://c0d312.github.io/evaready-electrical/service-areas/sutherland-shire/sutherland-shire/dolans-bay,Electrician Dolans Bay 2229 | Emergency & Level 2,"Evaready helps Dolans Bay with urgent faults, Level 2 ASP work, switchboards, hot water electrical, aircon, CCTV/data and planned electrical work.",Electrician Dolans Bay 2229,2803,yes,yes,yes,yes,yes,yes,yes,yes,yes,yes,yes,core,,,,,,,
/service-areas/sutherland-shire/sutherland-shire/engadine,suburb page,yes,https://c0d312.github.io/evaready-electrical/service-areas/sutherland-shire/sutherland-shire/engadine,Electrician Engadine 2233 | Emergency & Level 2,"Need electrical help in Engadine 2233? Emergency faults, Level 2 ASP, switchboards, hot water, aircon, CCTV/data and general electrical work across.",Electrician Engadine 2233,2720,yes,yes,yes,yes,yes,yes,yes,yes,yes,yes,yes,core,,,,,,,
/service-areas/sutherland-shire/sutherland-shire/grays-point,suburb page,yes,https://c0d312.github.io/evaready-electrical/service-areas/sutherland-shire/sutherland-shire/grays-point,Electrician Grays Point 2232 | Emergency & Level 2,"Evaready helps Grays Point with urgent faults, Level 2 ASP work, switchboards, hot water electrical, aircon, CCTV/data and planned electrical work.",Electrician Grays Point 2232,2818,yes,yes,yes,yes,yes,yes,yes,yes,yes,yes,yes,core,,,,,,,
/service-areas/sutherland-shire/sutherland-shire/greenhills-beach,suburb page,yes,https://c0d312.github.io/evaready-electrical/service-areas/sutherland-shire/sutherland-shire/greenhills-beach,Electrician Greenhills Beach 2230 | Emergency & Level 2,"Evaready helps Greenhills Beach with urgent faults, Level 2 ASP work, switchboards, hot water electrical, aircon, CCTV/data and planned electrical work.",Electrician Greenhills Beach 2230,2776,yes,yes,yes,yes,yes,yes,yes,yes,yes,yes,yes,core,,,,,,,
/service-areas/sutherland-shire/sutherland-shire/gymea,suburb page,yes,https://c0d312.github.io/evaready-electrical/service-areas/sutherland-shire/sutherland-shire/gymea,Electrician Gymea 2227 | Emergency & Level 2,"Need an electrician in Gymea? Evaready helps with emergency faults, Level 2 ASP work, switchboards, hot water, aircon, CCTV/data and general.",Electrician Gymea 2227,2732,yes,yes,yes,yes,yes,yes,yes,yes,yes,yes,yes,core,,,,,,,
/service-areas/sutherland-shire/sutherland-shire/gymea-bay,suburb page,yes,https://c0d312.github.io/evaready-electrical/service-areas/sutherland-shire/sutherland-shire/gymea-bay,Electrician Gymea Bay 2227 | Emergency & Level 2,"Need an electrician in Gymea Bay? Evaready helps with emergency faults, Level 2 ASP work, switchboards, hot water, aircon, CCTV/data and general.",Electrician Gymea Bay 2227,2793,yes,yes,yes,yes,yes,yes,yes,yes,yes,yes,yes,core,,,,,,,
/service-areas/sutherland-shire/sutherland-shire/heathcote,suburb page,yes,https://c0d312.github.io/evaready-electrical/service-areas/sutherland-shire/sutherland-shire/heathcote,Electrician Heathcote 2233 | Emergency & Level 2,"Need electrical help in Heathcote 2233? Emergency faults, Level 2 ASP, switchboards, hot water, aircon, CCTV/data and general electrical work across.",Electrician Heathcote 2233,2772,yes,yes,yes,yes,yes,yes,yes,yes,yes,yes,yes,core,,,,,,,
/service-areas/sutherland-shire/sutherland-shire/illawong,suburb page,yes,https://c0d312.github.io/evaready-electrical/service-areas/sutherland-shire/sutherland-shire/illawong,Electrician Illawong 2234 | Emergency & Level 2,"Need an electrician in Illawong? Evaready helps with emergency faults, Level 2 ASP work, switchboards, hot water, aircon, CCTV/data and general.",Electrician Illawong 2234,2699,yes,yes,yes,yes,yes,yes,yes,yes,yes,yes,yes,core,,,,,,,
/service-areas/sutherland-shire/sutherland-shire/jannali,suburb page,yes,https://c0d312.github.io/evaready-electrical/service-areas/sutherland-shire/sutherland-shire/jannali,Electrician Jannali 2226 | Emergency & Level 2,"Need an electrician in Jannali? Evaready helps with emergency faults, Level 2 ASP work, switchboards, hot water, aircon, CCTV/data and general.",Electrician Jannali 2226,2733,yes,yes,yes,yes,yes,yes,yes,yes,yes,yes,yes,core,,,,,,,
/service-areas/sutherland-shire/sutherland-shire/kangaroo-point,suburb page,yes,https://c0d312.github.io/evaready-electrical/service-areas/sutherland-shire/sutherland-shire/kangaroo-point,Electrician Kangaroo Point 2224 | Emergency & Level 2,"Evaready helps Kangaroo Point with urgent faults, Level 2 ASP work, switchboards, hot water electrical, aircon, CCTV/data and planned electrical work.",Electrician Kangaroo Point 2224,2814,yes,yes,yes,yes,yes,yes,yes,yes,yes,yes,yes,core,,,,,,,
/service-areas/sutherland-shire/sutherland-shire/kareela,suburb page,yes,https://c0d312.github.io/evaready-electrical/service-areas/sutherland-shire/sutherland-shire/kareela,Electrician Kareela 2232 | Emergency & Level 2,"Need electrical help in Kareela 2232? Emergency faults, Level 2 ASP, switchboards, hot water, aircon, CCTV/data and general electrical work across.",Electrician Kareela 2232,2718,yes,yes,yes,yes,yes,yes,yes,yes,yes,yes,yes,core,,,,,,,
/service-areas/sutherland-shire/sutherland-shire/kirrawee,suburb page,yes,https://c0d312.github.io/evaready-electrical/service-areas/sutherland-shire/sutherland-shire/kirrawee,Electrician Kirrawee 2232 | Emergency & Level 2,"Need electrical help in Kirrawee 2232? Emergency faults, Level 2 ASP, switchboards, hot water, aircon, CCTV/data and general electrical work across.",Electrician Kirrawee 2232,2727,yes,yes,yes,yes,yes,yes,yes,yes,yes,yes,yes,core,,,,,,,
/service-areas/sutherland-shire/sutherland-shire/kurnell,suburb page,yes,https://c0d312.github.io/evaready-electrical/service-areas/sutherland-shire/sutherland-shire/kurnell,Electrician Kurnell 2231 | Emergency & Level 2,"Need an electrician in Kurnell? Evaready helps with emergency faults, Level 2 ASP work, switchboards, hot water, aircon, CCTV/data and general.",Electrician Kurnell 2231,2742,yes,yes,yes,yes,yes,yes,yes,yes,yes,yes,yes,core,,,,,,,
/service-areas/sutherland-shire/sutherland-shire/lilli-pilli,suburb page,yes,https://c0d312.github.io/evaready-electrical/service-areas/sutherland-shire/sutherland-shire/lilli-pilli,Electrician Lilli Pilli 2229 | Emergency & Level 2,"Need electrical help in Lilli Pilli 2229? Emergency faults, Level 2 ASP, switchboards, hot water, aircon, CCTV/data and general electrical work across.",Electrician Lilli Pilli 2229,2839,yes,yes,yes,yes,yes,yes,yes,yes,yes,yes,yes,core,,,,,,,
/service-areas/sutherland-shire/sutherland-shire/loftus,suburb page,yes,https://c0d312.github.io/evaready-electrical/service-areas/sutherland-shire/sutherland-shire/loftus,Electrician Loftus 2232 | Emergency & Level 2,"Evaready helps Loftus with urgent faults, Level 2 ASP work, switchboards, hot water electrical, aircon, CCTV/data and planned electrical work.",Electrician Loftus 2232,2702,yes,yes,yes,yes,yes,yes,yes,yes,yes,yes,yes,core,,,,,,,
/service-areas/sutherland-shire/sutherland-shire/maianbar,suburb page,yes,https://c0d312.github.io/evaready-electrical/service-areas/sutherland-shire/sutherland-shire/maianbar,Electrician Maianbar 2230 | Emergency & Level 2,"Need an electrician in Maianbar? Evaready helps with emergency faults, Level 2 ASP work, switchboards, hot water, aircon, CCTV/data and general.",Electrician Maianbar 2230,2708,yes,yes,yes,yes,yes,yes,yes,yes,yes,yes,yes,core,,,,,,,
/service-areas/sutherland-shire/sutherland-shire/menai,suburb page,yes,https://c0d312.github.io/evaready-electrical/service-areas/sutherland-shire/sutherland-shire/menai,Electrician Menai 2234 | Emergency & Level 2,"Need an electrician in Menai? Evaready helps with emergency faults, Level 2 ASP work, switchboards, hot water, aircon, CCTV/data and general.",Electrician Menai 2234,2761,yes,yes,yes,yes,yes,yes,yes,yes,yes,yes,yes,core,,,,,,,
/service-areas/sutherland-shire/sutherland-shire/miranda,suburb page,yes,https://c0d312.github.io/evaready-electrical/service-areas/sutherland-shire/sutherland-shire/miranda,Electrician Miranda 2228 | Emergency & Level 2,"Evaready Electrical helps with emergency faults, switchboards, lighting, power, CCTV, data, hot water electrical and Level 2 enquiries.",Electrician Miranda 2228,2739,yes,yes,yes,yes,yes,yes,yes,yes,yes,yes,yes,core,,,,,,,
/service-areas/sutherland-shire/sutherland-shire/oyster-bay,suburb page,yes,https://c0d312.github.io/evaready-electrical/service-areas/sutherland-shire/sutherland-shire/oyster-bay,Electrician Oyster Bay 2225 | Emergency & Level 2,"Need electrical help in Oyster Bay 2225? Emergency faults, Level 2 ASP, switchboards, hot water, aircon, CCTV/data and general electrical work across.",Electrician Oyster Bay 2225,2827,yes,yes,yes,yes,yes,yes,yes,yes,yes,yes,yes,core,,,,,,,
/service-areas/sutherland-shire/sutherland-shire/port-hacking,suburb page,yes,https://c0d312.github.io/evaready-electrical/service-areas/sutherland-shire/sutherland-shire/port-hacking,Electrician Port Hacking 2229 | Emergency & Level 2,"Need electrical help in Port Hacking 2229? Emergency faults, Level 2 ASP, switchboards, hot water, aircon, CCTV/data and general electrical work.",Electrician Port Hacking 2229,2784,yes,yes,yes,yes,yes,yes,yes,yes,yes,yes,yes,core,,,,,,,
/service-areas/sutherland-shire/sutherland-shire/royal-national-park,suburb page,yes,https://c0d312.github.io/evaready-electrical/service-areas/sutherland-shire/sutherland-shire/royal-national-park,Electrician Royal National Park 2233 | Emergency & Level 2,"Need an electrician in Royal National Park? Evaready helps with emergency faults, Level 2 ASP work, switchboards, hot water, aircon, CCTV/data.",Electrician Royal National Park 2233,2900,yes,yes,yes,yes,yes,yes,yes,yes,yes,yes,yes,core,,,,,,,
/service-areas/sutherland-shire/sutherland-shire/sandy-point,suburb page,yes,https://c0d312.github.io/evaready-electrical/service-areas/sutherland-shire/sutherland-shire/sandy-point,Electrician Sandy Point 2172 | Emergency & Level 2,"Need electrical help in Sandy Point 2172? Emergency faults, Level 2 ASP, switchboards, hot water, aircon, CCTV/data and general electrical work across.",Electrician Sandy Point 2172,2823,yes,yes,yes,yes,yes,yes,yes,yes,yes,yes,yes,core,,,,,,,
/service-areas/sutherland-shire/sutherland-shire/sutherland,suburb page,yes,https://c0d312.github.io/evaready-electrical/service-areas/sutherland-shire/sutherland-shire/sutherland,Electrician Sutherland 2232 | Emergency & Level 2,"Need an electrician in Sutherland? Evaready Electrical helps with fault finding, switchboards, lighting, power, smoke alarms, data and Level 2 enquiries.",Electrician Sutherland 2232,2816,yes,yes,yes,yes,yes,yes,yes,yes,yes,yes,yes,core,,,,,,,
/service-areas/sutherland-shire/sutherland-shire/sylvania,suburb page,yes,https://c0d312.github.io/evaready-electrical/service-areas/sutherland-shire/sutherland-shire/sylvania,Electrician Sylvania 2224 | Emergency & Level 2,"Need an electrician in Sylvania? Evaready helps with emergency faults, Level 2 ASP work, switchboards, hot water, aircon, CCTV/data and general.",Electrician Sylvania 2224,2713,yes,yes,yes,yes,yes,yes,yes,yes,yes,yes,yes,core,,,,,,,
/service-areas/sutherland-shire/sutherland-shire/sylvania-waters,suburb page,yes,https://c0d312.github.io/evaready-electrical/service-areas/sutherland-shire/sutherland-shire/sylvania-waters,Electrician Sylvania Waters 2224 | Emergency & Level 2,"Need an electrician in Sylvania Waters? Evaready helps with emergency faults, Level 2 ASP work, switchboards, hot water, aircon, CCTV/data and general.",Electrician Sylvania Waters 2224,2804,yes,yes,yes,yes,yes,yes,yes,yes,yes,yes,yes,core,,,,,,,
/service-areas/sutherland-shire/sutherland-shire/taren-point,suburb page,yes,https://c0d312.github.io/evaready-electrical/service-areas/sutherland-shire/sutherland-shire/taren-point,Electrician Taren Point 2229 | Emergency & Level 2,"Need an electrician in Taren Point? Evaready helps with emergency faults, Level 2 ASP work, switchboards, hot water, aircon, CCTV/data and general.",Electrician Taren Point 2229,2831,yes,yes,yes,yes,yes,yes,yes,yes,yes,yes,yes,core,,,,,,,
/service-areas/sutherland-shire/sutherland-shire/waterfall,suburb page,yes,https://c0d312.github.io/evaready-electrical/service-areas/sutherland-shire/sutherland-shire/waterfall,Electrician Waterfall 2233 | Emergency & Level 2,"Need an electrician in Waterfall? Evaready helps with emergency faults, Level 2 ASP work, switchboards, hot water, aircon, CCTV/data and general.",Electrician Waterfall 2233,2735,yes,yes,yes,yes,yes,yes,yes,yes,yes,yes,yes,core,,,,,,,
/service-areas/sutherland-shire/sutherland-shire/woolooware,suburb page,yes,https://c0d312.github.io/evaready-electrical/service-areas/sutherland-shire/sutherland-shire/woolooware,Electrician Woolooware 2230 | Emergency & Level 2,"Need electrical help in Woolooware 2230? Emergency faults, Level 2 ASP, switchboards, hot water, aircon, CCTV/data and general electrical work across.",Electrician Woolooware 2230,2724,yes,yes,yes,yes,yes,yes,yes,yes,yes,yes,yes,core,,,,,,,
/service-areas/sutherland-shire/sutherland-shire/woronora,suburb page,yes,https://c0d312.github.io/evaready-electrical/service-areas/sutherland-shire/sutherland-shire/woronora,Electrician Woronora 2232 | Emergency & Level 2,"Evaready helps Woronora with urgent faults, Level 2 ASP work, switchboards, hot water electrical, aircon, CCTV/data and planned electrical work.",Electrician Woronora 2232,2702,yes,yes,yes,yes,yes,yes,yes,yes,yes,yes,yes,core,,,,,,,
/service-areas/sutherland-shire/sutherland-shire/woronora-heights,suburb page,yes,https://c0d312.github.io/evaready-electrical/service-areas/sutherland-shire/sutherland-shire/woronora-heights,Electrician Woronora Heights 2233 | Emergency & Level 2,"Evaready helps Woronora Heights with urgent faults, Level 2 ASP work, switchboards, hot water electrical, aircon, CCTV/data and planned electrical work.",Electrician Woronora Heights 2233,2841,yes,yes,yes,yes,yes,yes,yes,yes,yes,yes,yes,core,,,,,,,
/service-areas/sutherland-shire/sutherland-shire/yarrawarrah,suburb page,yes,https://c0d312.github.io/evaready-electrical/service-areas/sutherland-shire/sutherland-shire/yarrawarrah,Electrician Yarrawarrah 2233 | Emergency & Level 2,"Evaready helps Yarrawarrah with urgent faults, Level 2 ASP work, switchboards, hot water electrical, aircon, CCTV/data and planned electrical work.",Electrician Yarrawarrah 2233,2682,yes,yes,yes,yes,yes,yes,yes,yes,yes,yes,yes,core,,,,,,,
/service-areas/sutherland-shire/sutherland-shire/yowie-bay,suburb page,yes,https://c0d312.github.io/evaready-electrical/service-areas/sutherland-shire/sutherland-shire/yowie-bay,Electrician Yowie Bay 2228 | Emergency & Level 2,"Need electrical help in Yowie Bay 2228? Emergency faults, Level 2 ASP, switchboards, hot water, aircon, CCTV/data and general electrical work across.",Electrician Yowie Bay 2228,2800,yes,yes,yes,yes,yes,yes,yes,yes,yes,yes,yes,core,,,,,,,
/service-areas/sydney-city-and-eastern-suburbs,region page,yes,https://c0d312.github.io/evaready-electrical/service-areas/sydney-city-and-eastern-suburbs,Sydney City & Eastern Suburbs Electrician | Emergency & Level 2,"Need an electrician in Sydney City & Eastern Suburbs? Evaready helps with urgent faults, Level 2 work, switchboards, consumer mains, defect notices.","Sydney City & Eastern Suburbs Electrician - Emergency, Level 2 & Planned Work",1110,yes,yes,yes,yes,yes,yes,yes,yes,yes,yes,yes,core,,,,,,,
/service-areas/sydney-city-and-eastern-suburbs/randwick,area page,yes,https://c0d312.github.io/evaready-electrical/service-areas/sydney-city-and-eastern-suburbs/randwick,Randwick Electrician | Sydney City & Eastern Suburbs,"Need an electrician in Randwick? Evaready helps with urgent faults, Level 2 work, switchboards, consumer mains, defect notices and planned electrical jobs.","Randwick Electrician - Emergency, Level 2 & Planned Work",979,yes,yes,yes,yes,yes,yes,yes,yes,yes,yes,yes,core,,,,,,,
/service-areas/sydney-city-and-eastern-suburbs/randwick/centennial-park,suburb page,yes,https://c0d312.github.io/evaready-electrical/service-areas/sydney-city-and-eastern-suburbs/randwick/centennial-park,Electrician Centennial Park 2021 | Emergency & Level 2,"Evaready helps Centennial Park with urgent faults, Level 2 ASP work, switchboards, hot water electrical, aircon, CCTV/data and planned electrical work.",Electrician Centennial Park 2021,2870,yes,yes,yes,yes,yes,yes,yes,yes,yes,yes,yes,core,,,,,,,
/service-areas/sydney-city-and-eastern-suburbs/randwick/chifley,suburb page,yes,https://c0d312.github.io/evaready-electrical/service-areas/sydney-city-and-eastern-suburbs/randwick/chifley,Electrician Chifley 2036 | Emergency & Level 2,"Evaready helps Chifley with urgent faults, Level 2 ASP work, switchboards, hot water electrical, aircon, CCTV/data and planned electrical work.",Electrician Chifley 2036,2764,yes,yes,yes,yes,yes,yes,yes,yes,yes,yes,yes,core,,,,,,,
/service-areas/sydney-city-and-eastern-suburbs/randwick/clovelly,suburb page,yes,https://c0d312.github.io/evaready-electrical/service-areas/sydney-city-and-eastern-suburbs/randwick/clovelly,Electrician Clovelly 2031 | Emergency & Level 2,"Need an electrician in Clovelly? Evaready helps with emergency faults, Level 2 ASP work, switchboards, hot water, aircon, CCTV/data and general.",Electrician Clovelly 2031,2782,yes,yes,yes,yes,yes,yes,yes,yes,yes,yes,yes,core,,,,,,,
/service-areas/sydney-city-and-eastern-suburbs/randwick/coogee,suburb page,yes,https://c0d312.github.io/evaready-electrical/service-areas/sydney-city-and-eastern-suburbs/randwick/coogee,Electrician Coogee 2034 | Emergency & Level 2,"Need an electrician in Coogee? Evaready Electrical helps with coastal electrical faults, outdoor lighting, switchboard upgrades, smoke alarms, power.",Electrician Coogee 2034,2710,yes,yes,yes,yes,yes,yes,yes,yes,yes,yes,yes,core,,,,,,,
/service-areas/sydney-city-and-eastern-suburbs/randwick/kensington,suburb page,yes,https://c0d312.github.io/evaready-electrical/service-areas/sydney-city-and-eastern-suburbs/randwick/kensington,Electrician Kensington 2033 | Emergency & Level 2,"Evaready helps Kensington with urgent faults, Level 2 ASP work, switchboards, hot water electrical, aircon, CCTV/data and planned electrical work.",Electrician Kensington 2033,2862,yes,yes,yes,yes,yes,yes,yes,yes,yes,yes,yes,core,,,,,,,
/service-areas/sydney-city-and-eastern-suburbs/randwick/kingsford,suburb page,yes,https://c0d312.github.io/evaready-electrical/service-areas/sydney-city-and-eastern-suburbs/randwick/kingsford,Electrician Kingsford 2032 | Emergency & Level 2,"Need electrical help in Kingsford 2032? Emergency faults, Level 2 ASP, switchboards, hot water, aircon, CCTV/data and general electrical work across.",Electrician Kingsford 2032,2753,yes,yes,yes,yes,yes,yes,yes,yes,yes,yes,yes,core,,,,,,,
/service-areas/sydney-city-and-eastern-suburbs/randwick/la-perouse,suburb page,yes,https://c0d312.github.io/evaready-electrical/service-areas/sydney-city-and-eastern-suburbs/randwick/la-perouse,Electrician La Perouse 2036 | Emergency & Level 2,"Need an electrician in La Perouse? Evaready helps with emergency faults, Level 2 ASP work, switchboards, hot water, aircon, CCTV/data and general.",Electrician La Perouse 2036,2900,yes,yes,yes,yes,yes,yes,yes,yes,yes,yes,yes,core,,,,,,,
/service-areas/sydney-city-and-eastern-suburbs/randwick/little-bay,suburb page,yes,https://c0d312.github.io/evaready-electrical/service-areas/sydney-city-and-eastern-suburbs/randwick/little-bay,Electrician Little Bay 2036 | Emergency & Level 2,"Evaready helps Little Bay with urgent faults, Level 2 ASP work, switchboards, hot water electrical, aircon, CCTV/data and planned electrical work.",Electrician Little Bay 2036,2828,yes,yes,yes,yes,yes,yes,yes,yes,yes,yes,yes,core,,,,,,,
/service-areas/sydney-city-and-eastern-suburbs/randwick/malabar,suburb page,yes,https://c0d312.github.io/evaready-electrical/service-areas/sydney-city-and-eastern-suburbs/randwick/malabar,Electrician Malabar 2036 | Emergency & Level 2,"Need an electrician in Malabar? Evaready helps with emergency faults, Level 2 ASP work, switchboards, hot water, aircon, CCTV/data and general.",Electrician Malabar 2036,2760,yes,yes,yes,yes,yes,yes,yes,yes,yes,yes,yes,core,,,,,,,
/service-areas/sydney-city-and-eastern-suburbs/randwick/maroubra,suburb page,yes,https://c0d312.github.io/evaready-electrical/service-areas/sydney-city-and-eastern-suburbs/randwick/maroubra,Electrician Maroubra 2035 | Emergency & Level 2,"Need an electrician in Maroubra? Evaready Electrical helps with urgent faults, outdoor lighting, switchboards, smoke alarms, power, CCTV, data.",Electrician Maroubra 2035,2761,yes,yes,yes,yes,yes,yes,yes,yes,yes,yes,yes,core,,,,,,,
/service-areas/sydney-city-and-eastern-suburbs/randwick/matraville,suburb page,yes,https://c0d312.github.io/evaready-electrical/service-areas/sydney-city-and-eastern-suburbs/randwick/matraville,Electrician Matraville 2036 | Emergency & Level 2,"Evaready helps Matraville with urgent faults, Level 2 ASP work, switchboards, hot water electrical, aircon, CCTV/data and planned electrical work.",Electrician Matraville 2036,2813,yes,yes,yes,yes,yes,yes,yes,yes,yes,yes,yes,core,,,,,,,
/service-areas/sydney-city-and-eastern-suburbs/randwick/phillip-bay,suburb page,yes,https://c0d312.github.io/evaready-electrical/service-areas/sydney-city-and-eastern-suburbs/randwick/phillip-bay,Electrician Phillip Bay 2036 | Emergency & Level 2,"Need an electrician in Phillip Bay? Evaready helps with emergency faults, Level 2 ASP work, switchboards, hot water, aircon, CCTV/data and general.",Electrician Phillip Bay 2036,2866,yes,yes,yes,yes,yes,yes,yes,yes,yes,yes,yes,core,,,,,,,
/service-areas/sydney-city-and-eastern-suburbs/randwick/randwick,suburb page,yes,https://c0d312.github.io/evaready-electrical/service-areas/sydney-city-and-eastern-suburbs/randwick/randwick,Electrician Randwick 2031 | Emergency & Level 2,"Need an electrician in Randwick? Evaready Electrical helps with urgent faults, lighting, power, switchboards, smoke alarms, data and CCTV.",Electrician Randwick 2031,2873,yes,yes,yes,yes,yes,yes,yes,yes,yes,yes,yes,core,,,,,,,
/service-areas/sydney-city-and-eastern-suburbs/randwick/south-coogee,suburb page,yes,https://c0d312.github.io/evaready-electrical/service-areas/sydney-city-and-eastern-suburbs/randwick/south-coogee,Electrician South Coogee 2034 | Emergency & Level 2,"Need electrical help in South Coogee 2034? Emergency faults, Level 2 ASP, switchboards, hot water, aircon, CCTV/data and general electrical work.",Electrician South Coogee 2034,2891,yes,yes,yes,yes,yes,yes,yes,yes,yes,yes,yes,core,,,,,,,
/service-areas/sydney-city-and-eastern-suburbs/sydney,area page,yes,https://c0d312.github.io/evaready-electrical/service-areas/sydney-city-and-eastern-suburbs/sydney,Sydney Electrician | Sydney City & Eastern Suburbs,"Need an electrician in Sydney? Evaready helps with urgent faults, Level 2 work, switchboards, consumer mains, defect notices and planned electrical jobs.","Sydney Electrician - Emergency, Level 2 & Planned Work",1035,yes,yes,yes,yes,yes,yes,yes,yes,yes,yes,yes,core,,,,,,,
/service-areas/sydney-city-and-eastern-suburbs/sydney/alexandria,suburb page,yes,https://c0d312.github.io/evaready-electrical/service-areas/sydney-city-and-eastern-suburbs/sydney/alexandria,Electrician Alexandria 2015 | Emergency & Level 2,"Evaready Electrical helps with commercial maintenance, fault finding, lighting, power, data, CCTV and three-phase enquiries.",Electrician Alexandria 2015,2816,yes,yes,yes,yes,yes,yes,yes,yes,yes,yes,yes,core,,,,,,,
/service-areas/sydney-city-and-eastern-suburbs/sydney/barangaroo,suburb page,yes,https://c0d312.github.io/evaready-electrical/service-areas/sydney-city-and-eastern-suburbs/sydney/barangaroo,Electrician Barangaroo 2000 | Emergency & Level 2,"Need electrical help in Barangaroo 2000? Emergency faults, Level 2 ASP, switchboards, hot water, aircon, CCTV/data and general electrical work across.",Electrician Barangaroo 2000,2808,yes,yes,yes,yes,yes,yes,yes,yes,yes,yes,yes,core,,,,,,,
/service-areas/sydney-city-and-eastern-suburbs/sydney/beaconsfield,suburb page,yes,https://c0d312.github.io/evaready-electrical/service-areas/sydney-city-and-eastern-suburbs/sydney/beaconsfield,Electrician Beaconsfield 2015 | Emergency & Level 2,"Need electrical help in Beaconsfield 2015? Emergency faults, Level 2 ASP, switchboards, hot water, aircon, CCTV/data and general electrical work.",Electrician Beaconsfield 2015,2797,yes,yes,yes,yes,yes,yes,yes,yes,yes,yes,yes,core,,,,,,,
/service-areas/sydney-city-and-eastern-suburbs/sydney/chippendale,suburb page,yes,https://c0d312.github.io/evaready-electrical/service-areas/sydney-city-and-eastern-suburbs/sydney/chippendale,Electrician Chippendale 2008 | Emergency & Level 2,"Evaready helps Chippendale with urgent faults, Level 2 ASP work, switchboards, hot water electrical, aircon, CCTV/data and planned electrical work.",Electrician Chippendale 2008,2824,yes,yes,yes,yes,yes,yes,yes,yes,yes,yes,yes,core,,,,,,,
/service-areas/sydney-city-and-eastern-suburbs/sydney/darlinghurst,suburb page,yes,https://c0d312.github.io/evaready-electrical/service-areas/sydney-city-and-eastern-suburbs/sydney/darlinghurst,Electrician Darlinghurst 2010 | Emergency & Level 2,"Evaready helps Darlinghurst with urgent faults, Level 2 ASP work, switchboards, hot water electrical, aircon, CCTV/data and planned electrical work.",Electrician Darlinghurst 2010,2794,yes,yes,yes,yes,yes,yes,yes,yes,yes,yes,yes,core,,,,,,,
/service-areas/sydney-city-and-eastern-suburbs/sydney/darlington,suburb page,yes,https://c0d312.github.io/evaready-electrical/service-areas/sydney-city-and-eastern-suburbs/sydney/darlington,Electrician Darlington 2008 | Emergency & Level 2,"Need electrical help in Darlington 2008? Emergency faults, Level 2 ASP, switchboards, hot water, aircon, CCTV/data and general electrical work across.",Electrician Darlington 2008,2799,yes,yes,yes,yes,yes,yes,yes,yes,yes,yes,yes,core,,,,,,,
/service-areas/sydney-city-and-eastern-suburbs/sydney/dawes-point,suburb page,yes,https://c0d312.github.io/evaready-electrical/service-areas/sydney-city-and-eastern-suburbs/sydney/dawes-point,Electrician Dawes Point 2000 | Emergency & Level 2,"Need an electrician in Dawes Point? Evaready helps with emergency faults, Level 2 ASP work, switchboards, hot water, aircon, CCTV/data and general.",Electrician Dawes Point 2000,2892,yes,yes,yes,yes,yes,yes,yes,yes,yes,yes,yes,core,,,,,,,
/service-areas/sydney-city-and-eastern-suburbs/sydney/elizabeth-bay,suburb page,yes,https://c0d312.github.io/evaready-electrical/service-areas/sydney-city-and-eastern-suburbs/sydney/elizabeth-bay,Electrician Elizabeth Bay 2011 | Emergency & Level 2,"Evaready helps Elizabeth Bay with urgent faults, Level 2 ASP work, switchboards, hot water electrical, aircon, CCTV/data and planned electrical work.",Electrician Elizabeth Bay 2011,2859,yes,yes,yes,yes,yes,yes,yes,yes,yes,yes,yes,core,,,,,,,
/service-areas/sydney-city-and-eastern-suburbs/sydney/erskineville,suburb page,yes,https://c0d312.github.io/evaready-electrical/service-areas/sydney-city-and-eastern-suburbs/sydney/erskineville,Electrician Erskineville 2043 | Emergency & Level 2,"Need electrical help in Erskineville 2043? Emergency faults, Level 2 ASP, switchboards, hot water, aircon, CCTV/data and general electrical work.",Electrician Erskineville 2043,2803,yes,yes,yes,yes,yes,yes,yes,yes,yes,yes,yes,core,,,,,,,
/service-areas/sydney-city-and-eastern-suburbs/sydney/eveleigh,suburb page,yes,https://c0d312.github.io/evaready-electrical/service-areas/sydney-city-and-eastern-suburbs/sydney/eveleigh,Electrician Eveleigh 2015 | Emergency & Level 2,"Need an electrician in Eveleigh? Evaready helps with emergency faults, Level 2 ASP work, switchboards, hot water, aircon, CCTV/data and general.",Electrician Eveleigh 2015,2759,yes,yes,yes,yes,yes,yes,yes,yes,yes,yes,yes,core,,,,,,,
/service-areas/sydney-city-and-eastern-suburbs/sydney/forest-lodge,suburb page,yes,https://c0d312.github.io/evaready-electrical/service-areas/sydney-city-and-eastern-suburbs/sydney/forest-lodge,Electrician Forest Lodge 2037 | Emergency & Level 2,"Need an electrician in Forest Lodge? Evaready helps with emergency faults, Level 2 ASP work, switchboards, hot water, aircon, CCTV/data and general.",Electrician Forest Lodge 2037,2854,yes,yes,yes,yes,yes,yes,yes,yes,yes,yes,yes,core,,,,,,,
/service-areas/sydney-city-and-eastern-suburbs/sydney/glebe,suburb page,yes,https://c0d312.github.io/evaready-electrical/service-areas/sydney-city-and-eastern-suburbs/sydney/glebe,Electrician Glebe 2037 | Emergency & Level 2,"Need an electrician in Glebe? Evaready helps with emergency faults, Level 2 ASP work, switchboards, hot water, aircon, CCTV/data and general.",Electrician Glebe 2037,2748,yes,yes,yes,yes,yes,yes,yes,yes,yes,yes,yes,core,,,,,,,
/service-areas/sydney-city-and-eastern-suburbs/sydney/haymarket,suburb page,yes,https://c0d312.github.io/evaready-electrical/service-areas/sydney-city-and-eastern-suburbs/sydney/haymarket,Electrician Haymarket 2000 | Emergency & Level 2,"Need an electrician in Haymarket? Evaready helps with emergency faults, Level 2 ASP work, switchboards, hot water, aircon, CCTV/data and general.",Electrician Haymarket 2000,2771,yes,yes,yes,yes,yes,yes,yes,yes,yes,yes,yes,core,,,,,,,
/service-areas/sydney-city-and-eastern-suburbs/sydney/millers-point,suburb page,yes,https://c0d312.github.io/evaready-electrical/service-areas/sydney-city-and-eastern-suburbs/sydney/millers-point,Electrician Millers Point 2000 | Emergency & Level 2,"Evaready helps Millers Point with urgent faults, Level 2 ASP work, switchboards, hot water electrical, aircon, CCTV/data and planned electrical work.",Electrician Millers Point 2000,2933,yes,yes,yes,yes,yes,yes,yes,yes,yes,yes,yes,core,,,,,,,
/service-areas/sydney-city-and-eastern-suburbs/sydney/moore-park,suburb page,yes,https://c0d312.github.io/evaready-electrical/service-areas/sydney-city-and-eastern-suburbs/sydney/moore-park,Electrician Moore Park 2021 | Emergency & Level 2,"Evaready helps Moore Park with urgent faults, Level 2 ASP work, switchboards, hot water electrical, aircon, CCTV/data and planned electrical work.",Electrician Moore Park 2021,2835,yes,yes,yes,yes,yes,yes,yes,yes,yes,yes,yes,core,,,,,,,
/service-areas/sydney-city-and-eastern-suburbs/sydney/paddington,suburb page,yes,https://c0d312.github.io/evaready-electrical/service-areas/sydney-city-and-eastern-suburbs/sydney/paddington,Electrician Paddington 2021 | Emergency & Level 2,"Need an electrician in Paddington? Evaready helps with emergency faults, Level 2 ASP work, switchboards, hot water, aircon, CCTV/data and general.",Electrician Paddington 2021,2787,yes,yes,yes,yes,yes,yes,yes,yes,yes,yes,yes,core,,,,,,,
/service-areas/sydney-city-and-eastern-suburbs/sydney/potts-point,suburb page,yes,https://c0d312.github.io/evaready-electrical/service-areas/sydney-city-and-eastern-suburbs/sydney/potts-point,Electrician Potts Point 2011 | Emergency & Level 2,"Evaready helps Potts Point with urgent faults, Level 2 ASP work, switchboards, hot water electrical, aircon, CCTV/data and planned electrical work.",Electrician Potts Point 2011,2897,yes,yes,yes,yes,yes,yes,yes,yes,yes,yes,yes,core,,,,,,,
/service-areas/sydney-city-and-eastern-suburbs/sydney/pyrmont,suburb page,yes,https://c0d312.github.io/evaready-electrical/service-areas/sydney-city-and-eastern-suburbs/sydney/pyrmont,Electrician Pyrmont 2009 | Emergency & Level 2,"Need an electrician in Pyrmont? Evaready helps with emergency faults, Level 2 ASP work, switchboards, hot water, aircon, CCTV/data and general.",Electrician Pyrmont 2009,2846,yes,yes,yes,yes,yes,yes,yes,yes,yes,yes,yes,core,,,,,,,
/service-areas/sydney-city-and-eastern-suburbs/sydney/redfern,suburb page,yes,https://c0d312.github.io/evaready-electrical/service-areas/sydney-city-and-eastern-suburbs/sydney/redfern,Electrician Redfern 2016 | Emergency & Level 2,"Need an electrician in Redfern? Evaready helps with emergency faults, Level 2 ASP work, switchboards, hot water, aircon, CCTV/data and general.",Electrician Redfern 2016,2803,yes,yes,yes,yes,yes,yes,yes,yes,yes,yes,yes,core,,,,,,,
/service-areas/sydney-city-and-eastern-suburbs/sydney/rushcutters-bay,suburb page,yes,https://c0d312.github.io/evaready-electrical/service-areas/sydney-city-and-eastern-suburbs/sydney/rushcutters-bay,Electrician Rushcutters Bay 2011 | Emergency & Level 2,"Need an electrician in Rushcutters Bay? Evaready helps with emergency faults, Level 2 ASP work, switchboards, hot water, aircon, CCTV/data and general.",Electrician Rushcutters Bay 2011,2845,yes,yes,yes,yes,yes,yes,yes,yes,yes,yes,yes,core,,,,,,,
/service-areas/sydney-city-and-eastern-suburbs/sydney/surry-hills,suburb page,yes,https://c0d312.github.io/evaready-electrical/service-areas/sydney-city-and-eastern-suburbs/sydney/surry-hills,Electrician Surry Hills 2010 | Emergency & Level 2,"Need an electrician in Surry Hills? Evaready Electrical helps with urgent faults, lighting, power, data, switchboards, CCTV and maintenance work.",Electrician Surry Hills 2010,2969,yes,yes,yes,yes,yes,yes,yes,yes,yes,yes,yes,core,,,,,,,
/service-areas/sydney-city-and-eastern-suburbs/sydney/sydney,suburb page,yes,https://c0d312.github.io/evaready-electrical/service-areas/sydney-city-and-eastern-suburbs/sydney/sydney,Electrician Sydney 2000 | Emergency & Level 2,"Evaready helps Sydney with urgent faults, Level 2 ASP work, switchboards, hot water electrical, aircon, CCTV/data and planned electrical work.",Electrician Sydney 2000,2846,yes,yes,yes,yes,yes,yes,yes,yes,yes,yes,yes,core,,,,,,,
/service-areas/sydney-city-and-eastern-suburbs/sydney/the-rocks,suburb page,yes,https://c0d312.github.io/evaready-electrical/service-areas/sydney-city-and-eastern-suburbs/sydney/the-rocks,Electrician The Rocks 2000 | Emergency & Level 2,"Need an electrician in The Rocks? Evaready helps with emergency faults, Level 2 ASP work, switchboards, hot water, aircon, CCTV/data and general.",Electrician The Rocks 2000,2880,yes,yes,yes,yes,yes,yes,yes,yes,yes,yes,yes,core,,,,,,,
/service-areas/sydney-city-and-eastern-suburbs/sydney/ultimo,suburb page,yes,https://c0d312.github.io/evaready-electrical/service-areas/sydney-city-and-eastern-suburbs/sydney/ultimo,Electrician Ultimo 2007 | Emergency & Level 2,"Evaready helps Ultimo with urgent faults, Level 2 ASP work, switchboards, hot water electrical, aircon, CCTV/data and planned electrical work.",Electrician Ultimo 2007,2772,yes,yes,yes,yes,yes,yes,yes,yes,yes,yes,yes,core,,,,,,,
/service-areas/sydney-city-and-eastern-suburbs/sydney/waterloo,suburb page,yes,https://c0d312.github.io/evaready-electrical/service-areas/sydney-city-and-eastern-suburbs/sydney/waterloo,Electrician Waterloo 2017 | Emergency & Level 2,"Evaready helps Waterloo with urgent faults, Level 2 ASP work, switchboards, hot water electrical, aircon, CCTV/data and planned electrical work.",Electrician Waterloo 2017,2842,yes,yes,yes,yes,yes,yes,yes,yes,yes,yes,yes,core,,,,,,,
/service-areas/sydney-city-and-eastern-suburbs/sydney/woolloomooloo,suburb page,yes,https://c0d312.github.io/evaready-electrical/service-areas/sydney-city-and-eastern-suburbs/sydney/woolloomooloo,Electrician Woolloomooloo 2011 | Emergency & Level 2,"Need an electrician in Woolloomooloo? Evaready helps with emergency faults, Level 2 ASP work, switchboards, hot water, aircon, CCTV/data and general.",Electrician Woolloomooloo 2011,2843,yes,yes,yes,yes,yes,yes,yes,yes,yes,yes,yes,core,,,,,,,
/service-areas/sydney-city-and-eastern-suburbs/sydney/zetland,suburb page,yes,https://c0d312.github.io/evaready-electrical/service-areas/sydney-city-and-eastern-suburbs/sydney/zetland,Electrician Zetland 2017 | Emergency & Level 2,"Evaready Electrical helps with fault finding, lighting, power, EV-ready circuits, smoke alarms, data and CCTV.",Electrician Zetland 2017,2886,yes,yes,yes,yes,yes,yes,yes,yes,yes,yes,yes,core,,,,,,,
/service-areas/sydney-city-and-eastern-suburbs/waverley,area page,yes,https://c0d312.github.io/evaready-electrical/service-areas/sydney-city-and-eastern-suburbs/waverley,Waverley Electrician | Sydney City & Eastern Suburbs,"Need an electrician in Waverley? Evaready helps with urgent faults, Level 2 work, switchboards, consumer mains, defect notices and planned electrical jobs.","Waverley Electrician - Emergency, Level 2 & Planned Work",987,yes,yes,yes,yes,yes,yes,yes,yes,yes,yes,yes,core,,,,,,,
/service-areas/sydney-city-and-eastern-suburbs/waverley/bondi,suburb page,yes,https://c0d312.github.io/evaready-electrical/service-areas/sydney-city-and-eastern-suburbs/waverley/bondi,Electrician Bondi 2026 | Emergency & Level 2,"Need electrical help in Bondi 2026? Evaready Electrical helps with electrical faults, switchboards, outdoor lighting, smoke alarms, power, data and CCTV.",Electrician Bondi 2026,2910,yes,yes,yes,yes,yes,yes,yes,yes,yes,yes,yes,core,,,,,,,
/service-areas/sydney-city-and-eastern-suburbs/waverley/bondi-beach,suburb page,yes,https://c0d312.github.io/evaready-electrical/service-areas/sydney-city-and-eastern-suburbs/waverley/bondi-beach,Electrician Bondi Beach 2026 | Emergency & Level 2,"Need electrical help in Bondi Beach 2026? Emergency faults, Level 2 ASP, switchboards, hot water, aircon, CCTV/data and general electrical work across.",Electrician Bondi Beach 2026,2909,yes,yes,yes,yes,yes,yes,yes,yes,yes,yes,yes,core,,,,,,,
/service-areas/sydney-city-and-eastern-suburbs/waverley/bondi-junction,suburb page,yes,https://c0d312.github.io/evaready-electrical/service-areas/sydney-city-and-eastern-suburbs/waverley/bondi-junction,Electrician Bondi Junction 2022 | Emergency & Level 2,"Evaready Electrical helps with urgent faults, commercial lighting, power, data, CCTV, switchboards and Level 2 enquiries.",Electrician Bondi Junction 2022,3012,yes,yes,yes,yes,yes,yes,yes,yes,yes,yes,yes,core,,,,,,,
/service-areas/sydney-city-and-eastern-suburbs/waverley/bronte,suburb page,yes,https://c0d312.github.io/evaready-electrical/service-areas/sydney-city-and-eastern-suburbs/waverley/bronte,Electrician Bronte 2024 | Emergency & Level 2,"Need an electrician in Bronte? Evaready helps with emergency faults, Level 2 ASP work, switchboards, hot water, aircon, CCTV/data and general.",Electrician Bronte 2024,2795,yes,yes,yes,yes,yes,yes,yes,yes,yes,yes,yes,core,,,,,,,
/service-areas/sydney-city-and-eastern-suburbs/waverley/dover-heights,suburb page,yes,https://c0d312.github.io/evaready-electrical/service-areas/sydney-city-and-eastern-suburbs/waverley/dover-heights,Electrician Dover Heights 2030 | Emergency & Level 2,"Need an electrician in Dover Heights? Evaready helps with emergency faults, Level 2 ASP work, switchboards, hot water, aircon, CCTV/data and general.",Electrician Dover Heights 2030,2872,yes,yes,yes,yes,yes,yes,yes,yes,yes,yes,yes,core,,,,,,,
/service-areas/sydney-city-and-eastern-suburbs/waverley/north-bondi,suburb page,yes,https://c0d312.github.io/evaready-electrical/service-areas/sydney-city-and-eastern-suburbs/waverley/north-bondi,Electrician North Bondi 2026 | Emergency & Level 2,"Evaready helps North Bondi with urgent faults, Level 2 ASP work, switchboards, hot water electrical, aircon, CCTV/data and planned electrical work.",Electrician North Bondi 2026,2851,yes,yes,yes,yes,yes,yes,yes,yes,yes,yes,yes,core,,,,,,,
/service-areas/sydney-city-and-eastern-suburbs/waverley/queens-park,suburb page,yes,https://c0d312.github.io/evaready-electrical/service-areas/sydney-city-and-eastern-suburbs/waverley/queens-park,Electrician Queens Park 2022 | Emergency & Level 2,"Evaready helps Queens Park with urgent faults, Level 2 ASP work, switchboards, hot water electrical, aircon, CCTV/data and planned electrical work.",Electrician Queens Park 2022,2875,yes,yes,yes,yes,yes,yes,yes,yes,yes,yes,yes,core,,,,,,,
/service-areas/sydney-city-and-eastern-suburbs/waverley/rose-bay,suburb page,yes,https://c0d312.github.io/evaready-electrical/service-areas/sydney-city-and-eastern-suburbs/waverley/rose-bay,Electrician Rose Bay 2029 | Emergency & Level 2,"Need electrical help in Rose Bay 2029? Emergency faults, Level 2 ASP, switchboards, hot water, aircon, CCTV/data and general electrical work across.",Electrician Rose Bay 2029,2913,yes,yes,yes,yes,yes,yes,yes,yes,yes,yes,yes,core,,,,,,,
/service-areas/sydney-city-and-eastern-suburbs/waverley/tamarama,suburb page,yes,https://c0d312.github.io/evaready-electrical/service-areas/sydney-city-and-eastern-suburbs/waverley/tamarama,Electrician Tamarama 2026 | Emergency & Level 2,"Evaready helps Tamarama with urgent faults, Level 2 ASP work, switchboards, hot water electrical, aircon, CCTV/data and planned electrical work.",Electrician Tamarama 2026,2886,yes,yes,yes,yes,yes,yes,yes,yes,yes,yes,yes,core,,,,,,,
/service-areas/sydney-city-and-eastern-suburbs/waverley/vaucluse,suburb page,yes,https://c0d312.github.io/evaready-electrical/service-areas/sydney-city-and-eastern-suburbs/waverley/vaucluse,Electrician Vaucluse 2030 | Emergency & Level 2,"Need electrical help in Vaucluse 2030? Emergency faults, Level 2 ASP, switchboards, hot water, aircon, CCTV/data and general electrical work across.",Electrician Vaucluse 2030,2799,yes,yes,yes,yes,yes,yes,yes,yes,yes,yes,yes,core,,,,,,,
/service-areas/sydney-city-and-eastern-suburbs/waverley/waverley,suburb page,yes,https://c0d312.github.io/evaready-electrical/service-areas/sydney-city-and-eastern-suburbs/waverley/waverley,Electrician Waverley 2024 | Emergency & Level 2,"Evaready helps Waverley with urgent faults, Level 2 ASP work, switchboards, hot water electrical, aircon, CCTV/data and planned electrical work.",Electrician Waverley 2024,2799,yes,yes,yes,yes,yes,yes,yes,yes,yes,yes,yes,core,,,,,,,
/service-areas/sydney-city-and-eastern-suburbs/woollahra,area page,yes,https://c0d312.github.io/evaready-electrical/service-areas/sydney-city-and-eastern-suburbs/woollahra,Woollahra Electrician | Sydney City & Eastern Suburbs,"Need an electrician in Woollahra? Evaready helps with urgent faults, Level 2 work, switchboards, consumer mains, defect notices and planned electrical jobs.","Woollahra Electrician - Emergency, Level 2 & Planned Work",978,yes,yes,yes,yes,yes,yes,yes,yes,yes,yes,yes,core,,,,,,,
/service-areas/sydney-city-and-eastern-suburbs/woollahra/bellevue-hill,suburb page,yes,https://c0d312.github.io/evaready-electrical/service-areas/sydney-city-and-eastern-suburbs/woollahra/bellevue-hill,Electrician Bellevue Hill 2023 | Emergency & Level 2,"Need an electrician in Bellevue Hill? Evaready helps with emergency faults, Level 2 ASP work, switchboards, hot water, aircon, CCTV/data and general.",Electrician Bellevue Hill 2023,2869,yes,yes,yes,yes,yes,yes,yes,yes,yes,yes,yes,core,,,,,,,
/service-areas/sydney-city-and-eastern-suburbs/woollahra/darling-point,suburb page,yes,https://c0d312.github.io/evaready-electrical/service-areas/sydney-city-and-eastern-suburbs/woollahra/darling-point,Electrician Darling Point 2027 | Emergency & Level 2,"Need an electrician in Darling Point? Evaready helps with emergency faults, Level 2 ASP work, switchboards, hot water, aircon, CCTV/data and general.",Electrician Darling Point 2027,2880,yes,yes,yes,yes,yes,yes,yes,yes,yes,yes,yes,core,,,,,,,
/service-areas/sydney-city-and-eastern-suburbs/woollahra/double-bay,suburb page,yes,https://c0d312.github.io/evaready-electrical/service-areas/sydney-city-and-eastern-suburbs/woollahra/double-bay,Electrician Double Bay 2028 | Emergency & Level 2,"Need electrical help in Double Bay 2028? Emergency faults, Level 2 ASP, switchboards, hot water, aircon, CCTV/data and general electrical work across.",Electrician Double Bay 2028,2945,yes,yes,yes,yes,yes,yes,yes,yes,yes,yes,yes,core,,,,,,,
/service-areas/sydney-city-and-eastern-suburbs/woollahra/edgecliff,suburb page,yes,https://c0d312.github.io/evaready-electrical/service-areas/sydney-city-and-eastern-suburbs/woollahra/edgecliff,Electrician Edgecliff 2027 | Emergency & Level 2,"Evaready helps Edgecliff with urgent faults, Level 2 ASP work, switchboards, hot water electrical, aircon, CCTV/data and planned electrical work.",Electrician Edgecliff 2027,2884,yes,yes,yes,yes,yes,yes,yes,yes,yes,yes,yes,core,,,,,,,
/service-areas/sydney-city-and-eastern-suburbs/woollahra/point-piper,suburb page,yes,https://c0d312.github.io/evaready-electrical/service-areas/sydney-city-and-eastern-suburbs/woollahra/point-piper,Electrician Point Piper 2027 | Emergency & Level 2,"Need electrical help in Point Piper 2027? Emergency faults, Level 2 ASP, switchboards, hot water, aircon, CCTV/data and general electrical work across.",Electrician Point Piper 2027,2880,yes,yes,yes,yes,yes,yes,yes,yes,yes,yes,yes,core,,,,,,,
/service-areas/sydney-city-and-eastern-suburbs/woollahra/watsons-bay,suburb page,yes,https://c0d312.github.io/evaready-electrical/service-areas/sydney-city-and-eastern-suburbs/woollahra/watsons-bay,Electrician Watsons Bay 2030 | Emergency & Level 2,"Need electrical help in Watsons Bay 2030? Emergency faults, Level 2 ASP, switchboards, hot water, aircon, CCTV/data and general electrical work across.",Electrician Watsons Bay 2030,2903,yes,yes,yes,yes,yes,yes,yes,yes,yes,yes,yes,core,,,,,,,
/service-areas/sydney-city-and-eastern-suburbs/woollahra/woollahra,suburb page,yes,https://c0d312.github.io/evaready-electrical/service-areas/sydney-city-and-eastern-suburbs/woollahra/woollahra,Electrician Woollahra 2025 | Emergency & Level 2,"Need electrical help in Woollahra 2025? Emergency faults, Level 2 ASP, switchboards, hot water, aircon, CCTV/data and general electrical work across.",Electrician Woollahra 2025,2872,yes,yes,yes,yes,yes,yes,yes,yes,yes,yes,yes,core,,,,,,,
/service-areas/western-sydney-and-nepean,region page,yes,https://c0d312.github.io/evaready-electrical/service-areas/western-sydney-and-nepean,Western Sydney & Nepean Electrician | Emergency & Level 2,"Need an electrician in Western Sydney & Nepean? Evaready helps with urgent faults, Level 2 work, switchboards, consumer mains, defect notices and planned.","Western Sydney & Nepean Electrician - Emergency, Level 2 & Planned Work",1057,yes,yes,yes,yes,yes,yes,yes,yes,yes,yes,yes,greater,,,,,,,
/service-areas/western-sydney-and-nepean/blacktown,area page,yes,https://c0d312.github.io/evaready-electrical/service-areas/western-sydney-and-nepean/blacktown,Blacktown Electrician | Western Sydney & Nepean,"Need an electrician in Blacktown? Evaready helps with urgent faults, Level 2 work, switchboards, consumer mains, defect notices and planned electrical jobs.","Blacktown Electrician - Emergency, Level 2 & Planned Work",1118,yes,yes,yes,yes,yes,yes,yes,yes,yes,yes,yes,greater,,,,,,,
/service-areas/western-sydney-and-nepean/blacktown/acacia-gardens,suburb page,yes,https://c0d312.github.io/evaready-electrical/service-areas/western-sydney-and-nepean/blacktown/acacia-gardens,Electrician Acacia Gardens 2763 | Emergency & Level 2,"Need electrical help in Acacia Gardens 2763? Emergency faults, Level 2 ASP, switchboards, hot water, aircon, CCTV/data and general electrical work.",Electrician Acacia Gardens 2763,2927,yes,yes,yes,yes,yes,yes,yes,yes,yes,yes,yes,greater,,,,,,,
/service-areas/western-sydney-and-nepean/blacktown/arndell-park,suburb page,yes,https://c0d312.github.io/evaready-electrical/service-areas/western-sydney-and-nepean/blacktown/arndell-park,Electrician Arndell Park 2148 | Emergency & Level 2,"Need an electrician in Arndell Park? Evaready helps with emergency faults, Level 2 ASP work, switchboards, hot water, aircon, CCTV/data and general.",Electrician Arndell Park 2148,2808,yes,yes,yes,yes,yes,yes,yes,yes,yes,yes,yes,greater,,,,,,,
/service-areas/western-sydney-and-nepean/blacktown/bidwill,suburb page,yes,https://c0d312.github.io/evaready-electrical/service-areas/western-sydney-and-nepean/blacktown/bidwill,Electrician Bidwill 2770 | Emergency & Level 2,"Need electrical help in Bidwill 2770? Emergency faults, Level 2 ASP, switchboards, hot water, aircon, CCTV/data and general electrical work across.",Electrician Bidwill 2770,2783,yes,yes,yes,yes,yes,yes,yes,yes,yes,yes,yes,greater,,,,,,,
/service-areas/western-sydney-and-nepean/blacktown/blackett,suburb page,yes,https://c0d312.github.io/evaready-electrical/service-areas/western-sydney-and-nepean/blacktown/blackett,Electrician Blackett 2770 | Emergency & Level 2,"Need an electrician in Blackett? Evaready helps with emergency faults, Level 2 ASP work, switchboards, hot water, aircon, CCTV/data and general.",Electrician Blackett 2770,2780,yes,yes,yes,yes,yes,yes,yes,yes,yes,yes,yes,greater,,,,,,,
/service-areas/western-sydney-and-nepean/blacktown/blacktown,suburb page,yes,https://c0d312.github.io/evaready-electrical/service-areas/western-sydney-and-nepean/blacktown/blacktown,Electrician Blacktown 2148 | Emergency & Level 2,"Evaready Electrical helps with emergency faults, switchboards, lighting, power, data, CCTV and Level 2 enquiries.",Electrician Blacktown 2148,2829,yes,yes,yes,yes,yes,yes,yes,yes,yes,yes,yes,greater,,,,,,,
/service-areas/western-sydney-and-nepean/blacktown/bungarribee,suburb page,yes,https://c0d312.github.io/evaready-electrical/service-areas/western-sydney-and-nepean/blacktown/bungarribee,Electrician Bungarribee 2767 | Emergency & Level 2,"Evaready helps Bungarribee with urgent faults, Level 2 ASP work, switchboards, hot water electrical, aircon, CCTV/data and planned electrical work.",Electrician Bungarribee 2767,2837,yes,yes,yes,yes,yes,yes,yes,yes,yes,yes,yes,greater,,,,,,,
/service-areas/western-sydney-and-nepean/blacktown/colebee,suburb page,yes,https://c0d312.github.io/evaready-electrical/service-areas/western-sydney-and-nepean/blacktown/colebee,Electrician Colebee 2761 | Emergency & Level 2,"Need electrical help in Colebee 2761? Emergency faults, Level 2 ASP, switchboards, hot water, aircon, CCTV/data and general electrical work across.",Electrician Colebee 2761,2802,yes,yes,yes,yes,yes,yes,yes,yes,yes,yes,yes,greater,,,,,,,
/service-areas/western-sydney-and-nepean/blacktown/dean-park,suburb page,yes,https://c0d312.github.io/evaready-electrical/service-areas/western-sydney-and-nepean/blacktown/dean-park,Electrician Dean Park 2761 | Emergency & Level 2,"Evaready helps Dean Park with urgent faults, Level 2 ASP work, switchboards, hot water electrical, aircon, CCTV/data and planned electrical work.",Electrician Dean Park 2761,2880,yes,yes,yes,yes,yes,yes,yes,yes,yes,yes,yes,greater,,,,,,,
/service-areas/western-sydney-and-nepean/blacktown/dharruk,suburb page,yes,https://c0d312.github.io/evaready-electrical/service-areas/western-sydney-and-nepean/blacktown/dharruk,Electrician Dharruk 2770 | Emergency & Level 2,"Need an electrician in Dharruk? Evaready helps with emergency faults, Level 2 ASP work, switchboards, hot water, aircon, CCTV/data and general.",Electrician Dharruk 2770,2806,yes,yes,yes,yes,yes,yes,yes,yes,yes,yes,yes,greater,,,,,,,
/service-areas/western-sydney-and-nepean/blacktown/doonside,suburb page,yes,https://c0d312.github.io/evaready-electrical/service-areas/western-sydney-and-nepean/blacktown/doonside,Electrician Doonside 2767 | Emergency & Level 2,"Need an electrician in Doonside? Evaready helps with emergency faults, Level 2 ASP work, switchboards, hot water, aircon, CCTV/data and general.",Electrician Doonside 2767,2766,yes,yes,yes,yes,yes,yes,yes,yes,yes,yes,yes,greater,,,,,,,
/service-areas/western-sydney-and-nepean/blacktown/eastern-creek,suburb page,yes,https://c0d312.github.io/evaready-electrical/service-areas/western-sydney-and-nepean/blacktown/eastern-creek,Electrician Eastern Creek 2766 | Emergency & Level 2,"Need an electrician in Eastern Creek? Evaready helps with emergency faults, Level 2 ASP work, switchboards, hot water, aircon, CCTV/data and general.",Electrician Eastern Creek 2766,2865,yes,yes,yes,yes,yes,yes,yes,yes,yes,yes,yes,greater,,,,,,,
/service-areas/western-sydney-and-nepean/blacktown/emerton,suburb page,yes,https://c0d312.github.io/evaready-electrical/service-areas/western-sydney-and-nepean/blacktown/emerton,Electrician Emerton 2770 | Emergency & Level 2,"Need electrical help in Emerton 2770? Emergency faults, Level 2 ASP, switchboards, hot water, aircon, CCTV/data and general electrical work across.",Electrician Emerton 2770,2784,yes,yes,yes,yes,yes,yes,yes,yes,yes,yes,yes,greater,,,,,,,
/service-areas/western-sydney-and-nepean/blacktown/glendenning,suburb page,yes,https://c0d312.github.io/evaready-electrical/service-areas/western-sydney-and-nepean/blacktown/glendenning,Electrician Glendenning 2761 | Emergency & Level 2,"Need electrical help in Glendenning 2761? Emergency faults, Level 2 ASP, switchboards, hot water, aircon, CCTV/data and general electrical work across.",Electrician Glendenning 2761,2839,yes,yes,yes,yes,yes,yes,yes,yes,yes,yes,yes,greater,,,,,,,
/service-areas/western-sydney-and-nepean/blacktown/glenwood,suburb page,yes,https://c0d312.github.io/evaready-electrical/service-areas/western-sydney-and-nepean/blacktown/glenwood,Electrician Glenwood 2768 | Emergency & Level 2,"Evaready helps Glenwood with urgent faults, Level 2 ASP work, switchboards, hot water electrical, aircon, CCTV/data and planned electrical work.",Electrician Glenwood 2768,2813,yes,yes,yes,yes,yes,yes,yes,yes,yes,yes,yes,greater,,,,,,,
/service-areas/western-sydney-and-nepean/blacktown/hassall-grove,suburb page,yes,https://c0d312.github.io/evaready-electrical/service-areas/western-sydney-and-nepean/blacktown/hassall-grove,Electrician Hassall Grove 2761 | Emergency & Level 2,"Evaready helps Hassall Grove with urgent faults, Level 2 ASP work, switchboards, hot water electrical, aircon, CCTV/data and planned electrical work.",Electrician Hassall Grove 2761,2875,yes,yes,yes,yes,yes,yes,yes,yes,yes,yes,yes,greater,,,,,,,
/service-areas/western-sydney-and-nepean/blacktown/hebersham,suburb page,yes,https://c0d312.github.io/evaready-electrical/service-areas/western-sydney-and-nepean/blacktown/hebersham,Electrician Hebersham 2770 | Emergency & Level 2,"Need electrical help in Hebersham 2770? Emergency faults, Level 2 ASP, switchboards, hot water, aircon, CCTV/data and general electrical work across.",Electrician Hebersham 2770,2767,yes,yes,yes,yes,yes,yes,yes,yes,yes,yes,yes,greater,,,,,,,
/service-areas/western-sydney-and-nepean/blacktown/kellyville-ridge,suburb page,yes,https://c0d312.github.io/evaready-electrical/service-areas/western-sydney-and-nepean/blacktown/kellyville-ridge,Electrician Kellyville Ridge 2155 | Emergency & Level 2,"Need electrical help in Kellyville Ridge 2155? Emergency faults, Level 2 ASP, switchboards, hot water, aircon, CCTV/data and general electrical work.",Electrician Kellyville Ridge 2155,2897,yes,yes,yes,yes,yes,yes,yes,yes,yes,yes,yes,greater,,,,,,,
/service-areas/western-sydney-and-nepean/blacktown/kings-langley,suburb page,yes,https://c0d312.github.io/evaready-electrical/service-areas/western-sydney-and-nepean/blacktown/kings-langley,Electrician Kings Langley 2147 | Emergency & Level 2,"Need electrical help in Kings Langley 2147? Emergency faults, Level 2 ASP, switchboards, hot water, aircon, CCTV/data and general electrical work.",Electrician Kings Langley 2147,2846,yes,yes,yes,yes,yes,yes,yes,yes,yes,yes,yes,greater,,,,,,,
/service-areas/western-sydney-and-nepean/blacktown/kings-park,suburb page,yes,https://c0d312.github.io/evaready-electrical/service-areas/western-sydney-and-nepean/blacktown/kings-park,Electrician Kings Park 2148 | Emergency & Level 2,"Need electrical help in Kings Park 2148? Emergency faults, Level 2 ASP, switchboards, hot water, aircon, CCTV/data and general electrical work across.",Electrician Kings Park 2148,2851,yes,yes,yes,yes,yes,yes,yes,yes,yes,yes,yes,greater,,,,,,,
/service-areas/western-sydney-and-nepean/blacktown/lalor-park,suburb page,yes,https://c0d312.github.io/evaready-electrical/service-areas/western-sydney-and-nepean/blacktown/lalor-park,Electrician Lalor Park 2147 | Emergency & Level 2,"Need electrical help in Lalor Park 2147? Emergency faults, Level 2 ASP, switchboards, hot water, aircon, CCTV/data and general electrical work across.",Electrician Lalor Park 2147,2839,yes,yes,yes,yes,yes,yes,yes,yes,yes,yes,yes,greater,,,,,,,
/service-areas/western-sydney-and-nepean/blacktown/lethbridge-park,suburb page,yes,https://c0d312.github.io/evaready-electrical/service-areas/western-sydney-and-nepean/blacktown/lethbridge-park,Electrician Lethbridge Park 2770 | Emergency & Level 2,"Evaready helps Lethbridge Park with urgent faults, Level 2 ASP work, switchboards, hot water electrical, aircon, CCTV/data and planned electrical work.",Electrician Lethbridge Park 2770,2885,yes,yes,yes,yes,yes,yes,yes,yes,yes,yes,yes,greater,,,,,,,
/service-areas/western-sydney-and-nepean/blacktown/marayong,suburb page,yes,https://c0d312.github.io/evaready-electrical/service-areas/western-sydney-and-nepean/blacktown/marayong,Electrician Marayong 2148 | Emergency & Level 2,"Need electrical help in Marayong 2148? Emergency faults, Level 2 ASP, switchboards, hot water, aircon, CCTV/data and general electrical work across.",Electrician Marayong 2148,2752,yes,yes,yes,yes,yes,yes,yes,yes,yes,yes,yes,greater,,,,,,,
/service-areas/western-sydney-and-nepean/blacktown/marsden-park,suburb page,yes,https://c0d312.github.io/evaready-electrical/service-areas/western-sydney-and-nepean/blacktown/marsden-park,Electrician Marsden Park 2765 | Emergency & Level 2,"Evaready helps Marsden Park with urgent faults, Level 2 ASP work, switchboards, hot water electrical, aircon, CCTV/data and planned electrical work.",Electrician Marsden Park 2765,2906,yes,yes,yes,yes,yes,yes,yes,yes,yes,yes,yes,greater,,,,,,,
/service-areas/western-sydney-and-nepean/blacktown/minchinbury,suburb page,yes,https://c0d312.github.io/evaready-electrical/service-areas/western-sydney-and-nepean/blacktown/minchinbury,Electrician Minchinbury 2770 | Emergency & Level 2,"Need electrical help in Minchinbury 2770? Emergency faults, Level 2 ASP, switchboards, hot water, aircon, CCTV/data and general electrical work across.",Electrician Minchinbury 2770,2826,yes,yes,yes,yes,yes,yes,yes,yes,yes,yes,yes,greater,,,,,,,
/service-areas/western-sydney-and-nepean/blacktown/mount-druitt,suburb page,yes,https://c0d312.github.io/evaready-electrical/service-areas/western-sydney-and-nepean/blacktown/mount-druitt,Electrician Mount Druitt 2770 | Emergency & Level 2,"Evaready helps Mount Druitt with urgent faults, Level 2 ASP work, switchboards, hot water electrical, aircon, CCTV/data and planned electrical work.",Electrician Mount Druitt 2770,2913,yes,yes,yes,yes,yes,yes,yes,yes,yes,yes,yes,greater,,,,,,,
/service-areas/western-sydney-and-nepean/blacktown/oakhurst,suburb page,yes,https://c0d312.github.io/evaready-electrical/service-areas/western-sydney-and-nepean/blacktown/oakhurst,Electrician Oakhurst 2761 | Emergency & Level 2,"Need an electrician in Oakhurst? Evaready helps with emergency faults, Level 2 ASP work, switchboards, hot water, aircon, CCTV/data and general.",Electrician Oakhurst 2761,2806,yes,yes,yes,yes,yes,yes,yes,yes,yes,yes,yes,greater,,,,,,,
/service-areas/western-sydney-and-nepean/blacktown/parklea,suburb page,yes,https://c0d312.github.io/evaready-electrical/service-areas/western-sydney-and-nepean/blacktown/parklea,Electrician Parklea 2768 | Emergency & Level 2,"Need an electrician in Parklea? Evaready helps with emergency faults, Level 2 ASP work, switchboards, hot water, aircon, CCTV/data and general.",Electrician Parklea 2768,2796,yes,yes,yes,yes,yes,yes,yes,yes,yes,yes,yes,greater,,,,,,,
/service-areas/western-sydney-and-nepean/blacktown/plumpton,suburb page,yes,https://c0d312.github.io/evaready-electrical/service-areas/western-sydney-and-nepean/blacktown/plumpton,Electrician Plumpton 2761 | Emergency & Level 2,"Need electrical help in Plumpton 2761? Emergency faults, Level 2 ASP, switchboards, hot water, aircon, CCTV/data and general electrical work across.",Electrician Plumpton 2761,2760,yes,yes,yes,yes,yes,yes,yes,yes,yes,yes,yes,greater,,,,,,,
/service-areas/western-sydney-and-nepean/blacktown/prospect,suburb page,yes,https://c0d312.github.io/evaready-electrical/service-areas/western-sydney-and-nepean/blacktown/prospect,Electrician Prospect 2148 | Emergency & Level 2,"Need electrical help in Prospect 2148? Emergency faults, Level 2 ASP, switchboards, hot water, aircon, CCTV/data and general electrical work across.",Electrician Prospect 2148,2819,yes,yes,yes,yes,yes,yes,yes,yes,yes,yes,yes,greater,,,,,,,
/service-areas/western-sydney-and-nepean/blacktown/quakers-hill,suburb page,yes,https://c0d312.github.io/evaready-electrical/service-areas/western-sydney-and-nepean/blacktown/quakers-hill,Electrician Quakers Hill 2763 | Emergency & Level 2,"Need an electrician in Quakers Hill? Evaready helps with emergency faults, Level 2 ASP work, switchboards, hot water, aircon, CCTV/data and general.",Electrician Quakers Hill 2763,2967,yes,yes,yes,yes,yes,yes,yes,yes,yes,yes,yes,greater,,,,,,,
/service-areas/western-sydney-and-nepean/blacktown/riverstone,suburb page,yes,https://c0d312.github.io/evaready-electrical/service-areas/western-sydney-and-nepean/blacktown/riverstone,Electrician Riverstone 2765 | Emergency & Level 2,"Evaready helps Riverstone with urgent faults, Level 2 ASP work, switchboards, hot water electrical, aircon, CCTV/data and planned electrical work.",Electrician Riverstone 2765,2861,yes,yes,yes,yes,yes,yes,yes,yes,yes,yes,yes,greater,,,,,,,
/service-areas/western-sydney-and-nepean/blacktown/rooty-hill,suburb page,yes,https://c0d312.github.io/evaready-electrical/service-areas/western-sydney-and-nepean/blacktown/rooty-hill,Electrician Rooty Hill 2766 | Emergency & Level 2,"Need an electrician in Rooty Hill? Evaready helps with emergency faults, Level 2 ASP work, switchboards, hot water, aircon, CCTV/data and general.",Electrician Rooty Hill 2766,2933,yes,yes,yes,yes,yes,yes,yes,yes,yes,yes,yes,greater,,,,,,,
/service-areas/western-sydney-and-nepean/blacktown/ropes-crossing,suburb page,yes,https://c0d312.github.io/evaready-electrical/service-areas/western-sydney-and-nepean/blacktown/ropes-crossing,Electrician Ropes Crossing 2760 | Emergency & Level 2,"Evaready helps Ropes Crossing with urgent faults, Level 2 ASP work, switchboards, hot water electrical, aircon, CCTV/data and planned electrical work.",Electrician Ropes Crossing 2760,2887,yes,yes,yes,yes,yes,yes,yes,yes,yes,yes,yes,greater,,,,,,,
/service-areas/western-sydney-and-nepean/blacktown/schofields,suburb page,yes,https://c0d312.github.io/evaready-electrical/service-areas/western-sydney-and-nepean/blacktown/schofields,Electrician Schofields 2762 | Emergency & Level 2,"Need electrical help in Schofields 2762? Emergency faults, Level 2 ASP, switchboards, hot water, aircon, CCTV/data and general electrical work across.",Electrician Schofields 2762,2798,yes,yes,yes,yes,yes,yes,yes,yes,yes,yes,yes,greater,,,,,,,
/service-areas/western-sydney-and-nepean/blacktown/seven-hills,suburb page,yes,https://c0d312.github.io/evaready-electrical/service-areas/western-sydney-and-nepean/blacktown/seven-hills,Electrician Seven Hills 2147 | Emergency & Level 2,"Need electrical help in Seven Hills 2147? Emergency faults, Level 2 ASP, switchboards, hot water, aircon, CCTV/data and general electrical work across.",Electrician Seven Hills 2147,2926,yes,yes,yes,yes,yes,yes,yes,yes,yes,yes,yes,greater,,,,,,,
/service-areas/western-sydney-and-nepean/blacktown/shalvey,suburb page,yes,https://c0d312.github.io/evaready-electrical/service-areas/western-sydney-and-nepean/blacktown/shalvey,Electrician Shalvey 2770 | Emergency & Level 2,"Need electrical help in Shalvey 2770? Emergency faults, Level 2 ASP, switchboards, hot water, aircon, CCTV/data and general electrical work across.",Electrician Shalvey 2770,2778,yes,yes,yes,yes,yes,yes,yes,yes,yes,yes,yes,greater,,,,,,,
/service-areas/western-sydney-and-nepean/blacktown/shanes-park,suburb page,yes,https://c0d312.github.io/evaready-electrical/service-areas/western-sydney-and-nepean/blacktown/shanes-park,Electrician Shanes Park 2747 | Emergency & Level 2,"Need electrical help in Shanes Park 2747? Emergency faults, Level 2 ASP, switchboards, hot water, aircon, CCTV/data and general electrical work across.",Electrician Shanes Park 2747,2957,yes,yes,yes,yes,yes,yes,yes,yes,yes,yes,yes,greater,,,,,,,
/service-areas/western-sydney-and-nepean/blacktown/stanhope-gardens,suburb page,yes,https://c0d312.github.io/evaready-electrical/service-areas/western-sydney-and-nepean/blacktown/stanhope-gardens,Electrician Stanhope Gardens 2768 | Emergency & Level 2,"Evaready helps Stanhope Gardens with urgent faults, Level 2 ASP work, switchboards, hot water electrical, aircon, CCTV/data and planned electrical work.",Electrician Stanhope Gardens 2768,2906,yes,yes,yes,yes,yes,yes,yes,yes,yes,yes,yes,greater,,,,,,,
/service-areas/western-sydney-and-nepean/blacktown/the-ponds,suburb page,yes,https://c0d312.github.io/evaready-electrical/service-areas/western-sydney-and-nepean/blacktown/the-ponds,Electrician The Ponds 2769 | Emergency & Level 2,"Need an electrician in The Ponds? Evaready helps with emergency faults, Level 2 ASP work, switchboards, hot water, aircon, CCTV/data and general.",Electrician The Ponds 2769,2889,yes,yes,yes,yes,yes,yes,yes,yes,yes,yes,yes,greater,,,,,,,
/service-areas/western-sydney-and-nepean/blacktown/toongabbie,suburb page,yes,https://c0d312.github.io/evaready-electrical/service-areas/western-sydney-and-nepean/blacktown/toongabbie,Electrician Toongabbie 2146 | Emergency & Level 2,"Need an electrician in Toongabbie? Evaready helps with emergency faults, Level 2 ASP work, switchboards, hot water, aircon, CCTV/data and general.",Electrician Toongabbie 2146,2818,yes,yes,yes,yes,yes,yes,yes,yes,yes,yes,yes,greater,,,,,,,
/service-areas/western-sydney-and-nepean/blacktown/tregear,suburb page,yes,https://c0d312.github.io/evaready-electrical/service-areas/western-sydney-and-nepean/blacktown/tregear,Electrician Tregear 2770 | Emergency & Level 2,"Evaready helps Tregear with urgent faults, Level 2 ASP work, switchboards, hot water electrical, aircon, CCTV/data and planned electrical work.",Electrician Tregear 2770,2761,yes,yes,yes,yes,yes,yes,yes,yes,yes,yes,yes,greater,,,,,,,
/service-areas/western-sydney-and-nepean/blacktown/whalan,suburb page,yes,https://c0d312.github.io/evaready-electrical/service-areas/western-sydney-and-nepean/blacktown/whalan,Electrician Whalan 2770 | Emergency & Level 2,"Need an electrician in Whalan? Evaready helps with emergency faults, Level 2 ASP work, switchboards, hot water, aircon, CCTV/data and general.",Electrician Whalan 2770,2767,yes,yes,yes,yes,yes,yes,yes,yes,yes,yes,yes,greater,,,,,,,
/service-areas/western-sydney-and-nepean/blacktown/willmot,suburb page,yes,https://c0d312.github.io/evaready-electrical/service-areas/western-sydney-and-nepean/blacktown/willmot,Electrician Willmot 2770 | Emergency & Level 2,"Evaready helps Willmot with urgent faults, Level 2 ASP work, switchboards, hot water electrical, aircon, CCTV/data and planned electrical work.",Electrician Willmot 2770,2781,yes,yes,yes,yes,yes,yes,yes,yes,yes,yes,yes,greater,,,,,,,
/service-areas/western-sydney-and-nepean/blacktown/woodcroft,suburb page,yes,https://c0d312.github.io/evaready-electrical/service-areas/western-sydney-and-nepean/blacktown/woodcroft,Electrician Woodcroft 2767 | Emergency & Level 2,"Evaready helps Woodcroft with urgent faults, Level 2 ASP work, switchboards, hot water electrical, aircon, CCTV/data and planned electrical work.",Electrician Woodcroft 2767,2763,yes,yes,yes,yes,yes,yes,yes,yes,yes,yes,yes,greater,,,,,,,
/service-areas/western-sydney-and-nepean/penrith,area page,yes,https://c0d312.github.io/evaready-electrical/service-areas/western-sydney-and-nepean/penrith,Penrith Electrician | Western Sydney & Nepean,"Need an electrician in Penrith? Evaready helps with urgent faults, Level 2 work, switchboards, consumer mains, defect notices and planned electrical jobs.","Penrith Electrician - Emergency, Level 2 & Planned Work",1073,yes,yes,yes,yes,yes,yes,yes,yes,yes,yes,yes,greater,,,,,,,
/service-areas/western-sydney-and-nepean/penrith/berkshire-park,suburb page,yes,https://c0d312.github.io/evaready-electrical/service-areas/western-sydney-and-nepean/penrith/berkshire-park,Electrician Berkshire Park 2765 | Emergency & Level 2,"Need electrical help in Berkshire Park 2765? Emergency faults, Level 2 ASP, switchboards, hot water, aircon, CCTV/data and general electrical work.",Electrician Berkshire Park 2765,2860,yes,yes,yes,yes,yes,yes,yes,yes,yes,yes,yes,greater,,,,,,,
/service-areas/western-sydney-and-nepean/penrith/caddens,suburb page,yes,https://c0d312.github.io/evaready-electrical/service-areas/western-sydney-and-nepean/penrith/caddens,Electrician Caddens 2747 | Emergency & Level 2,"Need electrical help in Caddens 2747? Emergency faults, Level 2 ASP, switchboards, hot water, aircon, CCTV/data and general electrical work across Penrith.",Electrician Caddens 2747,2763,yes,yes,yes,yes,yes,yes,yes,yes,yes,yes,yes,greater,,,,,,,
/service-areas/western-sydney-and-nepean/penrith/cambridge-gardens,suburb page,yes,https://c0d312.github.io/evaready-electrical/service-areas/western-sydney-and-nepean/penrith/cambridge-gardens,Electrician Cambridge Gardens 2747 | Emergency & Level 2,"Need an electrician in Cambridge Gardens? Evaready helps with emergency faults, Level 2 ASP work, switchboards, hot water, aircon, CCTV/data.",Electrician Cambridge Gardens 2747,2880,yes,yes,yes,yes,yes,yes,yes,yes,yes,yes,yes,greater,,,,,,,
/service-areas/western-sydney-and-nepean/penrith/cambridge-park,suburb page,yes,https://c0d312.github.io/evaready-electrical/service-areas/western-sydney-and-nepean/penrith/cambridge-park,Electrician Cambridge Park 2747 | Emergency & Level 2,"Need an electrician in Cambridge Park? Evaready helps with emergency faults, Level 2 ASP work, switchboards, hot water, aircon, CCTV/data and general.",Electrician Cambridge Park 2747,2878,yes,yes,yes,yes,yes,yes,yes,yes,yes,yes,yes,greater,,,,,,,
/service-areas/western-sydney-and-nepean/penrith/castlereagh,suburb page,yes,https://c0d312.github.io/evaready-electrical/service-areas/western-sydney-and-nepean/penrith/castlereagh,Electrician Castlereagh 2749 | Emergency & Level 2,"Need an electrician in Castlereagh? Evaready helps with emergency faults, Level 2 ASP work, switchboards, hot water, aircon, CCTV/data and general.",Electrician Castlereagh 2749,2757,yes,yes,yes,yes,yes,yes,yes,yes,yes,yes,yes,greater,,,,,,,
/service-areas/western-sydney-and-nepean/penrith/claremont-meadows,suburb page,yes,https://c0d312.github.io/evaready-electrical/service-areas/western-sydney-and-nepean/penrith/claremont-meadows,Electrician Claremont Meadows 2747 | Emergency & Level 2,"Need an electrician in Claremont Meadows? Evaready helps with emergency faults, Level 2 ASP work, switchboards, hot water, aircon, CCTV/data.",Electrician Claremont Meadows 2747,2836,yes,yes,yes,yes,yes,yes,yes,yes,yes,yes,yes,greater,,,,,,,
/service-areas/western-sydney-and-nepean/penrith/colyton,suburb page,yes,https://c0d312.github.io/evaready-electrical/service-areas/western-sydney-and-nepean/penrith/colyton,Electrician Colyton 2760 | Emergency & Level 2,"Need an electrician in Colyton? Evaready helps with emergency faults, Level 2 ASP work, switchboards, hot water, aircon, CCTV/data and general.",Electrician Colyton 2760,2751,yes,yes,yes,yes,yes,yes,yes,yes,yes,yes,yes,greater,,,,,,,
/service-areas/western-sydney-and-nepean/penrith/cranebrook,suburb page,yes,https://c0d312.github.io/evaready-electrical/service-areas/western-sydney-and-nepean/penrith/cranebrook,Electrician Cranebrook 2749 | Emergency & Level 2,"Need electrical help in Cranebrook 2749? Emergency faults, Level 2 ASP, switchboards, hot water, aircon, CCTV/data and general electrical work across.",Electrician Cranebrook 2749,2767,yes,yes,yes,yes,yes,yes,yes,yes,yes,yes,yes,greater,,,,,,,
/service-areas/western-sydney-and-nepean/penrith/emu-heights,suburb page,yes,https://c0d312.github.io/evaready-electrical/service-areas/western-sydney-and-nepean/penrith/emu-heights,Electrician Emu Heights 2750 | Emergency & Level 2,"Evaready helps Emu Heights with urgent faults, Level 2 ASP work, switchboards, hot water electrical, aircon, CCTV/data and planned electrical work.",Electrician Emu Heights 2750,2839,yes,yes,yes,yes,yes,yes,yes,yes,yes,yes,yes,greater,,,,,,,
/service-areas/western-sydney-and-nepean/penrith/emu-plains,suburb page,yes,https://c0d312.github.io/evaready-electrical/service-areas/western-sydney-and-nepean/penrith/emu-plains,Electrician Emu Plains 2750 | Emergency & Level 2,"Need an electrician in Emu Plains? Evaready helps with emergency faults, Level 2 ASP work, switchboards, hot water, aircon, CCTV/data and general.",Electrician Emu Plains 2750,2878,yes,yes,yes,yes,yes,yes,yes,yes,yes,yes,yes,greater,,,,,,,
/service-areas/western-sydney-and-nepean/penrith/erskine-park,suburb page,yes,https://c0d312.github.io/evaready-electrical/service-areas/western-sydney-and-nepean/penrith/erskine-park,Electrician Erskine Park 2759 | Emergency & Level 2,"Need electrical help in Erskine Park 2759? Emergency faults, Level 2 ASP, switchboards, hot water, aircon, CCTV/data and general electrical work.",Electrician Erskine Park 2759,2868,yes,yes,yes,yes,yes,yes,yes,yes,yes,yes,yes,greater,,,,,,,
/service-areas/western-sydney-and-nepean/penrith/glenmore-park,suburb page,yes,https://c0d312.github.io/evaready-electrical/service-areas/western-sydney-and-nepean/penrith/glenmore-park,Electrician Glenmore Park 2745 | Emergency & Level 2,"Evaready helps Glenmore Park with urgent faults, Level 2 ASP work, switchboards, hot water electrical, aircon, CCTV/data and planned electrical work.",Electrician Glenmore Park 2745,2923,yes,yes,yes,yes,yes,yes,yes,yes,yes,yes,yes,greater,,,,,,,
/service-areas/western-sydney-and-nepean/penrith/jamisontown,suburb page,yes,https://c0d312.github.io/evaready-electrical/service-areas/western-sydney-and-nepean/penrith/jamisontown,Electrician Jamisontown 2750 | Emergency & Level 2,"Evaready helps Jamisontown with urgent faults, Level 2 ASP work, switchboards, hot water electrical, aircon, CCTV/data and planned electrical work.",Electrician Jamisontown 2750,2763,yes,yes,yes,yes,yes,yes,yes,yes,yes,yes,yes,greater,,,,,,,
/service-areas/western-sydney-and-nepean/penrith/jordan-springs,suburb page,yes,https://c0d312.github.io/evaready-electrical/service-areas/western-sydney-and-nepean/penrith/jordan-springs,Electrician Jordan Springs 2747 | Emergency & Level 2,"Evaready helps Jordan Springs with urgent faults, Level 2 ASP work, switchboards, hot water electrical, aircon, CCTV/data and planned electrical work.",Electrician Jordan Springs 2747,2879,yes,yes,yes,yes,yes,yes,yes,yes,yes,yes,yes,greater,,,,,,,
/service-areas/western-sydney-and-nepean/penrith/kingswood,suburb page,yes,https://c0d312.github.io/evaready-electrical/service-areas/western-sydney-and-nepean/penrith/kingswood,Electrician Kingswood 2747 | Emergency & Level 2,"Need electrical help in Kingswood 2747? Emergency faults, Level 2 ASP, switchboards, hot water, aircon, CCTV/data and general electrical work across.",Electrician Kingswood 2747,2806,yes,yes,yes,yes,yes,yes,yes,yes,yes,yes,yes,greater,,,,,,,
/service-areas/western-sydney-and-nepean/penrith/leonay,suburb page,yes,https://c0d312.github.io/evaready-electrical/service-areas/western-sydney-and-nepean/penrith/leonay,Electrician Leonay 2750 | Emergency & Level 2,"Need an electrician in Leonay? Evaready helps with emergency faults, Level 2 ASP work, switchboards, hot water, aircon, CCTV/data and general.",Electrician Leonay 2750,2768,yes,yes,yes,yes,yes,yes,yes,yes,yes,yes,yes,greater,,,,,,,
/service-areas/western-sydney-and-nepean/penrith/llandilo,suburb page,yes,https://c0d312.github.io/evaready-electrical/service-areas/western-sydney-and-nepean/penrith/llandilo,Electrician Llandilo 2747 | Emergency & Level 2,"Need electrical help in Llandilo 2747? Emergency faults, Level 2 ASP, switchboards, hot water, aircon, CCTV/data and general electrical work across.",Electrician Llandilo 2747,2807,yes,yes,yes,yes,yes,yes,yes,yes,yes,yes,yes,greater,,,,,,,
/service-areas/western-sydney-and-nepean/penrith/londonderry,suburb page,yes,https://c0d312.github.io/evaready-electrical/service-areas/western-sydney-and-nepean/penrith/londonderry,Electrician Londonderry 2753 | Emergency & Level 2,"Need an electrician in Londonderry? Evaready helps with emergency faults, Level 2 ASP work, switchboards, hot water, aircon, CCTV/data and general.",Electrician Londonderry 2753,2839,yes,yes,yes,yes,yes,yes,yes,yes,yes,yes,yes,greater,,,,,,,
/service-areas/western-sydney-and-nepean/penrith/mount-vernon,suburb page,yes,https://c0d312.github.io/evaready-electrical/service-areas/western-sydney-and-nepean/penrith/mount-vernon,Electrician Mount Vernon 2178 | Emergency & Level 2,"Need electrical help in Mount Vernon 2178? Emergency faults, Level 2 ASP, switchboards, hot water, aircon, CCTV/data and general electrical work.",Electrician Mount Vernon 2178,2907,yes,yes,yes,yes,yes,yes,yes,yes,yes,yes,yes,greater,,,,,,,
/service-areas/western-sydney-and-nepean/penrith/mulgoa,suburb page,yes,https://c0d312.github.io/evaready-electrical/service-areas/western-sydney-and-nepean/penrith/mulgoa,Electrician Mulgoa 2745 | Emergency & Level 2,"Need an electrician in Mulgoa? Evaready helps with emergency faults, Level 2 ASP work, switchboards, hot water, aircon, CCTV/data and general.",Electrician Mulgoa 2745,2844,yes,yes,yes,yes,yes,yes,yes,yes,yes,yes,yes,greater,,,,,,,
/service-areas/western-sydney-and-nepean/penrith/north-st-marys,suburb page,yes,https://c0d312.github.io/evaready-electrical/service-areas/western-sydney-and-nepean/penrith/north-st-marys,Electrician North St Marys 2760 | Emergency & Level 2,"Need an electrician in North St Marys? Evaready helps with emergency faults, Level 2 ASP work, switchboards, hot water, aircon, CCTV/data and general.",Electrician North St Marys 2760,2978,yes,yes,yes,yes,yes,yes,yes,yes,yes,yes,yes,greater,,,,,,,
/service-areas/western-sydney-and-nepean/penrith/orchard-hills,suburb page,yes,https://c0d312.github.io/evaready-electrical/service-areas/western-sydney-and-nepean/penrith/orchard-hills,Electrician Orchard Hills 2748 | Emergency & Level 2,"Evaready helps Orchard Hills with urgent faults, Level 2 ASP work, switchboards, hot water electrical, aircon, CCTV/data and planned electrical work.",Electrician Orchard Hills 2748,2948,yes,yes,yes,yes,yes,yes,yes,yes,yes,yes,yes,greater,,,,,,,
/service-areas/western-sydney-and-nepean/penrith/oxley-park,suburb page,yes,https://c0d312.github.io/evaready-electrical/service-areas/western-sydney-and-nepean/penrith/oxley-park,Electrician Oxley Park 2760 | Emergency & Level 2,"Need an electrician in Oxley Park? Evaready helps with emergency faults, Level 2 ASP work, switchboards, hot water, aircon, CCTV/data and general.",Electrician Oxley Park 2760,2825,yes,yes,yes,yes,yes,yes,yes,yes,yes,yes,yes,greater,,,,,,,
/service-areas/western-sydney-and-nepean/penrith/penrith,suburb page,yes,https://c0d312.github.io/evaready-electrical/service-areas/western-sydney-and-nepean/penrith/penrith,Electrician Penrith 2750 | Emergency & Level 2,"Need an electrician in Penrith? Evaready Electrical helps with faults, switchboards, lighting, power, data, CCTV and Level 2 enquiries.",Electrician Penrith 2750,2812,yes,yes,yes,yes,yes,yes,yes,yes,yes,yes,yes,greater,,,,,,,
/service-areas/western-sydney-and-nepean/penrith/regentville,suburb page,yes,https://c0d312.github.io/evaready-electrical/service-areas/western-sydney-and-nepean/penrith/regentville,Electrician Regentville 2745 | Emergency & Level 2,"Need electrical help in Regentville 2745? Emergency faults, Level 2 ASP, switchboards, hot water, aircon, CCTV/data and general electrical work across.",Electrician Regentville 2745,2783,yes,yes,yes,yes,yes,yes,yes,yes,yes,yes,yes,greater,,,,,,,
/service-areas/western-sydney-and-nepean/penrith/south-penrith,suburb page,yes,https://c0d312.github.io/evaready-electrical/service-areas/western-sydney-and-nepean/penrith/south-penrith,Electrician South Penrith 2750 | Emergency & Level 2,"Need an electrician in South Penrith? Evaready helps with emergency faults, Level 2 ASP work, switchboards, hot water, aircon, CCTV/data and general.",Electrician South Penrith 2750,2846,yes,yes,yes,yes,yes,yes,yes,yes,yes,yes,yes,greater,,,,,,,
/service-areas/western-sydney-and-nepean/penrith/st-clair,suburb page,yes,https://c0d312.github.io/evaready-electrical/service-areas/western-sydney-and-nepean/penrith/st-clair,Electrician St Clair 2759 | Emergency & Level 2,"Need electrical help in St Clair 2759? Emergency faults, Level 2 ASP, switchboards, hot water, aircon, CCTV/data and general electrical work across.",Electrician St Clair 2759,2878,yes,yes,yes,yes,yes,yes,yes,yes,yes,yes,yes,greater,,,,,,,
/service-areas/western-sydney-and-nepean/penrith/st-marys,suburb page,yes,https://c0d312.github.io/evaready-electrical/service-areas/western-sydney-and-nepean/penrith/st-marys,Electrician St Marys 2760 | Emergency & Level 2,"Need electrical help in St Marys 2760? Emergency faults, Level 2 ASP, switchboards, hot water, aircon, CCTV/data and general electrical work across.",Electrician St Marys 2760,2953,yes,yes,yes,yes,yes,yes,yes,yes,yes,yes,yes,greater,,,,,,,
/service-areas/western-sydney-and-nepean/penrith/werrington,suburb page,yes,https://c0d312.github.io/evaready-electrical/service-areas/western-sydney-and-nepean/penrith/werrington,Electrician Werrington 2747 | Emergency & Level 2,"Need electrical help in Werrington 2747? Emergency faults, Level 2 ASP, switchboards, hot water, aircon, CCTV/data and general electrical work across.",Electrician Werrington 2747,2779,yes,yes,yes,yes,yes,yes,yes,yes,yes,yes,yes,greater,,,,,,,
/service-areas/western-sydney-and-nepean/penrith/werrington-county,suburb page,yes,https://c0d312.github.io/evaready-electrical/service-areas/western-sydney-and-nepean/penrith/werrington-county,Electrician Werrington County 2747 | Emergency & Level 2,"Evaready helps Werrington County with urgent faults, Level 2 ASP work, switchboards, hot water electrical, aircon, CCTV/data and planned electrical work.",Electrician Werrington County 2747,2850,yes,yes,yes,yes,yes,yes,yes,yes,yes,yes,yes,greater,,,,,,,
/service-areas/western-sydney-and-nepean/penrith/werrington-downs,suburb page,yes,https://c0d312.github.io/evaready-electrical/service-areas/western-sydney-and-nepean/penrith/werrington-downs,Electrician Werrington Downs 2747 | Emergency & Level 2,"Need an electrician in Werrington Downs? Evaready helps with emergency faults, Level 2 ASP work, switchboards, hot water, aircon, CCTV/data.",Electrician Werrington Downs 2747,2865,yes,yes,yes,yes,yes,yes,yes,yes,yes,yes,yes,greater,,,,,,,
/service-areas/wollongong-and-illawarra,region page,yes,https://c0d312.github.io/evaready-electrical/service-areas/wollongong-and-illawarra,Wollongong & Illawarra Electrician | Emergency & Level 2,"Need an electrician in Wollongong & Illawarra? Evaready helps with urgent faults, Level 2 work, switchboards, consumer mains, defect notices and planned.","Wollongong & Illawarra Electrician - Emergency, Level 2 & Planned Work",1097,yes,yes,yes,yes,yes,yes,yes,yes,yes,yes,yes,greater,,,,,,,
/service-areas/wollongong-and-illawarra/minnamurra-and-kiama-downs,area page,yes,https://c0d312.github.io/evaready-electrical/service-areas/wollongong-and-illawarra/minnamurra-and-kiama-downs,Minnamurra & Kiama Downs Electrician | Wollongong & Illawarra,"Need an electrician in Minnamurra & Kiama Downs? Evaready helps with urgent faults, Level 2 work, switchboards, consumer mains, defect notices and planned.","Minnamurra & Kiama Downs Electrician - Emergency, Level 2 & Planned Work",1028,yes,yes,yes,yes,yes,yes,yes,yes,yes,yes,yes,greater,,,,,,,
/service-areas/wollongong-and-illawarra/minnamurra-and-kiama-downs/bombo,suburb page,yes,https://c0d312.github.io/evaready-electrical/service-areas/wollongong-and-illawarra/minnamurra-and-kiama-downs/bombo,Electrician Bombo 2533 | Emergency & Level 2,"Need an electrician in Bombo? Evaready helps with emergency faults, Level 2 ASP work, switchboards, hot water, aircon, CCTV/data and general.",Electrician Bombo 2533,2842,yes,yes,yes,yes,yes,yes,yes,yes,yes,yes,yes,greater,,,,,,,
/service-areas/wollongong-and-illawarra/minnamurra-and-kiama-downs/croom,suburb page,yes,https://c0d312.github.io/evaready-electrical/service-areas/wollongong-and-illawarra/minnamurra-and-kiama-downs/croom,Electrician Croom 2527 | Emergency & Level 2,"Need an electrician in Croom? Evaready helps with emergency faults, Level 2 ASP work, switchboards, hot water, aircon, CCTV/data and general.",Electrician Croom 2527,2910,yes,yes,yes,yes,yes,yes,yes,yes,yes,yes,yes,greater,,,,,,,
/service-areas/wollongong-and-illawarra/minnamurra-and-kiama-downs/kiama-downs,suburb page,yes,https://c0d312.github.io/evaready-electrical/service-areas/wollongong-and-illawarra/minnamurra-and-kiama-downs/kiama-downs,Electrician Kiama Downs 2533 | Emergency & Level 2,"Need electrical help in Kiama Downs 2533? Emergency faults, Level 2 ASP, switchboards, hot water, aircon, CCTV/data and general electrical work across.",Electrician Kiama Downs 2533,2999,yes,yes,yes,yes,yes,yes,yes,yes,yes,yes,yes,greater,,,,,,,
/service-areas/wollongong-and-illawarra/minnamurra-and-kiama-downs/minnamurra,suburb page,yes,https://c0d312.github.io/evaready-electrical/service-areas/wollongong-and-illawarra/minnamurra-and-kiama-downs/minnamurra,Electrician Minnamurra 2533 | Emergency & Level 2,"Need electrical help in Minnamurra 2533? Emergency faults, Level 2 ASP, switchboards, hot water, aircon, CCTV/data and general electrical work across.",Electrician Minnamurra 2533,2875,yes,yes,yes,yes,yes,yes,yes,yes,yes,yes,yes,greater,,,,,,,
/service-areas/wollongong-and-illawarra/shellharbour,area page,yes,https://c0d312.github.io/evaready-electrical/service-areas/wollongong-and-illawarra/shellharbour,Shellharbour Electrician | Wollongong & Illawarra,"Need an electrician in Shellharbour? Evaready helps with urgent faults, Level 2 work, switchboards, consumer mains, defect notices and planned electrical.","Shellharbour Electrician - Emergency, Level 2 & Planned Work",1041,yes,yes,yes,yes,yes,yes,yes,yes,yes,yes,yes,greater,,,,,,,
/service-areas/wollongong-and-illawarra/shellharbour/albion-park,suburb page,yes,https://c0d312.github.io/evaready-electrical/service-areas/wollongong-and-illawarra/shellharbour/albion-park,Electrician Albion Park 2527 | Emergency & Level 2,"Need electrical help in Albion Park 2527? Emergency faults, Level 2 ASP, switchboards, hot water, aircon, CCTV/data and general electrical work across.",Electrician Albion Park 2527,2950,yes,yes,yes,yes,yes,yes,yes,yes,yes,yes,yes,greater,,,,,,,
/service-areas/wollongong-and-illawarra/shellharbour/albion-park-rail,suburb page,yes,https://c0d312.github.io/evaready-electrical/service-areas/wollongong-and-illawarra/shellharbour/albion-park-rail,Electrician Albion Park Rail 2527 | Emergency & Level 2,"Need electrical help in Albion Park Rail 2527? Emergency faults, Level 2 ASP, switchboards, hot water, aircon, CCTV/data and general electrical work.",Electrician Albion Park Rail 2527,3092,yes,yes,yes,yes,yes,yes,yes,yes,yes,yes,yes,greater,,,,,,,
/service-areas/wollongong-and-illawarra/shellharbour/barrack-heights,suburb page,yes,https://c0d312.github.io/evaready-electrical/service-areas/wollongong-and-illawarra/shellharbour/barrack-heights,Electrician Barrack Heights 2528 | Emergency & Level 2,"Need electrical help in Barrack Heights 2528? Emergency faults, Level 2 ASP, switchboards, hot water, aircon, CCTV/data and general electrical work.",Electrician Barrack Heights 2528,3016,yes,yes,yes,yes,yes,yes,yes,yes,yes,yes,yes,greater,,,,,,,
/service-areas/wollongong-and-illawarra/shellharbour/barrack-point,suburb page,yes,https://c0d312.github.io/evaready-electrical/service-areas/wollongong-and-illawarra/shellharbour/barrack-point,Electrician Barrack Point 2528 | Emergency & Level 2,"Need electrical help in Barrack Point 2528? Emergency faults, Level 2 ASP, switchboards, hot water, aircon, CCTV/data and general electrical work.",Electrician Barrack Point 2528,2944,yes,yes,yes,yes,yes,yes,yes,yes,yes,yes,yes,greater,,,,,,,
/service-areas/wollongong-and-illawarra/shellharbour/blackbutt,suburb page,yes,https://c0d312.github.io/evaready-electrical/service-areas/wollongong-and-illawarra/shellharbour/blackbutt,Electrician Blackbutt 2529 | Emergency & Level 2,"Need electrical help in Blackbutt 2529? Emergency faults, Level 2 ASP, switchboards, hot water, aircon, CCTV/data and general electrical work across.",Electrician Blackbutt 2529,2861,yes,yes,yes,yes,yes,yes,yes,yes,yes,yes,yes,greater,,,,,,,
/service-areas/wollongong-and-illawarra/shellharbour/calderwood,suburb page,yes,https://c0d312.github.io/evaready-electrical/service-areas/wollongong-and-illawarra/shellharbour/calderwood,Electrician Calderwood 2527 | Emergency & Level 2,"Need an electrician in Calderwood? Evaready helps with emergency faults, Level 2 ASP work, switchboards, hot water, aircon, CCTV/data and general.",Electrician Calderwood 2527,2872,yes,yes,yes,yes,yes,yes,yes,yes,yes,yes,yes,greater,,,,,,,
/service-areas/wollongong-and-illawarra/shellharbour/dunmore,suburb page,yes,https://c0d312.github.io/evaready-electrical/service-areas/wollongong-and-illawarra/shellharbour/dunmore,Electrician Dunmore 2529 | Emergency & Level 2,"Evaready helps Dunmore with urgent faults, Level 2 ASP work, switchboards, hot water electrical, aircon, CCTV/data and planned electrical work.",Electrician Dunmore 2529,2887,yes,yes,yes,yes,yes,yes,yes,yes,yes,yes,yes,greater,,,,,,,
/service-areas/wollongong-and-illawarra/shellharbour/flinders,suburb page,yes,https://c0d312.github.io/evaready-electrical/service-areas/wollongong-and-illawarra/shellharbour/flinders,Electrician Flinders 2529 | Emergency & Level 2,"Need an electrician in Flinders? Evaready helps with emergency faults, Level 2 ASP work, switchboards, hot water, aircon, CCTV/data and general.",Electrician Flinders 2529,2972,yes,yes,yes,yes,yes,yes,yes,yes,yes,yes,yes,greater,,,,,,,
/service-areas/wollongong-and-illawarra/shellharbour/lake-illawarra,suburb page,yes,https://c0d312.github.io/evaready-electrical/service-areas/wollongong-and-illawarra/shellharbour/lake-illawarra,Electrician Lake Illawarra 2528 | Emergency & Level 2,"Evaready helps Lake Illawarra with urgent faults, Level 2 ASP work, switchboards, hot water electrical, aircon, CCTV/data and planned electrical work.",Electrician Lake Illawarra 2528,2995,yes,yes,yes,yes,yes,yes,yes,yes,yes,yes,yes,greater,,,,,,,
/service-areas/wollongong-and-illawarra/shellharbour/mount-warrigal,suburb page,yes,https://c0d312.github.io/evaready-electrical/service-areas/wollongong-and-illawarra/shellharbour/mount-warrigal,Electrician Mount Warrigal 2528 | Emergency & Level 2,"Need electrical help in Mount Warrigal 2528? Emergency faults, Level 2 ASP, switchboards, hot water, aircon, CCTV/data and general electrical work.",Electrician Mount Warrigal 2528,3012,yes,yes,yes,yes,yes,yes,yes,yes,yes,yes,yes,greater,,,,,,,
/service-areas/wollongong-and-illawarra/shellharbour/north-macquarie,suburb page,yes,https://c0d312.github.io/evaready-electrical/service-areas/wollongong-and-illawarra/shellharbour/north-macquarie,Electrician North Macquarie 2527 | Emergency & Level 2,"Need an electrician in North Macquarie? Evaready helps with emergency faults, Level 2 ASP work, switchboards, hot water, aircon, CCTV/data and general.",Electrician North Macquarie 2527,3002,yes,yes,yes,yes,yes,yes,yes,yes,yes,yes,yes,greater,,,,,,,
/service-areas/wollongong-and-illawarra/shellharbour/oak-flats,suburb page,yes,https://c0d312.github.io/evaready-electrical/service-areas/wollongong-and-illawarra/shellharbour/oak-flats,Electrician Oak Flats 2529 | Emergency & Level 2,"Evaready helps Oak Flats with urgent faults, Level 2 ASP work, switchboards, hot water electrical, aircon, CCTV/data and planned electrical work.",Electrician Oak Flats 2529,2993,yes,yes,yes,yes,yes,yes,yes,yes,yes,yes,yes,greater,,,,,,,
/service-areas/wollongong-and-illawarra/shellharbour/shell-cove,suburb page,yes,https://c0d312.github.io/evaready-electrical/service-areas/wollongong-and-illawarra/shellharbour/shell-cove,Electrician Shell Cove 2529 | Emergency & Level 2,"Need electrical help in Shell Cove 2529? Emergency faults, Level 2 ASP, switchboards, hot water, aircon, CCTV/data and general electrical work across.",Electrician Shell Cove 2529,2965,yes,yes,yes,yes,yes,yes,yes,yes,yes,yes,yes,greater,,,,,,,
/service-areas/wollongong-and-illawarra/shellharbour/shellharbour,suburb page,yes,https://c0d312.github.io/evaready-electrical/service-areas/wollongong-and-illawarra/shellharbour/shellharbour,Electrician Shellharbour 2529 | Emergency & Level 2,"Need an electrician in Shellharbour? Evaready helps with emergency faults, Level 2 ASP work, switchboards, hot water, aircon, CCTV/data and general.",Electrician Shellharbour 2529,2973,yes,yes,yes,yes,yes,yes,yes,yes,yes,yes,yes,greater,,,,,,,
/service-areas/wollongong-and-illawarra/shellharbour/shellharbour-city-centre,suburb page,yes,https://c0d312.github.io/evaready-electrical/service-areas/wollongong-and-illawarra/shellharbour/shellharbour-city-centre,Electrician Shellharbour City Centre 2529 | Emergency & Level 2,"Need an electrician in Shellharbour City Centre? Evaready helps with emergency faults, Level 2 ASP work, switchboards, hot water, aircon, CCTV/data.",Electrician Shellharbour City Centre 2529,3110,yes,yes,yes,yes,yes,yes,yes,yes,yes,yes,yes,greater,,,,,,,
/service-areas/wollongong-and-illawarra/shellharbour/tullimbar,suburb page,yes,https://c0d312.github.io/evaready-electrical/service-areas/wollongong-and-illawarra/shellharbour/tullimbar,Electrician Tullimbar 2527 | Emergency & Level 2,"Need electrical help in Tullimbar 2527? Emergency faults, Level 2 ASP, switchboards, hot water, aircon, CCTV/data and general electrical work across.",Electrician Tullimbar 2527,2883,yes,yes,yes,yes,yes,yes,yes,yes,yes,yes,yes,greater,,,,,,,
/service-areas/wollongong-and-illawarra/shellharbour/warilla,suburb page,yes,https://c0d312.github.io/evaready-electrical/service-areas/wollongong-and-illawarra/shellharbour/warilla,Electrician Warilla 2528 | Emergency & Level 2,"Need electrical help in Warilla 2528? Emergency faults, Level 2 ASP, switchboards, hot water, aircon, CCTV/data and general electrical work across.",Electrician Warilla 2528,2858,yes,yes,yes,yes,yes,yes,yes,yes,yes,yes,yes,greater,,,,,,,
/service-areas/wollongong-and-illawarra/wollongong,area page,yes,https://c0d312.github.io/evaready-electrical/service-areas/wollongong-and-illawarra/wollongong,Wollongong Electrician | Wollongong & Illawarra,"Need an electrician in Wollongong? Evaready helps with urgent faults, Level 2 work, switchboards, consumer mains, defect notices and planned electrical.","Wollongong Electrician - Emergency, Level 2 & Planned Work",1241,yes,yes,yes,yes,yes,yes,yes,yes,yes,yes,yes,greater,,,,,,,
/service-areas/wollongong-and-illawarra/wollongong/austinmer,suburb page,yes,https://c0d312.github.io/evaready-electrical/service-areas/wollongong-and-illawarra/wollongong/austinmer,Electrician Austinmer 2515 | Emergency & Level 2,"Need an electrician in Austinmer? Evaready helps with emergency faults, Level 2 ASP work, switchboards, hot water, aircon, CCTV/data and general.",Electrician Austinmer 2515,2980,yes,yes,yes,yes,yes,yes,yes,yes,yes,yes,yes,greater,,,,,,,
/service-areas/wollongong-and-illawarra/wollongong/avondale,suburb page,yes,https://c0d312.github.io/evaready-electrical/service-areas/wollongong-and-illawarra/wollongong/avondale,Electrician Avondale 2530 | Emergency & Level 2,"Need an electrician in Avondale? Evaready helps with emergency faults, Level 2 ASP work, switchboards, hot water, aircon, CCTV/data and general.",Electrician Avondale 2530,2881,yes,yes,yes,yes,yes,yes,yes,yes,yes,yes,yes,greater,,,,,,,
/service-areas/wollongong-and-illawarra/wollongong/balgownie,suburb page,yes,https://c0d312.github.io/evaready-electrical/service-areas/wollongong-and-illawarra/wollongong/balgownie,Electrician Balgownie 2519 | Emergency & Level 2,"Evaready helps Balgownie with urgent faults, Level 2 ASP work, switchboards, hot water electrical, aircon, CCTV/data and planned electrical work.",Electrician Balgownie 2519,2894,yes,yes,yes,yes,yes,yes,yes,yes,yes,yes,yes,greater,,,,,,,
/service-areas/wollongong-and-illawarra/wollongong/bellambi,suburb page,yes,https://c0d312.github.io/evaready-electrical/service-areas/wollongong-and-illawarra/wollongong/bellambi,Electrician Bellambi 2518 | Emergency & Level 2,"Need an electrician in Bellambi? Evaready helps with emergency faults, Level 2 ASP work, switchboards, hot water, aircon, CCTV/data and general.",Electrician Bellambi 2518,2867,yes,yes,yes,yes,yes,yes,yes,yes,yes,yes,yes,greater,,,,,,,
/service-areas/wollongong-and-illawarra/wollongong/berkeley,suburb page,yes,https://c0d312.github.io/evaready-electrical/service-areas/wollongong-and-illawarra/wollongong/berkeley,Electrician Berkeley 2506 | Emergency & Level 2,"Need electrical help in Berkeley 2506? Emergency faults, Level 2 ASP, switchboards, hot water, aircon, CCTV/data and general electrical work across.",Electrician Berkeley 2506,2866,yes,yes,yes,yes,yes,yes,yes,yes,yes,yes,yes,greater,,,,,,,
/service-areas/wollongong-and-illawarra/wollongong/brownsville,suburb page,yes,https://c0d312.github.io/evaready-electrical/service-areas/wollongong-and-illawarra/wollongong/brownsville,Electrician Brownsville 2530 | Emergency & Level 2,"Evaready helps Brownsville with urgent faults, Level 2 ASP work, switchboards, hot water electrical, aircon, CCTV/data and planned electrical work.",Electrician Brownsville 2530,2891,yes,yes,yes,yes,yes,yes,yes,yes,yes,yes,yes,greater,,,,,,,
/service-areas/wollongong-and-illawarra/wollongong/bulli,suburb page,yes,https://c0d312.github.io/evaready-electrical/service-areas/wollongong-and-illawarra/wollongong/bulli,Electrician Bulli 2516 | Emergency & Level 2,"Need electrical help in Bulli 2516? Emergency faults, Level 2 ASP, switchboards, hot water, aircon, CCTV/data and general electrical work across.",Electrician Bulli 2516,2900,yes,yes,yes,yes,yes,yes,yes,yes,yes,yes,yes,greater,,,,,,,
/service-areas/wollongong-and-illawarra/wollongong/cleveland,suburb page,yes,https://c0d312.github.io/evaready-electrical/service-areas/wollongong-and-illawarra/wollongong/cleveland,Electrician Cleveland 2530 | Emergency & Level 2,"Need an electrician in Cleveland? Evaready helps with emergency faults, Level 2 ASP work, switchboards, hot water, aircon, CCTV/data and general.",Electrician Cleveland 2530,2927,yes,yes,yes,yes,yes,yes,yes,yes,yes,yes,yes,greater,,,,,,,
/service-areas/wollongong-and-illawarra/wollongong/clifton,suburb page,yes,https://c0d312.github.io/evaready-electrical/service-areas/wollongong-and-illawarra/wollongong/clifton,Electrician Clifton 2515 | Emergency & Level 2,"Need electrical help in Clifton 2515? Emergency faults, Level 2 ASP, switchboards, hot water, aircon, CCTV/data and general electrical work across.",Electrician Clifton 2515,2857,yes,yes,yes,yes,yes,yes,yes,yes,yes,yes,yes,greater,,,,,,,
/service-areas/wollongong-and-illawarra/wollongong/coalcliff,suburb page,yes,https://c0d312.github.io/evaready-electrical/service-areas/wollongong-and-illawarra/wollongong/coalcliff,Electrician Coalcliff 2508 | Emergency & Level 2,"Need electrical help in Coalcliff 2508? Emergency faults, Level 2 ASP, switchboards, hot water, aircon, CCTV/data and general electrical work across.",Electrician Coalcliff 2508,2828,yes,yes,yes,yes,yes,yes,yes,yes,yes,yes,yes,greater,,,,,,,
/service-areas/wollongong-and-illawarra/wollongong/coledale,suburb page,yes,https://c0d312.github.io/evaready-electrical/service-areas/wollongong-and-illawarra/wollongong/coledale,Electrician Coledale 2515 | Emergency & Level 2,"Need an electrician in Coledale? Evaready helps with emergency faults, Level 2 ASP work, switchboards, hot water, aircon, CCTV/data and general.",Electrician Coledale 2515,2910,yes,yes,yes,yes,yes,yes,yes,yes,yes,yes,yes,greater,,,,,,,
/service-areas/wollongong-and-illawarra/wollongong/coniston,suburb page,yes,https://c0d312.github.io/evaready-electrical/service-areas/wollongong-and-illawarra/wollongong/coniston,Electrician Coniston 2500 | Emergency & Level 2,"Evaready helps Coniston with urgent faults, Level 2 ASP work, switchboards, hot water electrical, aircon, CCTV/data and planned electrical work.",Electrician Coniston 2500,2997,yes,yes,yes,yes,yes,yes,yes,yes,yes,yes,yes,greater,,,,,,,
/service-areas/wollongong-and-illawarra/wollongong/cordeaux-heights,suburb page,yes,https://c0d312.github.io/evaready-electrical/service-areas/wollongong-and-illawarra/wollongong/cordeaux-heights,Electrician Cordeaux Heights 2526 | Emergency & Level 2,"Need electrical help in Cordeaux Heights 2526? Emergency faults, Level 2 ASP, switchboards, hot water, aircon, CCTV/data and general electrical work.",Electrician Cordeaux Heights 2526,3004,yes,yes,yes,yes,yes,yes,yes,yes,yes,yes,yes,greater,,,,,,,
/service-areas/wollongong-and-illawarra/wollongong/corrimal,suburb page,yes,https://c0d312.github.io/evaready-electrical/service-areas/wollongong-and-illawarra/wollongong/corrimal,Electrician Corrimal 2518 | Emergency & Level 2,"Need electrical help in Corrimal 2518? Emergency faults, Level 2 ASP, switchboards, hot water, aircon, CCTV/data and general electrical work across.",Electrician Corrimal 2518,2971,yes,yes,yes,yes,yes,yes,yes,yes,yes,yes,yes,greater,,,,,,,
/service-areas/wollongong-and-illawarra/wollongong/cringila,suburb page,yes,https://c0d312.github.io/evaready-electrical/service-areas/wollongong-and-illawarra/wollongong/cringila,Electrician Cringila 2502 | Emergency & Level 2,"Evaready helps Cringila with urgent faults, Level 2 ASP work, switchboards, hot water electrical, aircon, CCTV/data and planned electrical work.",Electrician Cringila 2502,2846,yes,yes,yes,yes,yes,yes,yes,yes,yes,yes,yes,greater,,,,,,,
/service-areas/wollongong-and-illawarra/wollongong/dapto,suburb page,yes,https://c0d312.github.io/evaready-electrical/service-areas/wollongong-and-illawarra/wollongong/dapto,Electrician Dapto 2530 | Emergency & Level 2,"Evaready helps Dapto with urgent faults, Level 2 ASP work, switchboards, hot water electrical, aircon, CCTV/data and planned electrical work.",Electrician Dapto 2530,2861,yes,yes,yes,yes,yes,yes,yes,yes,yes,yes,yes,greater,,,,,,,
/service-areas/wollongong-and-illawarra/wollongong/darkes-forest,suburb page,yes,https://c0d312.github.io/evaready-electrical/service-areas/wollongong-and-illawarra/wollongong/darkes-forest,Electrician Darkes Forest 2508 | Emergency & Level 2,"Evaready helps Darkes Forest with urgent faults, Level 2 ASP work, switchboards, hot water electrical, aircon, CCTV/data and planned electrical work.",Electrician Darkes Forest 2508,2994,yes,yes,yes,yes,yes,yes,yes,yes,yes,yes,yes,greater,,,,,,,
/service-areas/wollongong-and-illawarra/wollongong/dombarton,suburb page,yes,https://c0d312.github.io/evaready-electrical/service-areas/wollongong-and-illawarra/wollongong/dombarton,Electrician Dombarton 2530 | Emergency & Level 2,"Evaready helps Dombarton with urgent faults, Level 2 ASP work, switchboards, hot water electrical, aircon, CCTV/data and planned electrical work.",Electrician Dombarton 2530,2858,yes,yes,yes,yes,yes,yes,yes,yes,yes,yes,yes,greater,,,,,,,
/service-areas/wollongong-and-illawarra/wollongong/east-corrimal,suburb page,yes,https://c0d312.github.io/evaready-electrical/service-areas/wollongong-and-illawarra/wollongong/east-corrimal,Electrician East Corrimal 2518 | Emergency & Level 2,"Need electrical help in East Corrimal 2518? Emergency faults, Level 2 ASP, switchboards, hot water, aircon, CCTV/data and general electrical work.",Electrician East Corrimal 2518,2923,yes,yes,yes,yes,yes,yes,yes,yes,yes,yes,yes,greater,,,,,,,
/service-areas/wollongong-and-illawarra/wollongong/fairy-meadow,suburb page,yes,https://c0d312.github.io/evaready-electrical/service-areas/wollongong-and-illawarra/wollongong/fairy-meadow,Electrician Fairy Meadow 2519 | Emergency & Level 2,"Evaready helps Fairy Meadow with urgent faults, Level 2 ASP work, switchboards, hot water electrical, aircon, CCTV/data and planned electrical work.",Electrician Fairy Meadow 2519,2981,yes,yes,yes,yes,yes,yes,yes,yes,yes,yes,yes,greater,,,,,,,
/service-areas/wollongong-and-illawarra/wollongong/farmborough-heights,suburb page,yes,https://c0d312.github.io/evaready-electrical/service-areas/wollongong-and-illawarra/wollongong/farmborough-heights,Electrician Farmborough Heights 2526 | Emergency & Level 2,"Need electrical help in Farmborough Heights 2526? Emergency faults, Level 2 ASP, switchboards, hot water, aircon, CCTV/data and general electrical.",Electrician Farmborough Heights 2526,2937,yes,yes,yes,yes,yes,yes,yes,yes,yes,yes,yes,greater,,,,,,,
/service-areas/wollongong-and-illawarra/wollongong/fernhill,suburb page,yes,https://c0d312.github.io/evaready-electrical/service-areas/wollongong-and-illawarra/wollongong/fernhill,Electrician Fernhill 2519 | Emergency & Level 2,"Evaready helps Fernhill with urgent faults, Level 2 ASP work, switchboards, hot water electrical, aircon, CCTV/data and planned electrical work.",Electrician Fernhill 2519,2831,yes,yes,yes,yes,yes,yes,yes,yes,yes,yes,yes,greater,,,,,,,
/service-areas/wollongong-and-illawarra/wollongong/figtree,suburb page,yes,https://c0d312.github.io/evaready-electrical/service-areas/wollongong-and-illawarra/wollongong/figtree,Electrician Figtree 2525 | Emergency & Level 2,"Need electrical help in Figtree 2525? Emergency faults, Level 2 ASP, switchboards, hot water, aircon, CCTV/data and general electrical work across.",Electrician Figtree 2525,2888,yes,yes,yes,yes,yes,yes,yes,yes,yes,yes,yes,greater,,,,,,,
/service-areas/wollongong-and-illawarra/wollongong/gwynneville,suburb page,yes,https://c0d312.github.io/evaready-electrical/service-areas/wollongong-and-illawarra/wollongong/gwynneville,Electrician Gwynneville 2500 | Emergency & Level 2,"Need electrical help in Gwynneville 2500? Emergency faults, Level 2 ASP, switchboards, hot water, aircon, CCTV/data and general electrical work across.",Electrician Gwynneville 2500,2872,yes,yes,yes,yes,yes,yes,yes,yes,yes,yes,yes,greater,,,,,,,
/service-areas/wollongong-and-illawarra/wollongong/haywards-bay,suburb page,yes,https://c0d312.github.io/evaready-electrical/service-areas/wollongong-and-illawarra/wollongong/haywards-bay,Electrician Haywards Bay 2530 | Emergency & Level 2,"Need an electrician in Haywards Bay? Evaready helps with emergency faults, Level 2 ASP work, switchboards, hot water, aircon, CCTV/data and general.",Electrician Haywards Bay 2530,2941,yes,yes,yes,yes,yes,yes,yes,yes,yes,yes,yes,greater,,,,,,,
/service-areas/wollongong-and-illawarra/wollongong/helensburgh,suburb page,yes,https://c0d312.github.io/evaready-electrical/service-areas/wollongong-and-illawarra/wollongong/helensburgh,Electrician Helensburgh 2508 | Emergency & Level 2,"Evaready helps Helensburgh with urgent faults, Level 2 ASP work, switchboards, hot water electrical, aircon, CCTV/data and planned electrical work.",Electrician Helensburgh 2508,2938,yes,yes,yes,yes,yes,yes,yes,yes,yes,yes,yes,greater,,,,,,,
/service-areas/wollongong-and-illawarra/wollongong/horsley,suburb page,yes,https://c0d312.github.io/evaready-electrical/service-areas/wollongong-and-illawarra/wollongong/horsley,Electrician Horsley 2530 | Emergency & Level 2,"Evaready helps Horsley with urgent faults, Level 2 ASP work, switchboards, hot water electrical, aircon, CCTV/data and planned electrical work.",Electrician Horsley 2530,2859,yes,yes,yes,yes,yes,yes,yes,yes,yes,yes,yes,greater,,,,,,,
/service-areas/wollongong-and-illawarra/wollongong/huntley,suburb page,yes,https://c0d312.github.io/evaready-electrical/service-areas/wollongong-and-illawarra/wollongong/huntley,Electrician Huntley 2530 | Emergency & Level 2,"Evaready helps Huntley with urgent faults, Level 2 ASP work, switchboards, hot water electrical, aircon, CCTV/data and planned electrical work.",Electrician Huntley 2530,2910,yes,yes,yes,yes,yes,yes,yes,yes,yes,yes,yes,greater,,,,,,,
/service-areas/wollongong-and-illawarra/wollongong/kanahooka,suburb page,yes,https://c0d312.github.io/evaready-electrical/service-areas/wollongong-and-illawarra/wollongong/kanahooka,Electrician Kanahooka 2530 | Emergency & Level 2,"Need an electrician in Kanahooka? Evaready helps with emergency faults, Level 2 ASP work, switchboards, hot water, aircon, CCTV/data and general.",Electrician Kanahooka 2530,2967,yes,yes,yes,yes,yes,yes,yes,yes,yes,yes,yes,greater,,,,,,,
/service-areas/wollongong-and-illawarra/wollongong/keiraville,suburb page,yes,https://c0d312.github.io/evaready-electrical/service-areas/wollongong-and-illawarra/wollongong/keiraville,Electrician Keiraville 2500 | Emergency & Level 2,"Need an electrician in Keiraville? Evaready helps with emergency faults, Level 2 ASP work, switchboards, hot water, aircon, CCTV/data and general.",Electrician Keiraville 2500,2812,yes,yes,yes,yes,yes,yes,yes,yes,yes,yes,yes,greater,,,,,,,
/service-areas/wollongong-and-illawarra/wollongong/kembla-grange,suburb page,yes,https://c0d312.github.io/evaready-electrical/service-areas/wollongong-and-illawarra/wollongong/kembla-grange,Electrician Kembla Grange 2526 | Emergency & Level 2,"Need electrical help in Kembla Grange 2526? Emergency faults, Level 2 ASP, switchboards, hot water, aircon, CCTV/data and general electrical work.",Electrician Kembla Grange 2526,2937,yes,yes,yes,yes,yes,yes,yes,yes,yes,yes,yes,greater,,,,,,,
/service-areas/wollongong-and-illawarra/wollongong/kembla-heights,suburb page,yes,https://c0d312.github.io/evaready-electrical/service-areas/wollongong-and-illawarra/wollongong/kembla-heights,Electrician Kembla Heights 2526 | Emergency & Level 2,"Need electrical help in Kembla Heights 2526? Emergency faults, Level 2 ASP, switchboards, hot water, aircon, CCTV/data and general electrical work.",Electrician Kembla Heights 2526,2938,yes,yes,yes,yes,yes,yes,yes,yes,yes,yes,yes,greater,,,,,,,
/service-areas/wollongong-and-illawarra/wollongong/koonawarra,suburb page,yes,https://c0d312.github.io/evaready-electrical/service-areas/wollongong-and-illawarra/wollongong/koonawarra,Electrician Koonawarra 2530 | Emergency & Level 2,"Need an electrician in Koonawarra? Evaready helps with emergency faults, Level 2 ASP work, switchboards, hot water, aircon, CCTV/data and general.",Electrician Koonawarra 2530,2895,yes,yes,yes,yes,yes,yes,yes,yes,yes,yes,yes,greater,,,,,,,
/service-areas/wollongong-and-illawarra/wollongong/lake-heights,suburb page,yes,https://c0d312.github.io/evaready-electrical/service-areas/wollongong-and-illawarra/wollongong/lake-heights,Electrician Lake Heights 2502 | Emergency & Level 2,"Evaready helps Lake Heights with urgent faults, Level 2 ASP work, switchboards, hot water electrical, aircon, CCTV/data and planned electrical work.",Electrician Lake Heights 2502,2960,yes,yes,yes,yes,yes,yes,yes,yes,yes,yes,yes,greater,,,,,,,
/service-areas/wollongong-and-illawarra/wollongong/lilyvale,suburb page,yes,https://c0d312.github.io/evaready-electrical/service-areas/wollongong-and-illawarra/wollongong/lilyvale,Electrician Lilyvale 2508 | Emergency & Level 2,"Need an electrician in Lilyvale? Evaready helps with emergency faults, Level 2 ASP work, switchboards, hot water, aircon, CCTV/data and general.",Electrician Lilyvale 2508,2881,yes,yes,yes,yes,yes,yes,yes,yes,yes,yes,yes,greater,,,,,,,
/service-areas/wollongong-and-illawarra/wollongong/maddens-plains,suburb page,yes,https://c0d312.github.io/evaready-electrical/service-areas/wollongong-and-illawarra/wollongong/maddens-plains,Electrician Maddens Plains 2508 | Emergency & Level 2,"Evaready helps Maddens Plains with urgent faults, Level 2 ASP work, switchboards, hot water electrical, aircon, CCTV/data and planned electrical work.",Electrician Maddens Plains 2508,2924,yes,yes,yes,yes,yes,yes,yes,yes,yes,yes,yes,greater,,,,,,,
/service-areas/wollongong-and-illawarra/wollongong/mangerton,suburb page,yes,https://c0d312.github.io/evaready-electrical/service-areas/wollongong-and-illawarra/wollongong/mangerton,Electrician Mangerton 2500 | Emergency & Level 2,"Need electrical help in Mangerton 2500? Emergency faults, Level 2 ASP, switchboards, hot water, aircon, CCTV/data and general electrical work across.",Electrician Mangerton 2500,2867,yes,yes,yes,yes,yes,yes,yes,yes,yes,yes,yes,greater,,,,,,,
/service-areas/wollongong-and-illawarra/wollongong/marshall-mount,suburb page,yes,https://c0d312.github.io/evaready-electrical/service-areas/wollongong-and-illawarra/wollongong/marshall-mount,Electrician Marshall Mount 2530 | Emergency & Level 2,"Need electrical help in Marshall Mount 2530? Emergency faults, Level 2 ASP, switchboards, hot water, aircon, CCTV/data and general electrical work.",Electrician Marshall Mount 2530,2961,yes,yes,yes,yes,yes,yes,yes,yes,yes,yes,yes,greater,,,,,,,
/service-areas/wollongong-and-illawarra/wollongong/mount-keira,suburb page,yes,https://c0d312.github.io/evaready-electrical/service-areas/wollongong-and-illawarra/wollongong/mount-keira,Electrician Mount Keira 2500 | Emergency & Level 2,"Need an electrician in Mount Keira? Evaready helps with emergency faults, Level 2 ASP work, switchboards, hot water, aircon, CCTV/data and general.",Electrician Mount Keira 2500,2970,yes,yes,yes,yes,yes,yes,yes,yes,yes,yes,yes,greater,,,,,,,
/service-areas/wollongong-and-illawarra/wollongong/mount-kembla,suburb page,yes,https://c0d312.github.io/evaready-electrical/service-areas/wollongong-and-illawarra/wollongong/mount-kembla,Electrician Mount Kembla 2526 | Emergency & Level 2,"Need an electrician in Mount Kembla? Evaready helps with emergency faults, Level 2 ASP work, switchboards, hot water, aircon, CCTV/data and general.",Electrician Mount Kembla 2526,2926,yes,yes,yes,yes,yes,yes,yes,yes,yes,yes,yes,greater,,,,,,,
/service-areas/wollongong-and-illawarra/wollongong/mount-ousley,suburb page,yes,https://c0d312.github.io/evaready-electrical/service-areas/wollongong-and-illawarra/wollongong/mount-ousley,Electrician Mount Ousley 2519 | Emergency & Level 2,"Need an electrician in Mount Ousley? Evaready helps with emergency faults, Level 2 ASP work, switchboards, hot water, aircon, CCTV/data and general.",Electrician Mount Ousley 2519,2961,yes,yes,yes,yes,yes,yes,yes,yes,yes,yes,yes,greater,,,,,,,
/service-areas/wollongong-and-illawarra/wollongong/mount-pleasant,suburb page,yes,https://c0d312.github.io/evaready-electrical/service-areas/wollongong-and-illawarra/wollongong/mount-pleasant,Electrician Mount Pleasant 2519 | Emergency & Level 2,"Evaready helps Mount Pleasant with urgent faults, Level 2 ASP work, switchboards, hot water electrical, aircon, CCTV/data and planned electrical work.",Electrician Mount Pleasant 2519,3005,yes,yes,yes,yes,yes,yes,yes,yes,yes,yes,yes,greater,,,,,,,
/service-areas/wollongong-and-illawarra/wollongong/mount-saint-thomas,suburb page,yes,https://c0d312.github.io/evaready-electrical/service-areas/wollongong-and-illawarra/wollongong/mount-saint-thomas,Electrician Mount Saint Thomas 2500 | Emergency & Level 2,"Need an electrician in Mount Saint Thomas? Evaready helps with emergency faults, Level 2 ASP work, switchboards, hot water, aircon, CCTV/data.",Electrician Mount Saint Thomas 2500,3052,yes,yes,yes,yes,yes,yes,yes,yes,yes,yes,yes,greater,,,,,,,
/service-areas/wollongong-and-illawarra/wollongong/north-wollongong,suburb page,yes,https://c0d312.github.io/evaready-electrical/service-areas/wollongong-and-illawarra/wollongong/north-wollongong,Electrician North Wollongong 2500 | Emergency & Level 2,"Need an electrician in North Wollongong? Evaready helps with emergency faults, Level 2 ASP work, switchboards, hot water, aircon, CCTV/data.",Electrician North Wollongong 2500,2988,yes,yes,yes,yes,yes,yes,yes,yes,yes,yes,yes,greater,,,,,,,
/service-areas/wollongong-and-illawarra/wollongong/otford,suburb page,yes,https://c0d312.github.io/evaready-electrical/service-areas/wollongong-and-illawarra/wollongong/otford,Electrician Otford 2508 | Emergency & Level 2,"Evaready helps Otford with urgent faults, Level 2 ASP work, switchboards, hot water electrical, aircon, CCTV/data and planned electrical work.",Electrician Otford 2508,2879,yes,yes,yes,yes,yes,yes,yes,yes,yes,yes,yes,greater,,,,,,,
/service-areas/wollongong-and-illawarra/wollongong/port-kembla,suburb page,yes,https://c0d312.github.io/evaready-electrical/service-areas/wollongong-and-illawarra/wollongong/port-kembla,Electrician Port Kembla 2505 | Emergency & Level 2,"Need electrical help in Port Kembla 2505? Emergency faults, Level 2 ASP, switchboards, hot water, aircon, CCTV/data and general electrical work across.",Electrician Port Kembla 2505,2998,yes,yes,yes,yes,yes,yes,yes,yes,yes,yes,yes,greater,,,,,,,
/service-areas/wollongong-and-illawarra/wollongong/primbee,suburb page,yes,https://c0d312.github.io/evaready-electrical/service-areas/wollongong-and-illawarra/wollongong/primbee,Electrician Primbee 2502 | Emergency & Level 2,"Need an electrician in Primbee? Evaready helps with emergency faults, Level 2 ASP work, switchboards, hot water, aircon, CCTV/data and general.",Electrician Primbee 2502,2949,yes,yes,yes,yes,yes,yes,yes,yes,yes,yes,yes,greater,,,,,,,
/service-areas/wollongong-and-illawarra/wollongong/russell-vale,suburb page,yes,https://c0d312.github.io/evaready-electrical/service-areas/wollongong-and-illawarra/wollongong/russell-vale,Electrician Russell Vale 2517 | Emergency & Level 2,"Need an electrician in Russell Vale? Evaready helps with emergency faults, Level 2 ASP work, switchboards, hot water, aircon, CCTV/data and general.",Electrician Russell Vale 2517,2988,yes,yes,yes,yes,yes,yes,yes,yes,yes,yes,yes,greater,,,,,,,
/service-areas/wollongong-and-illawarra/wollongong/scarborough,suburb page,yes,https://c0d312.github.io/evaready-electrical/service-areas/wollongong-and-illawarra/wollongong/scarborough,Electrician Scarborough 2515 | Emergency & Level 2,"Evaready helps Scarborough with urgent faults, Level 2 ASP work, switchboards, hot water electrical, aircon, CCTV/data and planned electrical work.",Electrician Scarborough 2515,2887,yes,yes,yes,yes,yes,yes,yes,yes,yes,yes,yes,greater,,,,,,,
/service-areas/wollongong-and-illawarra/wollongong/stanwell-park,suburb page,yes,https://c0d312.github.io/evaready-electrical/service-areas/wollongong-and-illawarra/wollongong/stanwell-park,Electrician Stanwell Park 2508 | Emergency & Level 2,"Evaready helps Stanwell Park with urgent faults, Level 2 ASP work, switchboards, hot water electrical, aircon, CCTV/data and planned electrical work.",Electrician Stanwell Park 2508,3014,yes,yes,yes,yes,yes,yes,yes,yes,yes,yes,yes,greater,,,,,,,
/service-areas/wollongong-and-illawarra/wollongong/stanwell-tops,suburb page,yes,https://c0d312.github.io/evaready-electrical/service-areas/wollongong-and-illawarra/wollongong/stanwell-tops,Electrician Stanwell Tops 2508 | Emergency & Level 2,"Need an electrician in Stanwell Tops? Evaready helps with emergency faults, Level 2 ASP work, switchboards, hot water, aircon, CCTV/data and general.",Electrician Stanwell Tops 2508,2891,yes,yes,yes,yes,yes,yes,yes,yes,yes,yes,yes,greater,,,,,,,
/service-areas/wollongong-and-illawarra/wollongong/tarrawanna,suburb page,yes,https://c0d312.github.io/evaready-electrical/service-areas/wollongong-and-illawarra/wollongong/tarrawanna,Electrician Tarrawanna 2518 | Emergency & Level 2,"Need an electrician in Tarrawanna? Evaready helps with emergency faults, Level 2 ASP work, switchboards, hot water, aircon, CCTV/data and general.",Electrician Tarrawanna 2518,2860,yes,yes,yes,yes,yes,yes,yes,yes,yes,yes,yes,greater,,,,,,,
/service-areas/wollongong-and-illawarra/wollongong/thirroul,suburb page,yes,https://c0d312.github.io/evaready-electrical/service-areas/wollongong-and-illawarra/wollongong/thirroul,Electrician Thirroul 2515 | Emergency & Level 2,"Evaready helps Thirroul with urgent faults, Level 2 ASP work, switchboards, hot water electrical, aircon, CCTV/data and planned electrical work.",Electrician Thirroul 2515,2879,yes,yes,yes,yes,yes,yes,yes,yes,yes,yes,yes,greater,,,,,,,
/service-areas/wollongong-and-illawarra/wollongong/towradgi,suburb page,yes,https://c0d312.github.io/evaready-electrical/service-areas/wollongong-and-illawarra/wollongong/towradgi,Electrician Towradgi 2518 | Emergency & Level 2,"Need an electrician in Towradgi? Evaready helps with emergency faults, Level 2 ASP work, switchboards, hot water, aircon, CCTV/data and general.",Electrician Towradgi 2518,2831,yes,yes,yes,yes,yes,yes,yes,yes,yes,yes,yes,greater,,,,,,,
/service-areas/wollongong-and-illawarra/wollongong/unanderra,suburb page,yes,https://c0d312.github.io/evaready-electrical/service-areas/wollongong-and-illawarra/wollongong/unanderra,Electrician Unanderra 2526 | Emergency & Level 2,"Need an electrician in Unanderra? Evaready helps with emergency faults, Level 2 ASP work, switchboards, hot water, aircon, CCTV/data and general.",Electrician Unanderra 2526,2900,yes,yes,yes,yes,yes,yes,yes,yes,yes,yes,yes,greater,,,,,,,
/service-areas/wollongong-and-illawarra/wollongong/warrawong,suburb page,yes,https://c0d312.github.io/evaready-electrical/service-areas/wollongong-and-illawarra/wollongong/warrawong,Electrician Warrawong 2502 | Emergency & Level 2,"Need an electrician in Warrawong? Evaready helps with emergency faults, Level 2 ASP work, switchboards, hot water, aircon, CCTV/data and general.",Electrician Warrawong 2502,2831,yes,yes,yes,yes,yes,yes,yes,yes,yes,yes,yes,greater,,,,,,,
/service-areas/wollongong-and-illawarra/wollongong/west-wollongong,suburb page,yes,https://c0d312.github.io/evaready-electrical/service-areas/wollongong-and-illawarra/wollongong/west-wollongong,Electrician West Wollongong 2500 | Emergency & Level 2,"Evaready helps West Wollongong with urgent faults, Level 2 ASP work, switchboards, hot water electrical, aircon, CCTV/data and planned electrical work.",Electrician West Wollongong 2500,3018,yes,yes,yes,yes,yes,yes,yes,yes,yes,yes,yes,greater,,,,,,,
/service-areas/wollongong-and-illawarra/wollongong/windang,suburb page,yes,https://c0d312.github.io/evaready-electrical/service-areas/wollongong-and-illawarra/wollongong/windang,Electrician Windang 2528 | Emergency & Level 2,"Need an electrician in Windang? Evaready helps with emergency faults, Level 2 ASP work, switchboards, hot water, aircon, CCTV/data and general.",Electrician Windang 2528,2847,yes,yes,yes,yes,yes,yes,yes,yes,yes,yes,yes,greater,,,,,,,
/service-areas/wollongong-and-illawarra/wollongong/wollongong,suburb page,yes,https://c0d312.github.io/evaready-electrical/service-areas/wollongong-and-illawarra/wollongong/wollongong,Electrician Wollongong 2500 | Emergency & Level 2,"Need an electrician in Wollongong? Evaready Electrical helps with emergency faults, switchboards, lighting, power, hot water electrical, data, CCTV.",Electrician Wollongong 2500,2846,yes,yes,yes,yes,yes,yes,yes,yes,yes,yes,yes,greater,,,,,,,
/service-areas/wollongong-and-illawarra/wollongong/wombarra,suburb page,yes,https://c0d312.github.io/evaready-electrical/service-areas/wollongong-and-illawarra/wollongong/wombarra,Electrician Wombarra 2515 | Emergency & Level 2,"Evaready helps Wombarra with urgent faults, Level 2 ASP work, switchboards, hot water electrical, aircon, CCTV/data and planned electrical work.",Electrician Wombarra 2515,2863,yes,yes,yes,yes,yes,yes,yes,yes,yes,yes,yes,greater,,,,,,,
/service-areas/wollongong-and-illawarra/wollongong/wongawilli,suburb page,yes,https://c0d312.github.io/evaready-electrical/service-areas/wollongong-and-illawarra/wollongong/wongawilli,Electrician Wongawilli 2530 | Emergency & Level 2,"Need electrical help in Wongawilli 2530? Emergency faults, Level 2 ASP, switchboards, hot water, aircon, CCTV/data and general electrical work across.",Electrician Wongawilli 2530,2862,yes,yes,yes,yes,yes,yes,yes,yes,yes,yes,yes,greater,,,,,,,
/service-areas/wollongong-and-illawarra/wollongong/woonona,suburb page,yes,https://c0d312.github.io/evaready-electrical/service-areas/wollongong-and-illawarra/wollongong/woonona,Electrician Woonona 2517 | Emergency & Level 2,"Need an electrician in Woonona? Evaready helps with emergency faults, Level 2 ASP work, switchboards, hot water, aircon, CCTV/data and general.",Electrician Woonona 2517,2863,yes,yes,yes,yes,yes,yes,yes,yes,yes,yes,yes,greater,,,,,,,
/service-areas/wollongong-and-illawarra/wollongong/yallah,suburb page,yes,https://c0d312.github.io/evaready-electrical/service-areas/wollongong-and-illawarra/wollongong/yallah,Electrician Yallah 2530 | Emergency & Level 2,"Need an electrician in Yallah? Evaready helps with emergency faults, Level 2 ASP work, switchboards, hot water, aircon, CCTV/data and general.",Electrician Yallah 2530,2901,yes,yes,yes,yes,yes,yes,yes,yes,yes,yes,yes,greater,,,,,,,
/services,services index,yes,https://c0d312.github.io/evaready-electrical/services,Electrical Services Sydney & Surrounding Regions,"Electrical services across Sydney and surrounding regions for emergency faults, Level 2 work, switchboards, hot water, aircon, CCTV and data.",Electrical Services Sydney & Surrounding Regions,2484,yes,yes,yes,yes,yes,yes,yes,yes,yes,yes,no,mixed,,,,,,,
/services/appliance-installation-electrician-sydney,service page,yes,https://c0d312.github.io/evaready-electrical/services/appliance-installation-electrician-sydney,Appliance Installation Electrician Sydney,"Appliance installation electrician in Sydney for cooktops, ovens, rangehoods, dishwasher connections, isolators and dedicated circuits.",Appliance Installation Electrician Sydney & Surrounding Regions,1327,yes,yes,yes,yes,yes,yes,yes,yes,yes,yes,no,mixed,,,,,,,
/services/cctv-security-camera-installation-sydney,service page,yes,https://c0d312.github.io/evaready-electrical/services/cctv-security-camera-installation-sydney,CCTV Electrician Sydney | Cameras & Security Cabling,"CCTV electrician in Sydney for security camera installation, camera wiring, recorder support, home CCTV and business CCTV cabling.",CCTV Electrician Sydney & Surrounding Regions,1383,yes,yes,yes,yes,yes,yes,yes,yes,yes,yes,no,mixed,,,,,,,
/services/ceiling-fan-installation-sydney,service page,yes,https://c0d312.github.io/evaready-electrical/services/ceiling-fan-installation-sydney,Ceiling Fan Installation Sydney & Surrounding Regions,"Ceiling fan installation in Sydney for bedrooms, living areas, outdoor fans, exhaust fans, bathroom fans and fan replacement wiring.",Ceiling Fan Installation Sydney & Surrounding Regions,1336,yes,yes,yes,yes,yes,yes,yes,yes,yes,yes,no,mixed,,,,,,,
/services/circuit-breaker-electrician-sydney,service page,yes,https://c0d312.github.io/evaready-electrical/services/circuit-breaker-electrician-sydney,Circuit Breaker Electrician Sydney,"Circuit breaker electrician in Sydney for tripping breakers, overloaded circuits, switchboard faults and circuit protection checks.",Circuit Breaker Electrician Sydney & Surrounding Regions,1385,yes,yes,yes,yes,yes,yes,yes,yes,yes,yes,no,mixed,,,,,,,
/services/commercial-electrician-sydney,service page,yes,https://c0d312.github.io/evaready-electrical/services/commercial-electrician-sydney,"Commercial Electrician Sydney | Shops, Strata & Offices","Commercial electrician in Sydney for shops, offices, strata, builders and property managers needing power, lighting, faults and maintenance.",Commercial Electrician Sydney & Surrounding Regions,1360,yes,yes,yes,yes,yes,yes,yes,yes,yes,yes,no,mixed,,,,,,,
/services/consumer-mains-sydney,service page,yes,https://c0d312.github.io/evaready-electrical/services/consumer-mains-sydney,Consumer Mains Electrician Sydney | Level 2 Supply Work,"Consumer mains electrician in Sydney for damaged, undersized or ageing mains, supply upgrades, defect notices and switchboard supply work.",Consumer Mains Electrician Sydney & Surrounding Regions,1623,yes,yes,yes,yes,yes,yes,yes,yes,yes,yes,yes,mixed,,,,,,,
/services/data-cabling-electrician-sydney,service page,yes,https://c0d312.github.io/evaready-electrical/services/data-cabling-electrician-sydney,Data Cabling Electrician Sydney | Internet Points,"Data cabling electrician in Sydney for network points, internet points, NBN internal cabling, phone line repairs and office data runs.",Data Cabling Electrician Sydney & Surrounding Regions,1373,yes,yes,yes,yes,yes,yes,yes,yes,yes,yes,no,mixed,,,,,,,
/services/defect-notice-repairs-sydney,service page,yes,https://c0d312.github.io/evaready-electrical/services/defect-notice-repairs-sydney,Electrical Defect Notice Repairs Sydney,"Electrical defect notice repairs in Sydney for consumer mains, point of attachment, switchboards, private poles and supply-side defects.",Electrical Defect Notice Repairs Sydney & Surrounding Regions,1579,yes,yes,yes,yes,yes,yes,yes,yes,yes,yes,yes,mixed,,,,,,,
/services/disconnect-reconnect-electrician-sydney,service page,yes,https://c0d312.github.io/evaready-electrical/services/disconnect-reconnect-electrician-sydney,Disconnect Reconnect Electrician Sydney,"Disconnect and reconnect electrician in Sydney for supply-side planning, renovations, defect notices and service equipment work.",Disconnect & Reconnect Electrician Sydney & Surrounding Regions,1624,yes,yes,yes,yes,yes,yes,yes,yes,yes,yes,yes,mixed,,,,,,,
/services/electric-shock-electrician-sydney,service page,yes,https://c0d312.github.io/evaready-electrical/services/electric-shock-electrician-sydney,Electric Shock Electrician Sydney,"Electric shock electrician in Sydney for shock risk, tingles from outlets, appliances, wet fixtures and urgent safety checks.",Electric Shock Electrician Sydney & Surrounding Regions,1391,yes,yes,yes,yes,yes,yes,yes,yes,yes,yes,no,mixed,,,,,,,
/services/electrical-fault-finding-sydney,service page,yes,https://c0d312.github.io/evaready-electrical/services/electrical-fault-finding-sydney,Electrical Fault Finding Sydney | Tripping & Power Faults,"Electrical fault finding in Sydney for tripping safety switches, no power and burning smells, damaged wiring and overheating power points and water damage.",Electrical Fault Finding Sydney & Surrounding Regions,1450,yes,yes,yes,yes,yes,yes,yes,yes,yes,yes,no,mixed,,,,,,,
/services/electrical-load-capacity-checks-sydney,service page,yes,https://c0d312.github.io/evaready-electrical/services/electrical-load-capacity-checks-sydney,Electrical Load Capacity Checks Sydney,"Electrical load and capacity checks in Sydney for EV chargers, 3 phase upgrades, workshops, commercial equipment and switchboards.",Electrical Load & Capacity Checks Sydney & Surrounding Regions,1624,yes,yes,yes,yes,yes,yes,yes,yes,yes,yes,yes,mixed,,,,,,,
/services/electrical-safety-inspection-sydney,service page,yes,https://c0d312.github.io/evaready-electrical/services/electrical-safety-inspection-sydney,Electrical Safety Inspection Sydney,"Electrical safety inspection in Sydney for switchboards, safety switches, wiring, power points, lighting and visible fault risks.",Electrical Safety Inspection Sydney & Surrounding Regions,1383,yes,yes,yes,yes,yes,yes,yes,yes,yes,yes,no,mixed,,,,,,,
/services/electrical-testing-tagging-reports-sydney,service page,yes,https://c0d312.github.io/evaready-electrical/services/electrical-testing-tagging-reports-sydney,Electrical Testing & Tagging Sydney | Safety Reports,"Electrical testing, tagging and reports in Sydney for safety checks, property managers, businesses, rentals, fault notes and electrical compliance support.","Electrical Testing, Tagging & Reports Sydney & Surrounding Regions",1380,yes,yes,yes,yes,yes,yes,yes,yes,yes,yes,no,mixed,,,,,,,
/services/emergency-exit-lighting-sydney,service page,yes,https://c0d312.github.io/evaready-electrical/services/emergency-exit-lighting-sydney,Emergency Exit Lighting Sydney | Electrician,"Emergency and exit lighting electrician in Sydney for commercial sites, testing support, replacements and safety lighting checks.",Emergency & Exit Lighting Electrician Sydney & Surrounding Regions,1381,yes,yes,yes,yes,yes,yes,yes,yes,yes,yes,no,mixed,,,,,,,
/services/ev-charger-installation-sydney,service page,yes,https://c0d312.github.io/evaready-electrical/services/ev-charger-installation-sydney,EV Charger Installation Sydney | Home & Business Charging,"EV charger installation in Sydney for homes and businesses, with load checks, dedicated circuits, switchboard checks and upgrade advice.",EV Charger Installation Sydney & Surrounding Regions,1345,yes,yes,yes,yes,yes,yes,yes,yes,yes,yes,no,mixed,,,,,,,
/services/hot-power-point-electrician-sydney,service page,yes,https://c0d312.github.io/evaready-electrical/services/hot-power-point-electrician-sydney,Hot Power Point Electrician Sydney,"Hot power point electrician in Sydney for warm outlets and burning smells, buzzing sockets, damaged wiring and urgent fault checks.",Hot Power Point Electrician Sydney & Surrounding Regions,1414,yes,yes,yes,yes,yes,yes,yes,yes,yes,yes,no,mixed,,,,,,,
/services/hot-water-system-electrician-sydney,service page,yes,https://c0d312.github.io/evaready-electrical/services/hot-water-system-electrician-sydney,Hot Water Electrician Sydney | Circuits & Isolators,"Hot water electrician in Sydney for no hot water and circuit tripping, isolators, thermostat checks and heat pump electrical support.",Hot Water System Electrician Sydney & Surrounding Regions,1468,yes,yes,yes,yes,yes,yes,yes,yes,yes,yes,no,mixed,,,,,,,
/services/intercom-access-control-electrician-sydney,service page,yes,https://c0d312.github.io/evaready-electrical/services/intercom-access-control-electrician-sydney,Intercom & Access Control Electrician Sydney,"Intercom and access control electrician in Sydney for entry systems, intercom wiring, gate provisions, strata access and security wiring.",Intercom & Access Control Electrician Sydney & Surrounding Regions,1372,yes,yes,yes,yes,yes,yes,yes,yes,yes,yes,no,mixed,,,,,,,
/services/intercom-installation-sydney,service page,yes,https://c0d312.github.io/evaready-electrical/services/intercom-installation-sydney,Intercom Installation Sydney | Electrician,"Intercom installation electrician in Sydney for homes, strata, entry systems, gate cabling and access control support.",Intercom Installation Electrician Sydney & Surrounding Regions,1361,yes,yes,yes,yes,yes,yes,yes,yes,yes,yes,no,mixed,,,,,,,
/services/lighting-electrician-sydney,service page,yes,https://c0d312.github.io/evaready-electrical/services/lighting-electrician-sydney,Lighting Electrician Sydney | LED & Outdoor Lighting,"Lighting electrician in Sydney for LED downlights, outdoor lights, security lighting, bathroom lighting, feature lights and repairs.",Lighting Electrician Sydney & Surrounding Regions,1329,yes,yes,yes,yes,yes,yes,yes,yes,yes,yes,no,mixed,,,,,,,
/services/metering-services-sydney,service page,yes,https://c0d312.github.io/evaready-electrical/services/metering-services-sydney,Metering Services Sydney & Surrounding Regions,"Metering services electrician in Sydney for meter support, service equipment checks, Level 2 electrical work, defect notices and supply-side enquiries.",Metering Services Electrician Sydney & Surrounding Regions,1579,yes,yes,yes,yes,yes,yes,yes,yes,yes,yes,yes,mixed,,,,,,,
/services/new-build-renovation-electrician-sydney,service page,yes,https://c0d312.github.io/evaready-electrical/services/new-build-renovation-electrician-sydney,Renovation Electrician Sydney | New Builds & Fit-Offs,"Renovation electrician in Sydney for rough-ins, fit-offs, kitchen upgrades, bathroom wiring, lighting layouts and switchboard planning.",New Build & Renovation Electrician Sydney & Surrounding Regions,1389,yes,yes,yes,yes,yes,yes,yes,yes,yes,yes,no,mixed,,,,,,,
/services/overhead-service-lines-sydney,service page,yes,https://c0d312.github.io/evaready-electrical/services/overhead-service-lines-sydney,Overhead Service Lines Sydney | Level 2 Help,"Overhead service line support in Sydney for damaged supply lines, point of attachment issues, private poles and defect notices.",Overhead Service Lines Sydney & Surrounding Regions,1624,yes,yes,yes,yes,yes,yes,yes,yes,yes,yes,yes,mixed,,,,,,,
/services/phone-line-electrician-sydney,service page,yes,https://c0d312.github.io/evaready-electrical/services/phone-line-electrician-sydney,Phone Line Electrician Sydney | Cabling Help,"Phone line electrician in Sydney for internal phone outlets, communications cabling, data points and cabling fault support.",Phone Line Electrician Sydney & Surrounding Regions,1374,yes,yes,yes,yes,yes,yes,yes,yes,yes,yes,no,mixed,,,,,,,
/services/point-of-attachment-repairs-sydney,service page,yes,https://c0d312.github.io/evaready-electrical/services/point-of-attachment-repairs-sydney,Point of Attachment Repairs Sydney | Level 2 Help,"Point of attachment repairs in Sydney for damaged brackets, overhead supply issues, defect notices and supply-side electrical enquiries.",Point of Attachment Repairs Sydney & Surrounding Regions,1639,yes,yes,yes,yes,yes,yes,yes,yes,yes,yes,yes,mixed,,,,,,,
/services/power-point-installation-sydney,service page,yes,https://c0d312.github.io/evaready-electrical/services/power-point-installation-sydney,Power Point Installation Sydney | Outlets & Repairs,"Power point installation in Sydney for new outlets, double power points, outdoor outlets, appliance circuits and faulty outlet repairs.",Power Point Installation Sydney & Surrounding Regions,1361,yes,yes,yes,yes,yes,yes,yes,yes,yes,yes,no,mixed,,,,,,,
/services/private-power-pole-sydney,service page,yes,https://c0d312.github.io/evaready-electrical/services/private-power-pole-sydney,Private Power Pole Electrician Sydney,"Private power pole electrician in Sydney for damaged poles, overhead service issues, storm damage, defect notices and supply concerns.",Private Power Pole Electrician Sydney & Surrounding Regions,1554,yes,yes,yes,yes,yes,yes,yes,yes,yes,yes,yes,mixed,,,,,,,
/services/rcd-safety-switch-repairs-sydney,service page,yes,https://c0d312.github.io/evaready-electrical/services/rcd-safety-switch-repairs-sydney,RCD Safety Switch Repairs Sydney,"RCD safety switch repairs in Sydney for circuit tripping, faulty safety switches, RCBO upgrades and switchboard protection checks.",RCD Safety Switch Repairs Sydney & Surrounding Regions,1397,yes,yes,yes,yes,yes,yes,yes,yes,yes,yes,no,mixed,,,,,,,
/services/residential-electrician-sydney,service page,yes,https://c0d312.github.io/evaready-electrical/services/residential-electrician-sydney,Residential Electrician Sydney | Home Electrical Help,"Need a residential electrician in Sydney? Evaready helps with power points, lighting, smoke alarms, switchboards, faults and renovations.",Residential Electrician Sydney & Surrounding Regions,1384,yes,yes,yes,yes,yes,yes,yes,yes,yes,yes,no,mixed,,,,,,,
/services/rewiring-electrician-sydney,service page,yes,https://c0d312.github.io/evaready-electrical/services/rewiring-electrician-sydney,Rewiring Electrician Sydney & Surrounding Regions,"Rewiring electrician in Sydney for old home wiring, renovation wiring, damaged cables, unsafe wiring, new circuits and safety upgrades.",Rewiring Electrician Sydney & Surrounding Regions,1329,yes,yes,yes,yes,yes,yes,yes,yes,yes,yes,no,mixed,,,,,,,
/services/safety-switch-rcd-installation-sydney,service page,yes,https://c0d312.github.io/evaready-electrical/services/safety-switch-rcd-installation-sydney,Safety Switch Electrician Sydney | RCD & RCBO Help,"Safety switch installation and RCD repairs in Sydney for circuit tripping, switchboard protection, RCBO upgrades and electrical safety checks.",Safety Switch Installation Sydney & Surrounding Regions,1351,yes,yes,yes,yes,yes,yes,yes,yes,yes,yes,no,mixed,,,,,,,
/services/smart-home-electrician-sydney,service page,yes,https://c0d312.github.io/evaready-electrical/services/smart-home-electrician-sydney,Smart Home Electrician Sydney & Surrounding Regions,"Smart home electrician in Sydney for smart switches, lighting control, automation wiring, future-ready cabling, data points and electrical upgrades.",Smart Home Electrician Sydney & Surrounding Regions,1375,yes,yes,yes,yes,yes,yes,yes,yes,yes,yes,no,mixed,,,,,,,
/services/smart-meter-electrician-sydney,service page,yes,https://c0d312.github.io/evaready-electrical/services/smart-meter-electrician-sydney,Smart Meter Electrician Sydney | Metering Help,"Smart meter electrician in Sydney for meter area checks, switchboard preparation, service equipment and retailer coordination advice.",Smart Meter Electrician Sydney & Surrounding Regions,1399,yes,yes,yes,yes,yes,yes,yes,yes,yes,yes,yes,mixed,,,,,,,
/services/smoke-alarm-electrician-sydney,service page,yes,https://c0d312.github.io/evaready-electrical/services/smoke-alarm-electrician-sydney,Smoke Alarm Electrician Sydney & Surrounding Regions,"Smoke alarm electrician in Sydney for installation, testing, replacement and hardwired smoke alarm support for homes, rentals and property managers.",Smoke Alarm Electrician Sydney & Surrounding Regions,1332,yes,yes,yes,yes,yes,yes,yes,yes,yes,yes,no,mixed,,,,,,,
/services/split-system-air-conditioning-sydney,service page,yes,https://c0d312.github.io/evaready-electrical/services/split-system-air-conditioning-sydney,Air Conditioning Electrician Sydney | AC Circuits,"Air conditioning electrician in Sydney for AC isolators, dedicated circuits, outdoor unit power, heat pump support and capacity checks.",Air Conditioning Electrician Sydney & Surrounding Regions,1489,yes,yes,yes,yes,yes,yes,yes,yes,yes,yes,no,mixed,,,,,,,
/services/storm-damage-electrician-sydney,service page,yes,https://c0d312.github.io/evaready-electrical/services/storm-damage-electrician-sydney,Storm Damage Electrician Sydney | Water-Affected Faults,"Storm damage electrician in Sydney for water-affected wiring, damaged fixtures, unsafe circuits, outdoor faults and make-safe support.",Storm Damage Electrician Sydney & Surrounding Regions,1414,yes,yes,yes,yes,yes,yes,yes,yes,yes,yes,no,mixed,,,,,,,
/services/surge-protection-electrician-sydney,service page,yes,https://c0d312.github.io/evaready-electrical/services/surge-protection-electrician-sydney,Surge Protection Electrician Sydney | Switchboard SPDs,"Surge protection electrician in Sydney for switchboard surge protection devices, appliance protection, storm risk and sensitive equipment protection.",Surge Protection Electrician Sydney & Surrounding Regions,1335,yes,yes,yes,yes,yes,yes,yes,yes,yes,yes,no,mixed,,,,,,,
/services/switchboard-upgrades-sydney,service page,yes,https://c0d312.github.io/evaready-electrical/services/switchboard-upgrades-sydney,Switchboard Upgrades Sydney | Safety Switches,"Switchboard upgrades in Sydney for safety switches, RCBOs, ceramic fuse replacement, burnt wiring checks and electrical capacity planning.",Switchboard Upgrades Sydney & Surrounding Regions,1689,yes,yes,yes,yes,yes,yes,yes,yes,yes,yes,no,mixed,,,,,,,
/services/testing-and-tagging-sydney,service page,yes,https://c0d312.github.io/evaready-electrical/services/testing-and-tagging-sydney,Testing and Tagging Sydney | Electrical Safety,"Testing and tagging in Sydney for workplaces, managed properties, appliances, safety checks and clear electrical records.",Testing and Tagging Sydney & Surrounding Regions,1367,yes,yes,yes,yes,yes,yes,yes,yes,yes,yes,no,mixed,,,,,,,
/services/three-phase-power-sydney,service page,yes,https://c0d312.github.io/evaready-electrical/services/three-phase-power-sydney,3 Phase Power Electrician Sydney & Surrounding Regions,"3 phase power electrician in Sydney for 3 phase upgrades, equipment circuits, commercial power, EV charger load checks and switchboard support.",3 Phase Power Electrician Sydney & Surrounding Regions,1369,yes,yes,yes,yes,yes,yes,yes,yes,yes,yes,yes,mixed,,,,,,,
/services/tv-antenna-wall-cabling-sydney,service page,yes,https://c0d312.github.io/evaready-electrical/services/tv-antenna-wall-cabling-sydney,"TV, Antenna & Wall Cabling Sydney & Surrounding Regions","TV, antenna and wall cabling electrician in Sydney for TV points, antenna outlets, wall-mount power, hidden cabling, media wiring and data combinations.","TV, Antenna & Wall Cabling Sydney & Surrounding Regions",1382,yes,yes,yes,yes,yes,yes,yes,yes,yes,yes,no,mixed,,,,,,,
/services/tv-points-antenna-electrician-sydney,service page,yes,https://c0d312.github.io/evaready-electrical/services/tv-points-antenna-electrician-sydney,TV Points & Antenna Electrician Sydney,"TV points and antenna electrician in Sydney for TV outlets, wall cabling, media points, antenna cabling and tidy power support.",TV Points & Antenna Electrician Sydney & Surrounding Regions,1373,yes,yes,yes,yes,yes,yes,yes,yes,yes,yes,no,mixed,,,,,,,
/services/underground-service-mains-sydney,service page,yes,https://c0d312.github.io/evaready-electrical/services/underground-service-mains-sydney,Underground Service Mains Sydney | Level 2 Help,"Underground service mains support in Sydney for supply-side faults, consumer mains, defect notices and service upgrades.",Underground Service Mains Sydney & Surrounding Regions,1601,yes,yes,yes,yes,yes,yes,yes,yes,yes,yes,yes,mixed,,,,,,,
/site-version.json,site-version,yes,https://c0d312.github.io/evaready-electrical/site-version.json,,,,29,yes,yes,yes,yes,yes,yes,yes,yes,yes,yes,no,n/a,,,,,,,
/sitemap.xml,sitemap,yes,https://c0d312.github.io/evaready-electrical/sitemap.xml,,,,5976,yes,yes,yes,yes,yes,yes,yes,yes,yes,yes,no,n/a,,,,,,,route not present in sitemap
/terms,terms,yes,https://c0d312.github.io/evaready-electrical/terms,Terms | Evaready Electrical,"General website and service terms for Evaready Electrical enquiries, quotes and bookings.",Terms of Use,854,yes,yes,yes,yes,yes,yes,yes,yes,yes,yes,no,n/a,,,,,,,