scope,route,viewport,ok,overflow,headerFits,menuWorks,scrollWorks,stickyWorks,callNow,quote,css,notes
"generated-html","/404/","n/a","true","0","true","true","n/a","n/a","true","true","true",""
"generated-html","/404.html","n/a","true","0","true","true","n/a","n/a","true","true","true",""
"generated-html","/about/","n/a","true","0","true","true","n/a","n/a","true","true","true",""
"generated-html","/contact/","n/a","true","0","true","true","n/a","n/a","true","true","true",""
"generated-html","/electrical-faults/burning-smell-from-outlet/","n/a","true","0","true","true","n/a","n/a","true","true","true",""
"generated-html","/electrical-faults/burning-smell-from-switchboard/","n/a","true","0","true","true","n/a","n/a","true","true","true",""
"generated-html","/electrical-faults/circuit-breaker-keeps-tripping/","n/a","true","0","true","true","n/a","n/a","true","true","true",""
"generated-html","/electrical-faults/electric-shock-from-outlet/","n/a","true","0","true","true","n/a","n/a","true","true","true",""
"generated-html","/electrical-faults/hot-power-point/","n/a","true","0","true","true","n/a","n/a","true","true","true",""
"generated-html","/electrical-faults/","n/a","true","0","true","true","n/a","n/a","true","true","true",""
"generated-html","/electrical-faults/lights-flickering/","n/a","true","0","true","true","n/a","n/a","true","true","true",""
"generated-html","/electrical-faults/no-power-in-one-room/","n/a","true","0","true","true","n/a","n/a","true","true","true",""
"generated-html","/electrical-faults/no-power-to-house/","n/a","true","0","true","true","n/a","n/a","true","true","true",""
"generated-html","/electrical-faults/power-outage-after-storm/","n/a","true","0","true","true","n/a","n/a","true","true","true",""
"generated-html","/electrical-faults/power-point-sparking/","n/a","true","0","true","true","n/a","n/a","true","true","true",""
"generated-html","/electrical-faults/power-surge-damage/","n/a","true","0","true","true","n/a","n/a","true","true","true",""
"generated-html","/electrical-faults/rcd-trips-when-raining/","n/a","true","0","true","true","n/a","n/a","true","true","true",""
"generated-html","/electrical-faults/safety-switch-keeps-tripping/","n/a","true","0","true","true","n/a","n/a","true","true","true",""
"generated-html","/electrical-faults/safety-switch-trips-at-night/","n/a","true","0","true","true","n/a","n/a","true","true","true",""
"generated-html","/electrical-faults/smoke-from-electrical-panel/","n/a","true","0","true","true","n/a","n/a","true","true","true",""
"generated-html","/emergency-electrician-sydney/","n/a","true","0","true","true","n/a","n/a","true","true","true",""
"generated-html","/","n/a","true","0","true","true","n/a","n/a","true","true","true",""
"generated-html","/level-2-electrician-sydney/","n/a","true","0","true","true","n/a","n/a","true","true","true",""
"generated-html","/privacy-policy/","n/a","true","0","true","true","n/a","n/a","true","true","true",""
"generated-html","/service-areas/blue-mountains/blue-mountains/berambing/","n/a","true","0","true","true","n/a","n/a","true","true","true",""
"generated-html","/service-areas/blue-mountains/blue-mountains/blaxland/","n/a","true","0","true","true","n/a","n/a","true","true","true",""
"generated-html","/service-areas/blue-mountains/blue-mountains/bullaburra/","n/a","true","0","true","true","n/a","n/a","true","true","true",""
"generated-html","/service-areas/blue-mountains/blue-mountains/faulconbridge/","n/a","true","0","true","true","n/a","n/a","true","true","true",""
"generated-html","/service-areas/blue-mountains/blue-mountains/glenbrook/","n/a","true","0","true","true","n/a","n/a","true","true","true",""
"generated-html","/service-areas/blue-mountains/blue-mountains/hawkesbury-heights/","n/a","true","0","true","true","n/a","n/a","true","true","true",""
"generated-html","/service-areas/blue-mountains/blue-mountains/hazelbrook/","n/a","true","0","true","true","n/a","n/a","true","true","true",""
"generated-html","/service-areas/blue-mountains/blue-mountains/","n/a","true","0","true","true","n/a","n/a","true","true","true",""
"generated-html","/service-areas/blue-mountains/blue-mountains/katoomba/","n/a","true","0","true","true","n/a","n/a","true","true","true",""
"generated-html","/service-areas/blue-mountains/blue-mountains/lapstone/","n/a","true","0","true","true","n/a","n/a","true","true","true",""
"generated-html","/service-areas/blue-mountains/blue-mountains/lawson/","n/a","true","0","true","true","n/a","n/a","true","true","true",""
"generated-html","/service-areas/blue-mountains/blue-mountains/leura/","n/a","true","0","true","true","n/a","n/a","true","true","true",""
"generated-html","/service-areas/blue-mountains/blue-mountains/linden/","n/a","true","0","true","true","n/a","n/a","true","true","true",""
"generated-html","/service-areas/blue-mountains/blue-mountains/mount-riverview/","n/a","true","0","true","true","n/a","n/a","true","true","true",""
"generated-html","/service-areas/blue-mountains/blue-mountains/springwood/","n/a","true","0","true","true","n/a","n/a","true","true","true",""
"generated-html","/service-areas/blue-mountains/blue-mountains/sun-valley/","n/a","true","0","true","true","n/a","n/a","true","true","true",""
"generated-html","/service-areas/blue-mountains/blue-mountains/valley-heights/","n/a","true","0","true","true","n/a","n/a","true","true","true",""
"generated-html","/service-areas/blue-mountains/blue-mountains/warrimoo/","n/a","true","0","true","true","n/a","n/a","true","true","true",""
"generated-html","/service-areas/blue-mountains/blue-mountains/wentworth-falls/","n/a","true","0","true","true","n/a","n/a","true","true","true",""
"generated-html","/service-areas/blue-mountains/blue-mountains/winmalee/","n/a","true","0","true","true","n/a","n/a","true","true","true",""
"generated-html","/service-areas/blue-mountains/blue-mountains/woodford/","n/a","true","0","true","true","n/a","n/a","true","true","true",""
"generated-html","/service-areas/blue-mountains/blue-mountains/yellow-rock/","n/a","true","0","true","true","n/a","n/a","true","true","true",""
"generated-html","/service-areas/blue-mountains/","n/a","true","0","true","true","n/a","n/a","true","true","true",""
"generated-html","/service-areas/canterbury-bankstown-and-inner-south-west/canterbury-bankstown/bankstown/","n/a","true","0","true","true","n/a","n/a","true","true","true",""
"generated-html","/service-areas/canterbury-bankstown-and-inner-south-west/canterbury-bankstown/bass-hill/","n/a","true","0","true","true","n/a","n/a","true","true","true",""
"generated-html","/service-areas/canterbury-bankstown-and-inner-south-west/canterbury-bankstown/belfield/","n/a","true","0","true","true","n/a","n/a","true","true","true",""
"generated-html","/service-areas/canterbury-bankstown-and-inner-south-west/canterbury-bankstown/belmore/","n/a","true","0","true","true","n/a","n/a","true","true","true",""
"generated-html","/service-areas/canterbury-bankstown-and-inner-south-west/canterbury-bankstown/beverly-hills/","n/a","true","0","true","true","n/a","n/a","true","true","true",""
"generated-html","/service-areas/canterbury-bankstown-and-inner-south-west/canterbury-bankstown/birrong/","n/a","true","0","true","true","n/a","n/a","true","true","true",""
"generated-html","/service-areas/canterbury-bankstown-and-inner-south-west/canterbury-bankstown/campsie/","n/a","true","0","true","true","n/a","n/a","true","true","true",""
"generated-html","/service-areas/canterbury-bankstown-and-inner-south-west/canterbury-bankstown/canterbury/","n/a","true","0","true","true","n/a","n/a","true","true","true",""
"generated-html","/service-areas/canterbury-bankstown-and-inner-south-west/canterbury-bankstown/chester-hill/","n/a","true","0","true","true","n/a","n/a","true","true","true",""
"generated-html","/service-areas/canterbury-bankstown-and-inner-south-west/canterbury-bankstown/clemton-park/","n/a","true","0","true","true","n/a","n/a","true","true","true",""
"generated-html","/service-areas/canterbury-bankstown-and-inner-south-west/canterbury-bankstown/condell-park/","n/a","true","0","true","true","n/a","n/a","true","true","true",""
"generated-html","/service-areas/canterbury-bankstown-and-inner-south-west/canterbury-bankstown/earlwood/","n/a","true","0","true","true","n/a","n/a","true","true","true",""
"generated-html","/service-areas/canterbury-bankstown-and-inner-south-west/canterbury-bankstown/east-hills/","n/a","true","0","true","true","n/a","n/a","true","true","true",""
"generated-html","/service-areas/canterbury-bankstown-and-inner-south-west/canterbury-bankstown/georges-hall/","n/a","true","0","true","true","n/a","n/a","true","true","true",""
"generated-html","/service-areas/canterbury-bankstown-and-inner-south-west/canterbury-bankstown/greenacre/","n/a","true","0","true","true","n/a","n/a","true","true","true",""
"generated-html","/service-areas/canterbury-bankstown-and-inner-south-west/canterbury-bankstown/","n/a","true","0","true","true","n/a","n/a","true","true","true",""
"generated-html","/service-areas/canterbury-bankstown-and-inner-south-west/canterbury-bankstown/kingsgrove/","n/a","true","0","true","true","n/a","n/a","true","true","true",""
"generated-html","/service-areas/canterbury-bankstown-and-inner-south-west/canterbury-bankstown/lakemba/","n/a","true","0","true","true","n/a","n/a","true","true","true",""
"generated-html","/service-areas/canterbury-bankstown-and-inner-south-west/canterbury-bankstown/lansdowne/","n/a","true","0","true","true","n/a","n/a","true","true","true",""
"generated-html","/service-areas/canterbury-bankstown-and-inner-south-west/canterbury-bankstown/milperra/","n/a","true","0","true","true","n/a","n/a","true","true","true",""
"generated-html","/service-areas/canterbury-bankstown-and-inner-south-west/canterbury-bankstown/mount-lewis/","n/a","true","0","true","true","n/a","n/a","true","true","true",""
"generated-html","/service-areas/canterbury-bankstown-and-inner-south-west/canterbury-bankstown/narwee/","n/a","true","0","true","true","n/a","n/a","true","true","true",""
"generated-html","/service-areas/canterbury-bankstown-and-inner-south-west/canterbury-bankstown/padstow/","n/a","true","0","true","true","n/a","n/a","true","true","true",""
"generated-html","/service-areas/canterbury-bankstown-and-inner-south-west/canterbury-bankstown/padstow-heights/","n/a","true","0","true","true","n/a","n/a","true","true","true",""
"generated-html","/service-areas/canterbury-bankstown-and-inner-south-west/canterbury-bankstown/panania/","n/a","true","0","true","true","n/a","n/a","true","true","true",""
"generated-html","/service-areas/canterbury-bankstown-and-inner-south-west/canterbury-bankstown/picnic-point/","n/a","true","0","true","true","n/a","n/a","true","true","true",""
"generated-html","/service-areas/canterbury-bankstown-and-inner-south-west/canterbury-bankstown/potts-hill/","n/a","true","0","true","true","n/a","n/a","true","true","true",""
"generated-html","/service-areas/canterbury-bankstown-and-inner-south-west/canterbury-bankstown/punchbowl/","n/a","true","0","true","true","n/a","n/a","true","true","true",""
"generated-html","/service-areas/canterbury-bankstown-and-inner-south-west/canterbury-bankstown/revesby/","n/a","true","0","true","true","n/a","n/a","true","true","true",""
"generated-html","/service-areas/canterbury-bankstown-and-inner-south-west/canterbury-bankstown/revesby-heights/","n/a","true","0","true","true","n/a","n/a","true","true","true",""
"generated-html","/service-areas/canterbury-bankstown-and-inner-south-west/canterbury-bankstown/riverwood/","n/a","true","0","true","true","n/a","n/a","true","true","true",""
"generated-html","/service-areas/canterbury-bankstown-and-inner-south-west/canterbury-bankstown/roselands/","n/a","true","0","true","true","n/a","n/a","true","true","true",""
"generated-html","/service-areas/canterbury-bankstown-and-inner-south-west/canterbury-bankstown/sefton/","n/a","true","0","true","true","n/a","n/a","true","true","true",""
"generated-html","/service-areas/canterbury-bankstown-and-inner-south-west/canterbury-bankstown/villawood/","n/a","true","0","true","true","n/a","n/a","true","true","true",""
"generated-html","/service-areas/canterbury-bankstown-and-inner-south-west/canterbury-bankstown/wiley-park/","n/a","true","0","true","true","n/a","n/a","true","true","true",""
"generated-html","/service-areas/canterbury-bankstown-and-inner-south-west/canterbury-bankstown/yagoona/","n/a","true","0","true","true","n/a","n/a","true","true","true",""
"generated-html","/service-areas/canterbury-bankstown-and-inner-south-west/","n/a","true","0","true","true","n/a","n/a","true","true","true",""
"generated-html","/service-areas/central-coast-south/central-coast/alison/","n/a","true","0","true","true","n/a","n/a","true","true","true",""
"generated-html","/service-areas/central-coast-south/central-coast/bar-point/","n/a","true","0","true","true","n/a","n/a","true","true","true",""
"generated-html","/service-areas/central-coast-south/central-coast/blackwall/","n/a","true","0","true","true","n/a","n/a","true","true","true",""
"generated-html","/service-areas/central-coast-south/central-coast/calga/","n/a","true","0","true","true","n/a","n/a","true","true","true",""
"generated-html","/service-areas/central-coast-south/central-coast/central-mangrove/","n/a","true","0","true","true","n/a","n/a","true","true","true",""
"generated-html","/service-areas/central-coast-south/central-coast/cheero-point/","n/a","true","0","true","true","n/a","n/a","true","true","true",""
"generated-html","/service-areas/central-coast-south/central-coast/cogra-bay/","n/a","true","0","true","true","n/a","n/a","true","true","true",""
"generated-html","/service-areas/central-coast-south/central-coast/east-gosford/","n/a","true","0","true","true","n/a","n/a","true","true","true",""
"generated-html","/service-areas/central-coast-south/central-coast/erina/","n/a","true","0","true","true","n/a","n/a","true","true","true",""
"generated-html","/service-areas/central-coast-south/central-coast/gosford/","n/a","true","0","true","true","n/a","n/a","true","true","true",""
"generated-html","/service-areas/central-coast-south/central-coast/green-point/","n/a","true","0","true","true","n/a","n/a","true","true","true",""
"generated-html","/service-areas/central-coast-south/central-coast/horsfield-bay/","n/a","true","0","true","true","n/a","n/a","true","true","true",""
"generated-html","/service-areas/central-coast-south/central-coast/","n/a","true","0","true","true","n/a","n/a","true","true","true",""
"generated-html","/service-areas/central-coast-south/central-coast/kangy-angy/","n/a","true","0","true","true","n/a","n/a","true","true","true",""
"generated-html","/service-areas/central-coast-south/central-coast/kariong/","n/a","true","0","true","true","n/a","n/a","true","true","true",""
"generated-html","/service-areas/central-coast-south/central-coast/koolewong/","n/a","true","0","true","true","n/a","n/a","true","true","true",""
"generated-html","/service-areas/central-coast-south/central-coast/mardi/","n/a","true","0","true","true","n/a","n/a","true","true","true",""
"generated-html","/service-areas/central-coast-south/central-coast/marlow/","n/a","true","0","true","true","n/a","n/a","true","true","true",""
"generated-html","/service-areas/central-coast-south/central-coast/mooney-mooney/","n/a","true","0","true","true","n/a","n/a","true","true","true",""
"generated-html","/service-areas/central-coast-south/central-coast/mooney-mooney-creek/","n/a","true","0","true","true","n/a","n/a","true","true","true",""
"generated-html","/service-areas/central-coast-south/central-coast/mount-white/","n/a","true","0","true","true","n/a","n/a","true","true","true",""
"generated-html","/service-areas/central-coast-south/central-coast/narara/","n/a","true","0","true","true","n/a","n/a","true","true","true",""
"generated-html","/service-areas/central-coast-south/central-coast/niagara-park/","n/a","true","0","true","true","n/a","n/a","true","true","true",""
"generated-html","/service-areas/central-coast-south/central-coast/north-gosford/","n/a","true","0","true","true","n/a","n/a","true","true","true",""
"generated-html","/service-areas/central-coast-south/central-coast/palmdale/","n/a","true","0","true","true","n/a","n/a","true","true","true",""
"generated-html","/service-areas/central-coast-south/central-coast/peats-ridge/","n/a","true","0","true","true","n/a","n/a","true","true","true",""
"generated-html","/service-areas/central-coast-south/central-coast/phegans-bay/","n/a","true","0","true","true","n/a","n/a","true","true","true",""
"generated-html","/service-areas/central-coast-south/central-coast/point-clare/","n/a","true","0","true","true","n/a","n/a","true","true","true",""
"generated-html","/service-areas/central-coast-south/central-coast/point-frederick/","n/a","true","0","true","true","n/a","n/a","true","true","true",""
"generated-html","/service-areas/central-coast-south/central-coast/somersby/","n/a","true","0","true","true","n/a","n/a","true","true","true",""
"generated-html","/service-areas/central-coast-south/central-coast/springfield/","n/a","true","0","true","true","n/a","n/a","true","true","true",""
"generated-html","/service-areas/central-coast-south/central-coast/tascott/","n/a","true","0","true","true","n/a","n/a","true","true","true",""
"generated-html","/service-areas/central-coast-south/central-coast/tuggerah/","n/a","true","0","true","true","n/a","n/a","true","true","true",""
"generated-html","/service-areas/central-coast-south/central-coast/wendoree-park/","n/a","true","0","true","true","n/a","n/a","true","true","true",""
"generated-html","/service-areas/central-coast-south/central-coast/west-gosford/","n/a","true","0","true","true","n/a","n/a","true","true","true",""
"generated-html","/service-areas/central-coast-south/central-coast/woy-woy/","n/a","true","0","true","true","n/a","n/a","true","true","true",""
"generated-html","/service-areas/central-coast-south/central-coast/woy-woy-bay/","n/a","true","0","true","true","n/a","n/a","true","true","true",""
"generated-html","/service-areas/central-coast-south/central-coast/wyoming/","n/a","true","0","true","true","n/a","n/a","true","true","true",""
"generated-html","/service-areas/central-coast-south/","n/a","true","0","true","true","n/a","n/a","true","true","true",""
"generated-html","/service-areas/hills-hawkesbury-and-hornsby/hawkesbury/agnes-banks/","n/a","true","0","true","true","n/a","n/a","true","true","true",""
"generated-html","/service-areas/hills-hawkesbury-and-hornsby/hawkesbury/bilpin/","n/a","true","0","true","true","n/a","n/a","true","true","true",""
"generated-html","/service-areas/hills-hawkesbury-and-hornsby/hawkesbury/blaxlands-ridge/","n/a","true","0","true","true","n/a","n/a","true","true","true",""
"generated-html","/service-areas/hills-hawkesbury-and-hornsby/hawkesbury/bligh-park/","n/a","true","0","true","true","n/a","n/a","true","true","true",""
"generated-html","/service-areas/hills-hawkesbury-and-hornsby/hawkesbury/bowen-mountain/","n/a","true","0","true","true","n/a","n/a","true","true","true",""
"generated-html","/service-areas/hills-hawkesbury-and-hornsby/hawkesbury/clarendon/","n/a","true","0","true","true","n/a","n/a","true","true","true",""
"generated-html","/service-areas/hills-hawkesbury-and-hornsby/hawkesbury/cornwallis/","n/a","true","0","true","true","n/a","n/a","true","true","true",""
"generated-html","/service-areas/hills-hawkesbury-and-hornsby/hawkesbury/cumberland-reach/","n/a","true","0","true","true","n/a","n/a","true","true","true",""
"generated-html","/service-areas/hills-hawkesbury-and-hornsby/hawkesbury/east-kurrajong/","n/a","true","0","true","true","n/a","n/a","true","true","true",""
"generated-html","/service-areas/hills-hawkesbury-and-hornsby/hawkesbury/ebenezer/","n/a","true","0","true","true","n/a","n/a","true","true","true",""
"generated-html","/service-areas/hills-hawkesbury-and-hornsby/hawkesbury/freemans-reach/","n/a","true","0","true","true","n/a","n/a","true","true","true",""
"generated-html","/service-areas/hills-hawkesbury-and-hornsby/hawkesbury/glossodia/","n/a","true","0","true","true","n/a","n/a","true","true","true",""
"generated-html","/service-areas/hills-hawkesbury-and-hornsby/hawkesbury/grose-vale/","n/a","true","0","true","true","n/a","n/a","true","true","true",""
"generated-html","/service-areas/hills-hawkesbury-and-hornsby/hawkesbury/grose-wold/","n/a","true","0","true","true","n/a","n/a","true","true","true",""
"generated-html","/service-areas/hills-hawkesbury-and-hornsby/hawkesbury/hobartville/","n/a","true","0","true","true","n/a","n/a","true","true","true",""
"generated-html","/service-areas/hills-hawkesbury-and-hornsby/hawkesbury/","n/a","true","0","true","true","n/a","n/a","true","true","true",""
"generated-html","/service-areas/hills-hawkesbury-and-hornsby/hawkesbury/kurmond/","n/a","true","0","true","true","n/a","n/a","true","true","true",""
"generated-html","/service-areas/hills-hawkesbury-and-hornsby/hawkesbury/kurrajong/","n/a","true","0","true","true","n/a","n/a","true","true","true",""
"generated-html","/service-areas/hills-hawkesbury-and-hornsby/hawkesbury/kurrajong-heights/","n/a","true","0","true","true","n/a","n/a","true","true","true",""
"generated-html","/service-areas/hills-hawkesbury-and-hornsby/hawkesbury/kurrajong-hills/","n/a","true","0","true","true","n/a","n/a","true","true","true",""
"generated-html","/service-areas/hills-hawkesbury-and-hornsby/hawkesbury/mcgraths-hill/","n/a","true","0","true","true","n/a","n/a","true","true","true",""
"generated-html","/service-areas/hills-hawkesbury-and-hornsby/hawkesbury/mulgrave/","n/a","true","0","true","true","n/a","n/a","true","true","true",""
"generated-html","/service-areas/hills-hawkesbury-and-hornsby/hawkesbury/north-richmond/","n/a","true","0","true","true","n/a","n/a","true","true","true",""
"generated-html","/service-areas/hills-hawkesbury-and-hornsby/hawkesbury/oakville/","n/a","true","0","true","true","n/a","n/a","true","true","true",""
"generated-html","/service-areas/hills-hawkesbury-and-hornsby/hawkesbury/pitt-town/","n/a","true","0","true","true","n/a","n/a","true","true","true",""
"generated-html","/service-areas/hills-hawkesbury-and-hornsby/hawkesbury/pitt-town-bottoms/","n/a","true","0","true","true","n/a","n/a","true","true","true",""
"generated-html","/service-areas/hills-hawkesbury-and-hornsby/hawkesbury/richmond/","n/a","true","0","true","true","n/a","n/a","true","true","true",""
"generated-html","/service-areas/hills-hawkesbury-and-hornsby/hawkesbury/richmond-lowlands/","n/a","true","0","true","true","n/a","n/a","true","true","true",""
"generated-html","/service-areas/hills-hawkesbury-and-hornsby/hawkesbury/sackville/","n/a","true","0","true","true","n/a","n/a","true","true","true",""
"generated-html","/service-areas/hills-hawkesbury-and-hornsby/hawkesbury/scheyville/","n/a","true","0","true","true","n/a","n/a","true","true","true",""
"generated-html","/service-areas/hills-hawkesbury-and-hornsby/hawkesbury/south-windsor/","n/a","true","0","true","true","n/a","n/a","true","true","true",""
"generated-html","/service-areas/hills-hawkesbury-and-hornsby/hawkesbury/tennyson/","n/a","true","0","true","true","n/a","n/a","true","true","true",""
"generated-html","/service-areas/hills-hawkesbury-and-hornsby/hawkesbury/the-slopes/","n/a","true","0","true","true","n/a","n/a","true","true","true",""
"generated-html","/service-areas/hills-hawkesbury-and-hornsby/hawkesbury/vineyard/","n/a","true","0","true","true","n/a","n/a","true","true","true",""
"generated-html","/service-areas/hills-hawkesbury-and-hornsby/hawkesbury/wheeny-creek/","n/a","true","0","true","true","n/a","n/a","true","true","true",""
"generated-html","/service-areas/hills-hawkesbury-and-hornsby/hawkesbury/wilberforce/","n/a","true","0","true","true","n/a","n/a","true","true","true",""
"generated-html","/service-areas/hills-hawkesbury-and-hornsby/hawkesbury/windsor/","n/a","true","0","true","true","n/a","n/a","true","true","true",""
"generated-html","/service-areas/hills-hawkesbury-and-hornsby/hawkesbury/windsor-downs/","n/a","true","0","true","true","n/a","n/a","true","true","true",""
"generated-html","/service-areas/hills-hawkesbury-and-hornsby/hawkesbury/yarramundi/","n/a","true","0","true","true","n/a","n/a","true","true","true",""
"generated-html","/service-areas/hills-hawkesbury-and-hornsby/hills-district/annangrove/","n/a","true","0","true","true","n/a","n/a","true","true","true",""
"generated-html","/service-areas/hills-hawkesbury-and-hornsby/hills-district/baulkham-hills/","n/a","true","0","true","true","n/a","n/a","true","true","true",""
"generated-html","/service-areas/hills-hawkesbury-and-hornsby/hills-district/beaumont-hills/","n/a","true","0","true","true","n/a","n/a","true","true","true",""
"generated-html","/service-areas/hills-hawkesbury-and-hornsby/hills-district/bella-vista/","n/a","true","0","true","true","n/a","n/a","true","true","true",""
"generated-html","/service-areas/hills-hawkesbury-and-hornsby/hills-district/box-hill/","n/a","true","0","true","true","n/a","n/a","true","true","true",""
"generated-html","/service-areas/hills-hawkesbury-and-hornsby/hills-district/castle-hill/","n/a","true","0","true","true","n/a","n/a","true","true","true",""
"generated-html","/service-areas/hills-hawkesbury-and-hornsby/hills-district/cattai/","n/a","true","0","true","true","n/a","n/a","true","true","true",""
"generated-html","/service-areas/hills-hawkesbury-and-hornsby/hills-district/dural/","n/a","true","0","true","true","n/a","n/a","true","true","true",""
"generated-html","/service-areas/hills-hawkesbury-and-hornsby/hills-district/glenhaven/","n/a","true","0","true","true","n/a","n/a","true","true","true",""
"generated-html","/service-areas/hills-hawkesbury-and-hornsby/hills-district/glenorie/","n/a","true","0","true","true","n/a","n/a","true","true","true",""
"generated-html","/service-areas/hills-hawkesbury-and-hornsby/hills-district/","n/a","true","0","true","true","n/a","n/a","true","true","true",""
"generated-html","/service-areas/hills-hawkesbury-and-hornsby/hills-district/kellyville/","n/a","true","0","true","true","n/a","n/a","true","true","true",""
"generated-html","/service-areas/hills-hawkesbury-and-hornsby/hills-district/kenthurst/","n/a","true","0","true","true","n/a","n/a","true","true","true",""
"generated-html","/service-areas/hills-hawkesbury-and-hornsby/hills-district/lower-portland/","n/a","true","0","true","true","n/a","n/a","true","true","true",""
"generated-html","/service-areas/hills-hawkesbury-and-hornsby/hills-district/maraylya/","n/a","true","0","true","true","n/a","n/a","true","true","true",""
"generated-html","/service-areas/hills-hawkesbury-and-hornsby/hills-district/maroota/","n/a","true","0","true","true","n/a","n/a","true","true","true",""
"generated-html","/service-areas/hills-hawkesbury-and-hornsby/hills-district/middle-dural/","n/a","true","0","true","true","n/a","n/a","true","true","true",""
"generated-html","/service-areas/hills-hawkesbury-and-hornsby/hills-district/nelson/","n/a","true","0","true","true","n/a","n/a","true","true","true",""
"generated-html","/service-areas/hills-hawkesbury-and-hornsby/hills-district/rouse-hill/","n/a","true","0","true","true","n/a","n/a","true","true","true",""
"generated-html","/service-areas/hills-hawkesbury-and-hornsby/hills-district/sackville-north/","n/a","true","0","true","true","n/a","n/a","true","true","true",""
"generated-html","/service-areas/hills-hawkesbury-and-hornsby/hills-district/south-maroota/","n/a","true","0","true","true","n/a","n/a","true","true","true",""
"generated-html","/service-areas/hills-hawkesbury-and-hornsby/hills-district/west-pennant-hills/","n/a","true","0","true","true","n/a","n/a","true","true","true",""
"generated-html","/service-areas/hills-hawkesbury-and-hornsby/hills-district/winston-hills/","n/a","true","0","true","true","n/a","n/a","true","true","true",""
"generated-html","/service-areas/hills-hawkesbury-and-hornsby/hills-district/wisemans-ferry/","n/a","true","0","true","true","n/a","n/a","true","true","true",""
"generated-html","/service-areas/hills-hawkesbury-and-hornsby/hornsby/arcadia/","n/a","true","0","true","true","n/a","n/a","true","true","true",""
"generated-html","/service-areas/hills-hawkesbury-and-hornsby/hornsby/asquith/","n/a","true","0","true","true","n/a","n/a","true","true","true",""
"generated-html","/service-areas/hills-hawkesbury-and-hornsby/hornsby/beecroft/","n/a","true","0","true","true","n/a","n/a","true","true","true",""
"generated-html","/service-areas/hills-hawkesbury-and-hornsby/hornsby/berowra/","n/a","true","0","true","true","n/a","n/a","true","true","true",""
"generated-html","/service-areas/hills-hawkesbury-and-hornsby/hornsby/berowra-creek/","n/a","true","0","true","true","n/a","n/a","true","true","true",""
"generated-html","/service-areas/hills-hawkesbury-and-hornsby/hornsby/berowra-heights/","n/a","true","0","true","true","n/a","n/a","true","true","true",""
"generated-html","/service-areas/hills-hawkesbury-and-hornsby/hornsby/berowra-waters/","n/a","true","0","true","true","n/a","n/a","true","true","true",""
"generated-html","/service-areas/hills-hawkesbury-and-hornsby/hornsby/berrilee/","n/a","true","0","true","true","n/a","n/a","true","true","true",""
"generated-html","/service-areas/hills-hawkesbury-and-hornsby/hornsby/brooklyn/","n/a","true","0","true","true","n/a","n/a","true","true","true",""
"generated-html","/service-areas/hills-hawkesbury-and-hornsby/hornsby/canoelands/","n/a","true","0","true","true","n/a","n/a","true","true","true",""
"generated-html","/service-areas/hills-hawkesbury-and-hornsby/hornsby/cheltenham/","n/a","true","0","true","true","n/a","n/a","true","true","true",""
"generated-html","/service-areas/hills-hawkesbury-and-hornsby/hornsby/cherrybrook/","n/a","true","0","true","true","n/a","n/a","true","true","true",""
"generated-html","/service-areas/hills-hawkesbury-and-hornsby/hornsby/cowan/","n/a","true","0","true","true","n/a","n/a","true","true","true",""
"generated-html","/service-areas/hills-hawkesbury-and-hornsby/hornsby/dangar-island/","n/a","true","0","true","true","n/a","n/a","true","true","true",""
"generated-html","/service-areas/hills-hawkesbury-and-hornsby/hornsby/fiddletown/","n/a","true","0","true","true","n/a","n/a","true","true","true",""
"generated-html","/service-areas/hills-hawkesbury-and-hornsby/hornsby/forest-glen/","n/a","true","0","true","true","n/a","n/a","true","true","true",""
"generated-html","/service-areas/hills-hawkesbury-and-hornsby/hornsby/galston/","n/a","true","0","true","true","n/a","n/a","true","true","true",""
"generated-html","/service-areas/hills-hawkesbury-and-hornsby/hornsby/hornsby/","n/a","true","0","true","true","n/a","n/a","true","true","true",""
"generated-html","/service-areas/hills-hawkesbury-and-hornsby/hornsby/hornsby-heights/","n/a","true","0","true","true","n/a","n/a","true","true","true",""
"generated-html","/service-areas/hills-hawkesbury-and-hornsby/hornsby/","n/a","true","0","true","true","n/a","n/a","true","true","true",""
"generated-html","/service-areas/hills-hawkesbury-and-hornsby/hornsby/milsons-passage/","n/a","true","0","true","true","n/a","n/a","true","true","true",""
"generated-html","/service-areas/hills-hawkesbury-and-hornsby/hornsby/mount-colah/","n/a","true","0","true","true","n/a","n/a","true","true","true",""
"generated-html","/service-areas/hills-hawkesbury-and-hornsby/hornsby/mount-kuring-gai/","n/a","true","0","true","true","n/a","n/a","true","true","true",""
"generated-html","/service-areas/hills-hawkesbury-and-hornsby/hornsby/normanhurst/","n/a","true","0","true","true","n/a","n/a","true","true","true",""
"generated-html","/service-areas/hills-hawkesbury-and-hornsby/hornsby/north-epping/","n/a","true","0","true","true","n/a","n/a","true","true","true",""
"generated-html","/service-areas/hills-hawkesbury-and-hornsby/hornsby/pennant-hills/","n/a","true","0","true","true","n/a","n/a","true","true","true",""
"generated-html","/service-areas/hills-hawkesbury-and-hornsby/hornsby/thornleigh/","n/a","true","0","true","true","n/a","n/a","true","true","true",""
"generated-html","/service-areas/hills-hawkesbury-and-hornsby/hornsby/wahroonga/","n/a","true","0","true","true","n/a","n/a","true","true","true",""
"generated-html","/service-areas/hills-hawkesbury-and-hornsby/hornsby/waitara/","n/a","true","0","true","true","n/a","n/a","true","true","true",""
"generated-html","/service-areas/hills-hawkesbury-and-hornsby/hornsby/westleigh/","n/a","true","0","true","true","n/a","n/a","true","true","true",""
"generated-html","/service-areas/hills-hawkesbury-and-hornsby/","n/a","true","0","true","true","n/a","n/a","true","true","true",""
"generated-html","/service-areas/","n/a","true","0","true","true","n/a","n/a","true","true","true",""
"generated-html","/service-areas/inner-west-burwood-and-canada-bay/burwood/burwood/","n/a","true","0","true","true","n/a","n/a","true","true","true",""
"generated-html","/service-areas/inner-west-burwood-and-canada-bay/burwood/burwood-heights/","n/a","true","0","true","true","n/a","n/a","true","true","true",""
"generated-html","/service-areas/inner-west-burwood-and-canada-bay/burwood/enfield/","n/a","true","0","true","true","n/a","n/a","true","true","true",""
"generated-html","/service-areas/inner-west-burwood-and-canada-bay/burwood/","n/a","true","0","true","true","n/a","n/a","true","true","true",""
"generated-html","/service-areas/inner-west-burwood-and-canada-bay/burwood/strathfield/","n/a","true","0","true","true","n/a","n/a","true","true","true",""
"generated-html","/service-areas/inner-west-burwood-and-canada-bay/canada-bay/abbotsford/","n/a","true","0","true","true","n/a","n/a","true","true","true",""
"generated-html","/service-areas/inner-west-burwood-and-canada-bay/canada-bay/breakfast-point/","n/a","true","0","true","true","n/a","n/a","true","true","true",""
"generated-html","/service-areas/inner-west-burwood-and-canada-bay/canada-bay/cabarita/","n/a","true","0","true","true","n/a","n/a","true","true","true",""
"generated-html","/service-areas/inner-west-burwood-and-canada-bay/canada-bay/canada-bay/","n/a","true","0","true","true","n/a","n/a","true","true","true",""
"generated-html","/service-areas/inner-west-burwood-and-canada-bay/canada-bay/chiswick/","n/a","true","0","true","true","n/a","n/a","true","true","true",""
"generated-html","/service-areas/inner-west-burwood-and-canada-bay/canada-bay/concord/","n/a","true","0","true","true","n/a","n/a","true","true","true",""
"generated-html","/service-areas/inner-west-burwood-and-canada-bay/canada-bay/concord-west/","n/a","true","0","true","true","n/a","n/a","true","true","true",""
"generated-html","/service-areas/inner-west-burwood-and-canada-bay/canada-bay/drummoyne/","n/a","true","0","true","true","n/a","n/a","true","true","true",""
"generated-html","/service-areas/inner-west-burwood-and-canada-bay/canada-bay/five-dock/","n/a","true","0","true","true","n/a","n/a","true","true","true",""
"generated-html","/service-areas/inner-west-burwood-and-canada-bay/canada-bay/","n/a","true","0","true","true","n/a","n/a","true","true","true",""
"generated-html","/service-areas/inner-west-burwood-and-canada-bay/canada-bay/liberty-grove/","n/a","true","0","true","true","n/a","n/a","true","true","true",""
"generated-html","/service-areas/inner-west-burwood-and-canada-bay/canada-bay/mortlake/","n/a","true","0","true","true","n/a","n/a","true","true","true",""
"generated-html","/service-areas/inner-west-burwood-and-canada-bay/canada-bay/north-strathfield/","n/a","true","0","true","true","n/a","n/a","true","true","true",""
"generated-html","/service-areas/inner-west-burwood-and-canada-bay/canada-bay/rhodes/","n/a","true","0","true","true","n/a","n/a","true","true","true",""
"generated-html","/service-areas/inner-west-burwood-and-canada-bay/canada-bay/rodd-point/","n/a","true","0","true","true","n/a","n/a","true","true","true",""
"generated-html","/service-areas/inner-west-burwood-and-canada-bay/canada-bay/russell-lea/","n/a","true","0","true","true","n/a","n/a","true","true","true",""
"generated-html","/service-areas/inner-west-burwood-and-canada-bay/canada-bay/wareemba/","n/a","true","0","true","true","n/a","n/a","true","true","true",""
"generated-html","/service-areas/inner-west-burwood-and-canada-bay/","n/a","true","0","true","true","n/a","n/a","true","true","true",""
"generated-html","/service-areas/inner-west-burwood-and-canada-bay/inner-west/annandale/","n/a","true","0","true","true","n/a","n/a","true","true","true",""
"generated-html","/service-areas/inner-west-burwood-and-canada-bay/inner-west/ashbury/","n/a","true","0","true","true","n/a","n/a","true","true","true",""
"generated-html","/service-areas/inner-west-burwood-and-canada-bay/inner-west/ashfield/","n/a","true","0","true","true","n/a","n/a","true","true","true",""
"generated-html","/service-areas/inner-west-burwood-and-canada-bay/inner-west/balmain/","n/a","true","0","true","true","n/a","n/a","true","true","true",""
"generated-html","/service-areas/inner-west-burwood-and-canada-bay/inner-west/balmain-east/","n/a","true","0","true","true","n/a","n/a","true","true","true",""
"generated-html","/service-areas/inner-west-burwood-and-canada-bay/inner-west/birchgrove/","n/a","true","0","true","true","n/a","n/a","true","true","true",""
"generated-html","/service-areas/inner-west-burwood-and-canada-bay/inner-west/camperdown/","n/a","true","0","true","true","n/a","n/a","true","true","true",""
"generated-html","/service-areas/inner-west-burwood-and-canada-bay/inner-west/croydon/","n/a","true","0","true","true","n/a","n/a","true","true","true",""
"generated-html","/service-areas/inner-west-burwood-and-canada-bay/inner-west/croydon-park/","n/a","true","0","true","true","n/a","n/a","true","true","true",""
"generated-html","/service-areas/inner-west-burwood-and-canada-bay/inner-west/dulwich-hill/","n/a","true","0","true","true","n/a","n/a","true","true","true",""
"generated-html","/service-areas/inner-west-burwood-and-canada-bay/inner-west/enmore/","n/a","true","0","true","true","n/a","n/a","true","true","true",""
"generated-html","/service-areas/inner-west-burwood-and-canada-bay/inner-west/haberfield/","n/a","true","0","true","true","n/a","n/a","true","true","true",""
"generated-html","/service-areas/inner-west-burwood-and-canada-bay/inner-west/hurlstone-park/","n/a","true","0","true","true","n/a","n/a","true","true","true",""
"generated-html","/service-areas/inner-west-burwood-and-canada-bay/inner-west/","n/a","true","0","true","true","n/a","n/a","true","true","true",""
"generated-html","/service-areas/inner-west-burwood-and-canada-bay/inner-west/leichhardt/","n/a","true","0","true","true","n/a","n/a","true","true","true",""
"generated-html","/service-areas/inner-west-burwood-and-canada-bay/inner-west/lewisham/","n/a","true","0","true","true","n/a","n/a","true","true","true",""
"generated-html","/service-areas/inner-west-burwood-and-canada-bay/inner-west/lilyfield/","n/a","true","0","true","true","n/a","n/a","true","true","true",""
"generated-html","/service-areas/inner-west-burwood-and-canada-bay/inner-west/marrickville/","n/a","true","0","true","true","n/a","n/a","true","true","true",""
"generated-html","/service-areas/inner-west-burwood-and-canada-bay/inner-west/newtown/","n/a","true","0","true","true","n/a","n/a","true","true","true",""
"generated-html","/service-areas/inner-west-burwood-and-canada-bay/inner-west/petersham/","n/a","true","0","true","true","n/a","n/a","true","true","true",""
"generated-html","/service-areas/inner-west-burwood-and-canada-bay/inner-west/rozelle/","n/a","true","0","true","true","n/a","n/a","true","true","true",""
"generated-html","/service-areas/inner-west-burwood-and-canada-bay/inner-west/st-peters/","n/a","true","0","true","true","n/a","n/a","true","true","true",""
"generated-html","/service-areas/inner-west-burwood-and-canada-bay/inner-west/stanmore/","n/a","true","0","true","true","n/a","n/a","true","true","true",""
"generated-html","/service-areas/inner-west-burwood-and-canada-bay/inner-west/summer-hill/","n/a","true","0","true","true","n/a","n/a","true","true","true",""
"generated-html","/service-areas/inner-west-burwood-and-canada-bay/inner-west/sydenham/","n/a","true","0","true","true","n/a","n/a","true","true","true",""
"generated-html","/service-areas/inner-west-burwood-and-canada-bay/inner-west/tempe/","n/a","true","0","true","true","n/a","n/a","true","true","true",""
"generated-html","/service-areas/inner-west-burwood-and-canada-bay/strathfield/homebush/","n/a","true","0","true","true","n/a","n/a","true","true","true",""
"generated-html","/service-areas/inner-west-burwood-and-canada-bay/strathfield/homebush-west/","n/a","true","0","true","true","n/a","n/a","true","true","true",""
"generated-html","/service-areas/inner-west-burwood-and-canada-bay/strathfield/","n/a","true","0","true","true","n/a","n/a","true","true","true",""
"generated-html","/service-areas/inner-west-burwood-and-canada-bay/strathfield/strathfield-south/","n/a","true","0","true","true","n/a","n/a","true","true","true",""
"generated-html","/service-areas/liverpool-and-fairfield/fairfield/abbotsbury/","n/a","true","0","true","true","n/a","n/a","true","true","true",""
"generated-html","/service-areas/liverpool-and-fairfield/fairfield/bonnyrigg/","n/a","true","0","true","true","n/a","n/a","true","true","true",""
"generated-html","/service-areas/liverpool-and-fairfield/fairfield/bonnyrigg-heights/","n/a","true","0","true","true","n/a","n/a","true","true","true",""
"generated-html","/service-areas/liverpool-and-fairfield/fairfield/bossley-park/","n/a","true","0","true","true","n/a","n/a","true","true","true",""
"generated-html","/service-areas/liverpool-and-fairfield/fairfield/cabramatta/","n/a","true","0","true","true","n/a","n/a","true","true","true",""
"generated-html","/service-areas/liverpool-and-fairfield/fairfield/cabramatta-west/","n/a","true","0","true","true","n/a","n/a","true","true","true",""
"generated-html","/service-areas/liverpool-and-fairfield/fairfield/canley-heights/","n/a","true","0","true","true","n/a","n/a","true","true","true",""
"generated-html","/service-areas/liverpool-and-fairfield/fairfield/canley-vale/","n/a","true","0","true","true","n/a","n/a","true","true","true",""
"generated-html","/service-areas/liverpool-and-fairfield/fairfield/carramar/","n/a","true","0","true","true","n/a","n/a","true","true","true",""
"generated-html","/service-areas/liverpool-and-fairfield/fairfield/cecil-park/","n/a","true","0","true","true","n/a","n/a","true","true","true",""
"generated-html","/service-areas/liverpool-and-fairfield/fairfield/edensor-park/","n/a","true","0","true","true","n/a","n/a","true","true","true",""
"generated-html","/service-areas/liverpool-and-fairfield/fairfield/fairfield/","n/a","true","0","true","true","n/a","n/a","true","true","true",""
"generated-html","/service-areas/liverpool-and-fairfield/fairfield/fairfield-east/","n/a","true","0","true","true","n/a","n/a","true","true","true",""
"generated-html","/service-areas/liverpool-and-fairfield/fairfield/fairfield-heights/","n/a","true","0","true","true","n/a","n/a","true","true","true",""
"generated-html","/service-areas/liverpool-and-fairfield/fairfield/fairfield-west/","n/a","true","0","true","true","n/a","n/a","true","true","true",""
"generated-html","/service-areas/liverpool-and-fairfield/fairfield/greenfield-park/","n/a","true","0","true","true","n/a","n/a","true","true","true",""
"generated-html","/service-areas/liverpool-and-fairfield/fairfield/horsley-park/","n/a","true","0","true","true","n/a","n/a","true","true","true",""
"generated-html","/service-areas/liverpool-and-fairfield/fairfield/","n/a","true","0","true","true","n/a","n/a","true","true","true",""
"generated-html","/service-areas/liverpool-and-fairfield/fairfield/lansvale/","n/a","true","0","true","true","n/a","n/a","true","true","true",""
"generated-html","/service-areas/liverpool-and-fairfield/fairfield/mount-pritchard/","n/a","true","0","true","true","n/a","n/a","true","true","true",""
"generated-html","/service-areas/liverpool-and-fairfield/fairfield/old-guildford/","n/a","true","0","true","true","n/a","n/a","true","true","true",""
"generated-html","/service-areas/liverpool-and-fairfield/fairfield/prairiewood/","n/a","true","0","true","true","n/a","n/a","true","true","true",""
"generated-html","/service-areas/liverpool-and-fairfield/fairfield/smithfield/","n/a","true","0","true","true","n/a","n/a","true","true","true",""
"generated-html","/service-areas/liverpool-and-fairfield/fairfield/st-johns-park/","n/a","true","0","true","true","n/a","n/a","true","true","true",""
"generated-html","/service-areas/liverpool-and-fairfield/fairfield/wakeley/","n/a","true","0","true","true","n/a","n/a","true","true","true",""
"generated-html","/service-areas/liverpool-and-fairfield/fairfield/wetherill-park/","n/a","true","0","true","true","n/a","n/a","true","true","true",""
"generated-html","/service-areas/liverpool-and-fairfield/fairfield/yennora/","n/a","true","0","true","true","n/a","n/a","true","true","true",""
"generated-html","/service-areas/liverpool-and-fairfield/","n/a","true","0","true","true","n/a","n/a","true","true","true",""
"generated-html","/service-areas/liverpool-and-fairfield/liverpool/ashcroft/","n/a","true","0","true","true","n/a","n/a","true","true","true",""
"generated-html","/service-areas/liverpool-and-fairfield/liverpool/austral/","n/a","true","0","true","true","n/a","n/a","true","true","true",""
"generated-html","/service-areas/liverpool-and-fairfield/liverpool/badgerys-creek/","n/a","true","0","true","true","n/a","n/a","true","true","true",""
"generated-html","/service-areas/liverpool-and-fairfield/liverpool/busby/","n/a","true","0","true","true","n/a","n/a","true","true","true",""
"generated-html","/service-areas/liverpool-and-fairfield/liverpool/carnes-hill/","n/a","true","0","true","true","n/a","n/a","true","true","true",""
"generated-html","/service-areas/liverpool-and-fairfield/liverpool/cartwright/","n/a","true","0","true","true","n/a","n/a","true","true","true",""
"generated-html","/service-areas/liverpool-and-fairfield/liverpool/casula/","n/a","true","0","true","true","n/a","n/a","true","true","true",""
"generated-html","/service-areas/liverpool-and-fairfield/liverpool/cecil-hills/","n/a","true","0","true","true","n/a","n/a","true","true","true",""
"generated-html","/service-areas/liverpool-and-fairfield/liverpool/chipping-norton/","n/a","true","0","true","true","n/a","n/a","true","true","true",""
"generated-html","/service-areas/liverpool-and-fairfield/liverpool/edmondson-park/","n/a","true","0","true","true","n/a","n/a","true","true","true",""
"generated-html","/service-areas/liverpool-and-fairfield/liverpool/elizabeth-hills/","n/a","true","0","true","true","n/a","n/a","true","true","true",""
"generated-html","/service-areas/liverpool-and-fairfield/liverpool/green-valley/","n/a","true","0","true","true","n/a","n/a","true","true","true",""
"generated-html","/service-areas/liverpool-and-fairfield/liverpool/greendale/","n/a","true","0","true","true","n/a","n/a","true","true","true",""
"generated-html","/service-areas/liverpool-and-fairfield/liverpool/hammondville/","n/a","true","0","true","true","n/a","n/a","true","true","true",""
"generated-html","/service-areas/liverpool-and-fairfield/liverpool/heckenberg/","n/a","true","0","true","true","n/a","n/a","true","true","true",""
"generated-html","/service-areas/liverpool-and-fairfield/liverpool/hinchinbrook/","n/a","true","0","true","true","n/a","n/a","true","true","true",""
"generated-html","/service-areas/liverpool-and-fairfield/liverpool/horningsea-park/","n/a","true","0","true","true","n/a","n/a","true","true","true",""
"generated-html","/service-areas/liverpool-and-fairfield/liverpool/hoxton-park/","n/a","true","0","true","true","n/a","n/a","true","true","true",""
"generated-html","/service-areas/liverpool-and-fairfield/liverpool/","n/a","true","0","true","true","n/a","n/a","true","true","true",""
"generated-html","/service-areas/liverpool-and-fairfield/liverpool/kemps-creek/","n/a","true","0","true","true","n/a","n/a","true","true","true",""
"generated-html","/service-areas/liverpool-and-fairfield/liverpool/liverpool/","n/a","true","0","true","true","n/a","n/a","true","true","true",""
"generated-html","/service-areas/liverpool-and-fairfield/liverpool/luddenham/","n/a","true","0","true","true","n/a","n/a","true","true","true",""
"generated-html","/service-areas/liverpool-and-fairfield/liverpool/lurnea/","n/a","true","0","true","true","n/a","n/a","true","true","true",""
"generated-html","/service-areas/liverpool-and-fairfield/liverpool/middleton-grange/","n/a","true","0","true","true","n/a","n/a","true","true","true",""
"generated-html","/service-areas/liverpool-and-fairfield/liverpool/miller/","n/a","true","0","true","true","n/a","n/a","true","true","true",""
"generated-html","/service-areas/liverpool-and-fairfield/liverpool/moorebank/","n/a","true","0","true","true","n/a","n/a","true","true","true",""
"generated-html","/service-areas/liverpool-and-fairfield/liverpool/pleasure-point/","n/a","true","0","true","true","n/a","n/a","true","true","true",""
"generated-html","/service-areas/liverpool-and-fairfield/liverpool/prestons/","n/a","true","0","true","true","n/a","n/a","true","true","true",""
"generated-html","/service-areas/liverpool-and-fairfield/liverpool/sadleir/","n/a","true","0","true","true","n/a","n/a","true","true","true",""
"generated-html","/service-areas/liverpool-and-fairfield/liverpool/voyager-point/","n/a","true","0","true","true","n/a","n/a","true","true","true",""
"generated-html","/service-areas/liverpool-and-fairfield/liverpool/wallacia/","n/a","true","0","true","true","n/a","n/a","true","true","true",""
"generated-html","/service-areas/liverpool-and-fairfield/liverpool/warwick-farm/","n/a","true","0","true","true","n/a","n/a","true","true","true",""
"generated-html","/service-areas/liverpool-and-fairfield/liverpool/wattle-grove/","n/a","true","0","true","true","n/a","n/a","true","true","true",""
"generated-html","/service-areas/liverpool-and-fairfield/liverpool/west-hoxton/","n/a","true","0","true","true","n/a","n/a","true","true","true",""
"generated-html","/service-areas/macarthur-camden-and-wollondilly/camden/bringelly/","n/a","true","0","true","true","n/a","n/a","true","true","true",""
"generated-html","/service-areas/macarthur-camden-and-wollondilly/camden/camden/","n/a","true","0","true","true","n/a","n/a","true","true","true",""
"generated-html","/service-areas/macarthur-camden-and-wollondilly/camden/camden-south/","n/a","true","0","true","true","n/a","n/a","true","true","true",""
"generated-html","/service-areas/macarthur-camden-and-wollondilly/camden/catherine-field/","n/a","true","0","true","true","n/a","n/a","true","true","true",""
"generated-html","/service-areas/macarthur-camden-and-wollondilly/camden/cawdor/","n/a","true","0","true","true","n/a","n/a","true","true","true",""
"generated-html","/service-areas/macarthur-camden-and-wollondilly/camden/cobbitty/","n/a","true","0","true","true","n/a","n/a","true","true","true",""
"generated-html","/service-areas/macarthur-camden-and-wollondilly/camden/currans-hill/","n/a","true","0","true","true","n/a","n/a","true","true","true",""
"generated-html","/service-areas/macarthur-camden-and-wollondilly/camden/elderslie/","n/a","true","0","true","true","n/a","n/a","true","true","true",""
"generated-html","/service-areas/macarthur-camden-and-wollondilly/camden/ellis-lane/","n/a","true","0","true","true","n/a","n/a","true","true","true",""
"generated-html","/service-areas/macarthur-camden-and-wollondilly/camden/gledswood-hills/","n/a","true","0","true","true","n/a","n/a","true","true","true",""
"generated-html","/service-areas/macarthur-camden-and-wollondilly/camden/grasmere/","n/a","true","0","true","true","n/a","n/a","true","true","true",""
"generated-html","/service-areas/macarthur-camden-and-wollondilly/camden/gregory-hills/","n/a","true","0","true","true","n/a","n/a","true","true","true",""
"generated-html","/service-areas/macarthur-camden-and-wollondilly/camden/harrington-park/","n/a","true","0","true","true","n/a","n/a","true","true","true",""
"generated-html","/service-areas/macarthur-camden-and-wollondilly/camden/","n/a","true","0","true","true","n/a","n/a","true","true","true",""
"generated-html","/service-areas/macarthur-camden-and-wollondilly/camden/kirkham/","n/a","true","0","true","true","n/a","n/a","true","true","true",""
"generated-html","/service-areas/macarthur-camden-and-wollondilly/camden/leppington/","n/a","true","0","true","true","n/a","n/a","true","true","true",""
"generated-html","/service-areas/macarthur-camden-and-wollondilly/camden/mount-annan/","n/a","true","0","true","true","n/a","n/a","true","true","true",""
"generated-html","/service-areas/macarthur-camden-and-wollondilly/camden/narellan/","n/a","true","0","true","true","n/a","n/a","true","true","true",""
"generated-html","/service-areas/macarthur-camden-and-wollondilly/camden/narellan-vale/","n/a","true","0","true","true","n/a","n/a","true","true","true",""
"generated-html","/service-areas/macarthur-camden-and-wollondilly/camden/oran-park/","n/a","true","0","true","true","n/a","n/a","true","true","true",""
"generated-html","/service-areas/macarthur-camden-and-wollondilly/camden/rossmore/","n/a","true","0","true","true","n/a","n/a","true","true","true",""
"generated-html","/service-areas/macarthur-camden-and-wollondilly/camden/smeaton-grange/","n/a","true","0","true","true","n/a","n/a","true","true","true",""
"generated-html","/service-areas/macarthur-camden-and-wollondilly/camden/spring-farm/","n/a","true","0","true","true","n/a","n/a","true","true","true",""
"generated-html","/service-areas/macarthur-camden-and-wollondilly/campbelltown/airds/","n/a","true","0","true","true","n/a","n/a","true","true","true",""
"generated-html","/service-areas/macarthur-camden-and-wollondilly/campbelltown/ambarvale/","n/a","true","0","true","true","n/a","n/a","true","true","true",""
"generated-html","/service-areas/macarthur-camden-and-wollondilly/campbelltown/bardia/","n/a","true","0","true","true","n/a","n/a","true","true","true",""
"generated-html","/service-areas/macarthur-camden-and-wollondilly/campbelltown/blair-athol/","n/a","true","0","true","true","n/a","n/a","true","true","true",""
"generated-html","/service-areas/macarthur-camden-and-wollondilly/campbelltown/blairmount/","n/a","true","0","true","true","n/a","n/a","true","true","true",""
"generated-html","/service-areas/macarthur-camden-and-wollondilly/campbelltown/bow-bowing/","n/a","true","0","true","true","n/a","n/a","true","true","true",""
"generated-html","/service-areas/macarthur-camden-and-wollondilly/campbelltown/bradbury/","n/a","true","0","true","true","n/a","n/a","true","true","true",""
"generated-html","/service-areas/macarthur-camden-and-wollondilly/campbelltown/campbelltown/","n/a","true","0","true","true","n/a","n/a","true","true","true",""
"generated-html","/service-areas/macarthur-camden-and-wollondilly/campbelltown/claymore/","n/a","true","0","true","true","n/a","n/a","true","true","true",""
"generated-html","/service-areas/macarthur-camden-and-wollondilly/campbelltown/denham-court/","n/a","true","0","true","true","n/a","n/a","true","true","true",""
"generated-html","/service-areas/macarthur-camden-and-wollondilly/campbelltown/eagle-vale/","n/a","true","0","true","true","n/a","n/a","true","true","true",""
"generated-html","/service-areas/macarthur-camden-and-wollondilly/campbelltown/englorie-park/","n/a","true","0","true","true","n/a","n/a","true","true","true",""
"generated-html","/service-areas/macarthur-camden-and-wollondilly/campbelltown/eschol-park/","n/a","true","0","true","true","n/a","n/a","true","true","true",""
"generated-html","/service-areas/macarthur-camden-and-wollondilly/campbelltown/gilead/","n/a","true","0","true","true","n/a","n/a","true","true","true",""
"generated-html","/service-areas/macarthur-camden-and-wollondilly/campbelltown/glen-alpine/","n/a","true","0","true","true","n/a","n/a","true","true","true",""
"generated-html","/service-areas/macarthur-camden-and-wollondilly/campbelltown/glenfield/","n/a","true","0","true","true","n/a","n/a","true","true","true",""
"generated-html","/service-areas/macarthur-camden-and-wollondilly/campbelltown/holsworthy/","n/a","true","0","true","true","n/a","n/a","true","true","true",""
"generated-html","/service-areas/macarthur-camden-and-wollondilly/campbelltown/","n/a","true","0","true","true","n/a","n/a","true","true","true",""
"generated-html","/service-areas/macarthur-camden-and-wollondilly/campbelltown/ingleburn/","n/a","true","0","true","true","n/a","n/a","true","true","true",""
"generated-html","/service-areas/macarthur-camden-and-wollondilly/campbelltown/kearns/","n/a","true","0","true","true","n/a","n/a","true","true","true",""
"generated-html","/service-areas/macarthur-camden-and-wollondilly/campbelltown/kentlyn/","n/a","true","0","true","true","n/a","n/a","true","true","true",""
"generated-html","/service-areas/macarthur-camden-and-wollondilly/campbelltown/leumeah/","n/a","true","0","true","true","n/a","n/a","true","true","true",""
"generated-html","/service-areas/macarthur-camden-and-wollondilly/campbelltown/long-point/","n/a","true","0","true","true","n/a","n/a","true","true","true",""
"generated-html","/service-areas/macarthur-camden-and-wollondilly/campbelltown/macquarie-fields/","n/a","true","0","true","true","n/a","n/a","true","true","true",""
"generated-html","/service-areas/macarthur-camden-and-wollondilly/campbelltown/macquarie-links/","n/a","true","0","true","true","n/a","n/a","true","true","true",""
"generated-html","/service-areas/macarthur-camden-and-wollondilly/campbelltown/menangle-park/","n/a","true","0","true","true","n/a","n/a","true","true","true",""
"generated-html","/service-areas/macarthur-camden-and-wollondilly/campbelltown/minto/","n/a","true","0","true","true","n/a","n/a","true","true","true",""
"generated-html","/service-areas/macarthur-camden-and-wollondilly/campbelltown/minto-heights/","n/a","true","0","true","true","n/a","n/a","true","true","true",""
"generated-html","/service-areas/macarthur-camden-and-wollondilly/campbelltown/raby/","n/a","true","0","true","true","n/a","n/a","true","true","true",""
"generated-html","/service-areas/macarthur-camden-and-wollondilly/campbelltown/rosemeadow/","n/a","true","0","true","true","n/a","n/a","true","true","true",""
"generated-html","/service-areas/macarthur-camden-and-wollondilly/campbelltown/ruse/","n/a","true","0","true","true","n/a","n/a","true","true","true",""
"generated-html","/service-areas/macarthur-camden-and-wollondilly/campbelltown/st-andrews/","n/a","true","0","true","true","n/a","n/a","true","true","true",""
"generated-html","/service-areas/macarthur-camden-and-wollondilly/campbelltown/st-helens-park/","n/a","true","0","true","true","n/a","n/a","true","true","true",""
"generated-html","/service-areas/macarthur-camden-and-wollondilly/campbelltown/varroville/","n/a","true","0","true","true","n/a","n/a","true","true","true",""
"generated-html","/service-areas/macarthur-camden-and-wollondilly/campbelltown/wedderburn/","n/a","true","0","true","true","n/a","n/a","true","true","true",""
"generated-html","/service-areas/macarthur-camden-and-wollondilly/campbelltown/woodbine/","n/a","true","0","true","true","n/a","n/a","true","true","true",""
"generated-html","/service-areas/macarthur-camden-and-wollondilly/campbelltown/woronora-dam/","n/a","true","0","true","true","n/a","n/a","true","true","true",""
"generated-html","/service-areas/macarthur-camden-and-wollondilly/","n/a","true","0","true","true","n/a","n/a","true","true","true",""
"generated-html","/service-areas/macarthur-camden-and-wollondilly/wollondilly/appin/","n/a","true","0","true","true","n/a","n/a","true","true","true",""
"generated-html","/service-areas/macarthur-camden-and-wollondilly/wollondilly/belimbla-park/","n/a","true","0","true","true","n/a","n/a","true","true","true",""
"generated-html","/service-areas/macarthur-camden-and-wollondilly/wollondilly/brownlow-hill/","n/a","true","0","true","true","n/a","n/a","true","true","true",""
"generated-html","/service-areas/macarthur-camden-and-wollondilly/wollondilly/camden-park/","n/a","true","0","true","true","n/a","n/a","true","true","true",""
"generated-html","/service-areas/macarthur-camden-and-wollondilly/wollondilly/cataract/","n/a","true","0","true","true","n/a","n/a","true","true","true",""
"generated-html","/service-areas/macarthur-camden-and-wollondilly/wollondilly/couridjah/","n/a","true","0","true","true","n/a","n/a","true","true","true",""
"generated-html","/service-areas/macarthur-camden-and-wollondilly/wollondilly/douglas-park/","n/a","true","0","true","true","n/a","n/a","true","true","true",""
"generated-html","/service-areas/macarthur-camden-and-wollondilly/wollondilly/glenmore/","n/a","true","0","true","true","n/a","n/a","true","true","true",""
"generated-html","/service-areas/macarthur-camden-and-wollondilly/wollondilly/","n/a","true","0","true","true","n/a","n/a","true","true","true",""
"generated-html","/service-areas/macarthur-camden-and-wollondilly/wollondilly/lakesland/","n/a","true","0","true","true","n/a","n/a","true","true","true",""
"generated-html","/service-areas/macarthur-camden-and-wollondilly/wollondilly/maldon/","n/a","true","0","true","true","n/a","n/a","true","true","true",""
"generated-html","/service-areas/macarthur-camden-and-wollondilly/wollondilly/menangle/","n/a","true","0","true","true","n/a","n/a","true","true","true",""
"generated-html","/service-areas/macarthur-camden-and-wollondilly/wollondilly/mount-hunter/","n/a","true","0","true","true","n/a","n/a","true","true","true",""
"generated-html","/service-areas/macarthur-camden-and-wollondilly/wollondilly/mowbray-park/","n/a","true","0","true","true","n/a","n/a","true","true","true",""
"generated-html","/service-areas/macarthur-camden-and-wollondilly/wollondilly/nattai/","n/a","true","0","true","true","n/a","n/a","true","true","true",""
"generated-html","/service-areas/macarthur-camden-and-wollondilly/wollondilly/oakdale/","n/a","true","0","true","true","n/a","n/a","true","true","true",""
"generated-html","/service-areas/macarthur-camden-and-wollondilly/wollondilly/orangeville/","n/a","true","0","true","true","n/a","n/a","true","true","true",""
"generated-html","/service-areas/macarthur-camden-and-wollondilly/wollondilly/pheasants-nest/","n/a","true","0","true","true","n/a","n/a","true","true","true",""
"generated-html","/service-areas/macarthur-camden-and-wollondilly/wollondilly/picton/","n/a","true","0","true","true","n/a","n/a","true","true","true",""
"generated-html","/service-areas/macarthur-camden-and-wollondilly/wollondilly/razorback/","n/a","true","0","true","true","n/a","n/a","true","true","true",""
"generated-html","/service-areas/macarthur-camden-and-wollondilly/wollondilly/silverdale/","n/a","true","0","true","true","n/a","n/a","true","true","true",""
"generated-html","/service-areas/macarthur-camden-and-wollondilly/wollondilly/tahmoor/","n/a","true","0","true","true","n/a","n/a","true","true","true",""
"generated-html","/service-areas/macarthur-camden-and-wollondilly/wollondilly/the-oaks/","n/a","true","0","true","true","n/a","n/a","true","true","true",""
"generated-html","/service-areas/macarthur-camden-and-wollondilly/wollondilly/theresa-park/","n/a","true","0","true","true","n/a","n/a","true","true","true",""
"generated-html","/service-areas/macarthur-camden-and-wollondilly/wollondilly/thirlmere/","n/a","true","0","true","true","n/a","n/a","true","true","true",""
"generated-html","/service-areas/macarthur-camden-and-wollondilly/wollondilly/warragamba/","n/a","true","0","true","true","n/a","n/a","true","true","true",""
"generated-html","/service-areas/macarthur-camden-and-wollondilly/wollondilly/werombi/","n/a","true","0","true","true","n/a","n/a","true","true","true",""
"generated-html","/service-areas/macarthur-camden-and-wollondilly/wollondilly/wilton/","n/a","true","0","true","true","n/a","n/a","true","true","true",""
"generated-html","/service-areas/macarthur-camden-and-wollondilly/wollondilly/yanderra/","n/a","true","0","true","true","n/a","n/a","true","true","true",""
"generated-html","/service-areas/northern-beaches/","n/a","true","0","true","true","n/a","n/a","true","true","true",""
"generated-html","/service-areas/northern-beaches/northern-beaches/allambie-heights/","n/a","true","0","true","true","n/a","n/a","true","true","true",""
"generated-html","/service-areas/northern-beaches/northern-beaches/avalon-beach/","n/a","true","0","true","true","n/a","n/a","true","true","true",""
"generated-html","/service-areas/northern-beaches/northern-beaches/balgowlah/","n/a","true","0","true","true","n/a","n/a","true","true","true",""
"generated-html","/service-areas/northern-beaches/northern-beaches/balgowlah-heights/","n/a","true","0","true","true","n/a","n/a","true","true","true",""
"generated-html","/service-areas/northern-beaches/northern-beaches/bayview/","n/a","true","0","true","true","n/a","n/a","true","true","true",""
"generated-html","/service-areas/northern-beaches/northern-beaches/beacon-hill/","n/a","true","0","true","true","n/a","n/a","true","true","true",""
"generated-html","/service-areas/northern-beaches/northern-beaches/belrose/","n/a","true","0","true","true","n/a","n/a","true","true","true",""
"generated-html","/service-areas/northern-beaches/northern-beaches/bilgola-beach/","n/a","true","0","true","true","n/a","n/a","true","true","true",""
"generated-html","/service-areas/northern-beaches/northern-beaches/bilgola-plateau/","n/a","true","0","true","true","n/a","n/a","true","true","true",""
"generated-html","/service-areas/northern-beaches/northern-beaches/brookvale/","n/a","true","0","true","true","n/a","n/a","true","true","true",""
"generated-html","/service-areas/northern-beaches/northern-beaches/church-point/","n/a","true","0","true","true","n/a","n/a","true","true","true",""
"generated-html","/service-areas/northern-beaches/northern-beaches/clareville/","n/a","true","0","true","true","n/a","n/a","true","true","true",""
"generated-html","/service-areas/northern-beaches/northern-beaches/clontarf/","n/a","true","0","true","true","n/a","n/a","true","true","true",""
"generated-html","/service-areas/northern-beaches/northern-beaches/coasters-retreat/","n/a","true","0","true","true","n/a","n/a","true","true","true",""
"generated-html","/service-areas/northern-beaches/northern-beaches/collaroy/","n/a","true","0","true","true","n/a","n/a","true","true","true",""
"generated-html","/service-areas/northern-beaches/northern-beaches/collaroy-plateau/","n/a","true","0","true","true","n/a","n/a","true","true","true",""
"generated-html","/service-areas/northern-beaches/northern-beaches/cottage-point/","n/a","true","0","true","true","n/a","n/a","true","true","true",""
"generated-html","/service-areas/northern-beaches/northern-beaches/cromer/","n/a","true","0","true","true","n/a","n/a","true","true","true",""
"generated-html","/service-areas/northern-beaches/northern-beaches/curl-curl/","n/a","true","0","true","true","n/a","n/a","true","true","true",""
"generated-html","/service-areas/northern-beaches/northern-beaches/davidson/","n/a","true","0","true","true","n/a","n/a","true","true","true",""
"generated-html","/service-areas/northern-beaches/northern-beaches/dee-why/","n/a","true","0","true","true","n/a","n/a","true","true","true",""
"generated-html","/service-areas/northern-beaches/northern-beaches/duffys-forest/","n/a","true","0","true","true","n/a","n/a","true","true","true",""
"generated-html","/service-areas/northern-beaches/northern-beaches/elanora-heights/","n/a","true","0","true","true","n/a","n/a","true","true","true",""
"generated-html","/service-areas/northern-beaches/northern-beaches/elvina-bay/","n/a","true","0","true","true","n/a","n/a","true","true","true",""
"generated-html","/service-areas/northern-beaches/northern-beaches/fairlight/","n/a","true","0","true","true","n/a","n/a","true","true","true",""
"generated-html","/service-areas/northern-beaches/northern-beaches/forestville/","n/a","true","0","true","true","n/a","n/a","true","true","true",""
"generated-html","/service-areas/northern-beaches/northern-beaches/frenchs-forest/","n/a","true","0","true","true","n/a","n/a","true","true","true",""
"generated-html","/service-areas/northern-beaches/northern-beaches/freshwater/","n/a","true","0","true","true","n/a","n/a","true","true","true",""
"generated-html","/service-areas/northern-beaches/northern-beaches/great-mackerel-beach/","n/a","true","0","true","true","n/a","n/a","true","true","true",""
"generated-html","/service-areas/northern-beaches/northern-beaches/","n/a","true","0","true","true","n/a","n/a","true","true","true",""
"generated-html","/service-areas/northern-beaches/northern-beaches/ingleside/","n/a","true","0","true","true","n/a","n/a","true","true","true",""
"generated-html","/service-areas/northern-beaches/northern-beaches/killarney-heights/","n/a","true","0","true","true","n/a","n/a","true","true","true",""
"generated-html","/service-areas/northern-beaches/northern-beaches/ku-ring-gai-chase/","n/a","true","0","true","true","n/a","n/a","true","true","true",""
"generated-html","/service-areas/northern-beaches/northern-beaches/lovett-bay/","n/a","true","0","true","true","n/a","n/a","true","true","true",""
"generated-html","/service-areas/northern-beaches/northern-beaches/manly/","n/a","true","0","true","true","n/a","n/a","true","true","true",""
"generated-html","/service-areas/northern-beaches/northern-beaches/manly-vale/","n/a","true","0","true","true","n/a","n/a","true","true","true",""
"generated-html","/service-areas/northern-beaches/northern-beaches/mona-vale/","n/a","true","0","true","true","n/a","n/a","true","true","true",""
"generated-html","/service-areas/northern-beaches/northern-beaches/morning-bay/","n/a","true","0","true","true","n/a","n/a","true","true","true",""
"generated-html","/service-areas/northern-beaches/northern-beaches/narrabeen/","n/a","true","0","true","true","n/a","n/a","true","true","true",""
"generated-html","/service-areas/northern-beaches/northern-beaches/narraweena/","n/a","true","0","true","true","n/a","n/a","true","true","true",""
"generated-html","/service-areas/northern-beaches/northern-beaches/newport/","n/a","true","0","true","true","n/a","n/a","true","true","true",""
"generated-html","/service-areas/northern-beaches/northern-beaches/north-balgowlah/","n/a","true","0","true","true","n/a","n/a","true","true","true",""
"generated-html","/service-areas/northern-beaches/northern-beaches/north-curl-curl/","n/a","true","0","true","true","n/a","n/a","true","true","true",""
"generated-html","/service-areas/northern-beaches/northern-beaches/north-manly/","n/a","true","0","true","true","n/a","n/a","true","true","true",""
"generated-html","/service-areas/northern-beaches/northern-beaches/north-narrabeen/","n/a","true","0","true","true","n/a","n/a","true","true","true",""
"generated-html","/service-areas/northern-beaches/northern-beaches/oxford-falls/","n/a","true","0","true","true","n/a","n/a","true","true","true",""
"generated-html","/service-areas/northern-beaches/northern-beaches/palm-beach/","n/a","true","0","true","true","n/a","n/a","true","true","true",""
"generated-html","/service-areas/northern-beaches/northern-beaches/queenscliff/","n/a","true","0","true","true","n/a","n/a","true","true","true",""
"generated-html","/service-areas/northern-beaches/northern-beaches/scotland-island/","n/a","true","0","true","true","n/a","n/a","true","true","true",""
"generated-html","/service-areas/northern-beaches/northern-beaches/seaforth/","n/a","true","0","true","true","n/a","n/a","true","true","true",""
"generated-html","/service-areas/northern-beaches/northern-beaches/terrey-hills/","n/a","true","0","true","true","n/a","n/a","true","true","true",""
"generated-html","/service-areas/northern-beaches/northern-beaches/warriewood/","n/a","true","0","true","true","n/a","n/a","true","true","true",""
"generated-html","/service-areas/northern-beaches/northern-beaches/whale-beach/","n/a","true","0","true","true","n/a","n/a","true","true","true",""
"generated-html","/service-areas/northern-beaches/northern-beaches/wheeler-heights/","n/a","true","0","true","true","n/a","n/a","true","true","true",""
"generated-html","/service-areas/northern-sydney-and-ryde/hunters-hill/gladesville/","n/a","true","0","true","true","n/a","n/a","true","true","true",""
"generated-html","/service-areas/northern-sydney-and-ryde/hunters-hill/henley/","n/a","true","0","true","true","n/a","n/a","true","true","true",""
"generated-html","/service-areas/northern-sydney-and-ryde/hunters-hill/hunters-hill/","n/a","true","0","true","true","n/a","n/a","true","true","true",""
"generated-html","/service-areas/northern-sydney-and-ryde/hunters-hill/huntleys-cove/","n/a","true","0","true","true","n/a","n/a","true","true","true",""
"generated-html","/service-areas/northern-sydney-and-ryde/hunters-hill/huntleys-point/","n/a","true","0","true","true","n/a","n/a","true","true","true",""
"generated-html","/service-areas/northern-sydney-and-ryde/hunters-hill/","n/a","true","0","true","true","n/a","n/a","true","true","true",""
"generated-html","/service-areas/northern-sydney-and-ryde/hunters-hill/woolwich/","n/a","true","0","true","true","n/a","n/a","true","true","true",""
"generated-html","/service-areas/northern-sydney-and-ryde/","n/a","true","0","true","true","n/a","n/a","true","true","true",""
"generated-html","/service-areas/northern-sydney-and-ryde/ku-ring-gai/east-killara/","n/a","true","0","true","true","n/a","n/a","true","true","true",""
"generated-html","/service-areas/northern-sydney-and-ryde/ku-ring-gai/east-lindfield/","n/a","true","0","true","true","n/a","n/a","true","true","true",""
"generated-html","/service-areas/northern-sydney-and-ryde/ku-ring-gai/gordon/","n/a","true","0","true","true","n/a","n/a","true","true","true",""
"generated-html","/service-areas/northern-sydney-and-ryde/ku-ring-gai/","n/a","true","0","true","true","n/a","n/a","true","true","true",""
"generated-html","/service-areas/northern-sydney-and-ryde/ku-ring-gai/killara/","n/a","true","0","true","true","n/a","n/a","true","true","true",""
"generated-html","/service-areas/northern-sydney-and-ryde/ku-ring-gai/lindfield/","n/a","true","0","true","true","n/a","n/a","true","true","true",""
"generated-html","/service-areas/northern-sydney-and-ryde/ku-ring-gai/north-turramurra/","n/a","true","0","true","true","n/a","n/a","true","true","true",""
"generated-html","/service-areas/northern-sydney-and-ryde/ku-ring-gai/north-wahroonga/","n/a","true","0","true","true","n/a","n/a","true","true","true",""
"generated-html","/service-areas/northern-sydney-and-ryde/ku-ring-gai/pymble/","n/a","true","0","true","true","n/a","n/a","true","true","true",""
"generated-html","/service-areas/northern-sydney-and-ryde/ku-ring-gai/roseville/","n/a","true","0","true","true","n/a","n/a","true","true","true",""
"generated-html","/service-areas/northern-sydney-and-ryde/ku-ring-gai/roseville-chase/","n/a","true","0","true","true","n/a","n/a","true","true","true",""
"generated-html","/service-areas/northern-sydney-and-ryde/ku-ring-gai/south-turramurra/","n/a","true","0","true","true","n/a","n/a","true","true","true",""
"generated-html","/service-areas/northern-sydney-and-ryde/ku-ring-gai/st-ives/","n/a","true","0","true","true","n/a","n/a","true","true","true",""
"generated-html","/service-areas/northern-sydney-and-ryde/ku-ring-gai/st-ives-chase/","n/a","true","0","true","true","n/a","n/a","true","true","true",""
"generated-html","/service-areas/northern-sydney-and-ryde/ku-ring-gai/turramurra/","n/a","true","0","true","true","n/a","n/a","true","true","true",""
"generated-html","/service-areas/northern-sydney-and-ryde/ku-ring-gai/warrawee/","n/a","true","0","true","true","n/a","n/a","true","true","true",""
"generated-html","/service-areas/northern-sydney-and-ryde/ku-ring-gai/west-pymble/","n/a","true","0","true","true","n/a","n/a","true","true","true",""
"generated-html","/service-areas/northern-sydney-and-ryde/lane-cove/greenwich/","n/a","true","0","true","true","n/a","n/a","true","true","true",""
"generated-html","/service-areas/northern-sydney-and-ryde/lane-cove/","n/a","true","0","true","true","n/a","n/a","true","true","true",""
"generated-html","/service-areas/northern-sydney-and-ryde/lane-cove/lane-cove/","n/a","true","0","true","true","n/a","n/a","true","true","true",""
"generated-html","/service-areas/northern-sydney-and-ryde/lane-cove/lane-cove-north/","n/a","true","0","true","true","n/a","n/a","true","true","true",""
"generated-html","/service-areas/northern-sydney-and-ryde/lane-cove/lane-cove-west/","n/a","true","0","true","true","n/a","n/a","true","true","true",""
"generated-html","/service-areas/northern-sydney-and-ryde/lane-cove/linley-point/","n/a","true","0","true","true","n/a","n/a","true","true","true",""
"generated-html","/service-areas/northern-sydney-and-ryde/lane-cove/longueville/","n/a","true","0","true","true","n/a","n/a","true","true","true",""
"generated-html","/service-areas/northern-sydney-and-ryde/lane-cove/northwood/","n/a","true","0","true","true","n/a","n/a","true","true","true",""
"generated-html","/service-areas/northern-sydney-and-ryde/lane-cove/riverview/","n/a","true","0","true","true","n/a","n/a","true","true","true",""
"generated-html","/service-areas/northern-sydney-and-ryde/lane-cove/st-leonards/","n/a","true","0","true","true","n/a","n/a","true","true","true",""
"generated-html","/service-areas/northern-sydney-and-ryde/mosman/","n/a","true","0","true","true","n/a","n/a","true","true","true",""
"generated-html","/service-areas/northern-sydney-and-ryde/mosman/mosman/","n/a","true","0","true","true","n/a","n/a","true","true","true",""
"generated-html","/service-areas/northern-sydney-and-ryde/north-sydney/cammeray/","n/a","true","0","true","true","n/a","n/a","true","true","true",""
"generated-html","/service-areas/northern-sydney-and-ryde/north-sydney/cremorne/","n/a","true","0","true","true","n/a","n/a","true","true","true",""
"generated-html","/service-areas/northern-sydney-and-ryde/north-sydney/cremorne-point/","n/a","true","0","true","true","n/a","n/a","true","true","true",""
"generated-html","/service-areas/northern-sydney-and-ryde/north-sydney/crows-nest/","n/a","true","0","true","true","n/a","n/a","true","true","true",""
"generated-html","/service-areas/northern-sydney-and-ryde/north-sydney/","n/a","true","0","true","true","n/a","n/a","true","true","true",""
"generated-html","/service-areas/northern-sydney-and-ryde/north-sydney/kirribilli/","n/a","true","0","true","true","n/a","n/a","true","true","true",""
"generated-html","/service-areas/northern-sydney-and-ryde/north-sydney/kurraba-point/","n/a","true","0","true","true","n/a","n/a","true","true","true",""
"generated-html","/service-areas/northern-sydney-and-ryde/north-sydney/lavender-bay/","n/a","true","0","true","true","n/a","n/a","true","true","true",""
"generated-html","/service-areas/northern-sydney-and-ryde/north-sydney/mcmahons-point/","n/a","true","0","true","true","n/a","n/a","true","true","true",""
"generated-html","/service-areas/northern-sydney-and-ryde/north-sydney/milsons-point/","n/a","true","0","true","true","n/a","n/a","true","true","true",""
"generated-html","/service-areas/northern-sydney-and-ryde/north-sydney/neutral-bay/","n/a","true","0","true","true","n/a","n/a","true","true","true",""
"generated-html","/service-areas/northern-sydney-and-ryde/north-sydney/north-sydney/","n/a","true","0","true","true","n/a","n/a","true","true","true",""
"generated-html","/service-areas/northern-sydney-and-ryde/north-sydney/waverton/","n/a","true","0","true","true","n/a","n/a","true","true","true",""
"generated-html","/service-areas/northern-sydney-and-ryde/north-sydney/wollstonecraft/","n/a","true","0","true","true","n/a","n/a","true","true","true",""
"generated-html","/service-areas/northern-sydney-and-ryde/ryde/chatswood-west/","n/a","true","0","true","true","n/a","n/a","true","true","true",""
"generated-html","/service-areas/northern-sydney-and-ryde/ryde/denistone/","n/a","true","0","true","true","n/a","n/a","true","true","true",""
"generated-html","/service-areas/northern-sydney-and-ryde/ryde/denistone-east/","n/a","true","0","true","true","n/a","n/a","true","true","true",""
"generated-html","/service-areas/northern-sydney-and-ryde/ryde/denistone-west/","n/a","true","0","true","true","n/a","n/a","true","true","true",""
"generated-html","/service-areas/northern-sydney-and-ryde/ryde/east-ryde/","n/a","true","0","true","true","n/a","n/a","true","true","true",""
"generated-html","/service-areas/northern-sydney-and-ryde/ryde/","n/a","true","0","true","true","n/a","n/a","true","true","true",""
"generated-html","/service-areas/northern-sydney-and-ryde/ryde/macquarie-park/","n/a","true","0","true","true","n/a","n/a","true","true","true",""
"generated-html","/service-areas/northern-sydney-and-ryde/ryde/marsfield/","n/a","true","0","true","true","n/a","n/a","true","true","true",""
"generated-html","/service-areas/northern-sydney-and-ryde/ryde/meadowbank/","n/a","true","0","true","true","n/a","n/a","true","true","true",""
"generated-html","/service-areas/northern-sydney-and-ryde/ryde/north-ryde/","n/a","true","0","true","true","n/a","n/a","true","true","true",""
"generated-html","/service-areas/northern-sydney-and-ryde/ryde/putney/","n/a","true","0","true","true","n/a","n/a","true","true","true",""
"generated-html","/service-areas/northern-sydney-and-ryde/ryde/ryde/","n/a","true","0","true","true","n/a","n/a","true","true","true",""
"generated-html","/service-areas/northern-sydney-and-ryde/ryde/tennyson-point/","n/a","true","0","true","true","n/a","n/a","true","true","true",""
"generated-html","/service-areas/northern-sydney-and-ryde/ryde/west-ryde/","n/a","true","0","true","true","n/a","n/a","true","true","true",""
"generated-html","/service-areas/northern-sydney-and-ryde/willoughby/artarmon/","n/a","true","0","true","true","n/a","n/a","true","true","true",""
"generated-html","/service-areas/northern-sydney-and-ryde/willoughby/castle-cove/","n/a","true","0","true","true","n/a","n/a","true","true","true",""
"generated-html","/service-areas/northern-sydney-and-ryde/willoughby/castlecrag/","n/a","true","0","true","true","n/a","n/a","true","true","true",""
"generated-html","/service-areas/northern-sydney-and-ryde/willoughby/chatswood/","n/a","true","0","true","true","n/a","n/a","true","true","true",""
"generated-html","/service-areas/northern-sydney-and-ryde/willoughby/","n/a","true","0","true","true","n/a","n/a","true","true","true",""
"generated-html","/service-areas/northern-sydney-and-ryde/willoughby/middle-cove/","n/a","true","0","true","true","n/a","n/a","true","true","true",""
"generated-html","/service-areas/northern-sydney-and-ryde/willoughby/naremburn/","n/a","true","0","true","true","n/a","n/a","true","true","true",""
"generated-html","/service-areas/northern-sydney-and-ryde/willoughby/north-willoughby/","n/a","true","0","true","true","n/a","n/a","true","true","true",""
"generated-html","/service-areas/northern-sydney-and-ryde/willoughby/northbridge/","n/a","true","0","true","true","n/a","n/a","true","true","true",""
"generated-html","/service-areas/northern-sydney-and-ryde/willoughby/willoughby/","n/a","true","0","true","true","n/a","n/a","true","true","true",""
"generated-html","/service-areas/northern-sydney-and-ryde/willoughby/willoughby-east/","n/a","true","0","true","true","n/a","n/a","true","true","true",""
"generated-html","/service-areas/parramatta-and-cumberland/cumberland/auburn/","n/a","true","0","true","true","n/a","n/a","true","true","true",""
"generated-html","/service-areas/parramatta-and-cumberland/cumberland/berala/","n/a","true","0","true","true","n/a","n/a","true","true","true",""
"generated-html","/service-areas/parramatta-and-cumberland/cumberland/girraween/","n/a","true","0","true","true","n/a","n/a","true","true","true",""
"generated-html","/service-areas/parramatta-and-cumberland/cumberland/greystanes/","n/a","true","0","true","true","n/a","n/a","true","true","true",""
"generated-html","/service-areas/parramatta-and-cumberland/cumberland/guildford/","n/a","true","0","true","true","n/a","n/a","true","true","true",""
"generated-html","/service-areas/parramatta-and-cumberland/cumberland/guildford-west/","n/a","true","0","true","true","n/a","n/a","true","true","true",""
"generated-html","/service-areas/parramatta-and-cumberland/cumberland/holroyd/","n/a","true","0","true","true","n/a","n/a","true","true","true",""
"generated-html","/service-areas/parramatta-and-cumberland/cumberland/","n/a","true","0","true","true","n/a","n/a","true","true","true",""
"generated-html","/service-areas/parramatta-and-cumberland/cumberland/lidcombe/","n/a","true","0","true","true","n/a","n/a","true","true","true",""
"generated-html","/service-areas/parramatta-and-cumberland/cumberland/merrylands/","n/a","true","0","true","true","n/a","n/a","true","true","true",""
"generated-html","/service-areas/parramatta-and-cumberland/cumberland/merrylands-west/","n/a","true","0","true","true","n/a","n/a","true","true","true",""
"generated-html","/service-areas/parramatta-and-cumberland/cumberland/pemulwuy/","n/a","true","0","true","true","n/a","n/a","true","true","true",""
"generated-html","/service-areas/parramatta-and-cumberland/cumberland/pendle-hill/","n/a","true","0","true","true","n/a","n/a","true","true","true",""
"generated-html","/service-areas/parramatta-and-cumberland/cumberland/regents-park/","n/a","true","0","true","true","n/a","n/a","true","true","true",""
"generated-html","/service-areas/parramatta-and-cumberland/cumberland/rookwood/","n/a","true","0","true","true","n/a","n/a","true","true","true",""
"generated-html","/service-areas/parramatta-and-cumberland/cumberland/south-granville/","n/a","true","0","true","true","n/a","n/a","true","true","true",""
"generated-html","/service-areas/parramatta-and-cumberland/cumberland/south-wentworthville/","n/a","true","0","true","true","n/a","n/a","true","true","true",""
"generated-html","/service-areas/parramatta-and-cumberland/cumberland/wentworthville/","n/a","true","0","true","true","n/a","n/a","true","true","true",""
"generated-html","/service-areas/parramatta-and-cumberland/cumberland/westmead/","n/a","true","0","true","true","n/a","n/a","true","true","true",""
"generated-html","/service-areas/parramatta-and-cumberland/cumberland/woodpark/","n/a","true","0","true","true","n/a","n/a","true","true","true",""
"generated-html","/service-areas/parramatta-and-cumberland/","n/a","true","0","true","true","n/a","n/a","true","true","true",""
"generated-html","/service-areas/parramatta-and-cumberland/parramatta/carlingford/","n/a","true","0","true","true","n/a","n/a","true","true","true",""
"generated-html","/service-areas/parramatta-and-cumberland/parramatta/clyde/","n/a","true","0","true","true","n/a","n/a","true","true","true",""
"generated-html","/service-areas/parramatta-and-cumberland/parramatta/constitution-hill/","n/a","true","0","true","true","n/a","n/a","true","true","true",""
"generated-html","/service-areas/parramatta-and-cumberland/parramatta/dundas/","n/a","true","0","true","true","n/a","n/a","true","true","true",""
"generated-html","/service-areas/parramatta-and-cumberland/parramatta/dundas-valley/","n/a","true","0","true","true","n/a","n/a","true","true","true",""
"generated-html","/service-areas/parramatta-and-cumberland/parramatta/eastwood/","n/a","true","0","true","true","n/a","n/a","true","true","true",""
"generated-html","/service-areas/parramatta-and-cumberland/parramatta/epping/","n/a","true","0","true","true","n/a","n/a","true","true","true",""
"generated-html","/service-areas/parramatta-and-cumberland/parramatta/ermington/","n/a","true","0","true","true","n/a","n/a","true","true","true",""
"generated-html","/service-areas/parramatta-and-cumberland/parramatta/granville/","n/a","true","0","true","true","n/a","n/a","true","true","true",""
"generated-html","/service-areas/parramatta-and-cumberland/parramatta/harris-park/","n/a","true","0","true","true","n/a","n/a","true","true","true",""
"generated-html","/service-areas/parramatta-and-cumberland/parramatta/","n/a","true","0","true","true","n/a","n/a","true","true","true",""
"generated-html","/service-areas/parramatta-and-cumberland/parramatta/mays-hill/","n/a","true","0","true","true","n/a","n/a","true","true","true",""
"generated-html","/service-areas/parramatta-and-cumberland/parramatta/melrose-park/","n/a","true","0","true","true","n/a","n/a","true","true","true",""
"generated-html","/service-areas/parramatta-and-cumberland/parramatta/newington/","n/a","true","0","true","true","n/a","n/a","true","true","true",""
"generated-html","/service-areas/parramatta-and-cumberland/parramatta/north-parramatta/","n/a","true","0","true","true","n/a","n/a","true","true","true",""
"generated-html","/service-areas/parramatta-and-cumberland/parramatta/north-rocks/","n/a","true","0","true","true","n/a","n/a","true","true","true",""
"generated-html","/service-areas/parramatta-and-cumberland/parramatta/northmead/","n/a","true","0","true","true","n/a","n/a","true","true","true",""
"generated-html","/service-areas/parramatta-and-cumberland/parramatta/oatlands/","n/a","true","0","true","true","n/a","n/a","true","true","true",""
"generated-html","/service-areas/parramatta-and-cumberland/parramatta/old-toongabbie/","n/a","true","0","true","true","n/a","n/a","true","true","true",""
"generated-html","/service-areas/parramatta-and-cumberland/parramatta/parramatta/","n/a","true","0","true","true","n/a","n/a","true","true","true",""
"generated-html","/service-areas/parramatta-and-cumberland/parramatta/rosehill/","n/a","true","0","true","true","n/a","n/a","true","true","true",""
"generated-html","/service-areas/parramatta-and-cumberland/parramatta/rydalmere/","n/a","true","0","true","true","n/a","n/a","true","true","true",""
"generated-html","/service-areas/parramatta-and-cumberland/parramatta/silverwater/","n/a","true","0","true","true","n/a","n/a","true","true","true",""
"generated-html","/service-areas/parramatta-and-cumberland/parramatta/sydney-olympic-park/","n/a","true","0","true","true","n/a","n/a","true","true","true",""
"generated-html","/service-areas/parramatta-and-cumberland/parramatta/telopea/","n/a","true","0","true","true","n/a","n/a","true","true","true",""
"generated-html","/service-areas/parramatta-and-cumberland/parramatta/wentworth-point/","n/a","true","0","true","true","n/a","n/a","true","true","true",""
"generated-html","/service-areas/southern-highlands/","n/a","true","0","true","true","n/a","n/a","true","true","true",""
"generated-html","/service-areas/southern-highlands/wingecarribee/alpine/","n/a","true","0","true","true","n/a","n/a","true","true","true",""
"generated-html","/service-areas/southern-highlands/wingecarribee/avoca/","n/a","true","0","true","true","n/a","n/a","true","true","true",""
"generated-html","/service-areas/southern-highlands/wingecarribee/aylmerton/","n/a","true","0","true","true","n/a","n/a","true","true","true",""
"generated-html","/service-areas/southern-highlands/wingecarribee/balaclava/","n/a","true","0","true","true","n/a","n/a","true","true","true",""
"generated-html","/service-areas/southern-highlands/wingecarribee/balmoral/","n/a","true","0","true","true","n/a","n/a","true","true","true",""
"generated-html","/service-areas/southern-highlands/wingecarribee/bargo/","n/a","true","0","true","true","n/a","n/a","true","true","true",""
"generated-html","/service-areas/southern-highlands/wingecarribee/berrima/","n/a","true","0","true","true","n/a","n/a","true","true","true",""
"generated-html","/service-areas/southern-highlands/wingecarribee/bowral/","n/a","true","0","true","true","n/a","n/a","true","true","true",""
"generated-html","/service-areas/southern-highlands/wingecarribee/braemar/","n/a","true","0","true","true","n/a","n/a","true","true","true",""
"generated-html","/service-areas/southern-highlands/wingecarribee/burradoo/","n/a","true","0","true","true","n/a","n/a","true","true","true",""
"generated-html","/service-areas/southern-highlands/wingecarribee/burrawang/","n/a","true","0","true","true","n/a","n/a","true","true","true",""
"generated-html","/service-areas/southern-highlands/wingecarribee/buxton/","n/a","true","0","true","true","n/a","n/a","true","true","true",""
"generated-html","/service-areas/southern-highlands/wingecarribee/colo-vale/","n/a","true","0","true","true","n/a","n/a","true","true","true",""
"generated-html","/service-areas/southern-highlands/wingecarribee/east-kangaloon/","n/a","true","0","true","true","n/a","n/a","true","true","true",""
"generated-html","/service-areas/southern-highlands/wingecarribee/exeter/","n/a","true","0","true","true","n/a","n/a","true","true","true",""
"generated-html","/service-areas/southern-highlands/wingecarribee/glenquarry/","n/a","true","0","true","true","n/a","n/a","true","true","true",""
"generated-html","/service-areas/southern-highlands/wingecarribee/hill-top/","n/a","true","0","true","true","n/a","n/a","true","true","true",""
"generated-html","/service-areas/southern-highlands/wingecarribee/","n/a","true","0","true","true","n/a","n/a","true","true","true",""
"generated-html","/service-areas/southern-highlands/wingecarribee/kangaloon/","n/a","true","0","true","true","n/a","n/a","true","true","true",""
"generated-html","/service-areas/southern-highlands/wingecarribee/medway/","n/a","true","0","true","true","n/a","n/a","true","true","true",""
"generated-html","/service-areas/southern-highlands/wingecarribee/mittagong/","n/a","true","0","true","true","n/a","n/a","true","true","true",""
"generated-html","/service-areas/southern-highlands/wingecarribee/moss-vale/","n/a","true","0","true","true","n/a","n/a","true","true","true",""
"generated-html","/service-areas/southern-highlands/wingecarribee/new-berrima/","n/a","true","0","true","true","n/a","n/a","true","true","true",""
"generated-html","/service-areas/southern-highlands/wingecarribee/renwick/","n/a","true","0","true","true","n/a","n/a","true","true","true",""
"generated-html","/service-areas/southern-highlands/wingecarribee/sutton-forest/","n/a","true","0","true","true","n/a","n/a","true","true","true",""
"generated-html","/service-areas/southern-highlands/wingecarribee/welby/","n/a","true","0","true","true","n/a","n/a","true","true","true",""
"generated-html","/service-areas/southern-highlands/wingecarribee/willow-vale/","n/a","true","0","true","true","n/a","n/a","true","true","true",""
"generated-html","/service-areas/southern-highlands/wingecarribee/woodlands/","n/a","true","0","true","true","n/a","n/a","true","true","true",""
"generated-html","/service-areas/southern-highlands/wingecarribee/yerrinbool/","n/a","true","0","true","true","n/a","n/a","true","true","true",""
"generated-html","/service-areas/st-george-and-bayside/bayside-and-airport/banksmeadow/","n/a","true","0","true","true","n/a","n/a","true","true","true",""
"generated-html","/service-areas/st-george-and-bayside/bayside-and-airport/botany/","n/a","true","0","true","true","n/a","n/a","true","true","true",""
"generated-html","/service-areas/st-george-and-bayside/bayside-and-airport/daceyville/","n/a","true","0","true","true","n/a","n/a","true","true","true",""
"generated-html","/service-areas/st-george-and-bayside/bayside-and-airport/eastgardens/","n/a","true","0","true","true","n/a","n/a","true","true","true",""
"generated-html","/service-areas/st-george-and-bayside/bayside-and-airport/eastlakes/","n/a","true","0","true","true","n/a","n/a","true","true","true",""
"generated-html","/service-areas/st-george-and-bayside/bayside-and-airport/hillsdale/","n/a","true","0","true","true","n/a","n/a","true","true","true",""
"generated-html","/service-areas/st-george-and-bayside/bayside-and-airport/","n/a","true","0","true","true","n/a","n/a","true","true","true",""
"generated-html","/service-areas/st-george-and-bayside/bayside-and-airport/mascot/","n/a","true","0","true","true","n/a","n/a","true","true","true",""
"generated-html","/service-areas/st-george-and-bayside/bayside-and-airport/pagewood/","n/a","true","0","true","true","n/a","n/a","true","true","true",""
"generated-html","/service-areas/st-george-and-bayside/bayside-and-airport/rosebery/","n/a","true","0","true","true","n/a","n/a","true","true","true",""
"generated-html","/service-areas/st-george-and-bayside/georges-river/allawah/","n/a","true","0","true","true","n/a","n/a","true","true","true",""
"generated-html","/service-areas/st-george-and-bayside/georges-river/beverley-park/","n/a","true","0","true","true","n/a","n/a","true","true","true",""
"generated-html","/service-areas/st-george-and-bayside/georges-river/blakehurst/","n/a","true","0","true","true","n/a","n/a","true","true","true",""
"generated-html","/service-areas/st-george-and-bayside/georges-river/carlton/","n/a","true","0","true","true","n/a","n/a","true","true","true",""
"generated-html","/service-areas/st-george-and-bayside/georges-river/carss-park/","n/a","true","0","true","true","n/a","n/a","true","true","true",""
"generated-html","/service-areas/st-george-and-bayside/georges-river/connells-point/","n/a","true","0","true","true","n/a","n/a","true","true","true",""
"generated-html","/service-areas/st-george-and-bayside/georges-river/hurstville/","n/a","true","0","true","true","n/a","n/a","true","true","true",""
"generated-html","/service-areas/st-george-and-bayside/georges-river/hurstville-grove/","n/a","true","0","true","true","n/a","n/a","true","true","true",""
"generated-html","/service-areas/st-george-and-bayside/georges-river/","n/a","true","0","true","true","n/a","n/a","true","true","true",""
"generated-html","/service-areas/st-george-and-bayside/georges-river/kogarah/","n/a","true","0","true","true","n/a","n/a","true","true","true",""
"generated-html","/service-areas/st-george-and-bayside/georges-river/kogarah-bay/","n/a","true","0","true","true","n/a","n/a","true","true","true",""
"generated-html","/service-areas/st-george-and-bayside/georges-river/kyle-bay/","n/a","true","0","true","true","n/a","n/a","true","true","true",""
"generated-html","/service-areas/st-george-and-bayside/georges-river/lugarno/","n/a","true","0","true","true","n/a","n/a","true","true","true",""
"generated-html","/service-areas/st-george-and-bayside/georges-river/mortdale/","n/a","true","0","true","true","n/a","n/a","true","true","true",""
"generated-html","/service-areas/st-george-and-bayside/georges-river/oatley/","n/a","true","0","true","true","n/a","n/a","true","true","true",""
"generated-html","/service-areas/st-george-and-bayside/georges-river/peakhurst/","n/a","true","0","true","true","n/a","n/a","true","true","true",""
"generated-html","/service-areas/st-george-and-bayside/georges-river/peakhurst-heights/","n/a","true","0","true","true","n/a","n/a","true","true","true",""
"generated-html","/service-areas/st-george-and-bayside/georges-river/penshurst/","n/a","true","0","true","true","n/a","n/a","true","true","true",""
"generated-html","/service-areas/st-george-and-bayside/georges-river/ramsgate/","n/a","true","0","true","true","n/a","n/a","true","true","true",""
"generated-html","/service-areas/st-george-and-bayside/georges-river/sans-souci/","n/a","true","0","true","true","n/a","n/a","true","true","true",""
"generated-html","/service-areas/st-george-and-bayside/georges-river/south-hurstville/","n/a","true","0","true","true","n/a","n/a","true","true","true",""
"generated-html","/service-areas/st-george-and-bayside/","n/a","true","0","true","true","n/a","n/a","true","true","true",""
"generated-html","/service-areas/st-george-and-bayside/rockdale-and-bexley/arncliffe/","n/a","true","0","true","true","n/a","n/a","true","true","true",""
"generated-html","/service-areas/st-george-and-bayside/rockdale-and-bexley/banksia/","n/a","true","0","true","true","n/a","n/a","true","true","true",""
"generated-html","/service-areas/st-george-and-bayside/rockdale-and-bexley/bardwell-park/","n/a","true","0","true","true","n/a","n/a","true","true","true",""
"generated-html","/service-areas/st-george-and-bayside/rockdale-and-bexley/bardwell-valley/","n/a","true","0","true","true","n/a","n/a","true","true","true",""
"generated-html","/service-areas/st-george-and-bayside/rockdale-and-bexley/bexley/","n/a","true","0","true","true","n/a","n/a","true","true","true",""
"generated-html","/service-areas/st-george-and-bayside/rockdale-and-bexley/bexley-north/","n/a","true","0","true","true","n/a","n/a","true","true","true",""
"generated-html","/service-areas/st-george-and-bayside/rockdale-and-bexley/brighton-le-sands/","n/a","true","0","true","true","n/a","n/a","true","true","true",""
"generated-html","/service-areas/st-george-and-bayside/rockdale-and-bexley/dolls-point/","n/a","true","0","true","true","n/a","n/a","true","true","true",""
"generated-html","/service-areas/st-george-and-bayside/rockdale-and-bexley/","n/a","true","0","true","true","n/a","n/a","true","true","true",""
"generated-html","/service-areas/st-george-and-bayside/rockdale-and-bexley/kyeemagh/","n/a","true","0","true","true","n/a","n/a","true","true","true",""
"generated-html","/service-areas/st-george-and-bayside/rockdale-and-bexley/monterey/","n/a","true","0","true","true","n/a","n/a","true","true","true",""
"generated-html","/service-areas/st-george-and-bayside/rockdale-and-bexley/ramsgate-beach/","n/a","true","0","true","true","n/a","n/a","true","true","true",""
"generated-html","/service-areas/st-george-and-bayside/rockdale-and-bexley/rockdale/","n/a","true","0","true","true","n/a","n/a","true","true","true",""
"generated-html","/service-areas/st-george-and-bayside/rockdale-and-bexley/sandringham/","n/a","true","0","true","true","n/a","n/a","true","true","true",""
"generated-html","/service-areas/st-george-and-bayside/rockdale-and-bexley/turrella/","n/a","true","0","true","true","n/a","n/a","true","true","true",""
"generated-html","/service-areas/st-george-and-bayside/rockdale-and-bexley/wolli-creek/","n/a","true","0","true","true","n/a","n/a","true","true","true",""
"generated-html","/service-areas/sutherland-shire/","n/a","true","0","true","true","n/a","n/a","true","true","true",""
"generated-html","/service-areas/sutherland-shire/sutherland-shire/alfords-point/","n/a","true","0","true","true","n/a","n/a","true","true","true",""
"generated-html","/service-areas/sutherland-shire/sutherland-shire/bangor/","n/a","true","0","true","true","n/a","n/a","true","true","true",""
"generated-html","/service-areas/sutherland-shire/sutherland-shire/barden-ridge/","n/a","true","0","true","true","n/a","n/a","true","true","true",""
"generated-html","/service-areas/sutherland-shire/sutherland-shire/bonnet-bay/","n/a","true","0","true","true","n/a","n/a","true","true","true",""
"generated-html","/service-areas/sutherland-shire/sutherland-shire/bundeena/","n/a","true","0","true","true","n/a","n/a","true","true","true",""
"generated-html","/service-areas/sutherland-shire/sutherland-shire/burraneer/","n/a","true","0","true","true","n/a","n/a","true","true","true",""
"generated-html","/service-areas/sutherland-shire/sutherland-shire/caringbah/","n/a","true","0","true","true","n/a","n/a","true","true","true",""
"generated-html","/service-areas/sutherland-shire/sutherland-shire/caringbah-south/","n/a","true","0","true","true","n/a","n/a","true","true","true",""
"generated-html","/service-areas/sutherland-shire/sutherland-shire/como/","n/a","true","0","true","true","n/a","n/a","true","true","true",""
"generated-html","/service-areas/sutherland-shire/sutherland-shire/cronulla/","n/a","true","0","true","true","n/a","n/a","true","true","true",""
"generated-html","/service-areas/sutherland-shire/sutherland-shire/dolans-bay/","n/a","true","0","true","true","n/a","n/a","true","true","true",""
"generated-html","/service-areas/sutherland-shire/sutherland-shire/engadine/","n/a","true","0","true","true","n/a","n/a","true","true","true",""
"generated-html","/service-areas/sutherland-shire/sutherland-shire/grays-point/","n/a","true","0","true","true","n/a","n/a","true","true","true",""
"generated-html","/service-areas/sutherland-shire/sutherland-shire/greenhills-beach/","n/a","true","0","true","true","n/a","n/a","true","true","true",""
"generated-html","/service-areas/sutherland-shire/sutherland-shire/gymea/","n/a","true","0","true","true","n/a","n/a","true","true","true",""
"generated-html","/service-areas/sutherland-shire/sutherland-shire/gymea-bay/","n/a","true","0","true","true","n/a","n/a","true","true","true",""
"generated-html","/service-areas/sutherland-shire/sutherland-shire/heathcote/","n/a","true","0","true","true","n/a","n/a","true","true","true",""
"generated-html","/service-areas/sutherland-shire/sutherland-shire/illawong/","n/a","true","0","true","true","n/a","n/a","true","true","true",""
"generated-html","/service-areas/sutherland-shire/sutherland-shire/","n/a","true","0","true","true","n/a","n/a","true","true","true",""
"generated-html","/service-areas/sutherland-shire/sutherland-shire/jannali/","n/a","true","0","true","true","n/a","n/a","true","true","true",""
"generated-html","/service-areas/sutherland-shire/sutherland-shire/kangaroo-point/","n/a","true","0","true","true","n/a","n/a","true","true","true",""
"generated-html","/service-areas/sutherland-shire/sutherland-shire/kareela/","n/a","true","0","true","true","n/a","n/a","true","true","true",""
"generated-html","/service-areas/sutherland-shire/sutherland-shire/kirrawee/","n/a","true","0","true","true","n/a","n/a","true","true","true",""
"generated-html","/service-areas/sutherland-shire/sutherland-shire/kurnell/","n/a","true","0","true","true","n/a","n/a","true","true","true",""
"generated-html","/service-areas/sutherland-shire/sutherland-shire/lilli-pilli/","n/a","true","0","true","true","n/a","n/a","true","true","true",""
"generated-html","/service-areas/sutherland-shire/sutherland-shire/loftus/","n/a","true","0","true","true","n/a","n/a","true","true","true",""
"generated-html","/service-areas/sutherland-shire/sutherland-shire/maianbar/","n/a","true","0","true","true","n/a","n/a","true","true","true",""
"generated-html","/service-areas/sutherland-shire/sutherland-shire/menai/","n/a","true","0","true","true","n/a","n/a","true","true","true",""
"generated-html","/service-areas/sutherland-shire/sutherland-shire/miranda/","n/a","true","0","true","true","n/a","n/a","true","true","true",""
"generated-html","/service-areas/sutherland-shire/sutherland-shire/oyster-bay/","n/a","true","0","true","true","n/a","n/a","true","true","true",""
"generated-html","/service-areas/sutherland-shire/sutherland-shire/port-hacking/","n/a","true","0","true","true","n/a","n/a","true","true","true",""
"generated-html","/service-areas/sutherland-shire/sutherland-shire/royal-national-park/","n/a","true","0","true","true","n/a","n/a","true","true","true",""
"generated-html","/service-areas/sutherland-shire/sutherland-shire/sandy-point/","n/a","true","0","true","true","n/a","n/a","true","true","true",""
"generated-html","/service-areas/sutherland-shire/sutherland-shire/sutherland/","n/a","true","0","true","true","n/a","n/a","true","true","true",""
"generated-html","/service-areas/sutherland-shire/sutherland-shire/sylvania/","n/a","true","0","true","true","n/a","n/a","true","true","true",""
"generated-html","/service-areas/sutherland-shire/sutherland-shire/sylvania-waters/","n/a","true","0","true","true","n/a","n/a","true","true","true",""
"generated-html","/service-areas/sutherland-shire/sutherland-shire/taren-point/","n/a","true","0","true","true","n/a","n/a","true","true","true",""
"generated-html","/service-areas/sutherland-shire/sutherland-shire/waterfall/","n/a","true","0","true","true","n/a","n/a","true","true","true",""
"generated-html","/service-areas/sutherland-shire/sutherland-shire/woolooware/","n/a","true","0","true","true","n/a","n/a","true","true","true",""
"generated-html","/service-areas/sutherland-shire/sutherland-shire/woronora/","n/a","true","0","true","true","n/a","n/a","true","true","true",""
"generated-html","/service-areas/sutherland-shire/sutherland-shire/woronora-heights/","n/a","true","0","true","true","n/a","n/a","true","true","true",""
"generated-html","/service-areas/sutherland-shire/sutherland-shire/yarrawarrah/","n/a","true","0","true","true","n/a","n/a","true","true","true",""
"generated-html","/service-areas/sutherland-shire/sutherland-shire/yowie-bay/","n/a","true","0","true","true","n/a","n/a","true","true","true",""
"generated-html","/service-areas/sydney-city-and-eastern-suburbs/","n/a","true","0","true","true","n/a","n/a","true","true","true",""
"generated-html","/service-areas/sydney-city-and-eastern-suburbs/randwick/centennial-park/","n/a","true","0","true","true","n/a","n/a","true","true","true",""
"generated-html","/service-areas/sydney-city-and-eastern-suburbs/randwick/chifley/","n/a","true","0","true","true","n/a","n/a","true","true","true",""
"generated-html","/service-areas/sydney-city-and-eastern-suburbs/randwick/clovelly/","n/a","true","0","true","true","n/a","n/a","true","true","true",""
"generated-html","/service-areas/sydney-city-and-eastern-suburbs/randwick/coogee/","n/a","true","0","true","true","n/a","n/a","true","true","true",""
"generated-html","/service-areas/sydney-city-and-eastern-suburbs/randwick/","n/a","true","0","true","true","n/a","n/a","true","true","true",""
"generated-html","/service-areas/sydney-city-and-eastern-suburbs/randwick/kensington/","n/a","true","0","true","true","n/a","n/a","true","true","true",""
"generated-html","/service-areas/sydney-city-and-eastern-suburbs/randwick/kingsford/","n/a","true","0","true","true","n/a","n/a","true","true","true",""
"generated-html","/service-areas/sydney-city-and-eastern-suburbs/randwick/la-perouse/","n/a","true","0","true","true","n/a","n/a","true","true","true",""
"generated-html","/service-areas/sydney-city-and-eastern-suburbs/randwick/little-bay/","n/a","true","0","true","true","n/a","n/a","true","true","true",""
"generated-html","/service-areas/sydney-city-and-eastern-suburbs/randwick/malabar/","n/a","true","0","true","true","n/a","n/a","true","true","true",""
"generated-html","/service-areas/sydney-city-and-eastern-suburbs/randwick/maroubra/","n/a","true","0","true","true","n/a","n/a","true","true","true",""
"generated-html","/service-areas/sydney-city-and-eastern-suburbs/randwick/matraville/","n/a","true","0","true","true","n/a","n/a","true","true","true",""
"generated-html","/service-areas/sydney-city-and-eastern-suburbs/randwick/phillip-bay/","n/a","true","0","true","true","n/a","n/a","true","true","true",""
"generated-html","/service-areas/sydney-city-and-eastern-suburbs/randwick/randwick/","n/a","true","0","true","true","n/a","n/a","true","true","true",""
"generated-html","/service-areas/sydney-city-and-eastern-suburbs/randwick/south-coogee/","n/a","true","0","true","true","n/a","n/a","true","true","true",""
"generated-html","/service-areas/sydney-city-and-eastern-suburbs/sydney/alexandria/","n/a","true","0","true","true","n/a","n/a","true","true","true",""
"generated-html","/service-areas/sydney-city-and-eastern-suburbs/sydney/barangaroo/","n/a","true","0","true","true","n/a","n/a","true","true","true",""
"generated-html","/service-areas/sydney-city-and-eastern-suburbs/sydney/beaconsfield/","n/a","true","0","true","true","n/a","n/a","true","true","true",""
"generated-html","/service-areas/sydney-city-and-eastern-suburbs/sydney/chippendale/","n/a","true","0","true","true","n/a","n/a","true","true","true",""
"generated-html","/service-areas/sydney-city-and-eastern-suburbs/sydney/darlinghurst/","n/a","true","0","true","true","n/a","n/a","true","true","true",""
"generated-html","/service-areas/sydney-city-and-eastern-suburbs/sydney/darlington/","n/a","true","0","true","true","n/a","n/a","true","true","true",""
"generated-html","/service-areas/sydney-city-and-eastern-suburbs/sydney/dawes-point/","n/a","true","0","true","true","n/a","n/a","true","true","true",""
"generated-html","/service-areas/sydney-city-and-eastern-suburbs/sydney/elizabeth-bay/","n/a","true","0","true","true","n/a","n/a","true","true","true",""
"generated-html","/service-areas/sydney-city-and-eastern-suburbs/sydney/erskineville/","n/a","true","0","true","true","n/a","n/a","true","true","true",""
"generated-html","/service-areas/sydney-city-and-eastern-suburbs/sydney/eveleigh/","n/a","true","0","true","true","n/a","n/a","true","true","true",""
"generated-html","/service-areas/sydney-city-and-eastern-suburbs/sydney/forest-lodge/","n/a","true","0","true","true","n/a","n/a","true","true","true",""
"generated-html","/service-areas/sydney-city-and-eastern-suburbs/sydney/glebe/","n/a","true","0","true","true","n/a","n/a","true","true","true",""
"generated-html","/service-areas/sydney-city-and-eastern-suburbs/sydney/haymarket/","n/a","true","0","true","true","n/a","n/a","true","true","true",""
"generated-html","/service-areas/sydney-city-and-eastern-suburbs/sydney/","n/a","true","0","true","true","n/a","n/a","true","true","true",""
"generated-html","/service-areas/sydney-city-and-eastern-suburbs/sydney/millers-point/","n/a","true","0","true","true","n/a","n/a","true","true","true",""
"generated-html","/service-areas/sydney-city-and-eastern-suburbs/sydney/moore-park/","n/a","true","0","true","true","n/a","n/a","true","true","true",""
"generated-html","/service-areas/sydney-city-and-eastern-suburbs/sydney/paddington/","n/a","true","0","true","true","n/a","n/a","true","true","true",""
"generated-html","/service-areas/sydney-city-and-eastern-suburbs/sydney/potts-point/","n/a","true","0","true","true","n/a","n/a","true","true","true",""
"generated-html","/service-areas/sydney-city-and-eastern-suburbs/sydney/pyrmont/","n/a","true","0","true","true","n/a","n/a","true","true","true",""
"generated-html","/service-areas/sydney-city-and-eastern-suburbs/sydney/redfern/","n/a","true","0","true","true","n/a","n/a","true","true","true",""
"generated-html","/service-areas/sydney-city-and-eastern-suburbs/sydney/rushcutters-bay/","n/a","true","0","true","true","n/a","n/a","true","true","true",""
"generated-html","/service-areas/sydney-city-and-eastern-suburbs/sydney/surry-hills/","n/a","true","0","true","true","n/a","n/a","true","true","true",""
"generated-html","/service-areas/sydney-city-and-eastern-suburbs/sydney/sydney/","n/a","true","0","true","true","n/a","n/a","true","true","true",""
"generated-html","/service-areas/sydney-city-and-eastern-suburbs/sydney/the-rocks/","n/a","true","0","true","true","n/a","n/a","true","true","true",""
"generated-html","/service-areas/sydney-city-and-eastern-suburbs/sydney/ultimo/","n/a","true","0","true","true","n/a","n/a","true","true","true",""
"generated-html","/service-areas/sydney-city-and-eastern-suburbs/sydney/waterloo/","n/a","true","0","true","true","n/a","n/a","true","true","true",""
"generated-html","/service-areas/sydney-city-and-eastern-suburbs/sydney/woolloomooloo/","n/a","true","0","true","true","n/a","n/a","true","true","true",""
"generated-html","/service-areas/sydney-city-and-eastern-suburbs/sydney/zetland/","n/a","true","0","true","true","n/a","n/a","true","true","true",""
"generated-html","/service-areas/sydney-city-and-eastern-suburbs/waverley/bondi/","n/a","true","0","true","true","n/a","n/a","true","true","true",""
"generated-html","/service-areas/sydney-city-and-eastern-suburbs/waverley/bondi-beach/","n/a","true","0","true","true","n/a","n/a","true","true","true",""
"generated-html","/service-areas/sydney-city-and-eastern-suburbs/waverley/bondi-junction/","n/a","true","0","true","true","n/a","n/a","true","true","true",""
"generated-html","/service-areas/sydney-city-and-eastern-suburbs/waverley/bronte/","n/a","true","0","true","true","n/a","n/a","true","true","true",""
"generated-html","/service-areas/sydney-city-and-eastern-suburbs/waverley/dover-heights/","n/a","true","0","true","true","n/a","n/a","true","true","true",""
"generated-html","/service-areas/sydney-city-and-eastern-suburbs/waverley/","n/a","true","0","true","true","n/a","n/a","true","true","true",""
"generated-html","/service-areas/sydney-city-and-eastern-suburbs/waverley/north-bondi/","n/a","true","0","true","true","n/a","n/a","true","true","true",""
"generated-html","/service-areas/sydney-city-and-eastern-suburbs/waverley/queens-park/","n/a","true","0","true","true","n/a","n/a","true","true","true",""
"generated-html","/service-areas/sydney-city-and-eastern-suburbs/waverley/rose-bay/","n/a","true","0","true","true","n/a","n/a","true","true","true",""
"generated-html","/service-areas/sydney-city-and-eastern-suburbs/waverley/tamarama/","n/a","true","0","true","true","n/a","n/a","true","true","true",""
"generated-html","/service-areas/sydney-city-and-eastern-suburbs/waverley/vaucluse/","n/a","true","0","true","true","n/a","n/a","true","true","true",""
"generated-html","/service-areas/sydney-city-and-eastern-suburbs/waverley/waverley/","n/a","true","0","true","true","n/a","n/a","true","true","true",""
"generated-html","/service-areas/sydney-city-and-eastern-suburbs/woollahra/bellevue-hill/","n/a","true","0","true","true","n/a","n/a","true","true","true",""
"generated-html","/service-areas/sydney-city-and-eastern-suburbs/woollahra/darling-point/","n/a","true","0","true","true","n/a","n/a","true","true","true",""
"generated-html","/service-areas/sydney-city-and-eastern-suburbs/woollahra/double-bay/","n/a","true","0","true","true","n/a","n/a","true","true","true",""
"generated-html","/service-areas/sydney-city-and-eastern-suburbs/woollahra/edgecliff/","n/a","true","0","true","true","n/a","n/a","true","true","true",""
"generated-html","/service-areas/sydney-city-and-eastern-suburbs/woollahra/","n/a","true","0","true","true","n/a","n/a","true","true","true",""
"generated-html","/service-areas/sydney-city-and-eastern-suburbs/woollahra/point-piper/","n/a","true","0","true","true","n/a","n/a","true","true","true",""
"generated-html","/service-areas/sydney-city-and-eastern-suburbs/woollahra/watsons-bay/","n/a","true","0","true","true","n/a","n/a","true","true","true",""
"generated-html","/service-areas/sydney-city-and-eastern-suburbs/woollahra/woollahra/","n/a","true","0","true","true","n/a","n/a","true","true","true",""
"generated-html","/service-areas/western-sydney-and-nepean/blacktown/acacia-gardens/","n/a","true","0","true","true","n/a","n/a","true","true","true",""
"generated-html","/service-areas/western-sydney-and-nepean/blacktown/arndell-park/","n/a","true","0","true","true","n/a","n/a","true","true","true",""
"generated-html","/service-areas/western-sydney-and-nepean/blacktown/bidwill/","n/a","true","0","true","true","n/a","n/a","true","true","true",""
"generated-html","/service-areas/western-sydney-and-nepean/blacktown/blackett/","n/a","true","0","true","true","n/a","n/a","true","true","true",""
"generated-html","/service-areas/western-sydney-and-nepean/blacktown/blacktown/","n/a","true","0","true","true","n/a","n/a","true","true","true",""
"generated-html","/service-areas/western-sydney-and-nepean/blacktown/bungarribee/","n/a","true","0","true","true","n/a","n/a","true","true","true",""
"generated-html","/service-areas/western-sydney-and-nepean/blacktown/colebee/","n/a","true","0","true","true","n/a","n/a","true","true","true",""
"generated-html","/service-areas/western-sydney-and-nepean/blacktown/dean-park/","n/a","true","0","true","true","n/a","n/a","true","true","true",""
"generated-html","/service-areas/western-sydney-and-nepean/blacktown/dharruk/","n/a","true","0","true","true","n/a","n/a","true","true","true",""
"generated-html","/service-areas/western-sydney-and-nepean/blacktown/doonside/","n/a","true","0","true","true","n/a","n/a","true","true","true",""
"generated-html","/service-areas/western-sydney-and-nepean/blacktown/eastern-creek/","n/a","true","0","true","true","n/a","n/a","true","true","true",""
"generated-html","/service-areas/western-sydney-and-nepean/blacktown/emerton/","n/a","true","0","true","true","n/a","n/a","true","true","true",""
"generated-html","/service-areas/western-sydney-and-nepean/blacktown/glendenning/","n/a","true","0","true","true","n/a","n/a","true","true","true",""
"generated-html","/service-areas/western-sydney-and-nepean/blacktown/glenwood/","n/a","true","0","true","true","n/a","n/a","true","true","true",""
"generated-html","/service-areas/western-sydney-and-nepean/blacktown/hassall-grove/","n/a","true","0","true","true","n/a","n/a","true","true","true",""
"generated-html","/service-areas/western-sydney-and-nepean/blacktown/hebersham/","n/a","true","0","true","true","n/a","n/a","true","true","true",""
"generated-html","/service-areas/western-sydney-and-nepean/blacktown/","n/a","true","0","true","true","n/a","n/a","true","true","true",""
"generated-html","/service-areas/western-sydney-and-nepean/blacktown/kellyville-ridge/","n/a","true","0","true","true","n/a","n/a","true","true","true",""
"generated-html","/service-areas/western-sydney-and-nepean/blacktown/kings-langley/","n/a","true","0","true","true","n/a","n/a","true","true","true",""
"generated-html","/service-areas/western-sydney-and-nepean/blacktown/kings-park/","n/a","true","0","true","true","n/a","n/a","true","true","true",""
"generated-html","/service-areas/western-sydney-and-nepean/blacktown/lalor-park/","n/a","true","0","true","true","n/a","n/a","true","true","true",""
"generated-html","/service-areas/western-sydney-and-nepean/blacktown/lethbridge-park/","n/a","true","0","true","true","n/a","n/a","true","true","true",""
"generated-html","/service-areas/western-sydney-and-nepean/blacktown/marayong/","n/a","true","0","true","true","n/a","n/a","true","true","true",""
"generated-html","/service-areas/western-sydney-and-nepean/blacktown/marsden-park/","n/a","true","0","true","true","n/a","n/a","true","true","true",""
"generated-html","/service-areas/western-sydney-and-nepean/blacktown/minchinbury/","n/a","true","0","true","true","n/a","n/a","true","true","true",""
"generated-html","/service-areas/western-sydney-and-nepean/blacktown/mount-druitt/","n/a","true","0","true","true","n/a","n/a","true","true","true",""
"generated-html","/service-areas/western-sydney-and-nepean/blacktown/oakhurst/","n/a","true","0","true","true","n/a","n/a","true","true","true",""
"generated-html","/service-areas/western-sydney-and-nepean/blacktown/parklea/","n/a","true","0","true","true","n/a","n/a","true","true","true",""
"generated-html","/service-areas/western-sydney-and-nepean/blacktown/plumpton/","n/a","true","0","true","true","n/a","n/a","true","true","true",""
"generated-html","/service-areas/western-sydney-and-nepean/blacktown/prospect/","n/a","true","0","true","true","n/a","n/a","true","true","true",""
"generated-html","/service-areas/western-sydney-and-nepean/blacktown/quakers-hill/","n/a","true","0","true","true","n/a","n/a","true","true","true",""
"generated-html","/service-areas/western-sydney-and-nepean/blacktown/riverstone/","n/a","true","0","true","true","n/a","n/a","true","true","true",""
"generated-html","/service-areas/western-sydney-and-nepean/blacktown/rooty-hill/","n/a","true","0","true","true","n/a","n/a","true","true","true",""
"generated-html","/service-areas/western-sydney-and-nepean/blacktown/ropes-crossing/","n/a","true","0","true","true","n/a","n/a","true","true","true",""
"generated-html","/service-areas/western-sydney-and-nepean/blacktown/schofields/","n/a","true","0","true","true","n/a","n/a","true","true","true",""
"generated-html","/service-areas/western-sydney-and-nepean/blacktown/seven-hills/","n/a","true","0","true","true","n/a","n/a","true","true","true",""
"generated-html","/service-areas/western-sydney-and-nepean/blacktown/shalvey/","n/a","true","0","true","true","n/a","n/a","true","true","true",""
"generated-html","/service-areas/western-sydney-and-nepean/blacktown/shanes-park/","n/a","true","0","true","true","n/a","n/a","true","true","true",""
"generated-html","/service-areas/western-sydney-and-nepean/blacktown/stanhope-gardens/","n/a","true","0","true","true","n/a","n/a","true","true","true",""
"generated-html","/service-areas/western-sydney-and-nepean/blacktown/the-ponds/","n/a","true","0","true","true","n/a","n/a","true","true","true",""
"generated-html","/service-areas/western-sydney-and-nepean/blacktown/toongabbie/","n/a","true","0","true","true","n/a","n/a","true","true","true",""
"generated-html","/service-areas/western-sydney-and-nepean/blacktown/tregear/","n/a","true","0","true","true","n/a","n/a","true","true","true",""
"generated-html","/service-areas/western-sydney-and-nepean/blacktown/whalan/","n/a","true","0","true","true","n/a","n/a","true","true","true",""
"generated-html","/service-areas/western-sydney-and-nepean/blacktown/willmot/","n/a","true","0","true","true","n/a","n/a","true","true","true",""
"generated-html","/service-areas/western-sydney-and-nepean/blacktown/woodcroft/","n/a","true","0","true","true","n/a","n/a","true","true","true",""
"generated-html","/service-areas/western-sydney-and-nepean/","n/a","true","0","true","true","n/a","n/a","true","true","true",""
"generated-html","/service-areas/western-sydney-and-nepean/penrith/berkshire-park/","n/a","true","0","true","true","n/a","n/a","true","true","true",""
"generated-html","/service-areas/western-sydney-and-nepean/penrith/caddens/","n/a","true","0","true","true","n/a","n/a","true","true","true",""
"generated-html","/service-areas/western-sydney-and-nepean/penrith/cambridge-gardens/","n/a","true","0","true","true","n/a","n/a","true","true","true",""
"generated-html","/service-areas/western-sydney-and-nepean/penrith/cambridge-park/","n/a","true","0","true","true","n/a","n/a","true","true","true",""
"generated-html","/service-areas/western-sydney-and-nepean/penrith/castlereagh/","n/a","true","0","true","true","n/a","n/a","true","true","true",""
"generated-html","/service-areas/western-sydney-and-nepean/penrith/claremont-meadows/","n/a","true","0","true","true","n/a","n/a","true","true","true",""
"generated-html","/service-areas/western-sydney-and-nepean/penrith/colyton/","n/a","true","0","true","true","n/a","n/a","true","true","true",""
"generated-html","/service-areas/western-sydney-and-nepean/penrith/cranebrook/","n/a","true","0","true","true","n/a","n/a","true","true","true",""
"generated-html","/service-areas/western-sydney-and-nepean/penrith/emu-heights/","n/a","true","0","true","true","n/a","n/a","true","true","true",""
"generated-html","/service-areas/western-sydney-and-nepean/penrith/emu-plains/","n/a","true","0","true","true","n/a","n/a","true","true","true",""
"generated-html","/service-areas/western-sydney-and-nepean/penrith/erskine-park/","n/a","true","0","true","true","n/a","n/a","true","true","true",""
"generated-html","/service-areas/western-sydney-and-nepean/penrith/glenmore-park/","n/a","true","0","true","true","n/a","n/a","true","true","true",""
"generated-html","/service-areas/western-sydney-and-nepean/penrith/","n/a","true","0","true","true","n/a","n/a","true","true","true",""
"generated-html","/service-areas/western-sydney-and-nepean/penrith/jamisontown/","n/a","true","0","true","true","n/a","n/a","true","true","true",""
"generated-html","/service-areas/western-sydney-and-nepean/penrith/jordan-springs/","n/a","true","0","true","true","n/a","n/a","true","true","true",""
"generated-html","/service-areas/western-sydney-and-nepean/penrith/kingswood/","n/a","true","0","true","true","n/a","n/a","true","true","true",""
"generated-html","/service-areas/western-sydney-and-nepean/penrith/leonay/","n/a","true","0","true","true","n/a","n/a","true","true","true",""
"generated-html","/service-areas/western-sydney-and-nepean/penrith/llandilo/","n/a","true","0","true","true","n/a","n/a","true","true","true",""
"generated-html","/service-areas/western-sydney-and-nepean/penrith/londonderry/","n/a","true","0","true","true","n/a","n/a","true","true","true",""
"generated-html","/service-areas/western-sydney-and-nepean/penrith/mount-vernon/","n/a","true","0","true","true","n/a","n/a","true","true","true",""
"generated-html","/service-areas/western-sydney-and-nepean/penrith/mulgoa/","n/a","true","0","true","true","n/a","n/a","true","true","true",""
"generated-html","/service-areas/western-sydney-and-nepean/penrith/north-st-marys/","n/a","true","0","true","true","n/a","n/a","true","true","true",""
"generated-html","/service-areas/western-sydney-and-nepean/penrith/orchard-hills/","n/a","true","0","true","true","n/a","n/a","true","true","true",""
"generated-html","/service-areas/western-sydney-and-nepean/penrith/oxley-park/","n/a","true","0","true","true","n/a","n/a","true","true","true",""
"generated-html","/service-areas/western-sydney-and-nepean/penrith/penrith/","n/a","true","0","true","true","n/a","n/a","true","true","true",""
"generated-html","/service-areas/western-sydney-and-nepean/penrith/regentville/","n/a","true","0","true","true","n/a","n/a","true","true","true",""
"generated-html","/service-areas/western-sydney-and-nepean/penrith/south-penrith/","n/a","true","0","true","true","n/a","n/a","true","true","true",""
"generated-html","/service-areas/western-sydney-and-nepean/penrith/st-clair/","n/a","true","0","true","true","n/a","n/a","true","true","true",""
"generated-html","/service-areas/western-sydney-and-nepean/penrith/st-marys/","n/a","true","0","true","true","n/a","n/a","true","true","true",""
"generated-html","/service-areas/western-sydney-and-nepean/penrith/werrington/","n/a","true","0","true","true","n/a","n/a","true","true","true",""
"generated-html","/service-areas/western-sydney-and-nepean/penrith/werrington-county/","n/a","true","0","true","true","n/a","n/a","true","true","true",""
"generated-html","/service-areas/western-sydney-and-nepean/penrith/werrington-downs/","n/a","true","0","true","true","n/a","n/a","true","true","true",""
"generated-html","/service-areas/wollongong-and-illawarra/","n/a","true","0","true","true","n/a","n/a","true","true","true",""
"generated-html","/service-areas/wollongong-and-illawarra/minnamurra-and-kiama-downs/bombo/","n/a","true","0","true","true","n/a","n/a","true","true","true",""
"generated-html","/service-areas/wollongong-and-illawarra/minnamurra-and-kiama-downs/croom/","n/a","true","0","true","true","n/a","n/a","true","true","true",""
"generated-html","/service-areas/wollongong-and-illawarra/minnamurra-and-kiama-downs/","n/a","true","0","true","true","n/a","n/a","true","true","true",""
"generated-html","/service-areas/wollongong-and-illawarra/minnamurra-and-kiama-downs/kiama-downs/","n/a","true","0","true","true","n/a","n/a","true","true","true",""
"generated-html","/service-areas/wollongong-and-illawarra/minnamurra-and-kiama-downs/minnamurra/","n/a","true","0","true","true","n/a","n/a","true","true","true",""
"generated-html","/service-areas/wollongong-and-illawarra/shellharbour/albion-park/","n/a","true","0","true","true","n/a","n/a","true","true","true",""
"generated-html","/service-areas/wollongong-and-illawarra/shellharbour/albion-park-rail/","n/a","true","0","true","true","n/a","n/a","true","true","true",""
"generated-html","/service-areas/wollongong-and-illawarra/shellharbour/barrack-heights/","n/a","true","0","true","true","n/a","n/a","true","true","true",""
"generated-html","/service-areas/wollongong-and-illawarra/shellharbour/barrack-point/","n/a","true","0","true","true","n/a","n/a","true","true","true",""
"generated-html","/service-areas/wollongong-and-illawarra/shellharbour/blackbutt/","n/a","true","0","true","true","n/a","n/a","true","true","true",""
"generated-html","/service-areas/wollongong-and-illawarra/shellharbour/calderwood/","n/a","true","0","true","true","n/a","n/a","true","true","true",""
"generated-html","/service-areas/wollongong-and-illawarra/shellharbour/dunmore/","n/a","true","0","true","true","n/a","n/a","true","true","true",""
"generated-html","/service-areas/wollongong-and-illawarra/shellharbour/flinders/","n/a","true","0","true","true","n/a","n/a","true","true","true",""
"generated-html","/service-areas/wollongong-and-illawarra/shellharbour/","n/a","true","0","true","true","n/a","n/a","true","true","true",""
"generated-html","/service-areas/wollongong-and-illawarra/shellharbour/lake-illawarra/","n/a","true","0","true","true","n/a","n/a","true","true","true",""
"generated-html","/service-areas/wollongong-and-illawarra/shellharbour/mount-warrigal/","n/a","true","0","true","true","n/a","n/a","true","true","true",""
"generated-html","/service-areas/wollongong-and-illawarra/shellharbour/north-macquarie/","n/a","true","0","true","true","n/a","n/a","true","true","true",""
"generated-html","/service-areas/wollongong-and-illawarra/shellharbour/oak-flats/","n/a","true","0","true","true","n/a","n/a","true","true","true",""
"generated-html","/service-areas/wollongong-and-illawarra/shellharbour/shell-cove/","n/a","true","0","true","true","n/a","n/a","true","true","true",""
"generated-html","/service-areas/wollongong-and-illawarra/shellharbour/shellharbour/","n/a","true","0","true","true","n/a","n/a","true","true","true",""
"generated-html","/service-areas/wollongong-and-illawarra/shellharbour/shellharbour-city-centre/","n/a","true","0","true","true","n/a","n/a","true","true","true",""
"generated-html","/service-areas/wollongong-and-illawarra/shellharbour/tullimbar/","n/a","true","0","true","true","n/a","n/a","true","true","true",""
"generated-html","/service-areas/wollongong-and-illawarra/shellharbour/warilla/","n/a","true","0","true","true","n/a","n/a","true","true","true",""
"generated-html","/service-areas/wollongong-and-illawarra/wollongong/austinmer/","n/a","true","0","true","true","n/a","n/a","true","true","true",""
"generated-html","/service-areas/wollongong-and-illawarra/wollongong/avondale/","n/a","true","0","true","true","n/a","n/a","true","true","true",""
"generated-html","/service-areas/wollongong-and-illawarra/wollongong/balgownie/","n/a","true","0","true","true","n/a","n/a","true","true","true",""
"generated-html","/service-areas/wollongong-and-illawarra/wollongong/bellambi/","n/a","true","0","true","true","n/a","n/a","true","true","true",""
"generated-html","/service-areas/wollongong-and-illawarra/wollongong/berkeley/","n/a","true","0","true","true","n/a","n/a","true","true","true",""
"generated-html","/service-areas/wollongong-and-illawarra/wollongong/brownsville/","n/a","true","0","true","true","n/a","n/a","true","true","true",""
"generated-html","/service-areas/wollongong-and-illawarra/wollongong/bulli/","n/a","true","0","true","true","n/a","n/a","true","true","true",""
"generated-html","/service-areas/wollongong-and-illawarra/wollongong/cleveland/","n/a","true","0","true","true","n/a","n/a","true","true","true",""
"generated-html","/service-areas/wollongong-and-illawarra/wollongong/clifton/","n/a","true","0","true","true","n/a","n/a","true","true","true",""
"generated-html","/service-areas/wollongong-and-illawarra/wollongong/coalcliff/","n/a","true","0","true","true","n/a","n/a","true","true","true",""
"generated-html","/service-areas/wollongong-and-illawarra/wollongong/coledale/","n/a","true","0","true","true","n/a","n/a","true","true","true",""
"generated-html","/service-areas/wollongong-and-illawarra/wollongong/coniston/","n/a","true","0","true","true","n/a","n/a","true","true","true",""
"generated-html","/service-areas/wollongong-and-illawarra/wollongong/cordeaux-heights/","n/a","true","0","true","true","n/a","n/a","true","true","true",""
"generated-html","/service-areas/wollongong-and-illawarra/wollongong/corrimal/","n/a","true","0","true","true","n/a","n/a","true","true","true",""
"generated-html","/service-areas/wollongong-and-illawarra/wollongong/cringila/","n/a","true","0","true","true","n/a","n/a","true","true","true",""
"generated-html","/service-areas/wollongong-and-illawarra/wollongong/dapto/","n/a","true","0","true","true","n/a","n/a","true","true","true",""
"generated-html","/service-areas/wollongong-and-illawarra/wollongong/darkes-forest/","n/a","true","0","true","true","n/a","n/a","true","true","true",""
"generated-html","/service-areas/wollongong-and-illawarra/wollongong/dombarton/","n/a","true","0","true","true","n/a","n/a","true","true","true",""
"generated-html","/service-areas/wollongong-and-illawarra/wollongong/east-corrimal/","n/a","true","0","true","true","n/a","n/a","true","true","true",""
"generated-html","/service-areas/wollongong-and-illawarra/wollongong/fairy-meadow/","n/a","true","0","true","true","n/a","n/a","true","true","true",""
"generated-html","/service-areas/wollongong-and-illawarra/wollongong/farmborough-heights/","n/a","true","0","true","true","n/a","n/a","true","true","true",""
"generated-html","/service-areas/wollongong-and-illawarra/wollongong/fernhill/","n/a","true","0","true","true","n/a","n/a","true","true","true",""
"generated-html","/service-areas/wollongong-and-illawarra/wollongong/figtree/","n/a","true","0","true","true","n/a","n/a","true","true","true",""
"generated-html","/service-areas/wollongong-and-illawarra/wollongong/gwynneville/","n/a","true","0","true","true","n/a","n/a","true","true","true",""
"generated-html","/service-areas/wollongong-and-illawarra/wollongong/haywards-bay/","n/a","true","0","true","true","n/a","n/a","true","true","true",""
"generated-html","/service-areas/wollongong-and-illawarra/wollongong/helensburgh/","n/a","true","0","true","true","n/a","n/a","true","true","true",""
"generated-html","/service-areas/wollongong-and-illawarra/wollongong/horsley/","n/a","true","0","true","true","n/a","n/a","true","true","true",""
"generated-html","/service-areas/wollongong-and-illawarra/wollongong/huntley/","n/a","true","0","true","true","n/a","n/a","true","true","true",""
"generated-html","/service-areas/wollongong-and-illawarra/wollongong/","n/a","true","0","true","true","n/a","n/a","true","true","true",""
"generated-html","/service-areas/wollongong-and-illawarra/wollongong/kanahooka/","n/a","true","0","true","true","n/a","n/a","true","true","true",""
"generated-html","/service-areas/wollongong-and-illawarra/wollongong/keiraville/","n/a","true","0","true","true","n/a","n/a","true","true","true",""
"generated-html","/service-areas/wollongong-and-illawarra/wollongong/kembla-grange/","n/a","true","0","true","true","n/a","n/a","true","true","true",""
"generated-html","/service-areas/wollongong-and-illawarra/wollongong/kembla-heights/","n/a","true","0","true","true","n/a","n/a","true","true","true",""
"generated-html","/service-areas/wollongong-and-illawarra/wollongong/koonawarra/","n/a","true","0","true","true","n/a","n/a","true","true","true",""
"generated-html","/service-areas/wollongong-and-illawarra/wollongong/lake-heights/","n/a","true","0","true","true","n/a","n/a","true","true","true",""
"generated-html","/service-areas/wollongong-and-illawarra/wollongong/lilyvale/","n/a","true","0","true","true","n/a","n/a","true","true","true",""
"generated-html","/service-areas/wollongong-and-illawarra/wollongong/maddens-plains/","n/a","true","0","true","true","n/a","n/a","true","true","true",""
"generated-html","/service-areas/wollongong-and-illawarra/wollongong/mangerton/","n/a","true","0","true","true","n/a","n/a","true","true","true",""
"generated-html","/service-areas/wollongong-and-illawarra/wollongong/marshall-mount/","n/a","true","0","true","true","n/a","n/a","true","true","true",""
"generated-html","/service-areas/wollongong-and-illawarra/wollongong/mount-keira/","n/a","true","0","true","true","n/a","n/a","true","true","true",""
"generated-html","/service-areas/wollongong-and-illawarra/wollongong/mount-kembla/","n/a","true","0","true","true","n/a","n/a","true","true","true",""
"generated-html","/service-areas/wollongong-and-illawarra/wollongong/mount-ousley/","n/a","true","0","true","true","n/a","n/a","true","true","true",""
"generated-html","/service-areas/wollongong-and-illawarra/wollongong/mount-pleasant/","n/a","true","0","true","true","n/a","n/a","true","true","true",""
"generated-html","/service-areas/wollongong-and-illawarra/wollongong/mount-saint-thomas/","n/a","true","0","true","true","n/a","n/a","true","true","true",""
"generated-html","/service-areas/wollongong-and-illawarra/wollongong/north-wollongong/","n/a","true","0","true","true","n/a","n/a","true","true","true",""
"generated-html","/service-areas/wollongong-and-illawarra/wollongong/otford/","n/a","true","0","true","true","n/a","n/a","true","true","true",""
"generated-html","/service-areas/wollongong-and-illawarra/wollongong/port-kembla/","n/a","true","0","true","true","n/a","n/a","true","true","true",""
"generated-html","/service-areas/wollongong-and-illawarra/wollongong/primbee/","n/a","true","0","true","true","n/a","n/a","true","true","true",""
"generated-html","/service-areas/wollongong-and-illawarra/wollongong/russell-vale/","n/a","true","0","true","true","n/a","n/a","true","true","true",""
"generated-html","/service-areas/wollongong-and-illawarra/wollongong/scarborough/","n/a","true","0","true","true","n/a","n/a","true","true","true",""
"generated-html","/service-areas/wollongong-and-illawarra/wollongong/stanwell-park/","n/a","true","0","true","true","n/a","n/a","true","true","true",""
"generated-html","/service-areas/wollongong-and-illawarra/wollongong/stanwell-tops/","n/a","true","0","true","true","n/a","n/a","true","true","true",""
"generated-html","/service-areas/wollongong-and-illawarra/wollongong/tarrawanna/","n/a","true","0","true","true","n/a","n/a","true","true","true",""
"generated-html","/service-areas/wollongong-and-illawarra/wollongong/thirroul/","n/a","true","0","true","true","n/a","n/a","true","true","true",""
"generated-html","/service-areas/wollongong-and-illawarra/wollongong/towradgi/","n/a","true","0","true","true","n/a","n/a","true","true","true",""
"generated-html","/service-areas/wollongong-and-illawarra/wollongong/unanderra/","n/a","true","0","true","true","n/a","n/a","true","true","true",""
"generated-html","/service-areas/wollongong-and-illawarra/wollongong/warrawong/","n/a","true","0","true","true","n/a","n/a","true","true","true",""
"generated-html","/service-areas/wollongong-and-illawarra/wollongong/west-wollongong/","n/a","true","0","true","true","n/a","n/a","true","true","true",""
"generated-html","/service-areas/wollongong-and-illawarra/wollongong/windang/","n/a","true","0","true","true","n/a","n/a","true","true","true",""
"generated-html","/service-areas/wollongong-and-illawarra/wollongong/wollongong/","n/a","true","0","true","true","n/a","n/a","true","true","true",""
"generated-html","/service-areas/wollongong-and-illawarra/wollongong/wombarra/","n/a","true","0","true","true","n/a","n/a","true","true","true",""
"generated-html","/service-areas/wollongong-and-illawarra/wollongong/wongawilli/","n/a","true","0","true","true","n/a","n/a","true","true","true",""
"generated-html","/service-areas/wollongong-and-illawarra/wollongong/woonona/","n/a","true","0","true","true","n/a","n/a","true","true","true",""
"generated-html","/service-areas/wollongong-and-illawarra/wollongong/yallah/","n/a","true","0","true","true","n/a","n/a","true","true","true",""
"generated-html","/services/appliance-installation-electrician-sydney/","n/a","true","0","true","true","n/a","n/a","true","true","true",""
"generated-html","/services/cctv-security-camera-installation-sydney/","n/a","true","0","true","true","n/a","n/a","true","true","true",""
"generated-html","/services/ceiling-fan-installation-sydney/","n/a","true","0","true","true","n/a","n/a","true","true","true",""
"generated-html","/services/circuit-breaker-electrician-sydney/","n/a","true","0","true","true","n/a","n/a","true","true","true",""
"generated-html","/services/commercial-electrician-sydney/","n/a","true","0","true","true","n/a","n/a","true","true","true",""
"generated-html","/services/consumer-mains-sydney/","n/a","true","0","true","true","n/a","n/a","true","true","true",""
"generated-html","/services/data-cabling-electrician-sydney/","n/a","true","0","true","true","n/a","n/a","true","true","true",""
"generated-html","/services/defect-notice-repairs-sydney/","n/a","true","0","true","true","n/a","n/a","true","true","true",""
"generated-html","/services/disconnect-reconnect-electrician-sydney/","n/a","true","0","true","true","n/a","n/a","true","true","true",""
"generated-html","/services/electric-shock-electrician-sydney/","n/a","true","0","true","true","n/a","n/a","true","true","true",""
"generated-html","/services/electrical-fault-finding-sydney/","n/a","true","0","true","true","n/a","n/a","true","true","true",""
"generated-html","/services/electrical-load-capacity-checks-sydney/","n/a","true","0","true","true","n/a","n/a","true","true","true",""
"generated-html","/services/electrical-safety-inspection-sydney/","n/a","true","0","true","true","n/a","n/a","true","true","true",""
"generated-html","/services/electrical-testing-tagging-reports-sydney/","n/a","true","0","true","true","n/a","n/a","true","true","true",""
"generated-html","/services/emergency-exit-lighting-sydney/","n/a","true","0","true","true","n/a","n/a","true","true","true",""
"generated-html","/services/ev-charger-installation-sydney/","n/a","true","0","true","true","n/a","n/a","true","true","true",""
"generated-html","/services/hot-power-point-electrician-sydney/","n/a","true","0","true","true","n/a","n/a","true","true","true",""
"generated-html","/services/hot-water-system-electrician-sydney/","n/a","true","0","true","true","n/a","n/a","true","true","true",""
"generated-html","/services/","n/a","true","0","true","true","n/a","n/a","true","true","true",""
"generated-html","/services/intercom-access-control-electrician-sydney/","n/a","true","0","true","true","n/a","n/a","true","true","true",""
"generated-html","/services/intercom-installation-sydney/","n/a","true","0","true","true","n/a","n/a","true","true","true",""
"generated-html","/services/lighting-electrician-sydney/","n/a","true","0","true","true","n/a","n/a","true","true","true",""
"generated-html","/services/metering-services-sydney/","n/a","true","0","true","true","n/a","n/a","true","true","true",""
"generated-html","/services/new-build-renovation-electrician-sydney/","n/a","true","0","true","true","n/a","n/a","true","true","true",""
"generated-html","/services/overhead-service-lines-sydney/","n/a","true","0","true","true","n/a","n/a","true","true","true",""
"generated-html","/services/phone-line-electrician-sydney/","n/a","true","0","true","true","n/a","n/a","true","true","true",""
"generated-html","/services/point-of-attachment-repairs-sydney/","n/a","true","0","true","true","n/a","n/a","true","true","true",""
"generated-html","/services/power-point-installation-sydney/","n/a","true","0","true","true","n/a","n/a","true","true","true",""
"generated-html","/services/private-power-pole-sydney/","n/a","true","0","true","true","n/a","n/a","true","true","true",""
"generated-html","/services/rcd-safety-switch-repairs-sydney/","n/a","true","0","true","true","n/a","n/a","true","true","true",""
"generated-html","/services/residential-electrician-sydney/","n/a","true","0","true","true","n/a","n/a","true","true","true",""
"generated-html","/services/rewiring-electrician-sydney/","n/a","true","0","true","true","n/a","n/a","true","true","true",""
"generated-html","/services/safety-switch-rcd-installation-sydney/","n/a","true","0","true","true","n/a","n/a","true","true","true",""
"generated-html","/services/smart-home-electrician-sydney/","n/a","true","0","true","true","n/a","n/a","true","true","true",""
"generated-html","/services/smart-meter-electrician-sydney/","n/a","true","0","true","true","n/a","n/a","true","true","true",""
"generated-html","/services/smoke-alarm-electrician-sydney/","n/a","true","0","true","true","n/a","n/a","true","true","true",""
"generated-html","/services/split-system-air-conditioning-sydney/","n/a","true","0","true","true","n/a","n/a","true","true","true",""
"generated-html","/services/storm-damage-electrician-sydney/","n/a","true","0","true","true","n/a","n/a","true","true","true",""
"generated-html","/services/surge-protection-electrician-sydney/","n/a","true","0","true","true","n/a","n/a","true","true","true",""
"generated-html","/services/switchboard-upgrades-sydney/","n/a","true","0","true","true","n/a","n/a","true","true","true",""
"generated-html","/services/testing-and-tagging-sydney/","n/a","true","0","true","true","n/a","n/a","true","true","true",""
"generated-html","/services/three-phase-power-sydney/","n/a","true","0","true","true","n/a","n/a","true","true","true",""
"generated-html","/services/tv-antenna-wall-cabling-sydney/","n/a","true","0","true","true","n/a","n/a","true","true","true",""
"generated-html","/services/tv-points-antenna-electrician-sydney/","n/a","true","0","true","true","n/a","n/a","true","true","true",""
"generated-html","/services/underground-service-mains-sydney/","n/a","true","0","true","true","n/a","n/a","true","true","true",""
"generated-html","/terms/","n/a","true","0","true","true","n/a","n/a","true","true","true",""
"generated-html","/_not-found/","n/a","true","0","true","true","n/a","n/a","true","true","true",""
"browser","/","390x844","true","0","true","true","true","true","true","true","true",""
"browser","/about/","390x844","true","0","true","true","true","true","true","true","true",""
"browser","/contact/","390x844","true","0","true","true","true","true","true","true","true",""
"browser","/emergency-electrician-sydney/","390x844","true","0","true","true","true","true","true","true","true",""
"browser","/level-2-electrician-sydney/","390x844","true","0","true","true","true","true","true","true","true",""
"browser","/services/","390x844","true","0","true","true","true","true","true","true","true",""
"browser","/services/hot-water-system-electrician-sydney/","390x844","true","0","true","true","true","true","true","true","true",""
"browser","/services/split-system-air-conditioning-sydney/","390x844","true","0","true","true","true","true","true","true","true",""
"browser","/services/consumer-mains-sydney/","390x844","true","0","true","true","true","true","true","true","true",""
"browser","/services/defect-notice-repairs-sydney/","390x844","true","0","true","true","true","true","true","true","true",""
"browser","/services/point-of-attachment-repairs-sydney/","390x844","true","0","true","true","true","true","true","true","true",""
"browser","/services/switchboard-upgrades-sydney/","390x844","true","0","true","true","true","true","true","true","true",""
"browser","/service-areas/","390x844","true","0","true","true","true","true","true","true","true",""
"browser","/service-areas/canterbury-bankstown-and-inner-south-west/canterbury-bankstown/panania/","390x844","true","0","true","true","true","true","true","true","true",""
"browser","/service-areas/sydney-city-and-eastern-suburbs/randwick/coogee/","390x844","true","0","true","true","true","true","true","true","true",""
"browser","/privacy-policy/","390x844","true","0","true","true","true","true","true","true","true",""
"browser","/terms/","390x844","true","0","true","true","true","true","true","true","true",""
"browser","/","430x932","true","0","true","true","true","true","true","true","true",""
"browser","/about/","430x932","true","0","true","true","true","true","true","true","true",""
"browser","/contact/","430x932","true","0","true","true","true","true","true","true","true",""
"browser","/emergency-electrician-sydney/","430x932","true","0","true","true","true","true","true","true","true",""
"browser","/level-2-electrician-sydney/","430x932","true","0","true","true","true","true","true","true","true",""
"browser","/services/","430x932","true","0","true","true","true","true","true","true","true",""
"browser","/services/hot-water-system-electrician-sydney/","430x932","true","0","true","true","true","true","true","true","true",""
"browser","/services/split-system-air-conditioning-sydney/","430x932","true","0","true","true","true","true","true","true","true",""
"browser","/services/consumer-mains-sydney/","430x932","true","0","true","true","true","true","true","true","true",""
"browser","/services/defect-notice-repairs-sydney/","430x932","true","0","true","true","true","true","true","true","true",""
"browser","/services/point-of-attachment-repairs-sydney/","430x932","true","0","true","true","true","true","true","true","true",""
"browser","/services/switchboard-upgrades-sydney/","430x932","true","0","true","true","true","true","true","true","true",""
"browser","/service-areas/","430x932","true","0","true","true","true","true","true","true","true",""
"browser","/service-areas/canterbury-bankstown-and-inner-south-west/canterbury-bankstown/panania/","430x932","true","0","true","true","true","true","true","true","true",""
"browser","/service-areas/sydney-city-and-eastern-suburbs/randwick/coogee/","430x932","true","0","true","true","true","true","true","true","true",""
"browser","/privacy-policy/","430x932","true","0","true","true","true","true","true","true","true",""
"browser","/terms/","430x932","true","0","true","true","true","true","true","true","true",""
"browser","/","768x1024","true","0","true","true","true","n/a","true","true","true",""
"browser","/about/","768x1024","true","0","true","true","true","n/a","true","true","true",""
"browser","/contact/","768x1024","true","0","true","true","true","n/a","true","true","true",""
"browser","/emergency-electrician-sydney/","768x1024","true","0","true","true","true","n/a","true","true","true",""
"browser","/level-2-electrician-sydney/","768x1024","true","0","true","true","true","n/a","true","true","true",""
"browser","/services/","768x1024","true","0","true","true","true","n/a","true","true","true",""
"browser","/services/hot-water-system-electrician-sydney/","768x1024","true","0","true","true","true","n/a","true","true","true",""
"browser","/services/split-system-air-conditioning-sydney/","768x1024","true","0","true","true","true","n/a","true","true","true",""
"browser","/services/consumer-mains-sydney/","768x1024","true","0","true","true","true","n/a","true","true","true",""
"browser","/services/defect-notice-repairs-sydney/","768x1024","true","0","true","true","true","n/a","true","true","true",""
"browser","/services/point-of-attachment-repairs-sydney/","768x1024","true","0","true","true","true","n/a","true","true","true",""
"browser","/services/switchboard-upgrades-sydney/","768x1024","true","0","true","true","true","n/a","true","true","true",""
"browser","/service-areas/","768x1024","true","0","true","true","true","n/a","true","true","true",""
"browser","/service-areas/canterbury-bankstown-and-inner-south-west/canterbury-bankstown/panania/","768x1024","true","0","true","true","true","n/a","true","true","true",""
"browser","/service-areas/sydney-city-and-eastern-suburbs/randwick/coogee/","768x1024","true","0","true","true","true","n/a","true","true","true",""
"browser","/privacy-policy/","768x1024","true","0","true","true","true","n/a","true","true","true",""
"browser","/terms/","768x1024","true","0","true","true","true","n/a","true","true","true",""
"browser","/","1366x768","true","0","true","true","true","n/a","true","true","true",""
"browser","/about/","1366x768","true","0","true","true","true","n/a","true","true","true",""
"browser","/contact/","1366x768","true","0","true","true","true","n/a","true","true","true",""
"browser","/emergency-electrician-sydney/","1366x768","true","0","true","true","true","n/a","true","true","true",""
"browser","/level-2-electrician-sydney/","1366x768","true","0","true","true","true","n/a","true","true","true",""
"browser","/services/","1366x768","true","0","true","true","true","n/a","true","true","true",""
"browser","/services/hot-water-system-electrician-sydney/","1366x768","true","0","true","true","true","n/a","true","true","true",""
"browser","/services/split-system-air-conditioning-sydney/","1366x768","true","0","true","true","true","n/a","true","true","true",""
"browser","/services/consumer-mains-sydney/","1366x768","true","0","true","true","true","n/a","true","true","true",""
"browser","/services/defect-notice-repairs-sydney/","1366x768","true","0","true","true","true","n/a","true","true","true",""
"browser","/services/point-of-attachment-repairs-sydney/","1366x768","true","0","true","true","true","n/a","true","true","true",""
"browser","/services/switchboard-upgrades-sydney/","1366x768","true","0","true","true","true","n/a","true","true","true",""
"browser","/service-areas/","1366x768","true","0","true","true","true","n/a","true","true","true",""
"browser","/service-areas/canterbury-bankstown-and-inner-south-west/canterbury-bankstown/panania/","1366x768","true","0","true","true","true","n/a","true","true","true",""
"browser","/service-areas/sydney-city-and-eastern-suburbs/randwick/coogee/","1366x768","true","0","true","true","true","n/a","true","true","true",""
"browser","/privacy-policy/","1366x768","true","0","true","true","true","n/a","true","true","true",""
"browser","/terms/","1366x768","true","0","true","true","true","n/a","true","true","true",""
"browser","/","1920x1080","true","0","true","true","true","n/a","true","true","true",""
"browser","/about/","1920x1080","true","0","true","true","true","n/a","true","true","true",""
"browser","/contact/","1920x1080","true","0","true","true","true","n/a","true","true","true",""
"browser","/emergency-electrician-sydney/","1920x1080","true","0","true","true","true","n/a","true","true","true",""
"browser","/level-2-electrician-sydney/","1920x1080","true","0","true","true","true","n/a","true","true","true",""
"browser","/services/","1920x1080","true","0","true","true","true","n/a","true","true","true",""
"browser","/services/hot-water-system-electrician-sydney/","1920x1080","true","0","true","true","true","n/a","true","true","true",""
"browser","/services/split-system-air-conditioning-sydney/","1920x1080","true","0","true","true","true","n/a","true","true","true",""
"browser","/services/consumer-mains-sydney/","1920x1080","true","0","true","true","true","n/a","true","true","true",""
"browser","/services/defect-notice-repairs-sydney/","1920x1080","true","0","true","true","true","n/a","true","true","true",""
"browser","/services/point-of-attachment-repairs-sydney/","1920x1080","true","0","true","true","true","n/a","true","true","true",""
"browser","/services/switchboard-upgrades-sydney/","1920x1080","true","0","true","true","true","n/a","true","true","true",""
"browser","/service-areas/","1920x1080","true","0","true","true","true","n/a","true","true","true",""
"browser","/service-areas/canterbury-bankstown-and-inner-south-west/canterbury-bankstown/panania/","1920x1080","true","0","true","true","true","n/a","true","true","true",""
"browser","/service-areas/sydney-city-and-eastern-suburbs/randwick/coogee/","1920x1080","true","0","true","true","true","n/a","true","true","true",""
"browser","/privacy-policy/","1920x1080","true","0","true","true","true","n/a","true","true","true",""
"browser","/terms/","1920x1080","true","0","true","true","true","n/a","true","true","true",""