browser,page,viewport,viewportType,httpStatus,cssLoaded,logoVisible,headerFits,callNowVisible,callNowClipped,getQuoteVisible,getQuoteClipped,navVisible,navClipped,menuVisible,menuClipped,noHorizontalScroll,marqueeFits,heroContentSafe,heroImageSafe,cardsDoNotClip,stickyCtaOk,footerReadable,scrollWidth,clientWidth,h1Text,screenshot,result,notes
Chromium,/,1024x768,desktop/laptop,200,true,true,true,true,false,true,false,false,false,true,false,true,true,true,true,true,true,true,1024,1024,Emergency electrical fault? Call now — 0461 247 247,reports/header-responsive-screenshots/chromium-home-1024x768-key.png,PASS,
Chromium,/emergency-electrician-sydney/,1024x768,desktop/laptop,200,true,true,true,true,false,true,false,false,false,true,false,true,true,true,true,true,true,true,1024,1024,Emergency electrical fault? Call now — 0461 247 247,,PASS,
Chromium,/level-2-electrician-sydney/,1024x768,desktop/laptop,200,true,true,true,true,false,true,false,false,false,true,false,true,true,true,true,true,true,true,1024,1024,Level 2 Electrician Sydney & Surrounding Regions,,PASS,
Chromium,/services/,1024x768,desktop/laptop,200,true,true,true,true,false,true,false,false,false,true,false,true,true,true,true,true,true,true,1024,1024,Electrical Services Sydney & Surrounding Regions,,PASS,
Chromium,/services/consumer-mains-sydney/,1024x768,desktop/laptop,200,true,true,true,true,false,true,false,false,false,true,false,true,true,true,true,true,true,true,1024,1024,Consumer Mains Electrician Sydney & Surrounding Regions,,PASS,
Chromium,/services/defect-notice-repairs-sydney/,1024x768,desktop/laptop,200,true,true,true,true,false,true,false,false,false,true,false,true,true,true,true,true,true,true,1024,1024,Electrical Defect Notice Repairs Sydney & Surrounding Regions,,PASS,
Chromium,/services/point-of-attachment-repairs-sydney/,1024x768,desktop/laptop,200,true,true,true,true,false,true,false,false,false,true,false,true,true,true,true,true,true,true,1024,1024,Point of Attachment Repairs Sydney & Surrounding Regions,,PASS,
Chromium,/services/switchboard-upgrades-sydney/,1024x768,desktop/laptop,200,true,true,true,true,false,true,false,false,false,true,false,true,true,true,true,true,true,true,1024,1024,Switchboard Upgrades Sydney & Surrounding Regions,,PASS,
Chromium,/service-areas/,1024x768,desktop/laptop,200,true,true,true,true,false,true,false,false,false,true,false,true,true,true,true,true,true,true,1024,1024,Electricians Across Sydney & Surrounding Regions,,PASS,
Chromium,/service-areas/canterbury-bankstown-and-inner-south-west/canterbury-bankstown/panania/,1024x768,desktop/laptop,200,true,true,true,true,false,true,false,false,false,true,false,true,true,true,true,true,true,true,1024,1024,Electrician Panania 2213,,PASS,
Chromium,/service-areas/sydney-city-and-eastern-suburbs/randwick/coogee/,1024x768,desktop/laptop,200,true,true,true,true,false,true,false,false,false,true,false,true,true,true,true,true,true,true,1024,1024,Electrician Coogee 2034,,PASS,
Chromium,/privacy-policy/,1024x768,desktop/laptop,200,true,true,true,true,false,true,false,false,false,true,false,true,true,true,true,true,true,true,1024,1024,Privacy Policy,,PASS,
Chromium,/terms/,1024x768,desktop/laptop,200,true,true,true,true,false,true,false,false,false,true,false,true,true,true,true,true,true,true,1024,1024,Terms of Use,,PASS,
Chromium,/,1180x820,desktop/laptop,200,true,true,true,true,false,true,false,false,false,true,false,true,true,true,true,true,true,true,1180,1180,Emergency electrical fault? Call now — 0461 247 247,,PASS,
Chromium,/emergency-electrician-sydney/,1180x820,desktop/laptop,200,true,true,true,true,false,true,false,false,false,true,false,true,true,true,true,true,true,true,1180,1180,Emergency electrical fault? Call now — 0461 247 247,,PASS,
Chromium,/level-2-electrician-sydney/,1180x820,desktop/laptop,200,true,true,true,true,false,true,false,false,false,true,false,true,true,true,true,true,true,true,1180,1180,Level 2 Electrician Sydney & Surrounding Regions,,PASS,
Chromium,/services/,1180x820,desktop/laptop,200,true,true,true,true,false,true,false,false,false,true,false,true,true,true,true,true,true,true,1180,1180,Electrical Services Sydney & Surrounding Regions,,PASS,
Chromium,/services/consumer-mains-sydney/,1180x820,desktop/laptop,200,true,true,true,true,false,true,false,false,false,true,false,true,true,true,true,true,true,true,1180,1180,Consumer Mains Electrician Sydney & Surrounding Regions,,PASS,
Chromium,/services/defect-notice-repairs-sydney/,1180x820,desktop/laptop,200,true,true,true,true,false,true,false,false,false,true,false,true,true,true,true,true,true,true,1180,1180,Electrical Defect Notice Repairs Sydney & Surrounding Regions,,PASS,
Chromium,/services/point-of-attachment-repairs-sydney/,1180x820,desktop/laptop,200,true,true,true,true,false,true,false,false,false,true,false,true,true,true,true,true,true,true,1180,1180,Point of Attachment Repairs Sydney & Surrounding Regions,,PASS,
Chromium,/services/switchboard-upgrades-sydney/,1180x820,desktop/laptop,200,true,true,true,true,false,true,false,false,false,true,false,true,true,true,true,true,true,true,1180,1180,Switchboard Upgrades Sydney & Surrounding Regions,,PASS,
Chromium,/service-areas/,1180x820,desktop/laptop,200,true,true,true,true,false,true,false,false,false,true,false,true,true,true,true,true,true,true,1180,1180,Electricians Across Sydney & Surrounding Regions,,PASS,
Chromium,/service-areas/canterbury-bankstown-and-inner-south-west/canterbury-bankstown/panania/,1180x820,desktop/laptop,200,true,true,true,true,false,true,false,false,false,true,false,true,true,true,true,true,true,true,1180,1180,Electrician Panania 2213,,PASS,
Chromium,/service-areas/sydney-city-and-eastern-suburbs/randwick/coogee/,1180x820,desktop/laptop,200,true,true,true,true,false,true,false,false,false,true,false,true,true,true,true,true,true,true,1180,1180,Electrician Coogee 2034,,PASS,
Chromium,/privacy-policy/,1180x820,desktop/laptop,200,true,true,true,true,false,true,false,false,false,true,false,true,true,true,true,true,true,true,1180,1180,Privacy Policy,,PASS,
Chromium,/terms/,1180x820,desktop/laptop,200,true,true,true,true,false,true,false,false,false,true,false,true,true,true,true,true,true,true,1180,1180,Terms of Use,,PASS,
Chromium,/,1280x720,desktop/laptop,200,true,true,true,true,false,true,false,false,false,true,false,true,true,true,true,true,true,true,1280,1280,Emergency electrical fault? Call now — 0461 247 247,,PASS,
Chromium,/emergency-electrician-sydney/,1280x720,desktop/laptop,200,true,true,true,true,false,true,false,false,false,true,false,true,true,true,true,true,true,true,1280,1280,Emergency electrical fault? Call now — 0461 247 247,,PASS,
Chromium,/level-2-electrician-sydney/,1280x720,desktop/laptop,200,true,true,true,true,false,true,false,false,false,true,false,true,true,true,true,true,true,true,1280,1280,Level 2 Electrician Sydney & Surrounding Regions,,PASS,
Chromium,/services/,1280x720,desktop/laptop,200,true,true,true,true,false,true,false,false,false,true,false,true,true,true,true,true,true,true,1280,1280,Electrical Services Sydney & Surrounding Regions,,PASS,
Chromium,/services/consumer-mains-sydney/,1280x720,desktop/laptop,200,true,true,true,true,false,true,false,false,false,true,false,true,true,true,true,true,true,true,1280,1280,Consumer Mains Electrician Sydney & Surrounding Regions,,PASS,
Chromium,/services/defect-notice-repairs-sydney/,1280x720,desktop/laptop,200,true,true,true,true,false,true,false,false,false,true,false,true,true,true,true,true,true,true,1280,1280,Electrical Defect Notice Repairs Sydney & Surrounding Regions,,PASS,
Chromium,/services/point-of-attachment-repairs-sydney/,1280x720,desktop/laptop,200,true,true,true,true,false,true,false,false,false,true,false,true,true,true,true,true,true,true,1280,1280,Point of Attachment Repairs Sydney & Surrounding Regions,,PASS,
Chromium,/services/switchboard-upgrades-sydney/,1280x720,desktop/laptop,200,true,true,true,true,false,true,false,false,false,true,false,true,true,true,true,true,true,true,1280,1280,Switchboard Upgrades Sydney & Surrounding Regions,,PASS,
Chromium,/service-areas/,1280x720,desktop/laptop,200,true,true,true,true,false,true,false,false,false,true,false,true,true,true,true,true,true,true,1280,1280,Electricians Across Sydney & Surrounding Regions,,PASS,
Chromium,/service-areas/canterbury-bankstown-and-inner-south-west/canterbury-bankstown/panania/,1280x720,desktop/laptop,200,true,true,true,true,false,true,false,false,false,true,false,true,true,true,true,true,true,true,1280,1280,Electrician Panania 2213,,PASS,
Chromium,/service-areas/sydney-city-and-eastern-suburbs/randwick/coogee/,1280x720,desktop/laptop,200,true,true,true,true,false,true,false,false,false,true,false,true,true,true,true,true,true,true,1280,1280,Electrician Coogee 2034,,PASS,
Chromium,/privacy-policy/,1280x720,desktop/laptop,200,true,true,true,true,false,true,false,false,false,true,false,true,true,true,true,true,true,true,1280,1280,Privacy Policy,,PASS,
Chromium,/terms/,1280x720,desktop/laptop,200,true,true,true,true,false,true,false,false,false,true,false,true,true,true,true,true,true,true,1280,1280,Terms of Use,,PASS,
Chromium,/,1366x768,desktop/laptop,200,true,true,true,true,false,true,false,false,false,true,false,true,true,true,true,true,true,true,1366,1366,Emergency electrical fault? Call now — 0461 247 247,reports/header-responsive-screenshots/chromium-home-1366x768-key.png,PASS,
Chromium,/emergency-electrician-sydney/,1366x768,desktop/laptop,200,true,true,true,true,false,true,false,false,false,true,false,true,true,true,true,true,true,true,1366,1366,Emergency electrical fault? Call now — 0461 247 247,,PASS,
Chromium,/level-2-electrician-sydney/,1366x768,desktop/laptop,200,true,true,true,true,false,true,false,false,false,true,false,true,true,true,true,true,true,true,1366,1366,Level 2 Electrician Sydney & Surrounding Regions,,PASS,
Chromium,/services/,1366x768,desktop/laptop,200,true,true,true,true,false,true,false,false,false,true,false,true,true,true,true,true,true,true,1366,1366,Electrical Services Sydney & Surrounding Regions,,PASS,
Chromium,/services/consumer-mains-sydney/,1366x768,desktop/laptop,200,true,true,true,true,false,true,false,false,false,true,false,true,true,true,true,true,true,true,1366,1366,Consumer Mains Electrician Sydney & Surrounding Regions,,PASS,
Chromium,/services/defect-notice-repairs-sydney/,1366x768,desktop/laptop,200,true,true,true,true,false,true,false,false,false,true,false,true,true,true,true,true,true,true,1366,1366,Electrical Defect Notice Repairs Sydney & Surrounding Regions,,PASS,
Chromium,/services/point-of-attachment-repairs-sydney/,1366x768,desktop/laptop,200,true,true,true,true,false,true,false,false,false,true,false,true,true,true,true,true,true,true,1366,1366,Point of Attachment Repairs Sydney & Surrounding Regions,,PASS,
Chromium,/services/switchboard-upgrades-sydney/,1366x768,desktop/laptop,200,true,true,true,true,false,true,false,false,false,true,false,true,true,true,true,true,true,true,1366,1366,Switchboard Upgrades Sydney & Surrounding Regions,,PASS,
Chromium,/service-areas/,1366x768,desktop/laptop,200,true,true,true,true,false,true,false,false,false,true,false,true,true,true,true,true,true,true,1366,1366,Electricians Across Sydney & Surrounding Regions,,PASS,
Chromium,/service-areas/canterbury-bankstown-and-inner-south-west/canterbury-bankstown/panania/,1366x768,desktop/laptop,200,true,true,true,true,false,true,false,false,false,true,false,true,true,true,true,true,true,true,1366,1366,Electrician Panania 2213,,PASS,
Chromium,/service-areas/sydney-city-and-eastern-suburbs/randwick/coogee/,1366x768,desktop/laptop,200,true,true,true,true,false,true,false,false,false,true,false,true,true,true,true,true,true,true,1366,1366,Electrician Coogee 2034,,PASS,
Chromium,/privacy-policy/,1366x768,desktop/laptop,200,true,true,true,true,false,true,false,false,false,true,false,true,true,true,true,true,true,true,1366,1366,Privacy Policy,,PASS,
Chromium,/terms/,1366x768,desktop/laptop,200,true,true,true,true,false,true,false,false,false,true,false,true,true,true,true,true,true,true,1366,1366,Terms of Use,,PASS,
Chromium,/,1440x900,desktop/laptop,200,true,true,true,true,false,true,false,false,false,true,false,true,true,true,true,true,true,true,1440,1440,Emergency electrical fault? Call now — 0461 247 247,,PASS,
Chromium,/emergency-electrician-sydney/,1440x900,desktop/laptop,200,true,true,true,true,false,true,false,false,false,true,false,true,true,true,true,true,true,true,1440,1440,Emergency electrical fault? Call now — 0461 247 247,,PASS,
Chromium,/level-2-electrician-sydney/,1440x900,desktop/laptop,200,true,true,true,true,false,true,false,false,false,true,false,true,true,true,true,true,true,true,1440,1440,Level 2 Electrician Sydney & Surrounding Regions,,PASS,
Chromium,/services/,1440x900,desktop/laptop,200,true,true,true,true,false,true,false,false,false,true,false,true,true,true,true,true,true,true,1440,1440,Electrical Services Sydney & Surrounding Regions,,PASS,
Chromium,/services/consumer-mains-sydney/,1440x900,desktop/laptop,200,true,true,true,true,false,true,false,false,false,true,false,true,true,true,true,true,true,true,1440,1440,Consumer Mains Electrician Sydney & Surrounding Regions,,PASS,
Chromium,/services/defect-notice-repairs-sydney/,1440x900,desktop/laptop,200,true,true,true,true,false,true,false,false,false,true,false,true,true,true,true,true,true,true,1440,1440,Electrical Defect Notice Repairs Sydney & Surrounding Regions,,PASS,
Chromium,/services/point-of-attachment-repairs-sydney/,1440x900,desktop/laptop,200,true,true,true,true,false,true,false,false,false,true,false,true,true,true,true,true,true,true,1440,1440,Point of Attachment Repairs Sydney & Surrounding Regions,,PASS,
Chromium,/services/switchboard-upgrades-sydney/,1440x900,desktop/laptop,200,true,true,true,true,false,true,false,false,false,true,false,true,true,true,true,true,true,true,1440,1440,Switchboard Upgrades Sydney & Surrounding Regions,,PASS,
Chromium,/service-areas/,1440x900,desktop/laptop,200,true,true,true,true,false,true,false,false,false,true,false,true,true,true,true,true,true,true,1440,1440,Electricians Across Sydney & Surrounding Regions,,PASS,
Chromium,/service-areas/canterbury-bankstown-and-inner-south-west/canterbury-bankstown/panania/,1440x900,desktop/laptop,200,true,true,true,true,false,true,false,false,false,true,false,true,true,true,true,true,true,true,1440,1440,Electrician Panania 2213,,PASS,
Chromium,/service-areas/sydney-city-and-eastern-suburbs/randwick/coogee/,1440x900,desktop/laptop,200,true,true,true,true,false,true,false,false,false,true,false,true,true,true,true,true,true,true,1440,1440,Electrician Coogee 2034,,PASS,
Chromium,/privacy-policy/,1440x900,desktop/laptop,200,true,true,true,true,false,true,false,false,false,true,false,true,true,true,true,true,true,true,1440,1440,Privacy Policy,,PASS,
Chromium,/terms/,1440x900,desktop/laptop,200,true,true,true,true,false,true,false,false,false,true,false,true,true,true,true,true,true,true,1440,1440,Terms of Use,,PASS,
Chromium,/,1536x864,desktop/laptop,200,true,true,true,true,false,true,false,false,false,true,false,true,true,true,true,true,true,true,1536,1536,Emergency electrical fault? Call now — 0461 247 247,,PASS,
Chromium,/emergency-electrician-sydney/,1536x864,desktop/laptop,200,true,true,true,true,false,true,false,false,false,true,false,true,true,true,true,true,true,true,1536,1536,Emergency electrical fault? Call now — 0461 247 247,,PASS,
Chromium,/level-2-electrician-sydney/,1536x864,desktop/laptop,200,true,true,true,true,false,true,false,false,false,true,false,true,true,true,true,true,true,true,1536,1536,Level 2 Electrician Sydney & Surrounding Regions,,PASS,
Chromium,/services/,1536x864,desktop/laptop,200,true,true,true,true,false,true,false,false,false,true,false,true,true,true,true,true,true,true,1536,1536,Electrical Services Sydney & Surrounding Regions,,PASS,
Chromium,/services/consumer-mains-sydney/,1536x864,desktop/laptop,200,true,true,true,true,false,true,false,false,false,true,false,true,true,true,true,true,true,true,1536,1536,Consumer Mains Electrician Sydney & Surrounding Regions,,PASS,
Chromium,/services/defect-notice-repairs-sydney/,1536x864,desktop/laptop,200,true,true,true,true,false,true,false,false,false,true,false,true,true,true,true,true,true,true,1536,1536,Electrical Defect Notice Repairs Sydney & Surrounding Regions,,PASS,
Chromium,/services/point-of-attachment-repairs-sydney/,1536x864,desktop/laptop,200,true,true,true,true,false,true,false,false,false,true,false,true,true,true,true,true,true,true,1536,1536,Point of Attachment Repairs Sydney & Surrounding Regions,,PASS,
Chromium,/services/switchboard-upgrades-sydney/,1536x864,desktop/laptop,200,true,true,true,true,false,true,false,false,false,true,false,true,true,true,true,true,true,true,1536,1536,Switchboard Upgrades Sydney & Surrounding Regions,,PASS,
Chromium,/service-areas/,1536x864,desktop/laptop,200,true,true,true,true,false,true,false,false,false,true,false,true,true,true,true,true,true,true,1536,1536,Electricians Across Sydney & Surrounding Regions,,PASS,
Chromium,/service-areas/canterbury-bankstown-and-inner-south-west/canterbury-bankstown/panania/,1536x864,desktop/laptop,200,true,true,true,true,false,true,false,false,false,true,false,true,true,true,true,true,true,true,1536,1536,Electrician Panania 2213,,PASS,
Chromium,/service-areas/sydney-city-and-eastern-suburbs/randwick/coogee/,1536x864,desktop/laptop,200,true,true,true,true,false,true,false,false,false,true,false,true,true,true,true,true,true,true,1536,1536,Electrician Coogee 2034,,PASS,
Chromium,/privacy-policy/,1536x864,desktop/laptop,200,true,true,true,true,false,true,false,false,false,true,false,true,true,true,true,true,true,true,1536,1536,Privacy Policy,,PASS,
Chromium,/terms/,1536x864,desktop/laptop,200,true,true,true,true,false,true,false,false,false,true,false,true,true,true,true,true,true,true,1536,1536,Terms of Use,,PASS,
Chromium,/,1600x900,desktop/laptop,200,true,true,true,true,false,true,false,true,false,false,false,true,true,true,true,true,true,true,1600,1600,Emergency electrical fault? Call now — 0461 247 247,,PASS,
Chromium,/emergency-electrician-sydney/,1600x900,desktop/laptop,200,true,true,true,true,false,true,false,true,false,false,false,true,true,true,true,true,true,true,1600,1600,Emergency electrical fault? Call now — 0461 247 247,,PASS,
Chromium,/level-2-electrician-sydney/,1600x900,desktop/laptop,200,true,true,true,true,false,true,false,true,false,false,false,true,true,true,true,true,true,true,1600,1600,Level 2 Electrician Sydney & Surrounding Regions,,PASS,
Chromium,/services/,1600x900,desktop/laptop,200,true,true,true,true,false,true,false,true,false,false,false,true,true,true,true,true,true,true,1600,1600,Electrical Services Sydney & Surrounding Regions,,PASS,
Chromium,/services/consumer-mains-sydney/,1600x900,desktop/laptop,200,true,true,true,true,false,true,false,true,false,false,false,true,true,true,true,true,true,true,1600,1600,Consumer Mains Electrician Sydney & Surrounding Regions,,PASS,
Chromium,/services/defect-notice-repairs-sydney/,1600x900,desktop/laptop,200,true,true,true,true,false,true,false,true,false,false,false,true,true,true,true,true,true,true,1600,1600,Electrical Defect Notice Repairs Sydney & Surrounding Regions,,PASS,
Chromium,/services/point-of-attachment-repairs-sydney/,1600x900,desktop/laptop,200,true,true,true,true,false,true,false,true,false,false,false,true,true,true,true,true,true,true,1600,1600,Point of Attachment Repairs Sydney & Surrounding Regions,,PASS,
Chromium,/services/switchboard-upgrades-sydney/,1600x900,desktop/laptop,200,true,true,true,true,false,true,false,true,false,false,false,true,true,true,true,true,true,true,1600,1600,Switchboard Upgrades Sydney & Surrounding Regions,,PASS,
Chromium,/service-areas/,1600x900,desktop/laptop,200,true,true,true,true,false,true,false,true,false,false,false,true,true,true,true,true,true,true,1600,1600,Electricians Across Sydney & Surrounding Regions,,PASS,
Chromium,/service-areas/canterbury-bankstown-and-inner-south-west/canterbury-bankstown/panania/,1600x900,desktop/laptop,200,true,true,true,true,false,true,false,true,false,false,false,true,true,true,true,true,true,true,1600,1600,Electrician Panania 2213,,PASS,
Chromium,/service-areas/sydney-city-and-eastern-suburbs/randwick/coogee/,1600x900,desktop/laptop,200,true,true,true,true,false,true,false,true,false,false,false,true,true,true,true,true,true,true,1600,1600,Electrician Coogee 2034,,PASS,
Chromium,/privacy-policy/,1600x900,desktop/laptop,200,true,true,true,true,false,true,false,true,false,false,false,true,true,true,true,true,true,true,1600,1600,Privacy Policy,,PASS,
Chromium,/terms/,1600x900,desktop/laptop,200,true,true,true,true,false,true,false,true,false,false,false,true,true,true,true,true,true,true,1600,1600,Terms of Use,,PASS,
Chromium,/,1920x1080,desktop/laptop,200,true,true,true,true,false,true,false,true,false,false,false,true,true,true,true,true,true,true,1920,1920,Emergency electrical fault? Call now — 0461 247 247,,PASS,
Chromium,/emergency-electrician-sydney/,1920x1080,desktop/laptop,200,true,true,true,true,false,true,false,true,false,false,false,true,true,true,true,true,true,true,1920,1920,Emergency electrical fault? Call now — 0461 247 247,,PASS,
Chromium,/level-2-electrician-sydney/,1920x1080,desktop/laptop,200,true,true,true,true,false,true,false,true,false,false,false,true,true,true,true,true,true,true,1920,1920,Level 2 Electrician Sydney & Surrounding Regions,,PASS,
Chromium,/services/,1920x1080,desktop/laptop,200,true,true,true,true,false,true,false,true,false,false,false,true,true,true,true,true,true,true,1920,1920,Electrical Services Sydney & Surrounding Regions,,PASS,
Chromium,/services/consumer-mains-sydney/,1920x1080,desktop/laptop,200,true,true,true,true,false,true,false,true,false,false,false,true,true,true,true,true,true,true,1920,1920,Consumer Mains Electrician Sydney & Surrounding Regions,,PASS,
Chromium,/services/defect-notice-repairs-sydney/,1920x1080,desktop/laptop,200,true,true,true,true,false,true,false,true,false,false,false,true,true,true,true,true,true,true,1920,1920,Electrical Defect Notice Repairs Sydney & Surrounding Regions,,PASS,
Chromium,/services/point-of-attachment-repairs-sydney/,1920x1080,desktop/laptop,200,true,true,true,true,false,true,false,true,false,false,false,true,true,true,true,true,true,true,1920,1920,Point of Attachment Repairs Sydney & Surrounding Regions,,PASS,
Chromium,/services/switchboard-upgrades-sydney/,1920x1080,desktop/laptop,200,true,true,true,true,false,true,false,true,false,false,false,true,true,true,true,true,true,true,1920,1920,Switchboard Upgrades Sydney & Surrounding Regions,,PASS,
Chromium,/service-areas/,1920x1080,desktop/laptop,200,true,true,true,true,false,true,false,true,false,false,false,true,true,true,true,true,true,true,1920,1920,Electricians Across Sydney & Surrounding Regions,,PASS,
Chromium,/service-areas/canterbury-bankstown-and-inner-south-west/canterbury-bankstown/panania/,1920x1080,desktop/laptop,200,true,true,true,true,false,true,false,true,false,false,false,true,true,true,true,true,true,true,1920,1920,Electrician Panania 2213,,PASS,
Chromium,/service-areas/sydney-city-and-eastern-suburbs/randwick/coogee/,1920x1080,desktop/laptop,200,true,true,true,true,false,true,false,true,false,false,false,true,true,true,true,true,true,true,1920,1920,Electrician Coogee 2034,,PASS,
Chromium,/privacy-policy/,1920x1080,desktop/laptop,200,true,true,true,true,false,true,false,true,false,false,false,true,true,true,true,true,true,true,1920,1920,Privacy Policy,,PASS,
Chromium,/terms/,1920x1080,desktop/laptop,200,true,true,true,true,false,true,false,true,false,false,false,true,true,true,true,true,true,true,1920,1920,Terms of Use,,PASS,
Chromium,/,768x1024,tablet,200,true,true,true,true,false,true,false,false,false,true,false,true,true,true,true,true,true,true,768,768,Emergency electrical fault? Call now — 0461 247 247,,PASS,
Chromium,/emergency-electrician-sydney/,768x1024,tablet,200,true,true,true,true,false,true,false,false,false,true,false,true,true,true,true,true,true,true,768,768,Emergency electrical fault? Call now — 0461 247 247,,PASS,
Chromium,/level-2-electrician-sydney/,768x1024,tablet,200,true,true,true,true,false,true,false,false,false,true,false,true,true,true,true,true,true,true,768,768,Level 2 Electrician Sydney & Surrounding Regions,,PASS,
Chromium,/services/,768x1024,tablet,200,true,true,true,true,false,true,false,false,false,true,false,true,true,true,true,true,true,true,768,768,Electrical Services Sydney & Surrounding Regions,,PASS,
Chromium,/services/consumer-mains-sydney/,768x1024,tablet,200,true,true,true,true,false,true,false,false,false,true,false,true,true,true,true,true,true,true,768,768,Consumer Mains Electrician Sydney & Surrounding Regions,,PASS,
Chromium,/services/defect-notice-repairs-sydney/,768x1024,tablet,200,true,true,true,true,false,true,false,false,false,true,false,true,true,true,true,true,true,true,768,768,Electrical Defect Notice Repairs Sydney & Surrounding Regions,,PASS,
Chromium,/services/point-of-attachment-repairs-sydney/,768x1024,tablet,200,true,true,true,true,false,true,false,false,false,true,false,true,true,true,true,true,true,true,768,768,Point of Attachment Repairs Sydney & Surrounding Regions,,PASS,
Chromium,/services/switchboard-upgrades-sydney/,768x1024,tablet,200,true,true,true,true,false,true,false,false,false,true,false,true,true,true,true,true,true,true,768,768,Switchboard Upgrades Sydney & Surrounding Regions,,PASS,
Chromium,/service-areas/,768x1024,tablet,200,true,true,true,true,false,true,false,false,false,true,false,true,true,true,true,true,true,true,768,768,Electricians Across Sydney & Surrounding Regions,,PASS,
Chromium,/service-areas/canterbury-bankstown-and-inner-south-west/canterbury-bankstown/panania/,768x1024,tablet,200,true,true,true,true,false,true,false,false,false,true,false,true,true,true,true,true,true,true,768,768,Electrician Panania 2213,,PASS,
Chromium,/service-areas/sydney-city-and-eastern-suburbs/randwick/coogee/,768x1024,tablet,200,true,true,true,true,false,true,false,false,false,true,false,true,true,true,true,true,true,true,768,768,Electrician Coogee 2034,,PASS,
Chromium,/privacy-policy/,768x1024,tablet,200,true,true,true,true,false,true,false,false,false,true,false,true,true,true,true,true,true,true,768,768,Privacy Policy,,PASS,
Chromium,/terms/,768x1024,tablet,200,true,true,true,true,false,true,false,false,false,true,false,true,true,true,true,true,true,true,768,768,Terms of Use,,PASS,
Chromium,/,820x1180,tablet,200,true,true,true,true,false,true,false,false,false,true,false,true,true,true,true,true,true,true,820,820,Emergency electrical fault? Call now — 0461 247 247,,PASS,
Chromium,/emergency-electrician-sydney/,820x1180,tablet,200,true,true,true,true,false,true,false,false,false,true,false,true,true,true,true,true,true,true,820,820,Emergency electrical fault? Call now — 0461 247 247,,PASS,
Chromium,/level-2-electrician-sydney/,820x1180,tablet,200,true,true,true,true,false,true,false,false,false,true,false,true,true,true,true,true,true,true,820,820,Level 2 Electrician Sydney & Surrounding Regions,,PASS,
Chromium,/services/,820x1180,tablet,200,true,true,true,true,false,true,false,false,false,true,false,true,true,true,true,true,true,true,820,820,Electrical Services Sydney & Surrounding Regions,,PASS,
Chromium,/services/consumer-mains-sydney/,820x1180,tablet,200,true,true,true,true,false,true,false,false,false,true,false,true,true,true,true,true,true,true,820,820,Consumer Mains Electrician Sydney & Surrounding Regions,,PASS,
Chromium,/services/defect-notice-repairs-sydney/,820x1180,tablet,200,true,true,true,true,false,true,false,false,false,true,false,true,true,true,true,true,true,true,820,820,Electrical Defect Notice Repairs Sydney & Surrounding Regions,,PASS,
Chromium,/services/point-of-attachment-repairs-sydney/,820x1180,tablet,200,true,true,true,true,false,true,false,false,false,true,false,true,true,true,true,true,true,true,820,820,Point of Attachment Repairs Sydney & Surrounding Regions,,PASS,
Chromium,/services/switchboard-upgrades-sydney/,820x1180,tablet,200,true,true,true,true,false,true,false,false,false,true,false,true,true,true,true,true,true,true,820,820,Switchboard Upgrades Sydney & Surrounding Regions,,PASS,
Chromium,/service-areas/,820x1180,tablet,200,true,true,true,true,false,true,false,false,false,true,false,true,true,true,true,true,true,true,820,820,Electricians Across Sydney & Surrounding Regions,,PASS,
Chromium,/service-areas/canterbury-bankstown-and-inner-south-west/canterbury-bankstown/panania/,820x1180,tablet,200,true,true,true,true,false,true,false,false,false,true,false,true,true,true,true,true,true,true,820,820,Electrician Panania 2213,,PASS,
Chromium,/service-areas/sydney-city-and-eastern-suburbs/randwick/coogee/,820x1180,tablet,200,true,true,true,true,false,true,false,false,false,true,false,true,true,true,true,true,true,true,820,820,Electrician Coogee 2034,,PASS,
Chromium,/privacy-policy/,820x1180,tablet,200,true,true,true,true,false,true,false,false,false,true,false,true,true,true,true,true,true,true,820,820,Privacy Policy,,PASS,
Chromium,/terms/,820x1180,tablet,200,true,true,true,true,false,true,false,false,false,true,false,true,true,true,true,true,true,true,820,820,Terms of Use,,PASS,
Chromium,/,834x1194,tablet,200,true,true,true,true,false,true,false,false,false,true,false,true,true,true,true,true,true,true,834,834,Emergency electrical fault? Call now — 0461 247 247,,PASS,
Chromium,/emergency-electrician-sydney/,834x1194,tablet,200,true,true,true,true,false,true,false,false,false,true,false,true,true,true,true,true,true,true,834,834,Emergency electrical fault? Call now — 0461 247 247,,PASS,
Chromium,/level-2-electrician-sydney/,834x1194,tablet,200,true,true,true,true,false,true,false,false,false,true,false,true,true,true,true,true,true,true,834,834,Level 2 Electrician Sydney & Surrounding Regions,,PASS,
Chromium,/services/,834x1194,tablet,200,true,true,true,true,false,true,false,false,false,true,false,true,true,true,true,true,true,true,834,834,Electrical Services Sydney & Surrounding Regions,,PASS,
Chromium,/services/consumer-mains-sydney/,834x1194,tablet,200,true,true,true,true,false,true,false,false,false,true,false,true,true,true,true,true,true,true,834,834,Consumer Mains Electrician Sydney & Surrounding Regions,,PASS,
Chromium,/services/defect-notice-repairs-sydney/,834x1194,tablet,200,true,true,true,true,false,true,false,false,false,true,false,true,true,true,true,true,true,true,834,834,Electrical Defect Notice Repairs Sydney & Surrounding Regions,,PASS,
Chromium,/services/point-of-attachment-repairs-sydney/,834x1194,tablet,200,true,true,true,true,false,true,false,false,false,true,false,true,true,true,true,true,true,true,834,834,Point of Attachment Repairs Sydney & Surrounding Regions,,PASS,
Chromium,/services/switchboard-upgrades-sydney/,834x1194,tablet,200,true,true,true,true,false,true,false,false,false,true,false,true,true,true,true,true,true,true,834,834,Switchboard Upgrades Sydney & Surrounding Regions,,PASS,
Chromium,/service-areas/,834x1194,tablet,200,true,true,true,true,false,true,false,false,false,true,false,true,true,true,true,true,true,true,834,834,Electricians Across Sydney & Surrounding Regions,,PASS,
Chromium,/service-areas/canterbury-bankstown-and-inner-south-west/canterbury-bankstown/panania/,834x1194,tablet,200,true,true,true,true,false,true,false,false,false,true,false,true,true,true,true,true,true,true,834,834,Electrician Panania 2213,,PASS,
Chromium,/service-areas/sydney-city-and-eastern-suburbs/randwick/coogee/,834x1194,tablet,200,true,true,true,true,false,true,false,false,false,true,false,true,true,true,true,true,true,true,834,834,Electrician Coogee 2034,,PASS,
Chromium,/privacy-policy/,834x1194,tablet,200,true,true,true,true,false,true,false,false,false,true,false,true,true,true,true,true,true,true,834,834,Privacy Policy,,PASS,
Chromium,/terms/,834x1194,tablet,200,true,true,true,true,false,true,false,false,false,true,false,true,true,true,true,true,true,true,834,834,Terms of Use,,PASS,
Chromium,/,912x1368,tablet,200,true,true,true,true,false,true,false,false,false,true,false,true,true,true,true,true,true,true,912,912,Emergency electrical fault? Call now — 0461 247 247,,PASS,
Chromium,/emergency-electrician-sydney/,912x1368,tablet,200,true,true,true,true,false,true,false,false,false,true,false,true,true,true,true,true,true,true,912,912,Emergency electrical fault? Call now — 0461 247 247,,PASS,
Chromium,/level-2-electrician-sydney/,912x1368,tablet,200,true,true,true,true,false,true,false,false,false,true,false,true,true,true,true,true,true,true,912,912,Level 2 Electrician Sydney & Surrounding Regions,,PASS,
Chromium,/services/,912x1368,tablet,200,true,true,true,true,false,true,false,false,false,true,false,true,true,true,true,true,true,true,912,912,Electrical Services Sydney & Surrounding Regions,,PASS,
Chromium,/services/consumer-mains-sydney/,912x1368,tablet,200,true,true,true,true,false,true,false,false,false,true,false,true,true,true,true,true,true,true,912,912,Consumer Mains Electrician Sydney & Surrounding Regions,,PASS,
Chromium,/services/defect-notice-repairs-sydney/,912x1368,tablet,200,true,true,true,true,false,true,false,false,false,true,false,true,true,true,true,true,true,true,912,912,Electrical Defect Notice Repairs Sydney & Surrounding Regions,,PASS,
Chromium,/services/point-of-attachment-repairs-sydney/,912x1368,tablet,200,true,true,true,true,false,true,false,false,false,true,false,true,true,true,true,true,true,true,912,912,Point of Attachment Repairs Sydney & Surrounding Regions,,PASS,
Chromium,/services/switchboard-upgrades-sydney/,912x1368,tablet,200,true,true,true,true,false,true,false,false,false,true,false,true,true,true,true,true,true,true,912,912,Switchboard Upgrades Sydney & Surrounding Regions,,PASS,
Chromium,/service-areas/,912x1368,tablet,200,true,true,true,true,false,true,false,false,false,true,false,true,true,true,true,true,true,true,912,912,Electricians Across Sydney & Surrounding Regions,,PASS,
Chromium,/service-areas/canterbury-bankstown-and-inner-south-west/canterbury-bankstown/panania/,912x1368,tablet,200,true,true,true,true,false,true,false,false,false,true,false,true,true,true,true,true,true,true,912,912,Electrician Panania 2213,,PASS,
Chromium,/service-areas/sydney-city-and-eastern-suburbs/randwick/coogee/,912x1368,tablet,200,true,true,true,true,false,true,false,false,false,true,false,true,true,true,true,true,true,true,912,912,Electrician Coogee 2034,,PASS,
Chromium,/privacy-policy/,912x1368,tablet,200,true,true,true,true,false,true,false,false,false,true,false,true,true,true,true,true,true,true,912,912,Privacy Policy,,PASS,
Chromium,/terms/,912x1368,tablet,200,true,true,true,true,false,true,false,false,false,true,false,true,true,true,true,true,true,true,912,912,Terms of Use,,PASS,
Chromium,/,1024x1366,tablet,200,true,true,true,true,false,true,false,false,false,true,false,true,true,true,true,true,true,true,1024,1024,Emergency electrical fault? Call now — 0461 247 247,,PASS,
Chromium,/emergency-electrician-sydney/,1024x1366,tablet,200,true,true,true,true,false,true,false,false,false,true,false,true,true,true,true,true,true,true,1024,1024,Emergency electrical fault? Call now — 0461 247 247,,PASS,
Chromium,/level-2-electrician-sydney/,1024x1366,tablet,200,true,true,true,true,false,true,false,false,false,true,false,true,true,true,true,true,true,true,1024,1024,Level 2 Electrician Sydney & Surrounding Regions,,PASS,
Chromium,/services/,1024x1366,tablet,200,true,true,true,true,false,true,false,false,false,true,false,true,true,true,true,true,true,true,1024,1024,Electrical Services Sydney & Surrounding Regions,,PASS,
Chromium,/services/consumer-mains-sydney/,1024x1366,tablet,200,true,true,true,true,false,true,false,false,false,true,false,true,true,true,true,true,true,true,1024,1024,Consumer Mains Electrician Sydney & Surrounding Regions,,PASS,
Chromium,/services/defect-notice-repairs-sydney/,1024x1366,tablet,200,true,true,true,true,false,true,false,false,false,true,false,true,true,true,true,true,true,true,1024,1024,Electrical Defect Notice Repairs Sydney & Surrounding Regions,,PASS,
Chromium,/services/point-of-attachment-repairs-sydney/,1024x1366,tablet,200,true,true,true,true,false,true,false,false,false,true,false,true,true,true,true,true,true,true,1024,1024,Point of Attachment Repairs Sydney & Surrounding Regions,,PASS,
Chromium,/services/switchboard-upgrades-sydney/,1024x1366,tablet,200,true,true,true,true,false,true,false,false,false,true,false,true,true,true,true,true,true,true,1024,1024,Switchboard Upgrades Sydney & Surrounding Regions,,PASS,
Chromium,/service-areas/,1024x1366,tablet,200,true,true,true,true,false,true,false,false,false,true,false,true,true,true,true,true,true,true,1024,1024,Electricians Across Sydney & Surrounding Regions,,PASS,
Chromium,/service-areas/canterbury-bankstown-and-inner-south-west/canterbury-bankstown/panania/,1024x1366,tablet,200,true,true,true,true,false,true,false,false,false,true,false,true,true,true,true,true,true,true,1024,1024,Electrician Panania 2213,,PASS,
Chromium,/service-areas/sydney-city-and-eastern-suburbs/randwick/coogee/,1024x1366,tablet,200,true,true,true,true,false,true,false,false,false,true,false,true,true,true,true,true,true,true,1024,1024,Electrician Coogee 2034,,PASS,
Chromium,/privacy-policy/,1024x1366,tablet,200,true,true,true,true,false,true,false,false,false,true,false,true,true,true,true,true,true,true,1024,1024,Privacy Policy,,PASS,
Chromium,/terms/,1024x1366,tablet,200,true,true,true,true,false,true,false,false,false,true,false,true,true,true,true,true,true,true,1024,1024,Terms of Use,,PASS,
Chromium,/,1280x800,tablet,200,true,true,true,true,false,true,false,false,false,true,false,true,true,true,true,true,true,true,1280,1280,Emergency electrical fault? Call now — 0461 247 247,,PASS,
Chromium,/emergency-electrician-sydney/,1280x800,tablet,200,true,true,true,true,false,true,false,false,false,true,false,true,true,true,true,true,true,true,1280,1280,Emergency electrical fault? Call now — 0461 247 247,,PASS,
Chromium,/level-2-electrician-sydney/,1280x800,tablet,200,true,true,true,true,false,true,false,false,false,true,false,true,true,true,true,true,true,true,1280,1280,Level 2 Electrician Sydney & Surrounding Regions,,PASS,
Chromium,/services/,1280x800,tablet,200,true,true,true,true,false,true,false,false,false,true,false,true,true,true,true,true,true,true,1280,1280,Electrical Services Sydney & Surrounding Regions,,PASS,
Chromium,/services/consumer-mains-sydney/,1280x800,tablet,200,true,true,true,true,false,true,false,false,false,true,false,true,true,true,true,true,true,true,1280,1280,Consumer Mains Electrician Sydney & Surrounding Regions,,PASS,
Chromium,/services/defect-notice-repairs-sydney/,1280x800,tablet,200,true,true,true,true,false,true,false,false,false,true,false,true,true,true,true,true,true,true,1280,1280,Electrical Defect Notice Repairs Sydney & Surrounding Regions,,PASS,
Chromium,/services/point-of-attachment-repairs-sydney/,1280x800,tablet,200,true,true,true,true,false,true,false,false,false,true,false,true,true,true,true,true,true,true,1280,1280,Point of Attachment Repairs Sydney & Surrounding Regions,,PASS,
Chromium,/services/switchboard-upgrades-sydney/,1280x800,tablet,200,true,true,true,true,false,true,false,false,false,true,false,true,true,true,true,true,true,true,1280,1280,Switchboard Upgrades Sydney & Surrounding Regions,,PASS,
Chromium,/service-areas/,1280x800,tablet,200,true,true,true,true,false,true,false,false,false,true,false,true,true,true,true,true,true,true,1280,1280,Electricians Across Sydney & Surrounding Regions,,PASS,
Chromium,/service-areas/canterbury-bankstown-and-inner-south-west/canterbury-bankstown/panania/,1280x800,tablet,200,true,true,true,true,false,true,false,false,false,true,false,true,true,true,true,true,true,true,1280,1280,Electrician Panania 2213,,PASS,
Chromium,/service-areas/sydney-city-and-eastern-suburbs/randwick/coogee/,1280x800,tablet,200,true,true,true,true,false,true,false,false,false,true,false,true,true,true,true,true,true,true,1280,1280,Electrician Coogee 2034,,PASS,
Chromium,/privacy-policy/,1280x800,tablet,200,true,true,true,true,false,true,false,false,false,true,false,true,true,true,true,true,true,true,1280,1280,Privacy Policy,,PASS,
Chromium,/terms/,1280x800,tablet,200,true,true,true,true,false,true,false,false,false,true,false,true,true,true,true,true,true,true,1280,1280,Terms of Use,,PASS,
Chromium,/,360x800,mobile,200,true,true,true,true,false,true,false,false,false,true,false,true,true,true,true,true,true,true,360,360,Emergency electrical fault? Call now — 0461 247 247,,PASS,
Chromium,/emergency-electrician-sydney/,360x800,mobile,200,true,true,true,true,false,true,false,false,false,true,false,true,true,true,true,true,true,true,360,360,Emergency electrical fault? Call now — 0461 247 247,,PASS,
Chromium,/level-2-electrician-sydney/,360x800,mobile,200,true,true,true,true,false,true,false,false,false,true,false,true,true,true,true,true,true,true,360,360,Level 2 Electrician Sydney & Surrounding Regions,,PASS,
Chromium,/services/,360x800,mobile,200,true,true,true,true,false,true,false,false,false,true,false,true,true,true,true,true,true,true,360,360,Electrical Services Sydney & Surrounding Regions,,PASS,
Chromium,/services/consumer-mains-sydney/,360x800,mobile,200,true,true,true,true,false,true,false,false,false,true,false,true,true,true,true,true,true,true,360,360,Consumer Mains Electrician Sydney & Surrounding Regions,,PASS,
Chromium,/services/defect-notice-repairs-sydney/,360x800,mobile,200,true,true,true,true,false,true,false,false,false,true,false,true,true,true,true,true,true,true,360,360,Electrical Defect Notice Repairs Sydney & Surrounding Regions,,PASS,
Chromium,/services/point-of-attachment-repairs-sydney/,360x800,mobile,200,true,true,true,true,false,true,false,false,false,true,false,true,true,true,true,true,true,true,360,360,Point of Attachment Repairs Sydney & Surrounding Regions,,PASS,
Chromium,/services/switchboard-upgrades-sydney/,360x800,mobile,200,true,true,true,true,false,true,false,false,false,true,false,true,true,true,true,true,true,true,360,360,Switchboard Upgrades Sydney & Surrounding Regions,,PASS,
Chromium,/service-areas/,360x800,mobile,200,true,true,true,true,false,true,false,false,false,true,false,true,true,true,true,true,true,true,360,360,Electricians Across Sydney & Surrounding Regions,,PASS,
Chromium,/service-areas/canterbury-bankstown-and-inner-south-west/canterbury-bankstown/panania/,360x800,mobile,200,true,true,true,true,false,true,false,false,false,true,false,true,true,true,true,true,true,true,360,360,Electrician Panania 2213,,PASS,
Chromium,/service-areas/sydney-city-and-eastern-suburbs/randwick/coogee/,360x800,mobile,200,true,true,true,true,false,true,false,false,false,true,false,true,true,true,true,true,true,true,360,360,Electrician Coogee 2034,,PASS,
Chromium,/privacy-policy/,360x800,mobile,200,true,true,true,true,false,true,false,false,false,true,false,true,true,true,true,true,true,true,360,360,Privacy Policy,,PASS,
Chromium,/terms/,360x800,mobile,200,true,true,true,true,false,true,false,false,false,true,false,true,true,true,true,true,true,true,360,360,Terms of Use,,PASS,
Chromium,/,375x812,mobile,200,true,true,true,true,false,true,false,false,false,true,false,true,true,true,true,true,true,true,375,375,Emergency electrical fault? Call now — 0461 247 247,,PASS,
Chromium,/emergency-electrician-sydney/,375x812,mobile,200,true,true,true,true,false,true,false,false,false,true,false,true,true,true,true,true,true,true,375,375,Emergency electrical fault? Call now — 0461 247 247,,PASS,
Chromium,/level-2-electrician-sydney/,375x812,mobile,200,true,true,true,true,false,true,false,false,false,true,false,true,true,true,true,true,true,true,375,375,Level 2 Electrician Sydney & Surrounding Regions,,PASS,
Chromium,/services/,375x812,mobile,200,true,true,true,true,false,true,false,false,false,true,false,true,true,true,true,true,true,true,375,375,Electrical Services Sydney & Surrounding Regions,,PASS,
Chromium,/services/consumer-mains-sydney/,375x812,mobile,200,true,true,true,true,false,true,false,false,false,true,false,true,true,true,true,true,true,true,375,375,Consumer Mains Electrician Sydney & Surrounding Regions,,PASS,
Chromium,/services/defect-notice-repairs-sydney/,375x812,mobile,200,true,true,true,true,false,true,false,false,false,true,false,true,true,true,true,true,true,true,375,375,Electrical Defect Notice Repairs Sydney & Surrounding Regions,,PASS,
Chromium,/services/point-of-attachment-repairs-sydney/,375x812,mobile,200,true,true,true,true,false,true,false,false,false,true,false,true,true,true,true,true,true,true,375,375,Point of Attachment Repairs Sydney & Surrounding Regions,,PASS,
Chromium,/services/switchboard-upgrades-sydney/,375x812,mobile,200,true,true,true,true,false,true,false,false,false,true,false,true,true,true,true,true,true,true,375,375,Switchboard Upgrades Sydney & Surrounding Regions,,PASS,
Chromium,/service-areas/,375x812,mobile,200,true,true,true,true,false,true,false,false,false,true,false,true,true,true,true,true,true,true,375,375,Electricians Across Sydney & Surrounding Regions,,PASS,
Chromium,/service-areas/canterbury-bankstown-and-inner-south-west/canterbury-bankstown/panania/,375x812,mobile,200,true,true,true,true,false,true,false,false,false,true,false,true,true,true,true,true,true,true,375,375,Electrician Panania 2213,,PASS,
Chromium,/service-areas/sydney-city-and-eastern-suburbs/randwick/coogee/,375x812,mobile,200,true,true,true,true,false,true,false,false,false,true,false,true,true,true,true,true,true,true,375,375,Electrician Coogee 2034,,PASS,
Chromium,/privacy-policy/,375x812,mobile,200,true,true,true,true,false,true,false,false,false,true,false,true,true,true,true,true,true,true,375,375,Privacy Policy,,PASS,
Chromium,/terms/,375x812,mobile,200,true,true,true,true,false,true,false,false,false,true,false,true,true,true,true,true,true,true,375,375,Terms of Use,,PASS,
Chromium,/,390x844,mobile,200,true,true,true,true,false,true,false,false,false,true,false,true,true,true,true,true,true,true,390,390,Emergency electrical fault? Call now — 0461 247 247,reports/header-responsive-screenshots/chromium-home-390x844-key.png,PASS,
Chromium,/emergency-electrician-sydney/,390x844,mobile,200,true,true,true,true,false,true,false,false,false,true,false,true,true,true,true,true,true,true,390,390,Emergency electrical fault? Call now — 0461 247 247,,PASS,
Chromium,/level-2-electrician-sydney/,390x844,mobile,200,true,true,true,true,false,true,false,false,false,true,false,true,true,true,true,true,true,true,390,390,Level 2 Electrician Sydney & Surrounding Regions,,PASS,
Chromium,/services/,390x844,mobile,200,true,true,true,true,false,true,false,false,false,true,false,true,true,true,true,true,true,true,390,390,Electrical Services Sydney & Surrounding Regions,,PASS,
Chromium,/services/consumer-mains-sydney/,390x844,mobile,200,true,true,true,true,false,true,false,false,false,true,false,true,true,true,true,true,true,true,390,390,Consumer Mains Electrician Sydney & Surrounding Regions,,PASS,
Chromium,/services/defect-notice-repairs-sydney/,390x844,mobile,200,true,true,true,true,false,true,false,false,false,true,false,true,true,true,true,true,true,true,390,390,Electrical Defect Notice Repairs Sydney & Surrounding Regions,,PASS,
Chromium,/services/point-of-attachment-repairs-sydney/,390x844,mobile,200,true,true,true,true,false,true,false,false,false,true,false,true,true,true,true,true,true,true,390,390,Point of Attachment Repairs Sydney & Surrounding Regions,,PASS,
Chromium,/services/switchboard-upgrades-sydney/,390x844,mobile,200,true,true,true,true,false,true,false,false,false,true,false,true,true,true,true,true,true,true,390,390,Switchboard Upgrades Sydney & Surrounding Regions,,PASS,
Chromium,/service-areas/,390x844,mobile,200,true,true,true,true,false,true,false,false,false,true,false,true,true,true,true,true,true,true,390,390,Electricians Across Sydney & Surrounding Regions,,PASS,
Chromium,/service-areas/canterbury-bankstown-and-inner-south-west/canterbury-bankstown/panania/,390x844,mobile,200,true,true,true,true,false,true,false,false,false,true,false,true,true,true,true,true,true,true,390,390,Electrician Panania 2213,,PASS,
Chromium,/service-areas/sydney-city-and-eastern-suburbs/randwick/coogee/,390x844,mobile,200,true,true,true,true,false,true,false,false,false,true,false,true,true,true,true,true,true,true,390,390,Electrician Coogee 2034,,PASS,
Chromium,/privacy-policy/,390x844,mobile,200,true,true,true,true,false,true,false,false,false,true,false,true,true,true,true,true,true,true,390,390,Privacy Policy,,PASS,
Chromium,/terms/,390x844,mobile,200,true,true,true,true,false,true,false,false,false,true,false,true,true,true,true,true,true,true,390,390,Terms of Use,,PASS,
Chromium,/,412x915,mobile,200,true,true,true,true,false,true,false,false,false,true,false,true,true,true,true,true,true,true,412,412,Emergency electrical fault? Call now — 0461 247 247,,PASS,
Chromium,/emergency-electrician-sydney/,412x915,mobile,200,true,true,true,true,false,true,false,false,false,true,false,true,true,true,true,true,true,true,412,412,Emergency electrical fault? Call now — 0461 247 247,,PASS,
Chromium,/level-2-electrician-sydney/,412x915,mobile,200,true,true,true,true,false,true,false,false,false,true,false,true,true,true,true,true,true,true,412,412,Level 2 Electrician Sydney & Surrounding Regions,,PASS,
Chromium,/services/,412x915,mobile,200,true,true,true,true,false,true,false,false,false,true,false,true,true,true,true,true,true,true,412,412,Electrical Services Sydney & Surrounding Regions,,PASS,
Chromium,/services/consumer-mains-sydney/,412x915,mobile,200,true,true,true,true,false,true,false,false,false,true,false,true,true,true,true,true,true,true,412,412,Consumer Mains Electrician Sydney & Surrounding Regions,,PASS,
Chromium,/services/defect-notice-repairs-sydney/,412x915,mobile,200,true,true,true,true,false,true,false,false,false,true,false,true,true,true,true,true,true,true,412,412,Electrical Defect Notice Repairs Sydney & Surrounding Regions,,PASS,
Chromium,/services/point-of-attachment-repairs-sydney/,412x915,mobile,200,true,true,true,true,false,true,false,false,false,true,false,true,true,true,true,true,true,true,412,412,Point of Attachment Repairs Sydney & Surrounding Regions,,PASS,
Chromium,/services/switchboard-upgrades-sydney/,412x915,mobile,200,true,true,true,true,false,true,false,false,false,true,false,true,true,true,true,true,true,true,412,412,Switchboard Upgrades Sydney & Surrounding Regions,,PASS,
Chromium,/service-areas/,412x915,mobile,200,true,true,true,true,false,true,false,false,false,true,false,true,true,true,true,true,true,true,412,412,Electricians Across Sydney & Surrounding Regions,,PASS,
Chromium,/service-areas/canterbury-bankstown-and-inner-south-west/canterbury-bankstown/panania/,412x915,mobile,200,true,true,true,true,false,true,false,false,false,true,false,true,true,true,true,true,true,true,412,412,Electrician Panania 2213,,PASS,
Chromium,/service-areas/sydney-city-and-eastern-suburbs/randwick/coogee/,412x915,mobile,200,true,true,true,true,false,true,false,false,false,true,false,true,true,true,true,true,true,true,412,412,Electrician Coogee 2034,,PASS,
Chromium,/privacy-policy/,412x915,mobile,200,true,true,true,true,false,true,false,false,false,true,false,true,true,true,true,true,true,true,412,412,Privacy Policy,,PASS,
Chromium,/terms/,412x915,mobile,200,true,true,true,true,false,true,false,false,false,true,false,true,true,true,true,true,true,true,412,412,Terms of Use,,PASS,
Chromium,/,430x932,mobile,200,true,true,true,true,false,true,false,false,false,true,false,true,true,true,true,true,true,true,430,430,Emergency electrical fault? Call now — 0461 247 247,,PASS,
Chromium,/emergency-electrician-sydney/,430x932,mobile,200,true,true,true,true,false,true,false,false,false,true,false,true,true,true,true,true,true,true,430,430,Emergency electrical fault? Call now — 0461 247 247,,PASS,
Chromium,/level-2-electrician-sydney/,430x932,mobile,200,true,true,true,true,false,true,false,false,false,true,false,true,true,true,true,true,true,true,430,430,Level 2 Electrician Sydney & Surrounding Regions,,PASS,
Chromium,/services/,430x932,mobile,200,true,true,true,true,false,true,false,false,false,true,false,true,true,true,true,true,true,true,430,430,Electrical Services Sydney & Surrounding Regions,,PASS,
Chromium,/services/consumer-mains-sydney/,430x932,mobile,200,true,true,true,true,false,true,false,false,false,true,false,true,true,true,true,true,true,true,430,430,Consumer Mains Electrician Sydney & Surrounding Regions,,PASS,
Chromium,/services/defect-notice-repairs-sydney/,430x932,mobile,200,true,true,true,true,false,true,false,false,false,true,false,true,true,true,true,true,true,true,430,430,Electrical Defect Notice Repairs Sydney & Surrounding Regions,,PASS,
Chromium,/services/point-of-attachment-repairs-sydney/,430x932,mobile,200,true,true,true,true,false,true,false,false,false,true,false,true,true,true,true,true,true,true,430,430,Point of Attachment Repairs Sydney & Surrounding Regions,,PASS,
Chromium,/services/switchboard-upgrades-sydney/,430x932,mobile,200,true,true,true,true,false,true,false,false,false,true,false,true,true,true,true,true,true,true,430,430,Switchboard Upgrades Sydney & Surrounding Regions,,PASS,
Chromium,/service-areas/,430x932,mobile,200,true,true,true,true,false,true,false,false,false,true,false,true,true,true,true,true,true,true,430,430,Electricians Across Sydney & Surrounding Regions,,PASS,
Chromium,/service-areas/canterbury-bankstown-and-inner-south-west/canterbury-bankstown/panania/,430x932,mobile,200,true,true,true,true,false,true,false,false,false,true,false,true,true,true,true,true,true,true,430,430,Electrician Panania 2213,,PASS,
Chromium,/service-areas/sydney-city-and-eastern-suburbs/randwick/coogee/,430x932,mobile,200,true,true,true,true,false,true,false,false,false,true,false,true,true,true,true,true,true,true,430,430,Electrician Coogee 2034,,PASS,
Chromium,/privacy-policy/,430x932,mobile,200,true,true,true,true,false,true,false,false,false,true,false,true,true,true,true,true,true,true,430,430,Privacy Policy,,PASS,
Chromium,/terms/,430x932,mobile,200,true,true,true,true,false,true,false,false,false,true,false,true,true,true,true,true,true,true,430,430,Terms of Use,,PASS,
Google Chrome,/,1024x768,desktop/laptop,200,true,true,true,true,false,true,false,false,false,true,false,true,true,true,true,true,true,true,1024,1024,Emergency electrical fault? Call now — 0461 247 247,,PASS,
Google Chrome,/emergency-electrician-sydney/,1024x768,desktop/laptop,200,true,true,true,true,false,true,false,false,false,true,false,true,true,true,true,true,true,true,1024,1024,Emergency electrical fault? Call now — 0461 247 247,,PASS,
Google Chrome,/level-2-electrician-sydney/,1024x768,desktop/laptop,200,true,true,true,true,false,true,false,false,false,true,false,true,true,true,true,true,true,true,1024,1024,Level 2 Electrician Sydney & Surrounding Regions,,PASS,
Google Chrome,/services/,1024x768,desktop/laptop,200,true,true,true,true,false,true,false,false,false,true,false,true,true,true,true,true,true,true,1024,1024,Electrical Services Sydney & Surrounding Regions,,PASS,
Google Chrome,/services/consumer-mains-sydney/,1024x768,desktop/laptop,200,true,true,true,true,false,true,false,false,false,true,false,true,true,true,true,true,true,true,1024,1024,Consumer Mains Electrician Sydney & Surrounding Regions,,PASS,
Google Chrome,/services/defect-notice-repairs-sydney/,1024x768,desktop/laptop,200,true,true,true,true,false,true,false,false,false,true,false,true,true,true,true,true,true,true,1024,1024,Electrical Defect Notice Repairs Sydney & Surrounding Regions,,PASS,
Google Chrome,/services/point-of-attachment-repairs-sydney/,1024x768,desktop/laptop,200,true,true,true,true,false,true,false,false,false,true,false,true,true,true,true,true,true,true,1024,1024,Point of Attachment Repairs Sydney & Surrounding Regions,,PASS,
Google Chrome,/services/switchboard-upgrades-sydney/,1024x768,desktop/laptop,200,true,true,true,true,false,true,false,false,false,true,false,true,true,true,true,true,true,true,1024,1024,Switchboard Upgrades Sydney & Surrounding Regions,,PASS,
Google Chrome,/service-areas/,1024x768,desktop/laptop,200,true,true,true,true,false,true,false,false,false,true,false,true,true,true,true,true,true,true,1024,1024,Electricians Across Sydney & Surrounding Regions,,PASS,
Google Chrome,/service-areas/canterbury-bankstown-and-inner-south-west/canterbury-bankstown/panania/,1024x768,desktop/laptop,200,true,true,true,true,false,true,false,false,false,true,false,true,true,true,true,true,true,true,1024,1024,Electrician Panania 2213,,PASS,
Google Chrome,/service-areas/sydney-city-and-eastern-suburbs/randwick/coogee/,1024x768,desktop/laptop,200,true,true,true,true,false,true,false,false,false,true,false,true,true,true,true,true,true,true,1024,1024,Electrician Coogee 2034,,PASS,
Google Chrome,/privacy-policy/,1024x768,desktop/laptop,200,true,true,true,true,false,true,false,false,false,true,false,true,true,true,true,true,true,true,1024,1024,Privacy Policy,,PASS,
Google Chrome,/terms/,1024x768,desktop/laptop,200,true,true,true,true,false,true,false,false,false,true,false,true,true,true,true,true,true,true,1024,1024,Terms of Use,,PASS,
Google Chrome,/,1180x820,desktop/laptop,200,true,true,true,true,false,true,false,false,false,true,false,true,true,true,true,true,true,true,1180,1180,Emergency electrical fault? Call now — 0461 247 247,,PASS,
Google Chrome,/emergency-electrician-sydney/,1180x820,desktop/laptop,200,true,true,true,true,false,true,false,false,false,true,false,true,true,true,true,true,true,true,1180,1180,Emergency electrical fault? Call now — 0461 247 247,,PASS,
Google Chrome,/level-2-electrician-sydney/,1180x820,desktop/laptop,200,true,true,true,true,false,true,false,false,false,true,false,true,true,true,true,true,true,true,1180,1180,Level 2 Electrician Sydney & Surrounding Regions,,PASS,
Google Chrome,/services/,1180x820,desktop/laptop,200,true,true,true,true,false,true,false,false,false,true,false,true,true,true,true,true,true,true,1180,1180,Electrical Services Sydney & Surrounding Regions,,PASS,
Google Chrome,/services/consumer-mains-sydney/,1180x820,desktop/laptop,200,true,true,true,true,false,true,false,false,false,true,false,true,true,true,true,true,true,true,1180,1180,Consumer Mains Electrician Sydney & Surrounding Regions,,PASS,
Google Chrome,/services/defect-notice-repairs-sydney/,1180x820,desktop/laptop,200,true,true,true,true,false,true,false,false,false,true,false,true,true,true,true,true,true,true,1180,1180,Electrical Defect Notice Repairs Sydney & Surrounding Regions,,PASS,
Google Chrome,/services/point-of-attachment-repairs-sydney/,1180x820,desktop/laptop,200,true,true,true,true,false,true,false,false,false,true,false,true,true,true,true,true,true,true,1180,1180,Point of Attachment Repairs Sydney & Surrounding Regions,,PASS,
Google Chrome,/services/switchboard-upgrades-sydney/,1180x820,desktop/laptop,200,true,true,true,true,false,true,false,false,false,true,false,true,true,true,true,true,true,true,1180,1180,Switchboard Upgrades Sydney & Surrounding Regions,,PASS,
Google Chrome,/service-areas/,1180x820,desktop/laptop,200,true,true,true,true,false,true,false,false,false,true,false,true,true,true,true,true,true,true,1180,1180,Electricians Across Sydney & Surrounding Regions,,PASS,
Google Chrome,/service-areas/canterbury-bankstown-and-inner-south-west/canterbury-bankstown/panania/,1180x820,desktop/laptop,200,true,true,true,true,false,true,false,false,false,true,false,true,true,true,true,true,true,true,1180,1180,Electrician Panania 2213,,PASS,
Google Chrome,/service-areas/sydney-city-and-eastern-suburbs/randwick/coogee/,1180x820,desktop/laptop,200,true,true,true,true,false,true,false,false,false,true,false,true,true,true,true,true,true,true,1180,1180,Electrician Coogee 2034,,PASS,
Google Chrome,/privacy-policy/,1180x820,desktop/laptop,200,true,true,true,true,false,true,false,false,false,true,false,true,true,true,true,true,true,true,1180,1180,Privacy Policy,,PASS,
Google Chrome,/terms/,1180x820,desktop/laptop,200,true,true,true,true,false,true,false,false,false,true,false,true,true,true,true,true,true,true,1180,1180,Terms of Use,,PASS,
Google Chrome,/,1280x720,desktop/laptop,200,true,true,true,true,false,true,false,false,false,true,false,true,true,true,true,true,true,true,1280,1280,Emergency electrical fault? Call now — 0461 247 247,,PASS,
Google Chrome,/emergency-electrician-sydney/,1280x720,desktop/laptop,200,true,true,true,true,false,true,false,false,false,true,false,true,true,true,true,true,true,true,1280,1280,Emergency electrical fault? Call now — 0461 247 247,,PASS,
Google Chrome,/level-2-electrician-sydney/,1280x720,desktop/laptop,200,true,true,true,true,false,true,false,false,false,true,false,true,true,true,true,true,true,true,1280,1280,Level 2 Electrician Sydney & Surrounding Regions,,PASS,
Google Chrome,/services/,1280x720,desktop/laptop,200,true,true,true,true,false,true,false,false,false,true,false,true,true,true,true,true,true,true,1280,1280,Electrical Services Sydney & Surrounding Regions,,PASS,
Google Chrome,/services/consumer-mains-sydney/,1280x720,desktop/laptop,200,true,true,true,true,false,true,false,false,false,true,false,true,true,true,true,true,true,true,1280,1280,Consumer Mains Electrician Sydney & Surrounding Regions,,PASS,
Google Chrome,/services/defect-notice-repairs-sydney/,1280x720,desktop/laptop,200,true,true,true,true,false,true,false,false,false,true,false,true,true,true,true,true,true,true,1280,1280,Electrical Defect Notice Repairs Sydney & Surrounding Regions,,PASS,
Google Chrome,/services/point-of-attachment-repairs-sydney/,1280x720,desktop/laptop,200,true,true,true,true,false,true,false,false,false,true,false,true,true,true,true,true,true,true,1280,1280,Point of Attachment Repairs Sydney & Surrounding Regions,,PASS,
Google Chrome,/services/switchboard-upgrades-sydney/,1280x720,desktop/laptop,200,true,true,true,true,false,true,false,false,false,true,false,true,true,true,true,true,true,true,1280,1280,Switchboard Upgrades Sydney & Surrounding Regions,,PASS,
Google Chrome,/service-areas/,1280x720,desktop/laptop,200,true,true,true,true,false,true,false,false,false,true,false,true,true,true,true,true,true,true,1280,1280,Electricians Across Sydney & Surrounding Regions,,PASS,
Google Chrome,/service-areas/canterbury-bankstown-and-inner-south-west/canterbury-bankstown/panania/,1280x720,desktop/laptop,200,true,true,true,true,false,true,false,false,false,true,false,true,true,true,true,true,true,true,1280,1280,Electrician Panania 2213,,PASS,
Google Chrome,/service-areas/sydney-city-and-eastern-suburbs/randwick/coogee/,1280x720,desktop/laptop,200,true,true,true,true,false,true,false,false,false,true,false,true,true,true,true,true,true,true,1280,1280,Electrician Coogee 2034,,PASS,
Google Chrome,/privacy-policy/,1280x720,desktop/laptop,200,true,true,true,true,false,true,false,false,false,true,false,true,true,true,true,true,true,true,1280,1280,Privacy Policy,,PASS,
Google Chrome,/terms/,1280x720,desktop/laptop,200,true,true,true,true,false,true,false,false,false,true,false,true,true,true,true,true,true,true,1280,1280,Terms of Use,,PASS,
Google Chrome,/,1366x768,desktop/laptop,200,true,true,true,true,false,true,false,false,false,true,false,true,true,true,true,true,true,true,1366,1366,Emergency electrical fault? Call now — 0461 247 247,,PASS,
Google Chrome,/emergency-electrician-sydney/,1366x768,desktop/laptop,200,true,true,true,true,false,true,false,false,false,true,false,true,true,true,true,true,true,true,1366,1366,Emergency electrical fault? Call now — 0461 247 247,,PASS,
Google Chrome,/level-2-electrician-sydney/,1366x768,desktop/laptop,200,true,true,true,true,false,true,false,false,false,true,false,true,true,true,true,true,true,true,1366,1366,Level 2 Electrician Sydney & Surrounding Regions,,PASS,
Google Chrome,/services/,1366x768,desktop/laptop,200,true,true,true,true,false,true,false,false,false,true,false,true,true,true,true,true,true,true,1366,1366,Electrical Services Sydney & Surrounding Regions,,PASS,
Google Chrome,/services/consumer-mains-sydney/,1366x768,desktop/laptop,200,true,true,true,true,false,true,false,false,false,true,false,true,true,true,true,true,true,true,1366,1366,Consumer Mains Electrician Sydney & Surrounding Regions,,PASS,
Google Chrome,/services/defect-notice-repairs-sydney/,1366x768,desktop/laptop,200,true,true,true,true,false,true,false,false,false,true,false,true,true,true,true,true,true,true,1366,1366,Electrical Defect Notice Repairs Sydney & Surrounding Regions,,PASS,
Google Chrome,/services/point-of-attachment-repairs-sydney/,1366x768,desktop/laptop,200,true,true,true,true,false,true,false,false,false,true,false,true,true,true,true,true,true,true,1366,1366,Point of Attachment Repairs Sydney & Surrounding Regions,,PASS,
Google Chrome,/services/switchboard-upgrades-sydney/,1366x768,desktop/laptop,200,true,true,true,true,false,true,false,false,false,true,false,true,true,true,true,true,true,true,1366,1366,Switchboard Upgrades Sydney & Surrounding Regions,,PASS,
Google Chrome,/service-areas/,1366x768,desktop/laptop,200,true,true,true,true,false,true,false,false,false,true,false,true,true,true,true,true,true,true,1366,1366,Electricians Across Sydney & Surrounding Regions,,PASS,
Google Chrome,/service-areas/canterbury-bankstown-and-inner-south-west/canterbury-bankstown/panania/,1366x768,desktop/laptop,200,true,true,true,true,false,true,false,false,false,true,false,true,true,true,true,true,true,true,1366,1366,Electrician Panania 2213,,PASS,
Google Chrome,/service-areas/sydney-city-and-eastern-suburbs/randwick/coogee/,1366x768,desktop/laptop,200,true,true,true,true,false,true,false,false,false,true,false,true,true,true,true,true,true,true,1366,1366,Electrician Coogee 2034,,PASS,
Google Chrome,/privacy-policy/,1366x768,desktop/laptop,200,true,true,true,true,false,true,false,false,false,true,false,true,true,true,true,true,true,true,1366,1366,Privacy Policy,,PASS,
Google Chrome,/terms/,1366x768,desktop/laptop,200,true,true,true,true,false,true,false,false,false,true,false,true,true,true,true,true,true,true,1366,1366,Terms of Use,,PASS,
Google Chrome,/,1440x900,desktop/laptop,200,true,true,true,true,false,true,false,false,false,true,false,true,true,true,true,true,true,true,1440,1440,Emergency electrical fault? Call now — 0461 247 247,,PASS,
Google Chrome,/emergency-electrician-sydney/,1440x900,desktop/laptop,200,true,true,true,true,false,true,false,false,false,true,false,true,true,true,true,true,true,true,1440,1440,Emergency electrical fault? Call now — 0461 247 247,,PASS,
Google Chrome,/level-2-electrician-sydney/,1440x900,desktop/laptop,200,true,true,true,true,false,true,false,false,false,true,false,true,true,true,true,true,true,true,1440,1440,Level 2 Electrician Sydney & Surrounding Regions,,PASS,
Google Chrome,/services/,1440x900,desktop/laptop,200,true,true,true,true,false,true,false,false,false,true,false,true,true,true,true,true,true,true,1440,1440,Electrical Services Sydney & Surrounding Regions,,PASS,
Google Chrome,/services/consumer-mains-sydney/,1440x900,desktop/laptop,200,true,true,true,true,false,true,false,false,false,true,false,true,true,true,true,true,true,true,1440,1440,Consumer Mains Electrician Sydney & Surrounding Regions,,PASS,
Google Chrome,/services/defect-notice-repairs-sydney/,1440x900,desktop/laptop,200,true,true,true,true,false,true,false,false,false,true,false,true,true,true,true,true,true,true,1440,1440,Electrical Defect Notice Repairs Sydney & Surrounding Regions,,PASS,
Google Chrome,/services/point-of-attachment-repairs-sydney/,1440x900,desktop/laptop,200,true,true,true,true,false,true,false,false,false,true,false,true,true,true,true,true,true,true,1440,1440,Point of Attachment Repairs Sydney & Surrounding Regions,,PASS,
Google Chrome,/services/switchboard-upgrades-sydney/,1440x900,desktop/laptop,200,true,true,true,true,false,true,false,false,false,true,false,true,true,true,true,true,true,true,1440,1440,Switchboard Upgrades Sydney & Surrounding Regions,,PASS,
Google Chrome,/service-areas/,1440x900,desktop/laptop,200,true,true,true,true,false,true,false,false,false,true,false,true,true,true,true,true,true,true,1440,1440,Electricians Across Sydney & Surrounding Regions,,PASS,
Google Chrome,/service-areas/canterbury-bankstown-and-inner-south-west/canterbury-bankstown/panania/,1440x900,desktop/laptop,200,true,true,true,true,false,true,false,false,false,true,false,true,true,true,true,true,true,true,1440,1440,Electrician Panania 2213,,PASS,
Google Chrome,/service-areas/sydney-city-and-eastern-suburbs/randwick/coogee/,1440x900,desktop/laptop,200,true,true,true,true,false,true,false,false,false,true,false,true,true,true,true,true,true,true,1440,1440,Electrician Coogee 2034,,PASS,
Google Chrome,/privacy-policy/,1440x900,desktop/laptop,200,true,true,true,true,false,true,false,false,false,true,false,true,true,true,true,true,true,true,1440,1440,Privacy Policy,,PASS,
Google Chrome,/terms/,1440x900,desktop/laptop,200,true,true,true,true,false,true,false,false,false,true,false,true,true,true,true,true,true,true,1440,1440,Terms of Use,,PASS,
Google Chrome,/,1536x864,desktop/laptop,200,true,true,true,true,false,true,false,false,false,true,false,true,true,true,true,true,true,true,1536,1536,Emergency electrical fault? Call now — 0461 247 247,,PASS,
Google Chrome,/emergency-electrician-sydney/,1536x864,desktop/laptop,200,true,true,true,true,false,true,false,false,false,true,false,true,true,true,true,true,true,true,1536,1536,Emergency electrical fault? Call now — 0461 247 247,,PASS,
Google Chrome,/level-2-electrician-sydney/,1536x864,desktop/laptop,200,true,true,true,true,false,true,false,false,false,true,false,true,true,true,true,true,true,true,1536,1536,Level 2 Electrician Sydney & Surrounding Regions,,PASS,
Google Chrome,/services/,1536x864,desktop/laptop,200,true,true,true,true,false,true,false,false,false,true,false,true,true,true,true,true,true,true,1536,1536,Electrical Services Sydney & Surrounding Regions,,PASS,
Google Chrome,/services/consumer-mains-sydney/,1536x864,desktop/laptop,200,true,true,true,true,false,true,false,false,false,true,false,true,true,true,true,true,true,true,1536,1536,Consumer Mains Electrician Sydney & Surrounding Regions,,PASS,
Google Chrome,/services/defect-notice-repairs-sydney/,1536x864,desktop/laptop,200,true,true,true,true,false,true,false,false,false,true,false,true,true,true,true,true,true,true,1536,1536,Electrical Defect Notice Repairs Sydney & Surrounding Regions,,PASS,
Google Chrome,/services/point-of-attachment-repairs-sydney/,1536x864,desktop/laptop,200,true,true,true,true,false,true,false,false,false,true,false,true,true,true,true,true,true,true,1536,1536,Point of Attachment Repairs Sydney & Surrounding Regions,,PASS,
Google Chrome,/services/switchboard-upgrades-sydney/,1536x864,desktop/laptop,200,true,true,true,true,false,true,false,false,false,true,false,true,true,true,true,true,true,true,1536,1536,Switchboard Upgrades Sydney & Surrounding Regions,,PASS,
Google Chrome,/service-areas/,1536x864,desktop/laptop,200,true,true,true,true,false,true,false,false,false,true,false,true,true,true,true,true,true,true,1536,1536,Electricians Across Sydney & Surrounding Regions,,PASS,
Google Chrome,/service-areas/canterbury-bankstown-and-inner-south-west/canterbury-bankstown/panania/,1536x864,desktop/laptop,200,true,true,true,true,false,true,false,false,false,true,false,true,true,true,true,true,true,true,1536,1536,Electrician Panania 2213,,PASS,
Google Chrome,/service-areas/sydney-city-and-eastern-suburbs/randwick/coogee/,1536x864,desktop/laptop,200,true,true,true,true,false,true,false,false,false,true,false,true,true,true,true,true,true,true,1536,1536,Electrician Coogee 2034,,PASS,
Google Chrome,/privacy-policy/,1536x864,desktop/laptop,200,true,true,true,true,false,true,false,false,false,true,false,true,true,true,true,true,true,true,1536,1536,Privacy Policy,,PASS,
Google Chrome,/terms/,1536x864,desktop/laptop,200,true,true,true,true,false,true,false,false,false,true,false,true,true,true,true,true,true,true,1536,1536,Terms of Use,,PASS,
Google Chrome,/,1600x900,desktop/laptop,200,true,true,true,true,false,true,false,true,false,false,false,true,true,true,true,true,true,true,1600,1600,Emergency electrical fault? Call now — 0461 247 247,,PASS,
Google Chrome,/emergency-electrician-sydney/,1600x900,desktop/laptop,200,true,true,true,true,false,true,false,true,false,false,false,true,true,true,true,true,true,true,1600,1600,Emergency electrical fault? Call now — 0461 247 247,,PASS,
Google Chrome,/level-2-electrician-sydney/,1600x900,desktop/laptop,200,true,true,true,true,false,true,false,true,false,false,false,true,true,true,true,true,true,true,1600,1600,Level 2 Electrician Sydney & Surrounding Regions,,PASS,
Google Chrome,/services/,1600x900,desktop/laptop,200,true,true,true,true,false,true,false,true,false,false,false,true,true,true,true,true,true,true,1600,1600,Electrical Services Sydney & Surrounding Regions,,PASS,
Google Chrome,/services/consumer-mains-sydney/,1600x900,desktop/laptop,200,true,true,true,true,false,true,false,true,false,false,false,true,true,true,true,true,true,true,1600,1600,Consumer Mains Electrician Sydney & Surrounding Regions,,PASS,
Google Chrome,/services/defect-notice-repairs-sydney/,1600x900,desktop/laptop,200,true,true,true,true,false,true,false,true,false,false,false,true,true,true,true,true,true,true,1600,1600,Electrical Defect Notice Repairs Sydney & Surrounding Regions,,PASS,
Google Chrome,/services/point-of-attachment-repairs-sydney/,1600x900,desktop/laptop,200,true,true,true,true,false,true,false,true,false,false,false,true,true,true,true,true,true,true,1600,1600,Point of Attachment Repairs Sydney & Surrounding Regions,,PASS,
Google Chrome,/services/switchboard-upgrades-sydney/,1600x900,desktop/laptop,200,true,true,true,true,false,true,false,true,false,false,false,true,true,true,true,true,true,true,1600,1600,Switchboard Upgrades Sydney & Surrounding Regions,,PASS,
Google Chrome,/service-areas/,1600x900,desktop/laptop,200,true,true,true,true,false,true,false,true,false,false,false,true,true,true,true,true,true,true,1600,1600,Electricians Across Sydney & Surrounding Regions,,PASS,
Google Chrome,/service-areas/canterbury-bankstown-and-inner-south-west/canterbury-bankstown/panania/,1600x900,desktop/laptop,200,true,true,true,true,false,true,false,true,false,false,false,true,true,true,true,true,true,true,1600,1600,Electrician Panania 2213,,PASS,
Google Chrome,/service-areas/sydney-city-and-eastern-suburbs/randwick/coogee/,1600x900,desktop/laptop,200,true,true,true,true,false,true,false,true,false,false,false,true,true,true,true,true,true,true,1600,1600,Electrician Coogee 2034,,PASS,
Google Chrome,/privacy-policy/,1600x900,desktop/laptop,200,true,true,true,true,false,true,false,true,false,false,false,true,true,true,true,true,true,true,1600,1600,Privacy Policy,,PASS,
Google Chrome,/terms/,1600x900,desktop/laptop,200,true,true,true,true,false,true,false,true,false,false,false,true,true,true,true,true,true,true,1600,1600,Terms of Use,,PASS,
Google Chrome,/,1920x1080,desktop/laptop,200,true,true,true,true,false,true,false,true,false,false,false,true,true,true,true,true,true,true,1920,1920,Emergency electrical fault? Call now — 0461 247 247,,PASS,
Google Chrome,/emergency-electrician-sydney/,1920x1080,desktop/laptop,200,true,true,true,true,false,true,false,true,false,false,false,true,true,true,true,true,true,true,1920,1920,Emergency electrical fault? Call now — 0461 247 247,,PASS,
Google Chrome,/level-2-electrician-sydney/,1920x1080,desktop/laptop,200,true,true,true,true,false,true,false,true,false,false,false,true,true,true,true,true,true,true,1920,1920,Level 2 Electrician Sydney & Surrounding Regions,,PASS,
Google Chrome,/services/,1920x1080,desktop/laptop,200,true,true,true,true,false,true,false,true,false,false,false,true,true,true,true,true,true,true,1920,1920,Electrical Services Sydney & Surrounding Regions,,PASS,
Google Chrome,/services/consumer-mains-sydney/,1920x1080,desktop/laptop,200,true,true,true,true,false,true,false,true,false,false,false,true,true,true,true,true,true,true,1920,1920,Consumer Mains Electrician Sydney & Surrounding Regions,,PASS,
Google Chrome,/services/defect-notice-repairs-sydney/,1920x1080,desktop/laptop,200,true,true,true,true,false,true,false,true,false,false,false,true,true,true,true,true,true,true,1920,1920,Electrical Defect Notice Repairs Sydney & Surrounding Regions,,PASS,
Google Chrome,/services/point-of-attachment-repairs-sydney/,1920x1080,desktop/laptop,200,true,true,true,true,false,true,false,true,false,false,false,true,true,true,true,true,true,true,1920,1920,Point of Attachment Repairs Sydney & Surrounding Regions,,PASS,
Google Chrome,/services/switchboard-upgrades-sydney/,1920x1080,desktop/laptop,200,true,true,true,true,false,true,false,true,false,false,false,true,true,true,true,true,true,true,1920,1920,Switchboard Upgrades Sydney & Surrounding Regions,,PASS,
Google Chrome,/service-areas/,1920x1080,desktop/laptop,200,true,true,true,true,false,true,false,true,false,false,false,true,true,true,true,true,true,true,1920,1920,Electricians Across Sydney & Surrounding Regions,,PASS,
Google Chrome,/service-areas/canterbury-bankstown-and-inner-south-west/canterbury-bankstown/panania/,1920x1080,desktop/laptop,200,true,true,true,true,false,true,false,true,false,false,false,true,true,true,true,true,true,true,1920,1920,Electrician Panania 2213,,PASS,
Google Chrome,/service-areas/sydney-city-and-eastern-suburbs/randwick/coogee/,1920x1080,desktop/laptop,200,true,true,true,true,false,true,false,true,false,false,false,true,true,true,true,true,true,true,1920,1920,Electrician Coogee 2034,,PASS,
Google Chrome,/privacy-policy/,1920x1080,desktop/laptop,200,true,true,true,true,false,true,false,true,false,false,false,true,true,true,true,true,true,true,1920,1920,Privacy Policy,,PASS,
Google Chrome,/terms/,1920x1080,desktop/laptop,200,true,true,true,true,false,true,false,true,false,false,false,true,true,true,true,true,true,true,1920,1920,Terms of Use,,PASS,
Google Chrome,/,768x1024,tablet,200,true,true,true,true,false,true,false,false,false,true,false,true,true,true,true,true,true,true,768,768,Emergency electrical fault? Call now — 0461 247 247,,PASS,
Google Chrome,/emergency-electrician-sydney/,768x1024,tablet,200,true,true,true,true,false,true,false,false,false,true,false,true,true,true,true,true,true,true,768,768,Emergency electrical fault? Call now — 0461 247 247,,PASS,
Google Chrome,/level-2-electrician-sydney/,768x1024,tablet,200,true,true,true,true,false,true,false,false,false,true,false,true,true,true,true,true,true,true,768,768,Level 2 Electrician Sydney & Surrounding Regions,,PASS,
Google Chrome,/services/,768x1024,tablet,200,true,true,true,true,false,true,false,false,false,true,false,true,true,true,true,true,true,true,768,768,Electrical Services Sydney & Surrounding Regions,,PASS,
Google Chrome,/services/consumer-mains-sydney/,768x1024,tablet,200,true,true,true,true,false,true,false,false,false,true,false,true,true,true,true,true,true,true,768,768,Consumer Mains Electrician Sydney & Surrounding Regions,,PASS,
Google Chrome,/services/defect-notice-repairs-sydney/,768x1024,tablet,200,true,true,true,true,false,true,false,false,false,true,false,true,true,true,true,true,true,true,768,768,Electrical Defect Notice Repairs Sydney & Surrounding Regions,,PASS,
Google Chrome,/services/point-of-attachment-repairs-sydney/,768x1024,tablet,200,true,true,true,true,false,true,false,false,false,true,false,true,true,true,true,true,true,true,768,768,Point of Attachment Repairs Sydney & Surrounding Regions,,PASS,
Google Chrome,/services/switchboard-upgrades-sydney/,768x1024,tablet,200,true,true,true,true,false,true,false,false,false,true,false,true,true,true,true,true,true,true,768,768,Switchboard Upgrades Sydney & Surrounding Regions,,PASS,
Google Chrome,/service-areas/,768x1024,tablet,200,true,true,true,true,false,true,false,false,false,true,false,true,true,true,true,true,true,true,768,768,Electricians Across Sydney & Surrounding Regions,,PASS,
Google Chrome,/service-areas/canterbury-bankstown-and-inner-south-west/canterbury-bankstown/panania/,768x1024,tablet,200,true,true,true,true,false,true,false,false,false,true,false,true,true,true,true,true,true,true,768,768,Electrician Panania 2213,,PASS,
Google Chrome,/service-areas/sydney-city-and-eastern-suburbs/randwick/coogee/,768x1024,tablet,200,true,true,true,true,false,true,false,false,false,true,false,true,true,true,true,true,true,true,768,768,Electrician Coogee 2034,,PASS,
Google Chrome,/privacy-policy/,768x1024,tablet,200,true,true,true,true,false,true,false,false,false,true,false,true,true,true,true,true,true,true,768,768,Privacy Policy,,PASS,
Google Chrome,/terms/,768x1024,tablet,200,true,true,true,true,false,true,false,false,false,true,false,true,true,true,true,true,true,true,768,768,Terms of Use,,PASS,
Google Chrome,/,820x1180,tablet,200,true,true,true,true,false,true,false,false,false,true,false,true,true,true,true,true,true,true,820,820,Emergency electrical fault? Call now — 0461 247 247,,PASS,
Google Chrome,/emergency-electrician-sydney/,820x1180,tablet,200,true,true,true,true,false,true,false,false,false,true,false,true,true,true,true,true,true,true,820,820,Emergency electrical fault? Call now — 0461 247 247,,PASS,
Google Chrome,/level-2-electrician-sydney/,820x1180,tablet,200,true,true,true,true,false,true,false,false,false,true,false,true,true,true,true,true,true,true,820,820,Level 2 Electrician Sydney & Surrounding Regions,,PASS,
Google Chrome,/services/,820x1180,tablet,200,true,true,true,true,false,true,false,false,false,true,false,true,true,true,true,true,true,true,820,820,Electrical Services Sydney & Surrounding Regions,,PASS,
Google Chrome,/services/consumer-mains-sydney/,820x1180,tablet,200,true,true,true,true,false,true,false,false,false,true,false,true,true,true,true,true,true,true,820,820,Consumer Mains Electrician Sydney & Surrounding Regions,,PASS,
Google Chrome,/services/defect-notice-repairs-sydney/,820x1180,tablet,200,true,true,true,true,false,true,false,false,false,true,false,true,true,true,true,true,true,true,820,820,Electrical Defect Notice Repairs Sydney & Surrounding Regions,,PASS,
Google Chrome,/services/point-of-attachment-repairs-sydney/,820x1180,tablet,200,true,true,true,true,false,true,false,false,false,true,false,true,true,true,true,true,true,true,820,820,Point of Attachment Repairs Sydney & Surrounding Regions,,PASS,
Google Chrome,/services/switchboard-upgrades-sydney/,820x1180,tablet,200,true,true,true,true,false,true,false,false,false,true,false,true,true,true,true,true,true,true,820,820,Switchboard Upgrades Sydney & Surrounding Regions,,PASS,
Google Chrome,/service-areas/,820x1180,tablet,200,true,true,true,true,false,true,false,false,false,true,false,true,true,true,true,true,true,true,820,820,Electricians Across Sydney & Surrounding Regions,,PASS,
Google Chrome,/service-areas/canterbury-bankstown-and-inner-south-west/canterbury-bankstown/panania/,820x1180,tablet,200,true,true,true,true,false,true,false,false,false,true,false,true,true,true,true,true,true,true,820,820,Electrician Panania 2213,,PASS,
Google Chrome,/service-areas/sydney-city-and-eastern-suburbs/randwick/coogee/,820x1180,tablet,200,true,true,true,true,false,true,false,false,false,true,false,true,true,true,true,true,true,true,820,820,Electrician Coogee 2034,,PASS,
Google Chrome,/privacy-policy/,820x1180,tablet,200,true,true,true,true,false,true,false,false,false,true,false,true,true,true,true,true,true,true,820,820,Privacy Policy,,PASS,
Google Chrome,/terms/,820x1180,tablet,200,true,true,true,true,false,true,false,false,false,true,false,true,true,true,true,true,true,true,820,820,Terms of Use,,PASS,
Google Chrome,/,834x1194,tablet,200,true,true,true,true,false,true,false,false,false,true,false,true,true,true,true,true,true,true,834,834,Emergency electrical fault? Call now — 0461 247 247,,PASS,
Google Chrome,/emergency-electrician-sydney/,834x1194,tablet,200,true,true,true,true,false,true,false,false,false,true,false,true,true,true,true,true,true,true,834,834,Emergency electrical fault? Call now — 0461 247 247,,PASS,
Google Chrome,/level-2-electrician-sydney/,834x1194,tablet,200,true,true,true,true,false,true,false,false,false,true,false,true,true,true,true,true,true,true,834,834,Level 2 Electrician Sydney & Surrounding Regions,,PASS,
Google Chrome,/services/,834x1194,tablet,200,true,true,true,true,false,true,false,false,false,true,false,true,true,true,true,true,true,true,834,834,Electrical Services Sydney & Surrounding Regions,,PASS,
Google Chrome,/services/consumer-mains-sydney/,834x1194,tablet,200,true,true,true,true,false,true,false,false,false,true,false,true,true,true,true,true,true,true,834,834,Consumer Mains Electrician Sydney & Surrounding Regions,,PASS,
Google Chrome,/services/defect-notice-repairs-sydney/,834x1194,tablet,200,true,true,true,true,false,true,false,false,false,true,false,true,true,true,true,true,true,true,834,834,Electrical Defect Notice Repairs Sydney & Surrounding Regions,,PASS,
Google Chrome,/services/point-of-attachment-repairs-sydney/,834x1194,tablet,200,true,true,true,true,false,true,false,false,false,true,false,true,true,true,true,true,true,true,834,834,Point of Attachment Repairs Sydney & Surrounding Regions,,PASS,
Google Chrome,/services/switchboard-upgrades-sydney/,834x1194,tablet,200,true,true,true,true,false,true,false,false,false,true,false,true,true,true,true,true,true,true,834,834,Switchboard Upgrades Sydney & Surrounding Regions,,PASS,
Google Chrome,/service-areas/,834x1194,tablet,200,true,true,true,true,false,true,false,false,false,true,false,true,true,true,true,true,true,true,834,834,Electricians Across Sydney & Surrounding Regions,,PASS,
Google Chrome,/service-areas/canterbury-bankstown-and-inner-south-west/canterbury-bankstown/panania/,834x1194,tablet,200,true,true,true,true,false,true,false,false,false,true,false,true,true,true,true,true,true,true,834,834,Electrician Panania 2213,,PASS,
Google Chrome,/service-areas/sydney-city-and-eastern-suburbs/randwick/coogee/,834x1194,tablet,200,true,true,true,true,false,true,false,false,false,true,false,true,true,true,true,true,true,true,834,834,Electrician Coogee 2034,,PASS,
Google Chrome,/privacy-policy/,834x1194,tablet,200,true,true,true,true,false,true,false,false,false,true,false,true,true,true,true,true,true,true,834,834,Privacy Policy,,PASS,
Google Chrome,/terms/,834x1194,tablet,200,true,true,true,true,false,true,false,false,false,true,false,true,true,true,true,true,true,true,834,834,Terms of Use,,PASS,
Google Chrome,/,912x1368,tablet,200,true,true,true,true,false,true,false,false,false,true,false,true,true,true,true,true,true,true,912,912,Emergency electrical fault? Call now — 0461 247 247,,PASS,
Google Chrome,/emergency-electrician-sydney/,912x1368,tablet,200,true,true,true,true,false,true,false,false,false,true,false,true,true,true,true,true,true,true,912,912,Emergency electrical fault? Call now — 0461 247 247,,PASS,
Google Chrome,/level-2-electrician-sydney/,912x1368,tablet,200,true,true,true,true,false,true,false,false,false,true,false,true,true,true,true,true,true,true,912,912,Level 2 Electrician Sydney & Surrounding Regions,,PASS,
Google Chrome,/services/,912x1368,tablet,200,true,true,true,true,false,true,false,false,false,true,false,true,true,true,true,true,true,true,912,912,Electrical Services Sydney & Surrounding Regions,,PASS,
Google Chrome,/services/consumer-mains-sydney/,912x1368,tablet,200,true,true,true,true,false,true,false,false,false,true,false,true,true,true,true,true,true,true,912,912,Consumer Mains Electrician Sydney & Surrounding Regions,,PASS,
Google Chrome,/services/defect-notice-repairs-sydney/,912x1368,tablet,200,true,true,true,true,false,true,false,false,false,true,false,true,true,true,true,true,true,true,912,912,Electrical Defect Notice Repairs Sydney & Surrounding Regions,,PASS,
Google Chrome,/services/point-of-attachment-repairs-sydney/,912x1368,tablet,200,true,true,true,true,false,true,false,false,false,true,false,true,true,true,true,true,true,true,912,912,Point of Attachment Repairs Sydney & Surrounding Regions,,PASS,
Google Chrome,/services/switchboard-upgrades-sydney/,912x1368,tablet,200,true,true,true,true,false,true,false,false,false,true,false,true,true,true,true,true,true,true,912,912,Switchboard Upgrades Sydney & Surrounding Regions,,PASS,
Google Chrome,/service-areas/,912x1368,tablet,200,true,true,true,true,false,true,false,false,false,true,false,true,true,true,true,true,true,true,912,912,Electricians Across Sydney & Surrounding Regions,,PASS,
Google Chrome,/service-areas/canterbury-bankstown-and-inner-south-west/canterbury-bankstown/panania/,912x1368,tablet,200,true,true,true,true,false,true,false,false,false,true,false,true,true,true,true,true,true,true,912,912,Electrician Panania 2213,,PASS,
Google Chrome,/service-areas/sydney-city-and-eastern-suburbs/randwick/coogee/,912x1368,tablet,200,true,true,true,true,false,true,false,false,false,true,false,true,true,true,true,true,true,true,912,912,Electrician Coogee 2034,,PASS,
Google Chrome,/privacy-policy/,912x1368,tablet,200,true,true,true,true,false,true,false,false,false,true,false,true,true,true,true,true,true,true,912,912,Privacy Policy,,PASS,
Google Chrome,/terms/,912x1368,tablet,200,true,true,true,true,false,true,false,false,false,true,false,true,true,true,true,true,true,true,912,912,Terms of Use,,PASS,
Google Chrome,/,1024x1366,tablet,200,true,true,true,true,false,true,false,false,false,true,false,true,true,true,true,true,true,true,1024,1024,Emergency electrical fault? Call now — 0461 247 247,,PASS,
Google Chrome,/emergency-electrician-sydney/,1024x1366,tablet,200,true,true,true,true,false,true,false,false,false,true,false,true,true,true,true,true,true,true,1024,1024,Emergency electrical fault? Call now — 0461 247 247,,PASS,
Google Chrome,/level-2-electrician-sydney/,1024x1366,tablet,200,true,true,true,true,false,true,false,false,false,true,false,true,true,true,true,true,true,true,1024,1024,Level 2 Electrician Sydney & Surrounding Regions,,PASS,
Google Chrome,/services/,1024x1366,tablet,200,true,true,true,true,false,true,false,false,false,true,false,true,true,true,true,true,true,true,1024,1024,Electrical Services Sydney & Surrounding Regions,,PASS,
Google Chrome,/services/consumer-mains-sydney/,1024x1366,tablet,200,true,true,true,true,false,true,false,false,false,true,false,true,true,true,true,true,true,true,1024,1024,Consumer Mains Electrician Sydney & Surrounding Regions,,PASS,
Google Chrome,/services/defect-notice-repairs-sydney/,1024x1366,tablet,200,true,true,true,true,false,true,false,false,false,true,false,true,true,true,true,true,true,true,1024,1024,Electrical Defect Notice Repairs Sydney & Surrounding Regions,,PASS,
Google Chrome,/services/point-of-attachment-repairs-sydney/,1024x1366,tablet,200,true,true,true,true,false,true,false,false,false,true,false,true,true,true,true,true,true,true,1024,1024,Point of Attachment Repairs Sydney & Surrounding Regions,,PASS,
Google Chrome,/services/switchboard-upgrades-sydney/,1024x1366,tablet,200,true,true,true,true,false,true,false,false,false,true,false,true,true,true,true,true,true,true,1024,1024,Switchboard Upgrades Sydney & Surrounding Regions,,PASS,
Google Chrome,/service-areas/,1024x1366,tablet,200,true,true,true,true,false,true,false,false,false,true,false,true,true,true,true,true,true,true,1024,1024,Electricians Across Sydney & Surrounding Regions,,PASS,
Google Chrome,/service-areas/canterbury-bankstown-and-inner-south-west/canterbury-bankstown/panania/,1024x1366,tablet,200,true,true,true,true,false,true,false,false,false,true,false,true,true,true,true,true,true,true,1024,1024,Electrician Panania 2213,,PASS,
Google Chrome,/service-areas/sydney-city-and-eastern-suburbs/randwick/coogee/,1024x1366,tablet,200,true,true,true,true,false,true,false,false,false,true,false,true,true,true,true,true,true,true,1024,1024,Electrician Coogee 2034,,PASS,
Google Chrome,/privacy-policy/,1024x1366,tablet,200,true,true,true,true,false,true,false,false,false,true,false,true,true,true,true,true,true,true,1024,1024,Privacy Policy,,PASS,
Google Chrome,/terms/,1024x1366,tablet,200,true,true,true,true,false,true,false,false,false,true,false,true,true,true,true,true,true,true,1024,1024,Terms of Use,,PASS,
Google Chrome,/,1280x800,tablet,200,true,true,true,true,false,true,false,false,false,true,false,true,true,true,true,true,true,true,1280,1280,Emergency electrical fault? Call now — 0461 247 247,,PASS,
Google Chrome,/emergency-electrician-sydney/,1280x800,tablet,200,true,true,true,true,false,true,false,false,false,true,false,true,true,true,true,true,true,true,1280,1280,Emergency electrical fault? Call now — 0461 247 247,,PASS,
Google Chrome,/level-2-electrician-sydney/,1280x800,tablet,200,true,true,true,true,false,true,false,false,false,true,false,true,true,true,true,true,true,true,1280,1280,Level 2 Electrician Sydney & Surrounding Regions,,PASS,
Google Chrome,/services/,1280x800,tablet,200,true,true,true,true,false,true,false,false,false,true,false,true,true,true,true,true,true,true,1280,1280,Electrical Services Sydney & Surrounding Regions,,PASS,
Google Chrome,/services/consumer-mains-sydney/,1280x800,tablet,200,true,true,true,true,false,true,false,false,false,true,false,true,true,true,true,true,true,true,1280,1280,Consumer Mains Electrician Sydney & Surrounding Regions,,PASS,
Google Chrome,/services/defect-notice-repairs-sydney/,1280x800,tablet,200,true,true,true,true,false,true,false,false,false,true,false,true,true,true,true,true,true,true,1280,1280,Electrical Defect Notice Repairs Sydney & Surrounding Regions,,PASS,
Google Chrome,/services/point-of-attachment-repairs-sydney/,1280x800,tablet,200,true,true,true,true,false,true,false,false,false,true,false,true,true,true,true,true,true,true,1280,1280,Point of Attachment Repairs Sydney & Surrounding Regions,,PASS,
Google Chrome,/services/switchboard-upgrades-sydney/,1280x800,tablet,200,true,true,true,true,false,true,false,false,false,true,false,true,true,true,true,true,true,true,1280,1280,Switchboard Upgrades Sydney & Surrounding Regions,,PASS,
Google Chrome,/service-areas/,1280x800,tablet,200,true,true,true,true,false,true,false,false,false,true,false,true,true,true,true,true,true,true,1280,1280,Electricians Across Sydney & Surrounding Regions,,PASS,
Google Chrome,/service-areas/canterbury-bankstown-and-inner-south-west/canterbury-bankstown/panania/,1280x800,tablet,200,true,true,true,true,false,true,false,false,false,true,false,true,true,true,true,true,true,true,1280,1280,Electrician Panania 2213,,PASS,
Google Chrome,/service-areas/sydney-city-and-eastern-suburbs/randwick/coogee/,1280x800,tablet,200,true,true,true,true,false,true,false,false,false,true,false,true,true,true,true,true,true,true,1280,1280,Electrician Coogee 2034,,PASS,
Google Chrome,/privacy-policy/,1280x800,tablet,200,true,true,true,true,false,true,false,false,false,true,false,true,true,true,true,true,true,true,1280,1280,Privacy Policy,,PASS,
Google Chrome,/terms/,1280x800,tablet,200,true,true,true,true,false,true,false,false,false,true,false,true,true,true,true,true,true,true,1280,1280,Terms of Use,,PASS,
Google Chrome,/,360x800,mobile,200,true,true,true,true,false,true,false,false,false,true,false,true,true,true,true,true,true,true,360,360,Emergency electrical fault? Call now — 0461 247 247,,PASS,
Google Chrome,/emergency-electrician-sydney/,360x800,mobile,200,true,true,true,true,false,true,false,false,false,true,false,true,true,true,true,true,true,true,360,360,Emergency electrical fault? Call now — 0461 247 247,,PASS,
Google Chrome,/level-2-electrician-sydney/,360x800,mobile,200,true,true,true,true,false,true,false,false,false,true,false,true,true,true,true,true,true,true,360,360,Level 2 Electrician Sydney & Surrounding Regions,,PASS,
Google Chrome,/services/,360x800,mobile,200,true,true,true,true,false,true,false,false,false,true,false,true,true,true,true,true,true,true,360,360,Electrical Services Sydney & Surrounding Regions,,PASS,
Google Chrome,/services/consumer-mains-sydney/,360x800,mobile,200,true,true,true,true,false,true,false,false,false,true,false,true,true,true,true,true,true,true,360,360,Consumer Mains Electrician Sydney & Surrounding Regions,,PASS,
Google Chrome,/services/defect-notice-repairs-sydney/,360x800,mobile,200,true,true,true,true,false,true,false,false,false,true,false,true,true,true,true,true,true,true,360,360,Electrical Defect Notice Repairs Sydney & Surrounding Regions,,PASS,
Google Chrome,/services/point-of-attachment-repairs-sydney/,360x800,mobile,200,true,true,true,true,false,true,false,false,false,true,false,true,true,true,true,true,true,true,360,360,Point of Attachment Repairs Sydney & Surrounding Regions,,PASS,
Google Chrome,/services/switchboard-upgrades-sydney/,360x800,mobile,200,true,true,true,true,false,true,false,false,false,true,false,true,true,true,true,true,true,true,360,360,Switchboard Upgrades Sydney & Surrounding Regions,,PASS,
Google Chrome,/service-areas/,360x800,mobile,200,true,true,true,true,false,true,false,false,false,true,false,true,true,true,true,true,true,true,360,360,Electricians Across Sydney & Surrounding Regions,,PASS,
Google Chrome,/service-areas/canterbury-bankstown-and-inner-south-west/canterbury-bankstown/panania/,360x800,mobile,200,true,true,true,true,false,true,false,false,false,true,false,true,true,true,true,true,true,true,360,360,Electrician Panania 2213,,PASS,
Google Chrome,/service-areas/sydney-city-and-eastern-suburbs/randwick/coogee/,360x800,mobile,200,true,true,true,true,false,true,false,false,false,true,false,true,true,true,true,true,true,true,360,360,Electrician Coogee 2034,,PASS,
Google Chrome,/privacy-policy/,360x800,mobile,200,true,true,true,true,false,true,false,false,false,true,false,true,true,true,true,true,true,true,360,360,Privacy Policy,,PASS,
Google Chrome,/terms/,360x800,mobile,200,true,true,true,true,false,true,false,false,false,true,false,true,true,true,true,true,true,true,360,360,Terms of Use,,PASS,
Google Chrome,/,375x812,mobile,200,true,true,true,true,false,true,false,false,false,true,false,true,true,true,true,true,true,true,375,375,Emergency electrical fault? Call now — 0461 247 247,,PASS,
Google Chrome,/emergency-electrician-sydney/,375x812,mobile,200,true,true,true,true,false,true,false,false,false,true,false,true,true,true,true,true,true,true,375,375,Emergency electrical fault? Call now — 0461 247 247,,PASS,
Google Chrome,/level-2-electrician-sydney/,375x812,mobile,200,true,true,true,true,false,true,false,false,false,true,false,true,true,true,true,true,true,true,375,375,Level 2 Electrician Sydney & Surrounding Regions,,PASS,
Google Chrome,/services/,375x812,mobile,200,true,true,true,true,false,true,false,false,false,true,false,true,true,true,true,true,true,true,375,375,Electrical Services Sydney & Surrounding Regions,,PASS,
Google Chrome,/services/consumer-mains-sydney/,375x812,mobile,200,true,true,true,true,false,true,false,false,false,true,false,true,true,true,true,true,true,true,375,375,Consumer Mains Electrician Sydney & Surrounding Regions,,PASS,
Google Chrome,/services/defect-notice-repairs-sydney/,375x812,mobile,200,true,true,true,true,false,true,false,false,false,true,false,true,true,true,true,true,true,true,375,375,Electrical Defect Notice Repairs Sydney & Surrounding Regions,,PASS,
Google Chrome,/services/point-of-attachment-repairs-sydney/,375x812,mobile,200,true,true,true,true,false,true,false,false,false,true,false,true,true,true,true,true,true,true,375,375,Point of Attachment Repairs Sydney & Surrounding Regions,,PASS,
Google Chrome,/services/switchboard-upgrades-sydney/,375x812,mobile,200,true,true,true,true,false,true,false,false,false,true,false,true,true,true,true,true,true,true,375,375,Switchboard Upgrades Sydney & Surrounding Regions,,PASS,
Google Chrome,/service-areas/,375x812,mobile,200,true,true,true,true,false,true,false,false,false,true,false,true,true,true,true,true,true,true,375,375,Electricians Across Sydney & Surrounding Regions,,PASS,
Google Chrome,/service-areas/canterbury-bankstown-and-inner-south-west/canterbury-bankstown/panania/,375x812,mobile,200,true,true,true,true,false,true,false,false,false,true,false,true,true,true,true,true,true,true,375,375,Electrician Panania 2213,,PASS,
Google Chrome,/service-areas/sydney-city-and-eastern-suburbs/randwick/coogee/,375x812,mobile,200,true,true,true,true,false,true,false,false,false,true,false,true,true,true,true,true,true,true,375,375,Electrician Coogee 2034,,PASS,
Google Chrome,/privacy-policy/,375x812,mobile,200,true,true,true,true,false,true,false,false,false,true,false,true,true,true,true,true,true,true,375,375,Privacy Policy,,PASS,
Google Chrome,/terms/,375x812,mobile,200,true,true,true,true,false,true,false,false,false,true,false,true,true,true,true,true,true,true,375,375,Terms of Use,,PASS,
Google Chrome,/,390x844,mobile,200,true,true,true,true,false,true,false,false,false,true,false,true,true,true,true,true,true,true,390,390,Emergency electrical fault? Call now — 0461 247 247,,PASS,
Google Chrome,/emergency-electrician-sydney/,390x844,mobile,200,true,true,true,true,false,true,false,false,false,true,false,true,true,true,true,true,true,true,390,390,Emergency electrical fault? Call now — 0461 247 247,,PASS,
Google Chrome,/level-2-electrician-sydney/,390x844,mobile,200,true,true,true,true,false,true,false,false,false,true,false,true,true,true,true,true,true,true,390,390,Level 2 Electrician Sydney & Surrounding Regions,,PASS,
Google Chrome,/services/,390x844,mobile,200,true,true,true,true,false,true,false,false,false,true,false,true,true,true,true,true,true,true,390,390,Electrical Services Sydney & Surrounding Regions,,PASS,
Google Chrome,/services/consumer-mains-sydney/,390x844,mobile,200,true,true,true,true,false,true,false,false,false,true,false,true,true,true,true,true,true,true,390,390,Consumer Mains Electrician Sydney & Surrounding Regions,,PASS,
Google Chrome,/services/defect-notice-repairs-sydney/,390x844,mobile,200,true,true,true,true,false,true,false,false,false,true,false,true,true,true,true,true,true,true,390,390,Electrical Defect Notice Repairs Sydney & Surrounding Regions,,PASS,
Google Chrome,/services/point-of-attachment-repairs-sydney/,390x844,mobile,200,true,true,true,true,false,true,false,false,false,true,false,true,true,true,true,true,true,true,390,390,Point of Attachment Repairs Sydney & Surrounding Regions,,PASS,
Google Chrome,/services/switchboard-upgrades-sydney/,390x844,mobile,200,true,true,true,true,false,true,false,false,false,true,false,true,true,true,true,true,true,true,390,390,Switchboard Upgrades Sydney & Surrounding Regions,,PASS,
Google Chrome,/service-areas/,390x844,mobile,200,true,true,true,true,false,true,false,false,false,true,false,true,true,true,true,true,true,true,390,390,Electricians Across Sydney & Surrounding Regions,,PASS,
Google Chrome,/service-areas/canterbury-bankstown-and-inner-south-west/canterbury-bankstown/panania/,390x844,mobile,200,true,true,true,true,false,true,false,false,false,true,false,true,true,true,true,true,true,true,390,390,Electrician Panania 2213,reports/header-responsive-screenshots/chrome-service-areas-canterbury-bankstown-and-inner-south-west-canterbury-bankstown-panania-390x844-key.png,PASS,
Google Chrome,/service-areas/sydney-city-and-eastern-suburbs/randwick/coogee/,390x844,mobile,200,true,true,true,true,false,true,false,false,false,true,false,true,true,true,true,true,true,true,390,390,Electrician Coogee 2034,,PASS,
Google Chrome,/privacy-policy/,390x844,mobile,200,true,true,true,true,false,true,false,false,false,true,false,true,true,true,true,true,true,true,390,390,Privacy Policy,,PASS,
Google Chrome,/terms/,390x844,mobile,200,true,true,true,true,false,true,false,false,false,true,false,true,true,true,true,true,true,true,390,390,Terms of Use,,PASS,
Google Chrome,/,412x915,mobile,200,true,true,true,true,false,true,false,false,false,true,false,true,true,true,true,true,true,true,412,412,Emergency electrical fault? Call now — 0461 247 247,,PASS,
Google Chrome,/emergency-electrician-sydney/,412x915,mobile,200,true,true,true,true,false,true,false,false,false,true,false,true,true,true,true,true,true,true,412,412,Emergency electrical fault? Call now — 0461 247 247,,PASS,
Google Chrome,/level-2-electrician-sydney/,412x915,mobile,200,true,true,true,true,false,true,false,false,false,true,false,true,true,true,true,true,true,true,412,412,Level 2 Electrician Sydney & Surrounding Regions,,PASS,
Google Chrome,/services/,412x915,mobile,200,true,true,true,true,false,true,false,false,false,true,false,true,true,true,true,true,true,true,412,412,Electrical Services Sydney & Surrounding Regions,,PASS,
Google Chrome,/services/consumer-mains-sydney/,412x915,mobile,200,true,true,true,true,false,true,false,false,false,true,false,true,true,true,true,true,true,true,412,412,Consumer Mains Electrician Sydney & Surrounding Regions,,PASS,
Google Chrome,/services/defect-notice-repairs-sydney/,412x915,mobile,200,true,true,true,true,false,true,false,false,false,true,false,true,true,true,true,true,true,true,412,412,Electrical Defect Notice Repairs Sydney & Surrounding Regions,,PASS,
Google Chrome,/services/point-of-attachment-repairs-sydney/,412x915,mobile,200,true,true,true,true,false,true,false,false,false,true,false,true,true,true,true,true,true,true,412,412,Point of Attachment Repairs Sydney & Surrounding Regions,,PASS,
Google Chrome,/services/switchboard-upgrades-sydney/,412x915,mobile,200,true,true,true,true,false,true,false,false,false,true,false,true,true,true,true,true,true,true,412,412,Switchboard Upgrades Sydney & Surrounding Regions,,PASS,
Google Chrome,/service-areas/,412x915,mobile,200,true,true,true,true,false,true,false,false,false,true,false,true,true,true,true,true,true,true,412,412,Electricians Across Sydney & Surrounding Regions,,PASS,
Google Chrome,/service-areas/canterbury-bankstown-and-inner-south-west/canterbury-bankstown/panania/,412x915,mobile,200,true,true,true,true,false,true,false,false,false,true,false,true,true,true,true,true,true,true,412,412,Electrician Panania 2213,,PASS,
Google Chrome,/service-areas/sydney-city-and-eastern-suburbs/randwick/coogee/,412x915,mobile,200,true,true,true,true,false,true,false,false,false,true,false,true,true,true,true,true,true,true,412,412,Electrician Coogee 2034,,PASS,
Google Chrome,/privacy-policy/,412x915,mobile,200,true,true,true,true,false,true,false,false,false,true,false,true,true,true,true,true,true,true,412,412,Privacy Policy,,PASS,
Google Chrome,/terms/,412x915,mobile,200,true,true,true,true,false,true,false,false,false,true,false,true,true,true,true,true,true,true,412,412,Terms of Use,,PASS,
Google Chrome,/,430x932,mobile,200,true,true,true,true,false,true,false,false,false,true,false,true,true,true,true,true,true,true,430,430,Emergency electrical fault? Call now — 0461 247 247,,PASS,
Google Chrome,/emergency-electrician-sydney/,430x932,mobile,200,true,true,true,true,false,true,false,false,false,true,false,true,true,true,true,true,true,true,430,430,Emergency electrical fault? Call now — 0461 247 247,,PASS,
Google Chrome,/level-2-electrician-sydney/,430x932,mobile,200,true,true,true,true,false,true,false,false,false,true,false,true,true,true,true,true,true,true,430,430,Level 2 Electrician Sydney & Surrounding Regions,,PASS,
Google Chrome,/services/,430x932,mobile,200,true,true,true,true,false,true,false,false,false,true,false,true,true,true,true,true,true,true,430,430,Electrical Services Sydney & Surrounding Regions,,PASS,
Google Chrome,/services/consumer-mains-sydney/,430x932,mobile,200,true,true,true,true,false,true,false,false,false,true,false,true,true,true,true,true,true,true,430,430,Consumer Mains Electrician Sydney & Surrounding Regions,,PASS,
Google Chrome,/services/defect-notice-repairs-sydney/,430x932,mobile,200,true,true,true,true,false,true,false,false,false,true,false,true,true,true,true,true,true,true,430,430,Electrical Defect Notice Repairs Sydney & Surrounding Regions,,PASS,
Google Chrome,/services/point-of-attachment-repairs-sydney/,430x932,mobile,200,true,true,true,true,false,true,false,false,false,true,false,true,true,true,true,true,true,true,430,430,Point of Attachment Repairs Sydney & Surrounding Regions,,PASS,
Google Chrome,/services/switchboard-upgrades-sydney/,430x932,mobile,200,true,true,true,true,false,true,false,false,false,true,false,true,true,true,true,true,true,true,430,430,Switchboard Upgrades Sydney & Surrounding Regions,,PASS,
Google Chrome,/service-areas/,430x932,mobile,200,true,true,true,true,false,true,false,false,false,true,false,true,true,true,true,true,true,true,430,430,Electricians Across Sydney & Surrounding Regions,,PASS,
Google Chrome,/service-areas/canterbury-bankstown-and-inner-south-west/canterbury-bankstown/panania/,430x932,mobile,200,true,true,true,true,false,true,false,false,false,true,false,true,true,true,true,true,true,true,430,430,Electrician Panania 2213,,PASS,
Google Chrome,/service-areas/sydney-city-and-eastern-suburbs/randwick/coogee/,430x932,mobile,200,true,true,true,true,false,true,false,false,false,true,false,true,true,true,true,true,true,true,430,430,Electrician Coogee 2034,,PASS,
Google Chrome,/privacy-policy/,430x932,mobile,200,true,true,true,true,false,true,false,false,false,true,false,true,true,true,true,true,true,true,430,430,Privacy Policy,,PASS,
Google Chrome,/terms/,430x932,mobile,200,true,true,true,true,false,true,false,false,false,true,false,true,true,true,true,true,true,true,430,430,Terms of Use,,PASS,
Microsoft Edge,/,1024x768,desktop/laptop,200,true,true,true,true,false,true,false,false,false,true,false,true,true,true,true,true,true,true,1024,1024,Emergency electrical fault? Call now — 0461 247 247,,PASS,
Microsoft Edge,/emergency-electrician-sydney/,1024x768,desktop/laptop,200,true,true,true,true,false,true,false,false,false,true,false,true,true,true,true,true,true,true,1024,1024,Emergency electrical fault? Call now — 0461 247 247,,PASS,
Microsoft Edge,/level-2-electrician-sydney/,1024x768,desktop/laptop,200,true,true,true,true,false,true,false,false,false,true,false,true,true,true,true,true,true,true,1024,1024,Level 2 Electrician Sydney & Surrounding Regions,,PASS,
Microsoft Edge,/services/,1024x768,desktop/laptop,200,true,true,true,true,false,true,false,false,false,true,false,true,true,true,true,true,true,true,1024,1024,Electrical Services Sydney & Surrounding Regions,,PASS,
Microsoft Edge,/services/consumer-mains-sydney/,1024x768,desktop/laptop,200,true,true,true,true,false,true,false,false,false,true,false,true,true,true,true,true,true,true,1024,1024,Consumer Mains Electrician Sydney & Surrounding Regions,,PASS,
Microsoft Edge,/services/defect-notice-repairs-sydney/,1024x768,desktop/laptop,200,true,true,true,true,false,true,false,false,false,true,false,true,true,true,true,true,true,true,1024,1024,Electrical Defect Notice Repairs Sydney & Surrounding Regions,,PASS,
Microsoft Edge,/services/point-of-attachment-repairs-sydney/,1024x768,desktop/laptop,200,true,true,true,true,false,true,false,false,false,true,false,true,true,true,true,true,true,true,1024,1024,Point of Attachment Repairs Sydney & Surrounding Regions,,PASS,
Microsoft Edge,/services/switchboard-upgrades-sydney/,1024x768,desktop/laptop,200,true,true,true,true,false,true,false,false,false,true,false,true,true,true,true,true,true,true,1024,1024,Switchboard Upgrades Sydney & Surrounding Regions,,PASS,
Microsoft Edge,/service-areas/,1024x768,desktop/laptop,200,true,true,true,true,false,true,false,false,false,true,false,true,true,true,true,true,true,true,1024,1024,Electricians Across Sydney & Surrounding Regions,,PASS,
Microsoft Edge,/service-areas/canterbury-bankstown-and-inner-south-west/canterbury-bankstown/panania/,1024x768,desktop/laptop,200,true,true,true,true,false,true,false,false,false,true,false,true,true,true,true,true,true,true,1024,1024,Electrician Panania 2213,,PASS,
Microsoft Edge,/service-areas/sydney-city-and-eastern-suburbs/randwick/coogee/,1024x768,desktop/laptop,200,true,true,true,true,false,true,false,false,false,true,false,true,true,true,true,true,true,true,1024,1024,Electrician Coogee 2034,,PASS,
Microsoft Edge,/privacy-policy/,1024x768,desktop/laptop,200,true,true,true,true,false,true,false,false,false,true,false,true,true,true,true,true,true,true,1024,1024,Privacy Policy,,PASS,
Microsoft Edge,/terms/,1024x768,desktop/laptop,200,true,true,true,true,false,true,false,false,false,true,false,true,true,true,true,true,true,true,1024,1024,Terms of Use,,PASS,
Microsoft Edge,/,1180x820,desktop/laptop,200,true,true,true,true,false,true,false,false,false,true,false,true,true,true,true,true,true,true,1180,1180,Emergency electrical fault? Call now — 0461 247 247,,PASS,
Microsoft Edge,/emergency-electrician-sydney/,1180x820,desktop/laptop,200,true,true,true,true,false,true,false,false,false,true,false,true,true,true,true,true,true,true,1180,1180,Emergency electrical fault? Call now — 0461 247 247,,PASS,
Microsoft Edge,/level-2-electrician-sydney/,1180x820,desktop/laptop,200,true,true,true,true,false,true,false,false,false,true,false,true,true,true,true,true,true,true,1180,1180,Level 2 Electrician Sydney & Surrounding Regions,,PASS,
Microsoft Edge,/services/,1180x820,desktop/laptop,200,true,true,true,true,false,true,false,false,false,true,false,true,true,true,true,true,true,true,1180,1180,Electrical Services Sydney & Surrounding Regions,reports/header-responsive-screenshots/edge-services-1180x820-key.png,PASS,
Microsoft Edge,/services/consumer-mains-sydney/,1180x820,desktop/laptop,200,true,true,true,true,false,true,false,false,false,true,false,true,true,true,true,true,true,true,1180,1180,Consumer Mains Electrician Sydney & Surrounding Regions,,PASS,
Microsoft Edge,/services/defect-notice-repairs-sydney/,1180x820,desktop/laptop,200,true,true,true,true,false,true,false,false,false,true,false,true,true,true,true,true,true,true,1180,1180,Electrical Defect Notice Repairs Sydney & Surrounding Regions,,PASS,
Microsoft Edge,/services/point-of-attachment-repairs-sydney/,1180x820,desktop/laptop,200,true,true,true,true,false,true,false,false,false,true,false,true,true,true,true,true,true,true,1180,1180,Point of Attachment Repairs Sydney & Surrounding Regions,,PASS,
Microsoft Edge,/services/switchboard-upgrades-sydney/,1180x820,desktop/laptop,200,true,true,true,true,false,true,false,false,false,true,false,true,true,true,true,true,true,true,1180,1180,Switchboard Upgrades Sydney & Surrounding Regions,,PASS,
Microsoft Edge,/service-areas/,1180x820,desktop/laptop,200,true,true,true,true,false,true,false,false,false,true,false,true,true,true,true,true,true,true,1180,1180,Electricians Across Sydney & Surrounding Regions,,PASS,
Microsoft Edge,/service-areas/canterbury-bankstown-and-inner-south-west/canterbury-bankstown/panania/,1180x820,desktop/laptop,200,true,true,true,true,false,true,false,false,false,true,false,true,true,true,true,true,true,true,1180,1180,Electrician Panania 2213,,PASS,
Microsoft Edge,/service-areas/sydney-city-and-eastern-suburbs/randwick/coogee/,1180x820,desktop/laptop,200,true,true,true,true,false,true,false,false,false,true,false,true,true,true,true,true,true,true,1180,1180,Electrician Coogee 2034,,PASS,
Microsoft Edge,/privacy-policy/,1180x820,desktop/laptop,200,true,true,true,true,false,true,false,false,false,true,false,true,true,true,true,true,true,true,1180,1180,Privacy Policy,,PASS,
Microsoft Edge,/terms/,1180x820,desktop/laptop,200,true,true,true,true,false,true,false,false,false,true,false,true,true,true,true,true,true,true,1180,1180,Terms of Use,,PASS,
Microsoft Edge,/,1280x720,desktop/laptop,200,true,true,true,true,false,true,false,false,false,true,false,true,true,true,true,true,true,true,1280,1280,Emergency electrical fault? Call now — 0461 247 247,,PASS,
Microsoft Edge,/emergency-electrician-sydney/,1280x720,desktop/laptop,200,true,true,true,true,false,true,false,false,false,true,false,true,true,true,true,true,true,true,1280,1280,Emergency electrical fault? Call now — 0461 247 247,,PASS,
Microsoft Edge,/level-2-electrician-sydney/,1280x720,desktop/laptop,200,true,true,true,true,false,true,false,false,false,true,false,true,true,true,true,true,true,true,1280,1280,Level 2 Electrician Sydney & Surrounding Regions,,PASS,
Microsoft Edge,/services/,1280x720,desktop/laptop,200,true,true,true,true,false,true,false,false,false,true,false,true,true,true,true,true,true,true,1280,1280,Electrical Services Sydney & Surrounding Regions,,PASS,
Microsoft Edge,/services/consumer-mains-sydney/,1280x720,desktop/laptop,200,true,true,true,true,false,true,false,false,false,true,false,true,true,true,true,true,true,true,1280,1280,Consumer Mains Electrician Sydney & Surrounding Regions,,PASS,
Microsoft Edge,/services/defect-notice-repairs-sydney/,1280x720,desktop/laptop,200,true,true,true,true,false,true,false,false,false,true,false,true,true,true,true,true,true,true,1280,1280,Electrical Defect Notice Repairs Sydney & Surrounding Regions,,PASS,
Microsoft Edge,/services/point-of-attachment-repairs-sydney/,1280x720,desktop/laptop,200,true,true,true,true,false,true,false,false,false,true,false,true,true,true,true,true,true,true,1280,1280,Point of Attachment Repairs Sydney & Surrounding Regions,,PASS,
Microsoft Edge,/services/switchboard-upgrades-sydney/,1280x720,desktop/laptop,200,true,true,true,true,false,true,false,false,false,true,false,true,true,true,true,true,true,true,1280,1280,Switchboard Upgrades Sydney & Surrounding Regions,,PASS,
Microsoft Edge,/service-areas/,1280x720,desktop/laptop,200,true,true,true,true,false,true,false,false,false,true,false,true,true,true,true,true,true,true,1280,1280,Electricians Across Sydney & Surrounding Regions,,PASS,
Microsoft Edge,/service-areas/canterbury-bankstown-and-inner-south-west/canterbury-bankstown/panania/,1280x720,desktop/laptop,200,true,true,true,true,false,true,false,false,false,true,false,true,true,true,true,true,true,true,1280,1280,Electrician Panania 2213,,PASS,
Microsoft Edge,/service-areas/sydney-city-and-eastern-suburbs/randwick/coogee/,1280x720,desktop/laptop,200,true,true,true,true,false,true,false,false,false,true,false,true,true,true,true,true,true,true,1280,1280,Electrician Coogee 2034,,PASS,
Microsoft Edge,/privacy-policy/,1280x720,desktop/laptop,200,true,true,true,true,false,true,false,false,false,true,false,true,true,true,true,true,true,true,1280,1280,Privacy Policy,,PASS,
Microsoft Edge,/terms/,1280x720,desktop/laptop,200,true,true,true,true,false,true,false,false,false,true,false,true,true,true,true,true,true,true,1280,1280,Terms of Use,,PASS,
Microsoft Edge,/,1366x768,desktop/laptop,200,true,true,true,true,false,true,false,false,false,true,false,true,true,true,true,true,true,true,1366,1366,Emergency electrical fault? Call now — 0461 247 247,,PASS,
Microsoft Edge,/emergency-electrician-sydney/,1366x768,desktop/laptop,200,true,true,true,true,false,true,false,false,false,true,false,true,true,true,true,true,true,true,1366,1366,Emergency electrical fault? Call now — 0461 247 247,,PASS,
Microsoft Edge,/level-2-electrician-sydney/,1366x768,desktop/laptop,200,true,true,true,true,false,true,false,false,false,true,false,true,true,true,true,true,true,true,1366,1366,Level 2 Electrician Sydney & Surrounding Regions,,PASS,
Microsoft Edge,/services/,1366x768,desktop/laptop,200,true,true,true,true,false,true,false,false,false,true,false,true,true,true,true,true,true,true,1366,1366,Electrical Services Sydney & Surrounding Regions,,PASS,
Microsoft Edge,/services/consumer-mains-sydney/,1366x768,desktop/laptop,200,true,true,true,true,false,true,false,false,false,true,false,true,true,true,true,true,true,true,1366,1366,Consumer Mains Electrician Sydney & Surrounding Regions,,PASS,
Microsoft Edge,/services/defect-notice-repairs-sydney/,1366x768,desktop/laptop,200,true,true,true,true,false,true,false,false,false,true,false,true,true,true,true,true,true,true,1366,1366,Electrical Defect Notice Repairs Sydney & Surrounding Regions,,PASS,
Microsoft Edge,/services/point-of-attachment-repairs-sydney/,1366x768,desktop/laptop,200,true,true,true,true,false,true,false,false,false,true,false,true,true,true,true,true,true,true,1366,1366,Point of Attachment Repairs Sydney & Surrounding Regions,,PASS,
Microsoft Edge,/services/switchboard-upgrades-sydney/,1366x768,desktop/laptop,200,true,true,true,true,false,true,false,false,false,true,false,true,true,true,true,true,true,true,1366,1366,Switchboard Upgrades Sydney & Surrounding Regions,,PASS,
Microsoft Edge,/service-areas/,1366x768,desktop/laptop,200,true,true,true,true,false,true,false,false,false,true,false,true,true,true,true,true,true,true,1366,1366,Electricians Across Sydney & Surrounding Regions,,PASS,
Microsoft Edge,/service-areas/canterbury-bankstown-and-inner-south-west/canterbury-bankstown/panania/,1366x768,desktop/laptop,200,true,true,true,true,false,true,false,false,false,true,false,true,true,true,true,true,true,true,1366,1366,Electrician Panania 2213,,PASS,
Microsoft Edge,/service-areas/sydney-city-and-eastern-suburbs/randwick/coogee/,1366x768,desktop/laptop,200,true,true,true,true,false,true,false,false,false,true,false,true,true,true,true,true,true,true,1366,1366,Electrician Coogee 2034,,PASS,
Microsoft Edge,/privacy-policy/,1366x768,desktop/laptop,200,true,true,true,true,false,true,false,false,false,true,false,true,true,true,true,true,true,true,1366,1366,Privacy Policy,,PASS,
Microsoft Edge,/terms/,1366x768,desktop/laptop,200,true,true,true,true,false,true,false,false,false,true,false,true,true,true,true,true,true,true,1366,1366,Terms of Use,,PASS,
Microsoft Edge,/,1440x900,desktop/laptop,200,true,true,true,true,false,true,false,false,false,true,false,true,true,true,true,true,true,true,1440,1440,Emergency electrical fault? Call now — 0461 247 247,,PASS,
Microsoft Edge,/emergency-electrician-sydney/,1440x900,desktop/laptop,200,true,true,true,true,false,true,false,false,false,true,false,true,true,true,true,true,true,true,1440,1440,Emergency electrical fault? Call now — 0461 247 247,,PASS,
Microsoft Edge,/level-2-electrician-sydney/,1440x900,desktop/laptop,200,true,true,true,true,false,true,false,false,false,true,false,true,true,true,true,true,true,true,1440,1440,Level 2 Electrician Sydney & Surrounding Regions,,PASS,
Microsoft Edge,/services/,1440x900,desktop/laptop,200,true,true,true,true,false,true,false,false,false,true,false,true,true,true,true,true,true,true,1440,1440,Electrical Services Sydney & Surrounding Regions,,PASS,
Microsoft Edge,/services/consumer-mains-sydney/,1440x900,desktop/laptop,200,true,true,true,true,false,true,false,false,false,true,false,true,true,true,true,true,true,true,1440,1440,Consumer Mains Electrician Sydney & Surrounding Regions,,PASS,
Microsoft Edge,/services/defect-notice-repairs-sydney/,1440x900,desktop/laptop,200,true,true,true,true,false,true,false,false,false,true,false,true,true,true,true,true,true,true,1440,1440,Electrical Defect Notice Repairs Sydney & Surrounding Regions,,PASS,
Microsoft Edge,/services/point-of-attachment-repairs-sydney/,1440x900,desktop/laptop,200,true,true,true,true,false,true,false,false,false,true,false,true,true,true,true,true,true,true,1440,1440,Point of Attachment Repairs Sydney & Surrounding Regions,,PASS,
Microsoft Edge,/services/switchboard-upgrades-sydney/,1440x900,desktop/laptop,200,true,true,true,true,false,true,false,false,false,true,false,true,true,true,true,true,true,true,1440,1440,Switchboard Upgrades Sydney & Surrounding Regions,,PASS,
Microsoft Edge,/service-areas/,1440x900,desktop/laptop,200,true,true,true,true,false,true,false,false,false,true,false,true,true,true,true,true,true,true,1440,1440,Electricians Across Sydney & Surrounding Regions,,PASS,
Microsoft Edge,/service-areas/canterbury-bankstown-and-inner-south-west/canterbury-bankstown/panania/,1440x900,desktop/laptop,200,true,true,true,true,false,true,false,false,false,true,false,true,true,true,true,true,true,true,1440,1440,Electrician Panania 2213,,PASS,
Microsoft Edge,/service-areas/sydney-city-and-eastern-suburbs/randwick/coogee/,1440x900,desktop/laptop,200,true,true,true,true,false,true,false,false,false,true,false,true,true,true,true,true,true,true,1440,1440,Electrician Coogee 2034,,PASS,
Microsoft Edge,/privacy-policy/,1440x900,desktop/laptop,200,true,true,true,true,false,true,false,false,false,true,false,true,true,true,true,true,true,true,1440,1440,Privacy Policy,,PASS,
Microsoft Edge,/terms/,1440x900,desktop/laptop,200,true,true,true,true,false,true,false,false,false,true,false,true,true,true,true,true,true,true,1440,1440,Terms of Use,,PASS,
Microsoft Edge,/,1536x864,desktop/laptop,200,true,true,true,true,false,true,false,false,false,true,false,true,true,true,true,true,true,true,1536,1536,Emergency electrical fault? Call now — 0461 247 247,,PASS,
Microsoft Edge,/emergency-electrician-sydney/,1536x864,desktop/laptop,200,true,true,true,true,false,true,false,false,false,true,false,true,true,true,true,true,true,true,1536,1536,Emergency electrical fault? Call now — 0461 247 247,,PASS,
Microsoft Edge,/level-2-electrician-sydney/,1536x864,desktop/laptop,200,true,true,true,true,false,true,false,false,false,true,false,true,true,true,true,true,true,true,1536,1536,Level 2 Electrician Sydney & Surrounding Regions,,PASS,
Microsoft Edge,/services/,1536x864,desktop/laptop,200,true,true,true,true,false,true,false,false,false,true,false,true,true,true,true,true,true,true,1536,1536,Electrical Services Sydney & Surrounding Regions,,PASS,
Microsoft Edge,/services/consumer-mains-sydney/,1536x864,desktop/laptop,200,true,true,true,true,false,true,false,false,false,true,false,true,true,true,true,true,true,true,1536,1536,Consumer Mains Electrician Sydney & Surrounding Regions,,PASS,
Microsoft Edge,/services/defect-notice-repairs-sydney/,1536x864,desktop/laptop,200,true,true,true,true,false,true,false,false,false,true,false,true,true,true,true,true,true,true,1536,1536,Electrical Defect Notice Repairs Sydney & Surrounding Regions,,PASS,
Microsoft Edge,/services/point-of-attachment-repairs-sydney/,1536x864,desktop/laptop,200,true,true,true,true,false,true,false,false,false,true,false,true,true,true,true,true,true,true,1536,1536,Point of Attachment Repairs Sydney & Surrounding Regions,,PASS,
Microsoft Edge,/services/switchboard-upgrades-sydney/,1536x864,desktop/laptop,200,true,true,true,true,false,true,false,false,false,true,false,true,true,true,true,true,true,true,1536,1536,Switchboard Upgrades Sydney & Surrounding Regions,,PASS,
Microsoft Edge,/service-areas/,1536x864,desktop/laptop,200,true,true,true,true,false,true,false,false,false,true,false,true,true,true,true,true,true,true,1536,1536,Electricians Across Sydney & Surrounding Regions,,PASS,
Microsoft Edge,/service-areas/canterbury-bankstown-and-inner-south-west/canterbury-bankstown/panania/,1536x864,desktop/laptop,200,true,true,true,true,false,true,false,false,false,true,false,true,true,true,true,true,true,true,1536,1536,Electrician Panania 2213,,PASS,
Microsoft Edge,/service-areas/sydney-city-and-eastern-suburbs/randwick/coogee/,1536x864,desktop/laptop,200,true,true,true,true,false,true,false,false,false,true,false,true,true,true,true,true,true,true,1536,1536,Electrician Coogee 2034,,PASS,
Microsoft Edge,/privacy-policy/,1536x864,desktop/laptop,200,true,true,true,true,false,true,false,false,false,true,false,true,true,true,true,true,true,true,1536,1536,Privacy Policy,,PASS,
Microsoft Edge,/terms/,1536x864,desktop/laptop,200,true,true,true,true,false,true,false,false,false,true,false,true,true,true,true,true,true,true,1536,1536,Terms of Use,,PASS,
Microsoft Edge,/,1600x900,desktop/laptop,200,true,true,true,true,false,true,false,true,false,false,false,true,true,true,true,true,true,true,1600,1600,Emergency electrical fault? Call now — 0461 247 247,,PASS,
Microsoft Edge,/emergency-electrician-sydney/,1600x900,desktop/laptop,200,true,true,true,true,false,true,false,true,false,false,false,true,true,true,true,true,true,true,1600,1600,Emergency electrical fault? Call now — 0461 247 247,,PASS,
Microsoft Edge,/level-2-electrician-sydney/,1600x900,desktop/laptop,200,true,true,true,true,false,true,false,true,false,false,false,true,true,true,true,true,true,true,1600,1600,Level 2 Electrician Sydney & Surrounding Regions,,PASS,
Microsoft Edge,/services/,1600x900,desktop/laptop,200,true,true,true,true,false,true,false,true,false,false,false,true,true,true,true,true,true,true,1600,1600,Electrical Services Sydney & Surrounding Regions,,PASS,
Microsoft Edge,/services/consumer-mains-sydney/,1600x900,desktop/laptop,200,true,true,true,true,false,true,false,true,false,false,false,true,true,true,true,true,true,true,1600,1600,Consumer Mains Electrician Sydney & Surrounding Regions,,PASS,
Microsoft Edge,/services/defect-notice-repairs-sydney/,1600x900,desktop/laptop,200,true,true,true,true,false,true,false,true,false,false,false,true,true,true,true,true,true,true,1600,1600,Electrical Defect Notice Repairs Sydney & Surrounding Regions,,PASS,
Microsoft Edge,/services/point-of-attachment-repairs-sydney/,1600x900,desktop/laptop,200,true,true,true,true,false,true,false,true,false,false,false,true,true,true,true,true,true,true,1600,1600,Point of Attachment Repairs Sydney & Surrounding Regions,,PASS,
Microsoft Edge,/services/switchboard-upgrades-sydney/,1600x900,desktop/laptop,200,true,true,true,true,false,true,false,true,false,false,false,true,true,true,true,true,true,true,1600,1600,Switchboard Upgrades Sydney & Surrounding Regions,,PASS,
Microsoft Edge,/service-areas/,1600x900,desktop/laptop,200,true,true,true,true,false,true,false,true,false,false,false,true,true,true,true,true,true,true,1600,1600,Electricians Across Sydney & Surrounding Regions,,PASS,
Microsoft Edge,/service-areas/canterbury-bankstown-and-inner-south-west/canterbury-bankstown/panania/,1600x900,desktop/laptop,200,true,true,true,true,false,true,false,true,false,false,false,true,true,true,true,true,true,true,1600,1600,Electrician Panania 2213,,PASS,
Microsoft Edge,/service-areas/sydney-city-and-eastern-suburbs/randwick/coogee/,1600x900,desktop/laptop,200,true,true,true,true,false,true,false,true,false,false,false,true,true,true,true,true,true,true,1600,1600,Electrician Coogee 2034,,PASS,
Microsoft Edge,/privacy-policy/,1600x900,desktop/laptop,200,true,true,true,true,false,true,false,true,false,false,false,true,true,true,true,true,true,true,1600,1600,Privacy Policy,,PASS,
Microsoft Edge,/terms/,1600x900,desktop/laptop,200,true,true,true,true,false,true,false,true,false,false,false,true,true,true,true,true,true,true,1600,1600,Terms of Use,,PASS,
Microsoft Edge,/,1920x1080,desktop/laptop,200,true,true,true,true,false,true,false,true,false,false,false,true,true,true,true,true,true,true,1920,1920,Emergency electrical fault? Call now — 0461 247 247,,PASS,
Microsoft Edge,/emergency-electrician-sydney/,1920x1080,desktop/laptop,200,true,true,true,true,false,true,false,true,false,false,false,true,true,true,true,true,true,true,1920,1920,Emergency electrical fault? Call now — 0461 247 247,,PASS,
Microsoft Edge,/level-2-electrician-sydney/,1920x1080,desktop/laptop,200,true,true,true,true,false,true,false,true,false,false,false,true,true,true,true,true,true,true,1920,1920,Level 2 Electrician Sydney & Surrounding Regions,,PASS,
Microsoft Edge,/services/,1920x1080,desktop/laptop,200,true,true,true,true,false,true,false,true,false,false,false,true,true,true,true,true,true,true,1920,1920,Electrical Services Sydney & Surrounding Regions,,PASS,
Microsoft Edge,/services/consumer-mains-sydney/,1920x1080,desktop/laptop,200,true,true,true,true,false,true,false,true,false,false,false,true,true,true,true,true,true,true,1920,1920,Consumer Mains Electrician Sydney & Surrounding Regions,,PASS,
Microsoft Edge,/services/defect-notice-repairs-sydney/,1920x1080,desktop/laptop,200,true,true,true,true,false,true,false,true,false,false,false,true,true,true,true,true,true,true,1920,1920,Electrical Defect Notice Repairs Sydney & Surrounding Regions,,PASS,
Microsoft Edge,/services/point-of-attachment-repairs-sydney/,1920x1080,desktop/laptop,200,true,true,true,true,false,true,false,true,false,false,false,true,true,true,true,true,true,true,1920,1920,Point of Attachment Repairs Sydney & Surrounding Regions,,PASS,
Microsoft Edge,/services/switchboard-upgrades-sydney/,1920x1080,desktop/laptop,200,true,true,true,true,false,true,false,true,false,false,false,true,true,true,true,true,true,true,1920,1920,Switchboard Upgrades Sydney & Surrounding Regions,,PASS,
Microsoft Edge,/service-areas/,1920x1080,desktop/laptop,200,true,true,true,true,false,true,false,true,false,false,false,true,true,true,true,true,true,true,1920,1920,Electricians Across Sydney & Surrounding Regions,,PASS,
Microsoft Edge,/service-areas/canterbury-bankstown-and-inner-south-west/canterbury-bankstown/panania/,1920x1080,desktop/laptop,200,true,true,true,true,false,true,false,true,false,false,false,true,true,true,true,true,true,true,1920,1920,Electrician Panania 2213,,PASS,
Microsoft Edge,/service-areas/sydney-city-and-eastern-suburbs/randwick/coogee/,1920x1080,desktop/laptop,200,true,true,true,true,false,true,false,true,false,false,false,true,true,true,true,true,true,true,1920,1920,Electrician Coogee 2034,,PASS,
Microsoft Edge,/privacy-policy/,1920x1080,desktop/laptop,200,true,true,true,true,false,true,false,true,false,false,false,true,true,true,true,true,true,true,1920,1920,Privacy Policy,,PASS,
Microsoft Edge,/terms/,1920x1080,desktop/laptop,200,true,true,true,true,false,true,false,true,false,false,false,true,true,true,true,true,true,true,1920,1920,Terms of Use,,PASS,
Microsoft Edge,/,768x1024,tablet,200,true,true,true,true,false,true,false,false,false,true,false,true,true,true,true,true,true,true,768,768,Emergency electrical fault? Call now — 0461 247 247,,PASS,
Microsoft Edge,/emergency-electrician-sydney/,768x1024,tablet,200,true,true,true,true,false,true,false,false,false,true,false,true,true,true,true,true,true,true,768,768,Emergency electrical fault? Call now — 0461 247 247,,PASS,
Microsoft Edge,/level-2-electrician-sydney/,768x1024,tablet,200,true,true,true,true,false,true,false,false,false,true,false,true,true,true,true,true,true,true,768,768,Level 2 Electrician Sydney & Surrounding Regions,,PASS,
Microsoft Edge,/services/,768x1024,tablet,200,true,true,true,true,false,true,false,false,false,true,false,true,true,true,true,true,true,true,768,768,Electrical Services Sydney & Surrounding Regions,,PASS,
Microsoft Edge,/services/consumer-mains-sydney/,768x1024,tablet,200,true,true,true,true,false,true,false,false,false,true,false,true,true,true,true,true,true,true,768,768,Consumer Mains Electrician Sydney & Surrounding Regions,,PASS,
Microsoft Edge,/services/defect-notice-repairs-sydney/,768x1024,tablet,200,true,true,true,true,false,true,false,false,false,true,false,true,true,true,true,true,true,true,768,768,Electrical Defect Notice Repairs Sydney & Surrounding Regions,,PASS,
Microsoft Edge,/services/point-of-attachment-repairs-sydney/,768x1024,tablet,200,true,true,true,true,false,true,false,false,false,true,false,true,true,true,true,true,true,true,768,768,Point of Attachment Repairs Sydney & Surrounding Regions,,PASS,
Microsoft Edge,/services/switchboard-upgrades-sydney/,768x1024,tablet,200,true,true,true,true,false,true,false,false,false,true,false,true,true,true,true,true,true,true,768,768,Switchboard Upgrades Sydney & Surrounding Regions,,PASS,
Microsoft Edge,/service-areas/,768x1024,tablet,200,true,true,true,true,false,true,false,false,false,true,false,true,true,true,true,true,true,true,768,768,Electricians Across Sydney & Surrounding Regions,,PASS,
Microsoft Edge,/service-areas/canterbury-bankstown-and-inner-south-west/canterbury-bankstown/panania/,768x1024,tablet,200,true,true,true,true,false,true,false,false,false,true,false,true,true,true,true,true,true,true,768,768,Electrician Panania 2213,,PASS,
Microsoft Edge,/service-areas/sydney-city-and-eastern-suburbs/randwick/coogee/,768x1024,tablet,200,true,true,true,true,false,true,false,false,false,true,false,true,true,true,true,true,true,true,768,768,Electrician Coogee 2034,,PASS,
Microsoft Edge,/privacy-policy/,768x1024,tablet,200,true,true,true,true,false,true,false,false,false,true,false,true,true,true,true,true,true,true,768,768,Privacy Policy,,PASS,
Microsoft Edge,/terms/,768x1024,tablet,200,true,true,true,true,false,true,false,false,false,true,false,true,true,true,true,true,true,true,768,768,Terms of Use,,PASS,
Microsoft Edge,/,820x1180,tablet,200,true,true,true,true,false,true,false,false,false,true,false,true,true,true,true,true,true,true,820,820,Emergency electrical fault? Call now — 0461 247 247,,PASS,
Microsoft Edge,/emergency-electrician-sydney/,820x1180,tablet,200,true,true,true,true,false,true,false,false,false,true,false,true,true,true,true,true,true,true,820,820,Emergency electrical fault? Call now — 0461 247 247,,PASS,
Microsoft Edge,/level-2-electrician-sydney/,820x1180,tablet,200,true,true,true,true,false,true,false,false,false,true,false,true,true,true,true,true,true,true,820,820,Level 2 Electrician Sydney & Surrounding Regions,,PASS,
Microsoft Edge,/services/,820x1180,tablet,200,true,true,true,true,false,true,false,false,false,true,false,true,true,true,true,true,true,true,820,820,Electrical Services Sydney & Surrounding Regions,,PASS,
Microsoft Edge,/services/consumer-mains-sydney/,820x1180,tablet,200,true,true,true,true,false,true,false,false,false,true,false,true,true,true,true,true,true,true,820,820,Consumer Mains Electrician Sydney & Surrounding Regions,,PASS,
Microsoft Edge,/services/defect-notice-repairs-sydney/,820x1180,tablet,200,true,true,true,true,false,true,false,false,false,true,false,true,true,true,true,true,true,true,820,820,Electrical Defect Notice Repairs Sydney & Surrounding Regions,,PASS,
Microsoft Edge,/services/point-of-attachment-repairs-sydney/,820x1180,tablet,200,true,true,true,true,false,true,false,false,false,true,false,true,true,true,true,true,true,true,820,820,Point of Attachment Repairs Sydney & Surrounding Regions,,PASS,
Microsoft Edge,/services/switchboard-upgrades-sydney/,820x1180,tablet,200,true,true,true,true,false,true,false,false,false,true,false,true,true,true,true,true,true,true,820,820,Switchboard Upgrades Sydney & Surrounding Regions,,PASS,
Microsoft Edge,/service-areas/,820x1180,tablet,200,true,true,true,true,false,true,false,false,false,true,false,true,true,true,true,true,true,true,820,820,Electricians Across Sydney & Surrounding Regions,,PASS,
Microsoft Edge,/service-areas/canterbury-bankstown-and-inner-south-west/canterbury-bankstown/panania/,820x1180,tablet,200,true,true,true,true,false,true,false,false,false,true,false,true,true,true,true,true,true,true,820,820,Electrician Panania 2213,,PASS,
Microsoft Edge,/service-areas/sydney-city-and-eastern-suburbs/randwick/coogee/,820x1180,tablet,200,true,true,true,true,false,true,false,false,false,true,false,true,true,true,true,true,true,true,820,820,Electrician Coogee 2034,,PASS,
Microsoft Edge,/privacy-policy/,820x1180,tablet,200,true,true,true,true,false,true,false,false,false,true,false,true,true,true,true,true,true,true,820,820,Privacy Policy,,PASS,
Microsoft Edge,/terms/,820x1180,tablet,200,true,true,true,true,false,true,false,false,false,true,false,true,true,true,true,true,true,true,820,820,Terms of Use,,PASS,
Microsoft Edge,/,834x1194,tablet,200,true,true,true,true,false,true,false,false,false,true,false,true,true,true,true,true,true,true,834,834,Emergency electrical fault? Call now — 0461 247 247,,PASS,
Microsoft Edge,/emergency-electrician-sydney/,834x1194,tablet,200,true,true,true,true,false,true,false,false,false,true,false,true,true,true,true,true,true,true,834,834,Emergency electrical fault? Call now — 0461 247 247,,PASS,
Microsoft Edge,/level-2-electrician-sydney/,834x1194,tablet,200,true,true,true,true,false,true,false,false,false,true,false,true,true,true,true,true,true,true,834,834,Level 2 Electrician Sydney & Surrounding Regions,,PASS,
Microsoft Edge,/services/,834x1194,tablet,200,true,true,true,true,false,true,false,false,false,true,false,true,true,true,true,true,true,true,834,834,Electrical Services Sydney & Surrounding Regions,,PASS,
Microsoft Edge,/services/consumer-mains-sydney/,834x1194,tablet,200,true,true,true,true,false,true,false,false,false,true,false,true,true,true,true,true,true,true,834,834,Consumer Mains Electrician Sydney & Surrounding Regions,,PASS,
Microsoft Edge,/services/defect-notice-repairs-sydney/,834x1194,tablet,200,true,true,true,true,false,true,false,false,false,true,false,true,true,true,true,true,true,true,834,834,Electrical Defect Notice Repairs Sydney & Surrounding Regions,,PASS,
Microsoft Edge,/services/point-of-attachment-repairs-sydney/,834x1194,tablet,200,true,true,true,true,false,true,false,false,false,true,false,true,true,true,true,true,true,true,834,834,Point of Attachment Repairs Sydney & Surrounding Regions,,PASS,
Microsoft Edge,/services/switchboard-upgrades-sydney/,834x1194,tablet,200,true,true,true,true,false,true,false,false,false,true,false,true,true,true,true,true,true,true,834,834,Switchboard Upgrades Sydney & Surrounding Regions,,PASS,
Microsoft Edge,/service-areas/,834x1194,tablet,200,true,true,true,true,false,true,false,false,false,true,false,true,true,true,true,true,true,true,834,834,Electricians Across Sydney & Surrounding Regions,,PASS,
Microsoft Edge,/service-areas/canterbury-bankstown-and-inner-south-west/canterbury-bankstown/panania/,834x1194,tablet,200,true,true,true,true,false,true,false,false,false,true,false,true,true,true,true,true,true,true,834,834,Electrician Panania 2213,,PASS,
Microsoft Edge,/service-areas/sydney-city-and-eastern-suburbs/randwick/coogee/,834x1194,tablet,200,true,true,true,true,false,true,false,false,false,true,false,true,true,true,true,true,true,true,834,834,Electrician Coogee 2034,,PASS,
Microsoft Edge,/privacy-policy/,834x1194,tablet,200,true,true,true,true,false,true,false,false,false,true,false,true,true,true,true,true,true,true,834,834,Privacy Policy,,PASS,
Microsoft Edge,/terms/,834x1194,tablet,200,true,true,true,true,false,true,false,false,false,true,false,true,true,true,true,true,true,true,834,834,Terms of Use,,PASS,
Microsoft Edge,/,912x1368,tablet,200,true,true,true,true,false,true,false,false,false,true,false,true,true,true,true,true,true,true,912,912,Emergency electrical fault? Call now — 0461 247 247,,PASS,
Microsoft Edge,/emergency-electrician-sydney/,912x1368,tablet,200,true,true,true,true,false,true,false,false,false,true,false,true,true,true,true,true,true,true,912,912,Emergency electrical fault? Call now — 0461 247 247,,PASS,
Microsoft Edge,/level-2-electrician-sydney/,912x1368,tablet,200,true,true,true,true,false,true,false,false,false,true,false,true,true,true,true,true,true,true,912,912,Level 2 Electrician Sydney & Surrounding Regions,,PASS,
Microsoft Edge,/services/,912x1368,tablet,200,true,true,true,true,false,true,false,false,false,true,false,true,true,true,true,true,true,true,912,912,Electrical Services Sydney & Surrounding Regions,,PASS,
Microsoft Edge,/services/consumer-mains-sydney/,912x1368,tablet,200,true,true,true,true,false,true,false,false,false,true,false,true,true,true,true,true,true,true,912,912,Consumer Mains Electrician Sydney & Surrounding Regions,,PASS,
Microsoft Edge,/services/defect-notice-repairs-sydney/,912x1368,tablet,200,true,true,true,true,false,true,false,false,false,true,false,true,true,true,true,true,true,true,912,912,Electrical Defect Notice Repairs Sydney & Surrounding Regions,,PASS,
Microsoft Edge,/services/point-of-attachment-repairs-sydney/,912x1368,tablet,200,true,true,true,true,false,true,false,false,false,true,false,true,true,true,true,true,true,true,912,912,Point of Attachment Repairs Sydney & Surrounding Regions,,PASS,
Microsoft Edge,/services/switchboard-upgrades-sydney/,912x1368,tablet,200,true,true,true,true,false,true,false,false,false,true,false,true,true,true,true,true,true,true,912,912,Switchboard Upgrades Sydney & Surrounding Regions,,PASS,
Microsoft Edge,/service-areas/,912x1368,tablet,200,true,true,true,true,false,true,false,false,false,true,false,true,true,true,true,true,true,true,912,912,Electricians Across Sydney & Surrounding Regions,,PASS,
Microsoft Edge,/service-areas/canterbury-bankstown-and-inner-south-west/canterbury-bankstown/panania/,912x1368,tablet,200,true,true,true,true,false,true,false,false,false,true,false,true,true,true,true,true,true,true,912,912,Electrician Panania 2213,,PASS,
Microsoft Edge,/service-areas/sydney-city-and-eastern-suburbs/randwick/coogee/,912x1368,tablet,200,true,true,true,true,false,true,false,false,false,true,false,true,true,true,true,true,true,true,912,912,Electrician Coogee 2034,,PASS,
Microsoft Edge,/privacy-policy/,912x1368,tablet,200,true,true,true,true,false,true,false,false,false,true,false,true,true,true,true,true,true,true,912,912,Privacy Policy,,PASS,
Microsoft Edge,/terms/,912x1368,tablet,200,true,true,true,true,false,true,false,false,false,true,false,true,true,true,true,true,true,true,912,912,Terms of Use,,PASS,
Microsoft Edge,/,1024x1366,tablet,200,true,true,true,true,false,true,false,false,false,true,false,true,true,true,true,true,true,true,1024,1024,Emergency electrical fault? Call now — 0461 247 247,,PASS,
Microsoft Edge,/emergency-electrician-sydney/,1024x1366,tablet,200,true,true,true,true,false,true,false,false,false,true,false,true,true,true,true,true,true,true,1024,1024,Emergency electrical fault? Call now — 0461 247 247,,PASS,
Microsoft Edge,/level-2-electrician-sydney/,1024x1366,tablet,200,true,true,true,true,false,true,false,false,false,true,false,true,true,true,true,true,true,true,1024,1024,Level 2 Electrician Sydney & Surrounding Regions,,PASS,
Microsoft Edge,/services/,1024x1366,tablet,200,true,true,true,true,false,true,false,false,false,true,false,true,true,true,true,true,true,true,1024,1024,Electrical Services Sydney & Surrounding Regions,,PASS,
Microsoft Edge,/services/consumer-mains-sydney/,1024x1366,tablet,200,true,true,true,true,false,true,false,false,false,true,false,true,true,true,true,true,true,true,1024,1024,Consumer Mains Electrician Sydney & Surrounding Regions,,PASS,
Microsoft Edge,/services/defect-notice-repairs-sydney/,1024x1366,tablet,200,true,true,true,true,false,true,false,false,false,true,false,true,true,true,true,true,true,true,1024,1024,Electrical Defect Notice Repairs Sydney & Surrounding Regions,,PASS,
Microsoft Edge,/services/point-of-attachment-repairs-sydney/,1024x1366,tablet,200,true,true,true,true,false,true,false,false,false,true,false,true,true,true,true,true,true,true,1024,1024,Point of Attachment Repairs Sydney & Surrounding Regions,,PASS,
Microsoft Edge,/services/switchboard-upgrades-sydney/,1024x1366,tablet,200,true,true,true,true,false,true,false,false,false,true,false,true,true,true,true,true,true,true,1024,1024,Switchboard Upgrades Sydney & Surrounding Regions,,PASS,
Microsoft Edge,/service-areas/,1024x1366,tablet,200,true,true,true,true,false,true,false,false,false,true,false,true,true,true,true,true,true,true,1024,1024,Electricians Across Sydney & Surrounding Regions,,PASS,
Microsoft Edge,/service-areas/canterbury-bankstown-and-inner-south-west/canterbury-bankstown/panania/,1024x1366,tablet,200,true,true,true,true,false,true,false,false,false,true,false,true,true,true,true,true,true,true,1024,1024,Electrician Panania 2213,,PASS,
Microsoft Edge,/service-areas/sydney-city-and-eastern-suburbs/randwick/coogee/,1024x1366,tablet,200,true,true,true,true,false,true,false,false,false,true,false,true,true,true,true,true,true,true,1024,1024,Electrician Coogee 2034,,PASS,
Microsoft Edge,/privacy-policy/,1024x1366,tablet,200,true,true,true,true,false,true,false,false,false,true,false,true,true,true,true,true,true,true,1024,1024,Privacy Policy,,PASS,
Microsoft Edge,/terms/,1024x1366,tablet,200,true,true,true,true,false,true,false,false,false,true,false,true,true,true,true,true,true,true,1024,1024,Terms of Use,,PASS,
Microsoft Edge,/,1280x800,tablet,200,true,true,true,true,false,true,false,false,false,true,false,true,true,true,true,true,true,true,1280,1280,Emergency electrical fault? Call now — 0461 247 247,,PASS,
Microsoft Edge,/emergency-electrician-sydney/,1280x800,tablet,200,true,true,true,true,false,true,false,false,false,true,false,true,true,true,true,true,true,true,1280,1280,Emergency electrical fault? Call now — 0461 247 247,,PASS,
Microsoft Edge,/level-2-electrician-sydney/,1280x800,tablet,200,true,true,true,true,false,true,false,false,false,true,false,true,true,true,true,true,true,true,1280,1280,Level 2 Electrician Sydney & Surrounding Regions,,PASS,
Microsoft Edge,/services/,1280x800,tablet,200,true,true,true,true,false,true,false,false,false,true,false,true,true,true,true,true,true,true,1280,1280,Electrical Services Sydney & Surrounding Regions,,PASS,
Microsoft Edge,/services/consumer-mains-sydney/,1280x800,tablet,200,true,true,true,true,false,true,false,false,false,true,false,true,true,true,true,true,true,true,1280,1280,Consumer Mains Electrician Sydney & Surrounding Regions,,PASS,
Microsoft Edge,/services/defect-notice-repairs-sydney/,1280x800,tablet,200,true,true,true,true,false,true,false,false,false,true,false,true,true,true,true,true,true,true,1280,1280,Electrical Defect Notice Repairs Sydney & Surrounding Regions,,PASS,
Microsoft Edge,/services/point-of-attachment-repairs-sydney/,1280x800,tablet,200,true,true,true,true,false,true,false,false,false,true,false,true,true,true,true,true,true,true,1280,1280,Point of Attachment Repairs Sydney & Surrounding Regions,,PASS,
Microsoft Edge,/services/switchboard-upgrades-sydney/,1280x800,tablet,200,true,true,true,true,false,true,false,false,false,true,false,true,true,true,true,true,true,true,1280,1280,Switchboard Upgrades Sydney & Surrounding Regions,,PASS,
Microsoft Edge,/service-areas/,1280x800,tablet,200,true,true,true,true,false,true,false,false,false,true,false,true,true,true,true,true,true,true,1280,1280,Electricians Across Sydney & Surrounding Regions,,PASS,
Microsoft Edge,/service-areas/canterbury-bankstown-and-inner-south-west/canterbury-bankstown/panania/,1280x800,tablet,200,true,true,true,true,false,true,false,false,false,true,false,true,true,true,true,true,true,true,1280,1280,Electrician Panania 2213,,PASS,
Microsoft Edge,/service-areas/sydney-city-and-eastern-suburbs/randwick/coogee/,1280x800,tablet,200,true,true,true,true,false,true,false,false,false,true,false,true,true,true,true,true,true,true,1280,1280,Electrician Coogee 2034,,PASS,
Microsoft Edge,/privacy-policy/,1280x800,tablet,200,true,true,true,true,false,true,false,false,false,true,false,true,true,true,true,true,true,true,1280,1280,Privacy Policy,,PASS,
Microsoft Edge,/terms/,1280x800,tablet,200,true,true,true,true,false,true,false,false,false,true,false,true,true,true,true,true,true,true,1280,1280,Terms of Use,,PASS,
Microsoft Edge,/,360x800,mobile,200,true,true,true,true,false,true,false,false,false,true,false,true,true,true,true,true,true,true,360,360,Emergency electrical fault? Call now — 0461 247 247,,PASS,
Microsoft Edge,/emergency-electrician-sydney/,360x800,mobile,200,true,true,true,true,false,true,false,false,false,true,false,true,true,true,true,true,true,true,360,360,Emergency electrical fault? Call now — 0461 247 247,,PASS,
Microsoft Edge,/level-2-electrician-sydney/,360x800,mobile,200,true,true,true,true,false,true,false,false,false,true,false,true,true,true,true,true,true,true,360,360,Level 2 Electrician Sydney & Surrounding Regions,,PASS,
Microsoft Edge,/services/,360x800,mobile,200,true,true,true,true,false,true,false,false,false,true,false,true,true,true,true,true,true,true,360,360,Electrical Services Sydney & Surrounding Regions,,PASS,
Microsoft Edge,/services/consumer-mains-sydney/,360x800,mobile,200,true,true,true,true,false,true,false,false,false,true,false,true,true,true,true,true,true,true,360,360,Consumer Mains Electrician Sydney & Surrounding Regions,,PASS,
Microsoft Edge,/services/defect-notice-repairs-sydney/,360x800,mobile,200,true,true,true,true,false,true,false,false,false,true,false,true,true,true,true,true,true,true,360,360,Electrical Defect Notice Repairs Sydney & Surrounding Regions,,PASS,
Microsoft Edge,/services/point-of-attachment-repairs-sydney/,360x800,mobile,200,true,true,true,true,false,true,false,false,false,true,false,true,true,true,true,true,true,true,360,360,Point of Attachment Repairs Sydney & Surrounding Regions,,PASS,
Microsoft Edge,/services/switchboard-upgrades-sydney/,360x800,mobile,200,true,true,true,true,false,true,false,false,false,true,false,true,true,true,true,true,true,true,360,360,Switchboard Upgrades Sydney & Surrounding Regions,,PASS,
Microsoft Edge,/service-areas/,360x800,mobile,200,true,true,true,true,false,true,false,false,false,true,false,true,true,true,true,true,true,true,360,360,Electricians Across Sydney & Surrounding Regions,,PASS,
Microsoft Edge,/service-areas/canterbury-bankstown-and-inner-south-west/canterbury-bankstown/panania/,360x800,mobile,200,true,true,true,true,false,true,false,false,false,true,false,true,true,true,true,true,true,true,360,360,Electrician Panania 2213,,PASS,
Microsoft Edge,/service-areas/sydney-city-and-eastern-suburbs/randwick/coogee/,360x800,mobile,200,true,true,true,true,false,true,false,false,false,true,false,true,true,true,true,true,true,true,360,360,Electrician Coogee 2034,,PASS,
Microsoft Edge,/privacy-policy/,360x800,mobile,200,true,true,true,true,false,true,false,false,false,true,false,true,true,true,true,true,true,true,360,360,Privacy Policy,,PASS,
Microsoft Edge,/terms/,360x800,mobile,200,true,true,true,true,false,true,false,false,false,true,false,true,true,true,true,true,true,true,360,360,Terms of Use,,PASS,
Microsoft Edge,/,375x812,mobile,200,true,true,true,true,false,true,false,false,false,true,false,true,true,true,true,true,true,true,375,375,Emergency electrical fault? Call now — 0461 247 247,,PASS,
Microsoft Edge,/emergency-electrician-sydney/,375x812,mobile,200,true,true,true,true,false,true,false,false,false,true,false,true,true,true,true,true,true,true,375,375,Emergency electrical fault? Call now — 0461 247 247,,PASS,
Microsoft Edge,/level-2-electrician-sydney/,375x812,mobile,200,true,true,true,true,false,true,false,false,false,true,false,true,true,true,true,true,true,true,375,375,Level 2 Electrician Sydney & Surrounding Regions,,PASS,
Microsoft Edge,/services/,375x812,mobile,200,true,true,true,true,false,true,false,false,false,true,false,true,true,true,true,true,true,true,375,375,Electrical Services Sydney & Surrounding Regions,,PASS,
Microsoft Edge,/services/consumer-mains-sydney/,375x812,mobile,200,true,true,true,true,false,true,false,false,false,true,false,true,true,true,true,true,true,true,375,375,Consumer Mains Electrician Sydney & Surrounding Regions,,PASS,
Microsoft Edge,/services/defect-notice-repairs-sydney/,375x812,mobile,200,true,true,true,true,false,true,false,false,false,true,false,true,true,true,true,true,true,true,375,375,Electrical Defect Notice Repairs Sydney & Surrounding Regions,,PASS,
Microsoft Edge,/services/point-of-attachment-repairs-sydney/,375x812,mobile,200,true,true,true,true,false,true,false,false,false,true,false,true,true,true,true,true,true,true,375,375,Point of Attachment Repairs Sydney & Surrounding Regions,,PASS,
Microsoft Edge,/services/switchboard-upgrades-sydney/,375x812,mobile,200,true,true,true,true,false,true,false,false,false,true,false,true,true,true,true,true,true,true,375,375,Switchboard Upgrades Sydney & Surrounding Regions,,PASS,
Microsoft Edge,/service-areas/,375x812,mobile,200,true,true,true,true,false,true,false,false,false,true,false,true,true,true,true,true,true,true,375,375,Electricians Across Sydney & Surrounding Regions,,PASS,
Microsoft Edge,/service-areas/canterbury-bankstown-and-inner-south-west/canterbury-bankstown/panania/,375x812,mobile,200,true,true,true,true,false,true,false,false,false,true,false,true,true,true,true,true,true,true,375,375,Electrician Panania 2213,,PASS,
Microsoft Edge,/service-areas/sydney-city-and-eastern-suburbs/randwick/coogee/,375x812,mobile,200,true,true,true,true,false,true,false,false,false,true,false,true,true,true,true,true,true,true,375,375,Electrician Coogee 2034,,PASS,
Microsoft Edge,/privacy-policy/,375x812,mobile,200,true,true,true,true,false,true,false,false,false,true,false,true,true,true,true,true,true,true,375,375,Privacy Policy,,PASS,
Microsoft Edge,/terms/,375x812,mobile,200,true,true,true,true,false,true,false,false,false,true,false,true,true,true,true,true,true,true,375,375,Terms of Use,,PASS,
Microsoft Edge,/,390x844,mobile,200,true,true,true,true,false,true,false,false,false,true,false,true,true,true,true,true,true,true,390,390,Emergency electrical fault? Call now — 0461 247 247,,PASS,
Microsoft Edge,/emergency-electrician-sydney/,390x844,mobile,200,true,true,true,true,false,true,false,false,false,true,false,true,true,true,true,true,true,true,390,390,Emergency electrical fault? Call now — 0461 247 247,,PASS,
Microsoft Edge,/level-2-electrician-sydney/,390x844,mobile,200,true,true,true,true,false,true,false,false,false,true,false,true,true,true,true,true,true,true,390,390,Level 2 Electrician Sydney & Surrounding Regions,,PASS,
Microsoft Edge,/services/,390x844,mobile,200,true,true,true,true,false,true,false,false,false,true,false,true,true,true,true,true,true,true,390,390,Electrical Services Sydney & Surrounding Regions,,PASS,
Microsoft Edge,/services/consumer-mains-sydney/,390x844,mobile,200,true,true,true,true,false,true,false,false,false,true,false,true,true,true,true,true,true,true,390,390,Consumer Mains Electrician Sydney & Surrounding Regions,,PASS,
Microsoft Edge,/services/defect-notice-repairs-sydney/,390x844,mobile,200,true,true,true,true,false,true,false,false,false,true,false,true,true,true,true,true,true,true,390,390,Electrical Defect Notice Repairs Sydney & Surrounding Regions,,PASS,
Microsoft Edge,/services/point-of-attachment-repairs-sydney/,390x844,mobile,200,true,true,true,true,false,true,false,false,false,true,false,true,true,true,true,true,true,true,390,390,Point of Attachment Repairs Sydney & Surrounding Regions,,PASS,
Microsoft Edge,/services/switchboard-upgrades-sydney/,390x844,mobile,200,true,true,true,true,false,true,false,false,false,true,false,true,true,true,true,true,true,true,390,390,Switchboard Upgrades Sydney & Surrounding Regions,,PASS,
Microsoft Edge,/service-areas/,390x844,mobile,200,true,true,true,true,false,true,false,false,false,true,false,true,true,true,true,true,true,true,390,390,Electricians Across Sydney & Surrounding Regions,,PASS,
Microsoft Edge,/service-areas/canterbury-bankstown-and-inner-south-west/canterbury-bankstown/panania/,390x844,mobile,200,true,true,true,true,false,true,false,false,false,true,false,true,true,true,true,true,true,true,390,390,Electrician Panania 2213,,PASS,
Microsoft Edge,/service-areas/sydney-city-and-eastern-suburbs/randwick/coogee/,390x844,mobile,200,true,true,true,true,false,true,false,false,false,true,false,true,true,true,true,true,true,true,390,390,Electrician Coogee 2034,,PASS,
Microsoft Edge,/privacy-policy/,390x844,mobile,200,true,true,true,true,false,true,false,false,false,true,false,true,true,true,true,true,true,true,390,390,Privacy Policy,,PASS,
Microsoft Edge,/terms/,390x844,mobile,200,true,true,true,true,false,true,false,false,false,true,false,true,true,true,true,true,true,true,390,390,Terms of Use,,PASS,
Microsoft Edge,/,412x915,mobile,200,true,true,true,true,false,true,false,false,false,true,false,true,true,true,true,true,true,true,412,412,Emergency electrical fault? Call now — 0461 247 247,,PASS,
Microsoft Edge,/emergency-electrician-sydney/,412x915,mobile,200,true,true,true,true,false,true,false,false,false,true,false,true,true,true,true,true,true,true,412,412,Emergency electrical fault? Call now — 0461 247 247,,PASS,
Microsoft Edge,/level-2-electrician-sydney/,412x915,mobile,200,true,true,true,true,false,true,false,false,false,true,false,true,true,true,true,true,true,true,412,412,Level 2 Electrician Sydney & Surrounding Regions,,PASS,
Microsoft Edge,/services/,412x915,mobile,200,true,true,true,true,false,true,false,false,false,true,false,true,true,true,true,true,true,true,412,412,Electrical Services Sydney & Surrounding Regions,,PASS,
Microsoft Edge,/services/consumer-mains-sydney/,412x915,mobile,200,true,true,true,true,false,true,false,false,false,true,false,true,true,true,true,true,true,true,412,412,Consumer Mains Electrician Sydney & Surrounding Regions,,PASS,
Microsoft Edge,/services/defect-notice-repairs-sydney/,412x915,mobile,200,true,true,true,true,false,true,false,false,false,true,false,true,true,true,true,true,true,true,412,412,Electrical Defect Notice Repairs Sydney & Surrounding Regions,,PASS,
Microsoft Edge,/services/point-of-attachment-repairs-sydney/,412x915,mobile,200,true,true,true,true,false,true,false,false,false,true,false,true,true,true,true,true,true,true,412,412,Point of Attachment Repairs Sydney & Surrounding Regions,,PASS,
Microsoft Edge,/services/switchboard-upgrades-sydney/,412x915,mobile,200,true,true,true,true,false,true,false,false,false,true,false,true,true,true,true,true,true,true,412,412,Switchboard Upgrades Sydney & Surrounding Regions,,PASS,
Microsoft Edge,/service-areas/,412x915,mobile,200,true,true,true,true,false,true,false,false,false,true,false,true,true,true,true,true,true,true,412,412,Electricians Across Sydney & Surrounding Regions,,PASS,
Microsoft Edge,/service-areas/canterbury-bankstown-and-inner-south-west/canterbury-bankstown/panania/,412x915,mobile,200,true,true,true,true,false,true,false,false,false,true,false,true,true,true,true,true,true,true,412,412,Electrician Panania 2213,,PASS,
Microsoft Edge,/service-areas/sydney-city-and-eastern-suburbs/randwick/coogee/,412x915,mobile,200,true,true,true,true,false,true,false,false,false,true,false,true,true,true,true,true,true,true,412,412,Electrician Coogee 2034,,PASS,
Microsoft Edge,/privacy-policy/,412x915,mobile,200,true,true,true,true,false,true,false,false,false,true,false,true,true,true,true,true,true,true,412,412,Privacy Policy,,PASS,
Microsoft Edge,/terms/,412x915,mobile,200,true,true,true,true,false,true,false,false,false,true,false,true,true,true,true,true,true,true,412,412,Terms of Use,,PASS,
Microsoft Edge,/,430x932,mobile,200,true,true,true,true,false,true,false,false,false,true,false,true,true,true,true,true,true,true,430,430,Emergency electrical fault? Call now — 0461 247 247,,PASS,
Microsoft Edge,/emergency-electrician-sydney/,430x932,mobile,200,true,true,true,true,false,true,false,false,false,true,false,true,true,true,true,true,true,true,430,430,Emergency electrical fault? Call now — 0461 247 247,,PASS,
Microsoft Edge,/level-2-electrician-sydney/,430x932,mobile,200,true,true,true,true,false,true,false,false,false,true,false,true,true,true,true,true,true,true,430,430,Level 2 Electrician Sydney & Surrounding Regions,,PASS,
Microsoft Edge,/services/,430x932,mobile,200,true,true,true,true,false,true,false,false,false,true,false,true,true,true,true,true,true,true,430,430,Electrical Services Sydney & Surrounding Regions,,PASS,
Microsoft Edge,/services/consumer-mains-sydney/,430x932,mobile,200,true,true,true,true,false,true,false,false,false,true,false,true,true,true,true,true,true,true,430,430,Consumer Mains Electrician Sydney & Surrounding Regions,,PASS,
Microsoft Edge,/services/defect-notice-repairs-sydney/,430x932,mobile,200,true,true,true,true,false,true,false,false,false,true,false,true,true,true,true,true,true,true,430,430,Electrical Defect Notice Repairs Sydney & Surrounding Regions,,PASS,
Microsoft Edge,/services/point-of-attachment-repairs-sydney/,430x932,mobile,200,true,true,true,true,false,true,false,false,false,true,false,true,true,true,true,true,true,true,430,430,Point of Attachment Repairs Sydney & Surrounding Regions,,PASS,
Microsoft Edge,/services/switchboard-upgrades-sydney/,430x932,mobile,200,true,true,true,true,false,true,false,false,false,true,false,true,true,true,true,true,true,true,430,430,Switchboard Upgrades Sydney & Surrounding Regions,,PASS,
Microsoft Edge,/service-areas/,430x932,mobile,200,true,true,true,true,false,true,false,false,false,true,false,true,true,true,true,true,true,true,430,430,Electricians Across Sydney & Surrounding Regions,,PASS,
Microsoft Edge,/service-areas/canterbury-bankstown-and-inner-south-west/canterbury-bankstown/panania/,430x932,mobile,200,true,true,true,true,false,true,false,false,false,true,false,true,true,true,true,true,true,true,430,430,Electrician Panania 2213,,PASS,
Microsoft Edge,/service-areas/sydney-city-and-eastern-suburbs/randwick/coogee/,430x932,mobile,200,true,true,true,true,false,true,false,false,false,true,false,true,true,true,true,true,true,true,430,430,Electrician Coogee 2034,,PASS,
Microsoft Edge,/privacy-policy/,430x932,mobile,200,true,true,true,true,false,true,false,false,false,true,false,true,true,true,true,true,true,true,430,430,Privacy Policy,,PASS,
Microsoft Edge,/terms/,430x932,mobile,200,true,true,true,true,false,true,false,false,false,true,false,true,true,true,true,true,true,true,430,430,Terms of Use,,PASS,
Mobile Chrome emulation,/,360x800,mobile,200,true,true,true,true,false,true,false,false,false,true,false,true,true,true,true,true,true,true,360,360,Emergency electrical fault? Call now — 0461 247 247,,PASS,
Mobile Chrome emulation,/emergency-electrician-sydney/,360x800,mobile,200,true,true,true,true,false,true,false,false,false,true,false,true,true,true,true,true,true,true,360,360,Emergency electrical fault? Call now — 0461 247 247,,PASS,
Mobile Chrome emulation,/level-2-electrician-sydney/,360x800,mobile,200,true,true,true,true,false,true,false,false,false,true,false,true,true,true,true,true,true,true,360,360,Level 2 Electrician Sydney & Surrounding Regions,,PASS,
Mobile Chrome emulation,/services/,360x800,mobile,200,true,true,true,true,false,true,false,false,false,true,false,true,true,true,true,true,true,true,360,360,Electrical Services Sydney & Surrounding Regions,,PASS,
Mobile Chrome emulation,/services/consumer-mains-sydney/,360x800,mobile,200,true,true,true,true,false,true,false,false,false,true,false,true,true,true,true,true,true,true,360,360,Consumer Mains Electrician Sydney & Surrounding Regions,,PASS,
Mobile Chrome emulation,/services/defect-notice-repairs-sydney/,360x800,mobile,200,true,true,true,true,false,true,false,false,false,true,false,true,true,true,true,true,true,true,360,360,Electrical Defect Notice Repairs Sydney & Surrounding Regions,,PASS,
Mobile Chrome emulation,/services/point-of-attachment-repairs-sydney/,360x800,mobile,200,true,true,true,true,false,true,false,false,false,true,false,true,true,true,true,true,true,true,360,360,Point of Attachment Repairs Sydney & Surrounding Regions,,PASS,
Mobile Chrome emulation,/services/switchboard-upgrades-sydney/,360x800,mobile,200,true,true,true,true,false,true,false,false,false,true,false,true,true,true,true,true,true,true,360,360,Switchboard Upgrades Sydney & Surrounding Regions,,PASS,
Mobile Chrome emulation,/service-areas/,360x800,mobile,200,true,true,true,true,false,true,false,false,false,true,false,true,true,true,true,true,true,true,360,360,Electricians Across Sydney & Surrounding Regions,,PASS,
Mobile Chrome emulation,/service-areas/canterbury-bankstown-and-inner-south-west/canterbury-bankstown/panania/,360x800,mobile,200,true,true,true,true,false,true,false,false,false,true,false,true,true,true,true,true,true,true,360,360,Electrician Panania 2213,,PASS,
Mobile Chrome emulation,/service-areas/sydney-city-and-eastern-suburbs/randwick/coogee/,360x800,mobile,200,true,true,true,true,false,true,false,false,false,true,false,true,true,true,true,true,true,true,360,360,Electrician Coogee 2034,,PASS,
Mobile Chrome emulation,/privacy-policy/,360x800,mobile,200,true,true,true,true,false,true,false,false,false,true,false,true,true,true,true,true,true,true,360,360,Privacy Policy,,PASS,
Mobile Chrome emulation,/terms/,360x800,mobile,200,true,true,true,true,false,true,false,false,false,true,false,true,true,true,true,true,true,true,360,360,Terms of Use,,PASS,
Mobile Chrome emulation,/,375x812,mobile,200,true,true,true,true,false,true,false,false,false,true,false,true,true,true,true,true,true,true,375,375,Emergency electrical fault? Call now — 0461 247 247,,PASS,
Mobile Chrome emulation,/emergency-electrician-sydney/,375x812,mobile,200,true,true,true,true,false,true,false,false,false,true,false,true,true,true,true,true,true,true,375,375,Emergency electrical fault? Call now — 0461 247 247,,PASS,
Mobile Chrome emulation,/level-2-electrician-sydney/,375x812,mobile,200,true,true,true,true,false,true,false,false,false,true,false,true,true,true,true,true,true,true,375,375,Level 2 Electrician Sydney & Surrounding Regions,,PASS,
Mobile Chrome emulation,/services/,375x812,mobile,200,true,true,true,true,false,true,false,false,false,true,false,true,true,true,true,true,true,true,375,375,Electrical Services Sydney & Surrounding Regions,,PASS,
Mobile Chrome emulation,/services/consumer-mains-sydney/,375x812,mobile,200,true,true,true,true,false,true,false,false,false,true,false,true,true,true,true,true,true,true,375,375,Consumer Mains Electrician Sydney & Surrounding Regions,,PASS,
Mobile Chrome emulation,/services/defect-notice-repairs-sydney/,375x812,mobile,200,true,true,true,true,false,true,false,false,false,true,false,true,true,true,true,true,true,true,375,375,Electrical Defect Notice Repairs Sydney & Surrounding Regions,,PASS,
Mobile Chrome emulation,/services/point-of-attachment-repairs-sydney/,375x812,mobile,200,true,true,true,true,false,true,false,false,false,true,false,true,true,true,true,true,true,true,375,375,Point of Attachment Repairs Sydney & Surrounding Regions,,PASS,
Mobile Chrome emulation,/services/switchboard-upgrades-sydney/,375x812,mobile,200,true,true,true,true,false,true,false,false,false,true,false,true,true,true,true,true,true,true,375,375,Switchboard Upgrades Sydney & Surrounding Regions,,PASS,
Mobile Chrome emulation,/service-areas/,375x812,mobile,200,true,true,true,true,false,true,false,false,false,true,false,true,true,true,true,true,true,true,375,375,Electricians Across Sydney & Surrounding Regions,,PASS,
Mobile Chrome emulation,/service-areas/canterbury-bankstown-and-inner-south-west/canterbury-bankstown/panania/,375x812,mobile,200,true,true,true,true,false,true,false,false,false,true,false,true,true,true,true,true,true,true,375,375,Electrician Panania 2213,,PASS,
Mobile Chrome emulation,/service-areas/sydney-city-and-eastern-suburbs/randwick/coogee/,375x812,mobile,200,true,true,true,true,false,true,false,false,false,true,false,true,true,true,true,true,true,true,375,375,Electrician Coogee 2034,,PASS,
Mobile Chrome emulation,/privacy-policy/,375x812,mobile,200,true,true,true,true,false,true,false,false,false,true,false,true,true,true,true,true,true,true,375,375,Privacy Policy,,PASS,
Mobile Chrome emulation,/terms/,375x812,mobile,200,true,true,true,true,false,true,false,false,false,true,false,true,true,true,true,true,true,true,375,375,Terms of Use,,PASS,
Mobile Chrome emulation,/,390x844,mobile,200,true,true,true,true,false,true,false,false,false,true,false,true,true,true,true,true,true,true,390,390,Emergency electrical fault? Call now — 0461 247 247,,PASS,
Mobile Chrome emulation,/emergency-electrician-sydney/,390x844,mobile,200,true,true,true,true,false,true,false,false,false,true,false,true,true,true,true,true,true,true,390,390,Emergency electrical fault? Call now — 0461 247 247,,PASS,
Mobile Chrome emulation,/level-2-electrician-sydney/,390x844,mobile,200,true,true,true,true,false,true,false,false,false,true,false,true,true,true,true,true,true,true,390,390,Level 2 Electrician Sydney & Surrounding Regions,reports/header-responsive-screenshots/mobile-chrome-level-2-electrician-sydney-390x844-key.png,PASS,
Mobile Chrome emulation,/services/,390x844,mobile,200,true,true,true,true,false,true,false,false,false,true,false,true,true,true,true,true,true,true,390,390,Electrical Services Sydney & Surrounding Regions,,PASS,
Mobile Chrome emulation,/services/consumer-mains-sydney/,390x844,mobile,200,true,true,true,true,false,true,false,false,false,true,false,true,true,true,true,true,true,true,390,390,Consumer Mains Electrician Sydney & Surrounding Regions,,PASS,
Mobile Chrome emulation,/services/defect-notice-repairs-sydney/,390x844,mobile,200,true,true,true,true,false,true,false,false,false,true,false,true,true,true,true,true,true,true,390,390,Electrical Defect Notice Repairs Sydney & Surrounding Regions,,PASS,
Mobile Chrome emulation,/services/point-of-attachment-repairs-sydney/,390x844,mobile,200,true,true,true,true,false,true,false,false,false,true,false,true,true,true,true,true,true,true,390,390,Point of Attachment Repairs Sydney & Surrounding Regions,,PASS,
Mobile Chrome emulation,/services/switchboard-upgrades-sydney/,390x844,mobile,200,true,true,true,true,false,true,false,false,false,true,false,true,true,true,true,true,true,true,390,390,Switchboard Upgrades Sydney & Surrounding Regions,,PASS,
Mobile Chrome emulation,/service-areas/,390x844,mobile,200,true,true,true,true,false,true,false,false,false,true,false,true,true,true,true,true,true,true,390,390,Electricians Across Sydney & Surrounding Regions,,PASS,
Mobile Chrome emulation,/service-areas/canterbury-bankstown-and-inner-south-west/canterbury-bankstown/panania/,390x844,mobile,200,true,true,true,true,false,true,false,false,false,true,false,true,true,true,true,true,true,true,390,390,Electrician Panania 2213,,PASS,
Mobile Chrome emulation,/service-areas/sydney-city-and-eastern-suburbs/randwick/coogee/,390x844,mobile,200,true,true,true,true,false,true,false,false,false,true,false,true,true,true,true,true,true,true,390,390,Electrician Coogee 2034,,PASS,
Mobile Chrome emulation,/privacy-policy/,390x844,mobile,200,true,true,true,true,false,true,false,false,false,true,false,true,true,true,true,true,true,true,390,390,Privacy Policy,,PASS,
Mobile Chrome emulation,/terms/,390x844,mobile,200,true,true,true,true,false,true,false,false,false,true,false,true,true,true,true,true,true,true,390,390,Terms of Use,,PASS,
Mobile Chrome emulation,/,412x915,mobile,200,true,true,true,true,false,true,false,false,false,true,false,true,true,true,true,true,true,true,412,412,Emergency electrical fault? Call now — 0461 247 247,,PASS,
Mobile Chrome emulation,/emergency-electrician-sydney/,412x915,mobile,200,true,true,true,true,false,true,false,false,false,true,false,true,true,true,true,true,true,true,412,412,Emergency electrical fault? Call now — 0461 247 247,,PASS,
Mobile Chrome emulation,/level-2-electrician-sydney/,412x915,mobile,200,true,true,true,true,false,true,false,false,false,true,false,true,true,true,true,true,true,true,412,412,Level 2 Electrician Sydney & Surrounding Regions,,PASS,
Mobile Chrome emulation,/services/,412x915,mobile,200,true,true,true,true,false,true,false,false,false,true,false,true,true,true,true,true,true,true,412,412,Electrical Services Sydney & Surrounding Regions,,PASS,
Mobile Chrome emulation,/services/consumer-mains-sydney/,412x915,mobile,200,true,true,true,true,false,true,false,false,false,true,false,true,true,true,true,true,true,true,412,412,Consumer Mains Electrician Sydney & Surrounding Regions,,PASS,
Mobile Chrome emulation,/services/defect-notice-repairs-sydney/,412x915,mobile,200,true,true,true,true,false,true,false,false,false,true,false,true,true,true,true,true,true,true,412,412,Electrical Defect Notice Repairs Sydney & Surrounding Regions,,PASS,
Mobile Chrome emulation,/services/point-of-attachment-repairs-sydney/,412x915,mobile,200,true,true,true,true,false,true,false,false,false,true,false,true,true,true,true,true,true,true,412,412,Point of Attachment Repairs Sydney & Surrounding Regions,,PASS,
Mobile Chrome emulation,/services/switchboard-upgrades-sydney/,412x915,mobile,200,true,true,true,true,false,true,false,false,false,true,false,true,true,true,true,true,true,true,412,412,Switchboard Upgrades Sydney & Surrounding Regions,,PASS,
Mobile Chrome emulation,/service-areas/,412x915,mobile,200,true,true,true,true,false,true,false,false,false,true,false,true,true,true,true,true,true,true,412,412,Electricians Across Sydney & Surrounding Regions,,PASS,
Mobile Chrome emulation,/service-areas/canterbury-bankstown-and-inner-south-west/canterbury-bankstown/panania/,412x915,mobile,200,true,true,true,true,false,true,false,false,false,true,false,true,true,true,true,true,true,true,412,412,Electrician Panania 2213,,PASS,
Mobile Chrome emulation,/service-areas/sydney-city-and-eastern-suburbs/randwick/coogee/,412x915,mobile,200,true,true,true,true,false,true,false,false,false,true,false,true,true,true,true,true,true,true,412,412,Electrician Coogee 2034,,PASS,
Mobile Chrome emulation,/privacy-policy/,412x915,mobile,200,true,true,true,true,false,true,false,false,false,true,false,true,true,true,true,true,true,true,412,412,Privacy Policy,,PASS,
Mobile Chrome emulation,/terms/,412x915,mobile,200,true,true,true,true,false,true,false,false,false,true,false,true,true,true,true,true,true,true,412,412,Terms of Use,,PASS,
Mobile Chrome emulation,/,430x932,mobile,200,true,true,true,true,false,true,false,false,false,true,false,true,true,true,true,true,true,true,430,430,Emergency electrical fault? Call now — 0461 247 247,,PASS,
Mobile Chrome emulation,/emergency-electrician-sydney/,430x932,mobile,200,true,true,true,true,false,true,false,false,false,true,false,true,true,true,true,true,true,true,430,430,Emergency electrical fault? Call now — 0461 247 247,,PASS,
Mobile Chrome emulation,/level-2-electrician-sydney/,430x932,mobile,200,true,true,true,true,false,true,false,false,false,true,false,true,true,true,true,true,true,true,430,430,Level 2 Electrician Sydney & Surrounding Regions,,PASS,
Mobile Chrome emulation,/services/,430x932,mobile,200,true,true,true,true,false,true,false,false,false,true,false,true,true,true,true,true,true,true,430,430,Electrical Services Sydney & Surrounding Regions,,PASS,
Mobile Chrome emulation,/services/consumer-mains-sydney/,430x932,mobile,200,true,true,true,true,false,true,false,false,false,true,false,true,true,true,true,true,true,true,430,430,Consumer Mains Electrician Sydney & Surrounding Regions,,PASS,
Mobile Chrome emulation,/services/defect-notice-repairs-sydney/,430x932,mobile,200,true,true,true,true,false,true,false,false,false,true,false,true,true,true,true,true,true,true,430,430,Electrical Defect Notice Repairs Sydney & Surrounding Regions,,PASS,
Mobile Chrome emulation,/services/point-of-attachment-repairs-sydney/,430x932,mobile,200,true,true,true,true,false,true,false,false,false,true,false,true,true,true,true,true,true,true,430,430,Point of Attachment Repairs Sydney & Surrounding Regions,,PASS,
Mobile Chrome emulation,/services/switchboard-upgrades-sydney/,430x932,mobile,200,true,true,true,true,false,true,false,false,false,true,false,true,true,true,true,true,true,true,430,430,Switchboard Upgrades Sydney & Surrounding Regions,,PASS,
Mobile Chrome emulation,/service-areas/,430x932,mobile,200,true,true,true,true,false,true,false,false,false,true,false,true,true,true,true,true,true,true,430,430,Electricians Across Sydney & Surrounding Regions,,PASS,
Mobile Chrome emulation,/service-areas/canterbury-bankstown-and-inner-south-west/canterbury-bankstown/panania/,430x932,mobile,200,true,true,true,true,false,true,false,false,false,true,false,true,true,true,true,true,true,true,430,430,Electrician Panania 2213,,PASS,
Mobile Chrome emulation,/service-areas/sydney-city-and-eastern-suburbs/randwick/coogee/,430x932,mobile,200,true,true,true,true,false,true,false,false,false,true,false,true,true,true,true,true,true,true,430,430,Electrician Coogee 2034,,PASS,
Mobile Chrome emulation,/privacy-policy/,430x932,mobile,200,true,true,true,true,false,true,false,false,false,true,false,true,true,true,true,true,true,true,430,430,Privacy Policy,,PASS,
Mobile Chrome emulation,/terms/,430x932,mobile,200,true,true,true,true,false,true,false,false,false,true,false,true,true,true,true,true,true,true,430,430,Terms of Use,,PASS,