URL,title,title length,description,description length,canonical,warnings
https://c0d312.github.io/evaready-electrical,Emergency Electrician & Level 2 Electrician Sydney,50,"Call for emergency faults or request quotes for Level 2, switchboards and general electrical work across Sydney and surrounding regions.",136,https://c0d312.github.io/evaready-electrical,
https://c0d312.github.io/evaready-electrical/about,About Evaready Electrical | Sydney Electrician,46,"Learn about Evaready Electrical, a licensed Sydney electrician for emergency faults, Level 2 support and planned work across surrounding regions.",145,https://c0d312.github.io/evaready-electrical/about,
https://c0d312.github.io/evaready-electrical/contact,Contact Evaready Electrical | Sydney Electrician,48,Contact Evaready Electrical to call for urgent faults or get a quote for planned electrical work across Sydney and surrounding regions.,135,https://c0d312.github.io/evaready-electrical/contact,
https://c0d312.github.io/evaready-electrical/electrical-faults,Electrical Faults Sydney & Surrounding Regions,46,"Electrical fault help in Sydney for tripping safety switches and burning smells, no power, sparking power points, overheating power points and storm damage.",156,https://c0d312.github.io/evaready-electrical/electrical-faults,
https://c0d312.github.io/evaready-electrical/electrical-faults/burning-smell-from-outlet,Burning Smell From Outlet Sydney & Surrounding Regions,54,Burning smell from an outlet in Sydney? Stop using the power point and call Evaready Electrical for urgent testing and repair.,126,https://c0d312.github.io/evaready-electrical/electrical-faults/burning-smell-from-outlet,
https://c0d312.github.io/evaready-electrical/electrical-faults/burning-smell-from-switchboard,Burning Smell From Switchboard Sydney & Surrounding Regions,59,Burning smell near a switchboard in Sydney? Call Evaready Electrical for urgent electrical fault support before touching the board.,131,https://c0d312.github.io/evaready-electrical/electrical-faults/burning-smell-from-switchboard,
https://c0d312.github.io/evaready-electrical/electrical-faults/circuit-breaker-keeps-tripping,Circuit Breaker Keeps Tripping Sydney & Surrounding Regions,59,"Circuit breaker keeps tripping in Sydney? Evaready Electrical can check overloaded circuits, faulty appliances, wiring damage and switchboard issues.",149,https://c0d312.github.io/evaready-electrical/electrical-faults/circuit-breaker-keeps-tripping,
https://c0d312.github.io/evaready-electrical/electrical-faults/electric-shock-from-outlet,Electric Shock From Outlet Sydney & Surrounding Regions,55,Electric shock from an outlet in Sydney? Stop using the power point and call Evaready Electrical for urgent electrical fault support.,133,https://c0d312.github.io/evaready-electrical/electrical-faults/electric-shock-from-outlet,
https://c0d312.github.io/evaready-electrical/electrical-faults/hot-power-point,Hot Power Point Sydney & Surrounding Regions,44,"Hot power point in Sydney? Evaready Electrical can check loose connections, overloaded outlets, damaged wiring and circuit load issues.",135,https://c0d312.github.io/evaready-electrical/electrical-faults/hot-power-point,
https://c0d312.github.io/evaready-electrical/electrical-faults/lights-flickering,Lights Flickering Sydney & Surrounding Regions,46,"Lights flickering in Sydney? Evaready Electrical can check fixtures, circuits, switchboards, loose connections and load issues.",127,https://c0d312.github.io/evaready-electrical/electrical-faults/lights-flickering,
https://c0d312.github.io/evaready-electrical/electrical-faults/no-power-in-one-room,No Power In One Room Sydney & Surrounding Regions,49,"No power in one room in Sydney? Evaready Electrical can trace tripped circuits, faulty outlets, damaged wiring and switchboard issues.",134,https://c0d312.github.io/evaready-electrical/electrical-faults/no-power-in-one-room,
https://c0d312.github.io/evaready-electrical/electrical-faults/no-power-to-house,No Power To House Sydney & Surrounding Regions,46,"No power to the house in Sydney? Evaready Electrical can help check switchboards, tripped safety devices, storm faults and supply-side concerns.",144,https://c0d312.github.io/evaready-electrical/electrical-faults/no-power-to-house,
https://c0d312.github.io/evaready-electrical/electrical-faults/power-outage-after-storm,Power Outage After Storm Sydney & Surrounding Regions,53,"Power outage after a storm in Sydney? Evaready Electrical can help check storm-damaged circuits, switchboards, outdoor fixtures and supply concerns.",148,https://c0d312.github.io/evaready-electrical/electrical-faults/power-outage-after-storm,
https://c0d312.github.io/evaready-electrical/electrical-faults/power-point-sparking,Power Point Sparking Sydney & Surrounding Regions,49,"Power point sparking in Sydney? Stop using the outlet and call Evaready Electrical for safe testing, repair or replacement.",123,https://c0d312.github.io/evaready-electrical/electrical-faults/power-point-sparking,
https://c0d312.github.io/evaready-electrical/electrical-faults/power-surge-damage,Power Surge Damage Sydney & Surrounding Regions,47,"Power surge damage in Sydney? Evaready Electrical can inspect affected circuits, switchboards and surge protection options after storms or supply events.",153,https://c0d312.github.io/evaready-electrical/electrical-faults/power-surge-damage,
https://c0d312.github.io/evaready-electrical/electrical-faults/rcd-trips-when-raining,RCD Trips When Raining Sydney & Surrounding Regions,51,"RCD trips when raining in Sydney? Evaready Electrical can test outdoor circuits, water-damaged fixtures and safety switch faults.",129,https://c0d312.github.io/evaready-electrical/electrical-faults/rcd-trips-when-raining,
https://c0d312.github.io/evaready-electrical/electrical-faults/safety-switch-keeps-tripping,Safety Switch Keeps Tripping Sydney & Surrounding Regions,57,"Safety switch keeps tripping in Sydney? Evaready Electrical can help test the circuit, isolate the cause and explain the next action.",133,https://c0d312.github.io/evaready-electrical/electrical-faults/safety-switch-keeps-tripping,
https://c0d312.github.io/evaready-electrical/electrical-faults/safety-switch-trips-at-night,Safety Switch Trips At Night Sydney & Surrounding Regions,57,"Safety switch trips at night in Sydney? Evaready Electrical can trace appliance, hot water, outdoor and circuit faults that trip after hours.",141,https://c0d312.github.io/evaready-electrical/electrical-faults/safety-switch-trips-at-night,
https://c0d312.github.io/evaready-electrical/electrical-faults/smoke-from-electrical-panel,Smoke From Electrical Panel Sydney & Surrounding Regions,56,Smoke from an electrical panel or switchboard in Sydney? Keep clear and call Evaready Electrical for urgent electrical support.,127,https://c0d312.github.io/evaready-electrical/electrical-faults/smoke-from-electrical-panel,
https://c0d312.github.io/evaready-electrical/emergency-electrician-sydney,Emergency Electrician Sydney | 60-Min Response,46,"Call Evaready for urgent electrical faults in Sydney and surrounding regions. 60-minute core response, 90-minute greater regions.",129,https://c0d312.github.io/evaready-electrical/emergency-electrician-sydney,
https://c0d312.github.io/evaready-electrical/level-2-electrician-sydney,Level 2 Electrician Sydney | Accredited ASP,43,"Level 2 ASP in Sydney and surrounding regions for consumer mains, defect notices, metering, point of attachment and supply work.",128,https://c0d312.github.io/evaready-electrical/level-2-electrician-sydney,
https://c0d312.github.io/evaready-electrical/privacy-policy,Privacy Policy | Evaready Electrical,36,"Privacy information for Evaready Electrical enquiries, quote requests and customer contact details.",99,https://c0d312.github.io/evaready-electrical/privacy-policy,
https://c0d312.github.io/evaready-electrical/service-areas,Electrician Service Areas Sydney | Emergency & Level 2,54,"Find your suburb for emergency electrician, Level 2 and planned electrical help across Sydney and surrounding regions. Call first or get a quote.",145,https://c0d312.github.io/evaready-electrical/service-areas,
https://c0d312.github.io/evaready-electrical/service-areas/blue-mountains,Blue Mountains Electrician | Emergency & Level 2,48,"Need an electrician in Blue Mountains? Evaready helps with urgent faults, Level 2 work, switchboards, consumer mains, defect notices.",133,https://c0d312.github.io/evaready-electrical/service-areas/blue-mountains,
https://c0d312.github.io/evaready-electrical/service-areas/blue-mountains/blue-mountains,Blue Mountains Electrician | Blue Mountains,43,"Need an electrician in Blue Mountains? Evaready helps with urgent faults, Level 2 work, switchboards, consumer mains, defect notices.",133,https://c0d312.github.io/evaready-electrical/service-areas/blue-mountains/blue-mountains,
https://c0d312.github.io/evaready-electrical/service-areas/blue-mountains/blue-mountains/berambing,Electrician Berambing 2758 | Emergency & Level 2,48,"Electrician Berambing 2758 for emergency faults, switchboards, hot water, aircon, CCTV/data and Level 2 support across the Blue Mountains.",138,https://c0d312.github.io/evaready-electrical/service-areas/blue-mountains/blue-mountains/berambing,
https://c0d312.github.io/evaready-electrical/service-areas/blue-mountains/blue-mountains/blaxland,Electrician Blaxland 2774 | Emergency & Level 2,47,"Electrician Blaxland 2774 for emergency faults, switchboards, hot water, aircon, CCTV/data and Level 2 support across the Blue Mountains.",137,https://c0d312.github.io/evaready-electrical/service-areas/blue-mountains/blue-mountains/blaxland,
https://c0d312.github.io/evaready-electrical/service-areas/blue-mountains/blue-mountains/bullaburra,Electrician Bullaburra 2784 | Emergency & Level 2,49,"Electrician Bullaburra 2784 for emergency faults, switchboards, hot water, aircon, CCTV/data and Level 2 support across the Blue Mountains.",139,https://c0d312.github.io/evaready-electrical/service-areas/blue-mountains/blue-mountains/bullaburra,
https://c0d312.github.io/evaready-electrical/service-areas/blue-mountains/blue-mountains/faulconbridge,Electrician Faulconbridge 2776 | Emergency & Level 2,52,"Electrician Faulconbridge 2776 for emergency faults, switchboards, hot water, aircon, CCTV/data and Level 2 support across the Blue Mountains.",142,https://c0d312.github.io/evaready-electrical/service-areas/blue-mountains/blue-mountains/faulconbridge,
https://c0d312.github.io/evaready-electrical/service-areas/blue-mountains/blue-mountains/glenbrook,Electrician Glenbrook 2773 | Emergency & Level 2,48,"Electrician Glenbrook 2773 for emergency faults, switchboards, hot water, aircon, CCTV/data and Level 2 support across the Blue Mountains.",138,https://c0d312.github.io/evaready-electrical/service-areas/blue-mountains/blue-mountains/glenbrook,
https://c0d312.github.io/evaready-electrical/service-areas/blue-mountains/blue-mountains/hawkesbury-heights,Electrician Hawkesbury Heights 2777 | Emergency & Level 2,57,"Electrician Hawkesbury Heights 2777 for emergency faults, switchboards, hot water, aircon, CCTV/data and Level 2 support across the Blue Mountains.",147,https://c0d312.github.io/evaready-electrical/service-areas/blue-mountains/blue-mountains/hawkesbury-heights,
https://c0d312.github.io/evaready-electrical/service-areas/blue-mountains/blue-mountains/hazelbrook,Electrician Hazelbrook 2779 | Emergency & Level 2,49,"Electrician Hazelbrook 2779 for emergency faults, switchboards, hot water, aircon, CCTV/data and Level 2 support across the Blue Mountains.",139,https://c0d312.github.io/evaready-electrical/service-areas/blue-mountains/blue-mountains/hazelbrook,
https://c0d312.github.io/evaready-electrical/service-areas/blue-mountains/blue-mountains/katoomba,Electrician Katoomba 2780 | Emergency & Level 2,47,"Electrician Katoomba 2780 for emergency faults, switchboards, hot water, aircon, CCTV/data and Level 2 support across the Blue Mountains.",137,https://c0d312.github.io/evaready-electrical/service-areas/blue-mountains/blue-mountains/katoomba,
https://c0d312.github.io/evaready-electrical/service-areas/blue-mountains/blue-mountains/lapstone,Electrician Lapstone 2773 | Emergency & Level 2,47,"Electrician Lapstone 2773 for emergency faults, switchboards, hot water, aircon, CCTV/data and Level 2 support across the Blue Mountains.",137,https://c0d312.github.io/evaready-electrical/service-areas/blue-mountains/blue-mountains/lapstone,
https://c0d312.github.io/evaready-electrical/service-areas/blue-mountains/blue-mountains/lawson,Electrician Lawson 2783 | Emergency & Level 2,45,"Electrician Lawson 2783 for emergency faults, switchboards, hot water, aircon, CCTV/data and Level 2 support across the Blue Mountains.",135,https://c0d312.github.io/evaready-electrical/service-areas/blue-mountains/blue-mountains/lawson,
https://c0d312.github.io/evaready-electrical/service-areas/blue-mountains/blue-mountains/leura,Electrician Leura 2780 | Emergency & Level 2,44,"Electrician Leura 2780 for emergency faults, switchboards, hot water, aircon, CCTV/data and Level 2 support across the Blue Mountains.",134,https://c0d312.github.io/evaready-electrical/service-areas/blue-mountains/blue-mountains/leura,
https://c0d312.github.io/evaready-electrical/service-areas/blue-mountains/blue-mountains/linden,Electrician Linden 2778 | Emergency & Level 2,45,"Electrician Linden 2778 for emergency faults, switchboards, hot water, aircon, CCTV/data and Level 2 support across the Blue Mountains.",135,https://c0d312.github.io/evaready-electrical/service-areas/blue-mountains/blue-mountains/linden,
https://c0d312.github.io/evaready-electrical/service-areas/blue-mountains/blue-mountains/mount-riverview,Electrician Mount Riverview 2774 | Emergency & Level 2,54,"Electrician Mount Riverview 2774 for emergency faults, switchboards, hot water, aircon, CCTV/data and Level 2 support across the Blue Mountains.",144,https://c0d312.github.io/evaready-electrical/service-areas/blue-mountains/blue-mountains/mount-riverview,
https://c0d312.github.io/evaready-electrical/service-areas/blue-mountains/blue-mountains/springwood,Electrician Springwood 2777 | Emergency & Level 2,49,"Electrician Springwood 2777 for emergency faults, switchboards, hot water, aircon, CCTV/data and Level 2 support across the Blue Mountains.",139,https://c0d312.github.io/evaready-electrical/service-areas/blue-mountains/blue-mountains/springwood,
https://c0d312.github.io/evaready-electrical/service-areas/blue-mountains/blue-mountains/sun-valley,Electrician Sun Valley 2777 | Emergency & Level 2,49,"Electrician Sun Valley 2777 for emergency faults, switchboards, hot water, aircon, CCTV/data and Level 2 support across the Blue Mountains.",139,https://c0d312.github.io/evaready-electrical/service-areas/blue-mountains/blue-mountains/sun-valley,
https://c0d312.github.io/evaready-electrical/service-areas/blue-mountains/blue-mountains/valley-heights,Electrician Valley Heights 2777 | Emergency & Level 2,53,"Electrician Valley Heights 2777 for emergency faults, switchboards, hot water, aircon, CCTV/data and Level 2 support across the Blue Mountains.",143,https://c0d312.github.io/evaready-electrical/service-areas/blue-mountains/blue-mountains/valley-heights,
https://c0d312.github.io/evaready-electrical/service-areas/blue-mountains/blue-mountains/warrimoo,Electrician Warrimoo 2774 | Emergency & Level 2,47,"Electrician Warrimoo 2774 for emergency faults, switchboards, hot water, aircon, CCTV/data and Level 2 support across the Blue Mountains.",137,https://c0d312.github.io/evaready-electrical/service-areas/blue-mountains/blue-mountains/warrimoo,
https://c0d312.github.io/evaready-electrical/service-areas/blue-mountains/blue-mountains/wentworth-falls,Electrician Wentworth Falls 2782 | Emergency & Level 2,54,"Electrician Wentworth Falls 2782 for emergency faults, switchboards, hot water, aircon, CCTV/data and Level 2 support across the Blue Mountains.",144,https://c0d312.github.io/evaready-electrical/service-areas/blue-mountains/blue-mountains/wentworth-falls,
https://c0d312.github.io/evaready-electrical/service-areas/blue-mountains/blue-mountains/winmalee,Electrician Winmalee 2777 | Emergency & Level 2,47,"Electrician Winmalee 2777 for emergency faults, switchboards, hot water, aircon, CCTV/data and Level 2 support across the Blue Mountains.",137,https://c0d312.github.io/evaready-electrical/service-areas/blue-mountains/blue-mountains/winmalee,
https://c0d312.github.io/evaready-electrical/service-areas/blue-mountains/blue-mountains/woodford,Electrician Woodford 2778 | Emergency & Level 2,47,"Electrician Woodford 2778 for emergency faults, switchboards, hot water, aircon, CCTV/data and Level 2 support across the Blue Mountains.",137,https://c0d312.github.io/evaready-electrical/service-areas/blue-mountains/blue-mountains/woodford,
https://c0d312.github.io/evaready-electrical/service-areas/blue-mountains/blue-mountains/yellow-rock,Electrician Yellow Rock 2777 | Emergency & Level 2,50,"Electrician Yellow Rock 2777 for emergency faults, switchboards, hot water, aircon, CCTV/data and Level 2 support across the Blue Mountains.",140,https://c0d312.github.io/evaready-electrical/service-areas/blue-mountains/blue-mountains/yellow-rock,
https://c0d312.github.io/evaready-electrical/service-areas/canterbury-bankstown-and-inner-south-west,Canterbury-Bankstown & Inner South West Electrician,51,"Need an electrician in Canterbury-Bankstown & Inner South West? Evaready helps with urgent faults, Level 2 work, switchboards, consumer mains, defect notices.",158,https://c0d312.github.io/evaready-electrical/service-areas/canterbury-bankstown-and-inner-south-west,
https://c0d312.github.io/evaready-electrical/service-areas/canterbury-bankstown-and-inner-south-west/canterbury-bankstown,Canterbury-Bankstown Electrician | Emergency & Level 2,54,"Need an electrician in Canterbury-Bankstown? Evaready helps with urgent faults, Level 2 work, switchboards, consumer mains, defect notices and planned.",151,https://c0d312.github.io/evaready-electrical/service-areas/canterbury-bankstown-and-inner-south-west/canterbury-bankstown,
https://c0d312.github.io/evaready-electrical/service-areas/canterbury-bankstown-and-inner-south-west/canterbury-bankstown/bankstown,Electrician Bankstown 2200 | Emergency & Level 2,48,"Electrician Bankstown 2200 for emergency faults, switchboards, lighting, power, data, CCTV and Level 2 support.",111,https://c0d312.github.io/evaready-electrical/service-areas/canterbury-bankstown-and-inner-south-west/canterbury-bankstown/bankstown,
https://c0d312.github.io/evaready-electrical/service-areas/canterbury-bankstown-and-inner-south-west/canterbury-bankstown/bass-hill,Electrician Bass Hill 2197 | Emergency & Level 2,48,"Electrician Bass Hill 2197 for urgent faults, switchboards, hot water, aircon, CCTV/data and Level 2 support.",109,https://c0d312.github.io/evaready-electrical/service-areas/canterbury-bankstown-and-inner-south-west/canterbury-bankstown/bass-hill,
https://c0d312.github.io/evaready-electrical/service-areas/canterbury-bankstown-and-inner-south-west/canterbury-bankstown/belfield,Electrician Belfield 2191 | Emergency & Level 2,47,"Electrician Belfield 2191 for emergency faults, switchboards, lighting, power, data, CCTV and Level 2 support.",110,https://c0d312.github.io/evaready-electrical/service-areas/canterbury-bankstown-and-inner-south-west/canterbury-bankstown/belfield,
https://c0d312.github.io/evaready-electrical/service-areas/canterbury-bankstown-and-inner-south-west/canterbury-bankstown/belmore,Electrician Belmore 2192 | Emergency & Level 2,46,"Electrician Belmore 2192 for emergency faults, switchboards, lighting, power, data, CCTV and Level 2 support.",109,https://c0d312.github.io/evaready-electrical/service-areas/canterbury-bankstown-and-inner-south-west/canterbury-bankstown/belmore,
https://c0d312.github.io/evaready-electrical/service-areas/canterbury-bankstown-and-inner-south-west/canterbury-bankstown/beverly-hills,Electrician Beverly Hills 2209 | Emergency & Level 2,52,"Electrician Beverly Hills 2209 for emergency faults, switchboards, hot water circuits, power, lighting and Level 2 support.",123,https://c0d312.github.io/evaready-electrical/service-areas/canterbury-bankstown-and-inner-south-west/canterbury-bankstown/beverly-hills,
https://c0d312.github.io/evaready-electrical/service-areas/canterbury-bankstown-and-inner-south-west/canterbury-bankstown/birrong,Electrician Birrong 2143 | Emergency & Level 2,46,"Electrician Birrong 2143 for emergency faults, switchboards, lighting, power, data, CCTV and Level 2 support.",109,https://c0d312.github.io/evaready-electrical/service-areas/canterbury-bankstown-and-inner-south-west/canterbury-bankstown/birrong,
https://c0d312.github.io/evaready-electrical/service-areas/canterbury-bankstown-and-inner-south-west/canterbury-bankstown/campsie,Electrician Campsie 2194 | Emergency & Level 2,46,"Electrician Campsie 2194 for emergency faults, switchboards, lighting, power, data, CCTV and Level 2 support.",109,https://c0d312.github.io/evaready-electrical/service-areas/canterbury-bankstown-and-inner-south-west/canterbury-bankstown/campsie,
https://c0d312.github.io/evaready-electrical/service-areas/canterbury-bankstown-and-inner-south-west/canterbury-bankstown/canterbury,Electrician Canterbury 2193 | Emergency & Level 2,49,"Electrician Canterbury 2193 for emergency faults, switchboards, lighting, power, data, CCTV and Level 2 support.",112,https://c0d312.github.io/evaready-electrical/service-areas/canterbury-bankstown-and-inner-south-west/canterbury-bankstown/canterbury,
https://c0d312.github.io/evaready-electrical/service-areas/canterbury-bankstown-and-inner-south-west/canterbury-bankstown/chester-hill,Electrician Chester Hill 2162 | Emergency & Level 2,51,"Electrician Chester Hill 2162 for emergency faults, switchboards, lighting, power, data, CCTV and Level 2 support.",114,https://c0d312.github.io/evaready-electrical/service-areas/canterbury-bankstown-and-inner-south-west/canterbury-bankstown/chester-hill,
https://c0d312.github.io/evaready-electrical/service-areas/canterbury-bankstown-and-inner-south-west/canterbury-bankstown/clemton-park,Electrician Clemton Park 2206 | Emergency & Level 2,51,"Electrician Clemton Park 2206 for emergency faults, switchboards, lighting, power, data, CCTV and Level 2 support.",114,https://c0d312.github.io/evaready-electrical/service-areas/canterbury-bankstown-and-inner-south-west/canterbury-bankstown/clemton-park,
https://c0d312.github.io/evaready-electrical/service-areas/canterbury-bankstown-and-inner-south-west/canterbury-bankstown/condell-park,Electrician Condell Park 2200 | Emergency & Level 2,51,"Electrician Condell Park 2200 for emergency faults, switchboards, lighting, power, data, CCTV and Level 2 support.",114,https://c0d312.github.io/evaready-electrical/service-areas/canterbury-bankstown-and-inner-south-west/canterbury-bankstown/condell-park,
https://c0d312.github.io/evaready-electrical/service-areas/canterbury-bankstown-and-inner-south-west/canterbury-bankstown/earlwood,Electrician Earlwood 2206 | Emergency & Level 2,47,"Electrician Earlwood 2206 for emergency faults, switchboards, hot water circuits, power, lighting and Level 2 support.",118,https://c0d312.github.io/evaready-electrical/service-areas/canterbury-bankstown-and-inner-south-west/canterbury-bankstown/earlwood,
https://c0d312.github.io/evaready-electrical/service-areas/canterbury-bankstown-and-inner-south-west/canterbury-bankstown/east-hills,Electrician East Hills 2213 | Emergency & Level 2,49,"Electrician East Hills 2213 for urgent faults, switchboards, hot water, aircon, CCTV/data and Level 2 support.",110,https://c0d312.github.io/evaready-electrical/service-areas/canterbury-bankstown-and-inner-south-west/canterbury-bankstown/east-hills,
https://c0d312.github.io/evaready-electrical/service-areas/canterbury-bankstown-and-inner-south-west/canterbury-bankstown/georges-hall,Electrician Georges Hall 2198 | Emergency & Level 2,51,"Electrician Georges Hall 2198 for urgent faults, switchboards, hot water, aircon, CCTV/data and Level 2 support.",112,https://c0d312.github.io/evaready-electrical/service-areas/canterbury-bankstown-and-inner-south-west/canterbury-bankstown/georges-hall,
https://c0d312.github.io/evaready-electrical/service-areas/canterbury-bankstown-and-inner-south-west/canterbury-bankstown/greenacre,Electrician Greenacre 2190 | Emergency & Level 2,48,"Electrician Greenacre 2190 for emergency faults, switchboards, lighting, power, data, CCTV and Level 2 support.",111,https://c0d312.github.io/evaready-electrical/service-areas/canterbury-bankstown-and-inner-south-west/canterbury-bankstown/greenacre,
https://c0d312.github.io/evaready-electrical/service-areas/canterbury-bankstown-and-inner-south-west/canterbury-bankstown/kingsgrove,Electrician Kingsgrove 2208 | Emergency & Level 2,49,"Electrician Kingsgrove 2208 for emergency faults, switchboards, lighting, power, data, CCTV and Level 2 support.",112,https://c0d312.github.io/evaready-electrical/service-areas/canterbury-bankstown-and-inner-south-west/canterbury-bankstown/kingsgrove,
https://c0d312.github.io/evaready-electrical/service-areas/canterbury-bankstown-and-inner-south-west/canterbury-bankstown/lakemba,Electrician Lakemba 2195 | Emergency & Level 2,46,"Electrician Lakemba 2195 for emergency faults, switchboards, lighting, power, data, CCTV and Level 2 support.",109,https://c0d312.github.io/evaready-electrical/service-areas/canterbury-bankstown-and-inner-south-west/canterbury-bankstown/lakemba,
https://c0d312.github.io/evaready-electrical/service-areas/canterbury-bankstown-and-inner-south-west/canterbury-bankstown/lansdowne,Electrician Lansdowne 2163 | Emergency & Level 2,48,"Electrician Lansdowne 2163 for emergency faults, switchboards, hot water circuits, power, lighting and Level 2 support.",119,https://c0d312.github.io/evaready-electrical/service-areas/canterbury-bankstown-and-inner-south-west/canterbury-bankstown/lansdowne,
https://c0d312.github.io/evaready-electrical/service-areas/canterbury-bankstown-and-inner-south-west/canterbury-bankstown/milperra,Electrician Milperra 2214 | Emergency & Level 2,47,"Electrician Milperra 2214 for emergency faults, switchboards, lighting, power, data, CCTV and Level 2 support.",110,https://c0d312.github.io/evaready-electrical/service-areas/canterbury-bankstown-and-inner-south-west/canterbury-bankstown/milperra,
https://c0d312.github.io/evaready-electrical/service-areas/canterbury-bankstown-and-inner-south-west/canterbury-bankstown/mount-lewis,Electrician Mount Lewis 2190 | Emergency & Level 2,50,"Electrician Mount Lewis 2190 for emergency faults, switchboards, lighting, power, data, CCTV and Level 2 support.",113,https://c0d312.github.io/evaready-electrical/service-areas/canterbury-bankstown-and-inner-south-west/canterbury-bankstown/mount-lewis,
https://c0d312.github.io/evaready-electrical/service-areas/canterbury-bankstown-and-inner-south-west/canterbury-bankstown/narwee,Electrician Narwee 2209 | Emergency & Level 2,45,"Electrician Narwee 2209 for emergency faults, switchboards, lighting, power, data, CCTV and Level 2 support.",108,https://c0d312.github.io/evaready-electrical/service-areas/canterbury-bankstown-and-inner-south-west/canterbury-bankstown/narwee,
https://c0d312.github.io/evaready-electrical/service-areas/canterbury-bankstown-and-inner-south-west/canterbury-bankstown/padstow,Electrician Padstow 2211 | Emergency & Level 2,46,"Electrician Padstow 2211 for emergency faults, switchboards, lighting, power, data, CCTV and Level 2 support.",109,https://c0d312.github.io/evaready-electrical/service-areas/canterbury-bankstown-and-inner-south-west/canterbury-bankstown/padstow,
https://c0d312.github.io/evaready-electrical/service-areas/canterbury-bankstown-and-inner-south-west/canterbury-bankstown/padstow-heights,Electrician Padstow Heights 2211 | Emergency & Level 2,54,"Electrician Padstow Heights 2211 for emergency faults, switchboards, hot water circuits, power, lighting and Level 2 support.",125,https://c0d312.github.io/evaready-electrical/service-areas/canterbury-bankstown-and-inner-south-west/canterbury-bankstown/padstow-heights,
https://c0d312.github.io/evaready-electrical/service-areas/canterbury-bankstown-and-inner-south-west/canterbury-bankstown/panania,Electrician Panania 2213 | Emergency & Level 2,46,"Electrician Panania 2213 for urgent faults, switchboards, hot water, aircon, CCTV/data and Level 2 support.",107,https://c0d312.github.io/evaready-electrical/service-areas/canterbury-bankstown-and-inner-south-west/canterbury-bankstown/panania,
https://c0d312.github.io/evaready-electrical/service-areas/canterbury-bankstown-and-inner-south-west/canterbury-bankstown/picnic-point,Electrician Picnic Point 2213 | Emergency & Level 2,51,"Electrician Picnic Point 2213 for emergency faults, switchboards, hot water circuits, power, lighting and Level 2 support.",122,https://c0d312.github.io/evaready-electrical/service-areas/canterbury-bankstown-and-inner-south-west/canterbury-bankstown/picnic-point,
https://c0d312.github.io/evaready-electrical/service-areas/canterbury-bankstown-and-inner-south-west/canterbury-bankstown/potts-hill,Electrician Potts Hill 2143 | Emergency & Level 2,49,"Electrician Potts Hill 2143 for emergency faults, switchboards, lighting, power, data, CCTV and Level 2 support.",112,https://c0d312.github.io/evaready-electrical/service-areas/canterbury-bankstown-and-inner-south-west/canterbury-bankstown/potts-hill,
https://c0d312.github.io/evaready-electrical/service-areas/canterbury-bankstown-and-inner-south-west/canterbury-bankstown/punchbowl,Electrician Punchbowl 2196 | Emergency & Level 2,48,"Electrician Punchbowl 2196 for emergency faults, switchboards, lighting, power, data, CCTV and Level 2 support.",111,https://c0d312.github.io/evaready-electrical/service-areas/canterbury-bankstown-and-inner-south-west/canterbury-bankstown/punchbowl,
https://c0d312.github.io/evaready-electrical/service-areas/canterbury-bankstown-and-inner-south-west/canterbury-bankstown/revesby,Electrician Revesby 2212 | Emergency & Level 2,46,"Electrician Revesby 2212 for emergency faults, switchboards, lighting, power, data, CCTV and Level 2 support.",109,https://c0d312.github.io/evaready-electrical/service-areas/canterbury-bankstown-and-inner-south-west/canterbury-bankstown/revesby,
https://c0d312.github.io/evaready-electrical/service-areas/canterbury-bankstown-and-inner-south-west/canterbury-bankstown/revesby-heights,Electrician Revesby Heights 2212 | Emergency & Level 2,54,"Electrician Revesby Heights 2212 for urgent faults, switchboards, hot water, aircon, CCTV/data and Level 2 support.",115,https://c0d312.github.io/evaready-electrical/service-areas/canterbury-bankstown-and-inner-south-west/canterbury-bankstown/revesby-heights,
https://c0d312.github.io/evaready-electrical/service-areas/canterbury-bankstown-and-inner-south-west/canterbury-bankstown/riverwood,Electrician Riverwood 2210 | Emergency & Level 2,48,"Electrician Riverwood 2210 for emergency faults, switchboards, lighting, power, data, CCTV and Level 2 support.",111,https://c0d312.github.io/evaready-electrical/service-areas/canterbury-bankstown-and-inner-south-west/canterbury-bankstown/riverwood,
https://c0d312.github.io/evaready-electrical/service-areas/canterbury-bankstown-and-inner-south-west/canterbury-bankstown/roselands,Electrician Roselands 2196 | Emergency & Level 2,48,"Electrician Roselands 2196 for emergency faults, switchboards, lighting, power, data, CCTV and Level 2 support.",111,https://c0d312.github.io/evaready-electrical/service-areas/canterbury-bankstown-and-inner-south-west/canterbury-bankstown/roselands,
https://c0d312.github.io/evaready-electrical/service-areas/canterbury-bankstown-and-inner-south-west/canterbury-bankstown/sefton,Electrician Sefton 2162 | Emergency & Level 2,45,"Electrician Sefton 2162 for urgent faults, switchboards, hot water, aircon, CCTV/data and Level 2 support.",106,https://c0d312.github.io/evaready-electrical/service-areas/canterbury-bankstown-and-inner-south-west/canterbury-bankstown/sefton,
https://c0d312.github.io/evaready-electrical/service-areas/canterbury-bankstown-and-inner-south-west/canterbury-bankstown/villawood,Electrician Villawood 2163 | Emergency & Level 2,48,"Electrician Villawood 2163 for emergency faults, switchboards, lighting, power, data, CCTV and Level 2 support.",111,https://c0d312.github.io/evaready-electrical/service-areas/canterbury-bankstown-and-inner-south-west/canterbury-bankstown/villawood,
https://c0d312.github.io/evaready-electrical/service-areas/canterbury-bankstown-and-inner-south-west/canterbury-bankstown/wiley-park,Electrician Wiley Park 2195 | Emergency & Level 2,49,"Electrician Wiley Park 2195 for emergency faults, switchboards, lighting, power, data, CCTV and Level 2 support.",112,https://c0d312.github.io/evaready-electrical/service-areas/canterbury-bankstown-and-inner-south-west/canterbury-bankstown/wiley-park,
https://c0d312.github.io/evaready-electrical/service-areas/canterbury-bankstown-and-inner-south-west/canterbury-bankstown/yagoona,Electrician Yagoona 2199 | Emergency & Level 2,46,"Electrician Yagoona 2199 for emergency faults, switchboards, lighting, power, data, CCTV and Level 2 support.",109,https://c0d312.github.io/evaready-electrical/service-areas/canterbury-bankstown-and-inner-south-west/canterbury-bankstown/yagoona,
https://c0d312.github.io/evaready-electrical/service-areas/central-coast-south,Central Coast South Electrician | Emergency & Level 2,53,"Need an electrician in Central Coast South? Evaready helps with urgent faults, Level 2 work, switchboards, consumer mains, defect notices and planned.",150,https://c0d312.github.io/evaready-electrical/service-areas/central-coast-south,
https://c0d312.github.io/evaready-electrical/service-areas/central-coast-south/central-coast,Central Coast Electrician | Central Coast South,47,"Need an electrician in Central Coast? Evaready helps with urgent faults, Level 2 work, switchboards, consumer mains, defect notices.",132,https://c0d312.github.io/evaready-electrical/service-areas/central-coast-south/central-coast,
https://c0d312.github.io/evaready-electrical/service-areas/central-coast-south/central-coast/alison,Electrician Alison 2259 | Emergency & Level 2,45,"Electrician Alison 2259 for emergency faults, switchboards, hot water circuits, power, lighting and Level 2 support across the Central Coast.",141,https://c0d312.github.io/evaready-electrical/service-areas/central-coast-south/central-coast/alison,
https://c0d312.github.io/evaready-electrical/service-areas/central-coast-south/central-coast/bar-point,Electrician Bar Point 2083 | Emergency & Level 2,48,"Electrician Bar Point 2083 for urgent faults, switchboards, hot water, aircon, CCTV/data and Level 2 support across the Central Coast.",134,https://c0d312.github.io/evaready-electrical/service-areas/central-coast-south/central-coast/bar-point,
https://c0d312.github.io/evaready-electrical/service-areas/central-coast-south/central-coast/blackwall,Electrician Blackwall 2256 | Emergency & Level 2,48,"Electrician Blackwall 2256 for emergency faults, switchboards, hot water circuits, power, lighting and Level 2 support across the Central Coast.",144,https://c0d312.github.io/evaready-electrical/service-areas/central-coast-south/central-coast/blackwall,
https://c0d312.github.io/evaready-electrical/service-areas/central-coast-south/central-coast/calga,Electrician Calga 2250 | Emergency & Level 2,44,"Electrician Calga 2250 for urgent faults, switchboards, hot water, aircon, CCTV/data and Level 2 support across the Central Coast.",130,https://c0d312.github.io/evaready-electrical/service-areas/central-coast-south/central-coast/calga,
https://c0d312.github.io/evaready-electrical/service-areas/central-coast-south/central-coast/central-mangrove,Electrician Central Mangrove 2250 | Emergency & Level 2,55,"Electrician Central Mangrove 2250 for emergency faults, switchboards, hot water circuits, power, lighting and Level 2 support across the Central Coast.",151,https://c0d312.github.io/evaready-electrical/service-areas/central-coast-south/central-coast/central-mangrove,
https://c0d312.github.io/evaready-electrical/service-areas/central-coast-south/central-coast/cheero-point,Electrician Cheero Point 2083 | Emergency & Level 2,51,"Electrician Cheero Point 2083 for emergency faults, switchboards, hot water circuits, power, lighting and Level 2 support across the Central Coast.",147,https://c0d312.github.io/evaready-electrical/service-areas/central-coast-south/central-coast/cheero-point,
https://c0d312.github.io/evaready-electrical/service-areas/central-coast-south/central-coast/cogra-bay,Electrician Cogra Bay 2083 | Emergency & Level 2,48,"Electrician Cogra Bay 2083 for emergency faults, switchboards, hot water circuits, power, lighting and Level 2 support across the Central Coast.",144,https://c0d312.github.io/evaready-electrical/service-areas/central-coast-south/central-coast/cogra-bay,
https://c0d312.github.io/evaready-electrical/service-areas/central-coast-south/central-coast/east-gosford,Electrician East Gosford 2250 | Emergency & Level 2,51,"Electrician East Gosford 2250 for emergency faults, switchboards, lighting, power, data, CCTV and Level 2 support across the Central Coast.",139,https://c0d312.github.io/evaready-electrical/service-areas/central-coast-south/central-coast/east-gosford,
https://c0d312.github.io/evaready-electrical/service-areas/central-coast-south/central-coast/erina,Electrician Erina 2250 | Emergency & Level 2,44,"Electrician Erina 2250 for emergency faults, switchboards, lighting, power, data, CCTV and Level 2 support across the Central Coast.",132,https://c0d312.github.io/evaready-electrical/service-areas/central-coast-south/central-coast/erina,
https://c0d312.github.io/evaready-electrical/service-areas/central-coast-south/central-coast/gosford,Electrician Gosford 2250 | Emergency & Level 2,46,"Electrician Gosford 2250 for emergency faults, switchboards, lighting, power, data, CCTV and Level 2 support across the Central Coast.",134,https://c0d312.github.io/evaready-electrical/service-areas/central-coast-south/central-coast/gosford,
https://c0d312.github.io/evaready-electrical/service-areas/central-coast-south/central-coast/green-point,Electrician Green Point 2251 | Emergency & Level 2,50,"Electrician Green Point 2251 for emergency faults, switchboards, hot water circuits, power, lighting and Level 2 support across the Central Coast.",146,https://c0d312.github.io/evaready-electrical/service-areas/central-coast-south/central-coast/green-point,
https://c0d312.github.io/evaready-electrical/service-areas/central-coast-south/central-coast/horsfield-bay,Electrician Horsfield Bay 2256 | Emergency & Level 2,52,"Electrician Horsfield Bay 2256 for emergency faults, switchboards, hot water circuits, power, lighting and Level 2 support across the Central Coast.",148,https://c0d312.github.io/evaready-electrical/service-areas/central-coast-south/central-coast/horsfield-bay,
https://c0d312.github.io/evaready-electrical/service-areas/central-coast-south/central-coast/kangy-angy,Electrician Kangy Angy 2258 | Emergency & Level 2,49,"Electrician Kangy Angy 2258 for emergency faults, switchboards, lighting, power, data, CCTV and Level 2 support across the Central Coast.",137,https://c0d312.github.io/evaready-electrical/service-areas/central-coast-south/central-coast/kangy-angy,
https://c0d312.github.io/evaready-electrical/service-areas/central-coast-south/central-coast/kariong,Electrician Kariong 2250 | Emergency & Level 2,46,"Electrician Kariong 2250 for emergency faults, switchboards, lighting, power, data, CCTV and Level 2 support across the Central Coast.",134,https://c0d312.github.io/evaready-electrical/service-areas/central-coast-south/central-coast/kariong,
https://c0d312.github.io/evaready-electrical/service-areas/central-coast-south/central-coast/koolewong,Electrician Koolewong 2256 | Emergency & Level 2,48,"Electrician Koolewong 2256 for emergency faults, switchboards, hot water circuits, power, lighting and Level 2 support across the Central Coast.",144,https://c0d312.github.io/evaready-electrical/service-areas/central-coast-south/central-coast/koolewong,
https://c0d312.github.io/evaready-electrical/service-areas/central-coast-south/central-coast/mardi,Electrician Mardi 2259 | Emergency & Level 2,44,"Electrician Mardi 2259 for urgent faults, switchboards, hot water, aircon, CCTV/data and Level 2 support across the Central Coast.",130,https://c0d312.github.io/evaready-electrical/service-areas/central-coast-south/central-coast/mardi,
https://c0d312.github.io/evaready-electrical/service-areas/central-coast-south/central-coast/marlow,Electrician Marlow 2775 | Emergency & Level 2,45,"Electrician Marlow 2775 for urgent faults, switchboards, hot water, aircon, CCTV/data and Level 2 support across the Central Coast.",131,https://c0d312.github.io/evaready-electrical/service-areas/central-coast-south/central-coast/marlow,
https://c0d312.github.io/evaready-electrical/service-areas/central-coast-south/central-coast/mooney-mooney,Electrician Mooney Mooney 2083 | Emergency & Level 2,52,"Electrician Mooney Mooney 2083 for emergency faults, switchboards, hot water circuits, power, lighting and Level 2 support across the Central Coast.",148,https://c0d312.github.io/evaready-electrical/service-areas/central-coast-south/central-coast/mooney-mooney,
https://c0d312.github.io/evaready-electrical/service-areas/central-coast-south/central-coast/mooney-mooney-creek,Electrician Mooney Mooney Creek 2250 | Emergency & Level 2,58,"Electrician Mooney Mooney Creek 2250 for urgent faults, switchboards, hot water, aircon, CCTV/data and Level 2 support across the Central Coast.",144,https://c0d312.github.io/evaready-electrical/service-areas/central-coast-south/central-coast/mooney-mooney-creek,
https://c0d312.github.io/evaready-electrical/service-areas/central-coast-south/central-coast/mount-white,Electrician Mount White 2250 | Emergency & Level 2,50,"Electrician Mount White 2250 for emergency faults, switchboards, hot water circuits, power, lighting and Level 2 support across the Central Coast.",146,https://c0d312.github.io/evaready-electrical/service-areas/central-coast-south/central-coast/mount-white,
https://c0d312.github.io/evaready-electrical/service-areas/central-coast-south/central-coast/narara,Electrician Narara 2250 | Emergency & Level 2,45,"Electrician Narara 2250 for emergency faults, switchboards, lighting, power, data, CCTV and Level 2 support across the Central Coast.",133,https://c0d312.github.io/evaready-electrical/service-areas/central-coast-south/central-coast/narara,
https://c0d312.github.io/evaready-electrical/service-areas/central-coast-south/central-coast/niagara-park,Electrician Niagara Park 2250 | Emergency & Level 2,51,"Electrician Niagara Park 2250 for emergency faults, switchboards, lighting, power, data, CCTV and Level 2 support across the Central Coast.",139,https://c0d312.github.io/evaready-electrical/service-areas/central-coast-south/central-coast/niagara-park,
https://c0d312.github.io/evaready-electrical/service-areas/central-coast-south/central-coast/north-gosford,Electrician North Gosford 2250 | Emergency & Level 2,52,"Electrician North Gosford 2250 for urgent faults, switchboards, hot water, aircon, CCTV/data and Level 2 support across the Central Coast.",138,https://c0d312.github.io/evaready-electrical/service-areas/central-coast-south/central-coast/north-gosford,
https://c0d312.github.io/evaready-electrical/service-areas/central-coast-south/central-coast/palmdale,Electrician Palmdale 2258 | Emergency & Level 2,47,"Electrician Palmdale 2258 for urgent faults, switchboards, hot water, aircon, CCTV/data and Level 2 support across the Central Coast.",133,https://c0d312.github.io/evaready-electrical/service-areas/central-coast-south/central-coast/palmdale,
https://c0d312.github.io/evaready-electrical/service-areas/central-coast-south/central-coast/peats-ridge,Electrician Peats Ridge 2250 | Emergency & Level 2,50,"Electrician Peats Ridge 2250 for emergency faults, switchboards, lighting, power, data, CCTV and Level 2 support across the Central Coast.",138,https://c0d312.github.io/evaready-electrical/service-areas/central-coast-south/central-coast/peats-ridge,
https://c0d312.github.io/evaready-electrical/service-areas/central-coast-south/central-coast/phegans-bay,Electrician Phegans Bay 2256 | Emergency & Level 2,50,"Electrician Phegans Bay 2256 for emergency faults, switchboards, hot water circuits, power, lighting and Level 2 support across the Central Coast.",146,https://c0d312.github.io/evaready-electrical/service-areas/central-coast-south/central-coast/phegans-bay,
https://c0d312.github.io/evaready-electrical/service-areas/central-coast-south/central-coast/point-clare,Electrician Point Clare 2250 | Emergency & Level 2,50,"Electrician Point Clare 2250 for urgent faults, switchboards, hot water, aircon, CCTV/data and Level 2 support across the Central Coast.",136,https://c0d312.github.io/evaready-electrical/service-areas/central-coast-south/central-coast/point-clare,
https://c0d312.github.io/evaready-electrical/service-areas/central-coast-south/central-coast/point-frederick,Electrician Point Frederick 2250 | Emergency & Level 2,54,"Electrician Point Frederick 2250 for emergency faults, switchboards, lighting, power, data, CCTV and Level 2 support across the Central Coast.",142,https://c0d312.github.io/evaready-electrical/service-areas/central-coast-south/central-coast/point-frederick,
https://c0d312.github.io/evaready-electrical/service-areas/central-coast-south/central-coast/somersby,Electrician Somersby 2250 | Emergency & Level 2,47,"Electrician Somersby 2250 for emergency faults, switchboards, lighting, power, data, CCTV and Level 2 support across the Central Coast.",135,https://c0d312.github.io/evaready-electrical/service-areas/central-coast-south/central-coast/somersby,
https://c0d312.github.io/evaready-electrical/service-areas/central-coast-south/central-coast/springfield,Electrician Springfield 2250 | Emergency & Level 2,50,"Electrician Springfield 2250 for emergency faults, switchboards, lighting, power, data, CCTV and Level 2 support across the Central Coast.",138,https://c0d312.github.io/evaready-electrical/service-areas/central-coast-south/central-coast/springfield,
https://c0d312.github.io/evaready-electrical/service-areas/central-coast-south/central-coast/tascott,Electrician Tascott 2250 | Emergency & Level 2,46,"Electrician Tascott 2250 for urgent faults, switchboards, hot water, aircon, CCTV/data and Level 2 support across the Central Coast.",132,https://c0d312.github.io/evaready-electrical/service-areas/central-coast-south/central-coast/tascott,
https://c0d312.github.io/evaready-electrical/service-areas/central-coast-south/central-coast/tuggerah,Electrician Tuggerah 2259 | Emergency & Level 2,47,"Electrician Tuggerah 2259 for emergency faults, switchboards, lighting, power, data, CCTV and Level 2 support across the Central Coast.",135,https://c0d312.github.io/evaready-electrical/service-areas/central-coast-south/central-coast/tuggerah,
https://c0d312.github.io/evaready-electrical/service-areas/central-coast-south/central-coast/wendoree-park,Electrician Wendoree Park 2250 | Emergency & Level 2,52,"Electrician Wendoree Park 2250 for urgent faults, switchboards, hot water, aircon, CCTV/data and Level 2 support across the Central Coast.",138,https://c0d312.github.io/evaready-electrical/service-areas/central-coast-south/central-coast/wendoree-park,
https://c0d312.github.io/evaready-electrical/service-areas/central-coast-south/central-coast/west-gosford,Electrician West Gosford 2250 | Emergency & Level 2,51,"Electrician West Gosford 2250 for emergency faults, switchboards, lighting, power, data, CCTV and Level 2 support across the Central Coast.",139,https://c0d312.github.io/evaready-electrical/service-areas/central-coast-south/central-coast/west-gosford,
https://c0d312.github.io/evaready-electrical/service-areas/central-coast-south/central-coast/woy-woy,Electrician Woy Woy 2256 | Emergency & Level 2,46,"Electrician Woy Woy 2256 for emergency faults, switchboards, lighting, power, data, CCTV and Level 2 support across the Central Coast.",134,https://c0d312.github.io/evaready-electrical/service-areas/central-coast-south/central-coast/woy-woy,
https://c0d312.github.io/evaready-electrical/service-areas/central-coast-south/central-coast/woy-woy-bay,Electrician Woy Woy Bay 2256 | Emergency & Level 2,50,"Electrician Woy Woy Bay 2256 for urgent faults, switchboards, hot water, aircon, CCTV/data and Level 2 support across the Central Coast.",136,https://c0d312.github.io/evaready-electrical/service-areas/central-coast-south/central-coast/woy-woy-bay,
https://c0d312.github.io/evaready-electrical/service-areas/central-coast-south/central-coast/wyoming,Electrician Wyoming 2250 | Emergency & Level 2,46,"Electrician Wyoming 2250 for emergency faults, switchboards, lighting, power, data, CCTV and Level 2 support across the Central Coast.",134,https://c0d312.github.io/evaready-electrical/service-areas/central-coast-south/central-coast/wyoming,
https://c0d312.github.io/evaready-electrical/service-areas/hills-hawkesbury-and-hornsby,"Hills, Hawkesbury & Hornsby Electrician | Emergency & Level 2",61,"Need an electrician in Hills, Hawkesbury & Hornsby? Evaready helps with urgent faults, Level 2 work, switchboards, consumer mains, defect notices and planned.",158,https://c0d312.github.io/evaready-electrical/service-areas/hills-hawkesbury-and-hornsby,
https://c0d312.github.io/evaready-electrical/service-areas/hills-hawkesbury-and-hornsby/hawkesbury,"Hawkesbury Electrician | Hills, Hawkesbury & Hornsby",52,"Need an electrician in Hawkesbury? Evaready helps with urgent faults, Level 2 work, switchboards, consumer mains, defect notices and planned electrical jobs.",157,https://c0d312.github.io/evaready-electrical/service-areas/hills-hawkesbury-and-hornsby/hawkesbury,
https://c0d312.github.io/evaready-electrical/service-areas/hills-hawkesbury-and-hornsby/hawkesbury/agnes-banks,Electrician Agnes Banks 2753 | Emergency & Level 2,50,"Electrician Agnes Banks 2753 for emergency faults, switchboards, hot water circuits, power, lighting and Level 2 support.",121,https://c0d312.github.io/evaready-electrical/service-areas/hills-hawkesbury-and-hornsby/hawkesbury/agnes-banks,
https://c0d312.github.io/evaready-electrical/service-areas/hills-hawkesbury-and-hornsby/hawkesbury/bilpin,Electrician Bilpin 2758 | Emergency & Level 2,45,"Electrician Bilpin 2758 for urgent faults, switchboards, hot water, aircon, CCTV/data and Level 2 support.",106,https://c0d312.github.io/evaready-electrical/service-areas/hills-hawkesbury-and-hornsby/hawkesbury/bilpin,
https://c0d312.github.io/evaready-electrical/service-areas/hills-hawkesbury-and-hornsby/hawkesbury/blaxlands-ridge,Electrician Blaxlands Ridge 2758 | Emergency & Level 2,54,"Electrician Blaxlands Ridge 2758 for emergency faults, switchboards, hot water circuits, power, lighting and Level 2 support.",125,https://c0d312.github.io/evaready-electrical/service-areas/hills-hawkesbury-and-hornsby/hawkesbury/blaxlands-ridge,
https://c0d312.github.io/evaready-electrical/service-areas/hills-hawkesbury-and-hornsby/hawkesbury/bligh-park,Electrician Bligh Park 2756 | Emergency & Level 2,49,"Electrician Bligh Park 2756 for emergency faults, switchboards, hot water circuits, power, lighting and Level 2 support.",120,https://c0d312.github.io/evaready-electrical/service-areas/hills-hawkesbury-and-hornsby/hawkesbury/bligh-park,
https://c0d312.github.io/evaready-electrical/service-areas/hills-hawkesbury-and-hornsby/hawkesbury/bowen-mountain,Electrician Bowen Mountain 2753 | Emergency & Level 2,53,"Electrician Bowen Mountain 2753 for urgent faults, switchboards, hot water, aircon, CCTV/data and Level 2 support.",114,https://c0d312.github.io/evaready-electrical/service-areas/hills-hawkesbury-and-hornsby/hawkesbury/bowen-mountain,
https://c0d312.github.io/evaready-electrical/service-areas/hills-hawkesbury-and-hornsby/hawkesbury/clarendon,Electrician Clarendon 2756 | Emergency & Level 2,48,"Electrician Clarendon 2756 for urgent faults, switchboards, hot water, aircon, CCTV/data and Level 2 support.",109,https://c0d312.github.io/evaready-electrical/service-areas/hills-hawkesbury-and-hornsby/hawkesbury/clarendon,
https://c0d312.github.io/evaready-electrical/service-areas/hills-hawkesbury-and-hornsby/hawkesbury/cornwallis,Electrician Cornwallis 2756 | Emergency & Level 2,49,"Electrician Cornwallis 2756 for urgent faults, switchboards, hot water, aircon, CCTV/data and Level 2 support.",110,https://c0d312.github.io/evaready-electrical/service-areas/hills-hawkesbury-and-hornsby/hawkesbury/cornwallis,
https://c0d312.github.io/evaready-electrical/service-areas/hills-hawkesbury-and-hornsby/hawkesbury/cumberland-reach,Electrician Cumberland Reach 2756 | Emergency & Level 2,55,"Electrician Cumberland Reach 2756 for emergency faults, switchboards, hot water circuits, power, lighting and Level 2 support.",126,https://c0d312.github.io/evaready-electrical/service-areas/hills-hawkesbury-and-hornsby/hawkesbury/cumberland-reach,
https://c0d312.github.io/evaready-electrical/service-areas/hills-hawkesbury-and-hornsby/hawkesbury/east-kurrajong,Electrician East Kurrajong 2758 | Emergency & Level 2,53,"Electrician East Kurrajong 2758 for emergency faults, switchboards, hot water circuits, power, lighting and Level 2 support.",124,https://c0d312.github.io/evaready-electrical/service-areas/hills-hawkesbury-and-hornsby/hawkesbury/east-kurrajong,
https://c0d312.github.io/evaready-electrical/service-areas/hills-hawkesbury-and-hornsby/hawkesbury/ebenezer,Electrician Ebenezer 2756 | Emergency & Level 2,47,"Electrician Ebenezer 2756 for urgent faults, switchboards, hot water, aircon, CCTV/data and Level 2 support.",108,https://c0d312.github.io/evaready-electrical/service-areas/hills-hawkesbury-and-hornsby/hawkesbury/ebenezer,
https://c0d312.github.io/evaready-electrical/service-areas/hills-hawkesbury-and-hornsby/hawkesbury/freemans-reach,Electrician Freemans Reach 2756 | Emergency & Level 2,53,"Electrician Freemans Reach 2756 for emergency faults, switchboards, hot water circuits, power, lighting and Level 2 support.",124,https://c0d312.github.io/evaready-electrical/service-areas/hills-hawkesbury-and-hornsby/hawkesbury/freemans-reach,
https://c0d312.github.io/evaready-electrical/service-areas/hills-hawkesbury-and-hornsby/hawkesbury/glossodia,Electrician Glossodia 2756 | Emergency & Level 2,48,"Electrician Glossodia 2756 for emergency faults, switchboards, hot water circuits, power, lighting and Level 2 support.",119,https://c0d312.github.io/evaready-electrical/service-areas/hills-hawkesbury-and-hornsby/hawkesbury/glossodia,
https://c0d312.github.io/evaready-electrical/service-areas/hills-hawkesbury-and-hornsby/hawkesbury/grose-vale,Electrician Grose Vale 2753 | Emergency & Level 2,49,"Electrician Grose Vale 2753 for urgent faults, switchboards, hot water, aircon, CCTV/data and Level 2 support.",110,https://c0d312.github.io/evaready-electrical/service-areas/hills-hawkesbury-and-hornsby/hawkesbury/grose-vale,
https://c0d312.github.io/evaready-electrical/service-areas/hills-hawkesbury-and-hornsby/hawkesbury/grose-wold,Electrician Grose Wold 2753 | Emergency & Level 2,49,"Electrician Grose Wold 2753 for urgent faults, switchboards, hot water, aircon, CCTV/data and Level 2 support.",110,https://c0d312.github.io/evaready-electrical/service-areas/hills-hawkesbury-and-hornsby/hawkesbury/grose-wold,
https://c0d312.github.io/evaready-electrical/service-areas/hills-hawkesbury-and-hornsby/hawkesbury/hobartville,Electrician Hobartville 2753 | Emergency & Level 2,50,"Electrician Hobartville 2753 for emergency faults, switchboards, hot water circuits, power, lighting and Level 2 support.",121,https://c0d312.github.io/evaready-electrical/service-areas/hills-hawkesbury-and-hornsby/hawkesbury/hobartville,
https://c0d312.github.io/evaready-electrical/service-areas/hills-hawkesbury-and-hornsby/hawkesbury/kurmond,Electrician Kurmond 2757 | Emergency & Level 2,46,"Electrician Kurmond 2757 for emergency faults, switchboards, hot water circuits, power, lighting and Level 2 support.",117,https://c0d312.github.io/evaready-electrical/service-areas/hills-hawkesbury-and-hornsby/hawkesbury/kurmond,
https://c0d312.github.io/evaready-electrical/service-areas/hills-hawkesbury-and-hornsby/hawkesbury/kurrajong,Electrician Kurrajong 2758 | Emergency & Level 2,48,"Electrician Kurrajong 2758 for emergency faults, switchboards, lighting, power, data, CCTV and Level 2 support.",111,https://c0d312.github.io/evaready-electrical/service-areas/hills-hawkesbury-and-hornsby/hawkesbury/kurrajong,
https://c0d312.github.io/evaready-electrical/service-areas/hills-hawkesbury-and-hornsby/hawkesbury/kurrajong-heights,Electrician Kurrajong Heights 2758 | Emergency & Level 2,56,"Electrician Kurrajong Heights 2758 for urgent faults, switchboards, hot water, aircon, CCTV/data and Level 2 support.",117,https://c0d312.github.io/evaready-electrical/service-areas/hills-hawkesbury-and-hornsby/hawkesbury/kurrajong-heights,
https://c0d312.github.io/evaready-electrical/service-areas/hills-hawkesbury-and-hornsby/hawkesbury/kurrajong-hills,Electrician Kurrajong Hills 2758 | Emergency & Level 2,54,"Electrician Kurrajong Hills 2758 for urgent faults, switchboards, hot water, aircon, CCTV/data and Level 2 support.",115,https://c0d312.github.io/evaready-electrical/service-areas/hills-hawkesbury-and-hornsby/hawkesbury/kurrajong-hills,
https://c0d312.github.io/evaready-electrical/service-areas/hills-hawkesbury-and-hornsby/hawkesbury/mcgraths-hill,Electrician McGraths Hill 2756 | Emergency & Level 2,52,"Electrician McGraths Hill 2756 for emergency faults, switchboards, lighting, power, data, CCTV and Level 2 support.",115,https://c0d312.github.io/evaready-electrical/service-areas/hills-hawkesbury-and-hornsby/hawkesbury/mcgraths-hill,
https://c0d312.github.io/evaready-electrical/service-areas/hills-hawkesbury-and-hornsby/hawkesbury/mulgrave,Electrician Mulgrave 2756 | Emergency & Level 2,47,"Electrician Mulgrave 2756 for emergency faults, switchboards, lighting, power, data, CCTV and Level 2 support.",110,https://c0d312.github.io/evaready-electrical/service-areas/hills-hawkesbury-and-hornsby/hawkesbury/mulgrave,
https://c0d312.github.io/evaready-electrical/service-areas/hills-hawkesbury-and-hornsby/hawkesbury/north-richmond,Electrician North Richmond 2754 | Emergency & Level 2,53,"Electrician North Richmond 2754 for emergency faults, switchboards, lighting, power, data, CCTV and Level 2 support.",116,https://c0d312.github.io/evaready-electrical/service-areas/hills-hawkesbury-and-hornsby/hawkesbury/north-richmond,
https://c0d312.github.io/evaready-electrical/service-areas/hills-hawkesbury-and-hornsby/hawkesbury/oakville,Electrician Oakville 2765 | Emergency & Level 2,47,"Electrician Oakville 2765 for emergency faults, switchboards, hot water circuits, power, lighting and Level 2 support.",118,https://c0d312.github.io/evaready-electrical/service-areas/hills-hawkesbury-and-hornsby/hawkesbury/oakville,
https://c0d312.github.io/evaready-electrical/service-areas/hills-hawkesbury-and-hornsby/hawkesbury/pitt-town,Electrician Pitt Town 2756 | Emergency & Level 2,48,"Electrician Pitt Town 2756 for urgent faults, switchboards, hot water, aircon, CCTV/data and Level 2 support.",109,https://c0d312.github.io/evaready-electrical/service-areas/hills-hawkesbury-and-hornsby/hawkesbury/pitt-town,
https://c0d312.github.io/evaready-electrical/service-areas/hills-hawkesbury-and-hornsby/hawkesbury/pitt-town-bottoms,Electrician Pitt Town Bottoms 2756 | Emergency & Level 2,56,"Electrician Pitt Town Bottoms 2756 for emergency faults, switchboards, hot water circuits, power, lighting and Level 2 support.",127,https://c0d312.github.io/evaready-electrical/service-areas/hills-hawkesbury-and-hornsby/hawkesbury/pitt-town-bottoms,
https://c0d312.github.io/evaready-electrical/service-areas/hills-hawkesbury-and-hornsby/hawkesbury/richmond,Electrician Richmond 2753 | Emergency & Level 2,47,"Electrician Richmond 2753 for emergency faults, switchboards, lighting, power, data, CCTV and Level 2 support.",110,https://c0d312.github.io/evaready-electrical/service-areas/hills-hawkesbury-and-hornsby/hawkesbury/richmond,
https://c0d312.github.io/evaready-electrical/service-areas/hills-hawkesbury-and-hornsby/hawkesbury/richmond-lowlands,Electrician Richmond Lowlands 2753 | Emergency & Level 2,56,"Electrician Richmond Lowlands 2753 for urgent faults, switchboards, hot water, aircon, CCTV/data and Level 2 support.",117,https://c0d312.github.io/evaready-electrical/service-areas/hills-hawkesbury-and-hornsby/hawkesbury/richmond-lowlands,
https://c0d312.github.io/evaready-electrical/service-areas/hills-hawkesbury-and-hornsby/hawkesbury/sackville,Electrician Sackville 2756 | Emergency & Level 2,48,"Electrician Sackville 2756 for urgent faults, switchboards, hot water, aircon, CCTV/data and Level 2 support.",109,https://c0d312.github.io/evaready-electrical/service-areas/hills-hawkesbury-and-hornsby/hawkesbury/sackville,
https://c0d312.github.io/evaready-electrical/service-areas/hills-hawkesbury-and-hornsby/hawkesbury/scheyville,Electrician Scheyville 2756 | Emergency & Level 2,49,"Electrician Scheyville 2756 for urgent faults, switchboards, hot water, aircon, CCTV/data and Level 2 support.",110,https://c0d312.github.io/evaready-electrical/service-areas/hills-hawkesbury-and-hornsby/hawkesbury/scheyville,
https://c0d312.github.io/evaready-electrical/service-areas/hills-hawkesbury-and-hornsby/hawkesbury/south-windsor,Electrician South Windsor 2756 | Emergency & Level 2,52,"Electrician South Windsor 2756 for emergency faults, switchboards, lighting, power, data, CCTV and Level 2 support.",115,https://c0d312.github.io/evaready-electrical/service-areas/hills-hawkesbury-and-hornsby/hawkesbury/south-windsor,
https://c0d312.github.io/evaready-electrical/service-areas/hills-hawkesbury-and-hornsby/hawkesbury/tennyson,Electrician Tennyson 2754 | Emergency & Level 2,47,"Electrician Tennyson 2754 for urgent faults, switchboards, hot water, aircon, CCTV/data and Level 2 support.",108,https://c0d312.github.io/evaready-electrical/service-areas/hills-hawkesbury-and-hornsby/hawkesbury/tennyson,
https://c0d312.github.io/evaready-electrical/service-areas/hills-hawkesbury-and-hornsby/hawkesbury/the-slopes,Electrician The Slopes 2754 | Emergency & Level 2,49,"Electrician The Slopes 2754 for urgent faults, switchboards, hot water, aircon, CCTV/data and Level 2 support.",110,https://c0d312.github.io/evaready-electrical/service-areas/hills-hawkesbury-and-hornsby/hawkesbury/the-slopes,
https://c0d312.github.io/evaready-electrical/service-areas/hills-hawkesbury-and-hornsby/hawkesbury/vineyard,Electrician Vineyard 2765 | Emergency & Level 2,47,"Electrician Vineyard 2765 for emergency faults, switchboards, lighting, power, data, CCTV and Level 2 support.",110,https://c0d312.github.io/evaready-electrical/service-areas/hills-hawkesbury-and-hornsby/hawkesbury/vineyard,
https://c0d312.github.io/evaready-electrical/service-areas/hills-hawkesbury-and-hornsby/hawkesbury/wheeny-creek,Electrician Wheeny Creek 2758 | Emergency & Level 2,51,"Electrician Wheeny Creek 2758 for emergency faults, switchboards, hot water circuits, power, lighting and Level 2 support.",122,https://c0d312.github.io/evaready-electrical/service-areas/hills-hawkesbury-and-hornsby/hawkesbury/wheeny-creek,
https://c0d312.github.io/evaready-electrical/service-areas/hills-hawkesbury-and-hornsby/hawkesbury/wilberforce,Electrician Wilberforce 2756 | Emergency & Level 2,50,"Electrician Wilberforce 2756 for urgent faults, switchboards, hot water, aircon, CCTV/data and Level 2 support.",111,https://c0d312.github.io/evaready-electrical/service-areas/hills-hawkesbury-and-hornsby/hawkesbury/wilberforce,
https://c0d312.github.io/evaready-electrical/service-areas/hills-hawkesbury-and-hornsby/hawkesbury/windsor,Electrician Windsor 2756 | Emergency & Level 2,46,"Electrician Windsor 2756 for emergency faults, switchboards, lighting, power, data, CCTV and Level 2 support.",109,https://c0d312.github.io/evaready-electrical/service-areas/hills-hawkesbury-and-hornsby/hawkesbury/windsor,
https://c0d312.github.io/evaready-electrical/service-areas/hills-hawkesbury-and-hornsby/hawkesbury/windsor-downs,Electrician Windsor Downs 2756 | Emergency & Level 2,52,"Electrician Windsor Downs 2756 for urgent faults, switchboards, hot water, aircon, CCTV/data and Level 2 support.",113,https://c0d312.github.io/evaready-electrical/service-areas/hills-hawkesbury-and-hornsby/hawkesbury/windsor-downs,
https://c0d312.github.io/evaready-electrical/service-areas/hills-hawkesbury-and-hornsby/hawkesbury/yarramundi,Electrician Yarramundi 2753 | Emergency & Level 2,49,"Electrician Yarramundi 2753 for emergency faults, switchboards, hot water circuits, power, lighting and Level 2 support.",120,https://c0d312.github.io/evaready-electrical/service-areas/hills-hawkesbury-and-hornsby/hawkesbury/yarramundi,
https://c0d312.github.io/evaready-electrical/service-areas/hills-hawkesbury-and-hornsby/hills-district,"Hills District Electrician | Hills, Hawkesbury & Hornsby",56,"Need an electrician in Hills District? Evaready helps with urgent faults, Level 2 work, switchboards, consumer mains, defect notices.",133,https://c0d312.github.io/evaready-electrical/service-areas/hills-hawkesbury-and-hornsby/hills-district,
https://c0d312.github.io/evaready-electrical/service-areas/hills-hawkesbury-and-hornsby/hills-district/annangrove,Electrician Annangrove 2156 | Emergency & Level 2,49,"Electrician Annangrove 2156 for emergency faults, switchboards, hot water circuits, power, lighting and Level 2 support.",120,https://c0d312.github.io/evaready-electrical/service-areas/hills-hawkesbury-and-hornsby/hills-district/annangrove,
https://c0d312.github.io/evaready-electrical/service-areas/hills-hawkesbury-and-hornsby/hills-district/baulkham-hills,Electrician Baulkham Hills 2153 | Emergency & Level 2,53,"Electrician Baulkham Hills 2153 for emergency faults, switchboards, lighting, power, data, CCTV and Level 2 support.",116,https://c0d312.github.io/evaready-electrical/service-areas/hills-hawkesbury-and-hornsby/hills-district/baulkham-hills,
https://c0d312.github.io/evaready-electrical/service-areas/hills-hawkesbury-and-hornsby/hills-district/beaumont-hills,Electrician Beaumont Hills 2155 | Emergency & Level 2,53,"Electrician Beaumont Hills 2155 for emergency faults, switchboards, hot water circuits, power, lighting and Level 2 support.",124,https://c0d312.github.io/evaready-electrical/service-areas/hills-hawkesbury-and-hornsby/hills-district/beaumont-hills,
https://c0d312.github.io/evaready-electrical/service-areas/hills-hawkesbury-and-hornsby/hills-district/bella-vista,Electrician Bella Vista 2153 | Emergency & Level 2,50,"Electrician Bella Vista 2153 for emergency faults, switchboards, lighting, power, data, CCTV and Level 2 support.",113,https://c0d312.github.io/evaready-electrical/service-areas/hills-hawkesbury-and-hornsby/hills-district/bella-vista,
https://c0d312.github.io/evaready-electrical/service-areas/hills-hawkesbury-and-hornsby/hills-district/box-hill,Electrician Box Hill 2765 | Emergency & Level 2,47,"Electrician Box Hill 2765 for emergency faults, switchboards, hot water circuits, power, lighting and Level 2 support.",118,https://c0d312.github.io/evaready-electrical/service-areas/hills-hawkesbury-and-hornsby/hills-district/box-hill,
https://c0d312.github.io/evaready-electrical/service-areas/hills-hawkesbury-and-hornsby/hills-district/castle-hill,Electrician Castle Hill 2154 | Emergency & Level 2,50,"Electrician Castle Hill 2154 for emergency faults, switchboards, lighting, power, data, CCTV and Level 2 support.",113,https://c0d312.github.io/evaready-electrical/service-areas/hills-hawkesbury-and-hornsby/hills-district/castle-hill,
https://c0d312.github.io/evaready-electrical/service-areas/hills-hawkesbury-and-hornsby/hills-district/cattai,Electrician Cattai 2756 | Emergency & Level 2,45,"Electrician Cattai 2756 for urgent faults, switchboards, hot water, aircon, CCTV/data and Level 2 support.",106,https://c0d312.github.io/evaready-electrical/service-areas/hills-hawkesbury-and-hornsby/hills-district/cattai,
https://c0d312.github.io/evaready-electrical/service-areas/hills-hawkesbury-and-hornsby/hills-district/dural,Electrician Dural 2158 | Emergency & Level 2,44,"Electrician Dural 2158 for urgent faults, switchboards, hot water, aircon, CCTV/data and Level 2 support.",105,https://c0d312.github.io/evaready-electrical/service-areas/hills-hawkesbury-and-hornsby/hills-district/dural,
https://c0d312.github.io/evaready-electrical/service-areas/hills-hawkesbury-and-hornsby/hills-district/glenhaven,Electrician Glenhaven 2156 | Emergency & Level 2,48,"Electrician Glenhaven 2156 for urgent faults, switchboards, hot water, aircon, CCTV/data and Level 2 support.",109,https://c0d312.github.io/evaready-electrical/service-areas/hills-hawkesbury-and-hornsby/hills-district/glenhaven,
https://c0d312.github.io/evaready-electrical/service-areas/hills-hawkesbury-and-hornsby/hills-district/glenorie,Electrician Glenorie 2157 | Emergency & Level 2,47,"Electrician Glenorie 2157 for urgent faults, switchboards, hot water, aircon, CCTV/data and Level 2 support.",108,https://c0d312.github.io/evaready-electrical/service-areas/hills-hawkesbury-and-hornsby/hills-district/glenorie,
https://c0d312.github.io/evaready-electrical/service-areas/hills-hawkesbury-and-hornsby/hills-district/kellyville,Electrician Kellyville 2155 | Emergency & Level 2,49,"Electrician Kellyville 2155 for emergency faults, switchboards, lighting, power, data, CCTV and Level 2 support.",112,https://c0d312.github.io/evaready-electrical/service-areas/hills-hawkesbury-and-hornsby/hills-district/kellyville,
https://c0d312.github.io/evaready-electrical/service-areas/hills-hawkesbury-and-hornsby/hills-district/kenthurst,Electrician Kenthurst 2156 | Emergency & Level 2,48,"Electrician Kenthurst 2156 for urgent faults, switchboards, hot water, aircon, CCTV/data and Level 2 support.",109,https://c0d312.github.io/evaready-electrical/service-areas/hills-hawkesbury-and-hornsby/hills-district/kenthurst,
https://c0d312.github.io/evaready-electrical/service-areas/hills-hawkesbury-and-hornsby/hills-district/lower-portland,Electrician Lower Portland 2756 | Emergency & Level 2,53,"Electrician Lower Portland 2756 for urgent faults, switchboards, hot water, aircon, CCTV/data and Level 2 support.",114,https://c0d312.github.io/evaready-electrical/service-areas/hills-hawkesbury-and-hornsby/hills-district/lower-portland,
https://c0d312.github.io/evaready-electrical/service-areas/hills-hawkesbury-and-hornsby/hills-district/maraylya,Electrician Maraylya 2765 | Emergency & Level 2,47,"Electrician Maraylya 2765 for emergency faults, switchboards, lighting, power, data, CCTV and Level 2 support.",110,https://c0d312.github.io/evaready-electrical/service-areas/hills-hawkesbury-and-hornsby/hills-district/maraylya,
https://c0d312.github.io/evaready-electrical/service-areas/hills-hawkesbury-and-hornsby/hills-district/maroota,Electrician Maroota 2756 | Emergency & Level 2,46,"Electrician Maroota 2756 for emergency faults, switchboards, hot water circuits, power, lighting and Level 2 support.",117,https://c0d312.github.io/evaready-electrical/service-areas/hills-hawkesbury-and-hornsby/hills-district/maroota,
https://c0d312.github.io/evaready-electrical/service-areas/hills-hawkesbury-and-hornsby/hills-district/middle-dural,Electrician Middle Dural 2158 | Emergency & Level 2,51,"Electrician Middle Dural 2158 for urgent faults, switchboards, hot water, aircon, CCTV/data and Level 2 support.",112,https://c0d312.github.io/evaready-electrical/service-areas/hills-hawkesbury-and-hornsby/hills-district/middle-dural,
https://c0d312.github.io/evaready-electrical/service-areas/hills-hawkesbury-and-hornsby/hills-district/nelson,Electrician Nelson 2765 | Emergency & Level 2,45,"Electrician Nelson 2765 for emergency faults, switchboards, hot water circuits, power, lighting and Level 2 support.",116,https://c0d312.github.io/evaready-electrical/service-areas/hills-hawkesbury-and-hornsby/hills-district/nelson,
https://c0d312.github.io/evaready-electrical/service-areas/hills-hawkesbury-and-hornsby/hills-district/rouse-hill,Electrician Rouse Hill 2155 | Emergency & Level 2,49,"Electrician Rouse Hill 2155 for emergency faults, switchboards, hot water circuits, power, lighting and Level 2 support.",120,https://c0d312.github.io/evaready-electrical/service-areas/hills-hawkesbury-and-hornsby/hills-district/rouse-hill,
https://c0d312.github.io/evaready-electrical/service-areas/hills-hawkesbury-and-hornsby/hills-district/sackville-north,Electrician Sackville North 2756 | Emergency & Level 2,54,"Electrician Sackville North 2756 for urgent faults, switchboards, hot water, aircon, CCTV/data and Level 2 support.",115,https://c0d312.github.io/evaready-electrical/service-areas/hills-hawkesbury-and-hornsby/hills-district/sackville-north,
https://c0d312.github.io/evaready-electrical/service-areas/hills-hawkesbury-and-hornsby/hills-district/south-maroota,Electrician South Maroota 2756 | Emergency & Level 2,52,"Electrician South Maroota 2756 for emergency faults, switchboards, hot water circuits, power, lighting and Level 2 support.",123,https://c0d312.github.io/evaready-electrical/service-areas/hills-hawkesbury-and-hornsby/hills-district/south-maroota,
https://c0d312.github.io/evaready-electrical/service-areas/hills-hawkesbury-and-hornsby/hills-district/west-pennant-hills,Electrician West Pennant Hills 2125 | Emergency & Level 2,57,"Electrician West Pennant Hills 2125 for emergency faults, switchboards, hot water circuits, power, lighting and Level 2 support.",128,https://c0d312.github.io/evaready-electrical/service-areas/hills-hawkesbury-and-hornsby/hills-district/west-pennant-hills,
https://c0d312.github.io/evaready-electrical/service-areas/hills-hawkesbury-and-hornsby/hills-district/winston-hills,Electrician Winston Hills 2153 | Emergency & Level 2,52,"Electrician Winston Hills 2153 for emergency faults, switchboards, lighting, power, data, CCTV and Level 2 support.",115,https://c0d312.github.io/evaready-electrical/service-areas/hills-hawkesbury-and-hornsby/hills-district/winston-hills,
https://c0d312.github.io/evaready-electrical/service-areas/hills-hawkesbury-and-hornsby/hills-district/wisemans-ferry,Electrician Wisemans Ferry 2775 | Emergency & Level 2,53,"Electrician Wisemans Ferry 2775 for emergency faults, switchboards, hot water circuits, power, lighting and Level 2 support.",124,https://c0d312.github.io/evaready-electrical/service-areas/hills-hawkesbury-and-hornsby/hills-district/wisemans-ferry,
https://c0d312.github.io/evaready-electrical/service-areas/hills-hawkesbury-and-hornsby/hornsby,"Hornsby Electrician | Hills, Hawkesbury & Hornsby",49,"Need an electrician in Hornsby? Evaready helps with urgent faults, Level 2 work, switchboards, consumer mains, defect notices and planned electrical jobs.",154,https://c0d312.github.io/evaready-electrical/service-areas/hills-hawkesbury-and-hornsby/hornsby,
https://c0d312.github.io/evaready-electrical/service-areas/hills-hawkesbury-and-hornsby/hornsby/arcadia,Electrician Arcadia 2159 | Emergency & Level 2,46,"Electrician Arcadia 2159 for urgent faults, switchboards, hot water, aircon, CCTV/data and Level 2 support.",107,https://c0d312.github.io/evaready-electrical/service-areas/hills-hawkesbury-and-hornsby/hornsby/arcadia,
https://c0d312.github.io/evaready-electrical/service-areas/hills-hawkesbury-and-hornsby/hornsby/asquith,Electrician Asquith 2077 | Emergency & Level 2,46,"Electrician Asquith 2077 for emergency faults, switchboards, lighting, power, data, CCTV and Level 2 support.",109,https://c0d312.github.io/evaready-electrical/service-areas/hills-hawkesbury-and-hornsby/hornsby/asquith,
https://c0d312.github.io/evaready-electrical/service-areas/hills-hawkesbury-and-hornsby/hornsby/beecroft,Electrician Beecroft 2119 | Emergency & Level 2,47,"Electrician Beecroft 2119 for emergency faults, switchboards, lighting, power, data, CCTV and Level 2 support.",110,https://c0d312.github.io/evaready-electrical/service-areas/hills-hawkesbury-and-hornsby/hornsby/beecroft,
https://c0d312.github.io/evaready-electrical/service-areas/hills-hawkesbury-and-hornsby/hornsby/berowra,Electrician Berowra 2081 | Emergency & Level 2,46,"Electrician Berowra 2081 for emergency faults, switchboards, hot water circuits, power, lighting and Level 2 support.",117,https://c0d312.github.io/evaready-electrical/service-areas/hills-hawkesbury-and-hornsby/hornsby/berowra,
https://c0d312.github.io/evaready-electrical/service-areas/hills-hawkesbury-and-hornsby/hornsby/berowra-creek,Electrician Berowra Creek 2082 | Emergency & Level 2,52,"Electrician Berowra Creek 2082 for emergency faults, switchboards, hot water circuits, power, lighting and Level 2 support.",123,https://c0d312.github.io/evaready-electrical/service-areas/hills-hawkesbury-and-hornsby/hornsby/berowra-creek,
https://c0d312.github.io/evaready-electrical/service-areas/hills-hawkesbury-and-hornsby/hornsby/berowra-heights,Electrician Berowra Heights 2082 | Emergency & Level 2,54,"Electrician Berowra Heights 2082 for emergency faults, switchboards, hot water circuits, power, lighting and Level 2 support.",125,https://c0d312.github.io/evaready-electrical/service-areas/hills-hawkesbury-and-hornsby/hornsby/berowra-heights,
https://c0d312.github.io/evaready-electrical/service-areas/hills-hawkesbury-and-hornsby/hornsby/berowra-waters,Electrician Berowra Waters 2082 | Emergency & Level 2,53,"Electrician Berowra Waters 2082 for emergency faults, switchboards, hot water circuits, power, lighting and Level 2 support.",124,https://c0d312.github.io/evaready-electrical/service-areas/hills-hawkesbury-and-hornsby/hornsby/berowra-waters,
https://c0d312.github.io/evaready-electrical/service-areas/hills-hawkesbury-and-hornsby/hornsby/berrilee,Electrician Berrilee 2159 | Emergency & Level 2,47,"Electrician Berrilee 2159 for emergency faults, switchboards, hot water circuits, power, lighting and Level 2 support.",118,https://c0d312.github.io/evaready-electrical/service-areas/hills-hawkesbury-and-hornsby/hornsby/berrilee,
https://c0d312.github.io/evaready-electrical/service-areas/hills-hawkesbury-and-hornsby/hornsby/brooklyn,Electrician Brooklyn 2083 | Emergency & Level 2,47,"Electrician Brooklyn 2083 for emergency faults, switchboards, hot water circuits, power, lighting and Level 2 support.",118,https://c0d312.github.io/evaready-electrical/service-areas/hills-hawkesbury-and-hornsby/hornsby/brooklyn,
https://c0d312.github.io/evaready-electrical/service-areas/hills-hawkesbury-and-hornsby/hornsby/canoelands,Electrician Canoelands 2157 | Emergency & Level 2,49,"Electrician Canoelands 2157 for emergency faults, switchboards, hot water circuits, power, lighting and Level 2 support.",120,https://c0d312.github.io/evaready-electrical/service-areas/hills-hawkesbury-and-hornsby/hornsby/canoelands,
https://c0d312.github.io/evaready-electrical/service-areas/hills-hawkesbury-and-hornsby/hornsby/cheltenham,Electrician Cheltenham 2119 | Emergency & Level 2,49,"Electrician Cheltenham 2119 for urgent faults, switchboards, hot water, aircon, CCTV/data and Level 2 support.",110,https://c0d312.github.io/evaready-electrical/service-areas/hills-hawkesbury-and-hornsby/hornsby/cheltenham,
https://c0d312.github.io/evaready-electrical/service-areas/hills-hawkesbury-and-hornsby/hornsby/cherrybrook,Electrician Cherrybrook 2126 | Emergency & Level 2,50,"Electrician Cherrybrook 2126 for emergency faults, switchboards, hot water circuits, power, lighting and Level 2 support.",121,https://c0d312.github.io/evaready-electrical/service-areas/hills-hawkesbury-and-hornsby/hornsby/cherrybrook,
https://c0d312.github.io/evaready-electrical/service-areas/hills-hawkesbury-and-hornsby/hornsby/cowan,Electrician Cowan 2081 | Emergency & Level 2,44,"Electrician Cowan 2081 for emergency faults, switchboards, hot water circuits, power, lighting and Level 2 support.",115,https://c0d312.github.io/evaready-electrical/service-areas/hills-hawkesbury-and-hornsby/hornsby/cowan,
https://c0d312.github.io/evaready-electrical/service-areas/hills-hawkesbury-and-hornsby/hornsby/dangar-island,Electrician Dangar Island 2083 | Emergency & Level 2,52,"Electrician Dangar Island 2083 for urgent faults, switchboards, hot water, aircon, CCTV/data and Level 2 support.",113,https://c0d312.github.io/evaready-electrical/service-areas/hills-hawkesbury-and-hornsby/hornsby/dangar-island,
https://c0d312.github.io/evaready-electrical/service-areas/hills-hawkesbury-and-hornsby/hornsby/fiddletown,Electrician Fiddletown 2159 | Emergency & Level 2,49,"Electrician Fiddletown 2159 for emergency faults, switchboards, hot water circuits, power, lighting and Level 2 support.",120,https://c0d312.github.io/evaready-electrical/service-areas/hills-hawkesbury-and-hornsby/hornsby/fiddletown,
https://c0d312.github.io/evaready-electrical/service-areas/hills-hawkesbury-and-hornsby/hornsby/forest-glen,Electrician Forest Glen 2157 | Emergency & Level 2,50,"Electrician Forest Glen 2157 for emergency faults, switchboards, hot water circuits, power, lighting and Level 2 support.",121,https://c0d312.github.io/evaready-electrical/service-areas/hills-hawkesbury-and-hornsby/hornsby/forest-glen,
https://c0d312.github.io/evaready-electrical/service-areas/hills-hawkesbury-and-hornsby/hornsby/galston,Electrician Galston 2159 | Emergency & Level 2,46,"Electrician Galston 2159 for emergency faults, switchboards, lighting, power, data, CCTV and Level 2 support.",109,https://c0d312.github.io/evaready-electrical/service-areas/hills-hawkesbury-and-hornsby/hornsby/galston,
https://c0d312.github.io/evaready-electrical/service-areas/hills-hawkesbury-and-hornsby/hornsby/hornsby,Electrician Hornsby 2077 | Emergency & Level 2,46,"Electrician Hornsby 2077 for emergency faults, switchboards, lighting, power, data, CCTV and Level 2 support.",109,https://c0d312.github.io/evaready-electrical/service-areas/hills-hawkesbury-and-hornsby/hornsby/hornsby,
https://c0d312.github.io/evaready-electrical/service-areas/hills-hawkesbury-and-hornsby/hornsby/hornsby-heights,Electrician Hornsby Heights 2077 | Emergency & Level 2,54,"Electrician Hornsby Heights 2077 for urgent faults, switchboards, hot water, aircon, CCTV/data and Level 2 support.",115,https://c0d312.github.io/evaready-electrical/service-areas/hills-hawkesbury-and-hornsby/hornsby/hornsby-heights,
https://c0d312.github.io/evaready-electrical/service-areas/hills-hawkesbury-and-hornsby/hornsby/milsons-passage,Electrician Milsons Passage 2083 | Emergency & Level 2,54,"Electrician Milsons Passage 2083 for emergency faults, switchboards, hot water circuits, power, lighting and Level 2 support.",125,https://c0d312.github.io/evaready-electrical/service-areas/hills-hawkesbury-and-hornsby/hornsby/milsons-passage,
https://c0d312.github.io/evaready-electrical/service-areas/hills-hawkesbury-and-hornsby/hornsby/mount-colah,Electrician Mount Colah 2079 | Emergency & Level 2,50,"Electrician Mount Colah 2079 for emergency faults, switchboards, hot water circuits, power, lighting and Level 2 support.",121,https://c0d312.github.io/evaready-electrical/service-areas/hills-hawkesbury-and-hornsby/hornsby/mount-colah,
https://c0d312.github.io/evaready-electrical/service-areas/hills-hawkesbury-and-hornsby/hornsby/mount-kuring-gai,Electrician Mount Kuring-Gai 2080 | Emergency & Level 2,55,"Electrician Mount Kuring-Gai 2080 for emergency faults, switchboards, lighting, power, data, CCTV and Level 2 support.",118,https://c0d312.github.io/evaready-electrical/service-areas/hills-hawkesbury-and-hornsby/hornsby/mount-kuring-gai,
https://c0d312.github.io/evaready-electrical/service-areas/hills-hawkesbury-and-hornsby/hornsby/normanhurst,Electrician Normanhurst 2076 | Emergency & Level 2,50,"Electrician Normanhurst 2076 for emergency faults, switchboards, lighting, power, data, CCTV and Level 2 support.",113,https://c0d312.github.io/evaready-electrical/service-areas/hills-hawkesbury-and-hornsby/hornsby/normanhurst,
https://c0d312.github.io/evaready-electrical/service-areas/hills-hawkesbury-and-hornsby/hornsby/north-epping,Electrician North Epping 2121 | Emergency & Level 2,51,"Electrician North Epping 2121 for emergency faults, switchboards, hot water circuits, power, lighting and Level 2 support.",122,https://c0d312.github.io/evaready-electrical/service-areas/hills-hawkesbury-and-hornsby/hornsby/north-epping,
https://c0d312.github.io/evaready-electrical/service-areas/hills-hawkesbury-and-hornsby/hornsby/pennant-hills,Electrician Pennant Hills 2120 | Emergency & Level 2,52,"Electrician Pennant Hills 2120 for emergency faults, switchboards, lighting, power, data, CCTV and Level 2 support.",115,https://c0d312.github.io/evaready-electrical/service-areas/hills-hawkesbury-and-hornsby/hornsby/pennant-hills,
https://c0d312.github.io/evaready-electrical/service-areas/hills-hawkesbury-and-hornsby/hornsby/thornleigh,Electrician Thornleigh 2120 | Emergency & Level 2,49,"Electrician Thornleigh 2120 for emergency faults, switchboards, lighting, power, data, CCTV and Level 2 support.",112,https://c0d312.github.io/evaready-electrical/service-areas/hills-hawkesbury-and-hornsby/hornsby/thornleigh,
https://c0d312.github.io/evaready-electrical/service-areas/hills-hawkesbury-and-hornsby/hornsby/wahroonga,Electrician Wahroonga 2076 | Emergency & Level 2,48,"Electrician Wahroonga 2076 for emergency faults, switchboards, lighting, power, data, CCTV and Level 2 support.",111,https://c0d312.github.io/evaready-electrical/service-areas/hills-hawkesbury-and-hornsby/hornsby/wahroonga,
https://c0d312.github.io/evaready-electrical/service-areas/hills-hawkesbury-and-hornsby/hornsby/waitara,Electrician Waitara 2077 | Emergency & Level 2,46,"Electrician Waitara 2077 for emergency faults, switchboards, lighting, power, data, CCTV and Level 2 support.",109,https://c0d312.github.io/evaready-electrical/service-areas/hills-hawkesbury-and-hornsby/hornsby/waitara,
https://c0d312.github.io/evaready-electrical/service-areas/hills-hawkesbury-and-hornsby/hornsby/westleigh,Electrician Westleigh 2120 | Emergency & Level 2,48,"Electrician Westleigh 2120 for emergency faults, switchboards, hot water circuits, power, lighting and Level 2 support.",119,https://c0d312.github.io/evaready-electrical/service-areas/hills-hawkesbury-and-hornsby/hornsby/westleigh,
https://c0d312.github.io/evaready-electrical/service-areas/inner-west-burwood-and-canada-bay,"Inner West, Burwood & Canada Bay Electrician",44,"Need an electrician in Inner West, Burwood & Canada Bay? Evaready helps with urgent faults, Level 2 work, switchboards, consumer mains, defect notices.",151,https://c0d312.github.io/evaready-electrical/service-areas/inner-west-burwood-and-canada-bay,
https://c0d312.github.io/evaready-electrical/service-areas/inner-west-burwood-and-canada-bay/burwood,"Burwood Electrician | Inner West, Burwood & Canada Bay",54,"Need an electrician in Burwood? Evaready helps with urgent faults, Level 2 work, switchboards, consumer mains, defect notices and planned electrical jobs.",154,https://c0d312.github.io/evaready-electrical/service-areas/inner-west-burwood-and-canada-bay/burwood,
https://c0d312.github.io/evaready-electrical/service-areas/inner-west-burwood-and-canada-bay/burwood/burwood,Electrician Burwood 2134 | Emergency & Level 2,46,"Electrician Burwood 2134 for emergency faults, switchboards, lighting, power, data, CCTV and Level 2 support.",109,https://c0d312.github.io/evaready-electrical/service-areas/inner-west-burwood-and-canada-bay/burwood/burwood,
https://c0d312.github.io/evaready-electrical/service-areas/inner-west-burwood-and-canada-bay/burwood/burwood-heights,Electrician Burwood Heights 2136 | Emergency & Level 2,54,"Electrician Burwood Heights 2136 for emergency faults, switchboards, hot water circuits, power, lighting and Level 2 support.",125,https://c0d312.github.io/evaready-electrical/service-areas/inner-west-burwood-and-canada-bay/burwood/burwood-heights,
https://c0d312.github.io/evaready-electrical/service-areas/inner-west-burwood-and-canada-bay/burwood/enfield,Electrician Enfield 2136 | Emergency & Level 2,46,"Electrician Enfield 2136 for emergency faults, switchboards, hot water circuits, power, lighting and Level 2 support.",117,https://c0d312.github.io/evaready-electrical/service-areas/inner-west-burwood-and-canada-bay/burwood/enfield,
https://c0d312.github.io/evaready-electrical/service-areas/inner-west-burwood-and-canada-bay/burwood/strathfield,Electrician Strathfield 2135 | Emergency & Level 2,50,"Electrician Strathfield 2135 for emergency faults, switchboards, lighting, power, data, CCTV and Level 2 support.",113,https://c0d312.github.io/evaready-electrical/service-areas/inner-west-burwood-and-canada-bay/burwood/strathfield,
https://c0d312.github.io/evaready-electrical/service-areas/inner-west-burwood-and-canada-bay/canada-bay,"Canada Bay Electrician | Inner West, Burwood & Canada Bay",57,"Need an electrician in Canada Bay? Evaready helps with urgent faults, Level 2 work, switchboards, consumer mains, defect notices and planned electrical jobs.",157,https://c0d312.github.io/evaready-electrical/service-areas/inner-west-burwood-and-canada-bay/canada-bay,
https://c0d312.github.io/evaready-electrical/service-areas/inner-west-burwood-and-canada-bay/canada-bay/abbotsford,Electrician Abbotsford 2046 | Emergency & Level 2,49,"Electrician Abbotsford 2046 for emergency faults, switchboards, hot water circuits, power, lighting and Level 2 support.",120,https://c0d312.github.io/evaready-electrical/service-areas/inner-west-burwood-and-canada-bay/canada-bay/abbotsford,
https://c0d312.github.io/evaready-electrical/service-areas/inner-west-burwood-and-canada-bay/canada-bay/breakfast-point,Electrician Breakfast Point 2137 | Emergency & Level 2,54,"Electrician Breakfast Point 2137 for urgent faults, switchboards, hot water, aircon, CCTV/data and Level 2 support.",115,https://c0d312.github.io/evaready-electrical/service-areas/inner-west-burwood-and-canada-bay/canada-bay/breakfast-point,
https://c0d312.github.io/evaready-electrical/service-areas/inner-west-burwood-and-canada-bay/canada-bay/cabarita,Electrician Cabarita 2137 | Emergency & Level 2,47,"Electrician Cabarita 2137 for emergency faults, switchboards, hot water circuits, power, lighting and Level 2 support.",118,https://c0d312.github.io/evaready-electrical/service-areas/inner-west-burwood-and-canada-bay/canada-bay/cabarita,
https://c0d312.github.io/evaready-electrical/service-areas/inner-west-burwood-and-canada-bay/canada-bay/canada-bay,Electrician Canada Bay 2046 | Emergency & Level 2,49,"Electrician Canada Bay 2046 for emergency faults, switchboards, lighting, power, data, CCTV and Level 2 support.",112,https://c0d312.github.io/evaready-electrical/service-areas/inner-west-burwood-and-canada-bay/canada-bay/canada-bay,
https://c0d312.github.io/evaready-electrical/service-areas/inner-west-burwood-and-canada-bay/canada-bay/chiswick,Electrician Chiswick 2046 | Emergency & Level 2,47,"Electrician Chiswick 2046 for urgent faults, switchboards, hot water, aircon, CCTV/data and Level 2 support.",108,https://c0d312.github.io/evaready-electrical/service-areas/inner-west-burwood-and-canada-bay/canada-bay/chiswick,
https://c0d312.github.io/evaready-electrical/service-areas/inner-west-burwood-and-canada-bay/canada-bay/concord,Electrician Concord 2137 | Emergency & Level 2,46,"Electrician Concord 2137 for emergency faults, switchboards, lighting, power, data, CCTV and Level 2 support.",109,https://c0d312.github.io/evaready-electrical/service-areas/inner-west-burwood-and-canada-bay/canada-bay/concord,
https://c0d312.github.io/evaready-electrical/service-areas/inner-west-burwood-and-canada-bay/canada-bay/concord-west,Electrician Concord West 2138 | Emergency & Level 2,51,"Electrician Concord West 2138 for emergency faults, switchboards, lighting, power, data, CCTV and Level 2 support.",114,https://c0d312.github.io/evaready-electrical/service-areas/inner-west-burwood-and-canada-bay/canada-bay/concord-west,
https://c0d312.github.io/evaready-electrical/service-areas/inner-west-burwood-and-canada-bay/canada-bay/drummoyne,Electrician Drummoyne 2047 | Emergency & Level 2,48,"Electrician Drummoyne 2047 for emergency faults, switchboards, lighting, power, data, CCTV and Level 2 support.",111,https://c0d312.github.io/evaready-electrical/service-areas/inner-west-burwood-and-canada-bay/canada-bay/drummoyne,
https://c0d312.github.io/evaready-electrical/service-areas/inner-west-burwood-and-canada-bay/canada-bay/five-dock,Electrician Five Dock 2046 | Emergency & Level 2,48,"Electrician Five Dock 2046 for emergency faults, switchboards, lighting, power, data, CCTV and Level 2 support.",111,https://c0d312.github.io/evaready-electrical/service-areas/inner-west-burwood-and-canada-bay/canada-bay/five-dock,
https://c0d312.github.io/evaready-electrical/service-areas/inner-west-burwood-and-canada-bay/canada-bay/liberty-grove,Electrician Liberty Grove 2138 | Emergency & Level 2,52,"Electrician Liberty Grove 2138 for urgent faults, switchboards, hot water, aircon, CCTV/data and Level 2 support.",113,https://c0d312.github.io/evaready-electrical/service-areas/inner-west-burwood-and-canada-bay/canada-bay/liberty-grove,
https://c0d312.github.io/evaready-electrical/service-areas/inner-west-burwood-and-canada-bay/canada-bay/mortlake,Electrician Mortlake 2137 | Emergency & Level 2,47,"Electrician Mortlake 2137 for emergency faults, switchboards, hot water circuits, power, lighting and Level 2 support.",118,https://c0d312.github.io/evaready-electrical/service-areas/inner-west-burwood-and-canada-bay/canada-bay/mortlake,
https://c0d312.github.io/evaready-electrical/service-areas/inner-west-burwood-and-canada-bay/canada-bay/north-strathfield,Electrician North Strathfield 2137 | Emergency & Level 2,56,"Electrician North Strathfield 2137 for emergency faults, switchboards, lighting, power, data, CCTV and Level 2 support.",119,https://c0d312.github.io/evaready-electrical/service-areas/inner-west-burwood-and-canada-bay/canada-bay/north-strathfield,
https://c0d312.github.io/evaready-electrical/service-areas/inner-west-burwood-and-canada-bay/canada-bay/rhodes,Electrician Rhodes 2138 | Emergency & Level 2,45,"Electrician Rhodes 2138 for emergency faults, switchboards, lighting, power, data, CCTV and Level 2 support.",108,https://c0d312.github.io/evaready-electrical/service-areas/inner-west-burwood-and-canada-bay/canada-bay/rhodes,
https://c0d312.github.io/evaready-electrical/service-areas/inner-west-burwood-and-canada-bay/canada-bay/rodd-point,Electrician Rodd Point 2046 | Emergency & Level 2,49,"Electrician Rodd Point 2046 for emergency faults, switchboards, hot water circuits, power, lighting and Level 2 support.",120,https://c0d312.github.io/evaready-electrical/service-areas/inner-west-burwood-and-canada-bay/canada-bay/rodd-point,
https://c0d312.github.io/evaready-electrical/service-areas/inner-west-burwood-and-canada-bay/canada-bay/russell-lea,Electrician Russell Lea 2046 | Emergency & Level 2,50,"Electrician Russell Lea 2046 for urgent faults, switchboards, hot water, aircon, CCTV/data and Level 2 support.",111,https://c0d312.github.io/evaready-electrical/service-areas/inner-west-burwood-and-canada-bay/canada-bay/russell-lea,
https://c0d312.github.io/evaready-electrical/service-areas/inner-west-burwood-and-canada-bay/canada-bay/wareemba,Electrician Wareemba 2046 | Emergency & Level 2,47,"Electrician Wareemba 2046 for emergency faults, switchboards, lighting, power, data, CCTV and Level 2 support.",110,https://c0d312.github.io/evaready-electrical/service-areas/inner-west-burwood-and-canada-bay/canada-bay/wareemba,
https://c0d312.github.io/evaready-electrical/service-areas/inner-west-burwood-and-canada-bay/inner-west,"Inner West Electrician | Inner West, Burwood & Canada Bay",57,"Need an electrician in Inner West? Evaready helps with urgent faults, Level 2 work, switchboards, consumer mains, defect notices and planned electrical jobs.",157,https://c0d312.github.io/evaready-electrical/service-areas/inner-west-burwood-and-canada-bay/inner-west,
https://c0d312.github.io/evaready-electrical/service-areas/inner-west-burwood-and-canada-bay/inner-west/annandale,Electrician Annandale 2038 | Emergency & Level 2,48,"Electrician Annandale 2038 for emergency faults, switchboards, lighting, power, data, CCTV and Level 2 support.",111,https://c0d312.github.io/evaready-electrical/service-areas/inner-west-burwood-and-canada-bay/inner-west/annandale,
https://c0d312.github.io/evaready-electrical/service-areas/inner-west-burwood-and-canada-bay/inner-west/ashbury,Electrician Ashbury 2193 | Emergency & Level 2,46,"Electrician Ashbury 2193 for emergency faults, switchboards, hot water circuits, power, lighting and Level 2 support.",117,https://c0d312.github.io/evaready-electrical/service-areas/inner-west-burwood-and-canada-bay/inner-west/ashbury,
https://c0d312.github.io/evaready-electrical/service-areas/inner-west-burwood-and-canada-bay/inner-west/ashfield,Electrician Ashfield 2131 | Emergency & Level 2,47,"Electrician Ashfield 2131 for emergency faults, switchboards, lighting, power, data, CCTV and Level 2 support.",110,https://c0d312.github.io/evaready-electrical/service-areas/inner-west-burwood-and-canada-bay/inner-west/ashfield,
https://c0d312.github.io/evaready-electrical/service-areas/inner-west-burwood-and-canada-bay/inner-west/balmain,Electrician Balmain 2041 | Emergency & Level 2,46,"Electrician Balmain 2041 for emergency faults, switchboards, lighting, power, data, CCTV and Level 2 support.",109,https://c0d312.github.io/evaready-electrical/service-areas/inner-west-burwood-and-canada-bay/inner-west/balmain,
https://c0d312.github.io/evaready-electrical/service-areas/inner-west-burwood-and-canada-bay/inner-west/balmain-east,Electrician Balmain East 2041 | Emergency & Level 2,51,"Electrician Balmain East 2041 for emergency faults, switchboards, hot water circuits, power, lighting and Level 2 support.",122,https://c0d312.github.io/evaready-electrical/service-areas/inner-west-burwood-and-canada-bay/inner-west/balmain-east,
https://c0d312.github.io/evaready-electrical/service-areas/inner-west-burwood-and-canada-bay/inner-west/birchgrove,Electrician Birchgrove 2041 | Emergency & Level 2,49,"Electrician Birchgrove 2041 for urgent faults, switchboards, hot water, aircon, CCTV/data and Level 2 support.",110,https://c0d312.github.io/evaready-electrical/service-areas/inner-west-burwood-and-canada-bay/inner-west/birchgrove,
https://c0d312.github.io/evaready-electrical/service-areas/inner-west-burwood-and-canada-bay/inner-west/camperdown,Electrician Camperdown 2050 | Emergency & Level 2,49,"Electrician Camperdown 2050 for emergency faults, switchboards, lighting, power, data, CCTV and Level 2 support.",112,https://c0d312.github.io/evaready-electrical/service-areas/inner-west-burwood-and-canada-bay/inner-west/camperdown,
https://c0d312.github.io/evaready-electrical/service-areas/inner-west-burwood-and-canada-bay/inner-west/croydon,Electrician Croydon 2132 | Emergency & Level 2,46,"Electrician Croydon 2132 for emergency faults, switchboards, lighting, power, data, CCTV and Level 2 support.",109,https://c0d312.github.io/evaready-electrical/service-areas/inner-west-burwood-and-canada-bay/inner-west/croydon,
https://c0d312.github.io/evaready-electrical/service-areas/inner-west-burwood-and-canada-bay/inner-west/croydon-park,Electrician Croydon Park 2133 | Emergency & Level 2,51,"Electrician Croydon Park 2133 for emergency faults, switchboards, lighting, power, data, CCTV and Level 2 support.",114,https://c0d312.github.io/evaready-electrical/service-areas/inner-west-burwood-and-canada-bay/inner-west/croydon-park,
https://c0d312.github.io/evaready-electrical/service-areas/inner-west-burwood-and-canada-bay/inner-west/dulwich-hill,Electrician Dulwich Hill 2203 | Emergency & Level 2,51,"Electrician Dulwich Hill 2203 for emergency faults, switchboards, lighting, power, data, CCTV and Level 2 support.",114,https://c0d312.github.io/evaready-electrical/service-areas/inner-west-burwood-and-canada-bay/inner-west/dulwich-hill,
https://c0d312.github.io/evaready-electrical/service-areas/inner-west-burwood-and-canada-bay/inner-west/enmore,Electrician Enmore 2042 | Emergency & Level 2,45,"Electrician Enmore 2042 for emergency faults, switchboards, lighting, power, data, CCTV and Level 2 support.",108,https://c0d312.github.io/evaready-electrical/service-areas/inner-west-burwood-and-canada-bay/inner-west/enmore,
https://c0d312.github.io/evaready-electrical/service-areas/inner-west-burwood-and-canada-bay/inner-west/haberfield,Electrician Haberfield 2045 | Emergency & Level 2,49,"Electrician Haberfield 2045 for emergency faults, switchboards, lighting, power, data, CCTV and Level 2 support.",112,https://c0d312.github.io/evaready-electrical/service-areas/inner-west-burwood-and-canada-bay/inner-west/haberfield,
https://c0d312.github.io/evaready-electrical/service-areas/inner-west-burwood-and-canada-bay/inner-west/hurlstone-park,Electrician Hurlstone Park 2193 | Emergency & Level 2,53,"Electrician Hurlstone Park 2193 for urgent faults, switchboards, hot water, aircon, CCTV/data and Level 2 support.",114,https://c0d312.github.io/evaready-electrical/service-areas/inner-west-burwood-and-canada-bay/inner-west/hurlstone-park,
https://c0d312.github.io/evaready-electrical/service-areas/inner-west-burwood-and-canada-bay/inner-west/leichhardt,Electrician Leichhardt 2040 | Emergency & Level 2,49,"Electrician Leichhardt 2040 for emergency faults, switchboards, lighting, power, data, CCTV and Level 2 support.",112,https://c0d312.github.io/evaready-electrical/service-areas/inner-west-burwood-and-canada-bay/inner-west/leichhardt,
https://c0d312.github.io/evaready-electrical/service-areas/inner-west-burwood-and-canada-bay/inner-west/lewisham,Electrician Lewisham 2049 | Emergency & Level 2,47,"Electrician Lewisham 2049 for emergency faults, switchboards, hot water circuits, power, lighting and Level 2 support.",118,https://c0d312.github.io/evaready-electrical/service-areas/inner-west-burwood-and-canada-bay/inner-west/lewisham,
https://c0d312.github.io/evaready-electrical/service-areas/inner-west-burwood-and-canada-bay/inner-west/lilyfield,Electrician Lilyfield 2040 | Emergency & Level 2,48,"Electrician Lilyfield 2040 for urgent faults, switchboards, hot water, aircon, CCTV/data and Level 2 support.",109,https://c0d312.github.io/evaready-electrical/service-areas/inner-west-burwood-and-canada-bay/inner-west/lilyfield,
https://c0d312.github.io/evaready-electrical/service-areas/inner-west-burwood-and-canada-bay/inner-west/marrickville,Electrician Marrickville 2204 | Emergency & Level 2,51,"Electrician Marrickville 2204 for emergency faults, switchboards, lighting, power, data, CCTV and Level 2 support.",114,https://c0d312.github.io/evaready-electrical/service-areas/inner-west-burwood-and-canada-bay/inner-west/marrickville,
https://c0d312.github.io/evaready-electrical/service-areas/inner-west-burwood-and-canada-bay/inner-west/newtown,Electrician Newtown 2042 | Emergency & Level 2,46,"Electrician Newtown 2042 for emergency faults, switchboards, lighting, power, data, CCTV and Level 2 support.",109,https://c0d312.github.io/evaready-electrical/service-areas/inner-west-burwood-and-canada-bay/inner-west/newtown,
https://c0d312.github.io/evaready-electrical/service-areas/inner-west-burwood-and-canada-bay/inner-west/petersham,Electrician Petersham 2049 | Emergency & Level 2,48,"Electrician Petersham 2049 for emergency faults, switchboards, lighting, power, data, CCTV and Level 2 support.",111,https://c0d312.github.io/evaready-electrical/service-areas/inner-west-burwood-and-canada-bay/inner-west/petersham,
https://c0d312.github.io/evaready-electrical/service-areas/inner-west-burwood-and-canada-bay/inner-west/rozelle,Electrician Rozelle 2039 | Emergency & Level 2,46,"Electrician Rozelle 2039 for emergency faults, switchboards, hot water circuits, power, lighting and Level 2 support.",117,https://c0d312.github.io/evaready-electrical/service-areas/inner-west-burwood-and-canada-bay/inner-west/rozelle,
https://c0d312.github.io/evaready-electrical/service-areas/inner-west-burwood-and-canada-bay/inner-west/st-peters,Electrician St Peters 2044 | Emergency & Level 2,48,"Electrician St Peters 2044 for emergency faults, switchboards, lighting, power, data, CCTV and Level 2 support.",111,https://c0d312.github.io/evaready-electrical/service-areas/inner-west-burwood-and-canada-bay/inner-west/st-peters,
https://c0d312.github.io/evaready-electrical/service-areas/inner-west-burwood-and-canada-bay/inner-west/stanmore,Electrician Stanmore 2048 | Emergency & Level 2,47,"Electrician Stanmore 2048 for emergency faults, switchboards, lighting, power, data, CCTV and Level 2 support.",110,https://c0d312.github.io/evaready-electrical/service-areas/inner-west-burwood-and-canada-bay/inner-west/stanmore,
https://c0d312.github.io/evaready-electrical/service-areas/inner-west-burwood-and-canada-bay/inner-west/summer-hill,Electrician Summer Hill 2130 | Emergency & Level 2,50,"Electrician Summer Hill 2130 for emergency faults, switchboards, lighting, power, data, CCTV and Level 2 support.",113,https://c0d312.github.io/evaready-electrical/service-areas/inner-west-burwood-and-canada-bay/inner-west/summer-hill,
https://c0d312.github.io/evaready-electrical/service-areas/inner-west-burwood-and-canada-bay/inner-west/sydenham,Electrician Sydenham 2044 | Emergency & Level 2,47,"Electrician Sydenham 2044 for emergency faults, switchboards, lighting, power, data, CCTV and Level 2 support.",110,https://c0d312.github.io/evaready-electrical/service-areas/inner-west-burwood-and-canada-bay/inner-west/sydenham,
https://c0d312.github.io/evaready-electrical/service-areas/inner-west-burwood-and-canada-bay/inner-west/tempe,Electrician Tempe 2044 | Emergency & Level 2,44,"Electrician Tempe 2044 for emergency faults, switchboards, hot water circuits, power, lighting and Level 2 support.",115,https://c0d312.github.io/evaready-electrical/service-areas/inner-west-burwood-and-canada-bay/inner-west/tempe,
https://c0d312.github.io/evaready-electrical/service-areas/inner-west-burwood-and-canada-bay/strathfield,"Strathfield Electrician | Inner West, Burwood & Canada Bay",58,"Need an electrician in Strathfield? Evaready helps with urgent faults, Level 2 work, switchboards, consumer mains, defect notices and planned electrical jobs.",158,https://c0d312.github.io/evaready-electrical/service-areas/inner-west-burwood-and-canada-bay/strathfield,
https://c0d312.github.io/evaready-electrical/service-areas/inner-west-burwood-and-canada-bay/strathfield/homebush,Electrician Homebush 2140 | Emergency & Level 2,47,"Electrician Homebush 2140 for emergency faults, switchboards, lighting, power, data, CCTV and Level 2 support.",110,https://c0d312.github.io/evaready-electrical/service-areas/inner-west-burwood-and-canada-bay/strathfield/homebush,
https://c0d312.github.io/evaready-electrical/service-areas/inner-west-burwood-and-canada-bay/strathfield/homebush-west,Electrician Homebush West 2140 | Emergency & Level 2,52,"Electrician Homebush West 2140 for urgent faults, switchboards, hot water, aircon, CCTV/data and Level 2 support.",113,https://c0d312.github.io/evaready-electrical/service-areas/inner-west-burwood-and-canada-bay/strathfield/homebush-west,
https://c0d312.github.io/evaready-electrical/service-areas/inner-west-burwood-and-canada-bay/strathfield/strathfield-south,Electrician Strathfield South 2136 | Emergency & Level 2,56,"Electrician Strathfield South 2136 for emergency faults, switchboards, lighting, power, data, CCTV and Level 2 support.",119,https://c0d312.github.io/evaready-electrical/service-areas/inner-west-burwood-and-canada-bay/strathfield/strathfield-south,
https://c0d312.github.io/evaready-electrical/service-areas/liverpool-and-fairfield,Liverpool & Fairfield Electrician | Emergency & Level 2,55,"Need an electrician in Liverpool & Fairfield? Evaready helps with urgent faults, Level 2 work, switchboards, consumer mains, defect notices and planned.",152,https://c0d312.github.io/evaready-electrical/service-areas/liverpool-and-fairfield,
https://c0d312.github.io/evaready-electrical/service-areas/liverpool-and-fairfield/fairfield,Fairfield Electrician | Liverpool & Fairfield,45,"Need an electrician in Fairfield? Evaready helps with urgent faults, Level 2 work, switchboards, consumer mains, defect notices and planned electrical jobs.",156,https://c0d312.github.io/evaready-electrical/service-areas/liverpool-and-fairfield/fairfield,
https://c0d312.github.io/evaready-electrical/service-areas/liverpool-and-fairfield/fairfield/abbotsbury,Electrician Abbotsbury 2176 | Emergency & Level 2,49,"Electrician Abbotsbury 2176 for emergency faults, switchboards, hot water circuits, power, lighting and Level 2 support.",120,https://c0d312.github.io/evaready-electrical/service-areas/liverpool-and-fairfield/fairfield/abbotsbury,
https://c0d312.github.io/evaready-electrical/service-areas/liverpool-and-fairfield/fairfield/bonnyrigg,Electrician Bonnyrigg 2177 | Emergency & Level 2,48,"Electrician Bonnyrigg 2177 for urgent faults, switchboards, hot water, aircon, CCTV/data and Level 2 support.",109,https://c0d312.github.io/evaready-electrical/service-areas/liverpool-and-fairfield/fairfield/bonnyrigg,
https://c0d312.github.io/evaready-electrical/service-areas/liverpool-and-fairfield/fairfield/bonnyrigg-heights,Electrician Bonnyrigg Heights 2177 | Emergency & Level 2,56,"Electrician Bonnyrigg Heights 2177 for emergency faults, switchboards, hot water circuits, power, lighting and Level 2 support.",127,https://c0d312.github.io/evaready-electrical/service-areas/liverpool-and-fairfield/fairfield/bonnyrigg-heights,
https://c0d312.github.io/evaready-electrical/service-areas/liverpool-and-fairfield/fairfield/bossley-park,Electrician Bossley Park 2176 | Emergency & Level 2,51,"Electrician Bossley Park 2176 for urgent faults, switchboards, hot water, aircon, CCTV/data and Level 2 support.",112,https://c0d312.github.io/evaready-electrical/service-areas/liverpool-and-fairfield/fairfield/bossley-park,
https://c0d312.github.io/evaready-electrical/service-areas/liverpool-and-fairfield/fairfield/cabramatta,Electrician Cabramatta 2166 | Emergency & Level 2,49,"Electrician Cabramatta 2166 for emergency faults, switchboards, lighting, power, data, CCTV and Level 2 support.",112,https://c0d312.github.io/evaready-electrical/service-areas/liverpool-and-fairfield/fairfield/cabramatta,
https://c0d312.github.io/evaready-electrical/service-areas/liverpool-and-fairfield/fairfield/cabramatta-west,Electrician Cabramatta West 2166 | Emergency & Level 2,54,"Electrician Cabramatta West 2166 for emergency faults, switchboards, lighting, power, data, CCTV and Level 2 support.",117,https://c0d312.github.io/evaready-electrical/service-areas/liverpool-and-fairfield/fairfield/cabramatta-west,
https://c0d312.github.io/evaready-electrical/service-areas/liverpool-and-fairfield/fairfield/canley-heights,Electrician Canley Heights 2166 | Emergency & Level 2,53,"Electrician Canley Heights 2166 for emergency faults, switchboards, lighting, power, data, CCTV and Level 2 support.",116,https://c0d312.github.io/evaready-electrical/service-areas/liverpool-and-fairfield/fairfield/canley-heights,
https://c0d312.github.io/evaready-electrical/service-areas/liverpool-and-fairfield/fairfield/canley-vale,Electrician Canley Vale 2166 | Emergency & Level 2,50,"Electrician Canley Vale 2166 for emergency faults, switchboards, lighting, power, data, CCTV and Level 2 support.",113,https://c0d312.github.io/evaready-electrical/service-areas/liverpool-and-fairfield/fairfield/canley-vale,
https://c0d312.github.io/evaready-electrical/service-areas/liverpool-and-fairfield/fairfield/carramar,Electrician Carramar 2163 | Emergency & Level 2,47,"Electrician Carramar 2163 for emergency faults, switchboards, hot water circuits, power, lighting and Level 2 support.",118,https://c0d312.github.io/evaready-electrical/service-areas/liverpool-and-fairfield/fairfield/carramar,
https://c0d312.github.io/evaready-electrical/service-areas/liverpool-and-fairfield/fairfield/cecil-park,Electrician Cecil Park 2178 | Emergency & Level 2,49,"Electrician Cecil Park 2178 for emergency faults, switchboards, hot water circuits, power, lighting and Level 2 support.",120,https://c0d312.github.io/evaready-electrical/service-areas/liverpool-and-fairfield/fairfield/cecil-park,
https://c0d312.github.io/evaready-electrical/service-areas/liverpool-and-fairfield/fairfield/edensor-park,Electrician Edensor Park 2176 | Emergency & Level 2,51,"Electrician Edensor Park 2176 for emergency faults, switchboards, hot water circuits, power, lighting and Level 2 support.",122,https://c0d312.github.io/evaready-electrical/service-areas/liverpool-and-fairfield/fairfield/edensor-park,
https://c0d312.github.io/evaready-electrical/service-areas/liverpool-and-fairfield/fairfield/fairfield,Electrician Fairfield 2165 | Emergency & Level 2,48,"Electrician Fairfield 2165 for emergency faults, switchboards, lighting, power, data, CCTV and Level 2 support.",111,https://c0d312.github.io/evaready-electrical/service-areas/liverpool-and-fairfield/fairfield/fairfield,
https://c0d312.github.io/evaready-electrical/service-areas/liverpool-and-fairfield/fairfield/fairfield-east,Electrician Fairfield East 2165 | Emergency & Level 2,53,"Electrician Fairfield East 2165 for emergency faults, switchboards, lighting, power, data, CCTV and Level 2 support.",116,https://c0d312.github.io/evaready-electrical/service-areas/liverpool-and-fairfield/fairfield/fairfield-east,
https://c0d312.github.io/evaready-electrical/service-areas/liverpool-and-fairfield/fairfield/fairfield-heights,Electrician Fairfield Heights 2165 | Emergency & Level 2,56,"Electrician Fairfield Heights 2165 for emergency faults, switchboards, lighting, power, data, CCTV and Level 2 support.",119,https://c0d312.github.io/evaready-electrical/service-areas/liverpool-and-fairfield/fairfield/fairfield-heights,
https://c0d312.github.io/evaready-electrical/service-areas/liverpool-and-fairfield/fairfield/fairfield-west,Electrician Fairfield West 2165 | Emergency & Level 2,53,"Electrician Fairfield West 2165 for urgent faults, switchboards, hot water, aircon, CCTV/data and Level 2 support.",114,https://c0d312.github.io/evaready-electrical/service-areas/liverpool-and-fairfield/fairfield/fairfield-west,
https://c0d312.github.io/evaready-electrical/service-areas/liverpool-and-fairfield/fairfield/greenfield-park,Electrician Greenfield Park 2176 | Emergency & Level 2,54,"Electrician Greenfield Park 2176 for urgent faults, switchboards, hot water, aircon, CCTV/data and Level 2 support.",115,https://c0d312.github.io/evaready-electrical/service-areas/liverpool-and-fairfield/fairfield/greenfield-park,
https://c0d312.github.io/evaready-electrical/service-areas/liverpool-and-fairfield/fairfield/horsley-park,Electrician Horsley Park 2175 | Emergency & Level 2,51,"Electrician Horsley Park 2175 for emergency faults, switchboards, lighting, power, data, CCTV and Level 2 support.",114,https://c0d312.github.io/evaready-electrical/service-areas/liverpool-and-fairfield/fairfield/horsley-park,
https://c0d312.github.io/evaready-electrical/service-areas/liverpool-and-fairfield/fairfield/lansvale,Electrician Lansvale 2166 | Emergency & Level 2,47,"Electrician Lansvale 2166 for emergency faults, switchboards, hot water circuits, power, lighting and Level 2 support.",118,https://c0d312.github.io/evaready-electrical/service-areas/liverpool-and-fairfield/fairfield/lansvale,
https://c0d312.github.io/evaready-electrical/service-areas/liverpool-and-fairfield/fairfield/mount-pritchard,Electrician Mount Pritchard 2170 | Emergency & Level 2,54,"Electrician Mount Pritchard 2170 for emergency faults, switchboards, hot water circuits, power, lighting and Level 2 support.",125,https://c0d312.github.io/evaready-electrical/service-areas/liverpool-and-fairfield/fairfield/mount-pritchard,
https://c0d312.github.io/evaready-electrical/service-areas/liverpool-and-fairfield/fairfield/old-guildford,Electrician Old Guildford 2161 | Emergency & Level 2,52,"Electrician Old Guildford 2161 for urgent faults, switchboards, hot water, aircon, CCTV/data and Level 2 support.",113,https://c0d312.github.io/evaready-electrical/service-areas/liverpool-and-fairfield/fairfield/old-guildford,
https://c0d312.github.io/evaready-electrical/service-areas/liverpool-and-fairfield/fairfield/prairiewood,Electrician Prairiewood 2176 | Emergency & Level 2,50,"Electrician Prairiewood 2176 for emergency faults, switchboards, lighting, power, data, CCTV and Level 2 support.",113,https://c0d312.github.io/evaready-electrical/service-areas/liverpool-and-fairfield/fairfield/prairiewood,
https://c0d312.github.io/evaready-electrical/service-areas/liverpool-and-fairfield/fairfield/smithfield,Electrician Smithfield 2164 | Emergency & Level 2,49,"Electrician Smithfield 2164 for emergency faults, switchboards, lighting, power, data, CCTV and Level 2 support.",112,https://c0d312.github.io/evaready-electrical/service-areas/liverpool-and-fairfield/fairfield/smithfield,
https://c0d312.github.io/evaready-electrical/service-areas/liverpool-and-fairfield/fairfield/st-johns-park,Electrician St Johns Park 2176 | Emergency & Level 2,52,"Electrician St Johns Park 2176 for emergency faults, switchboards, hot water circuits, power, lighting and Level 2 support.",123,https://c0d312.github.io/evaready-electrical/service-areas/liverpool-and-fairfield/fairfield/st-johns-park,
https://c0d312.github.io/evaready-electrical/service-areas/liverpool-and-fairfield/fairfield/wakeley,Electrician Wakeley 2176 | Emergency & Level 2,46,"Electrician Wakeley 2176 for urgent faults, switchboards, hot water, aircon, CCTV/data and Level 2 support.",107,https://c0d312.github.io/evaready-electrical/service-areas/liverpool-and-fairfield/fairfield/wakeley,
https://c0d312.github.io/evaready-electrical/service-areas/liverpool-and-fairfield/fairfield/wetherill-park,Electrician Wetherill Park 2164 | Emergency & Level 2,53,"Electrician Wetherill Park 2164 for emergency faults, switchboards, lighting, power, data, CCTV and Level 2 support.",116,https://c0d312.github.io/evaready-electrical/service-areas/liverpool-and-fairfield/fairfield/wetherill-park,
https://c0d312.github.io/evaready-electrical/service-areas/liverpool-and-fairfield/fairfield/yennora,Electrician Yennora 2161 | Emergency & Level 2,46,"Electrician Yennora 2161 for emergency faults, switchboards, lighting, power, data, CCTV and Level 2 support.",109,https://c0d312.github.io/evaready-electrical/service-areas/liverpool-and-fairfield/fairfield/yennora,
https://c0d312.github.io/evaready-electrical/service-areas/liverpool-and-fairfield/liverpool,Liverpool Electrician | Liverpool & Fairfield,45,"Need an electrician in Liverpool? Evaready helps with urgent faults, Level 2 work, switchboards, consumer mains, defect notices and planned electrical jobs.",156,https://c0d312.github.io/evaready-electrical/service-areas/liverpool-and-fairfield/liverpool,
https://c0d312.github.io/evaready-electrical/service-areas/liverpool-and-fairfield/liverpool/ashcroft,Electrician Ashcroft 2168 | Emergency & Level 2,47,"Electrician Ashcroft 2168 for emergency faults, switchboards, hot water circuits, power, lighting and Level 2 support.",118,https://c0d312.github.io/evaready-electrical/service-areas/liverpool-and-fairfield/liverpool/ashcroft,
https://c0d312.github.io/evaready-electrical/service-areas/liverpool-and-fairfield/liverpool/austral,Electrician Austral 2179 | Emergency & Level 2,46,"Electrician Austral 2179 for emergency faults, switchboards, hot water circuits, power, lighting and Level 2 support.",117,https://c0d312.github.io/evaready-electrical/service-areas/liverpool-and-fairfield/liverpool/austral,
https://c0d312.github.io/evaready-electrical/service-areas/liverpool-and-fairfield/liverpool/badgerys-creek,Electrician Badgerys Creek 2555 | Emergency & Level 2,53,"Electrician Badgerys Creek 2555 for emergency faults, switchboards, lighting, power, data, CCTV and Level 2 support.",116,https://c0d312.github.io/evaready-electrical/service-areas/liverpool-and-fairfield/liverpool/badgerys-creek,
https://c0d312.github.io/evaready-electrical/service-areas/liverpool-and-fairfield/liverpool/busby,Electrician Busby 2168 | Emergency & Level 2,44,"Electrician Busby 2168 for urgent faults, switchboards, hot water, aircon, CCTV/data and Level 2 support.",105,https://c0d312.github.io/evaready-electrical/service-areas/liverpool-and-fairfield/liverpool/busby,
https://c0d312.github.io/evaready-electrical/service-areas/liverpool-and-fairfield/liverpool/carnes-hill,Electrician Carnes Hill 2171 | Emergency & Level 2,50,"Electrician Carnes Hill 2171 for emergency faults, switchboards, lighting, power, data, CCTV and Level 2 support.",113,https://c0d312.github.io/evaready-electrical/service-areas/liverpool-and-fairfield/liverpool/carnes-hill,
https://c0d312.github.io/evaready-electrical/service-areas/liverpool-and-fairfield/liverpool/cartwright,Electrician Cartwright 2168 | Emergency & Level 2,49,"Electrician Cartwright 2168 for urgent faults, switchboards, hot water, aircon, CCTV/data and Level 2 support.",110,https://c0d312.github.io/evaready-electrical/service-areas/liverpool-and-fairfield/liverpool/cartwright,
https://c0d312.github.io/evaready-electrical/service-areas/liverpool-and-fairfield/liverpool/casula,Electrician Casula 2170 | Emergency & Level 2,45,"Electrician Casula 2170 for emergency faults, switchboards, lighting, power, data, CCTV and Level 2 support.",108,https://c0d312.github.io/evaready-electrical/service-areas/liverpool-and-fairfield/liverpool/casula,
https://c0d312.github.io/evaready-electrical/service-areas/liverpool-and-fairfield/liverpool/cecil-hills,Electrician Cecil Hills 2171 | Emergency & Level 2,50,"Electrician Cecil Hills 2171 for urgent faults, switchboards, hot water, aircon, CCTV/data and Level 2 support.",111,https://c0d312.github.io/evaready-electrical/service-areas/liverpool-and-fairfield/liverpool/cecil-hills,
https://c0d312.github.io/evaready-electrical/service-areas/liverpool-and-fairfield/liverpool/chipping-norton,Electrician Chipping Norton 2170 | Emergency & Level 2,54,"Electrician Chipping Norton 2170 for emergency faults, switchboards, lighting, power, data, CCTV and Level 2 support.",117,https://c0d312.github.io/evaready-electrical/service-areas/liverpool-and-fairfield/liverpool/chipping-norton,
https://c0d312.github.io/evaready-electrical/service-areas/liverpool-and-fairfield/liverpool/edmondson-park,Electrician Edmondson Park 2174 | Emergency & Level 2,53,"Electrician Edmondson Park 2174 for urgent faults, switchboards, hot water, aircon, CCTV/data and Level 2 support.",114,https://c0d312.github.io/evaready-electrical/service-areas/liverpool-and-fairfield/liverpool/edmondson-park,
https://c0d312.github.io/evaready-electrical/service-areas/liverpool-and-fairfield/liverpool/elizabeth-hills,Electrician Elizabeth Hills 2171 | Emergency & Level 2,54,"Electrician Elizabeth Hills 2171 for urgent faults, switchboards, hot water, aircon, CCTV/data and Level 2 support.",115,https://c0d312.github.io/evaready-electrical/service-areas/liverpool-and-fairfield/liverpool/elizabeth-hills,
https://c0d312.github.io/evaready-electrical/service-areas/liverpool-and-fairfield/liverpool/green-valley,Electrician Green Valley 2168 | Emergency & Level 2,51,"Electrician Green Valley 2168 for urgent faults, switchboards, hot water, aircon, CCTV/data and Level 2 support.",112,https://c0d312.github.io/evaready-electrical/service-areas/liverpool-and-fairfield/liverpool/green-valley,
https://c0d312.github.io/evaready-electrical/service-areas/liverpool-and-fairfield/liverpool/greendale,Electrician Greendale 2745 | Emergency & Level 2,48,"Electrician Greendale 2745 for emergency faults, switchboards, hot water circuits, power, lighting and Level 2 support.",119,https://c0d312.github.io/evaready-electrical/service-areas/liverpool-and-fairfield/liverpool/greendale,
https://c0d312.github.io/evaready-electrical/service-areas/liverpool-and-fairfield/liverpool/hammondville,Electrician Hammondville 2170 | Emergency & Level 2,51,"Electrician Hammondville 2170 for urgent faults, switchboards, hot water, aircon, CCTV/data and Level 2 support.",112,https://c0d312.github.io/evaready-electrical/service-areas/liverpool-and-fairfield/liverpool/hammondville,
https://c0d312.github.io/evaready-electrical/service-areas/liverpool-and-fairfield/liverpool/heckenberg,Electrician Heckenberg 2168 | Emergency & Level 2,49,"Electrician Heckenberg 2168 for emergency faults, switchboards, hot water circuits, power, lighting and Level 2 support.",120,https://c0d312.github.io/evaready-electrical/service-areas/liverpool-and-fairfield/liverpool/heckenberg,
https://c0d312.github.io/evaready-electrical/service-areas/liverpool-and-fairfield/liverpool/hinchinbrook,Electrician Hinchinbrook 2168 | Emergency & Level 2,51,"Electrician Hinchinbrook 2168 for emergency faults, switchboards, hot water circuits, power, lighting and Level 2 support.",122,https://c0d312.github.io/evaready-electrical/service-areas/liverpool-and-fairfield/liverpool/hinchinbrook,
https://c0d312.github.io/evaready-electrical/service-areas/liverpool-and-fairfield/liverpool/horningsea-park,Electrician Horningsea Park 2171 | Emergency & Level 2,54,"Electrician Horningsea Park 2171 for urgent faults, switchboards, hot water, aircon, CCTV/data and Level 2 support.",115,https://c0d312.github.io/evaready-electrical/service-areas/liverpool-and-fairfield/liverpool/horningsea-park,
https://c0d312.github.io/evaready-electrical/service-areas/liverpool-and-fairfield/liverpool/hoxton-park,Electrician Hoxton Park 2171 | Emergency & Level 2,50,"Electrician Hoxton Park 2171 for emergency faults, switchboards, lighting, power, data, CCTV and Level 2 support.",113,https://c0d312.github.io/evaready-electrical/service-areas/liverpool-and-fairfield/liverpool/hoxton-park,
https://c0d312.github.io/evaready-electrical/service-areas/liverpool-and-fairfield/liverpool/kemps-creek,Electrician Kemps Creek 2178 | Emergency & Level 2,50,"Electrician Kemps Creek 2178 for emergency faults, switchboards, lighting, power, data, CCTV and Level 2 support.",113,https://c0d312.github.io/evaready-electrical/service-areas/liverpool-and-fairfield/liverpool/kemps-creek,
https://c0d312.github.io/evaready-electrical/service-areas/liverpool-and-fairfield/liverpool/liverpool,Electrician Liverpool 2170 | Emergency & Level 2,48,"Electrician Liverpool 2170 for emergency faults, switchboards, lighting, power, data, CCTV and Level 2 support.",111,https://c0d312.github.io/evaready-electrical/service-areas/liverpool-and-fairfield/liverpool/liverpool,
https://c0d312.github.io/evaready-electrical/service-areas/liverpool-and-fairfield/liverpool/luddenham,Electrician Luddenham 2745 | Emergency & Level 2,48,"Electrician Luddenham 2745 for urgent faults, switchboards, hot water, aircon, CCTV/data and Level 2 support.",109,https://c0d312.github.io/evaready-electrical/service-areas/liverpool-and-fairfield/liverpool/luddenham,
https://c0d312.github.io/evaready-electrical/service-areas/liverpool-and-fairfield/liverpool/lurnea,Electrician Lurnea 2170 | Emergency & Level 2,45,"Electrician Lurnea 2170 for emergency faults, switchboards, hot water circuits, power, lighting and Level 2 support.",116,https://c0d312.github.io/evaready-electrical/service-areas/liverpool-and-fairfield/liverpool/lurnea,
https://c0d312.github.io/evaready-electrical/service-areas/liverpool-and-fairfield/liverpool/middleton-grange,Electrician Middleton Grange 2171 | Emergency & Level 2,55,"Electrician Middleton Grange 2171 for urgent faults, switchboards, hot water, aircon, CCTV/data and Level 2 support.",116,https://c0d312.github.io/evaready-electrical/service-areas/liverpool-and-fairfield/liverpool/middleton-grange,
https://c0d312.github.io/evaready-electrical/service-areas/liverpool-and-fairfield/liverpool/miller,Electrician Miller 2168 | Emergency & Level 2,45,"Electrician Miller 2168 for urgent faults, switchboards, hot water, aircon, CCTV/data and Level 2 support.",106,https://c0d312.github.io/evaready-electrical/service-areas/liverpool-and-fairfield/liverpool/miller,
https://c0d312.github.io/evaready-electrical/service-areas/liverpool-and-fairfield/liverpool/moorebank,Electrician Moorebank 2170 | Emergency & Level 2,48,"Electrician Moorebank 2170 for emergency faults, switchboards, lighting, power, data, CCTV and Level 2 support.",111,https://c0d312.github.io/evaready-electrical/service-areas/liverpool-and-fairfield/liverpool/moorebank,
https://c0d312.github.io/evaready-electrical/service-areas/liverpool-and-fairfield/liverpool/pleasure-point,Electrician Pleasure Point 2172 | Emergency & Level 2,53,"Electrician Pleasure Point 2172 for urgent faults, switchboards, hot water, aircon, CCTV/data and Level 2 support.",114,https://c0d312.github.io/evaready-electrical/service-areas/liverpool-and-fairfield/liverpool/pleasure-point,
https://c0d312.github.io/evaready-electrical/service-areas/liverpool-and-fairfield/liverpool/prestons,Electrician Prestons 2170 | Emergency & Level 2,47,"Electrician Prestons 2170 for emergency faults, switchboards, lighting, power, data, CCTV and Level 2 support.",110,https://c0d312.github.io/evaready-electrical/service-areas/liverpool-and-fairfield/liverpool/prestons,
https://c0d312.github.io/evaready-electrical/service-areas/liverpool-and-fairfield/liverpool/sadleir,Electrician Sadleir 2168 | Emergency & Level 2,46,"Electrician Sadleir 2168 for emergency faults, switchboards, hot water circuits, power, lighting and Level 2 support.",117,https://c0d312.github.io/evaready-electrical/service-areas/liverpool-and-fairfield/liverpool/sadleir,
https://c0d312.github.io/evaready-electrical/service-areas/liverpool-and-fairfield/liverpool/voyager-point,Electrician Voyager Point 2172 | Emergency & Level 2,52,"Electrician Voyager Point 2172 for urgent faults, switchboards, hot water, aircon, CCTV/data and Level 2 support.",113,https://c0d312.github.io/evaready-electrical/service-areas/liverpool-and-fairfield/liverpool/voyager-point,
https://c0d312.github.io/evaready-electrical/service-areas/liverpool-and-fairfield/liverpool/wallacia,Electrician Wallacia 2745 | Emergency & Level 2,47,"Electrician Wallacia 2745 for urgent faults, switchboards, hot water, aircon, CCTV/data and Level 2 support.",108,https://c0d312.github.io/evaready-electrical/service-areas/liverpool-and-fairfield/liverpool/wallacia,
https://c0d312.github.io/evaready-electrical/service-areas/liverpool-and-fairfield/liverpool/warwick-farm,Electrician Warwick Farm 2170 | Emergency & Level 2,51,"Electrician Warwick Farm 2170 for emergency faults, switchboards, lighting, power, data, CCTV and Level 2 support.",114,https://c0d312.github.io/evaready-electrical/service-areas/liverpool-and-fairfield/liverpool/warwick-farm,
https://c0d312.github.io/evaready-electrical/service-areas/liverpool-and-fairfield/liverpool/wattle-grove,Electrician Wattle Grove 2173 | Emergency & Level 2,51,"Electrician Wattle Grove 2173 for urgent faults, switchboards, hot water, aircon, CCTV/data and Level 2 support.",112,https://c0d312.github.io/evaready-electrical/service-areas/liverpool-and-fairfield/liverpool/wattle-grove,
https://c0d312.github.io/evaready-electrical/service-areas/liverpool-and-fairfield/liverpool/west-hoxton,Electrician West Hoxton 2171 | Emergency & Level 2,50,"Electrician West Hoxton 2171 for emergency faults, switchboards, hot water circuits, power, lighting and Level 2 support.",121,https://c0d312.github.io/evaready-electrical/service-areas/liverpool-and-fairfield/liverpool/west-hoxton,
https://c0d312.github.io/evaready-electrical/service-areas/macarthur-camden-and-wollondilly,"Macarthur, Camden & Wollondilly Electrician | Emergency & Level 2",65,"Need an electrician in Macarthur, Camden & Wollondilly? Evaready helps with urgent faults, Level 2 work, switchboards, consumer mains, defect notices.",150,https://c0d312.github.io/evaready-electrical/service-areas/macarthur-camden-and-wollondilly,
https://c0d312.github.io/evaready-electrical/service-areas/macarthur-camden-and-wollondilly/camden,"Camden Electrician | Macarthur, Camden & Wollondilly",52,"Need an electrician in Camden? Evaready helps with urgent faults, Level 2 work, switchboards, consumer mains, defect notices and planned electrical jobs.",153,https://c0d312.github.io/evaready-electrical/service-areas/macarthur-camden-and-wollondilly/camden,
https://c0d312.github.io/evaready-electrical/service-areas/macarthur-camden-and-wollondilly/camden/bringelly,Electrician Bringelly 2556 | Emergency & Level 2,48,"Electrician Bringelly 2556 for emergency faults, switchboards, lighting, power, data, CCTV and Level 2 support.",111,https://c0d312.github.io/evaready-electrical/service-areas/macarthur-camden-and-wollondilly/camden/bringelly,
https://c0d312.github.io/evaready-electrical/service-areas/macarthur-camden-and-wollondilly/camden/camden,Electrician Camden 2570 | Emergency & Level 2,45,"Electrician Camden 2570 for emergency faults, switchboards, lighting, power, data, CCTV and Level 2 support.",108,https://c0d312.github.io/evaready-electrical/service-areas/macarthur-camden-and-wollondilly/camden/camden,
https://c0d312.github.io/evaready-electrical/service-areas/macarthur-camden-and-wollondilly/camden/camden-south,Electrician Camden South 2570 | Emergency & Level 2,51,"Electrician Camden South 2570 for emergency faults, switchboards, hot water circuits, power, lighting and Level 2 support.",122,https://c0d312.github.io/evaready-electrical/service-areas/macarthur-camden-and-wollondilly/camden/camden-south,
https://c0d312.github.io/evaready-electrical/service-areas/macarthur-camden-and-wollondilly/camden/catherine-field,Electrician Catherine Field 2557 | Emergency & Level 2,54,"Electrician Catherine Field 2557 for urgent faults, switchboards, hot water, aircon, CCTV/data and Level 2 support.",115,https://c0d312.github.io/evaready-electrical/service-areas/macarthur-camden-and-wollondilly/camden/catherine-field,
https://c0d312.github.io/evaready-electrical/service-areas/macarthur-camden-and-wollondilly/camden/cawdor,Electrician Cawdor 2570 | Emergency & Level 2,45,"Electrician Cawdor 2570 for emergency faults, switchboards, hot water circuits, power, lighting and Level 2 support.",116,https://c0d312.github.io/evaready-electrical/service-areas/macarthur-camden-and-wollondilly/camden/cawdor,
https://c0d312.github.io/evaready-electrical/service-areas/macarthur-camden-and-wollondilly/camden/cobbitty,Electrician Cobbitty 2570 | Emergency & Level 2,47,"Electrician Cobbitty 2570 for emergency faults, switchboards, hot water circuits, power, lighting and Level 2 support.",118,https://c0d312.github.io/evaready-electrical/service-areas/macarthur-camden-and-wollondilly/camden/cobbitty,
https://c0d312.github.io/evaready-electrical/service-areas/macarthur-camden-and-wollondilly/camden/currans-hill,Electrician Currans Hill 2567 | Emergency & Level 2,51,"Electrician Currans Hill 2567 for emergency faults, switchboards, hot water circuits, power, lighting and Level 2 support.",122,https://c0d312.github.io/evaready-electrical/service-areas/macarthur-camden-and-wollondilly/camden/currans-hill,
https://c0d312.github.io/evaready-electrical/service-areas/macarthur-camden-and-wollondilly/camden/elderslie,Electrician Elderslie 2570 | Emergency & Level 2,48,"Electrician Elderslie 2570 for urgent faults, switchboards, hot water, aircon, CCTV/data and Level 2 support.",109,https://c0d312.github.io/evaready-electrical/service-areas/macarthur-camden-and-wollondilly/camden/elderslie,
https://c0d312.github.io/evaready-electrical/service-areas/macarthur-camden-and-wollondilly/camden/ellis-lane,Electrician Ellis Lane 2570 | Emergency & Level 2,49,"Electrician Ellis Lane 2570 for emergency faults, switchboards, hot water circuits, power, lighting and Level 2 support.",120,https://c0d312.github.io/evaready-electrical/service-areas/macarthur-camden-and-wollondilly/camden/ellis-lane,
https://c0d312.github.io/evaready-electrical/service-areas/macarthur-camden-and-wollondilly/camden/gledswood-hills,Electrician Gledswood Hills 2557 | Emergency & Level 2,54,"Electrician Gledswood Hills 2557 for emergency faults, switchboards, hot water circuits, power, lighting and Level 2 support.",125,https://c0d312.github.io/evaready-electrical/service-areas/macarthur-camden-and-wollondilly/camden/gledswood-hills,
https://c0d312.github.io/evaready-electrical/service-areas/macarthur-camden-and-wollondilly/camden/grasmere,Electrician Grasmere 2570 | Emergency & Level 2,47,"Electrician Grasmere 2570 for emergency faults, switchboards, hot water circuits, power, lighting and Level 2 support.",118,https://c0d312.github.io/evaready-electrical/service-areas/macarthur-camden-and-wollondilly/camden/grasmere,
https://c0d312.github.io/evaready-electrical/service-areas/macarthur-camden-and-wollondilly/camden/gregory-hills,Electrician Gregory Hills 2557 | Emergency & Level 2,52,"Electrician Gregory Hills 2557 for emergency faults, switchboards, lighting, power, data, CCTV and Level 2 support.",115,https://c0d312.github.io/evaready-electrical/service-areas/macarthur-camden-and-wollondilly/camden/gregory-hills,
https://c0d312.github.io/evaready-electrical/service-areas/macarthur-camden-and-wollondilly/camden/harrington-park,Electrician Harrington Park 2567 | Emergency & Level 2,54,"Electrician Harrington Park 2567 for urgent faults, switchboards, hot water, aircon, CCTV/data and Level 2 support.",115,https://c0d312.github.io/evaready-electrical/service-areas/macarthur-camden-and-wollondilly/camden/harrington-park,
https://c0d312.github.io/evaready-electrical/service-areas/macarthur-camden-and-wollondilly/camden/kirkham,Electrician Kirkham 2570 | Emergency & Level 2,46,"Electrician Kirkham 2570 for urgent faults, switchboards, hot water, aircon, CCTV/data and Level 2 support.",107,https://c0d312.github.io/evaready-electrical/service-areas/macarthur-camden-and-wollondilly/camden/kirkham,
https://c0d312.github.io/evaready-electrical/service-areas/macarthur-camden-and-wollondilly/camden/leppington,Electrician Leppington 2179 | Emergency & Level 2,49,"Electrician Leppington 2179 for urgent faults, switchboards, hot water, aircon, CCTV/data and Level 2 support.",110,https://c0d312.github.io/evaready-electrical/service-areas/macarthur-camden-and-wollondilly/camden/leppington,
https://c0d312.github.io/evaready-electrical/service-areas/macarthur-camden-and-wollondilly/camden/mount-annan,Electrician Mount Annan 2567 | Emergency & Level 2,50,"Electrician Mount Annan 2567 for emergency faults, switchboards, lighting, power, data, CCTV and Level 2 support.",113,https://c0d312.github.io/evaready-electrical/service-areas/macarthur-camden-and-wollondilly/camden/mount-annan,
https://c0d312.github.io/evaready-electrical/service-areas/macarthur-camden-and-wollondilly/camden/narellan,Electrician Narellan 2567 | Emergency & Level 2,47,"Electrician Narellan 2567 for emergency faults, switchboards, lighting, power, data, CCTV and Level 2 support.",110,https://c0d312.github.io/evaready-electrical/service-areas/macarthur-camden-and-wollondilly/camden/narellan,
https://c0d312.github.io/evaready-electrical/service-areas/macarthur-camden-and-wollondilly/camden/narellan-vale,Electrician Narellan Vale 2567 | Emergency & Level 2,52,"Electrician Narellan Vale 2567 for emergency faults, switchboards, hot water circuits, power, lighting and Level 2 support.",123,https://c0d312.github.io/evaready-electrical/service-areas/macarthur-camden-and-wollondilly/camden/narellan-vale,
https://c0d312.github.io/evaready-electrical/service-areas/macarthur-camden-and-wollondilly/camden/oran-park,Electrician Oran Park 2570 | Emergency & Level 2,48,"Electrician Oran Park 2570 for emergency faults, switchboards, lighting, power, data, CCTV and Level 2 support.",111,https://c0d312.github.io/evaready-electrical/service-areas/macarthur-camden-and-wollondilly/camden/oran-park,
https://c0d312.github.io/evaready-electrical/service-areas/macarthur-camden-and-wollondilly/camden/rossmore,Electrician Rossmore 2557 | Emergency & Level 2,47,"Electrician Rossmore 2557 for emergency faults, switchboards, lighting, power, data, CCTV and Level 2 support.",110,https://c0d312.github.io/evaready-electrical/service-areas/macarthur-camden-and-wollondilly/camden/rossmore,
https://c0d312.github.io/evaready-electrical/service-areas/macarthur-camden-and-wollondilly/camden/smeaton-grange,Electrician Smeaton Grange 2567 | Emergency & Level 2,53,"Electrician Smeaton Grange 2567 for emergency faults, switchboards, lighting, power, data, CCTV and Level 2 support.",116,https://c0d312.github.io/evaready-electrical/service-areas/macarthur-camden-and-wollondilly/camden/smeaton-grange,
https://c0d312.github.io/evaready-electrical/service-areas/macarthur-camden-and-wollondilly/camden/spring-farm,Electrician Spring Farm 2570 | Emergency & Level 2,50,"Electrician Spring Farm 2570 for emergency faults, switchboards, hot water circuits, power, lighting and Level 2 support.",121,https://c0d312.github.io/evaready-electrical/service-areas/macarthur-camden-and-wollondilly/camden/spring-farm,
https://c0d312.github.io/evaready-electrical/service-areas/macarthur-camden-and-wollondilly/campbelltown,"Campbelltown Electrician | Macarthur, Camden & Wollondilly",58,"Need an electrician in Campbelltown? Evaready helps with urgent faults, Level 2 work, switchboards, consumer mains, defect notices.",131,https://c0d312.github.io/evaready-electrical/service-areas/macarthur-camden-and-wollondilly/campbelltown,
https://c0d312.github.io/evaready-electrical/service-areas/macarthur-camden-and-wollondilly/campbelltown/airds,Electrician Airds 2560 | Emergency & Level 2,44,"Electrician Airds 2560 for emergency faults, switchboards, hot water circuits, power, lighting and Level 2 support.",115,https://c0d312.github.io/evaready-electrical/service-areas/macarthur-camden-and-wollondilly/campbelltown/airds,
https://c0d312.github.io/evaready-electrical/service-areas/macarthur-camden-and-wollondilly/campbelltown/ambarvale,Electrician Ambarvale 2560 | Emergency & Level 2,48,"Electrician Ambarvale 2560 for emergency faults, switchboards, lighting, power, data, CCTV and Level 2 support.",111,https://c0d312.github.io/evaready-electrical/service-areas/macarthur-camden-and-wollondilly/campbelltown/ambarvale,
https://c0d312.github.io/evaready-electrical/service-areas/macarthur-camden-and-wollondilly/campbelltown/bardia,Electrician Bardia 2565 | Emergency & Level 2,45,"Electrician Bardia 2565 for urgent faults, switchboards, hot water, aircon, CCTV/data and Level 2 support.",106,https://c0d312.github.io/evaready-electrical/service-areas/macarthur-camden-and-wollondilly/campbelltown/bardia,
https://c0d312.github.io/evaready-electrical/service-areas/macarthur-camden-and-wollondilly/campbelltown/blair-athol,Electrician Blair Athol 2560 | Emergency & Level 2,50,"Electrician Blair Athol 2560 for emergency faults, switchboards, hot water circuits, power, lighting and Level 2 support.",121,https://c0d312.github.io/evaready-electrical/service-areas/macarthur-camden-and-wollondilly/campbelltown/blair-athol,
https://c0d312.github.io/evaready-electrical/service-areas/macarthur-camden-and-wollondilly/campbelltown/blairmount,Electrician Blairmount 2559 | Emergency & Level 2,49,"Electrician Blairmount 2559 for emergency faults, switchboards, hot water circuits, power, lighting and Level 2 support.",120,https://c0d312.github.io/evaready-electrical/service-areas/macarthur-camden-and-wollondilly/campbelltown/blairmount,
https://c0d312.github.io/evaready-electrical/service-areas/macarthur-camden-and-wollondilly/campbelltown/bow-bowing,Electrician Bow Bowing 2566 | Emergency & Level 2,49,"Electrician Bow Bowing 2566 for emergency faults, switchboards, hot water circuits, power, lighting and Level 2 support.",120,https://c0d312.github.io/evaready-electrical/service-areas/macarthur-camden-and-wollondilly/campbelltown/bow-bowing,
https://c0d312.github.io/evaready-electrical/service-areas/macarthur-camden-and-wollondilly/campbelltown/bradbury,Electrician Bradbury 2560 | Emergency & Level 2,47,"Electrician Bradbury 2560 for emergency faults, switchboards, lighting, power, data, CCTV and Level 2 support.",110,https://c0d312.github.io/evaready-electrical/service-areas/macarthur-camden-and-wollondilly/campbelltown/bradbury,
https://c0d312.github.io/evaready-electrical/service-areas/macarthur-camden-and-wollondilly/campbelltown/campbelltown,Electrician Campbelltown 2560 | Emergency & Level 2,51,"Electrician Campbelltown 2560 for emergency faults, switchboards, lighting, power, data, CCTV and Level 2 support.",114,https://c0d312.github.io/evaready-electrical/service-areas/macarthur-camden-and-wollondilly/campbelltown/campbelltown,
https://c0d312.github.io/evaready-electrical/service-areas/macarthur-camden-and-wollondilly/campbelltown/claymore,Electrician Claymore 2559 | Emergency & Level 2,47,"Electrician Claymore 2559 for urgent faults, switchboards, hot water, aircon, CCTV/data and Level 2 support.",108,https://c0d312.github.io/evaready-electrical/service-areas/macarthur-camden-and-wollondilly/campbelltown/claymore,
https://c0d312.github.io/evaready-electrical/service-areas/macarthur-camden-and-wollondilly/campbelltown/denham-court,Electrician Denham Court 2565 | Emergency & Level 2,51,"Electrician Denham Court 2565 for urgent faults, switchboards, hot water, aircon, CCTV/data and Level 2 support.",112,https://c0d312.github.io/evaready-electrical/service-areas/macarthur-camden-and-wollondilly/campbelltown/denham-court,
https://c0d312.github.io/evaready-electrical/service-areas/macarthur-camden-and-wollondilly/campbelltown/eagle-vale,Electrician Eagle Vale 2558 | Emergency & Level 2,49,"Electrician Eagle Vale 2558 for emergency faults, switchboards, lighting, power, data, CCTV and Level 2 support.",112,https://c0d312.github.io/evaready-electrical/service-areas/macarthur-camden-and-wollondilly/campbelltown/eagle-vale,
https://c0d312.github.io/evaready-electrical/service-areas/macarthur-camden-and-wollondilly/campbelltown/englorie-park,Electrician Englorie Park 2560 | Emergency & Level 2,52,"Electrician Englorie Park 2560 for urgent faults, switchboards, hot water, aircon, CCTV/data and Level 2 support.",113,https://c0d312.github.io/evaready-electrical/service-areas/macarthur-camden-and-wollondilly/campbelltown/englorie-park,
https://c0d312.github.io/evaready-electrical/service-areas/macarthur-camden-and-wollondilly/campbelltown/eschol-park,Electrician Eschol Park 2558 | Emergency & Level 2,50,"Electrician Eschol Park 2558 for urgent faults, switchboards, hot water, aircon, CCTV/data and Level 2 support.",111,https://c0d312.github.io/evaready-electrical/service-areas/macarthur-camden-and-wollondilly/campbelltown/eschol-park,
https://c0d312.github.io/evaready-electrical/service-areas/macarthur-camden-and-wollondilly/campbelltown/gilead,Electrician Gilead 2560 | Emergency & Level 2,45,"Electrician Gilead 2560 for urgent faults, switchboards, hot water, aircon, CCTV/data and Level 2 support.",106,https://c0d312.github.io/evaready-electrical/service-areas/macarthur-camden-and-wollondilly/campbelltown/gilead,
https://c0d312.github.io/evaready-electrical/service-areas/macarthur-camden-and-wollondilly/campbelltown/glen-alpine,Electrician Glen Alpine 2560 | Emergency & Level 2,50,"Electrician Glen Alpine 2560 for urgent faults, switchboards, hot water, aircon, CCTV/data and Level 2 support.",111,https://c0d312.github.io/evaready-electrical/service-areas/macarthur-camden-and-wollondilly/campbelltown/glen-alpine,
https://c0d312.github.io/evaready-electrical/service-areas/macarthur-camden-and-wollondilly/campbelltown/glenfield,Electrician Glenfield 2167 | Emergency & Level 2,48,"Electrician Glenfield 2167 for emergency faults, switchboards, lighting, power, data, CCTV and Level 2 support.",111,https://c0d312.github.io/evaready-electrical/service-areas/macarthur-camden-and-wollondilly/campbelltown/glenfield,
https://c0d312.github.io/evaready-electrical/service-areas/macarthur-camden-and-wollondilly/campbelltown/holsworthy,Electrician Holsworthy 2173 | Emergency & Level 2,49,"Electrician Holsworthy 2173 for emergency faults, switchboards, hot water circuits, power, lighting and Level 2 support.",120,https://c0d312.github.io/evaready-electrical/service-areas/macarthur-camden-and-wollondilly/campbelltown/holsworthy,
https://c0d312.github.io/evaready-electrical/service-areas/macarthur-camden-and-wollondilly/campbelltown/ingleburn,Electrician Ingleburn 2565 | Emergency & Level 2,48,"Electrician Ingleburn 2565 for emergency faults, switchboards, lighting, power, data, CCTV and Level 2 support.",111,https://c0d312.github.io/evaready-electrical/service-areas/macarthur-camden-and-wollondilly/campbelltown/ingleburn,
https://c0d312.github.io/evaready-electrical/service-areas/macarthur-camden-and-wollondilly/campbelltown/kearns,Electrician Kearns 2558 | Emergency & Level 2,45,"Electrician Kearns 2558 for emergency faults, switchboards, hot water circuits, power, lighting and Level 2 support.",116,https://c0d312.github.io/evaready-electrical/service-areas/macarthur-camden-and-wollondilly/campbelltown/kearns,
https://c0d312.github.io/evaready-electrical/service-areas/macarthur-camden-and-wollondilly/campbelltown/kentlyn,Electrician Kentlyn 2560 | Emergency & Level 2,46,"Electrician Kentlyn 2560 for emergency faults, switchboards, hot water circuits, power, lighting and Level 2 support.",117,https://c0d312.github.io/evaready-electrical/service-areas/macarthur-camden-and-wollondilly/campbelltown/kentlyn,
https://c0d312.github.io/evaready-electrical/service-areas/macarthur-camden-and-wollondilly/campbelltown/leumeah,Electrician Leumeah 2560 | Emergency & Level 2,46,"Electrician Leumeah 2560 for emergency faults, switchboards, lighting, power, data, CCTV and Level 2 support.",109,https://c0d312.github.io/evaready-electrical/service-areas/macarthur-camden-and-wollondilly/campbelltown/leumeah,
https://c0d312.github.io/evaready-electrical/service-areas/macarthur-camden-and-wollondilly/campbelltown/long-point,Electrician Long Point 2564 | Emergency & Level 2,49,"Electrician Long Point 2564 for emergency faults, switchboards, hot water circuits, power, lighting and Level 2 support.",120,https://c0d312.github.io/evaready-electrical/service-areas/macarthur-camden-and-wollondilly/campbelltown/long-point,
https://c0d312.github.io/evaready-electrical/service-areas/macarthur-camden-and-wollondilly/campbelltown/macquarie-fields,Electrician Macquarie Fields 2564 | Emergency & Level 2,55,"Electrician Macquarie Fields 2564 for emergency faults, switchboards, lighting, power, data, CCTV and Level 2 support.",118,https://c0d312.github.io/evaready-electrical/service-areas/macarthur-camden-and-wollondilly/campbelltown/macquarie-fields,
https://c0d312.github.io/evaready-electrical/service-areas/macarthur-camden-and-wollondilly/campbelltown/macquarie-links,Electrician Macquarie Links 2565 | Emergency & Level 2,54,"Electrician Macquarie Links 2565 for emergency faults, switchboards, hot water circuits, power, lighting and Level 2 support.",125,https://c0d312.github.io/evaready-electrical/service-areas/macarthur-camden-and-wollondilly/campbelltown/macquarie-links,
https://c0d312.github.io/evaready-electrical/service-areas/macarthur-camden-and-wollondilly/campbelltown/menangle-park,Electrician Menangle Park 2563 | Emergency & Level 2,52,"Electrician Menangle Park 2563 for emergency faults, switchboards, hot water circuits, power, lighting and Level 2 support.",123,https://c0d312.github.io/evaready-electrical/service-areas/macarthur-camden-and-wollondilly/campbelltown/menangle-park,
https://c0d312.github.io/evaready-electrical/service-areas/macarthur-camden-and-wollondilly/campbelltown/minto,Electrician Minto 2566 | Emergency & Level 2,44,"Electrician Minto 2566 for emergency faults, switchboards, lighting, power, data, CCTV and Level 2 support.",107,https://c0d312.github.io/evaready-electrical/service-areas/macarthur-camden-and-wollondilly/campbelltown/minto,
https://c0d312.github.io/evaready-electrical/service-areas/macarthur-camden-and-wollondilly/campbelltown/minto-heights,Electrician Minto Heights 2566 | Emergency & Level 2,52,"Electrician Minto Heights 2566 for urgent faults, switchboards, hot water, aircon, CCTV/data and Level 2 support.",113,https://c0d312.github.io/evaready-electrical/service-areas/macarthur-camden-and-wollondilly/campbelltown/minto-heights,
https://c0d312.github.io/evaready-electrical/service-areas/macarthur-camden-and-wollondilly/campbelltown/raby,Electrician Raby 2566 | Emergency & Level 2,43,"Electrician Raby 2566 for urgent faults, switchboards, hot water, aircon, CCTV/data and Level 2 support.",104,https://c0d312.github.io/evaready-electrical/service-areas/macarthur-camden-and-wollondilly/campbelltown/raby,
https://c0d312.github.io/evaready-electrical/service-areas/macarthur-camden-and-wollondilly/campbelltown/rosemeadow,Electrician Rosemeadow 2560 | Emergency & Level 2,49,"Electrician Rosemeadow 2560 for emergency faults, switchboards, lighting, power, data, CCTV and Level 2 support.",112,https://c0d312.github.io/evaready-electrical/service-areas/macarthur-camden-and-wollondilly/campbelltown/rosemeadow,
https://c0d312.github.io/evaready-electrical/service-areas/macarthur-camden-and-wollondilly/campbelltown/ruse,Electrician Ruse 2560 | Emergency & Level 2,43,"Electrician Ruse 2560 for emergency faults, switchboards, hot water circuits, power, lighting and Level 2 support.",114,https://c0d312.github.io/evaready-electrical/service-areas/macarthur-camden-and-wollondilly/campbelltown/ruse,
https://c0d312.github.io/evaready-electrical/service-areas/macarthur-camden-and-wollondilly/campbelltown/st-andrews,Electrician St Andrews 2566 | Emergency & Level 2,49,"Electrician St Andrews 2566 for urgent faults, switchboards, hot water, aircon, CCTV/data and Level 2 support.",110,https://c0d312.github.io/evaready-electrical/service-areas/macarthur-camden-and-wollondilly/campbelltown/st-andrews,
https://c0d312.github.io/evaready-electrical/service-areas/macarthur-camden-and-wollondilly/campbelltown/st-helens-park,Electrician St Helens Park 2560 | Emergency & Level 2,53,"Electrician St Helens Park 2560 for urgent faults, switchboards, hot water, aircon, CCTV/data and Level 2 support.",114,https://c0d312.github.io/evaready-electrical/service-areas/macarthur-camden-and-wollondilly/campbelltown/st-helens-park,
https://c0d312.github.io/evaready-electrical/service-areas/macarthur-camden-and-wollondilly/campbelltown/varroville,Electrician Varroville 2566 | Emergency & Level 2,49,"Electrician Varroville 2566 for urgent faults, switchboards, hot water, aircon, CCTV/data and Level 2 support.",110,https://c0d312.github.io/evaready-electrical/service-areas/macarthur-camden-and-wollondilly/campbelltown/varroville,
https://c0d312.github.io/evaready-electrical/service-areas/macarthur-camden-and-wollondilly/campbelltown/wedderburn,Electrician Wedderburn 2560 | Emergency & Level 2,49,"Electrician Wedderburn 2560 for urgent faults, switchboards, hot water, aircon, CCTV/data and Level 2 support.",110,https://c0d312.github.io/evaready-electrical/service-areas/macarthur-camden-and-wollondilly/campbelltown/wedderburn,
https://c0d312.github.io/evaready-electrical/service-areas/macarthur-camden-and-wollondilly/campbelltown/woodbine,Electrician Woodbine 2560 | Emergency & Level 2,47,"Electrician Woodbine 2560 for emergency faults, switchboards, hot water circuits, power, lighting and Level 2 support.",118,https://c0d312.github.io/evaready-electrical/service-areas/macarthur-camden-and-wollondilly/campbelltown/woodbine,
https://c0d312.github.io/evaready-electrical/service-areas/macarthur-camden-and-wollondilly/campbelltown/woronora-dam,Electrician Woronora Dam 2508 | Emergency & Level 2,51,"Electrician Woronora Dam 2508 for urgent faults, switchboards, hot water, aircon, CCTV/data and Level 2 support.",112,https://c0d312.github.io/evaready-electrical/service-areas/macarthur-camden-and-wollondilly/campbelltown/woronora-dam,
https://c0d312.github.io/evaready-electrical/service-areas/macarthur-camden-and-wollondilly/wollondilly,"Wollondilly Electrician | Macarthur, Camden & Wollondilly",57,"Need an electrician in Wollondilly? Evaready helps with urgent faults, Level 2 work, switchboards, consumer mains, defect notices and planned electrical jobs.",158,https://c0d312.github.io/evaready-electrical/service-areas/macarthur-camden-and-wollondilly/wollondilly,
https://c0d312.github.io/evaready-electrical/service-areas/macarthur-camden-and-wollondilly/wollondilly/appin,Electrician Appin 2560 | Emergency & Level 2,44,"Electrician Appin 2560 for emergency faults, switchboards, hot water circuits, power, lighting and Level 2 support.",115,https://c0d312.github.io/evaready-electrical/service-areas/macarthur-camden-and-wollondilly/wollondilly/appin,
https://c0d312.github.io/evaready-electrical/service-areas/macarthur-camden-and-wollondilly/wollondilly/belimbla-park,Electrician Belimbla Park 2570 | Emergency & Level 2,52,"Electrician Belimbla Park 2570 for emergency faults, switchboards, hot water circuits, power, lighting and Level 2 support.",123,https://c0d312.github.io/evaready-electrical/service-areas/macarthur-camden-and-wollondilly/wollondilly/belimbla-park,
https://c0d312.github.io/evaready-electrical/service-areas/macarthur-camden-and-wollondilly/wollondilly/brownlow-hill,Electrician Brownlow Hill 2570 | Emergency & Level 2,52,"Electrician Brownlow Hill 2570 for urgent faults, switchboards, hot water, aircon, CCTV/data and Level 2 support.",113,https://c0d312.github.io/evaready-electrical/service-areas/macarthur-camden-and-wollondilly/wollondilly/brownlow-hill,
https://c0d312.github.io/evaready-electrical/service-areas/macarthur-camden-and-wollondilly/wollondilly/camden-park,Electrician Camden Park 2570 | Emergency & Level 2,50,"Electrician Camden Park 2570 for emergency faults, switchboards, hot water circuits, power, lighting and Level 2 support.",121,https://c0d312.github.io/evaready-electrical/service-areas/macarthur-camden-and-wollondilly/wollondilly/camden-park,
https://c0d312.github.io/evaready-electrical/service-areas/macarthur-camden-and-wollondilly/wollondilly/cataract,Electrician Cataract 2560 | Emergency & Level 2,47,"Electrician Cataract 2560 for urgent faults, switchboards, hot water, aircon, CCTV/data and Level 2 support.",108,https://c0d312.github.io/evaready-electrical/service-areas/macarthur-camden-and-wollondilly/wollondilly/cataract,
https://c0d312.github.io/evaready-electrical/service-areas/macarthur-camden-and-wollondilly/wollondilly/couridjah,Electrician Couridjah 2571 | Emergency & Level 2,48,"Electrician Couridjah 2571 for urgent faults, switchboards, hot water, aircon, CCTV/data and Level 2 support.",109,https://c0d312.github.io/evaready-electrical/service-areas/macarthur-camden-and-wollondilly/wollondilly/couridjah,
https://c0d312.github.io/evaready-electrical/service-areas/macarthur-camden-and-wollondilly/wollondilly/douglas-park,Electrician Douglas Park 2569 | Emergency & Level 2,51,"Electrician Douglas Park 2569 for urgent faults, switchboards, hot water, aircon, CCTV/data and Level 2 support.",112,https://c0d312.github.io/evaready-electrical/service-areas/macarthur-camden-and-wollondilly/wollondilly/douglas-park,
https://c0d312.github.io/evaready-electrical/service-areas/macarthur-camden-and-wollondilly/wollondilly/glenmore,Electrician Glenmore 2570 | Emergency & Level 2,47,"Electrician Glenmore 2570 for emergency faults, switchboards, hot water circuits, power, lighting and Level 2 support.",118,https://c0d312.github.io/evaready-electrical/service-areas/macarthur-camden-and-wollondilly/wollondilly/glenmore,
https://c0d312.github.io/evaready-electrical/service-areas/macarthur-camden-and-wollondilly/wollondilly/lakesland,Electrician Lakesland 2572 | Emergency & Level 2,48,"Electrician Lakesland 2572 for emergency faults, switchboards, hot water circuits, power, lighting and Level 2 support.",119,https://c0d312.github.io/evaready-electrical/service-areas/macarthur-camden-and-wollondilly/wollondilly/lakesland,
https://c0d312.github.io/evaready-electrical/service-areas/macarthur-camden-and-wollondilly/wollondilly/maldon,Electrician Maldon 2571 | Emergency & Level 2,45,"Electrician Maldon 2571 for emergency faults, switchboards, lighting, power, data, CCTV and Level 2 support.",108,https://c0d312.github.io/evaready-electrical/service-areas/macarthur-camden-and-wollondilly/wollondilly/maldon,
https://c0d312.github.io/evaready-electrical/service-areas/macarthur-camden-and-wollondilly/wollondilly/menangle,Electrician Menangle 2568 | Emergency & Level 2,47,"Electrician Menangle 2568 for urgent faults, switchboards, hot water, aircon, CCTV/data and Level 2 support.",108,https://c0d312.github.io/evaready-electrical/service-areas/macarthur-camden-and-wollondilly/wollondilly/menangle,
https://c0d312.github.io/evaready-electrical/service-areas/macarthur-camden-and-wollondilly/wollondilly/mount-hunter,Electrician Mount Hunter 2570 | Emergency & Level 2,51,"Electrician Mount Hunter 2570 for urgent faults, switchboards, hot water, aircon, CCTV/data and Level 2 support.",112,https://c0d312.github.io/evaready-electrical/service-areas/macarthur-camden-and-wollondilly/wollondilly/mount-hunter,
https://c0d312.github.io/evaready-electrical/service-areas/macarthur-camden-and-wollondilly/wollondilly/mowbray-park,Electrician Mowbray Park 2571 | Emergency & Level 2,51,"Electrician Mowbray Park 2571 for emergency faults, switchboards, hot water circuits, power, lighting and Level 2 support.",122,https://c0d312.github.io/evaready-electrical/service-areas/macarthur-camden-and-wollondilly/wollondilly/mowbray-park,
https://c0d312.github.io/evaready-electrical/service-areas/macarthur-camden-and-wollondilly/wollondilly/nattai,Electrician Nattai 2570 | Emergency & Level 2,45,"Electrician Nattai 2570 for emergency faults, switchboards, hot water circuits, power, lighting and Level 2 support.",116,https://c0d312.github.io/evaready-electrical/service-areas/macarthur-camden-and-wollondilly/wollondilly/nattai,
https://c0d312.github.io/evaready-electrical/service-areas/macarthur-camden-and-wollondilly/wollondilly/oakdale,Electrician Oakdale 2570 | Emergency & Level 2,46,"Electrician Oakdale 2570 for emergency faults, switchboards, hot water circuits, power, lighting and Level 2 support.",117,https://c0d312.github.io/evaready-electrical/service-areas/macarthur-camden-and-wollondilly/wollondilly/oakdale,
https://c0d312.github.io/evaready-electrical/service-areas/macarthur-camden-and-wollondilly/wollondilly/orangeville,Electrician Orangeville 2570 | Emergency & Level 2,50,"Electrician Orangeville 2570 for urgent faults, switchboards, hot water, aircon, CCTV/data and Level 2 support.",111,https://c0d312.github.io/evaready-electrical/service-areas/macarthur-camden-and-wollondilly/wollondilly/orangeville,
https://c0d312.github.io/evaready-electrical/service-areas/macarthur-camden-and-wollondilly/wollondilly/pheasants-nest,Electrician Pheasants Nest 2574 | Emergency & Level 2,53,"Electrician Pheasants Nest 2574 for emergency faults, switchboards, lighting, power, data, CCTV and Level 2 support.",116,https://c0d312.github.io/evaready-electrical/service-areas/macarthur-camden-and-wollondilly/wollondilly/pheasants-nest,
https://c0d312.github.io/evaready-electrical/service-areas/macarthur-camden-and-wollondilly/wollondilly/picton,Electrician Picton 2571 | Emergency & Level 2,45,"Electrician Picton 2571 for emergency faults, switchboards, lighting, power, data, CCTV and Level 2 support.",108,https://c0d312.github.io/evaready-electrical/service-areas/macarthur-camden-and-wollondilly/wollondilly/picton,
https://c0d312.github.io/evaready-electrical/service-areas/macarthur-camden-and-wollondilly/wollondilly/razorback,Electrician Razorback 2571 | Emergency & Level 2,48,"Electrician Razorback 2571 for urgent faults, switchboards, hot water, aircon, CCTV/data and Level 2 support.",109,https://c0d312.github.io/evaready-electrical/service-areas/macarthur-camden-and-wollondilly/wollondilly/razorback,
https://c0d312.github.io/evaready-electrical/service-areas/macarthur-camden-and-wollondilly/wollondilly/silverdale,Electrician Silverdale 2752 | Emergency & Level 2,49,"Electrician Silverdale 2752 for emergency faults, switchboards, hot water circuits, power, lighting and Level 2 support.",120,https://c0d312.github.io/evaready-electrical/service-areas/macarthur-camden-and-wollondilly/wollondilly/silverdale,
https://c0d312.github.io/evaready-electrical/service-areas/macarthur-camden-and-wollondilly/wollondilly/tahmoor,Electrician Tahmoor 2573 | Emergency & Level 2,46,"Electrician Tahmoor 2573 for emergency faults, switchboards, lighting, power, data, CCTV and Level 2 support.",109,https://c0d312.github.io/evaready-electrical/service-areas/macarthur-camden-and-wollondilly/wollondilly/tahmoor,
https://c0d312.github.io/evaready-electrical/service-areas/macarthur-camden-and-wollondilly/wollondilly/the-oaks,Electrician The Oaks 2570 | Emergency & Level 2,47,"Electrician The Oaks 2570 for urgent faults, switchboards, hot water, aircon, CCTV/data and Level 2 support.",108,https://c0d312.github.io/evaready-electrical/service-areas/macarthur-camden-and-wollondilly/wollondilly/the-oaks,
https://c0d312.github.io/evaready-electrical/service-areas/macarthur-camden-and-wollondilly/wollondilly/theresa-park,Electrician Theresa Park 2570 | Emergency & Level 2,51,"Electrician Theresa Park 2570 for emergency faults, switchboards, hot water circuits, power, lighting and Level 2 support.",122,https://c0d312.github.io/evaready-electrical/service-areas/macarthur-camden-and-wollondilly/wollondilly/theresa-park,
https://c0d312.github.io/evaready-electrical/service-areas/macarthur-camden-and-wollondilly/wollondilly/thirlmere,Electrician Thirlmere 2572 | Emergency & Level 2,48,"Electrician Thirlmere 2572 for urgent faults, switchboards, hot water, aircon, CCTV/data and Level 2 support.",109,https://c0d312.github.io/evaready-electrical/service-areas/macarthur-camden-and-wollondilly/wollondilly/thirlmere,
https://c0d312.github.io/evaready-electrical/service-areas/macarthur-camden-and-wollondilly/wollondilly/warragamba,Electrician Warragamba 2752 | Emergency & Level 2,49,"Electrician Warragamba 2752 for emergency faults, switchboards, hot water circuits, power, lighting and Level 2 support.",120,https://c0d312.github.io/evaready-electrical/service-areas/macarthur-camden-and-wollondilly/wollondilly/warragamba,
https://c0d312.github.io/evaready-electrical/service-areas/macarthur-camden-and-wollondilly/wollondilly/werombi,Electrician Werombi 2570 | Emergency & Level 2,46,"Electrician Werombi 2570 for emergency faults, switchboards, hot water circuits, power, lighting and Level 2 support.",117,https://c0d312.github.io/evaready-electrical/service-areas/macarthur-camden-and-wollondilly/wollondilly/werombi,
https://c0d312.github.io/evaready-electrical/service-areas/macarthur-camden-and-wollondilly/wollondilly/wilton,Electrician Wilton 2571 | Emergency & Level 2,45,"Electrician Wilton 2571 for urgent faults, switchboards, hot water, aircon, CCTV/data and Level 2 support.",106,https://c0d312.github.io/evaready-electrical/service-areas/macarthur-camden-and-wollondilly/wollondilly/wilton,
https://c0d312.github.io/evaready-electrical/service-areas/macarthur-camden-and-wollondilly/wollondilly/yanderra,Electrician Yanderra 2574 | Emergency & Level 2,47,"Electrician Yanderra 2574 for urgent faults, switchboards, hot water, aircon, CCTV/data and Level 2 support.",108,https://c0d312.github.io/evaready-electrical/service-areas/macarthur-camden-and-wollondilly/wollondilly/yanderra,
https://c0d312.github.io/evaready-electrical/service-areas/northern-beaches,Northern Beaches Electrician | Emergency & Level 2,50,"Need an electrician in Northern Beaches? Evaready helps with urgent faults, Level 2 work, switchboards, consumer mains, defect notices.",135,https://c0d312.github.io/evaready-electrical/service-areas/northern-beaches,
https://c0d312.github.io/evaready-electrical/service-areas/northern-beaches/northern-beaches,Northern Beaches Electrician | Northern Beaches,47,"Need an electrician in Northern Beaches? Evaready helps with urgent faults, Level 2 work, switchboards, consumer mains, defect notices.",135,https://c0d312.github.io/evaready-electrical/service-areas/northern-beaches/northern-beaches,
https://c0d312.github.io/evaready-electrical/service-areas/northern-beaches/northern-beaches/allambie-heights,Electrician Allambie Heights 2100 | Emergency & Level 2,55,"Electrician Allambie Heights 2100 for urgent faults, switchboards, hot water, aircon, CCTV/data and Level 2 support.",116,https://c0d312.github.io/evaready-electrical/service-areas/northern-beaches/northern-beaches/allambie-heights,
https://c0d312.github.io/evaready-electrical/service-areas/northern-beaches/northern-beaches/avalon-beach,Electrician Avalon Beach 2107 | Emergency & Level 2,51,"Electrician Avalon Beach 2107 for coastal electrical faults, outdoor lighting, switchboards, smoke alarms, power and Level 2 support.",133,https://c0d312.github.io/evaready-electrical/service-areas/northern-beaches/northern-beaches/avalon-beach,
https://c0d312.github.io/evaready-electrical/service-areas/northern-beaches/northern-beaches/balgowlah,Electrician Balgowlah 2093 | Emergency & Level 2,48,"Electrician Balgowlah 2093 for emergency faults, switchboards, lighting, power, data, CCTV and Level 2 support.",111,https://c0d312.github.io/evaready-electrical/service-areas/northern-beaches/northern-beaches/balgowlah,
https://c0d312.github.io/evaready-electrical/service-areas/northern-beaches/northern-beaches/balgowlah-heights,Electrician Balgowlah Heights 2093 | Emergency & Level 2,56,"Electrician Balgowlah Heights 2093 for coastal electrical faults, outdoor lighting, switchboards, smoke alarms, power and Level 2 support.",138,https://c0d312.github.io/evaready-electrical/service-areas/northern-beaches/northern-beaches/balgowlah-heights,
https://c0d312.github.io/evaready-electrical/service-areas/northern-beaches/northern-beaches/bayview,Electrician Bayview 2104 | Emergency & Level 2,46,"Electrician Bayview 2104 for emergency faults, switchboards, hot water circuits, power, lighting and Level 2 support.",117,https://c0d312.github.io/evaready-electrical/service-areas/northern-beaches/northern-beaches/bayview,
https://c0d312.github.io/evaready-electrical/service-areas/northern-beaches/northern-beaches/beacon-hill,Electrician Beacon Hill 2100 | Emergency & Level 2,50,"Electrician Beacon Hill 2100 for urgent faults, switchboards, hot water, aircon, CCTV/data and Level 2 support.",111,https://c0d312.github.io/evaready-electrical/service-areas/northern-beaches/northern-beaches/beacon-hill,
https://c0d312.github.io/evaready-electrical/service-areas/northern-beaches/northern-beaches/belrose,Electrician Belrose 2085 | Emergency & Level 2,46,"Electrician Belrose 2085 for emergency faults, switchboards, lighting, power, data, CCTV and Level 2 support.",109,https://c0d312.github.io/evaready-electrical/service-areas/northern-beaches/northern-beaches/belrose,
https://c0d312.github.io/evaready-electrical/service-areas/northern-beaches/northern-beaches/bilgola-beach,Electrician Bilgola Beach 2107 | Emergency & Level 2,52,"Electrician Bilgola Beach 2107 for coastal electrical faults, outdoor lighting, switchboards, smoke alarms, power and Level 2 support.",134,https://c0d312.github.io/evaready-electrical/service-areas/northern-beaches/northern-beaches/bilgola-beach,
https://c0d312.github.io/evaready-electrical/service-areas/northern-beaches/northern-beaches/bilgola-plateau,Electrician Bilgola Plateau 2107 | Emergency & Level 2,54,"Electrician Bilgola Plateau 2107 for urgent faults, switchboards, hot water, aircon, CCTV/data and Level 2 support.",115,https://c0d312.github.io/evaready-electrical/service-areas/northern-beaches/northern-beaches/bilgola-plateau,
https://c0d312.github.io/evaready-electrical/service-areas/northern-beaches/northern-beaches/brookvale,Electrician Brookvale 2100 | Emergency & Level 2,48,"Electrician Brookvale 2100 for emergency faults, switchboards, lighting, power, data, CCTV and Level 2 support.",111,https://c0d312.github.io/evaready-electrical/service-areas/northern-beaches/northern-beaches/brookvale,
https://c0d312.github.io/evaready-electrical/service-areas/northern-beaches/northern-beaches/church-point,Electrician Church Point 2105 | Emergency & Level 2,51,"Electrician Church Point 2105 for emergency faults, switchboards, hot water circuits, power, lighting and Level 2 support.",122,https://c0d312.github.io/evaready-electrical/service-areas/northern-beaches/northern-beaches/church-point,
https://c0d312.github.io/evaready-electrical/service-areas/northern-beaches/northern-beaches/clareville,Electrician Clareville 2107 | Emergency & Level 2,49,"Electrician Clareville 2107 for coastal electrical faults, outdoor lighting, switchboards, smoke alarms, power and Level 2 support.",131,https://c0d312.github.io/evaready-electrical/service-areas/northern-beaches/northern-beaches/clareville,
https://c0d312.github.io/evaready-electrical/service-areas/northern-beaches/northern-beaches/clontarf,Electrician Clontarf 2093 | Emergency & Level 2,47,"Electrician Clontarf 2093 for urgent faults, switchboards, hot water, aircon, CCTV/data and Level 2 support.",108,https://c0d312.github.io/evaready-electrical/service-areas/northern-beaches/northern-beaches/clontarf,
https://c0d312.github.io/evaready-electrical/service-areas/northern-beaches/northern-beaches/coasters-retreat,Electrician Coasters Retreat 2108 | Emergency & Level 2,55,"Electrician Coasters Retreat 2108 for urgent faults, switchboards, hot water, aircon, CCTV/data and Level 2 support.",116,https://c0d312.github.io/evaready-electrical/service-areas/northern-beaches/northern-beaches/coasters-retreat,
https://c0d312.github.io/evaready-electrical/service-areas/northern-beaches/northern-beaches/collaroy,Electrician Collaroy 2097 | Emergency & Level 2,47,"Electrician Collaroy 2097 for coastal electrical faults, outdoor lighting, switchboards, smoke alarms, power and Level 2 support.",129,https://c0d312.github.io/evaready-electrical/service-areas/northern-beaches/northern-beaches/collaroy,
https://c0d312.github.io/evaready-electrical/service-areas/northern-beaches/northern-beaches/collaroy-plateau,Electrician Collaroy Plateau 2097 | Emergency & Level 2,55,"Electrician Collaroy Plateau 2097 for emergency faults, switchboards, hot water circuits, power, lighting and Level 2 support.",126,https://c0d312.github.io/evaready-electrical/service-areas/northern-beaches/northern-beaches/collaroy-plateau,
https://c0d312.github.io/evaready-electrical/service-areas/northern-beaches/northern-beaches/cottage-point,Electrician Cottage Point 2084 | Emergency & Level 2,52,"Electrician Cottage Point 2084 for emergency faults, switchboards, hot water circuits, power, lighting and Level 2 support.",123,https://c0d312.github.io/evaready-electrical/service-areas/northern-beaches/northern-beaches/cottage-point,
https://c0d312.github.io/evaready-electrical/service-areas/northern-beaches/northern-beaches/cromer,Electrician Cromer 2099 | Emergency & Level 2,45,"Electrician Cromer 2099 for emergency faults, switchboards, lighting, power, data, CCTV and Level 2 support.",108,https://c0d312.github.io/evaready-electrical/service-areas/northern-beaches/northern-beaches/cromer,
https://c0d312.github.io/evaready-electrical/service-areas/northern-beaches/northern-beaches/curl-curl,Electrician Curl Curl 2096 | Emergency & Level 2,48,"Electrician Curl Curl 2096 for coastal electrical faults, outdoor lighting, switchboards, smoke alarms, power and Level 2 support.",130,https://c0d312.github.io/evaready-electrical/service-areas/northern-beaches/northern-beaches/curl-curl,
https://c0d312.github.io/evaready-electrical/service-areas/northern-beaches/northern-beaches/davidson,Electrician Davidson 2085 | Emergency & Level 2,47,"Electrician Davidson 2085 for urgent faults, switchboards, hot water, aircon, CCTV/data and Level 2 support.",108,https://c0d312.github.io/evaready-electrical/service-areas/northern-beaches/northern-beaches/davidson,
https://c0d312.github.io/evaready-electrical/service-areas/northern-beaches/northern-beaches/dee-why,Electrician Dee Why 2099 | Emergency & Level 2,46,"Electrician Dee Why 2099 for emergency faults, switchboards, lighting, power, data, CCTV and Level 2 support.",109,https://c0d312.github.io/evaready-electrical/service-areas/northern-beaches/northern-beaches/dee-why,
https://c0d312.github.io/evaready-electrical/service-areas/northern-beaches/northern-beaches/duffys-forest,Electrician Duffys Forest 2084 | Emergency & Level 2,52,"Electrician Duffys Forest 2084 for urgent faults, switchboards, hot water, aircon, CCTV/data and Level 2 support.",113,https://c0d312.github.io/evaready-electrical/service-areas/northern-beaches/northern-beaches/duffys-forest,
https://c0d312.github.io/evaready-electrical/service-areas/northern-beaches/northern-beaches/elanora-heights,Electrician Elanora Heights 2101 | Emergency & Level 2,54,"Electrician Elanora Heights 2101 for urgent faults, switchboards, hot water, aircon, CCTV/data and Level 2 support.",115,https://c0d312.github.io/evaready-electrical/service-areas/northern-beaches/northern-beaches/elanora-heights,
https://c0d312.github.io/evaready-electrical/service-areas/northern-beaches/northern-beaches/elvina-bay,Electrician Elvina Bay 2105 | Emergency & Level 2,49,"Electrician Elvina Bay 2105 for emergency faults, switchboards, hot water circuits, power, lighting and Level 2 support.",120,https://c0d312.github.io/evaready-electrical/service-areas/northern-beaches/northern-beaches/elvina-bay,
https://c0d312.github.io/evaready-electrical/service-areas/northern-beaches/northern-beaches/fairlight,Electrician Fairlight 2094 | Emergency & Level 2,48,"Electrician Fairlight 2094 for emergency faults, switchboards, lighting, power, data, CCTV and Level 2 support.",111,https://c0d312.github.io/evaready-electrical/service-areas/northern-beaches/northern-beaches/fairlight,
https://c0d312.github.io/evaready-electrical/service-areas/northern-beaches/northern-beaches/forestville,Electrician Forestville 2087 | Emergency & Level 2,50,"Electrician Forestville 2087 for emergency faults, switchboards, lighting, power, data, CCTV and Level 2 support.",113,https://c0d312.github.io/evaready-electrical/service-areas/northern-beaches/northern-beaches/forestville,
https://c0d312.github.io/evaready-electrical/service-areas/northern-beaches/northern-beaches/frenchs-forest,Electrician Frenchs Forest 2086 | Emergency & Level 2,53,"Electrician Frenchs Forest 2086 for emergency faults, switchboards, lighting, power, data, CCTV and Level 2 support.",116,https://c0d312.github.io/evaready-electrical/service-areas/northern-beaches/northern-beaches/frenchs-forest,
https://c0d312.github.io/evaready-electrical/service-areas/northern-beaches/northern-beaches/freshwater,Electrician Freshwater 2096 | Emergency & Level 2,49,"Electrician Freshwater 2096 for coastal electrical faults, outdoor lighting, switchboards, smoke alarms, power and Level 2 support.",131,https://c0d312.github.io/evaready-electrical/service-areas/northern-beaches/northern-beaches/freshwater,
https://c0d312.github.io/evaready-electrical/service-areas/northern-beaches/northern-beaches/great-mackerel-beach,Electrician Great Mackerel Beach 2108 | Emergency & Level 2,59,"Electrician Great Mackerel Beach 2108 for urgent faults, switchboards, hot water, aircon, CCTV/data and Level 2 support.",120,https://c0d312.github.io/evaready-electrical/service-areas/northern-beaches/northern-beaches/great-mackerel-beach,
https://c0d312.github.io/evaready-electrical/service-areas/northern-beaches/northern-beaches/ingleside,Electrician Ingleside 2101 | Emergency & Level 2,48,"Electrician Ingleside 2101 for emergency faults, switchboards, hot water circuits, power, lighting and Level 2 support.",119,https://c0d312.github.io/evaready-electrical/service-areas/northern-beaches/northern-beaches/ingleside,
https://c0d312.github.io/evaready-electrical/service-areas/northern-beaches/northern-beaches/killarney-heights,Electrician Killarney Heights 2087 | Emergency & Level 2,56,"Electrician Killarney Heights 2087 for urgent faults, switchboards, hot water, aircon, CCTV/data and Level 2 support.",117,https://c0d312.github.io/evaready-electrical/service-areas/northern-beaches/northern-beaches/killarney-heights,
https://c0d312.github.io/evaready-electrical/service-areas/northern-beaches/northern-beaches/ku-ring-gai-chase,Electrician Ku-Ring-Gai Chase 2084 | Emergency & Level 2,56,"Electrician Ku-Ring-Gai Chase 2084 for emergency faults, switchboards, hot water circuits, power, lighting and Level 2 support.",127,https://c0d312.github.io/evaready-electrical/service-areas/northern-beaches/northern-beaches/ku-ring-gai-chase,
https://c0d312.github.io/evaready-electrical/service-areas/northern-beaches/northern-beaches/lovett-bay,Electrician Lovett Bay 2105 | Emergency & Level 2,49,"Electrician Lovett Bay 2105 for urgent faults, switchboards, hot water, aircon, CCTV/data and Level 2 support.",110,https://c0d312.github.io/evaready-electrical/service-areas/northern-beaches/northern-beaches/lovett-bay,
https://c0d312.github.io/evaready-electrical/service-areas/northern-beaches/northern-beaches/manly,Electrician Manly 2095 | Emergency & Level 2,44,"Electrician Manly 2095 for coastal electrical faults, outdoor lighting, switchboards, smoke alarms, power and Level 2 support.",126,https://c0d312.github.io/evaready-electrical/service-areas/northern-beaches/northern-beaches/manly,
https://c0d312.github.io/evaready-electrical/service-areas/northern-beaches/northern-beaches/manly-vale,Electrician Manly Vale 2093 | Emergency & Level 2,49,"Electrician Manly Vale 2093 for emergency faults, switchboards, lighting, power, data, CCTV and Level 2 support.",112,https://c0d312.github.io/evaready-electrical/service-areas/northern-beaches/northern-beaches/manly-vale,
https://c0d312.github.io/evaready-electrical/service-areas/northern-beaches/northern-beaches/mona-vale,Electrician Mona Vale 2103 | Emergency & Level 2,48,"Electrician Mona Vale 2103 for emergency faults, switchboards, lighting, power, data, CCTV and Level 2 support.",111,https://c0d312.github.io/evaready-electrical/service-areas/northern-beaches/northern-beaches/mona-vale,
https://c0d312.github.io/evaready-electrical/service-areas/northern-beaches/northern-beaches/morning-bay,Electrician Morning Bay 2105 | Emergency & Level 2,50,"Electrician Morning Bay 2105 for urgent faults, switchboards, hot water, aircon, CCTV/data and Level 2 support.",111,https://c0d312.github.io/evaready-electrical/service-areas/northern-beaches/northern-beaches/morning-bay,
https://c0d312.github.io/evaready-electrical/service-areas/northern-beaches/northern-beaches/narrabeen,Electrician Narrabeen 2101 | Emergency & Level 2,48,"Electrician Narrabeen 2101 for coastal electrical faults, outdoor lighting, switchboards, smoke alarms, power and Level 2 support.",130,https://c0d312.github.io/evaready-electrical/service-areas/northern-beaches/northern-beaches/narrabeen,
https://c0d312.github.io/evaready-electrical/service-areas/northern-beaches/northern-beaches/narraweena,Electrician Narraweena 2099 | Emergency & Level 2,49,"Electrician Narraweena 2099 for emergency faults, switchboards, hot water circuits, power, lighting and Level 2 support.",120,https://c0d312.github.io/evaready-electrical/service-areas/northern-beaches/northern-beaches/narraweena,
https://c0d312.github.io/evaready-electrical/service-areas/northern-beaches/northern-beaches/newport,Electrician Newport 2106 | Emergency & Level 2,46,"Electrician Newport 2106 for coastal electrical faults, outdoor lighting, switchboards, smoke alarms, power and Level 2 support.",128,https://c0d312.github.io/evaready-electrical/service-areas/northern-beaches/northern-beaches/newport,
https://c0d312.github.io/evaready-electrical/service-areas/northern-beaches/northern-beaches/north-balgowlah,Electrician North Balgowlah 2093 | Emergency & Level 2,54,"Electrician North Balgowlah 2093 for urgent faults, switchboards, hot water, aircon, CCTV/data and Level 2 support.",115,https://c0d312.github.io/evaready-electrical/service-areas/northern-beaches/northern-beaches/north-balgowlah,
https://c0d312.github.io/evaready-electrical/service-areas/northern-beaches/northern-beaches/north-curl-curl,Electrician North Curl Curl 2099 | Emergency & Level 2,54,"Electrician North Curl Curl 2099 for coastal electrical faults, outdoor lighting, switchboards, smoke alarms, power and Level 2 support.",136,https://c0d312.github.io/evaready-electrical/service-areas/northern-beaches/northern-beaches/north-curl-curl,
https://c0d312.github.io/evaready-electrical/service-areas/northern-beaches/northern-beaches/north-manly,Electrician North Manly 2100 | Emergency & Level 2,50,"Electrician North Manly 2100 for emergency faults, switchboards, hot water circuits, power, lighting and Level 2 support.",121,https://c0d312.github.io/evaready-electrical/service-areas/northern-beaches/northern-beaches/north-manly,
https://c0d312.github.io/evaready-electrical/service-areas/northern-beaches/northern-beaches/north-narrabeen,Electrician North Narrabeen 2101 | Emergency & Level 2,54,"Electrician North Narrabeen 2101 for coastal electrical faults, outdoor lighting, switchboards, smoke alarms, power and Level 2 support.",136,https://c0d312.github.io/evaready-electrical/service-areas/northern-beaches/northern-beaches/north-narrabeen,
https://c0d312.github.io/evaready-electrical/service-areas/northern-beaches/northern-beaches/oxford-falls,Electrician Oxford Falls 2100 | Emergency & Level 2,51,"Electrician Oxford Falls 2100 for emergency faults, switchboards, hot water circuits, power, lighting and Level 2 support.",122,https://c0d312.github.io/evaready-electrical/service-areas/northern-beaches/northern-beaches/oxford-falls,
https://c0d312.github.io/evaready-electrical/service-areas/northern-beaches/northern-beaches/palm-beach,Electrician Palm Beach 2108 | Emergency & Level 2,49,"Electrician Palm Beach 2108 for coastal electrical faults, outdoor lighting, switchboards, smoke alarms, power and Level 2 support.",131,https://c0d312.github.io/evaready-electrical/service-areas/northern-beaches/northern-beaches/palm-beach,
https://c0d312.github.io/evaready-electrical/service-areas/northern-beaches/northern-beaches/queenscliff,Electrician Queenscliff 2096 | Emergency & Level 2,50,"Electrician Queenscliff 2096 for coastal electrical faults, outdoor lighting, switchboards, smoke alarms, power and Level 2 support.",132,https://c0d312.github.io/evaready-electrical/service-areas/northern-beaches/northern-beaches/queenscliff,
https://c0d312.github.io/evaready-electrical/service-areas/northern-beaches/northern-beaches/scotland-island,Electrician Scotland Island 2105 | Emergency & Level 2,54,"Electrician Scotland Island 2105 for emergency faults, switchboards, hot water circuits, power, lighting and Level 2 support.",125,https://c0d312.github.io/evaready-electrical/service-areas/northern-beaches/northern-beaches/scotland-island,
https://c0d312.github.io/evaready-electrical/service-areas/northern-beaches/northern-beaches/seaforth,Electrician Seaforth 2092 | Emergency & Level 2,47,"Electrician Seaforth 2092 for urgent faults, switchboards, hot water, aircon, CCTV/data and Level 2 support.",108,https://c0d312.github.io/evaready-electrical/service-areas/northern-beaches/northern-beaches/seaforth,
https://c0d312.github.io/evaready-electrical/service-areas/northern-beaches/northern-beaches/terrey-hills,Electrician Terrey Hills 2084 | Emergency & Level 2,51,"Electrician Terrey Hills 2084 for emergency faults, switchboards, lighting, power, data, CCTV and Level 2 support.",114,https://c0d312.github.io/evaready-electrical/service-areas/northern-beaches/northern-beaches/terrey-hills,
https://c0d312.github.io/evaready-electrical/service-areas/northern-beaches/northern-beaches/warriewood,Electrician Warriewood 2102 | Emergency & Level 2,49,"Electrician Warriewood 2102 for emergency faults, switchboards, lighting, power, data, CCTV and Level 2 support.",112,https://c0d312.github.io/evaready-electrical/service-areas/northern-beaches/northern-beaches/warriewood,
https://c0d312.github.io/evaready-electrical/service-areas/northern-beaches/northern-beaches/whale-beach,Electrician Whale Beach 2107 | Emergency & Level 2,50,"Electrician Whale Beach 2107 for coastal electrical faults, outdoor lighting, switchboards, smoke alarms, power and Level 2 support.",132,https://c0d312.github.io/evaready-electrical/service-areas/northern-beaches/northern-beaches/whale-beach,
https://c0d312.github.io/evaready-electrical/service-areas/northern-beaches/northern-beaches/wheeler-heights,Electrician Wheeler Heights 2097 | Emergency & Level 2,54,"Electrician Wheeler Heights 2097 for urgent faults, switchboards, hot water, aircon, CCTV/data and Level 2 support.",115,https://c0d312.github.io/evaready-electrical/service-areas/northern-beaches/northern-beaches/wheeler-heights,
https://c0d312.github.io/evaready-electrical/service-areas/northern-sydney-and-ryde,Northern Sydney & Ryde Electrician | Emergency & Level 2,56,"Need an electrician in Northern Sydney & Ryde? Evaready helps with urgent faults, Level 2 work, switchboards, consumer mains, defect notices and planned.",153,https://c0d312.github.io/evaready-electrical/service-areas/northern-sydney-and-ryde,
https://c0d312.github.io/evaready-electrical/service-areas/northern-sydney-and-ryde/hunters-hill,Hunters Hill Electrician | Northern Sydney & Ryde,49,"Need an electrician in Hunters Hill? Evaready helps with urgent faults, Level 2 work, switchboards, consumer mains, defect notices.",131,https://c0d312.github.io/evaready-electrical/service-areas/northern-sydney-and-ryde/hunters-hill,
https://c0d312.github.io/evaready-electrical/service-areas/northern-sydney-and-ryde/hunters-hill/gladesville,Electrician Gladesville 2111 | Emergency & Level 2,50,"Electrician Gladesville 2111 for emergency faults, switchboards, lighting, power, data, CCTV and Level 2 support.",113,https://c0d312.github.io/evaready-electrical/service-areas/northern-sydney-and-ryde/hunters-hill/gladesville,
https://c0d312.github.io/evaready-electrical/service-areas/northern-sydney-and-ryde/hunters-hill/henley,Electrician Henley 2111 | Emergency & Level 2,45,"Electrician Henley 2111 for urgent faults, switchboards, hot water, aircon, CCTV/data and Level 2 support.",106,https://c0d312.github.io/evaready-electrical/service-areas/northern-sydney-and-ryde/hunters-hill/henley,
https://c0d312.github.io/evaready-electrical/service-areas/northern-sydney-and-ryde/hunters-hill/hunters-hill,Electrician Hunters Hill 2110 | Emergency & Level 2,51,"Electrician Hunters Hill 2110 for emergency faults, switchboards, lighting, power, data, CCTV and Level 2 support.",114,https://c0d312.github.io/evaready-electrical/service-areas/northern-sydney-and-ryde/hunters-hill/hunters-hill,
https://c0d312.github.io/evaready-electrical/service-areas/northern-sydney-and-ryde/hunters-hill/huntleys-cove,Electrician Huntleys Cove 2111 | Emergency & Level 2,52,"Electrician Huntleys Cove 2111 for emergency faults, switchboards, hot water circuits, power, lighting and Level 2 support.",123,https://c0d312.github.io/evaready-electrical/service-areas/northern-sydney-and-ryde/hunters-hill/huntleys-cove,
https://c0d312.github.io/evaready-electrical/service-areas/northern-sydney-and-ryde/hunters-hill/huntleys-point,Electrician Huntleys Point 2111 | Emergency & Level 2,53,"Electrician Huntleys Point 2111 for urgent faults, switchboards, hot water, aircon, CCTV/data and Level 2 support.",114,https://c0d312.github.io/evaready-electrical/service-areas/northern-sydney-and-ryde/hunters-hill/huntleys-point,
https://c0d312.github.io/evaready-electrical/service-areas/northern-sydney-and-ryde/hunters-hill/woolwich,Electrician Woolwich 2110 | Emergency & Level 2,47,"Electrician Woolwich 2110 for urgent faults, switchboards, hot water, aircon, CCTV/data and Level 2 support.",108,https://c0d312.github.io/evaready-electrical/service-areas/northern-sydney-and-ryde/hunters-hill/woolwich,
https://c0d312.github.io/evaready-electrical/service-areas/northern-sydney-and-ryde/ku-ring-gai,Ku-ring-gai Electrician | Northern Sydney & Ryde,48,"Need an electrician in Ku-ring-gai? Evaready helps with urgent faults, Level 2 work, switchboards, consumer mains, defect notices and planned electrical jobs.",158,https://c0d312.github.io/evaready-electrical/service-areas/northern-sydney-and-ryde/ku-ring-gai,
https://c0d312.github.io/evaready-electrical/service-areas/northern-sydney-and-ryde/ku-ring-gai/east-killara,Electrician East Killara 2071 | Emergency & Level 2,51,"Electrician East Killara 2071 for emergency faults, switchboards, lighting, power, data, CCTV and Level 2 support.",114,https://c0d312.github.io/evaready-electrical/service-areas/northern-sydney-and-ryde/ku-ring-gai/east-killara,
https://c0d312.github.io/evaready-electrical/service-areas/northern-sydney-and-ryde/ku-ring-gai/east-lindfield,Electrician East Lindfield 2070 | Emergency & Level 2,53,"Electrician East Lindfield 2070 for emergency faults, switchboards, lighting, power, data, CCTV and Level 2 support.",116,https://c0d312.github.io/evaready-electrical/service-areas/northern-sydney-and-ryde/ku-ring-gai/east-lindfield,
https://c0d312.github.io/evaready-electrical/service-areas/northern-sydney-and-ryde/ku-ring-gai/gordon,Electrician Gordon 2072 | Emergency & Level 2,45,"Electrician Gordon 2072 for emergency faults, switchboards, lighting, power, data, CCTV and Level 2 support.",108,https://c0d312.github.io/evaready-electrical/service-areas/northern-sydney-and-ryde/ku-ring-gai/gordon,
https://c0d312.github.io/evaready-electrical/service-areas/northern-sydney-and-ryde/ku-ring-gai/killara,Electrician Killara 2071 | Emergency & Level 2,46,"Electrician Killara 2071 for emergency faults, switchboards, lighting, power, data, CCTV and Level 2 support.",109,https://c0d312.github.io/evaready-electrical/service-areas/northern-sydney-and-ryde/ku-ring-gai/killara,
https://c0d312.github.io/evaready-electrical/service-areas/northern-sydney-and-ryde/ku-ring-gai/lindfield,Electrician Lindfield 2070 | Emergency & Level 2,48,"Electrician Lindfield 2070 for emergency faults, switchboards, lighting, power, data, CCTV and Level 2 support.",111,https://c0d312.github.io/evaready-electrical/service-areas/northern-sydney-and-ryde/ku-ring-gai/lindfield,
https://c0d312.github.io/evaready-electrical/service-areas/northern-sydney-and-ryde/ku-ring-gai/north-turramurra,Electrician North Turramurra 2074 | Emergency & Level 2,55,"Electrician North Turramurra 2074 for emergency faults, switchboards, lighting, power, data, CCTV and Level 2 support.",118,https://c0d312.github.io/evaready-electrical/service-areas/northern-sydney-and-ryde/ku-ring-gai/north-turramurra,
https://c0d312.github.io/evaready-electrical/service-areas/northern-sydney-and-ryde/ku-ring-gai/north-wahroonga,Electrician North Wahroonga 2076 | Emergency & Level 2,54,"Electrician North Wahroonga 2076 for emergency faults, switchboards, lighting, power, data, CCTV and Level 2 support.",117,https://c0d312.github.io/evaready-electrical/service-areas/northern-sydney-and-ryde/ku-ring-gai/north-wahroonga,
https://c0d312.github.io/evaready-electrical/service-areas/northern-sydney-and-ryde/ku-ring-gai/pymble,Electrician Pymble 2073 | Emergency & Level 2,45,"Electrician Pymble 2073 for emergency faults, switchboards, lighting, power, data, CCTV and Level 2 support.",108,https://c0d312.github.io/evaready-electrical/service-areas/northern-sydney-and-ryde/ku-ring-gai/pymble,
https://c0d312.github.io/evaready-electrical/service-areas/northern-sydney-and-ryde/ku-ring-gai/roseville,Electrician Roseville 2069 | Emergency & Level 2,48,"Electrician Roseville 2069 for emergency faults, switchboards, lighting, power, data, CCTV and Level 2 support.",111,https://c0d312.github.io/evaready-electrical/service-areas/northern-sydney-and-ryde/ku-ring-gai/roseville,
https://c0d312.github.io/evaready-electrical/service-areas/northern-sydney-and-ryde/ku-ring-gai/roseville-chase,Electrician Roseville Chase 2069 | Emergency & Level 2,54,"Electrician Roseville Chase 2069 for emergency faults, switchboards, lighting, power, data, CCTV and Level 2 support.",117,https://c0d312.github.io/evaready-electrical/service-areas/northern-sydney-and-ryde/ku-ring-gai/roseville-chase,
https://c0d312.github.io/evaready-electrical/service-areas/northern-sydney-and-ryde/ku-ring-gai/south-turramurra,Electrician South Turramurra 2074 | Emergency & Level 2,55,"Electrician South Turramurra 2074 for emergency faults, switchboards, lighting, power, data, CCTV and Level 2 support.",118,https://c0d312.github.io/evaready-electrical/service-areas/northern-sydney-and-ryde/ku-ring-gai/south-turramurra,
https://c0d312.github.io/evaready-electrical/service-areas/northern-sydney-and-ryde/ku-ring-gai/st-ives,Electrician St Ives 2075 | Emergency & Level 2,46,"Electrician St Ives 2075 for emergency faults, switchboards, lighting, power, data, CCTV and Level 2 support.",109,https://c0d312.github.io/evaready-electrical/service-areas/northern-sydney-and-ryde/ku-ring-gai/st-ives,
https://c0d312.github.io/evaready-electrical/service-areas/northern-sydney-and-ryde/ku-ring-gai/st-ives-chase,Electrician St Ives Chase 2075 | Emergency & Level 2,52,"Electrician St Ives Chase 2075 for emergency faults, switchboards, lighting, power, data, CCTV and Level 2 support.",115,https://c0d312.github.io/evaready-electrical/service-areas/northern-sydney-and-ryde/ku-ring-gai/st-ives-chase,
https://c0d312.github.io/evaready-electrical/service-areas/northern-sydney-and-ryde/ku-ring-gai/turramurra,Electrician Turramurra 2074 | Emergency & Level 2,49,"Electrician Turramurra 2074 for emergency faults, switchboards, lighting, power, data, CCTV and Level 2 support.",112,https://c0d312.github.io/evaready-electrical/service-areas/northern-sydney-and-ryde/ku-ring-gai/turramurra,
https://c0d312.github.io/evaready-electrical/service-areas/northern-sydney-and-ryde/ku-ring-gai/warrawee,Electrician Warrawee 2074 | Emergency & Level 2,47,"Electrician Warrawee 2074 for emergency faults, switchboards, lighting, power, data, CCTV and Level 2 support.",110,https://c0d312.github.io/evaready-electrical/service-areas/northern-sydney-and-ryde/ku-ring-gai/warrawee,
https://c0d312.github.io/evaready-electrical/service-areas/northern-sydney-and-ryde/ku-ring-gai/west-pymble,Electrician West Pymble 2073 | Emergency & Level 2,50,"Electrician West Pymble 2073 for emergency faults, switchboards, lighting, power, data, CCTV and Level 2 support.",113,https://c0d312.github.io/evaready-electrical/service-areas/northern-sydney-and-ryde/ku-ring-gai/west-pymble,
https://c0d312.github.io/evaready-electrical/service-areas/northern-sydney-and-ryde/lane-cove,Lane Cove Electrician | Northern Sydney & Ryde,46,"Need an electrician in Lane Cove? Evaready helps with urgent faults, Level 2 work, switchboards, consumer mains, defect notices and planned electrical jobs.",156,https://c0d312.github.io/evaready-electrical/service-areas/northern-sydney-and-ryde/lane-cove,
https://c0d312.github.io/evaready-electrical/service-areas/northern-sydney-and-ryde/lane-cove/greenwich,Electrician Greenwich 2065 | Emergency & Level 2,48,"Electrician Greenwich 2065 for emergency faults, switchboards, lighting, power, data, CCTV and Level 2 support.",111,https://c0d312.github.io/evaready-electrical/service-areas/northern-sydney-and-ryde/lane-cove/greenwich,
https://c0d312.github.io/evaready-electrical/service-areas/northern-sydney-and-ryde/lane-cove/lane-cove,Electrician Lane Cove 2066 | Emergency & Level 2,48,"Electrician Lane Cove 2066 for emergency faults, switchboards, lighting, power, data, CCTV and Level 2 support.",111,https://c0d312.github.io/evaready-electrical/service-areas/northern-sydney-and-ryde/lane-cove/lane-cove,
https://c0d312.github.io/evaready-electrical/service-areas/northern-sydney-and-ryde/lane-cove/lane-cove-north,Electrician Lane Cove North 2066 | Emergency & Level 2,54,"Electrician Lane Cove North 2066 for emergency faults, switchboards, lighting, power, data, CCTV and Level 2 support.",117,https://c0d312.github.io/evaready-electrical/service-areas/northern-sydney-and-ryde/lane-cove/lane-cove-north,
https://c0d312.github.io/evaready-electrical/service-areas/northern-sydney-and-ryde/lane-cove/lane-cove-west,Electrician Lane Cove West 2066 | Emergency & Level 2,53,"Electrician Lane Cove West 2066 for emergency faults, switchboards, lighting, power, data, CCTV and Level 2 support.",116,https://c0d312.github.io/evaready-electrical/service-areas/northern-sydney-and-ryde/lane-cove/lane-cove-west,
https://c0d312.github.io/evaready-electrical/service-areas/northern-sydney-and-ryde/lane-cove/linley-point,Electrician Linley Point 2066 | Emergency & Level 2,51,"Electrician Linley Point 2066 for emergency faults, switchboards, lighting, power, data, CCTV and Level 2 support.",114,https://c0d312.github.io/evaready-electrical/service-areas/northern-sydney-and-ryde/lane-cove/linley-point,
https://c0d312.github.io/evaready-electrical/service-areas/northern-sydney-and-ryde/lane-cove/longueville,Electrician Longueville 2066 | Emergency & Level 2,50,"Electrician Longueville 2066 for emergency faults, switchboards, lighting, power, data, CCTV and Level 2 support.",113,https://c0d312.github.io/evaready-electrical/service-areas/northern-sydney-and-ryde/lane-cove/longueville,
https://c0d312.github.io/evaready-electrical/service-areas/northern-sydney-and-ryde/lane-cove/northwood,Electrician Northwood 2066 | Emergency & Level 2,48,"Electrician Northwood 2066 for emergency faults, switchboards, lighting, power, data, CCTV and Level 2 support.",111,https://c0d312.github.io/evaready-electrical/service-areas/northern-sydney-and-ryde/lane-cove/northwood,
https://c0d312.github.io/evaready-electrical/service-areas/northern-sydney-and-ryde/lane-cove/riverview,Electrician Riverview 2066 | Emergency & Level 2,48,"Electrician Riverview 2066 for emergency faults, switchboards, lighting, power, data, CCTV and Level 2 support.",111,https://c0d312.github.io/evaready-electrical/service-areas/northern-sydney-and-ryde/lane-cove/riverview,
https://c0d312.github.io/evaready-electrical/service-areas/northern-sydney-and-ryde/lane-cove/st-leonards,Electrician St Leonards 2065 | Emergency & Level 2,50,"Electrician St Leonards 2065 for emergency faults, switchboards, lighting, power, data, CCTV and Level 2 support.",113,https://c0d312.github.io/evaready-electrical/service-areas/northern-sydney-and-ryde/lane-cove/st-leonards,
https://c0d312.github.io/evaready-electrical/service-areas/northern-sydney-and-ryde/mosman,Mosman Electrician | Northern Sydney & Ryde,43,"Need an electrician in Mosman? Evaready helps with urgent faults, Level 2 work, switchboards, consumer mains, defect notices and planned electrical jobs.",153,https://c0d312.github.io/evaready-electrical/service-areas/northern-sydney-and-ryde/mosman,
https://c0d312.github.io/evaready-electrical/service-areas/northern-sydney-and-ryde/mosman/mosman,Electrician Mosman 2088 | Emergency & Level 2,45,"Electrician Mosman 2088 for emergency faults, switchboards, lighting, power, data, CCTV and Level 2 support.",108,https://c0d312.github.io/evaready-electrical/service-areas/northern-sydney-and-ryde/mosman/mosman,
https://c0d312.github.io/evaready-electrical/service-areas/northern-sydney-and-ryde/north-sydney,North Sydney Electrician | Northern Sydney & Ryde,49,"Need an electrician in North Sydney? Evaready helps with urgent faults, Level 2 work, switchboards, consumer mains, defect notices.",131,https://c0d312.github.io/evaready-electrical/service-areas/northern-sydney-and-ryde/north-sydney,
https://c0d312.github.io/evaready-electrical/service-areas/northern-sydney-and-ryde/north-sydney/cammeray,Electrician Cammeray 2062 | Emergency & Level 2,47,"Electrician Cammeray 2062 for emergency faults, switchboards, lighting, power, data, CCTV and Level 2 support.",110,https://c0d312.github.io/evaready-electrical/service-areas/northern-sydney-and-ryde/north-sydney/cammeray,
https://c0d312.github.io/evaready-electrical/service-areas/northern-sydney-and-ryde/north-sydney/cremorne,Electrician Cremorne 2090 | Emergency & Level 2,47,"Electrician Cremorne 2090 for emergency faults, switchboards, lighting, power, data, CCTV and Level 2 support.",110,https://c0d312.github.io/evaready-electrical/service-areas/northern-sydney-and-ryde/north-sydney/cremorne,
https://c0d312.github.io/evaready-electrical/service-areas/northern-sydney-and-ryde/north-sydney/cremorne-point,Electrician Cremorne Point 2090 | Emergency & Level 2,53,"Electrician Cremorne Point 2090 for emergency faults, switchboards, lighting, power, data, CCTV and Level 2 support.",116,https://c0d312.github.io/evaready-electrical/service-areas/northern-sydney-and-ryde/north-sydney/cremorne-point,
https://c0d312.github.io/evaready-electrical/service-areas/northern-sydney-and-ryde/north-sydney/crows-nest,Electrician Crows Nest 2065 | Emergency & Level 2,49,"Electrician Crows Nest 2065 for emergency faults, switchboards, lighting, power, data, CCTV and Level 2 support.",112,https://c0d312.github.io/evaready-electrical/service-areas/northern-sydney-and-ryde/north-sydney/crows-nest,
https://c0d312.github.io/evaready-electrical/service-areas/northern-sydney-and-ryde/north-sydney/kirribilli,Electrician Kirribilli 2061 | Emergency & Level 2,49,"Electrician Kirribilli 2061 for emergency faults, switchboards, lighting, power, data, CCTV and Level 2 support.",112,https://c0d312.github.io/evaready-electrical/service-areas/northern-sydney-and-ryde/north-sydney/kirribilli,
https://c0d312.github.io/evaready-electrical/service-areas/northern-sydney-and-ryde/north-sydney/kurraba-point,Electrician Kurraba Point 2089 | Emergency & Level 2,52,"Electrician Kurraba Point 2089 for emergency faults, switchboards, lighting, power, data, CCTV and Level 2 support.",115,https://c0d312.github.io/evaready-electrical/service-areas/northern-sydney-and-ryde/north-sydney/kurraba-point,
https://c0d312.github.io/evaready-electrical/service-areas/northern-sydney-and-ryde/north-sydney/lavender-bay,Electrician Lavender Bay 2060 | Emergency & Level 2,51,"Electrician Lavender Bay 2060 for emergency faults, switchboards, lighting, power, data, CCTV and Level 2 support.",114,https://c0d312.github.io/evaready-electrical/service-areas/northern-sydney-and-ryde/north-sydney/lavender-bay,
https://c0d312.github.io/evaready-electrical/service-areas/northern-sydney-and-ryde/north-sydney/mcmahons-point,Electrician McMahons Point 2060 | Emergency & Level 2,53,"Electrician McMahons Point 2060 for emergency faults, switchboards, lighting, power, data, CCTV and Level 2 support.",116,https://c0d312.github.io/evaready-electrical/service-areas/northern-sydney-and-ryde/north-sydney/mcmahons-point,
https://c0d312.github.io/evaready-electrical/service-areas/northern-sydney-and-ryde/north-sydney/milsons-point,Electrician Milsons Point 2061 | Emergency & Level 2,52,"Electrician Milsons Point 2061 for emergency faults, switchboards, lighting, power, data, CCTV and Level 2 support.",115,https://c0d312.github.io/evaready-electrical/service-areas/northern-sydney-and-ryde/north-sydney/milsons-point,
https://c0d312.github.io/evaready-electrical/service-areas/northern-sydney-and-ryde/north-sydney/neutral-bay,Electrician Neutral Bay 2089 | Emergency & Level 2,50,"Electrician Neutral Bay 2089 for emergency faults, switchboards, lighting, power, data, CCTV and Level 2 support.",113,https://c0d312.github.io/evaready-electrical/service-areas/northern-sydney-and-ryde/north-sydney/neutral-bay,
https://c0d312.github.io/evaready-electrical/service-areas/northern-sydney-and-ryde/north-sydney/north-sydney,Electrician North Sydney 2060 | Emergency & Level 2,51,"Electrician North Sydney 2060 for emergency faults, switchboards, lighting, power, data, CCTV and Level 2 support.",114,https://c0d312.github.io/evaready-electrical/service-areas/northern-sydney-and-ryde/north-sydney/north-sydney,
https://c0d312.github.io/evaready-electrical/service-areas/northern-sydney-and-ryde/north-sydney/waverton,Electrician Waverton 2060 | Emergency & Level 2,47,"Electrician Waverton 2060 for emergency faults, switchboards, lighting, power, data, CCTV and Level 2 support.",110,https://c0d312.github.io/evaready-electrical/service-areas/northern-sydney-and-ryde/north-sydney/waverton,
https://c0d312.github.io/evaready-electrical/service-areas/northern-sydney-and-ryde/north-sydney/wollstonecraft,Electrician Wollstonecraft 2065 | Emergency & Level 2,53,"Electrician Wollstonecraft 2065 for emergency faults, switchboards, lighting, power, data, CCTV and Level 2 support.",116,https://c0d312.github.io/evaready-electrical/service-areas/northern-sydney-and-ryde/north-sydney/wollstonecraft,
https://c0d312.github.io/evaready-electrical/service-areas/northern-sydney-and-ryde/ryde,Ryde Electrician | Northern Sydney & Ryde,41,"Need an electrician in Ryde? Evaready helps with urgent faults, Level 2 work, switchboards, consumer mains, defect notices and planned electrical jobs.",151,https://c0d312.github.io/evaready-electrical/service-areas/northern-sydney-and-ryde/ryde,
https://c0d312.github.io/evaready-electrical/service-areas/northern-sydney-and-ryde/ryde/chatswood-west,Electrician Chatswood West 2067 | Emergency & Level 2,53,"Electrician Chatswood West 2067 for emergency faults, switchboards, lighting, power, data, CCTV and Level 2 support.",116,https://c0d312.github.io/evaready-electrical/service-areas/northern-sydney-and-ryde/ryde/chatswood-west,
https://c0d312.github.io/evaready-electrical/service-areas/northern-sydney-and-ryde/ryde/denistone,Electrician Denistone 2114 | Emergency & Level 2,48,"Electrician Denistone 2114 for emergency faults, switchboards, lighting, power, data, CCTV and Level 2 support.",111,https://c0d312.github.io/evaready-electrical/service-areas/northern-sydney-and-ryde/ryde/denistone,
https://c0d312.github.io/evaready-electrical/service-areas/northern-sydney-and-ryde/ryde/denistone-east,Electrician Denistone East 2112 | Emergency & Level 2,53,"Electrician Denistone East 2112 for emergency faults, switchboards, lighting, power, data, CCTV and Level 2 support.",116,https://c0d312.github.io/evaready-electrical/service-areas/northern-sydney-and-ryde/ryde/denistone-east,
https://c0d312.github.io/evaready-electrical/service-areas/northern-sydney-and-ryde/ryde/denistone-west,Electrician Denistone West 2114 | Emergency & Level 2,53,"Electrician Denistone West 2114 for emergency faults, switchboards, lighting, power, data, CCTV and Level 2 support.",116,https://c0d312.github.io/evaready-electrical/service-areas/northern-sydney-and-ryde/ryde/denistone-west,
https://c0d312.github.io/evaready-electrical/service-areas/northern-sydney-and-ryde/ryde/east-ryde,Electrician East Ryde 2113 | Emergency & Level 2,48,"Electrician East Ryde 2113 for emergency faults, switchboards, lighting, power, data, CCTV and Level 2 support.",111,https://c0d312.github.io/evaready-electrical/service-areas/northern-sydney-and-ryde/ryde/east-ryde,
https://c0d312.github.io/evaready-electrical/service-areas/northern-sydney-and-ryde/ryde/macquarie-park,Electrician Macquarie Park 2113 | Emergency & Level 2,53,"Electrician Macquarie Park 2113 for emergency faults, switchboards, lighting, power, data, CCTV and Level 2 support.",116,https://c0d312.github.io/evaready-electrical/service-areas/northern-sydney-and-ryde/ryde/macquarie-park,
https://c0d312.github.io/evaready-electrical/service-areas/northern-sydney-and-ryde/ryde/marsfield,Electrician Marsfield 2122 | Emergency & Level 2,48,"Electrician Marsfield 2122 for emergency faults, switchboards, lighting, power, data, CCTV and Level 2 support.",111,https://c0d312.github.io/evaready-electrical/service-areas/northern-sydney-and-ryde/ryde/marsfield,
https://c0d312.github.io/evaready-electrical/service-areas/northern-sydney-and-ryde/ryde/meadowbank,Electrician Meadowbank 2114 | Emergency & Level 2,49,"Electrician Meadowbank 2114 for emergency faults, switchboards, lighting, power, data, CCTV and Level 2 support.",112,https://c0d312.github.io/evaready-electrical/service-areas/northern-sydney-and-ryde/ryde/meadowbank,
https://c0d312.github.io/evaready-electrical/service-areas/northern-sydney-and-ryde/ryde/north-ryde,Electrician North Ryde 2113 | Emergency & Level 2,49,"Electrician North Ryde 2113 for emergency faults, switchboards, lighting, power, data, CCTV and Level 2 support.",112,https://c0d312.github.io/evaready-electrical/service-areas/northern-sydney-and-ryde/ryde/north-ryde,
https://c0d312.github.io/evaready-electrical/service-areas/northern-sydney-and-ryde/ryde/putney,Electrician Putney 2112 | Emergency & Level 2,45,"Electrician Putney 2112 for emergency faults, switchboards, lighting, power, data, CCTV and Level 2 support.",108,https://c0d312.github.io/evaready-electrical/service-areas/northern-sydney-and-ryde/ryde/putney,
https://c0d312.github.io/evaready-electrical/service-areas/northern-sydney-and-ryde/ryde/ryde,Electrician Ryde 2112 | Emergency & Level 2,43,"Electrician Ryde 2112 for emergency faults, switchboards, lighting, power, data, CCTV and Level 2 support.",106,https://c0d312.github.io/evaready-electrical/service-areas/northern-sydney-and-ryde/ryde/ryde,
https://c0d312.github.io/evaready-electrical/service-areas/northern-sydney-and-ryde/ryde/tennyson-point,Electrician Tennyson Point 2111 | Emergency & Level 2,53,"Electrician Tennyson Point 2111 for emergency faults, switchboards, lighting, power, data, CCTV and Level 2 support.",116,https://c0d312.github.io/evaready-electrical/service-areas/northern-sydney-and-ryde/ryde/tennyson-point,
https://c0d312.github.io/evaready-electrical/service-areas/northern-sydney-and-ryde/ryde/west-ryde,Electrician West Ryde 2114 | Emergency & Level 2,48,"Electrician West Ryde 2114 for emergency faults, switchboards, lighting, power, data, CCTV and Level 2 support.",111,https://c0d312.github.io/evaready-electrical/service-areas/northern-sydney-and-ryde/ryde/west-ryde,
https://c0d312.github.io/evaready-electrical/service-areas/northern-sydney-and-ryde/willoughby,Willoughby Electrician | Northern Sydney & Ryde,47,"Need an electrician in Willoughby? Evaready helps with urgent faults, Level 2 work, switchboards, consumer mains, defect notices and planned electrical jobs.",157,https://c0d312.github.io/evaready-electrical/service-areas/northern-sydney-and-ryde/willoughby,
https://c0d312.github.io/evaready-electrical/service-areas/northern-sydney-and-ryde/willoughby/artarmon,Electrician Artarmon 2064 | Emergency & Level 2,47,"Electrician Artarmon 2064 for emergency faults, switchboards, lighting, power, data, CCTV and Level 2 support.",110,https://c0d312.github.io/evaready-electrical/service-areas/northern-sydney-and-ryde/willoughby/artarmon,
https://c0d312.github.io/evaready-electrical/service-areas/northern-sydney-and-ryde/willoughby/castle-cove,Electrician Castle Cove 2069 | Emergency & Level 2,50,"Electrician Castle Cove 2069 for emergency faults, switchboards, lighting, power, data, CCTV and Level 2 support.",113,https://c0d312.github.io/evaready-electrical/service-areas/northern-sydney-and-ryde/willoughby/castle-cove,
https://c0d312.github.io/evaready-electrical/service-areas/northern-sydney-and-ryde/willoughby/castlecrag,Electrician Castlecrag 2068 | Emergency & Level 2,49,"Electrician Castlecrag 2068 for emergency faults, switchboards, lighting, power, data, CCTV and Level 2 support.",112,https://c0d312.github.io/evaready-electrical/service-areas/northern-sydney-and-ryde/willoughby/castlecrag,
https://c0d312.github.io/evaready-electrical/service-areas/northern-sydney-and-ryde/willoughby/chatswood,Electrician Chatswood 2067 | Emergency & Level 2,48,"Electrician Chatswood 2067 for emergency faults, switchboards, lighting, power, data, CCTV and Level 2 support.",111,https://c0d312.github.io/evaready-electrical/service-areas/northern-sydney-and-ryde/willoughby/chatswood,
https://c0d312.github.io/evaready-electrical/service-areas/northern-sydney-and-ryde/willoughby/middle-cove,Electrician Middle Cove 2068 | Emergency & Level 2,50,"Electrician Middle Cove 2068 for emergency faults, switchboards, lighting, power, data, CCTV and Level 2 support.",113,https://c0d312.github.io/evaready-electrical/service-areas/northern-sydney-and-ryde/willoughby/middle-cove,
https://c0d312.github.io/evaready-electrical/service-areas/northern-sydney-and-ryde/willoughby/naremburn,Electrician Naremburn 2065 | Emergency & Level 2,48,"Electrician Naremburn 2065 for emergency faults, switchboards, lighting, power, data, CCTV and Level 2 support.",111,https://c0d312.github.io/evaready-electrical/service-areas/northern-sydney-and-ryde/willoughby/naremburn,
https://c0d312.github.io/evaready-electrical/service-areas/northern-sydney-and-ryde/willoughby/north-willoughby,Electrician North Willoughby 2068 | Emergency & Level 2,55,"Electrician North Willoughby 2068 for emergency faults, switchboards, lighting, power, data, CCTV and Level 2 support.",118,https://c0d312.github.io/evaready-electrical/service-areas/northern-sydney-and-ryde/willoughby/north-willoughby,
https://c0d312.github.io/evaready-electrical/service-areas/northern-sydney-and-ryde/willoughby/northbridge,Electrician Northbridge 2063 | Emergency & Level 2,50,"Electrician Northbridge 2063 for emergency faults, switchboards, lighting, power, data, CCTV and Level 2 support.",113,https://c0d312.github.io/evaready-electrical/service-areas/northern-sydney-and-ryde/willoughby/northbridge,
https://c0d312.github.io/evaready-electrical/service-areas/northern-sydney-and-ryde/willoughby/willoughby,Electrician Willoughby 2068 | Emergency & Level 2,49,"Electrician Willoughby 2068 for emergency faults, switchboards, lighting, power, data, CCTV and Level 2 support.",112,https://c0d312.github.io/evaready-electrical/service-areas/northern-sydney-and-ryde/willoughby/willoughby,
https://c0d312.github.io/evaready-electrical/service-areas/northern-sydney-and-ryde/willoughby/willoughby-east,Electrician Willoughby East 2068 | Emergency & Level 2,54,"Electrician Willoughby East 2068 for emergency faults, switchboards, lighting, power, data, CCTV and Level 2 support.",117,https://c0d312.github.io/evaready-electrical/service-areas/northern-sydney-and-ryde/willoughby/willoughby-east,
https://c0d312.github.io/evaready-electrical/service-areas/parramatta-and-cumberland,Parramatta & Cumberland Electrician | Emergency & Level 2,57,"Need an electrician in Parramatta & Cumberland? Evaready helps with urgent faults, Level 2 work, switchboards, consumer mains, defect notices and planned.",154,https://c0d312.github.io/evaready-electrical/service-areas/parramatta-and-cumberland,
https://c0d312.github.io/evaready-electrical/service-areas/parramatta-and-cumberland/cumberland,Cumberland Electrician | Parramatta & Cumberland,48,"Need an electrician in Cumberland? Evaready helps with urgent faults, Level 2 work, switchboards, consumer mains, defect notices and planned electrical jobs.",157,https://c0d312.github.io/evaready-electrical/service-areas/parramatta-and-cumberland/cumberland,
https://c0d312.github.io/evaready-electrical/service-areas/parramatta-and-cumberland/cumberland/auburn,Electrician Auburn 2144 | Emergency & Level 2,45,"Electrician Auburn 2144 for emergency faults, switchboards, lighting, power, data, CCTV and Level 2 support.",108,https://c0d312.github.io/evaready-electrical/service-areas/parramatta-and-cumberland/cumberland/auburn,
https://c0d312.github.io/evaready-electrical/service-areas/parramatta-and-cumberland/cumberland/berala,Electrician Berala 2141 | Emergency & Level 2,45,"Electrician Berala 2141 for urgent faults, switchboards, hot water, aircon, CCTV/data and Level 2 support.",106,https://c0d312.github.io/evaready-electrical/service-areas/parramatta-and-cumberland/cumberland/berala,
https://c0d312.github.io/evaready-electrical/service-areas/parramatta-and-cumberland/cumberland/girraween,Electrician Girraween 2145 | Emergency & Level 2,48,"Electrician Girraween 2145 for emergency faults, switchboards, lighting, power, data, CCTV and Level 2 support.",111,https://c0d312.github.io/evaready-electrical/service-areas/parramatta-and-cumberland/cumberland/girraween,
https://c0d312.github.io/evaready-electrical/service-areas/parramatta-and-cumberland/cumberland/greystanes,Electrician Greystanes 2145 | Emergency & Level 2,49,"Electrician Greystanes 2145 for urgent faults, switchboards, hot water, aircon, CCTV/data and Level 2 support.",110,https://c0d312.github.io/evaready-electrical/service-areas/parramatta-and-cumberland/cumberland/greystanes,
https://c0d312.github.io/evaready-electrical/service-areas/parramatta-and-cumberland/cumberland/guildford,Electrician Guildford 2161 | Emergency & Level 2,48,"Electrician Guildford 2161 for emergency faults, switchboards, lighting, power, data, CCTV and Level 2 support.",111,https://c0d312.github.io/evaready-electrical/service-areas/parramatta-and-cumberland/cumberland/guildford,
https://c0d312.github.io/evaready-electrical/service-areas/parramatta-and-cumberland/cumberland/guildford-west,Electrician Guildford West 2161 | Emergency & Level 2,53,"Electrician Guildford West 2161 for emergency faults, switchboards, lighting, power, data, CCTV and Level 2 support.",116,https://c0d312.github.io/evaready-electrical/service-areas/parramatta-and-cumberland/cumberland/guildford-west,
https://c0d312.github.io/evaready-electrical/service-areas/parramatta-and-cumberland/cumberland/holroyd,Electrician Holroyd 2142 | Emergency & Level 2,46,"Electrician Holroyd 2142 for emergency faults, switchboards, hot water circuits, power, lighting and Level 2 support.",117,https://c0d312.github.io/evaready-electrical/service-areas/parramatta-and-cumberland/cumberland/holroyd,
https://c0d312.github.io/evaready-electrical/service-areas/parramatta-and-cumberland/cumberland/lidcombe,Electrician Lidcombe 2141 | Emergency & Level 2,47,"Electrician Lidcombe 2141 for emergency faults, switchboards, lighting, power, data, CCTV and Level 2 support.",110,https://c0d312.github.io/evaready-electrical/service-areas/parramatta-and-cumberland/cumberland/lidcombe,
https://c0d312.github.io/evaready-electrical/service-areas/parramatta-and-cumberland/cumberland/merrylands,Electrician Merrylands 2160 | Emergency & Level 2,49,"Electrician Merrylands 2160 for emergency faults, switchboards, lighting, power, data, CCTV and Level 2 support.",112,https://c0d312.github.io/evaready-electrical/service-areas/parramatta-and-cumberland/cumberland/merrylands,
https://c0d312.github.io/evaready-electrical/service-areas/parramatta-and-cumberland/cumberland/merrylands-west,Electrician Merrylands West 2160 | Emergency & Level 2,54,"Electrician Merrylands West 2160 for emergency faults, switchboards, hot water circuits, power, lighting and Level 2 support.",125,https://c0d312.github.io/evaready-electrical/service-areas/parramatta-and-cumberland/cumberland/merrylands-west,
https://c0d312.github.io/evaready-electrical/service-areas/parramatta-and-cumberland/cumberland/pemulwuy,Electrician Pemulwuy 2145 | Emergency & Level 2,47,"Electrician Pemulwuy 2145 for emergency faults, switchboards, lighting, power, data, CCTV and Level 2 support.",110,https://c0d312.github.io/evaready-electrical/service-areas/parramatta-and-cumberland/cumberland/pemulwuy,
https://c0d312.github.io/evaready-electrical/service-areas/parramatta-and-cumberland/cumberland/pendle-hill,Electrician Pendle Hill 2145 | Emergency & Level 2,50,"Electrician Pendle Hill 2145 for emergency faults, switchboards, lighting, power, data, CCTV and Level 2 support.",113,https://c0d312.github.io/evaready-electrical/service-areas/parramatta-and-cumberland/cumberland/pendle-hill,
https://c0d312.github.io/evaready-electrical/service-areas/parramatta-and-cumberland/cumberland/regents-park,Electrician Regents Park 2143 | Emergency & Level 2,51,"Electrician Regents Park 2143 for emergency faults, switchboards, lighting, power, data, CCTV and Level 2 support.",114,https://c0d312.github.io/evaready-electrical/service-areas/parramatta-and-cumberland/cumberland/regents-park,
https://c0d312.github.io/evaready-electrical/service-areas/parramatta-and-cumberland/cumberland/rookwood,Electrician Rookwood 2141 | Emergency & Level 2,47,"Electrician Rookwood 2141 for emergency faults, switchboards, hot water circuits, power, lighting and Level 2 support.",118,https://c0d312.github.io/evaready-electrical/service-areas/parramatta-and-cumberland/cumberland/rookwood,
https://c0d312.github.io/evaready-electrical/service-areas/parramatta-and-cumberland/cumberland/south-granville,Electrician South Granville 2142 | Emergency & Level 2,54,"Electrician South Granville 2142 for emergency faults, switchboards, lighting, power, data, CCTV and Level 2 support.",117,https://c0d312.github.io/evaready-electrical/service-areas/parramatta-and-cumberland/cumberland/south-granville,
https://c0d312.github.io/evaready-electrical/service-areas/parramatta-and-cumberland/cumberland/south-wentworthville,Electrician South Wentworthville 2145 | Emergency & Level 2,59,"Electrician South Wentworthville 2145 for emergency faults, switchboards, hot water circuits, power, lighting and Level 2 support.",130,https://c0d312.github.io/evaready-electrical/service-areas/parramatta-and-cumberland/cumberland/south-wentworthville,
https://c0d312.github.io/evaready-electrical/service-areas/parramatta-and-cumberland/cumberland/wentworthville,Electrician Wentworthville 2145 | Emergency & Level 2,53,"Electrician Wentworthville 2145 for emergency faults, switchboards, lighting, power, data, CCTV and Level 2 support.",116,https://c0d312.github.io/evaready-electrical/service-areas/parramatta-and-cumberland/cumberland/wentworthville,
https://c0d312.github.io/evaready-electrical/service-areas/parramatta-and-cumberland/cumberland/westmead,Electrician Westmead 2145 | Emergency & Level 2,47,"Electrician Westmead 2145 for emergency faults, switchboards, lighting, power, data, CCTV and Level 2 support.",110,https://c0d312.github.io/evaready-electrical/service-areas/parramatta-and-cumberland/cumberland/westmead,
https://c0d312.github.io/evaready-electrical/service-areas/parramatta-and-cumberland/cumberland/woodpark,Electrician Woodpark 2164 | Emergency & Level 2,47,"Electrician Woodpark 2164 for emergency faults, switchboards, lighting, power, data, CCTV and Level 2 support.",110,https://c0d312.github.io/evaready-electrical/service-areas/parramatta-and-cumberland/cumberland/woodpark,
https://c0d312.github.io/evaready-electrical/service-areas/parramatta-and-cumberland/parramatta,Parramatta Electrician | Parramatta & Cumberland,48,"Need an electrician in Parramatta? Evaready helps with urgent faults, Level 2 work, switchboards, consumer mains, defect notices and planned electrical jobs.",157,https://c0d312.github.io/evaready-electrical/service-areas/parramatta-and-cumberland/parramatta,
https://c0d312.github.io/evaready-electrical/service-areas/parramatta-and-cumberland/parramatta/carlingford,Electrician Carlingford 2118 | Emergency & Level 2,50,"Electrician Carlingford 2118 for emergency faults, switchboards, lighting, power, data, CCTV and Level 2 support.",113,https://c0d312.github.io/evaready-electrical/service-areas/parramatta-and-cumberland/parramatta/carlingford,
https://c0d312.github.io/evaready-electrical/service-areas/parramatta-and-cumberland/parramatta/clyde,Electrician Clyde 2142 | Emergency & Level 2,44,"Electrician Clyde 2142 for emergency faults, switchboards, lighting, power, data, CCTV and Level 2 support.",107,https://c0d312.github.io/evaready-electrical/service-areas/parramatta-and-cumberland/parramatta/clyde,
https://c0d312.github.io/evaready-electrical/service-areas/parramatta-and-cumberland/parramatta/constitution-hill,Electrician Constitution Hill 2145 | Emergency & Level 2,56,"Electrician Constitution Hill 2145 for urgent faults, switchboards, hot water, aircon, CCTV/data and Level 2 support.",117,https://c0d312.github.io/evaready-electrical/service-areas/parramatta-and-cumberland/parramatta/constitution-hill,
https://c0d312.github.io/evaready-electrical/service-areas/parramatta-and-cumberland/parramatta/dundas,Electrician Dundas 2117 | Emergency & Level 2,45,"Electrician Dundas 2117 for emergency faults, switchboards, hot water circuits, power, lighting and Level 2 support.",116,https://c0d312.github.io/evaready-electrical/service-areas/parramatta-and-cumberland/parramatta/dundas,
https://c0d312.github.io/evaready-electrical/service-areas/parramatta-and-cumberland/parramatta/dundas-valley,Electrician Dundas Valley 2117 | Emergency & Level 2,52,"Electrician Dundas Valley 2117 for emergency faults, switchboards, hot water circuits, power, lighting and Level 2 support.",123,https://c0d312.github.io/evaready-electrical/service-areas/parramatta-and-cumberland/parramatta/dundas-valley,
https://c0d312.github.io/evaready-electrical/service-areas/parramatta-and-cumberland/parramatta/eastwood,Electrician Eastwood 2122 | Emergency & Level 2,47,"Electrician Eastwood 2122 for emergency faults, switchboards, lighting, power, data, CCTV and Level 2 support.",110,https://c0d312.github.io/evaready-electrical/service-areas/parramatta-and-cumberland/parramatta/eastwood,
https://c0d312.github.io/evaready-electrical/service-areas/parramatta-and-cumberland/parramatta/epping,Electrician Epping 2121 | Emergency & Level 2,45,"Electrician Epping 2121 for emergency faults, switchboards, lighting, power, data, CCTV and Level 2 support.",108,https://c0d312.github.io/evaready-electrical/service-areas/parramatta-and-cumberland/parramatta/epping,
https://c0d312.github.io/evaready-electrical/service-areas/parramatta-and-cumberland/parramatta/ermington,Electrician Ermington 2115 | Emergency & Level 2,48,"Electrician Ermington 2115 for emergency faults, switchboards, hot water circuits, power, lighting and Level 2 support.",119,https://c0d312.github.io/evaready-electrical/service-areas/parramatta-and-cumberland/parramatta/ermington,
https://c0d312.github.io/evaready-electrical/service-areas/parramatta-and-cumberland/parramatta/granville,Electrician Granville 2142 | Emergency & Level 2,48,"Electrician Granville 2142 for emergency faults, switchboards, lighting, power, data, CCTV and Level 2 support.",111,https://c0d312.github.io/evaready-electrical/service-areas/parramatta-and-cumberland/parramatta/granville,
https://c0d312.github.io/evaready-electrical/service-areas/parramatta-and-cumberland/parramatta/harris-park,Electrician Harris Park 2150 | Emergency & Level 2,50,"Electrician Harris Park 2150 for emergency faults, switchboards, lighting, power, data, CCTV and Level 2 support.",113,https://c0d312.github.io/evaready-electrical/service-areas/parramatta-and-cumberland/parramatta/harris-park,
https://c0d312.github.io/evaready-electrical/service-areas/parramatta-and-cumberland/parramatta/mays-hill,Electrician Mays Hill 2145 | Emergency & Level 2,48,"Electrician Mays Hill 2145 for emergency faults, switchboards, hot water circuits, power, lighting and Level 2 support.",119,https://c0d312.github.io/evaready-electrical/service-areas/parramatta-and-cumberland/parramatta/mays-hill,
https://c0d312.github.io/evaready-electrical/service-areas/parramatta-and-cumberland/parramatta/melrose-park,Electrician Melrose Park 2114 | Emergency & Level 2,51,"Electrician Melrose Park 2114 for emergency faults, switchboards, lighting, power, data, CCTV and Level 2 support.",114,https://c0d312.github.io/evaready-electrical/service-areas/parramatta-and-cumberland/parramatta/melrose-park,
https://c0d312.github.io/evaready-electrical/service-areas/parramatta-and-cumberland/parramatta/newington,Electrician Newington 2127 | Emergency & Level 2,48,"Electrician Newington 2127 for urgent faults, switchboards, hot water, aircon, CCTV/data and Level 2 support.",109,https://c0d312.github.io/evaready-electrical/service-areas/parramatta-and-cumberland/parramatta/newington,
https://c0d312.github.io/evaready-electrical/service-areas/parramatta-and-cumberland/parramatta/north-parramatta,Electrician North Parramatta 2151 | Emergency & Level 2,55,"Electrician North Parramatta 2151 for emergency faults, switchboards, lighting, power, data, CCTV and Level 2 support.",118,https://c0d312.github.io/evaready-electrical/service-areas/parramatta-and-cumberland/parramatta/north-parramatta,
https://c0d312.github.io/evaready-electrical/service-areas/parramatta-and-cumberland/parramatta/north-rocks,Electrician North Rocks 2151 | Emergency & Level 2,50,"Electrician North Rocks 2151 for emergency faults, switchboards, lighting, power, data, CCTV and Level 2 support.",113,https://c0d312.github.io/evaready-electrical/service-areas/parramatta-and-cumberland/parramatta/north-rocks,
https://c0d312.github.io/evaready-electrical/service-areas/parramatta-and-cumberland/parramatta/northmead,Electrician Northmead 2152 | Emergency & Level 2,48,"Electrician Northmead 2152 for emergency faults, switchboards, lighting, power, data, CCTV and Level 2 support.",111,https://c0d312.github.io/evaready-electrical/service-areas/parramatta-and-cumberland/parramatta/northmead,
https://c0d312.github.io/evaready-electrical/service-areas/parramatta-and-cumberland/parramatta/oatlands,Electrician Oatlands 2117 | Emergency & Level 2,47,"Electrician Oatlands 2117 for urgent faults, switchboards, hot water, aircon, CCTV/data and Level 2 support.",108,https://c0d312.github.io/evaready-electrical/service-areas/parramatta-and-cumberland/parramatta/oatlands,
https://c0d312.github.io/evaready-electrical/service-areas/parramatta-and-cumberland/parramatta/old-toongabbie,Electrician Old Toongabbie 2146 | Emergency & Level 2,53,"Electrician Old Toongabbie 2146 for urgent faults, switchboards, hot water, aircon, CCTV/data and Level 2 support.",114,https://c0d312.github.io/evaready-electrical/service-areas/parramatta-and-cumberland/parramatta/old-toongabbie,
https://c0d312.github.io/evaready-electrical/service-areas/parramatta-and-cumberland/parramatta/parramatta,Electrician Parramatta 2150 | Emergency & Level 2,49,"Electrician Parramatta 2150 for emergency faults, switchboards, lighting, power, data, CCTV and Level 2 support.",112,https://c0d312.github.io/evaready-electrical/service-areas/parramatta-and-cumberland/parramatta/parramatta,
https://c0d312.github.io/evaready-electrical/service-areas/parramatta-and-cumberland/parramatta/rosehill,Electrician Rosehill 2142 | Emergency & Level 2,47,"Electrician Rosehill 2142 for emergency faults, switchboards, lighting, power, data, CCTV and Level 2 support.",110,https://c0d312.github.io/evaready-electrical/service-areas/parramatta-and-cumberland/parramatta/rosehill,
https://c0d312.github.io/evaready-electrical/service-areas/parramatta-and-cumberland/parramatta/rydalmere,Electrician Rydalmere 2116 | Emergency & Level 2,48,"Electrician Rydalmere 2116 for emergency faults, switchboards, lighting, power, data, CCTV and Level 2 support.",111,https://c0d312.github.io/evaready-electrical/service-areas/parramatta-and-cumberland/parramatta/rydalmere,
https://c0d312.github.io/evaready-electrical/service-areas/parramatta-and-cumberland/parramatta/silverwater,Electrician Silverwater 2128 | Emergency & Level 2,50,"Electrician Silverwater 2128 for emergency faults, switchboards, lighting, power, data, CCTV and Level 2 support.",113,https://c0d312.github.io/evaready-electrical/service-areas/parramatta-and-cumberland/parramatta/silverwater,
https://c0d312.github.io/evaready-electrical/service-areas/parramatta-and-cumberland/parramatta/sydney-olympic-park,Electrician Sydney Olympic Park 2127 | Emergency & Level 2,58,"Electrician Sydney Olympic Park 2127 for emergency faults, switchboards, lighting, power, data, CCTV and Level 2 support.",121,https://c0d312.github.io/evaready-electrical/service-areas/parramatta-and-cumberland/parramatta/sydney-olympic-park,
https://c0d312.github.io/evaready-electrical/service-areas/parramatta-and-cumberland/parramatta/telopea,Electrician Telopea 2117 | Emergency & Level 2,46,"Electrician Telopea 2117 for urgent faults, switchboards, hot water, aircon, CCTV/data and Level 2 support.",107,https://c0d312.github.io/evaready-electrical/service-areas/parramatta-and-cumberland/parramatta/telopea,
https://c0d312.github.io/evaready-electrical/service-areas/parramatta-and-cumberland/parramatta/wentworth-point,Electrician Wentworth Point 2127 | Emergency & Level 2,54,"Electrician Wentworth Point 2127 for urgent faults, switchboards, hot water, aircon, CCTV/data and Level 2 support.",115,https://c0d312.github.io/evaready-electrical/service-areas/parramatta-and-cumberland/parramatta/wentworth-point,
https://c0d312.github.io/evaready-electrical/service-areas/southern-highlands,Southern Highlands Electrician | Emergency & Level 2,52,"Need an electrician in Southern Highlands? Evaready helps with urgent faults, Level 2 work, switchboards, consumer mains, defect notices and planned.",149,https://c0d312.github.io/evaready-electrical/service-areas/southern-highlands,
https://c0d312.github.io/evaready-electrical/service-areas/southern-highlands/wingecarribee,Wingecarribee Electrician | Southern Highlands,46,"Need an electrician in Wingecarribee? Evaready helps with urgent faults, Level 2 work, switchboards, consumer mains, defect notices.",132,https://c0d312.github.io/evaready-electrical/service-areas/southern-highlands/wingecarribee,
https://c0d312.github.io/evaready-electrical/service-areas/southern-highlands/wingecarribee/alpine,Electrician Alpine 2575 | Emergency & Level 2,45,"Electrician Alpine 2575 for emergency faults, switchboards, hot water circuits, power, lighting and Level 2 support across the Southern Highlands.",146,https://c0d312.github.io/evaready-electrical/service-areas/southern-highlands/wingecarribee/alpine,
https://c0d312.github.io/evaready-electrical/service-areas/southern-highlands/wingecarribee/avoca,Electrician Avoca 2577 | Emergency & Level 2,44,"Electrician Avoca 2577 for urgent faults, switchboards, hot water, aircon, CCTV/data and Level 2 support across the Southern Highlands.",135,https://c0d312.github.io/evaready-electrical/service-areas/southern-highlands/wingecarribee/avoca,
https://c0d312.github.io/evaready-electrical/service-areas/southern-highlands/wingecarribee/aylmerton,Electrician Aylmerton 2575 | Emergency & Level 2,48,"Electrician Aylmerton 2575 for emergency faults, switchboards, lighting, power, data, CCTV and Level 2 support across the Southern Highlands.",141,https://c0d312.github.io/evaready-electrical/service-areas/southern-highlands/wingecarribee/aylmerton,
https://c0d312.github.io/evaready-electrical/service-areas/southern-highlands/wingecarribee/balaclava,Electrician Balaclava 2575 | Emergency & Level 2,48,"Electrician Balaclava 2575 for emergency faults, switchboards, hot water circuits, power, lighting and Level 2 support across the Southern Highlands.",149,https://c0d312.github.io/evaready-electrical/service-areas/southern-highlands/wingecarribee/balaclava,
https://c0d312.github.io/evaready-electrical/service-areas/southern-highlands/wingecarribee/balmoral,Electrician Balmoral 2571 | Emergency & Level 2,47,"Electrician Balmoral 2571 for urgent faults, switchboards, hot water, aircon, CCTV/data and Level 2 support across the Southern Highlands.",138,https://c0d312.github.io/evaready-electrical/service-areas/southern-highlands/wingecarribee/balmoral,
https://c0d312.github.io/evaready-electrical/service-areas/southern-highlands/wingecarribee/bargo,Electrician Bargo 2574 | Emergency & Level 2,44,"Electrician Bargo 2574 for emergency faults, switchboards, lighting, power, data, CCTV and Level 2 support across the Southern Highlands.",137,https://c0d312.github.io/evaready-electrical/service-areas/southern-highlands/wingecarribee/bargo,
https://c0d312.github.io/evaready-electrical/service-areas/southern-highlands/wingecarribee/berrima,Electrician Berrima 2577 | Emergency & Level 2,46,"Electrician Berrima 2577 for emergency faults, switchboards, lighting, power, data, CCTV and Level 2 support across the Southern Highlands.",139,https://c0d312.github.io/evaready-electrical/service-areas/southern-highlands/wingecarribee/berrima,
https://c0d312.github.io/evaready-electrical/service-areas/southern-highlands/wingecarribee/bowral,Electrician Bowral 2576 | Emergency & Level 2,45,"Electrician Bowral 2576 for emergency faults, switchboards, lighting, power, data, CCTV and Level 2 support across the Southern Highlands.",138,https://c0d312.github.io/evaready-electrical/service-areas/southern-highlands/wingecarribee/bowral,
https://c0d312.github.io/evaready-electrical/service-areas/southern-highlands/wingecarribee/braemar,Electrician Braemar 2575 | Emergency & Level 2,46,"Electrician Braemar 2575 for emergency faults, switchboards, lighting, power, data, CCTV and Level 2 support across the Southern Highlands.",139,https://c0d312.github.io/evaready-electrical/service-areas/southern-highlands/wingecarribee/braemar,
https://c0d312.github.io/evaready-electrical/service-areas/southern-highlands/wingecarribee/burradoo,Electrician Burradoo 2576 | Emergency & Level 2,47,"Electrician Burradoo 2576 for emergency faults, switchboards, hot water circuits, power, lighting and Level 2 support across the Southern Highlands.",148,https://c0d312.github.io/evaready-electrical/service-areas/southern-highlands/wingecarribee/burradoo,
https://c0d312.github.io/evaready-electrical/service-areas/southern-highlands/wingecarribee/burrawang,Electrician Burrawang 2577 | Emergency & Level 2,48,"Electrician Burrawang 2577 for emergency faults, switchboards, lighting, power, data, CCTV and Level 2 support across the Southern Highlands.",141,https://c0d312.github.io/evaready-electrical/service-areas/southern-highlands/wingecarribee/burrawang,
https://c0d312.github.io/evaready-electrical/service-areas/southern-highlands/wingecarribee/buxton,Electrician Buxton 2571 | Emergency & Level 2,45,"Electrician Buxton 2571 for urgent faults, switchboards, hot water, aircon, CCTV/data and Level 2 support across the Southern Highlands.",136,https://c0d312.github.io/evaready-electrical/service-areas/southern-highlands/wingecarribee/buxton,
https://c0d312.github.io/evaready-electrical/service-areas/southern-highlands/wingecarribee/colo-vale,Electrician Colo Vale 2575 | Emergency & Level 2,48,"Electrician Colo Vale 2575 for urgent faults, switchboards, hot water, aircon, CCTV/data and Level 2 support across the Southern Highlands.",139,https://c0d312.github.io/evaready-electrical/service-areas/southern-highlands/wingecarribee/colo-vale,
https://c0d312.github.io/evaready-electrical/service-areas/southern-highlands/wingecarribee/east-kangaloon,Electrician East Kangaloon 2576 | Emergency & Level 2,53,"Electrician East Kangaloon 2576 for emergency faults, switchboards, hot water circuits, power, lighting and Level 2 support across the Southern Highlands.",154,https://c0d312.github.io/evaready-electrical/service-areas/southern-highlands/wingecarribee/east-kangaloon,
https://c0d312.github.io/evaready-electrical/service-areas/southern-highlands/wingecarribee/exeter,Electrician Exeter 2579 | Emergency & Level 2,45,"Electrician Exeter 2579 for emergency faults, switchboards, lighting, power, data, CCTV and Level 2 support across the Southern Highlands.",138,https://c0d312.github.io/evaready-electrical/service-areas/southern-highlands/wingecarribee/exeter,
https://c0d312.github.io/evaready-electrical/service-areas/southern-highlands/wingecarribee/glenquarry,Electrician Glenquarry 2576 | Emergency & Level 2,49,"Electrician Glenquarry 2576 for emergency faults, switchboards, hot water circuits, power, lighting and Level 2 support across the Southern Highlands.",150,https://c0d312.github.io/evaready-electrical/service-areas/southern-highlands/wingecarribee/glenquarry,
https://c0d312.github.io/evaready-electrical/service-areas/southern-highlands/wingecarribee/hill-top,Electrician Hill Top 2575 | Emergency & Level 2,47,"Electrician Hill Top 2575 for emergency faults, switchboards, hot water circuits, power, lighting and Level 2 support across the Southern Highlands.",148,https://c0d312.github.io/evaready-electrical/service-areas/southern-highlands/wingecarribee/hill-top,
https://c0d312.github.io/evaready-electrical/service-areas/southern-highlands/wingecarribee/kangaloon,Electrician Kangaloon 2576 | Emergency & Level 2,48,"Electrician Kangaloon 2576 for emergency faults, switchboards, hot water circuits, power, lighting and Level 2 support across the Southern Highlands.",149,https://c0d312.github.io/evaready-electrical/service-areas/southern-highlands/wingecarribee/kangaloon,
https://c0d312.github.io/evaready-electrical/service-areas/southern-highlands/wingecarribee/medway,Electrician Medway 2577 | Emergency & Level 2,45,"Electrician Medway 2577 for emergency faults, switchboards, lighting, power, data, CCTV and Level 2 support across the Southern Highlands.",138,https://c0d312.github.io/evaready-electrical/service-areas/southern-highlands/wingecarribee/medway,
https://c0d312.github.io/evaready-electrical/service-areas/southern-highlands/wingecarribee/mittagong,Electrician Mittagong 2575 | Emergency & Level 2,48,"Electrician Mittagong 2575 for emergency faults, switchboards, lighting, power, data, CCTV and Level 2 support across the Southern Highlands.",141,https://c0d312.github.io/evaready-electrical/service-areas/southern-highlands/wingecarribee/mittagong,
https://c0d312.github.io/evaready-electrical/service-areas/southern-highlands/wingecarribee/moss-vale,Electrician Moss Vale 2577 | Emergency & Level 2,48,"Electrician Moss Vale 2577 for emergency faults, switchboards, lighting, power, data, CCTV and Level 2 support across the Southern Highlands.",141,https://c0d312.github.io/evaready-electrical/service-areas/southern-highlands/wingecarribee/moss-vale,
https://c0d312.github.io/evaready-electrical/service-areas/southern-highlands/wingecarribee/new-berrima,Electrician New Berrima 2577 | Emergency & Level 2,50,"Electrician New Berrima 2577 for emergency faults, switchboards, lighting, power, data, CCTV and Level 2 support across the Southern Highlands.",143,https://c0d312.github.io/evaready-electrical/service-areas/southern-highlands/wingecarribee/new-berrima,
https://c0d312.github.io/evaready-electrical/service-areas/southern-highlands/wingecarribee/renwick,Electrician Renwick 2575 | Emergency & Level 2,46,"Electrician Renwick 2575 for emergency faults, switchboards, hot water circuits, power, lighting and Level 2 support across the Southern Highlands.",147,https://c0d312.github.io/evaready-electrical/service-areas/southern-highlands/wingecarribee/renwick,
https://c0d312.github.io/evaready-electrical/service-areas/southern-highlands/wingecarribee/sutton-forest,Electrician Sutton Forest 2577 | Emergency & Level 2,52,"Electrician Sutton Forest 2577 for emergency faults, switchboards, hot water circuits, power, lighting and Level 2 support across the Southern Highlands.",153,https://c0d312.github.io/evaready-electrical/service-areas/southern-highlands/wingecarribee/sutton-forest,
https://c0d312.github.io/evaready-electrical/service-areas/southern-highlands/wingecarribee/welby,Electrician Welby 2575 | Emergency & Level 2,44,"Electrician Welby 2575 for emergency faults, switchboards, hot water circuits, power, lighting and Level 2 support across the Southern Highlands.",145,https://c0d312.github.io/evaready-electrical/service-areas/southern-highlands/wingecarribee/welby,
https://c0d312.github.io/evaready-electrical/service-areas/southern-highlands/wingecarribee/willow-vale,Electrician Willow Vale 2575 | Emergency & Level 2,50,"Electrician Willow Vale 2575 for emergency faults, switchboards, hot water circuits, power, lighting and Level 2 support across the Southern Highlands.",151,https://c0d312.github.io/evaready-electrical/service-areas/southern-highlands/wingecarribee/willow-vale,
https://c0d312.github.io/evaready-electrical/service-areas/southern-highlands/wingecarribee/woodlands,Electrician Woodlands 2575 | Emergency & Level 2,48,"Electrician Woodlands 2575 for emergency faults, switchboards, hot water circuits, power, lighting and Level 2 support across the Southern Highlands.",149,https://c0d312.github.io/evaready-electrical/service-areas/southern-highlands/wingecarribee/woodlands,
https://c0d312.github.io/evaready-electrical/service-areas/southern-highlands/wingecarribee/yerrinbool,Electrician Yerrinbool 2575 | Emergency & Level 2,49,"Electrician Yerrinbool 2575 for emergency faults, switchboards, hot water circuits, power, lighting and Level 2 support across the Southern Highlands.",150,https://c0d312.github.io/evaready-electrical/service-areas/southern-highlands/wingecarribee/yerrinbool,
https://c0d312.github.io/evaready-electrical/service-areas/st-george-and-bayside,St George & Bayside Electrician | Emergency & Level 2,53,"Need an electrician in St George & Bayside? Evaready helps with urgent faults, Level 2 work, switchboards, consumer mains, defect notices and planned.",150,https://c0d312.github.io/evaready-electrical/service-areas/st-george-and-bayside,
https://c0d312.github.io/evaready-electrical/service-areas/st-george-and-bayside/bayside-and-airport,Bayside & Airport Electrician | St George & Bayside,51,"Need an electrician in Bayside & Airport? Evaready helps with urgent faults, Level 2 work, switchboards, consumer mains, defect notices and planned.",148,https://c0d312.github.io/evaready-electrical/service-areas/st-george-and-bayside/bayside-and-airport,
https://c0d312.github.io/evaready-electrical/service-areas/st-george-and-bayside/bayside-and-airport/banksmeadow,Electrician Banksmeadow 2019 | Emergency & Level 2,50,"Electrician Banksmeadow 2019 for emergency faults, switchboards, lighting, power, data, CCTV and Level 2 support.",113,https://c0d312.github.io/evaready-electrical/service-areas/st-george-and-bayside/bayside-and-airport/banksmeadow,
https://c0d312.github.io/evaready-electrical/service-areas/st-george-and-bayside/bayside-and-airport/botany,Electrician Botany 2019 | Emergency & Level 2,45,"Electrician Botany 2019 for emergency faults, switchboards, lighting, power, data, CCTV and Level 2 support.",108,https://c0d312.github.io/evaready-electrical/service-areas/st-george-and-bayside/bayside-and-airport/botany,
https://c0d312.github.io/evaready-electrical/service-areas/st-george-and-bayside/bayside-and-airport/daceyville,Electrician Daceyville 2032 | Emergency & Level 2,49,"Electrician Daceyville 2032 for urgent faults, switchboards, hot water, aircon, CCTV/data and Level 2 support.",110,https://c0d312.github.io/evaready-electrical/service-areas/st-george-and-bayside/bayside-and-airport/daceyville,
https://c0d312.github.io/evaready-electrical/service-areas/st-george-and-bayside/bayside-and-airport/eastgardens,Electrician Eastgardens 2036 | Emergency & Level 2,50,"Electrician Eastgardens 2036 for emergency faults, switchboards, lighting, power, data, CCTV and Level 2 support.",113,https://c0d312.github.io/evaready-electrical/service-areas/st-george-and-bayside/bayside-and-airport/eastgardens,
https://c0d312.github.io/evaready-electrical/service-areas/st-george-and-bayside/bayside-and-airport/eastlakes,Electrician Eastlakes 2018 | Emergency & Level 2,48,"Electrician Eastlakes 2018 for emergency faults, switchboards, hot water circuits, power, lighting and Level 2 support.",119,https://c0d312.github.io/evaready-electrical/service-areas/st-george-and-bayside/bayside-and-airport/eastlakes,
https://c0d312.github.io/evaready-electrical/service-areas/st-george-and-bayside/bayside-and-airport/hillsdale,Electrician Hillsdale 2036 | Emergency & Level 2,48,"Electrician Hillsdale 2036 for urgent faults, switchboards, hot water, aircon, CCTV/data and Level 2 support.",109,https://c0d312.github.io/evaready-electrical/service-areas/st-george-and-bayside/bayside-and-airport/hillsdale,
https://c0d312.github.io/evaready-electrical/service-areas/st-george-and-bayside/bayside-and-airport/mascot,Electrician Mascot 2020 | Emergency & Level 2,45,"Electrician Mascot 2020 for emergency faults, switchboards, lighting, power, data, CCTV and Level 2 support.",108,https://c0d312.github.io/evaready-electrical/service-areas/st-george-and-bayside/bayside-and-airport/mascot,
https://c0d312.github.io/evaready-electrical/service-areas/st-george-and-bayside/bayside-and-airport/pagewood,Electrician Pagewood 2035 | Emergency & Level 2,47,"Electrician Pagewood 2035 for emergency faults, switchboards, lighting, power, data, CCTV and Level 2 support.",110,https://c0d312.github.io/evaready-electrical/service-areas/st-george-and-bayside/bayside-and-airport/pagewood,
https://c0d312.github.io/evaready-electrical/service-areas/st-george-and-bayside/bayside-and-airport/rosebery,Electrician Rosebery 2018 | Emergency & Level 2,47,"Electrician Rosebery 2018 for emergency faults, switchboards, lighting, power, data, CCTV and Level 2 support.",110,https://c0d312.github.io/evaready-electrical/service-areas/st-george-and-bayside/bayside-and-airport/rosebery,
https://c0d312.github.io/evaready-electrical/service-areas/st-george-and-bayside/georges-river,Georges River Electrician | St George & Bayside,47,"Need an electrician in Georges River? Evaready helps with urgent faults, Level 2 work, switchboards, consumer mains, defect notices.",132,https://c0d312.github.io/evaready-electrical/service-areas/st-george-and-bayside/georges-river,
https://c0d312.github.io/evaready-electrical/service-areas/st-george-and-bayside/georges-river/allawah,Electrician Allawah 2218 | Emergency & Level 2,46,"Electrician Allawah 2218 for urgent faults, switchboards, hot water, aircon, CCTV/data and Level 2 support.",107,https://c0d312.github.io/evaready-electrical/service-areas/st-george-and-bayside/georges-river/allawah,
https://c0d312.github.io/evaready-electrical/service-areas/st-george-and-bayside/georges-river/beverley-park,Electrician Beverley Park 2217 | Emergency & Level 2,52,"Electrician Beverley Park 2217 for urgent faults, switchboards, hot water, aircon, CCTV/data and Level 2 support.",113,https://c0d312.github.io/evaready-electrical/service-areas/st-george-and-bayside/georges-river/beverley-park,
https://c0d312.github.io/evaready-electrical/service-areas/st-george-and-bayside/georges-river/blakehurst,Electrician Blakehurst 2221 | Emergency & Level 2,49,"Electrician Blakehurst 2221 for emergency faults, switchboards, hot water circuits, power, lighting and Level 2 support.",120,https://c0d312.github.io/evaready-electrical/service-areas/st-george-and-bayside/georges-river/blakehurst,
https://c0d312.github.io/evaready-electrical/service-areas/st-george-and-bayside/georges-river/carlton,Electrician Carlton 2218 | Emergency & Level 2,46,"Electrician Carlton 2218 for emergency faults, switchboards, lighting, power, data, CCTV and Level 2 support.",109,https://c0d312.github.io/evaready-electrical/service-areas/st-george-and-bayside/georges-river/carlton,
https://c0d312.github.io/evaready-electrical/service-areas/st-george-and-bayside/georges-river/carss-park,Electrician Carss Park 2221 | Emergency & Level 2,49,"Electrician Carss Park 2221 for emergency faults, switchboards, hot water circuits, power, lighting and Level 2 support.",120,https://c0d312.github.io/evaready-electrical/service-areas/st-george-and-bayside/georges-river/carss-park,
https://c0d312.github.io/evaready-electrical/service-areas/st-george-and-bayside/georges-river/connells-point,Electrician Connells Point 2221 | Emergency & Level 2,53,"Electrician Connells Point 2221 for emergency faults, switchboards, hot water circuits, power, lighting and Level 2 support.",124,https://c0d312.github.io/evaready-electrical/service-areas/st-george-and-bayside/georges-river/connells-point,
https://c0d312.github.io/evaready-electrical/service-areas/st-george-and-bayside/georges-river/hurstville,Electrician Hurstville 2220 | Emergency & Level 2,49,"Electrician Hurstville 2220 for emergency faults, switchboards, lighting, power, data, CCTV and Level 2 support.",112,https://c0d312.github.io/evaready-electrical/service-areas/st-george-and-bayside/georges-river/hurstville,
https://c0d312.github.io/evaready-electrical/service-areas/st-george-and-bayside/georges-river/hurstville-grove,Electrician Hurstville Grove 2220 | Emergency & Level 2,55,"Electrician Hurstville Grove 2220 for emergency faults, switchboards, hot water circuits, power, lighting and Level 2 support.",126,https://c0d312.github.io/evaready-electrical/service-areas/st-george-and-bayside/georges-river/hurstville-grove,
https://c0d312.github.io/evaready-electrical/service-areas/st-george-and-bayside/georges-river/kogarah,Electrician Kogarah 2217 | Emergency & Level 2,46,"Electrician Kogarah 2217 for emergency faults, switchboards, lighting, power, data, CCTV and Level 2 support.",109,https://c0d312.github.io/evaready-electrical/service-areas/st-george-and-bayside/georges-river/kogarah,
https://c0d312.github.io/evaready-electrical/service-areas/st-george-and-bayside/georges-river/kogarah-bay,Electrician Kogarah Bay 2217 | Emergency & Level 2,50,"Electrician Kogarah Bay 2217 for emergency faults, switchboards, hot water circuits, power, lighting and Level 2 support.",121,https://c0d312.github.io/evaready-electrical/service-areas/st-george-and-bayside/georges-river/kogarah-bay,
https://c0d312.github.io/evaready-electrical/service-areas/st-george-and-bayside/georges-river/kyle-bay,Electrician Kyle Bay 2221 | Emergency & Level 2,47,"Electrician Kyle Bay 2221 for urgent faults, switchboards, hot water, aircon, CCTV/data and Level 2 support.",108,https://c0d312.github.io/evaready-electrical/service-areas/st-george-and-bayside/georges-river/kyle-bay,
https://c0d312.github.io/evaready-electrical/service-areas/st-george-and-bayside/georges-river/lugarno,Electrician Lugarno 2210 | Emergency & Level 2,46,"Electrician Lugarno 2210 for urgent faults, switchboards, hot water, aircon, CCTV/data and Level 2 support.",107,https://c0d312.github.io/evaready-electrical/service-areas/st-george-and-bayside/georges-river/lugarno,
https://c0d312.github.io/evaready-electrical/service-areas/st-george-and-bayside/georges-river/mortdale,Electrician Mortdale 2223 | Emergency & Level 2,47,"Electrician Mortdale 2223 for emergency faults, switchboards, lighting, power, data, CCTV and Level 2 support.",110,https://c0d312.github.io/evaready-electrical/service-areas/st-george-and-bayside/georges-river/mortdale,
https://c0d312.github.io/evaready-electrical/service-areas/st-george-and-bayside/georges-river/oatley,Electrician Oatley 2223 | Emergency & Level 2,45,"Electrician Oatley 2223 for urgent faults, switchboards, hot water, aircon, CCTV/data and Level 2 support.",106,https://c0d312.github.io/evaready-electrical/service-areas/st-george-and-bayside/georges-river/oatley,
https://c0d312.github.io/evaready-electrical/service-areas/st-george-and-bayside/georges-river/peakhurst,Electrician Peakhurst 2210 | Emergency & Level 2,48,"Electrician Peakhurst 2210 for emergency faults, switchboards, lighting, power, data, CCTV and Level 2 support.",111,https://c0d312.github.io/evaready-electrical/service-areas/st-george-and-bayside/georges-river/peakhurst,
https://c0d312.github.io/evaready-electrical/service-areas/st-george-and-bayside/georges-river/peakhurst-heights,Electrician Peakhurst Heights 2210 | Emergency & Level 2,56,"Electrician Peakhurst Heights 2210 for urgent faults, switchboards, hot water, aircon, CCTV/data and Level 2 support.",117,https://c0d312.github.io/evaready-electrical/service-areas/st-george-and-bayside/georges-river/peakhurst-heights,
https://c0d312.github.io/evaready-electrical/service-areas/st-george-and-bayside/georges-river/penshurst,Electrician Penshurst 2222 | Emergency & Level 2,48,"Electrician Penshurst 2222 for emergency faults, switchboards, lighting, power, data, CCTV and Level 2 support.",111,https://c0d312.github.io/evaready-electrical/service-areas/st-george-and-bayside/georges-river/penshurst,
https://c0d312.github.io/evaready-electrical/service-areas/st-george-and-bayside/georges-river/ramsgate,Electrician Ramsgate 2217 | Emergency & Level 2,47,"Electrician Ramsgate 2217 for coastal electrical faults, outdoor lighting, switchboards, smoke alarms, power and Level 2 support.",129,https://c0d312.github.io/evaready-electrical/service-areas/st-george-and-bayside/georges-river/ramsgate,
https://c0d312.github.io/evaready-electrical/service-areas/st-george-and-bayside/georges-river/sans-souci,Electrician Sans Souci 2219 | Emergency & Level 2,49,"Electrician Sans Souci 2219 for coastal electrical faults, outdoor lighting, switchboards, smoke alarms, power and Level 2 support.",131,https://c0d312.github.io/evaready-electrical/service-areas/st-george-and-bayside/georges-river/sans-souci,
https://c0d312.github.io/evaready-electrical/service-areas/st-george-and-bayside/georges-river/south-hurstville,Electrician South Hurstville 2221 | Emergency & Level 2,55,"Electrician South Hurstville 2221 for urgent faults, switchboards, hot water, aircon, CCTV/data and Level 2 support.",116,https://c0d312.github.io/evaready-electrical/service-areas/st-george-and-bayside/georges-river/south-hurstville,
https://c0d312.github.io/evaready-electrical/service-areas/st-george-and-bayside/rockdale-and-bexley,Rockdale & Bexley Electrician | St George & Bayside,51,"Need an electrician in Rockdale & Bexley? Evaready helps with urgent faults, Level 2 work, switchboards, consumer mains, defect notices and planned.",148,https://c0d312.github.io/evaready-electrical/service-areas/st-george-and-bayside/rockdale-and-bexley,
https://c0d312.github.io/evaready-electrical/service-areas/st-george-and-bayside/rockdale-and-bexley/arncliffe,Electrician Arncliffe 2205 | Emergency & Level 2,48,"Electrician Arncliffe 2205 for urgent faults, switchboards, hot water, aircon, CCTV/data and Level 2 support.",109,https://c0d312.github.io/evaready-electrical/service-areas/st-george-and-bayside/rockdale-and-bexley/arncliffe,
https://c0d312.github.io/evaready-electrical/service-areas/st-george-and-bayside/rockdale-and-bexley/banksia,Electrician Banksia 2216 | Emergency & Level 2,46,"Electrician Banksia 2216 for emergency faults, switchboards, lighting, power, data, CCTV and Level 2 support.",109,https://c0d312.github.io/evaready-electrical/service-areas/st-george-and-bayside/rockdale-and-bexley/banksia,
https://c0d312.github.io/evaready-electrical/service-areas/st-george-and-bayside/rockdale-and-bexley/bardwell-park,Electrician Bardwell Park 2207 | Emergency & Level 2,52,"Electrician Bardwell Park 2207 for urgent faults, switchboards, hot water, aircon, CCTV/data and Level 2 support.",113,https://c0d312.github.io/evaready-electrical/service-areas/st-george-and-bayside/rockdale-and-bexley/bardwell-park,
https://c0d312.github.io/evaready-electrical/service-areas/st-george-and-bayside/rockdale-and-bexley/bardwell-valley,Electrician Bardwell Valley 2207 | Emergency & Level 2,54,"Electrician Bardwell Valley 2207 for emergency faults, switchboards, hot water circuits, power, lighting and Level 2 support.",125,https://c0d312.github.io/evaready-electrical/service-areas/st-george-and-bayside/rockdale-and-bexley/bardwell-valley,
https://c0d312.github.io/evaready-electrical/service-areas/st-george-and-bayside/rockdale-and-bexley/bexley,Electrician Bexley 2207 | Emergency & Level 2,45,"Electrician Bexley 2207 for emergency faults, switchboards, lighting, power, data, CCTV and Level 2 support.",108,https://c0d312.github.io/evaready-electrical/service-areas/st-george-and-bayside/rockdale-and-bexley/bexley,
https://c0d312.github.io/evaready-electrical/service-areas/st-george-and-bayside/rockdale-and-bexley/bexley-north,Electrician Bexley North 2207 | Emergency & Level 2,51,"Electrician Bexley North 2207 for emergency faults, switchboards, hot water circuits, power, lighting and Level 2 support.",122,https://c0d312.github.io/evaready-electrical/service-areas/st-george-and-bayside/rockdale-and-bexley/bexley-north,
https://c0d312.github.io/evaready-electrical/service-areas/st-george-and-bayside/rockdale-and-bexley/brighton-le-sands,Electrician Brighton-le-Sands 2216 | Emergency & Level 2,56,"Electrician Brighton-le-Sands 2216 for coastal electrical faults, outdoor lighting, switchboards, smoke alarms, power and Level 2 support.",138,https://c0d312.github.io/evaready-electrical/service-areas/st-george-and-bayside/rockdale-and-bexley/brighton-le-sands,
https://c0d312.github.io/evaready-electrical/service-areas/st-george-and-bayside/rockdale-and-bexley/dolls-point,Electrician Dolls Point 2219 | Emergency & Level 2,50,"Electrician Dolls Point 2219 for coastal electrical faults, outdoor lighting, switchboards, smoke alarms, power and Level 2 support.",132,https://c0d312.github.io/evaready-electrical/service-areas/st-george-and-bayside/rockdale-and-bexley/dolls-point,
https://c0d312.github.io/evaready-electrical/service-areas/st-george-and-bayside/rockdale-and-bexley/kyeemagh,Electrician Kyeemagh 2216 | Emergency & Level 2,47,"Electrician Kyeemagh 2216 for coastal electrical faults, outdoor lighting, switchboards, smoke alarms, power and Level 2 support.",129,https://c0d312.github.io/evaready-electrical/service-areas/st-george-and-bayside/rockdale-and-bexley/kyeemagh,
https://c0d312.github.io/evaready-electrical/service-areas/st-george-and-bayside/rockdale-and-bexley/monterey,Electrician Monterey 2217 | Emergency & Level 2,47,"Electrician Monterey 2217 for coastal electrical faults, outdoor lighting, switchboards, smoke alarms, power and Level 2 support.",129,https://c0d312.github.io/evaready-electrical/service-areas/st-george-and-bayside/rockdale-and-bexley/monterey,
https://c0d312.github.io/evaready-electrical/service-areas/st-george-and-bayside/rockdale-and-bexley/ramsgate-beach,Electrician Ramsgate Beach 2217 | Emergency & Level 2,53,"Electrician Ramsgate Beach 2217 for coastal electrical faults, outdoor lighting, switchboards, smoke alarms, power and Level 2 support.",135,https://c0d312.github.io/evaready-electrical/service-areas/st-george-and-bayside/rockdale-and-bexley/ramsgate-beach,
https://c0d312.github.io/evaready-electrical/service-areas/st-george-and-bayside/rockdale-and-bexley/rockdale,Electrician Rockdale 2216 | Emergency & Level 2,47,"Electrician Rockdale 2216 for emergency faults, switchboards, lighting, power, data, CCTV and Level 2 support.",110,https://c0d312.github.io/evaready-electrical/service-areas/st-george-and-bayside/rockdale-and-bexley/rockdale,
https://c0d312.github.io/evaready-electrical/service-areas/st-george-and-bayside/rockdale-and-bexley/sandringham,Electrician Sandringham 2219 | Emergency & Level 2,50,"Electrician Sandringham 2219 for coastal electrical faults, outdoor lighting, switchboards, smoke alarms, power and Level 2 support.",132,https://c0d312.github.io/evaready-electrical/service-areas/st-george-and-bayside/rockdale-and-bexley/sandringham,
https://c0d312.github.io/evaready-electrical/service-areas/st-george-and-bayside/rockdale-and-bexley/turrella,Electrician Turrella 2205 | Emergency & Level 2,47,"Electrician Turrella 2205 for emergency faults, switchboards, lighting, power, data, CCTV and Level 2 support.",110,https://c0d312.github.io/evaready-electrical/service-areas/st-george-and-bayside/rockdale-and-bexley/turrella,
https://c0d312.github.io/evaready-electrical/service-areas/st-george-and-bayside/rockdale-and-bexley/wolli-creek,Electrician Wolli Creek 2205 | Emergency & Level 2,50,"Electrician Wolli Creek 2205 for urgent faults, switchboards, hot water, aircon, CCTV/data and Level 2 support.",111,https://c0d312.github.io/evaready-electrical/service-areas/st-george-and-bayside/rockdale-and-bexley/wolli-creek,
https://c0d312.github.io/evaready-electrical/service-areas/sutherland-shire,Sutherland Shire Electrician | Emergency & Level 2,50,"Need an electrician in Sutherland Shire? Evaready helps with urgent faults, Level 2 work, switchboards, consumer mains, defect notices.",135,https://c0d312.github.io/evaready-electrical/service-areas/sutherland-shire,
https://c0d312.github.io/evaready-electrical/service-areas/sutherland-shire/sutherland-shire,Sutherland Shire Electrician | Sutherland Shire,47,"Need an electrician in Sutherland Shire? Evaready helps with urgent faults, Level 2 work, switchboards, consumer mains, defect notices.",135,https://c0d312.github.io/evaready-electrical/service-areas/sutherland-shire/sutherland-shire,
https://c0d312.github.io/evaready-electrical/service-areas/sutherland-shire/sutherland-shire/alfords-point,Electrician Alfords Point 2234 | Emergency & Level 2,52,"Electrician Alfords Point 2234 for urgent faults, switchboards, hot water, aircon, CCTV/data and Level 2 support.",113,https://c0d312.github.io/evaready-electrical/service-areas/sutherland-shire/sutherland-shire/alfords-point,
https://c0d312.github.io/evaready-electrical/service-areas/sutherland-shire/sutherland-shire/bangor,Electrician Bangor 2234 | Emergency & Level 2,45,"Electrician Bangor 2234 for emergency faults, switchboards, hot water circuits, power, lighting and Level 2 support.",116,https://c0d312.github.io/evaready-electrical/service-areas/sutherland-shire/sutherland-shire/bangor,
https://c0d312.github.io/evaready-electrical/service-areas/sutherland-shire/sutherland-shire/barden-ridge,Electrician Barden Ridge 2234 | Emergency & Level 2,51,"Electrician Barden Ridge 2234 for urgent faults, switchboards, hot water, aircon, CCTV/data and Level 2 support.",112,https://c0d312.github.io/evaready-electrical/service-areas/sutherland-shire/sutherland-shire/barden-ridge,
https://c0d312.github.io/evaready-electrical/service-areas/sutherland-shire/sutherland-shire/bonnet-bay,Electrician Bonnet Bay 2226 | Emergency & Level 2,49,"Electrician Bonnet Bay 2226 for urgent faults, switchboards, hot water, aircon, CCTV/data and Level 2 support.",110,https://c0d312.github.io/evaready-electrical/service-areas/sutherland-shire/sutherland-shire/bonnet-bay,
https://c0d312.github.io/evaready-electrical/service-areas/sutherland-shire/sutherland-shire/bundeena,Electrician Bundeena 2230 | Emergency & Level 2,47,"Electrician Bundeena 2230 for coastal electrical faults, outdoor lighting, switchboards, smoke alarms, power and Level 2 support.",129,https://c0d312.github.io/evaready-electrical/service-areas/sutherland-shire/sutherland-shire/bundeena,
https://c0d312.github.io/evaready-electrical/service-areas/sutherland-shire/sutherland-shire/burraneer,Electrician Burraneer 2230 | Emergency & Level 2,48,"Electrician Burraneer 2230 for urgent faults, switchboards, hot water, aircon, CCTV/data and Level 2 support.",109,https://c0d312.github.io/evaready-electrical/service-areas/sutherland-shire/sutherland-shire/burraneer,
https://c0d312.github.io/evaready-electrical/service-areas/sutherland-shire/sutherland-shire/caringbah,Electrician Caringbah 2229 | Emergency & Level 2,48,"Electrician Caringbah 2229 for emergency faults, switchboards, lighting, power, data, CCTV and Level 2 support.",111,https://c0d312.github.io/evaready-electrical/service-areas/sutherland-shire/sutherland-shire/caringbah,
https://c0d312.github.io/evaready-electrical/service-areas/sutherland-shire/sutherland-shire/caringbah-south,Electrician Caringbah South 2229 | Emergency & Level 2,54,"Electrician Caringbah South 2229 for emergency faults, switchboards, hot water circuits, power, lighting and Level 2 support.",125,https://c0d312.github.io/evaready-electrical/service-areas/sutherland-shire/sutherland-shire/caringbah-south,
https://c0d312.github.io/evaready-electrical/service-areas/sutherland-shire/sutherland-shire/como,Electrician Como 2226 | Emergency & Level 2,43,"Electrician Como 2226 for emergency faults, switchboards, hot water circuits, power, lighting and Level 2 support.",114,https://c0d312.github.io/evaready-electrical/service-areas/sutherland-shire/sutherland-shire/como,
https://c0d312.github.io/evaready-electrical/service-areas/sutherland-shire/sutherland-shire/cronulla,Electrician Cronulla 2230 | Emergency & Level 2,47,"Electrician Cronulla 2230 for coastal electrical faults, outdoor lighting, switchboards, smoke alarms, power and Level 2 support.",129,https://c0d312.github.io/evaready-electrical/service-areas/sutherland-shire/sutherland-shire/cronulla,
https://c0d312.github.io/evaready-electrical/service-areas/sutherland-shire/sutherland-shire/dolans-bay,Electrician Dolans Bay 2229 | Emergency & Level 2,49,"Electrician Dolans Bay 2229 for urgent faults, switchboards, hot water, aircon, CCTV/data and Level 2 support.",110,https://c0d312.github.io/evaready-electrical/service-areas/sutherland-shire/sutherland-shire/dolans-bay,
https://c0d312.github.io/evaready-electrical/service-areas/sutherland-shire/sutherland-shire/engadine,Electrician Engadine 2233 | Emergency & Level 2,47,"Electrician Engadine 2233 for urgent faults, switchboards, hot water, aircon, CCTV/data and Level 2 support.",108,https://c0d312.github.io/evaready-electrical/service-areas/sutherland-shire/sutherland-shire/engadine,
https://c0d312.github.io/evaready-electrical/service-areas/sutherland-shire/sutherland-shire/grays-point,Electrician Grays Point 2232 | Emergency & Level 2,50,"Electrician Grays Point 2232 for emergency faults, switchboards, hot water circuits, power, lighting and Level 2 support.",121,https://c0d312.github.io/evaready-electrical/service-areas/sutherland-shire/sutherland-shire/grays-point,
https://c0d312.github.io/evaready-electrical/service-areas/sutherland-shire/sutherland-shire/greenhills-beach,Electrician Greenhills Beach 2230 | Emergency & Level 2,55,"Electrician Greenhills Beach 2230 for coastal electrical faults, outdoor lighting, switchboards, smoke alarms, power and Level 2 support.",137,https://c0d312.github.io/evaready-electrical/service-areas/sutherland-shire/sutherland-shire/greenhills-beach,
https://c0d312.github.io/evaready-electrical/service-areas/sutherland-shire/sutherland-shire/gymea,Electrician Gymea 2227 | Emergency & Level 2,44,"Electrician Gymea 2227 for emergency faults, switchboards, lighting, power, data, CCTV and Level 2 support.",107,https://c0d312.github.io/evaready-electrical/service-areas/sutherland-shire/sutherland-shire/gymea,
https://c0d312.github.io/evaready-electrical/service-areas/sutherland-shire/sutherland-shire/gymea-bay,Electrician Gymea Bay 2227 | Emergency & Level 2,48,"Electrician Gymea Bay 2227 for urgent faults, switchboards, hot water, aircon, CCTV/data and Level 2 support.",109,https://c0d312.github.io/evaready-electrical/service-areas/sutherland-shire/sutherland-shire/gymea-bay,
https://c0d312.github.io/evaready-electrical/service-areas/sutherland-shire/sutherland-shire/heathcote,Electrician Heathcote 2233 | Emergency & Level 2,48,"Electrician Heathcote 2233 for urgent faults, switchboards, hot water, aircon, CCTV/data and Level 2 support.",109,https://c0d312.github.io/evaready-electrical/service-areas/sutherland-shire/sutherland-shire/heathcote,
https://c0d312.github.io/evaready-electrical/service-areas/sutherland-shire/sutherland-shire/illawong,Electrician Illawong 2234 | Emergency & Level 2,47,"Electrician Illawong 2234 for emergency faults, switchboards, hot water circuits, power, lighting and Level 2 support.",118,https://c0d312.github.io/evaready-electrical/service-areas/sutherland-shire/sutherland-shire/illawong,
https://c0d312.github.io/evaready-electrical/service-areas/sutherland-shire/sutherland-shire/jannali,Electrician Jannali 2226 | Emergency & Level 2,46,"Electrician Jannali 2226 for emergency faults, switchboards, lighting, power, data, CCTV and Level 2 support.",109,https://c0d312.github.io/evaready-electrical/service-areas/sutherland-shire/sutherland-shire/jannali,
https://c0d312.github.io/evaready-electrical/service-areas/sutherland-shire/sutherland-shire/kangaroo-point,Electrician Kangaroo Point 2224 | Emergency & Level 2,53,"Electrician Kangaroo Point 2224 for urgent faults, switchboards, hot water, aircon, CCTV/data and Level 2 support.",114,https://c0d312.github.io/evaready-electrical/service-areas/sutherland-shire/sutherland-shire/kangaroo-point,
https://c0d312.github.io/evaready-electrical/service-areas/sutherland-shire/sutherland-shire/kareela,Electrician Kareela 2232 | Emergency & Level 2,46,"Electrician Kareela 2232 for emergency faults, switchboards, hot water circuits, power, lighting and Level 2 support.",117,https://c0d312.github.io/evaready-electrical/service-areas/sutherland-shire/sutherland-shire/kareela,
https://c0d312.github.io/evaready-electrical/service-areas/sutherland-shire/sutherland-shire/kirrawee,Electrician Kirrawee 2232 | Emergency & Level 2,47,"Electrician Kirrawee 2232 for emergency faults, switchboards, lighting, power, data, CCTV and Level 2 support.",110,https://c0d312.github.io/evaready-electrical/service-areas/sutherland-shire/sutherland-shire/kirrawee,
https://c0d312.github.io/evaready-electrical/service-areas/sutherland-shire/sutherland-shire/kurnell,Electrician Kurnell 2231 | Emergency & Level 2,46,"Electrician Kurnell 2231 for coastal electrical faults, outdoor lighting, switchboards, smoke alarms, power and Level 2 support.",128,https://c0d312.github.io/evaready-electrical/service-areas/sutherland-shire/sutherland-shire/kurnell,
https://c0d312.github.io/evaready-electrical/service-areas/sutherland-shire/sutherland-shire/lilli-pilli,Electrician Lilli Pilli 2229 | Emergency & Level 2,50,"Electrician Lilli Pilli 2229 for emergency faults, switchboards, hot water circuits, power, lighting and Level 2 support.",121,https://c0d312.github.io/evaready-electrical/service-areas/sutherland-shire/sutherland-shire/lilli-pilli,
https://c0d312.github.io/evaready-electrical/service-areas/sutherland-shire/sutherland-shire/loftus,Electrician Loftus 2232 | Emergency & Level 2,45,"Electrician Loftus 2232 for emergency faults, switchboards, hot water circuits, power, lighting and Level 2 support.",116,https://c0d312.github.io/evaready-electrical/service-areas/sutherland-shire/sutherland-shire/loftus,
https://c0d312.github.io/evaready-electrical/service-areas/sutherland-shire/sutherland-shire/maianbar,Electrician Maianbar 2230 | Emergency & Level 2,47,"Electrician Maianbar 2230 for coastal electrical faults, outdoor lighting, switchboards, smoke alarms, power and Level 2 support.",129,https://c0d312.github.io/evaready-electrical/service-areas/sutherland-shire/sutherland-shire/maianbar,
https://c0d312.github.io/evaready-electrical/service-areas/sutherland-shire/sutherland-shire/menai,Electrician Menai 2234 | Emergency & Level 2,44,"Electrician Menai 2234 for emergency faults, switchboards, lighting, power, data, CCTV and Level 2 support.",107,https://c0d312.github.io/evaready-electrical/service-areas/sutherland-shire/sutherland-shire/menai,
https://c0d312.github.io/evaready-electrical/service-areas/sutherland-shire/sutherland-shire/miranda,Electrician Miranda 2228 | Emergency & Level 2,46,"Electrician Miranda 2228 for emergency faults, switchboards, lighting, power, data, CCTV and Level 2 support.",109,https://c0d312.github.io/evaready-electrical/service-areas/sutherland-shire/sutherland-shire/miranda,
https://c0d312.github.io/evaready-electrical/service-areas/sutherland-shire/sutherland-shire/oyster-bay,Electrician Oyster Bay 2225 | Emergency & Level 2,49,"Electrician Oyster Bay 2225 for emergency faults, switchboards, hot water circuits, power, lighting and Level 2 support.",120,https://c0d312.github.io/evaready-electrical/service-areas/sutherland-shire/sutherland-shire/oyster-bay,
https://c0d312.github.io/evaready-electrical/service-areas/sutherland-shire/sutherland-shire/port-hacking,Electrician Port Hacking 2229 | Emergency & Level 2,51,"Electrician Port Hacking 2229 for emergency faults, switchboards, hot water circuits, power, lighting and Level 2 support.",122,https://c0d312.github.io/evaready-electrical/service-areas/sutherland-shire/sutherland-shire/port-hacking,
https://c0d312.github.io/evaready-electrical/service-areas/sutherland-shire/sutherland-shire/royal-national-park,Electrician Royal National Park 2233 | Emergency & Level 2,58,"Electrician Royal National Park 2233 for urgent faults, switchboards, hot water, aircon, CCTV/data and Level 2 support.",119,https://c0d312.github.io/evaready-electrical/service-areas/sutherland-shire/sutherland-shire/royal-national-park,
https://c0d312.github.io/evaready-electrical/service-areas/sutherland-shire/sutherland-shire/sandy-point,Electrician Sandy Point 2172 | Emergency & Level 2,50,"Electrician Sandy Point 2172 for emergency faults, switchboards, hot water circuits, power, lighting and Level 2 support.",121,https://c0d312.github.io/evaready-electrical/service-areas/sutherland-shire/sutherland-shire/sandy-point,
https://c0d312.github.io/evaready-electrical/service-areas/sutherland-shire/sutherland-shire/sutherland,Electrician Sutherland 2232 | Emergency & Level 2,49,"Electrician Sutherland 2232 for emergency faults, switchboards, lighting, power, data, CCTV and Level 2 support.",112,https://c0d312.github.io/evaready-electrical/service-areas/sutherland-shire/sutherland-shire/sutherland,
https://c0d312.github.io/evaready-electrical/service-areas/sutherland-shire/sutherland-shire/sylvania,Electrician Sylvania 2224 | Emergency & Level 2,47,"Electrician Sylvania 2224 for emergency faults, switchboards, lighting, power, data, CCTV and Level 2 support.",110,https://c0d312.github.io/evaready-electrical/service-areas/sutherland-shire/sutherland-shire/sylvania,
https://c0d312.github.io/evaready-electrical/service-areas/sutherland-shire/sutherland-shire/sylvania-waters,Electrician Sylvania Waters 2224 | Emergency & Level 2,54,"Electrician Sylvania Waters 2224 for emergency faults, switchboards, hot water circuits, power, lighting and Level 2 support.",125,https://c0d312.github.io/evaready-electrical/service-areas/sutherland-shire/sutherland-shire/sylvania-waters,
https://c0d312.github.io/evaready-electrical/service-areas/sutherland-shire/sutherland-shire/taren-point,Electrician Taren Point 2229 | Emergency & Level 2,50,"Electrician Taren Point 2229 for emergency faults, switchboards, lighting, power, data, CCTV and Level 2 support.",113,https://c0d312.github.io/evaready-electrical/service-areas/sutherland-shire/sutherland-shire/taren-point,
https://c0d312.github.io/evaready-electrical/service-areas/sutherland-shire/sutherland-shire/waterfall,Electrician Waterfall 2233 | Emergency & Level 2,48,"Electrician Waterfall 2233 for emergency faults, switchboards, hot water circuits, power, lighting and Level 2 support.",119,https://c0d312.github.io/evaready-electrical/service-areas/sutherland-shire/sutherland-shire/waterfall,
https://c0d312.github.io/evaready-electrical/service-areas/sutherland-shire/sutherland-shire/woolooware,Electrician Woolooware 2230 | Emergency & Level 2,49,"Electrician Woolooware 2230 for coastal electrical faults, outdoor lighting, switchboards, smoke alarms, power and Level 2 support.",131,https://c0d312.github.io/evaready-electrical/service-areas/sutherland-shire/sutherland-shire/woolooware,
https://c0d312.github.io/evaready-electrical/service-areas/sutherland-shire/sutherland-shire/woronora,Electrician Woronora 2232 | Emergency & Level 2,47,"Electrician Woronora 2232 for emergency faults, switchboards, hot water circuits, power, lighting and Level 2 support.",118,https://c0d312.github.io/evaready-electrical/service-areas/sutherland-shire/sutherland-shire/woronora,
https://c0d312.github.io/evaready-electrical/service-areas/sutherland-shire/sutherland-shire/woronora-heights,Electrician Woronora Heights 2233 | Emergency & Level 2,55,"Electrician Woronora Heights 2233 for emergency faults, switchboards, hot water circuits, power, lighting and Level 2 support.",126,https://c0d312.github.io/evaready-electrical/service-areas/sutherland-shire/sutherland-shire/woronora-heights,
https://c0d312.github.io/evaready-electrical/service-areas/sutherland-shire/sutherland-shire/yarrawarrah,Electrician Yarrawarrah 2233 | Emergency & Level 2,50,"Electrician Yarrawarrah 2233 for emergency faults, switchboards, hot water circuits, power, lighting and Level 2 support.",121,https://c0d312.github.io/evaready-electrical/service-areas/sutherland-shire/sutherland-shire/yarrawarrah,
https://c0d312.github.io/evaready-electrical/service-areas/sutherland-shire/sutherland-shire/yowie-bay,Electrician Yowie Bay 2228 | Emergency & Level 2,48,"Electrician Yowie Bay 2228 for emergency faults, switchboards, hot water circuits, power, lighting and Level 2 support.",119,https://c0d312.github.io/evaready-electrical/service-areas/sutherland-shire/sutherland-shire/yowie-bay,
https://c0d312.github.io/evaready-electrical/service-areas/sydney-city-and-eastern-suburbs,Sydney City & Eastern Suburbs Electrician | Emergency & Level 2,63,"Need an electrician in Sydney City & Eastern Suburbs? Evaready helps with urgent faults, Level 2 work, switchboards, consumer mains, defect notices.",148,https://c0d312.github.io/evaready-electrical/service-areas/sydney-city-and-eastern-suburbs,
https://c0d312.github.io/evaready-electrical/service-areas/sydney-city-and-eastern-suburbs/randwick,Randwick Electrician | Sydney City & Eastern Suburbs,52,"Need an electrician in Randwick? Evaready helps with urgent faults, Level 2 work, switchboards, consumer mains, defect notices and planned electrical jobs.",155,https://c0d312.github.io/evaready-electrical/service-areas/sydney-city-and-eastern-suburbs/randwick,
https://c0d312.github.io/evaready-electrical/service-areas/sydney-city-and-eastern-suburbs/randwick/centennial-park,Electrician Centennial Park 2021 | Emergency & Level 2,54,"Electrician Centennial Park 2021 for emergency faults, switchboards, hot water circuits, power, lighting and Level 2 support.",125,https://c0d312.github.io/evaready-electrical/service-areas/sydney-city-and-eastern-suburbs/randwick/centennial-park,
https://c0d312.github.io/evaready-electrical/service-areas/sydney-city-and-eastern-suburbs/randwick/chifley,Electrician Chifley 2036 | Emergency & Level 2,46,"Electrician Chifley 2036 for emergency faults, switchboards, lighting, power, data, CCTV and Level 2 support.",109,https://c0d312.github.io/evaready-electrical/service-areas/sydney-city-and-eastern-suburbs/randwick/chifley,
https://c0d312.github.io/evaready-electrical/service-areas/sydney-city-and-eastern-suburbs/randwick/clovelly,Electrician Clovelly 2031 | Emergency & Level 2,47,"Electrician Clovelly 2031 for coastal electrical faults, outdoor lighting, switchboards, smoke alarms, power and Level 2 support.",129,https://c0d312.github.io/evaready-electrical/service-areas/sydney-city-and-eastern-suburbs/randwick/clovelly,
https://c0d312.github.io/evaready-electrical/service-areas/sydney-city-and-eastern-suburbs/randwick/coogee,Electrician Coogee 2034 | Emergency & Level 2,45,"Electrician Coogee 2034 for coastal electrical faults, outdoor lighting, switchboards, smoke alarms, power and Level 2 support.",127,https://c0d312.github.io/evaready-electrical/service-areas/sydney-city-and-eastern-suburbs/randwick/coogee,
https://c0d312.github.io/evaready-electrical/service-areas/sydney-city-and-eastern-suburbs/randwick/kensington,Electrician Kensington 2033 | Emergency & Level 2,49,"Electrician Kensington 2033 for emergency faults, switchboards, lighting, power, data, CCTV and Level 2 support.",112,https://c0d312.github.io/evaready-electrical/service-areas/sydney-city-and-eastern-suburbs/randwick/kensington,
https://c0d312.github.io/evaready-electrical/service-areas/sydney-city-and-eastern-suburbs/randwick/kingsford,Electrician Kingsford 2032 | Emergency & Level 2,48,"Electrician Kingsford 2032 for emergency faults, switchboards, lighting, power, data, CCTV and Level 2 support.",111,https://c0d312.github.io/evaready-electrical/service-areas/sydney-city-and-eastern-suburbs/randwick/kingsford,
https://c0d312.github.io/evaready-electrical/service-areas/sydney-city-and-eastern-suburbs/randwick/la-perouse,Electrician La Perouse 2036 | Emergency & Level 2,49,"Electrician La Perouse 2036 for coastal electrical faults, outdoor lighting, switchboards, smoke alarms, power and Level 2 support.",131,https://c0d312.github.io/evaready-electrical/service-areas/sydney-city-and-eastern-suburbs/randwick/la-perouse,
https://c0d312.github.io/evaready-electrical/service-areas/sydney-city-and-eastern-suburbs/randwick/little-bay,Electrician Little Bay 2036 | Emergency & Level 2,49,"Electrician Little Bay 2036 for coastal electrical faults, outdoor lighting, switchboards, smoke alarms, power and Level 2 support.",131,https://c0d312.github.io/evaready-electrical/service-areas/sydney-city-and-eastern-suburbs/randwick/little-bay,
https://c0d312.github.io/evaready-electrical/service-areas/sydney-city-and-eastern-suburbs/randwick/malabar,Electrician Malabar 2036 | Emergency & Level 2,46,"Electrician Malabar 2036 for coastal electrical faults, outdoor lighting, switchboards, smoke alarms, power and Level 2 support.",128,https://c0d312.github.io/evaready-electrical/service-areas/sydney-city-and-eastern-suburbs/randwick/malabar,
https://c0d312.github.io/evaready-electrical/service-areas/sydney-city-and-eastern-suburbs/randwick/maroubra,Electrician Maroubra 2035 | Emergency & Level 2,47,"Electrician Maroubra 2035 for coastal electrical faults, outdoor lighting, switchboards, smoke alarms, power and Level 2 support.",129,https://c0d312.github.io/evaready-electrical/service-areas/sydney-city-and-eastern-suburbs/randwick/maroubra,
https://c0d312.github.io/evaready-electrical/service-areas/sydney-city-and-eastern-suburbs/randwick/matraville,Electrician Matraville 2036 | Emergency & Level 2,49,"Electrician Matraville 2036 for emergency faults, switchboards, lighting, power, data, CCTV and Level 2 support.",112,https://c0d312.github.io/evaready-electrical/service-areas/sydney-city-and-eastern-suburbs/randwick/matraville,
https://c0d312.github.io/evaready-electrical/service-areas/sydney-city-and-eastern-suburbs/randwick/phillip-bay,Electrician Phillip Bay 2036 | Emergency & Level 2,50,"Electrician Phillip Bay 2036 for coastal electrical faults, outdoor lighting, switchboards, smoke alarms, power and Level 2 support.",132,https://c0d312.github.io/evaready-electrical/service-areas/sydney-city-and-eastern-suburbs/randwick/phillip-bay,
https://c0d312.github.io/evaready-electrical/service-areas/sydney-city-and-eastern-suburbs/randwick/randwick,Electrician Randwick 2031 | Emergency & Level 2,47,"Electrician Randwick 2031 for emergency faults, switchboards, lighting, power, data, CCTV and Level 2 support.",110,https://c0d312.github.io/evaready-electrical/service-areas/sydney-city-and-eastern-suburbs/randwick/randwick,
https://c0d312.github.io/evaready-electrical/service-areas/sydney-city-and-eastern-suburbs/randwick/south-coogee,Electrician South Coogee 2034 | Emergency & Level 2,51,"Electrician South Coogee 2034 for coastal electrical faults, outdoor lighting, switchboards, smoke alarms, power and Level 2 support.",133,https://c0d312.github.io/evaready-electrical/service-areas/sydney-city-and-eastern-suburbs/randwick/south-coogee,
https://c0d312.github.io/evaready-electrical/service-areas/sydney-city-and-eastern-suburbs/sydney,Sydney Electrician | Sydney City & Eastern Suburbs,50,"Need an electrician in Sydney? Evaready helps with urgent faults, Level 2 work, switchboards, consumer mains, defect notices and planned electrical jobs.",153,https://c0d312.github.io/evaready-electrical/service-areas/sydney-city-and-eastern-suburbs/sydney,
https://c0d312.github.io/evaready-electrical/service-areas/sydney-city-and-eastern-suburbs/sydney/alexandria,Electrician Alexandria 2015 | Emergency & Level 2,49,"Electrician Alexandria 2015 for emergency faults, switchboards, lighting, power, data, CCTV and Level 2 support.",112,https://c0d312.github.io/evaready-electrical/service-areas/sydney-city-and-eastern-suburbs/sydney/alexandria,
https://c0d312.github.io/evaready-electrical/service-areas/sydney-city-and-eastern-suburbs/sydney/barangaroo,Electrician Barangaroo 2000 | Emergency & Level 2,49,"Electrician Barangaroo 2000 for emergency faults, switchboards, lighting, power, data, CCTV and Level 2 support.",112,https://c0d312.github.io/evaready-electrical/service-areas/sydney-city-and-eastern-suburbs/sydney/barangaroo,
https://c0d312.github.io/evaready-electrical/service-areas/sydney-city-and-eastern-suburbs/sydney/beaconsfield,Electrician Beaconsfield 2015 | Emergency & Level 2,51,"Electrician Beaconsfield 2015 for emergency faults, switchboards, lighting, power, data, CCTV and Level 2 support.",114,https://c0d312.github.io/evaready-electrical/service-areas/sydney-city-and-eastern-suburbs/sydney/beaconsfield,
https://c0d312.github.io/evaready-electrical/service-areas/sydney-city-and-eastern-suburbs/sydney/chippendale,Electrician Chippendale 2008 | Emergency & Level 2,50,"Electrician Chippendale 2008 for emergency faults, switchboards, lighting, power, data, CCTV and Level 2 support.",113,https://c0d312.github.io/evaready-electrical/service-areas/sydney-city-and-eastern-suburbs/sydney/chippendale,
https://c0d312.github.io/evaready-electrical/service-areas/sydney-city-and-eastern-suburbs/sydney/darlinghurst,Electrician Darlinghurst 2010 | Emergency & Level 2,51,"Electrician Darlinghurst 2010 for emergency faults, switchboards, lighting, power, data, CCTV and Level 2 support.",114,https://c0d312.github.io/evaready-electrical/service-areas/sydney-city-and-eastern-suburbs/sydney/darlinghurst,
https://c0d312.github.io/evaready-electrical/service-areas/sydney-city-and-eastern-suburbs/sydney/darlington,Electrician Darlington 2008 | Emergency & Level 2,49,"Electrician Darlington 2008 for emergency faults, switchboards, hot water circuits, power, lighting and Level 2 support.",120,https://c0d312.github.io/evaready-electrical/service-areas/sydney-city-and-eastern-suburbs/sydney/darlington,
https://c0d312.github.io/evaready-electrical/service-areas/sydney-city-and-eastern-suburbs/sydney/dawes-point,Electrician Dawes Point 2000 | Emergency & Level 2,50,"Electrician Dawes Point 2000 for urgent faults, switchboards, hot water, aircon, CCTV/data and Level 2 support.",111,https://c0d312.github.io/evaready-electrical/service-areas/sydney-city-and-eastern-suburbs/sydney/dawes-point,
https://c0d312.github.io/evaready-electrical/service-areas/sydney-city-and-eastern-suburbs/sydney/elizabeth-bay,Electrician Elizabeth Bay 2011 | Emergency & Level 2,52,"Electrician Elizabeth Bay 2011 for urgent faults, switchboards, hot water, aircon, CCTV/data and Level 2 support.",113,https://c0d312.github.io/evaready-electrical/service-areas/sydney-city-and-eastern-suburbs/sydney/elizabeth-bay,
https://c0d312.github.io/evaready-electrical/service-areas/sydney-city-and-eastern-suburbs/sydney/erskineville,Electrician Erskineville 2043 | Emergency & Level 2,51,"Electrician Erskineville 2043 for emergency faults, switchboards, hot water circuits, power, lighting and Level 2 support.",122,https://c0d312.github.io/evaready-electrical/service-areas/sydney-city-and-eastern-suburbs/sydney/erskineville,
https://c0d312.github.io/evaready-electrical/service-areas/sydney-city-and-eastern-suburbs/sydney/eveleigh,Electrician Eveleigh 2015 | Emergency & Level 2,47,"Electrician Eveleigh 2015 for emergency faults, switchboards, lighting, power, data, CCTV and Level 2 support.",110,https://c0d312.github.io/evaready-electrical/service-areas/sydney-city-and-eastern-suburbs/sydney/eveleigh,
https://c0d312.github.io/evaready-electrical/service-areas/sydney-city-and-eastern-suburbs/sydney/forest-lodge,Electrician Forest Lodge 2037 | Emergency & Level 2,51,"Electrician Forest Lodge 2037 for urgent faults, switchboards, hot water, aircon, CCTV/data and Level 2 support.",112,https://c0d312.github.io/evaready-electrical/service-areas/sydney-city-and-eastern-suburbs/sydney/forest-lodge,
https://c0d312.github.io/evaready-electrical/service-areas/sydney-city-and-eastern-suburbs/sydney/glebe,Electrician Glebe 2037 | Emergency & Level 2,44,"Electrician Glebe 2037 for emergency faults, switchboards, lighting, power, data, CCTV and Level 2 support.",107,https://c0d312.github.io/evaready-electrical/service-areas/sydney-city-and-eastern-suburbs/sydney/glebe,
https://c0d312.github.io/evaready-electrical/service-areas/sydney-city-and-eastern-suburbs/sydney/haymarket,Electrician Haymarket 2000 | Emergency & Level 2,48,"Electrician Haymarket 2000 for emergency faults, switchboards, lighting, power, data, CCTV and Level 2 support.",111,https://c0d312.github.io/evaready-electrical/service-areas/sydney-city-and-eastern-suburbs/sydney/haymarket,
https://c0d312.github.io/evaready-electrical/service-areas/sydney-city-and-eastern-suburbs/sydney/millers-point,Electrician Millers Point 2000 | Emergency & Level 2,52,"Electrician Millers Point 2000 for urgent faults, switchboards, hot water, aircon, CCTV/data and Level 2 support.",113,https://c0d312.github.io/evaready-electrical/service-areas/sydney-city-and-eastern-suburbs/sydney/millers-point,
https://c0d312.github.io/evaready-electrical/service-areas/sydney-city-and-eastern-suburbs/sydney/moore-park,Electrician Moore Park 2021 | Emergency & Level 2,49,"Electrician Moore Park 2021 for emergency faults, switchboards, lighting, power, data, CCTV and Level 2 support.",112,https://c0d312.github.io/evaready-electrical/service-areas/sydney-city-and-eastern-suburbs/sydney/moore-park,
https://c0d312.github.io/evaready-electrical/service-areas/sydney-city-and-eastern-suburbs/sydney/paddington,Electrician Paddington 2021 | Emergency & Level 2,49,"Electrician Paddington 2021 for urgent faults, switchboards, hot water, aircon, CCTV/data and Level 2 support.",110,https://c0d312.github.io/evaready-electrical/service-areas/sydney-city-and-eastern-suburbs/sydney/paddington,
https://c0d312.github.io/evaready-electrical/service-areas/sydney-city-and-eastern-suburbs/sydney/potts-point,Electrician Potts Point 2011 | Emergency & Level 2,50,"Electrician Potts Point 2011 for urgent faults, switchboards, hot water, aircon, CCTV/data and Level 2 support.",111,https://c0d312.github.io/evaready-electrical/service-areas/sydney-city-and-eastern-suburbs/sydney/potts-point,
https://c0d312.github.io/evaready-electrical/service-areas/sydney-city-and-eastern-suburbs/sydney/pyrmont,Electrician Pyrmont 2009 | Emergency & Level 2,46,"Electrician Pyrmont 2009 for emergency faults, switchboards, lighting, power, data, CCTV and Level 2 support.",109,https://c0d312.github.io/evaready-electrical/service-areas/sydney-city-and-eastern-suburbs/sydney/pyrmont,
https://c0d312.github.io/evaready-electrical/service-areas/sydney-city-and-eastern-suburbs/sydney/redfern,Electrician Redfern 2016 | Emergency & Level 2,46,"Electrician Redfern 2016 for emergency faults, switchboards, lighting, power, data, CCTV and Level 2 support.",109,https://c0d312.github.io/evaready-electrical/service-areas/sydney-city-and-eastern-suburbs/sydney/redfern,
https://c0d312.github.io/evaready-electrical/service-areas/sydney-city-and-eastern-suburbs/sydney/rushcutters-bay,Electrician Rushcutters Bay 2011 | Emergency & Level 2,54,"Electrician Rushcutters Bay 2011 for urgent faults, switchboards, hot water, aircon, CCTV/data and Level 2 support.",115,https://c0d312.github.io/evaready-electrical/service-areas/sydney-city-and-eastern-suburbs/sydney/rushcutters-bay,
https://c0d312.github.io/evaready-electrical/service-areas/sydney-city-and-eastern-suburbs/sydney/surry-hills,Electrician Surry Hills 2010 | Emergency & Level 2,50,"Electrician Surry Hills 2010 for emergency faults, switchboards, lighting, power, data, CCTV and Level 2 support.",113,https://c0d312.github.io/evaready-electrical/service-areas/sydney-city-and-eastern-suburbs/sydney/surry-hills,
https://c0d312.github.io/evaready-electrical/service-areas/sydney-city-and-eastern-suburbs/sydney/sydney,Electrician Sydney 2000 | Emergency & Level 2,45,"Electrician Sydney 2000 for emergency faults, switchboards, lighting, power, data, CCTV and Level 2 support.",108,https://c0d312.github.io/evaready-electrical/service-areas/sydney-city-and-eastern-suburbs/sydney/sydney,
https://c0d312.github.io/evaready-electrical/service-areas/sydney-city-and-eastern-suburbs/sydney/the-rocks,Electrician The Rocks 2000 | Emergency & Level 2,48,"Electrician The Rocks 2000 for emergency faults, switchboards, hot water circuits, power, lighting and Level 2 support.",119,https://c0d312.github.io/evaready-electrical/service-areas/sydney-city-and-eastern-suburbs/sydney/the-rocks,
https://c0d312.github.io/evaready-electrical/service-areas/sydney-city-and-eastern-suburbs/sydney/ultimo,Electrician Ultimo 2007 | Emergency & Level 2,45,"Electrician Ultimo 2007 for emergency faults, switchboards, lighting, power, data, CCTV and Level 2 support.",108,https://c0d312.github.io/evaready-electrical/service-areas/sydney-city-and-eastern-suburbs/sydney/ultimo,
https://c0d312.github.io/evaready-electrical/service-areas/sydney-city-and-eastern-suburbs/sydney/waterloo,Electrician Waterloo 2017 | Emergency & Level 2,47,"Electrician Waterloo 2017 for urgent faults, switchboards, hot water, aircon, CCTV/data and Level 2 support.",108,https://c0d312.github.io/evaready-electrical/service-areas/sydney-city-and-eastern-suburbs/sydney/waterloo,
https://c0d312.github.io/evaready-electrical/service-areas/sydney-city-and-eastern-suburbs/sydney/woolloomooloo,Electrician Woolloomooloo 2011 | Emergency & Level 2,52,"Electrician Woolloomooloo 2011 for emergency faults, switchboards, hot water circuits, power, lighting and Level 2 support.",123,https://c0d312.github.io/evaready-electrical/service-areas/sydney-city-and-eastern-suburbs/sydney/woolloomooloo,
https://c0d312.github.io/evaready-electrical/service-areas/sydney-city-and-eastern-suburbs/sydney/zetland,Electrician Zetland 2017 | Emergency & Level 2,46,"Electrician Zetland 2017 for emergency faults, switchboards, hot water circuits, power, lighting and Level 2 support.",117,https://c0d312.github.io/evaready-electrical/service-areas/sydney-city-and-eastern-suburbs/sydney/zetland,
https://c0d312.github.io/evaready-electrical/service-areas/sydney-city-and-eastern-suburbs/waverley,Waverley Electrician | Sydney City & Eastern Suburbs,52,"Need an electrician in Waverley? Evaready helps with urgent faults, Level 2 work, switchboards, consumer mains, defect notices and planned electrical jobs.",155,https://c0d312.github.io/evaready-electrical/service-areas/sydney-city-and-eastern-suburbs/waverley,
https://c0d312.github.io/evaready-electrical/service-areas/sydney-city-and-eastern-suburbs/waverley/bondi,Electrician Bondi 2026 | Emergency & Level 2,44,"Electrician Bondi 2026 for coastal electrical faults, outdoor lighting, switchboards, smoke alarms, power and Level 2 support.",126,https://c0d312.github.io/evaready-electrical/service-areas/sydney-city-and-eastern-suburbs/waverley/bondi,
https://c0d312.github.io/evaready-electrical/service-areas/sydney-city-and-eastern-suburbs/waverley/bondi-beach,Electrician Bondi Beach 2026 | Emergency & Level 2,50,"Electrician Bondi Beach 2026 for coastal electrical faults, outdoor lighting, switchboards, smoke alarms, power and Level 2 support.",132,https://c0d312.github.io/evaready-electrical/service-areas/sydney-city-and-eastern-suburbs/waverley/bondi-beach,
https://c0d312.github.io/evaready-electrical/service-areas/sydney-city-and-eastern-suburbs/waverley/bondi-junction,Electrician Bondi Junction 2022 | Emergency & Level 2,53,"Electrician Bondi Junction 2022 for emergency faults, switchboards, lighting, power, data, CCTV and Level 2 support.",116,https://c0d312.github.io/evaready-electrical/service-areas/sydney-city-and-eastern-suburbs/waverley/bondi-junction,
https://c0d312.github.io/evaready-electrical/service-areas/sydney-city-and-eastern-suburbs/waverley/bronte,Electrician Bronte 2024 | Emergency & Level 2,45,"Electrician Bronte 2024 for coastal electrical faults, outdoor lighting, switchboards, smoke alarms, power and Level 2 support.",127,https://c0d312.github.io/evaready-electrical/service-areas/sydney-city-and-eastern-suburbs/waverley/bronte,
https://c0d312.github.io/evaready-electrical/service-areas/sydney-city-and-eastern-suburbs/waverley/dover-heights,Electrician Dover Heights 2030 | Emergency & Level 2,52,"Electrician Dover Heights 2030 for coastal electrical faults, outdoor lighting, switchboards, smoke alarms, power and Level 2 support.",134,https://c0d312.github.io/evaready-electrical/service-areas/sydney-city-and-eastern-suburbs/waverley/dover-heights,
https://c0d312.github.io/evaready-electrical/service-areas/sydney-city-and-eastern-suburbs/waverley/north-bondi,Electrician North Bondi 2026 | Emergency & Level 2,50,"Electrician North Bondi 2026 for coastal electrical faults, outdoor lighting, switchboards, smoke alarms, power and Level 2 support.",132,https://c0d312.github.io/evaready-electrical/service-areas/sydney-city-and-eastern-suburbs/waverley/north-bondi,
https://c0d312.github.io/evaready-electrical/service-areas/sydney-city-and-eastern-suburbs/waverley/queens-park,Electrician Queens Park 2022 | Emergency & Level 2,50,"Electrician Queens Park 2022 for urgent faults, switchboards, hot water, aircon, CCTV/data and Level 2 support.",111,https://c0d312.github.io/evaready-electrical/service-areas/sydney-city-and-eastern-suburbs/waverley/queens-park,
https://c0d312.github.io/evaready-electrical/service-areas/sydney-city-and-eastern-suburbs/waverley/rose-bay,Electrician Rose Bay 2029 | Emergency & Level 2,47,"Electrician Rose Bay 2029 for coastal electrical faults, outdoor lighting, switchboards, smoke alarms, power and Level 2 support.",129,https://c0d312.github.io/evaready-electrical/service-areas/sydney-city-and-eastern-suburbs/waverley/rose-bay,
https://c0d312.github.io/evaready-electrical/service-areas/sydney-city-and-eastern-suburbs/waverley/tamarama,Electrician Tamarama 2026 | Emergency & Level 2,47,"Electrician Tamarama 2026 for coastal electrical faults, outdoor lighting, switchboards, smoke alarms, power and Level 2 support.",129,https://c0d312.github.io/evaready-electrical/service-areas/sydney-city-and-eastern-suburbs/waverley/tamarama,
https://c0d312.github.io/evaready-electrical/service-areas/sydney-city-and-eastern-suburbs/waverley/vaucluse,Electrician Vaucluse 2030 | Emergency & Level 2,47,"Electrician Vaucluse 2030 for coastal electrical faults, outdoor lighting, switchboards, smoke alarms, power and Level 2 support.",129,https://c0d312.github.io/evaready-electrical/service-areas/sydney-city-and-eastern-suburbs/waverley/vaucluse,
https://c0d312.github.io/evaready-electrical/service-areas/sydney-city-and-eastern-suburbs/waverley/waverley,Electrician Waverley 2024 | Emergency & Level 2,47,"Electrician Waverley 2024 for emergency faults, switchboards, lighting, power, data, CCTV and Level 2 support.",110,https://c0d312.github.io/evaready-electrical/service-areas/sydney-city-and-eastern-suburbs/waverley/waverley,
https://c0d312.github.io/evaready-electrical/service-areas/sydney-city-and-eastern-suburbs/woollahra,Woollahra Electrician | Sydney City & Eastern Suburbs,53,"Need an electrician in Woollahra? Evaready helps with urgent faults, Level 2 work, switchboards, consumer mains, defect notices and planned electrical jobs.",156,https://c0d312.github.io/evaready-electrical/service-areas/sydney-city-and-eastern-suburbs/woollahra,
https://c0d312.github.io/evaready-electrical/service-areas/sydney-city-and-eastern-suburbs/woollahra/bellevue-hill,Electrician Bellevue Hill 2023 | Emergency & Level 2,52,"Electrician Bellevue Hill 2023 for emergency faults, switchboards, hot water circuits, power, lighting and Level 2 support.",123,https://c0d312.github.io/evaready-electrical/service-areas/sydney-city-and-eastern-suburbs/woollahra/bellevue-hill,
https://c0d312.github.io/evaready-electrical/service-areas/sydney-city-and-eastern-suburbs/woollahra/darling-point,Electrician Darling Point 2027 | Emergency & Level 2,52,"Electrician Darling Point 2027 for emergency faults, switchboards, hot water circuits, power, lighting and Level 2 support.",123,https://c0d312.github.io/evaready-electrical/service-areas/sydney-city-and-eastern-suburbs/woollahra/darling-point,
https://c0d312.github.io/evaready-electrical/service-areas/sydney-city-and-eastern-suburbs/woollahra/double-bay,Electrician Double Bay 2028 | Emergency & Level 2,49,"Electrician Double Bay 2028 for emergency faults, switchboards, lighting, power, data, CCTV and Level 2 support.",112,https://c0d312.github.io/evaready-electrical/service-areas/sydney-city-and-eastern-suburbs/woollahra/double-bay,
https://c0d312.github.io/evaready-electrical/service-areas/sydney-city-and-eastern-suburbs/woollahra/edgecliff,Electrician Edgecliff 2027 | Emergency & Level 2,48,"Electrician Edgecliff 2027 for emergency faults, switchboards, lighting, power, data, CCTV and Level 2 support.",111,https://c0d312.github.io/evaready-electrical/service-areas/sydney-city-and-eastern-suburbs/woollahra/edgecliff,
https://c0d312.github.io/evaready-electrical/service-areas/sydney-city-and-eastern-suburbs/woollahra/point-piper,Electrician Point Piper 2027 | Emergency & Level 2,50,"Electrician Point Piper 2027 for urgent faults, switchboards, hot water, aircon, CCTV/data and Level 2 support.",111,https://c0d312.github.io/evaready-electrical/service-areas/sydney-city-and-eastern-suburbs/woollahra/point-piper,
https://c0d312.github.io/evaready-electrical/service-areas/sydney-city-and-eastern-suburbs/woollahra/watsons-bay,Electrician Watsons Bay 2030 | Emergency & Level 2,50,"Electrician Watsons Bay 2030 for coastal electrical faults, outdoor lighting, switchboards, smoke alarms, power and Level 2 support.",132,https://c0d312.github.io/evaready-electrical/service-areas/sydney-city-and-eastern-suburbs/woollahra/watsons-bay,
https://c0d312.github.io/evaready-electrical/service-areas/sydney-city-and-eastern-suburbs/woollahra/woollahra,Electrician Woollahra 2025 | Emergency & Level 2,48,"Electrician Woollahra 2025 for urgent faults, switchboards, hot water, aircon, CCTV/data and Level 2 support.",109,https://c0d312.github.io/evaready-electrical/service-areas/sydney-city-and-eastern-suburbs/woollahra/woollahra,
https://c0d312.github.io/evaready-electrical/service-areas/western-sydney-and-nepean,Western Sydney & Nepean Electrician | Emergency & Level 2,57,"Need an electrician in Western Sydney & Nepean? Evaready helps with urgent faults, Level 2 work, switchboards, consumer mains, defect notices and planned.",154,https://c0d312.github.io/evaready-electrical/service-areas/western-sydney-and-nepean,
https://c0d312.github.io/evaready-electrical/service-areas/western-sydney-and-nepean/blacktown,Blacktown Electrician | Western Sydney & Nepean,47,"Need an electrician in Blacktown? Evaready helps with urgent faults, Level 2 work, switchboards, consumer mains, defect notices and planned electrical jobs.",156,https://c0d312.github.io/evaready-electrical/service-areas/western-sydney-and-nepean/blacktown,
https://c0d312.github.io/evaready-electrical/service-areas/western-sydney-and-nepean/blacktown/acacia-gardens,Electrician Acacia Gardens 2763 | Emergency & Level 2,53,"Electrician Acacia Gardens 2763 for urgent faults, switchboards, hot water, aircon, CCTV/data and Level 2 support.",114,https://c0d312.github.io/evaready-electrical/service-areas/western-sydney-and-nepean/blacktown/acacia-gardens,
https://c0d312.github.io/evaready-electrical/service-areas/western-sydney-and-nepean/blacktown/arndell-park,Electrician Arndell Park 2148 | Emergency & Level 2,51,"Electrician Arndell Park 2148 for emergency faults, switchboards, lighting, power, data, CCTV and Level 2 support.",114,https://c0d312.github.io/evaready-electrical/service-areas/western-sydney-and-nepean/blacktown/arndell-park,
https://c0d312.github.io/evaready-electrical/service-areas/western-sydney-and-nepean/blacktown/bidwill,Electrician Bidwill 2770 | Emergency & Level 2,46,"Electrician Bidwill 2770 for urgent faults, switchboards, hot water, aircon, CCTV/data and Level 2 support.",107,https://c0d312.github.io/evaready-electrical/service-areas/western-sydney-and-nepean/blacktown/bidwill,
https://c0d312.github.io/evaready-electrical/service-areas/western-sydney-and-nepean/blacktown/blackett,Electrician Blackett 2770 | Emergency & Level 2,47,"Electrician Blackett 2770 for emergency faults, switchboards, hot water circuits, power, lighting and Level 2 support.",118,https://c0d312.github.io/evaready-electrical/service-areas/western-sydney-and-nepean/blacktown/blackett,
https://c0d312.github.io/evaready-electrical/service-areas/western-sydney-and-nepean/blacktown/blacktown,Electrician Blacktown 2148 | Emergency & Level 2,48,"Electrician Blacktown 2148 for emergency faults, switchboards, lighting, power, data, CCTV and Level 2 support.",111,https://c0d312.github.io/evaready-electrical/service-areas/western-sydney-and-nepean/blacktown/blacktown,
https://c0d312.github.io/evaready-electrical/service-areas/western-sydney-and-nepean/blacktown/bungarribee,Electrician Bungarribee 2767 | Emergency & Level 2,50,"Electrician Bungarribee 2767 for emergency faults, switchboards, hot water circuits, power, lighting and Level 2 support.",121,https://c0d312.github.io/evaready-electrical/service-areas/western-sydney-and-nepean/blacktown/bungarribee,
https://c0d312.github.io/evaready-electrical/service-areas/western-sydney-and-nepean/blacktown/colebee,Electrician Colebee 2761 | Emergency & Level 2,46,"Electrician Colebee 2761 for urgent faults, switchboards, hot water, aircon, CCTV/data and Level 2 support.",107,https://c0d312.github.io/evaready-electrical/service-areas/western-sydney-and-nepean/blacktown/colebee,
https://c0d312.github.io/evaready-electrical/service-areas/western-sydney-and-nepean/blacktown/dean-park,Electrician Dean Park 2761 | Emergency & Level 2,48,"Electrician Dean Park 2761 for urgent faults, switchboards, hot water, aircon, CCTV/data and Level 2 support.",109,https://c0d312.github.io/evaready-electrical/service-areas/western-sydney-and-nepean/blacktown/dean-park,
https://c0d312.github.io/evaready-electrical/service-areas/western-sydney-and-nepean/blacktown/dharruk,Electrician Dharruk 2770 | Emergency & Level 2,46,"Electrician Dharruk 2770 for urgent faults, switchboards, hot water, aircon, CCTV/data and Level 2 support.",107,https://c0d312.github.io/evaready-electrical/service-areas/western-sydney-and-nepean/blacktown/dharruk,
https://c0d312.github.io/evaready-electrical/service-areas/western-sydney-and-nepean/blacktown/doonside,Electrician Doonside 2767 | Emergency & Level 2,47,"Electrician Doonside 2767 for emergency faults, switchboards, lighting, power, data, CCTV and Level 2 support.",110,https://c0d312.github.io/evaready-electrical/service-areas/western-sydney-and-nepean/blacktown/doonside,
https://c0d312.github.io/evaready-electrical/service-areas/western-sydney-and-nepean/blacktown/eastern-creek,Electrician Eastern Creek 2766 | Emergency & Level 2,52,"Electrician Eastern Creek 2766 for emergency faults, switchboards, lighting, power, data, CCTV and Level 2 support.",115,https://c0d312.github.io/evaready-electrical/service-areas/western-sydney-and-nepean/blacktown/eastern-creek,
https://c0d312.github.io/evaready-electrical/service-areas/western-sydney-and-nepean/blacktown/emerton,Electrician Emerton 2770 | Emergency & Level 2,46,"Electrician Emerton 2770 for emergency faults, switchboards, hot water circuits, power, lighting and Level 2 support.",117,https://c0d312.github.io/evaready-electrical/service-areas/western-sydney-and-nepean/blacktown/emerton,
https://c0d312.github.io/evaready-electrical/service-areas/western-sydney-and-nepean/blacktown/glendenning,Electrician Glendenning 2761 | Emergency & Level 2,50,"Electrician Glendenning 2761 for emergency faults, switchboards, lighting, power, data, CCTV and Level 2 support.",113,https://c0d312.github.io/evaready-electrical/service-areas/western-sydney-and-nepean/blacktown/glendenning,
https://c0d312.github.io/evaready-electrical/service-areas/western-sydney-and-nepean/blacktown/glenwood,Electrician Glenwood 2768 | Emergency & Level 2,47,"Electrician Glenwood 2768 for emergency faults, switchboards, hot water circuits, power, lighting and Level 2 support.",118,https://c0d312.github.io/evaready-electrical/service-areas/western-sydney-and-nepean/blacktown/glenwood,
https://c0d312.github.io/evaready-electrical/service-areas/western-sydney-and-nepean/blacktown/hassall-grove,Electrician Hassall Grove 2761 | Emergency & Level 2,52,"Electrician Hassall Grove 2761 for emergency faults, switchboards, hot water circuits, power, lighting and Level 2 support.",123,https://c0d312.github.io/evaready-electrical/service-areas/western-sydney-and-nepean/blacktown/hassall-grove,
https://c0d312.github.io/evaready-electrical/service-areas/western-sydney-and-nepean/blacktown/hebersham,Electrician Hebersham 2770 | Emergency & Level 2,48,"Electrician Hebersham 2770 for urgent faults, switchboards, hot water, aircon, CCTV/data and Level 2 support.",109,https://c0d312.github.io/evaready-electrical/service-areas/western-sydney-and-nepean/blacktown/hebersham,
https://c0d312.github.io/evaready-electrical/service-areas/western-sydney-and-nepean/blacktown/kellyville-ridge,Electrician Kellyville Ridge 2155 | Emergency & Level 2,55,"Electrician Kellyville Ridge 2155 for emergency faults, switchboards, hot water circuits, power, lighting and Level 2 support.",126,https://c0d312.github.io/evaready-electrical/service-areas/western-sydney-and-nepean/blacktown/kellyville-ridge,
https://c0d312.github.io/evaready-electrical/service-areas/western-sydney-and-nepean/blacktown/kings-langley,Electrician Kings Langley 2147 | Emergency & Level 2,52,"Electrician Kings Langley 2147 for urgent faults, switchboards, hot water, aircon, CCTV/data and Level 2 support.",113,https://c0d312.github.io/evaready-electrical/service-areas/western-sydney-and-nepean/blacktown/kings-langley,
https://c0d312.github.io/evaready-electrical/service-areas/western-sydney-and-nepean/blacktown/kings-park,Electrician Kings Park 2148 | Emergency & Level 2,49,"Electrician Kings Park 2148 for emergency faults, switchboards, lighting, power, data, CCTV and Level 2 support.",112,https://c0d312.github.io/evaready-electrical/service-areas/western-sydney-and-nepean/blacktown/kings-park,
https://c0d312.github.io/evaready-electrical/service-areas/western-sydney-and-nepean/blacktown/lalor-park,Electrician Lalor Park 2147 | Emergency & Level 2,49,"Electrician Lalor Park 2147 for urgent faults, switchboards, hot water, aircon, CCTV/data and Level 2 support.",110,https://c0d312.github.io/evaready-electrical/service-areas/western-sydney-and-nepean/blacktown/lalor-park,
https://c0d312.github.io/evaready-electrical/service-areas/western-sydney-and-nepean/blacktown/lethbridge-park,Electrician Lethbridge Park 2770 | Emergency & Level 2,54,"Electrician Lethbridge Park 2770 for urgent faults, switchboards, hot water, aircon, CCTV/data and Level 2 support.",115,https://c0d312.github.io/evaready-electrical/service-areas/western-sydney-and-nepean/blacktown/lethbridge-park,
https://c0d312.github.io/evaready-electrical/service-areas/western-sydney-and-nepean/blacktown/marayong,Electrician Marayong 2148 | Emergency & Level 2,47,"Electrician Marayong 2148 for emergency faults, switchboards, lighting, power, data, CCTV and Level 2 support.",110,https://c0d312.github.io/evaready-electrical/service-areas/western-sydney-and-nepean/blacktown/marayong,
https://c0d312.github.io/evaready-electrical/service-areas/western-sydney-and-nepean/blacktown/marsden-park,Electrician Marsden Park 2765 | Emergency & Level 2,51,"Electrician Marsden Park 2765 for emergency faults, switchboards, lighting, power, data, CCTV and Level 2 support.",114,https://c0d312.github.io/evaready-electrical/service-areas/western-sydney-and-nepean/blacktown/marsden-park,
https://c0d312.github.io/evaready-electrical/service-areas/western-sydney-and-nepean/blacktown/minchinbury,Electrician Minchinbury 2770 | Emergency & Level 2,50,"Electrician Minchinbury 2770 for emergency faults, switchboards, lighting, power, data, CCTV and Level 2 support.",113,https://c0d312.github.io/evaready-electrical/service-areas/western-sydney-and-nepean/blacktown/minchinbury,
https://c0d312.github.io/evaready-electrical/service-areas/western-sydney-and-nepean/blacktown/mount-druitt,Electrician Mount Druitt 2770 | Emergency & Level 2,51,"Electrician Mount Druitt 2770 for emergency faults, switchboards, lighting, power, data, CCTV and Level 2 support.",114,https://c0d312.github.io/evaready-electrical/service-areas/western-sydney-and-nepean/blacktown/mount-druitt,
https://c0d312.github.io/evaready-electrical/service-areas/western-sydney-and-nepean/blacktown/oakhurst,Electrician Oakhurst 2761 | Emergency & Level 2,47,"Electrician Oakhurst 2761 for urgent faults, switchboards, hot water, aircon, CCTV/data and Level 2 support.",108,https://c0d312.github.io/evaready-electrical/service-areas/western-sydney-and-nepean/blacktown/oakhurst,
https://c0d312.github.io/evaready-electrical/service-areas/western-sydney-and-nepean/blacktown/parklea,Electrician Parklea 2768 | Emergency & Level 2,46,"Electrician Parklea 2768 for urgent faults, switchboards, hot water, aircon, CCTV/data and Level 2 support.",107,https://c0d312.github.io/evaready-electrical/service-areas/western-sydney-and-nepean/blacktown/parklea,
https://c0d312.github.io/evaready-electrical/service-areas/western-sydney-and-nepean/blacktown/plumpton,Electrician Plumpton 2761 | Emergency & Level 2,47,"Electrician Plumpton 2761 for urgent faults, switchboards, hot water, aircon, CCTV/data and Level 2 support.",108,https://c0d312.github.io/evaready-electrical/service-areas/western-sydney-and-nepean/blacktown/plumpton,
https://c0d312.github.io/evaready-electrical/service-areas/western-sydney-and-nepean/blacktown/prospect,Electrician Prospect 2148 | Emergency & Level 2,47,"Electrician Prospect 2148 for emergency faults, switchboards, lighting, power, data, CCTV and Level 2 support.",110,https://c0d312.github.io/evaready-electrical/service-areas/western-sydney-and-nepean/blacktown/prospect,
https://c0d312.github.io/evaready-electrical/service-areas/western-sydney-and-nepean/blacktown/quakers-hill,Electrician Quakers Hill 2763 | Emergency & Level 2,51,"Electrician Quakers Hill 2763 for emergency faults, switchboards, hot water circuits, power, lighting and Level 2 support.",122,https://c0d312.github.io/evaready-electrical/service-areas/western-sydney-and-nepean/blacktown/quakers-hill,
https://c0d312.github.io/evaready-electrical/service-areas/western-sydney-and-nepean/blacktown/riverstone,Electrician Riverstone 2765 | Emergency & Level 2,49,"Electrician Riverstone 2765 for emergency faults, switchboards, lighting, power, data, CCTV and Level 2 support.",112,https://c0d312.github.io/evaready-electrical/service-areas/western-sydney-and-nepean/blacktown/riverstone,
https://c0d312.github.io/evaready-electrical/service-areas/western-sydney-and-nepean/blacktown/rooty-hill,Electrician Rooty Hill 2766 | Emergency & Level 2,49,"Electrician Rooty Hill 2766 for emergency faults, switchboards, lighting, power, data, CCTV and Level 2 support.",112,https://c0d312.github.io/evaready-electrical/service-areas/western-sydney-and-nepean/blacktown/rooty-hill,
https://c0d312.github.io/evaready-electrical/service-areas/western-sydney-and-nepean/blacktown/ropes-crossing,Electrician Ropes Crossing 2760 | Emergency & Level 2,53,"Electrician Ropes Crossing 2760 for urgent faults, switchboards, hot water, aircon, CCTV/data and Level 2 support.",114,https://c0d312.github.io/evaready-electrical/service-areas/western-sydney-and-nepean/blacktown/ropes-crossing,
https://c0d312.github.io/evaready-electrical/service-areas/western-sydney-and-nepean/blacktown/schofields,Electrician Schofields 2762 | Emergency & Level 2,49,"Electrician Schofields 2762 for urgent faults, switchboards, hot water, aircon, CCTV/data and Level 2 support.",110,https://c0d312.github.io/evaready-electrical/service-areas/western-sydney-and-nepean/blacktown/schofields,
https://c0d312.github.io/evaready-electrical/service-areas/western-sydney-and-nepean/blacktown/seven-hills,Electrician Seven Hills 2147 | Emergency & Level 2,50,"Electrician Seven Hills 2147 for emergency faults, switchboards, lighting, power, data, CCTV and Level 2 support.",113,https://c0d312.github.io/evaready-electrical/service-areas/western-sydney-and-nepean/blacktown/seven-hills,
https://c0d312.github.io/evaready-electrical/service-areas/western-sydney-and-nepean/blacktown/shalvey,Electrician Shalvey 2770 | Emergency & Level 2,46,"Electrician Shalvey 2770 for emergency faults, switchboards, hot water circuits, power, lighting and Level 2 support.",117,https://c0d312.github.io/evaready-electrical/service-areas/western-sydney-and-nepean/blacktown/shalvey,
https://c0d312.github.io/evaready-electrical/service-areas/western-sydney-and-nepean/blacktown/shanes-park,Electrician Shanes Park 2747 | Emergency & Level 2,50,"Electrician Shanes Park 2747 for urgent faults, switchboards, hot water, aircon, CCTV/data and Level 2 support.",111,https://c0d312.github.io/evaready-electrical/service-areas/western-sydney-and-nepean/blacktown/shanes-park,
https://c0d312.github.io/evaready-electrical/service-areas/western-sydney-and-nepean/blacktown/stanhope-gardens,Electrician Stanhope Gardens 2768 | Emergency & Level 2,55,"Electrician Stanhope Gardens 2768 for emergency faults, switchboards, hot water circuits, power, lighting and Level 2 support.",126,https://c0d312.github.io/evaready-electrical/service-areas/western-sydney-and-nepean/blacktown/stanhope-gardens,
https://c0d312.github.io/evaready-electrical/service-areas/western-sydney-and-nepean/blacktown/the-ponds,Electrician The Ponds 2769 | Emergency & Level 2,48,"Electrician The Ponds 2769 for emergency faults, switchboards, hot water circuits, power, lighting and Level 2 support.",119,https://c0d312.github.io/evaready-electrical/service-areas/western-sydney-and-nepean/blacktown/the-ponds,
https://c0d312.github.io/evaready-electrical/service-areas/western-sydney-and-nepean/blacktown/toongabbie,Electrician Toongabbie 2146 | Emergency & Level 2,49,"Electrician Toongabbie 2146 for emergency faults, switchboards, lighting, power, data, CCTV and Level 2 support.",112,https://c0d312.github.io/evaready-electrical/service-areas/western-sydney-and-nepean/blacktown/toongabbie,
https://c0d312.github.io/evaready-electrical/service-areas/western-sydney-and-nepean/blacktown/tregear,Electrician Tregear 2770 | Emergency & Level 2,46,"Electrician Tregear 2770 for emergency faults, switchboards, hot water circuits, power, lighting and Level 2 support.",117,https://c0d312.github.io/evaready-electrical/service-areas/western-sydney-and-nepean/blacktown/tregear,
https://c0d312.github.io/evaready-electrical/service-areas/western-sydney-and-nepean/blacktown/whalan,Electrician Whalan 2770 | Emergency & Level 2,45,"Electrician Whalan 2770 for urgent faults, switchboards, hot water, aircon, CCTV/data and Level 2 support.",106,https://c0d312.github.io/evaready-electrical/service-areas/western-sydney-and-nepean/blacktown/whalan,
https://c0d312.github.io/evaready-electrical/service-areas/western-sydney-and-nepean/blacktown/willmot,Electrician Willmot 2770 | Emergency & Level 2,46,"Electrician Willmot 2770 for emergency faults, switchboards, hot water circuits, power, lighting and Level 2 support.",117,https://c0d312.github.io/evaready-electrical/service-areas/western-sydney-and-nepean/blacktown/willmot,
https://c0d312.github.io/evaready-electrical/service-areas/western-sydney-and-nepean/blacktown/woodcroft,Electrician Woodcroft 2767 | Emergency & Level 2,48,"Electrician Woodcroft 2767 for urgent faults, switchboards, hot water, aircon, CCTV/data and Level 2 support.",109,https://c0d312.github.io/evaready-electrical/service-areas/western-sydney-and-nepean/blacktown/woodcroft,
https://c0d312.github.io/evaready-electrical/service-areas/western-sydney-and-nepean/penrith,Penrith Electrician | Western Sydney & Nepean,45,"Need an electrician in Penrith? Evaready helps with urgent faults, Level 2 work, switchboards, consumer mains, defect notices and planned electrical jobs.",154,https://c0d312.github.io/evaready-electrical/service-areas/western-sydney-and-nepean/penrith,
https://c0d312.github.io/evaready-electrical/service-areas/western-sydney-and-nepean/penrith/berkshire-park,Electrician Berkshire Park 2765 | Emergency & Level 2,53,"Electrician Berkshire Park 2765 for urgent faults, switchboards, hot water, aircon, CCTV/data and Level 2 support.",114,https://c0d312.github.io/evaready-electrical/service-areas/western-sydney-and-nepean/penrith/berkshire-park,
https://c0d312.github.io/evaready-electrical/service-areas/western-sydney-and-nepean/penrith/caddens,Electrician Caddens 2747 | Emergency & Level 2,46,"Electrician Caddens 2747 for urgent faults, switchboards, hot water, aircon, CCTV/data and Level 2 support.",107,https://c0d312.github.io/evaready-electrical/service-areas/western-sydney-and-nepean/penrith/caddens,
https://c0d312.github.io/evaready-electrical/service-areas/western-sydney-and-nepean/penrith/cambridge-gardens,Electrician Cambridge Gardens 2747 | Emergency & Level 2,56,"Electrician Cambridge Gardens 2747 for emergency faults, switchboards, hot water circuits, power, lighting and Level 2 support.",127,https://c0d312.github.io/evaready-electrical/service-areas/western-sydney-and-nepean/penrith/cambridge-gardens,
https://c0d312.github.io/evaready-electrical/service-areas/western-sydney-and-nepean/penrith/cambridge-park,Electrician Cambridge Park 2747 | Emergency & Level 2,53,"Electrician Cambridge Park 2747 for emergency faults, switchboards, lighting, power, data, CCTV and Level 2 support.",116,https://c0d312.github.io/evaready-electrical/service-areas/western-sydney-and-nepean/penrith/cambridge-park,
https://c0d312.github.io/evaready-electrical/service-areas/western-sydney-and-nepean/penrith/castlereagh,Electrician Castlereagh 2749 | Emergency & Level 2,50,"Electrician Castlereagh 2749 for emergency faults, switchboards, hot water circuits, power, lighting and Level 2 support.",121,https://c0d312.github.io/evaready-electrical/service-areas/western-sydney-and-nepean/penrith/castlereagh,
https://c0d312.github.io/evaready-electrical/service-areas/western-sydney-and-nepean/penrith/claremont-meadows,Electrician Claremont Meadows 2747 | Emergency & Level 2,56,"Electrician Claremont Meadows 2747 for urgent faults, switchboards, hot water, aircon, CCTV/data and Level 2 support.",117,https://c0d312.github.io/evaready-electrical/service-areas/western-sydney-and-nepean/penrith/claremont-meadows,
https://c0d312.github.io/evaready-electrical/service-areas/western-sydney-and-nepean/penrith/colyton,Electrician Colyton 2760 | Emergency & Level 2,46,"Electrician Colyton 2760 for emergency faults, switchboards, lighting, power, data, CCTV and Level 2 support.",109,https://c0d312.github.io/evaready-electrical/service-areas/western-sydney-and-nepean/penrith/colyton,
https://c0d312.github.io/evaready-electrical/service-areas/western-sydney-and-nepean/penrith/cranebrook,Electrician Cranebrook 2749 | Emergency & Level 2,49,"Electrician Cranebrook 2749 for urgent faults, switchboards, hot water, aircon, CCTV/data and Level 2 support.",110,https://c0d312.github.io/evaready-electrical/service-areas/western-sydney-and-nepean/penrith/cranebrook,
https://c0d312.github.io/evaready-electrical/service-areas/western-sydney-and-nepean/penrith/emu-heights,Electrician Emu Heights 2750 | Emergency & Level 2,50,"Electrician Emu Heights 2750 for urgent faults, switchboards, hot water, aircon, CCTV/data and Level 2 support.",111,https://c0d312.github.io/evaready-electrical/service-areas/western-sydney-and-nepean/penrith/emu-heights,
https://c0d312.github.io/evaready-electrical/service-areas/western-sydney-and-nepean/penrith/emu-plains,Electrician Emu Plains 2750 | Emergency & Level 2,49,"Electrician Emu Plains 2750 for emergency faults, switchboards, lighting, power, data, CCTV and Level 2 support.",112,https://c0d312.github.io/evaready-electrical/service-areas/western-sydney-and-nepean/penrith/emu-plains,
https://c0d312.github.io/evaready-electrical/service-areas/western-sydney-and-nepean/penrith/erskine-park,Electrician Erskine Park 2759 | Emergency & Level 2,51,"Electrician Erskine Park 2759 for emergency faults, switchboards, lighting, power, data, CCTV and Level 2 support.",114,https://c0d312.github.io/evaready-electrical/service-areas/western-sydney-and-nepean/penrith/erskine-park,
https://c0d312.github.io/evaready-electrical/service-areas/western-sydney-and-nepean/penrith/glenmore-park,Electrician Glenmore Park 2745 | Emergency & Level 2,52,"Electrician Glenmore Park 2745 for emergency faults, switchboards, lighting, power, data, CCTV and Level 2 support.",115,https://c0d312.github.io/evaready-electrical/service-areas/western-sydney-and-nepean/penrith/glenmore-park,
https://c0d312.github.io/evaready-electrical/service-areas/western-sydney-and-nepean/penrith/jamisontown,Electrician Jamisontown 2750 | Emergency & Level 2,50,"Electrician Jamisontown 2750 for emergency faults, switchboards, lighting, power, data, CCTV and Level 2 support.",113,https://c0d312.github.io/evaready-electrical/service-areas/western-sydney-and-nepean/penrith/jamisontown,
https://c0d312.github.io/evaready-electrical/service-areas/western-sydney-and-nepean/penrith/jordan-springs,Electrician Jordan Springs 2747 | Emergency & Level 2,53,"Electrician Jordan Springs 2747 for emergency faults, switchboards, hot water circuits, power, lighting and Level 2 support.",124,https://c0d312.github.io/evaready-electrical/service-areas/western-sydney-and-nepean/penrith/jordan-springs,
https://c0d312.github.io/evaready-electrical/service-areas/western-sydney-and-nepean/penrith/kingswood,Electrician Kingswood 2747 | Emergency & Level 2,48,"Electrician Kingswood 2747 for emergency faults, switchboards, lighting, power, data, CCTV and Level 2 support.",111,https://c0d312.github.io/evaready-electrical/service-areas/western-sydney-and-nepean/penrith/kingswood,
https://c0d312.github.io/evaready-electrical/service-areas/western-sydney-and-nepean/penrith/leonay,Electrician Leonay 2750 | Emergency & Level 2,45,"Electrician Leonay 2750 for urgent faults, switchboards, hot water, aircon, CCTV/data and Level 2 support.",106,https://c0d312.github.io/evaready-electrical/service-areas/western-sydney-and-nepean/penrith/leonay,
https://c0d312.github.io/evaready-electrical/service-areas/western-sydney-and-nepean/penrith/llandilo,Electrician Llandilo 2747 | Emergency & Level 2,47,"Electrician Llandilo 2747 for emergency faults, switchboards, hot water circuits, power, lighting and Level 2 support.",118,https://c0d312.github.io/evaready-electrical/service-areas/western-sydney-and-nepean/penrith/llandilo,
https://c0d312.github.io/evaready-electrical/service-areas/western-sydney-and-nepean/penrith/londonderry,Electrician Londonderry 2753 | Emergency & Level 2,50,"Electrician Londonderry 2753 for emergency faults, switchboards, lighting, power, data, CCTV and Level 2 support.",113,https://c0d312.github.io/evaready-electrical/service-areas/western-sydney-and-nepean/penrith/londonderry,
https://c0d312.github.io/evaready-electrical/service-areas/western-sydney-and-nepean/penrith/mount-vernon,Electrician Mount Vernon 2178 | Emergency & Level 2,51,"Electrician Mount Vernon 2178 for urgent faults, switchboards, hot water, aircon, CCTV/data and Level 2 support.",112,https://c0d312.github.io/evaready-electrical/service-areas/western-sydney-and-nepean/penrith/mount-vernon,
https://c0d312.github.io/evaready-electrical/service-areas/western-sydney-and-nepean/penrith/mulgoa,Electrician Mulgoa 2745 | Emergency & Level 2,45,"Electrician Mulgoa 2745 for emergency faults, switchboards, hot water circuits, power, lighting and Level 2 support.",116,https://c0d312.github.io/evaready-electrical/service-areas/western-sydney-and-nepean/penrith/mulgoa,
https://c0d312.github.io/evaready-electrical/service-areas/western-sydney-and-nepean/penrith/north-st-marys,Electrician North St Marys 2760 | Emergency & Level 2,53,"Electrician North St Marys 2760 for emergency faults, switchboards, lighting, power, data, CCTV and Level 2 support.",116,https://c0d312.github.io/evaready-electrical/service-areas/western-sydney-and-nepean/penrith/north-st-marys,
https://c0d312.github.io/evaready-electrical/service-areas/western-sydney-and-nepean/penrith/orchard-hills,Electrician Orchard Hills 2748 | Emergency & Level 2,52,"Electrician Orchard Hills 2748 for emergency faults, switchboards, hot water circuits, power, lighting and Level 2 support.",123,https://c0d312.github.io/evaready-electrical/service-areas/western-sydney-and-nepean/penrith/orchard-hills,
https://c0d312.github.io/evaready-electrical/service-areas/western-sydney-and-nepean/penrith/oxley-park,Electrician Oxley Park 2760 | Emergency & Level 2,49,"Electrician Oxley Park 2760 for emergency faults, switchboards, lighting, power, data, CCTV and Level 2 support.",112,https://c0d312.github.io/evaready-electrical/service-areas/western-sydney-and-nepean/penrith/oxley-park,
https://c0d312.github.io/evaready-electrical/service-areas/western-sydney-and-nepean/penrith/penrith,Electrician Penrith 2750 | Emergency & Level 2,46,"Electrician Penrith 2750 for emergency faults, switchboards, lighting, power, data, CCTV and Level 2 support.",109,https://c0d312.github.io/evaready-electrical/service-areas/western-sydney-and-nepean/penrith/penrith,
https://c0d312.github.io/evaready-electrical/service-areas/western-sydney-and-nepean/penrith/regentville,Electrician Regentville 2745 | Emergency & Level 2,50,"Electrician Regentville 2745 for emergency faults, switchboards, hot water circuits, power, lighting and Level 2 support.",121,https://c0d312.github.io/evaready-electrical/service-areas/western-sydney-and-nepean/penrith/regentville,
https://c0d312.github.io/evaready-electrical/service-areas/western-sydney-and-nepean/penrith/south-penrith,Electrician South Penrith 2750 | Emergency & Level 2,52,"Electrician South Penrith 2750 for emergency faults, switchboards, lighting, power, data, CCTV and Level 2 support.",115,https://c0d312.github.io/evaready-electrical/service-areas/western-sydney-and-nepean/penrith/south-penrith,
https://c0d312.github.io/evaready-electrical/service-areas/western-sydney-and-nepean/penrith/st-clair,Electrician St Clair 2759 | Emergency & Level 2,47,"Electrician St Clair 2759 for emergency faults, switchboards, lighting, power, data, CCTV and Level 2 support.",110,https://c0d312.github.io/evaready-electrical/service-areas/western-sydney-and-nepean/penrith/st-clair,
https://c0d312.github.io/evaready-electrical/service-areas/western-sydney-and-nepean/penrith/st-marys,Electrician St Marys 2760 | Emergency & Level 2,47,"Electrician St Marys 2760 for emergency faults, switchboards, lighting, power, data, CCTV and Level 2 support.",110,https://c0d312.github.io/evaready-electrical/service-areas/western-sydney-and-nepean/penrith/st-marys,
https://c0d312.github.io/evaready-electrical/service-areas/western-sydney-and-nepean/penrith/werrington,Electrician Werrington 2747 | Emergency & Level 2,49,"Electrician Werrington 2747 for emergency faults, switchboards, hot water circuits, power, lighting and Level 2 support.",120,https://c0d312.github.io/evaready-electrical/service-areas/western-sydney-and-nepean/penrith/werrington,
https://c0d312.github.io/evaready-electrical/service-areas/western-sydney-and-nepean/penrith/werrington-county,Electrician Werrington County 2747 | Emergency & Level 2,56,"Electrician Werrington County 2747 for urgent faults, switchboards, hot water, aircon, CCTV/data and Level 2 support.",117,https://c0d312.github.io/evaready-electrical/service-areas/western-sydney-and-nepean/penrith/werrington-county,
https://c0d312.github.io/evaready-electrical/service-areas/western-sydney-and-nepean/penrith/werrington-downs,Electrician Werrington Downs 2747 | Emergency & Level 2,55,"Electrician Werrington Downs 2747 for emergency faults, switchboards, hot water circuits, power, lighting and Level 2 support.",126,https://c0d312.github.io/evaready-electrical/service-areas/western-sydney-and-nepean/penrith/werrington-downs,
https://c0d312.github.io/evaready-electrical/service-areas/wollongong-and-illawarra,Wollongong & Illawarra Electrician | Emergency & Level 2,56,"Need an electrician in Wollongong & Illawarra? Evaready helps with urgent faults, Level 2 work, switchboards, consumer mains, defect notices and planned.",153,https://c0d312.github.io/evaready-electrical/service-areas/wollongong-and-illawarra,
https://c0d312.github.io/evaready-electrical/service-areas/wollongong-and-illawarra/minnamurra-and-kiama-downs,Minnamurra & Kiama Downs Electrician | Wollongong & Illawarra,61,"Need an electrician in Minnamurra & Kiama Downs? Evaready helps with urgent faults, Level 2 work, switchboards, consumer mains, defect notices and planned.",155,https://c0d312.github.io/evaready-electrical/service-areas/wollongong-and-illawarra/minnamurra-and-kiama-downs,
https://c0d312.github.io/evaready-electrical/service-areas/wollongong-and-illawarra/minnamurra-and-kiama-downs/bombo,Electrician Bombo 2533 | Emergency & Level 2,44,"Electrician Bombo 2533 for coastal electrical faults, outdoor lighting, switchboards, smoke alarms, power and Level 2 support.",126,https://c0d312.github.io/evaready-electrical/service-areas/wollongong-and-illawarra/minnamurra-and-kiama-downs/bombo,
https://c0d312.github.io/evaready-electrical/service-areas/wollongong-and-illawarra/minnamurra-and-kiama-downs/croom,Electrician Croom 2527 | Emergency & Level 2,44,"Electrician Croom 2527 for emergency faults, switchboards, lighting, power, data, CCTV and Level 2 support.",107,https://c0d312.github.io/evaready-electrical/service-areas/wollongong-and-illawarra/minnamurra-and-kiama-downs/croom,
https://c0d312.github.io/evaready-electrical/service-areas/wollongong-and-illawarra/minnamurra-and-kiama-downs/kiama-downs,Electrician Kiama Downs 2533 | Emergency & Level 2,50,"Electrician Kiama Downs 2533 for coastal electrical faults, outdoor lighting, switchboards, smoke alarms, power and Level 2 support.",132,https://c0d312.github.io/evaready-electrical/service-areas/wollongong-and-illawarra/minnamurra-and-kiama-downs/kiama-downs,
https://c0d312.github.io/evaready-electrical/service-areas/wollongong-and-illawarra/minnamurra-and-kiama-downs/minnamurra,Electrician Minnamurra 2533 | Emergency & Level 2,49,"Electrician Minnamurra 2533 for coastal electrical faults, outdoor lighting, switchboards, smoke alarms, power and Level 2 support.",131,https://c0d312.github.io/evaready-electrical/service-areas/wollongong-and-illawarra/minnamurra-and-kiama-downs/minnamurra,
https://c0d312.github.io/evaready-electrical/service-areas/wollongong-and-illawarra/shellharbour,Shellharbour Electrician | Wollongong & Illawarra,49,"Need an electrician in Shellharbour? Evaready helps with urgent faults, Level 2 work, switchboards, consumer mains, defect notices.",131,https://c0d312.github.io/evaready-electrical/service-areas/wollongong-and-illawarra/shellharbour,
https://c0d312.github.io/evaready-electrical/service-areas/wollongong-and-illawarra/shellharbour/albion-park,Electrician Albion Park 2527 | Emergency & Level 2,50,"Electrician Albion Park 2527 for emergency faults, switchboards, lighting, power, data, CCTV and Level 2 support.",113,https://c0d312.github.io/evaready-electrical/service-areas/wollongong-and-illawarra/shellharbour/albion-park,
https://c0d312.github.io/evaready-electrical/service-areas/wollongong-and-illawarra/shellharbour/albion-park-rail,Electrician Albion Park Rail 2527 | Emergency & Level 2,55,"Electrician Albion Park Rail 2527 for emergency faults, switchboards, lighting, power, data, CCTV and Level 2 support.",118,https://c0d312.github.io/evaready-electrical/service-areas/wollongong-and-illawarra/shellharbour/albion-park-rail,
https://c0d312.github.io/evaready-electrical/service-areas/wollongong-and-illawarra/shellharbour/barrack-heights,Electrician Barrack Heights 2528 | Emergency & Level 2,54,"Electrician Barrack Heights 2528 for coastal electrical faults, outdoor lighting, switchboards, smoke alarms, power and Level 2 support.",136,https://c0d312.github.io/evaready-electrical/service-areas/wollongong-and-illawarra/shellharbour/barrack-heights,
https://c0d312.github.io/evaready-electrical/service-areas/wollongong-and-illawarra/shellharbour/barrack-point,Electrician Barrack Point 2528 | Emergency & Level 2,52,"Electrician Barrack Point 2528 for coastal electrical faults, outdoor lighting, switchboards, smoke alarms, power and Level 2 support.",134,https://c0d312.github.io/evaready-electrical/service-areas/wollongong-and-illawarra/shellharbour/barrack-point,
https://c0d312.github.io/evaready-electrical/service-areas/wollongong-and-illawarra/shellharbour/blackbutt,Electrician Blackbutt 2529 | Emergency & Level 2,48,"Electrician Blackbutt 2529 for urgent faults, switchboards, hot water, aircon, CCTV/data and Level 2 support.",109,https://c0d312.github.io/evaready-electrical/service-areas/wollongong-and-illawarra/shellharbour/blackbutt,
https://c0d312.github.io/evaready-electrical/service-areas/wollongong-and-illawarra/shellharbour/calderwood,Electrician Calderwood 2527 | Emergency & Level 2,49,"Electrician Calderwood 2527 for urgent faults, switchboards, hot water, aircon, CCTV/data and Level 2 support.",110,https://c0d312.github.io/evaready-electrical/service-areas/wollongong-and-illawarra/shellharbour/calderwood,
https://c0d312.github.io/evaready-electrical/service-areas/wollongong-and-illawarra/shellharbour/dunmore,Electrician Dunmore 2529 | Emergency & Level 2,46,"Electrician Dunmore 2529 for coastal electrical faults, outdoor lighting, switchboards, smoke alarms, power and Level 2 support.",128,https://c0d312.github.io/evaready-electrical/service-areas/wollongong-and-illawarra/shellharbour/dunmore,
https://c0d312.github.io/evaready-electrical/service-areas/wollongong-and-illawarra/shellharbour/flinders,Electrician Flinders 2529 | Emergency & Level 2,47,"Electrician Flinders 2529 for emergency faults, switchboards, lighting, power, data, CCTV and Level 2 support.",110,https://c0d312.github.io/evaready-electrical/service-areas/wollongong-and-illawarra/shellharbour/flinders,
https://c0d312.github.io/evaready-electrical/service-areas/wollongong-and-illawarra/shellharbour/lake-illawarra,Electrician Lake Illawarra 2528 | Emergency & Level 2,53,"Electrician Lake Illawarra 2528 for coastal electrical faults, outdoor lighting, switchboards, smoke alarms, power and Level 2 support.",135,https://c0d312.github.io/evaready-electrical/service-areas/wollongong-and-illawarra/shellharbour/lake-illawarra,
https://c0d312.github.io/evaready-electrical/service-areas/wollongong-and-illawarra/shellharbour/mount-warrigal,Electrician Mount Warrigal 2528 | Emergency & Level 2,53,"Electrician Mount Warrigal 2528 for urgent faults, switchboards, hot water, aircon, CCTV/data and Level 2 support.",114,https://c0d312.github.io/evaready-electrical/service-areas/wollongong-and-illawarra/shellharbour/mount-warrigal,
https://c0d312.github.io/evaready-electrical/service-areas/wollongong-and-illawarra/shellharbour/north-macquarie,Electrician North Macquarie 2527 | Emergency & Level 2,54,"Electrician North Macquarie 2527 for urgent faults, switchboards, hot water, aircon, CCTV/data and Level 2 support.",115,https://c0d312.github.io/evaready-electrical/service-areas/wollongong-and-illawarra/shellharbour/north-macquarie,
https://c0d312.github.io/evaready-electrical/service-areas/wollongong-and-illawarra/shellharbour/oak-flats,Electrician Oak Flats 2529 | Emergency & Level 2,48,"Electrician Oak Flats 2529 for emergency faults, switchboards, lighting, power, data, CCTV and Level 2 support.",111,https://c0d312.github.io/evaready-electrical/service-areas/wollongong-and-illawarra/shellharbour/oak-flats,
https://c0d312.github.io/evaready-electrical/service-areas/wollongong-and-illawarra/shellharbour/shell-cove,Electrician Shell Cove 2529 | Emergency & Level 2,49,"Electrician Shell Cove 2529 for coastal electrical faults, outdoor lighting, switchboards, smoke alarms, power and Level 2 support.",131,https://c0d312.github.io/evaready-electrical/service-areas/wollongong-and-illawarra/shellharbour/shell-cove,
https://c0d312.github.io/evaready-electrical/service-areas/wollongong-and-illawarra/shellharbour/shellharbour,Electrician Shellharbour 2529 | Emergency & Level 2,51,"Electrician Shellharbour 2529 for coastal electrical faults, outdoor lighting, switchboards, smoke alarms, power and Level 2 support.",133,https://c0d312.github.io/evaready-electrical/service-areas/wollongong-and-illawarra/shellharbour/shellharbour,
https://c0d312.github.io/evaready-electrical/service-areas/wollongong-and-illawarra/shellharbour/shellharbour-city-centre,Electrician Shellharbour City Centre 2529 | Emergency & Level 2,63,"Electrician Shellharbour City Centre 2529 for emergency faults, switchboards, lighting, power, data, CCTV and Level 2 support.",126,https://c0d312.github.io/evaready-electrical/service-areas/wollongong-and-illawarra/shellharbour/shellharbour-city-centre,
https://c0d312.github.io/evaready-electrical/service-areas/wollongong-and-illawarra/shellharbour/tullimbar,Electrician Tullimbar 2527 | Emergency & Level 2,48,"Electrician Tullimbar 2527 for urgent faults, switchboards, hot water, aircon, CCTV/data and Level 2 support.",109,https://c0d312.github.io/evaready-electrical/service-areas/wollongong-and-illawarra/shellharbour/tullimbar,
https://c0d312.github.io/evaready-electrical/service-areas/wollongong-and-illawarra/shellharbour/warilla,Electrician Warilla 2528 | Emergency & Level 2,46,"Electrician Warilla 2528 for coastal electrical faults, outdoor lighting, switchboards, smoke alarms, power and Level 2 support.",128,https://c0d312.github.io/evaready-electrical/service-areas/wollongong-and-illawarra/shellharbour/warilla,
https://c0d312.github.io/evaready-electrical/service-areas/wollongong-and-illawarra/wollongong,Wollongong Electrician | Wollongong & Illawarra,47,"Need an electrician in Wollongong? Evaready helps with urgent faults, Level 2 work, switchboards, consumer mains, defect notices and planned electrical jobs.",157,https://c0d312.github.io/evaready-electrical/service-areas/wollongong-and-illawarra/wollongong,
https://c0d312.github.io/evaready-electrical/service-areas/wollongong-and-illawarra/wollongong/austinmer,Electrician Austinmer 2515 | Emergency & Level 2,48,"Electrician Austinmer 2515 for coastal electrical faults, outdoor lighting, switchboards, smoke alarms, power and Level 2 support.",130,https://c0d312.github.io/evaready-electrical/service-areas/wollongong-and-illawarra/wollongong/austinmer,
https://c0d312.github.io/evaready-electrical/service-areas/wollongong-and-illawarra/wollongong/avondale,Electrician Avondale 2530 | Emergency & Level 2,47,"Electrician Avondale 2530 for emergency faults, switchboards, lighting, power, data, CCTV and Level 2 support.",110,https://c0d312.github.io/evaready-electrical/service-areas/wollongong-and-illawarra/wollongong/avondale,
https://c0d312.github.io/evaready-electrical/service-areas/wollongong-and-illawarra/wollongong/balgownie,Electrician Balgownie 2519 | Emergency & Level 2,48,"Electrician Balgownie 2519 for urgent faults, switchboards, hot water, aircon, CCTV/data and Level 2 support.",109,https://c0d312.github.io/evaready-electrical/service-areas/wollongong-and-illawarra/wollongong/balgownie,
https://c0d312.github.io/evaready-electrical/service-areas/wollongong-and-illawarra/wollongong/bellambi,Electrician Bellambi 2518 | Emergency & Level 2,47,"Electrician Bellambi 2518 for coastal electrical faults, outdoor lighting, switchboards, smoke alarms, power and Level 2 support.",129,https://c0d312.github.io/evaready-electrical/service-areas/wollongong-and-illawarra/wollongong/bellambi,
https://c0d312.github.io/evaready-electrical/service-areas/wollongong-and-illawarra/wollongong/berkeley,Electrician Berkeley 2506 | Emergency & Level 2,47,"Electrician Berkeley 2506 for emergency faults, switchboards, hot water circuits, power, lighting and Level 2 support.",118,https://c0d312.github.io/evaready-electrical/service-areas/wollongong-and-illawarra/wollongong/berkeley,
https://c0d312.github.io/evaready-electrical/service-areas/wollongong-and-illawarra/wollongong/brownsville,Electrician Brownsville 2530 | Emergency & Level 2,50,"Electrician Brownsville 2530 for urgent faults, switchboards, hot water, aircon, CCTV/data and Level 2 support.",111,https://c0d312.github.io/evaready-electrical/service-areas/wollongong-and-illawarra/wollongong/brownsville,
https://c0d312.github.io/evaready-electrical/service-areas/wollongong-and-illawarra/wollongong/bulli,Electrician Bulli 2516 | Emergency & Level 2,44,"Electrician Bulli 2516 for coastal electrical faults, outdoor lighting, switchboards, smoke alarms, power and Level 2 support.",126,https://c0d312.github.io/evaready-electrical/service-areas/wollongong-and-illawarra/wollongong/bulli,
https://c0d312.github.io/evaready-electrical/service-areas/wollongong-and-illawarra/wollongong/cleveland,Electrician Cleveland 2530 | Emergency & Level 2,48,"Electrician Cleveland 2530 for emergency faults, switchboards, hot water circuits, power, lighting and Level 2 support.",119,https://c0d312.github.io/evaready-electrical/service-areas/wollongong-and-illawarra/wollongong/cleveland,
https://c0d312.github.io/evaready-electrical/service-areas/wollongong-and-illawarra/wollongong/clifton,Electrician Clifton 2515 | Emergency & Level 2,46,"Electrician Clifton 2515 for coastal electrical faults, outdoor lighting, switchboards, smoke alarms, power and Level 2 support.",128,https://c0d312.github.io/evaready-electrical/service-areas/wollongong-and-illawarra/wollongong/clifton,
https://c0d312.github.io/evaready-electrical/service-areas/wollongong-and-illawarra/wollongong/coalcliff,Electrician Coalcliff 2508 | Emergency & Level 2,48,"Electrician Coalcliff 2508 for coastal electrical faults, outdoor lighting, switchboards, smoke alarms, power and Level 2 support.",130,https://c0d312.github.io/evaready-electrical/service-areas/wollongong-and-illawarra/wollongong/coalcliff,
https://c0d312.github.io/evaready-electrical/service-areas/wollongong-and-illawarra/wollongong/coledale,Electrician Coledale 2515 | Emergency & Level 2,47,"Electrician Coledale 2515 for coastal electrical faults, outdoor lighting, switchboards, smoke alarms, power and Level 2 support.",129,https://c0d312.github.io/evaready-electrical/service-areas/wollongong-and-illawarra/wollongong/coledale,
https://c0d312.github.io/evaready-electrical/service-areas/wollongong-and-illawarra/wollongong/coniston,Electrician Coniston 2500 | Emergency & Level 2,47,"Electrician Coniston 2500 for emergency faults, switchboards, hot water circuits, power, lighting and Level 2 support.",118,https://c0d312.github.io/evaready-electrical/service-areas/wollongong-and-illawarra/wollongong/coniston,
https://c0d312.github.io/evaready-electrical/service-areas/wollongong-and-illawarra/wollongong/cordeaux-heights,Electrician Cordeaux Heights 2526 | Emergency & Level 2,55,"Electrician Cordeaux Heights 2526 for urgent faults, switchboards, hot water, aircon, CCTV/data and Level 2 support.",116,https://c0d312.github.io/evaready-electrical/service-areas/wollongong-and-illawarra/wollongong/cordeaux-heights,
https://c0d312.github.io/evaready-electrical/service-areas/wollongong-and-illawarra/wollongong/corrimal,Electrician Corrimal 2518 | Emergency & Level 2,47,"Electrician Corrimal 2518 for emergency faults, switchboards, lighting, power, data, CCTV and Level 2 support.",110,https://c0d312.github.io/evaready-electrical/service-areas/wollongong-and-illawarra/wollongong/corrimal,
https://c0d312.github.io/evaready-electrical/service-areas/wollongong-and-illawarra/wollongong/cringila,Electrician Cringila 2502 | Emergency & Level 2,47,"Electrician Cringila 2502 for emergency faults, switchboards, lighting, power, data, CCTV and Level 2 support.",110,https://c0d312.github.io/evaready-electrical/service-areas/wollongong-and-illawarra/wollongong/cringila,
https://c0d312.github.io/evaready-electrical/service-areas/wollongong-and-illawarra/wollongong/dapto,Electrician Dapto 2530 | Emergency & Level 2,44,"Electrician Dapto 2530 for emergency faults, switchboards, lighting, power, data, CCTV and Level 2 support.",107,https://c0d312.github.io/evaready-electrical/service-areas/wollongong-and-illawarra/wollongong/dapto,
https://c0d312.github.io/evaready-electrical/service-areas/wollongong-and-illawarra/wollongong/darkes-forest,Electrician Darkes Forest 2508 | Emergency & Level 2,52,"Electrician Darkes Forest 2508 for urgent faults, switchboards, hot water, aircon, CCTV/data and Level 2 support.",113,https://c0d312.github.io/evaready-electrical/service-areas/wollongong-and-illawarra/wollongong/darkes-forest,
https://c0d312.github.io/evaready-electrical/service-areas/wollongong-and-illawarra/wollongong/dombarton,Electrician Dombarton 2530 | Emergency & Level 2,48,"Electrician Dombarton 2530 for emergency faults, switchboards, lighting, power, data, CCTV and Level 2 support.",111,https://c0d312.github.io/evaready-electrical/service-areas/wollongong-and-illawarra/wollongong/dombarton,
https://c0d312.github.io/evaready-electrical/service-areas/wollongong-and-illawarra/wollongong/east-corrimal,Electrician East Corrimal 2518 | Emergency & Level 2,52,"Electrician East Corrimal 2518 for coastal electrical faults, outdoor lighting, switchboards, smoke alarms, power and Level 2 support.",134,https://c0d312.github.io/evaready-electrical/service-areas/wollongong-and-illawarra/wollongong/east-corrimal,
https://c0d312.github.io/evaready-electrical/service-areas/wollongong-and-illawarra/wollongong/fairy-meadow,Electrician Fairy Meadow 2519 | Emergency & Level 2,51,"Electrician Fairy Meadow 2519 for emergency faults, switchboards, lighting, power, data, CCTV and Level 2 support.",114,https://c0d312.github.io/evaready-electrical/service-areas/wollongong-and-illawarra/wollongong/fairy-meadow,
https://c0d312.github.io/evaready-electrical/service-areas/wollongong-and-illawarra/wollongong/farmborough-heights,Electrician Farmborough Heights 2526 | Emergency & Level 2,58,"Electrician Farmborough Heights 2526 for emergency faults, switchboards, hot water circuits, power, lighting and Level 2 support.",129,https://c0d312.github.io/evaready-electrical/service-areas/wollongong-and-illawarra/wollongong/farmborough-heights,
https://c0d312.github.io/evaready-electrical/service-areas/wollongong-and-illawarra/wollongong/fernhill,Electrician Fernhill 2519 | Emergency & Level 2,47,"Electrician Fernhill 2519 for urgent faults, switchboards, hot water, aircon, CCTV/data and Level 2 support.",108,https://c0d312.github.io/evaready-electrical/service-areas/wollongong-and-illawarra/wollongong/fernhill,
https://c0d312.github.io/evaready-electrical/service-areas/wollongong-and-illawarra/wollongong/figtree,Electrician Figtree 2525 | Emergency & Level 2,46,"Electrician Figtree 2525 for emergency faults, switchboards, lighting, power, data, CCTV and Level 2 support.",109,https://c0d312.github.io/evaready-electrical/service-areas/wollongong-and-illawarra/wollongong/figtree,
https://c0d312.github.io/evaready-electrical/service-areas/wollongong-and-illawarra/wollongong/gwynneville,Electrician Gwynneville 2500 | Emergency & Level 2,50,"Electrician Gwynneville 2500 for urgent faults, switchboards, hot water, aircon, CCTV/data and Level 2 support.",111,https://c0d312.github.io/evaready-electrical/service-areas/wollongong-and-illawarra/wollongong/gwynneville,
https://c0d312.github.io/evaready-electrical/service-areas/wollongong-and-illawarra/wollongong/haywards-bay,Electrician Haywards Bay 2530 | Emergency & Level 2,51,"Electrician Haywards Bay 2530 for emergency faults, switchboards, hot water circuits, power, lighting and Level 2 support.",122,https://c0d312.github.io/evaready-electrical/service-areas/wollongong-and-illawarra/wollongong/haywards-bay,
https://c0d312.github.io/evaready-electrical/service-areas/wollongong-and-illawarra/wollongong/helensburgh,Electrician Helensburgh 2508 | Emergency & Level 2,50,"Electrician Helensburgh 2508 for emergency faults, switchboards, lighting, power, data, CCTV and Level 2 support.",113,https://c0d312.github.io/evaready-electrical/service-areas/wollongong-and-illawarra/wollongong/helensburgh,
https://c0d312.github.io/evaready-electrical/service-areas/wollongong-and-illawarra/wollongong/horsley,Electrician Horsley 2530 | Emergency & Level 2,46,"Electrician Horsley 2530 for emergency faults, switchboards, hot water circuits, power, lighting and Level 2 support.",117,https://c0d312.github.io/evaready-electrical/service-areas/wollongong-and-illawarra/wollongong/horsley,
https://c0d312.github.io/evaready-electrical/service-areas/wollongong-and-illawarra/wollongong/huntley,Electrician Huntley 2530 | Emergency & Level 2,46,"Electrician Huntley 2530 for urgent faults, switchboards, hot water, aircon, CCTV/data and Level 2 support.",107,https://c0d312.github.io/evaready-electrical/service-areas/wollongong-and-illawarra/wollongong/huntley,
https://c0d312.github.io/evaready-electrical/service-areas/wollongong-and-illawarra/wollongong/kanahooka,Electrician Kanahooka 2530 | Emergency & Level 2,48,"Electrician Kanahooka 2530 for urgent faults, switchboards, hot water, aircon, CCTV/data and Level 2 support.",109,https://c0d312.github.io/evaready-electrical/service-areas/wollongong-and-illawarra/wollongong/kanahooka,
https://c0d312.github.io/evaready-electrical/service-areas/wollongong-and-illawarra/wollongong/keiraville,Electrician Keiraville 2500 | Emergency & Level 2,49,"Electrician Keiraville 2500 for urgent faults, switchboards, hot water, aircon, CCTV/data and Level 2 support.",110,https://c0d312.github.io/evaready-electrical/service-areas/wollongong-and-illawarra/wollongong/keiraville,
https://c0d312.github.io/evaready-electrical/service-areas/wollongong-and-illawarra/wollongong/kembla-grange,Electrician Kembla Grange 2526 | Emergency & Level 2,52,"Electrician Kembla Grange 2526 for emergency faults, switchboards, hot water circuits, power, lighting and Level 2 support.",123,https://c0d312.github.io/evaready-electrical/service-areas/wollongong-and-illawarra/wollongong/kembla-grange,
https://c0d312.github.io/evaready-electrical/service-areas/wollongong-and-illawarra/wollongong/kembla-heights,Electrician Kembla Heights 2526 | Emergency & Level 2,53,"Electrician Kembla Heights 2526 for emergency faults, switchboards, hot water circuits, power, lighting and Level 2 support.",124,https://c0d312.github.io/evaready-electrical/service-areas/wollongong-and-illawarra/wollongong/kembla-heights,
https://c0d312.github.io/evaready-electrical/service-areas/wollongong-and-illawarra/wollongong/koonawarra,Electrician Koonawarra 2530 | Emergency & Level 2,49,"Electrician Koonawarra 2530 for urgent faults, switchboards, hot water, aircon, CCTV/data and Level 2 support.",110,https://c0d312.github.io/evaready-electrical/service-areas/wollongong-and-illawarra/wollongong/koonawarra,
https://c0d312.github.io/evaready-electrical/service-areas/wollongong-and-illawarra/wollongong/lake-heights,Electrician Lake Heights 2502 | Emergency & Level 2,51,"Electrician Lake Heights 2502 for urgent faults, switchboards, hot water, aircon, CCTV/data and Level 2 support.",112,https://c0d312.github.io/evaready-electrical/service-areas/wollongong-and-illawarra/wollongong/lake-heights,
https://c0d312.github.io/evaready-electrical/service-areas/wollongong-and-illawarra/wollongong/lilyvale,Electrician Lilyvale 2508 | Emergency & Level 2,47,"Electrician Lilyvale 2508 for urgent faults, switchboards, hot water, aircon, CCTV/data and Level 2 support.",108,https://c0d312.github.io/evaready-electrical/service-areas/wollongong-and-illawarra/wollongong/lilyvale,
https://c0d312.github.io/evaready-electrical/service-areas/wollongong-and-illawarra/wollongong/maddens-plains,Electrician Maddens Plains 2508 | Emergency & Level 2,53,"Electrician Maddens Plains 2508 for coastal electrical faults, outdoor lighting, switchboards, smoke alarms, power and Level 2 support.",135,https://c0d312.github.io/evaready-electrical/service-areas/wollongong-and-illawarra/wollongong/maddens-plains,
https://c0d312.github.io/evaready-electrical/service-areas/wollongong-and-illawarra/wollongong/mangerton,Electrician Mangerton 2500 | Emergency & Level 2,48,"Electrician Mangerton 2500 for emergency faults, switchboards, hot water circuits, power, lighting and Level 2 support.",119,https://c0d312.github.io/evaready-electrical/service-areas/wollongong-and-illawarra/wollongong/mangerton,
https://c0d312.github.io/evaready-electrical/service-areas/wollongong-and-illawarra/wollongong/marshall-mount,Electrician Marshall Mount 2530 | Emergency & Level 2,53,"Electrician Marshall Mount 2530 for emergency faults, switchboards, hot water circuits, power, lighting and Level 2 support.",124,https://c0d312.github.io/evaready-electrical/service-areas/wollongong-and-illawarra/wollongong/marshall-mount,
https://c0d312.github.io/evaready-electrical/service-areas/wollongong-and-illawarra/wollongong/mount-keira,Electrician Mount Keira 2500 | Emergency & Level 2,50,"Electrician Mount Keira 2500 for urgent faults, switchboards, hot water, aircon, CCTV/data and Level 2 support.",111,https://c0d312.github.io/evaready-electrical/service-areas/wollongong-and-illawarra/wollongong/mount-keira,
https://c0d312.github.io/evaready-electrical/service-areas/wollongong-and-illawarra/wollongong/mount-kembla,Electrician Mount Kembla 2526 | Emergency & Level 2,51,"Electrician Mount Kembla 2526 for urgent faults, switchboards, hot water, aircon, CCTV/data and Level 2 support.",112,https://c0d312.github.io/evaready-electrical/service-areas/wollongong-and-illawarra/wollongong/mount-kembla,
https://c0d312.github.io/evaready-electrical/service-areas/wollongong-and-illawarra/wollongong/mount-ousley,Electrician Mount Ousley 2519 | Emergency & Level 2,51,"Electrician Mount Ousley 2519 for emergency faults, switchboards, hot water circuits, power, lighting and Level 2 support.",122,https://c0d312.github.io/evaready-electrical/service-areas/wollongong-and-illawarra/wollongong/mount-ousley,
https://c0d312.github.io/evaready-electrical/service-areas/wollongong-and-illawarra/wollongong/mount-pleasant,Electrician Mount Pleasant 2519 | Emergency & Level 2,53,"Electrician Mount Pleasant 2519 for urgent faults, switchboards, hot water, aircon, CCTV/data and Level 2 support.",114,https://c0d312.github.io/evaready-electrical/service-areas/wollongong-and-illawarra/wollongong/mount-pleasant,
https://c0d312.github.io/evaready-electrical/service-areas/wollongong-and-illawarra/wollongong/mount-saint-thomas,Electrician Mount Saint Thomas 2500 | Emergency & Level 2,57,"Electrician Mount Saint Thomas 2500 for urgent faults, switchboards, hot water, aircon, CCTV/data and Level 2 support.",118,https://c0d312.github.io/evaready-electrical/service-areas/wollongong-and-illawarra/wollongong/mount-saint-thomas,
https://c0d312.github.io/evaready-electrical/service-areas/wollongong-and-illawarra/wollongong/north-wollongong,Electrician North Wollongong 2500 | Emergency & Level 2,55,"Electrician North Wollongong 2500 for coastal electrical faults, outdoor lighting, switchboards, smoke alarms, power and Level 2 support.",137,https://c0d312.github.io/evaready-electrical/service-areas/wollongong-and-illawarra/wollongong/north-wollongong,
https://c0d312.github.io/evaready-electrical/service-areas/wollongong-and-illawarra/wollongong/otford,Electrician Otford 2508 | Emergency & Level 2,45,"Electrician Otford 2508 for coastal electrical faults, outdoor lighting, switchboards, smoke alarms, power and Level 2 support.",127,https://c0d312.github.io/evaready-electrical/service-areas/wollongong-and-illawarra/wollongong/otford,
https://c0d312.github.io/evaready-electrical/service-areas/wollongong-and-illawarra/wollongong/port-kembla,Electrician Port Kembla 2505 | Emergency & Level 2,50,"Electrician Port Kembla 2505 for emergency faults, switchboards, lighting, power, data, CCTV and Level 2 support.",113,https://c0d312.github.io/evaready-electrical/service-areas/wollongong-and-illawarra/wollongong/port-kembla,
https://c0d312.github.io/evaready-electrical/service-areas/wollongong-and-illawarra/wollongong/primbee,Electrician Primbee 2502 | Emergency & Level 2,46,"Electrician Primbee 2502 for coastal electrical faults, outdoor lighting, switchboards, smoke alarms, power and Level 2 support.",128,https://c0d312.github.io/evaready-electrical/service-areas/wollongong-and-illawarra/wollongong/primbee,
https://c0d312.github.io/evaready-electrical/service-areas/wollongong-and-illawarra/wollongong/russell-vale,Electrician Russell Vale 2517 | Emergency & Level 2,51,"Electrician Russell Vale 2517 for emergency faults, switchboards, hot water circuits, power, lighting and Level 2 support.",122,https://c0d312.github.io/evaready-electrical/service-areas/wollongong-and-illawarra/wollongong/russell-vale,
https://c0d312.github.io/evaready-electrical/service-areas/wollongong-and-illawarra/wollongong/scarborough,Electrician Scarborough 2515 | Emergency & Level 2,50,"Electrician Scarborough 2515 for coastal electrical faults, outdoor lighting, switchboards, smoke alarms, power and Level 2 support.",132,https://c0d312.github.io/evaready-electrical/service-areas/wollongong-and-illawarra/wollongong/scarborough,
https://c0d312.github.io/evaready-electrical/service-areas/wollongong-and-illawarra/wollongong/stanwell-park,Electrician Stanwell Park 2508 | Emergency & Level 2,52,"Electrician Stanwell Park 2508 for coastal electrical faults, outdoor lighting, switchboards, smoke alarms, power and Level 2 support.",134,https://c0d312.github.io/evaready-electrical/service-areas/wollongong-and-illawarra/wollongong/stanwell-park,
https://c0d312.github.io/evaready-electrical/service-areas/wollongong-and-illawarra/wollongong/stanwell-tops,Electrician Stanwell Tops 2508 | Emergency & Level 2,52,"Electrician Stanwell Tops 2508 for emergency faults, switchboards, hot water circuits, power, lighting and Level 2 support.",123,https://c0d312.github.io/evaready-electrical/service-areas/wollongong-and-illawarra/wollongong/stanwell-tops,
https://c0d312.github.io/evaready-electrical/service-areas/wollongong-and-illawarra/wollongong/tarrawanna,Electrician Tarrawanna 2518 | Emergency & Level 2,49,"Electrician Tarrawanna 2518 for emergency faults, switchboards, lighting, power, data, CCTV and Level 2 support.",112,https://c0d312.github.io/evaready-electrical/service-areas/wollongong-and-illawarra/wollongong/tarrawanna,
https://c0d312.github.io/evaready-electrical/service-areas/wollongong-and-illawarra/wollongong/thirroul,Electrician Thirroul 2515 | Emergency & Level 2,47,"Electrician Thirroul 2515 for coastal electrical faults, outdoor lighting, switchboards, smoke alarms, power and Level 2 support.",129,https://c0d312.github.io/evaready-electrical/service-areas/wollongong-and-illawarra/wollongong/thirroul,
https://c0d312.github.io/evaready-electrical/service-areas/wollongong-and-illawarra/wollongong/towradgi,Electrician Towradgi 2518 | Emergency & Level 2,47,"Electrician Towradgi 2518 for coastal electrical faults, outdoor lighting, switchboards, smoke alarms, power and Level 2 support.",129,https://c0d312.github.io/evaready-electrical/service-areas/wollongong-and-illawarra/wollongong/towradgi,
https://c0d312.github.io/evaready-electrical/service-areas/wollongong-and-illawarra/wollongong/unanderra,Electrician Unanderra 2526 | Emergency & Level 2,48,"Electrician Unanderra 2526 for emergency faults, switchboards, lighting, power, data, CCTV and Level 2 support.",111,https://c0d312.github.io/evaready-electrical/service-areas/wollongong-and-illawarra/wollongong/unanderra,
https://c0d312.github.io/evaready-electrical/service-areas/wollongong-and-illawarra/wollongong/warrawong,Electrician Warrawong 2502 | Emergency & Level 2,48,"Electrician Warrawong 2502 for coastal electrical faults, outdoor lighting, switchboards, smoke alarms, power and Level 2 support.",130,https://c0d312.github.io/evaready-electrical/service-areas/wollongong-and-illawarra/wollongong/warrawong,
https://c0d312.github.io/evaready-electrical/service-areas/wollongong-and-illawarra/wollongong/west-wollongong,Electrician West Wollongong 2500 | Emergency & Level 2,54,"Electrician West Wollongong 2500 for urgent faults, switchboards, hot water, aircon, CCTV/data and Level 2 support.",115,https://c0d312.github.io/evaready-electrical/service-areas/wollongong-and-illawarra/wollongong/west-wollongong,
https://c0d312.github.io/evaready-electrical/service-areas/wollongong-and-illawarra/wollongong/windang,Electrician Windang 2528 | Emergency & Level 2,46,"Electrician Windang 2528 for coastal electrical faults, outdoor lighting, switchboards, smoke alarms, power and Level 2 support.",128,https://c0d312.github.io/evaready-electrical/service-areas/wollongong-and-illawarra/wollongong/windang,
https://c0d312.github.io/evaready-electrical/service-areas/wollongong-and-illawarra/wollongong/wollongong,Electrician Wollongong 2500 | Emergency & Level 2,49,"Electrician Wollongong 2500 for emergency faults, switchboards, lighting, power, data, CCTV and Level 2 support.",112,https://c0d312.github.io/evaready-electrical/service-areas/wollongong-and-illawarra/wollongong/wollongong,
https://c0d312.github.io/evaready-electrical/service-areas/wollongong-and-illawarra/wollongong/wombarra,Electrician Wombarra 2515 | Emergency & Level 2,47,"Electrician Wombarra 2515 for coastal electrical faults, outdoor lighting, switchboards, smoke alarms, power and Level 2 support.",129,https://c0d312.github.io/evaready-electrical/service-areas/wollongong-and-illawarra/wollongong/wombarra,
https://c0d312.github.io/evaready-electrical/service-areas/wollongong-and-illawarra/wollongong/wongawilli,Electrician Wongawilli 2530 | Emergency & Level 2,49,"Electrician Wongawilli 2530 for urgent faults, switchboards, hot water, aircon, CCTV/data and Level 2 support.",110,https://c0d312.github.io/evaready-electrical/service-areas/wollongong-and-illawarra/wollongong/wongawilli,
https://c0d312.github.io/evaready-electrical/service-areas/wollongong-and-illawarra/wollongong/woonona,Electrician Woonona 2517 | Emergency & Level 2,46,"Electrician Woonona 2517 for coastal electrical faults, outdoor lighting, switchboards, smoke alarms, power and Level 2 support.",128,https://c0d312.github.io/evaready-electrical/service-areas/wollongong-and-illawarra/wollongong/woonona,
https://c0d312.github.io/evaready-electrical/service-areas/wollongong-and-illawarra/wollongong/yallah,Electrician Yallah 2530 | Emergency & Level 2,45,"Electrician Yallah 2530 for emergency faults, switchboards, lighting, power, data, CCTV and Level 2 support.",108,https://c0d312.github.io/evaready-electrical/service-areas/wollongong-and-illawarra/wollongong/yallah,
https://c0d312.github.io/evaready-electrical/services,"Electrical Services Sydney | Emergency, Level 2 & Switchboards",62,"Licensed electrical services for emergency faults, Level 2, switchboards, homes, businesses and strata across Sydney and surrounding regions.",141,https://c0d312.github.io/evaready-electrical/services,
https://c0d312.github.io/evaready-electrical/services/appliance-installation-electrician-sydney,Appliance Installation Electrician Sydney,41,"Appliance installation electrician in Sydney for cooktops, ovens, rangehoods, dishwasher connections, isolators and dedicated circuits.",135,https://c0d312.github.io/evaready-electrical/services/appliance-installation-electrician-sydney,
https://c0d312.github.io/evaready-electrical/services/cctv-security-camera-installation-sydney,CCTV Electrician Sydney | Cameras & Security Cabling,52,"CCTV electrician in Sydney for security camera installation, camera wiring, recorder support, home CCTV and business CCTV cabling.",130,https://c0d312.github.io/evaready-electrical/services/cctv-security-camera-installation-sydney,
https://c0d312.github.io/evaready-electrical/services/ceiling-fan-installation-sydney,Ceiling Fan Installation Sydney & Surrounding Regions,53,"Ceiling fan installation in Sydney for bedrooms, living areas, outdoor fans, exhaust fans, bathroom fans and fan replacement wiring.",132,https://c0d312.github.io/evaready-electrical/services/ceiling-fan-installation-sydney,
https://c0d312.github.io/evaready-electrical/services/circuit-breaker-electrician-sydney,Circuit Breaker Electrician Sydney,34,"Circuit breaker electrician in Sydney for tripping breakers, overloaded circuits, switchboard faults and circuit protection checks.",131,https://c0d312.github.io/evaready-electrical/services/circuit-breaker-electrician-sydney,
https://c0d312.github.io/evaready-electrical/services/commercial-electrician-sydney,"Commercial Electrician Sydney | Shops, Strata & Offices",55,"Commercial electrician in Sydney for shops, offices, strata, builders and property managers needing power, lighting, faults and maintenance.",140,https://c0d312.github.io/evaready-electrical/services/commercial-electrician-sydney,
https://c0d312.github.io/evaready-electrical/services/consumer-mains-sydney,Consumer Mains Electrician Sydney | Level 2 Supply Work,55,"Consumer mains electrician in Sydney for damaged, undersized or ageing mains, supply upgrades, defect notices and switchboard supply work.",138,https://c0d312.github.io/evaready-electrical/services/consumer-mains-sydney,
https://c0d312.github.io/evaready-electrical/services/data-cabling-electrician-sydney,Data Cabling Electrician Sydney | Internet Points,49,"Data cabling electrician in Sydney for network points, internet points, NBN internal cabling, phone line repairs and office data runs.",134,https://c0d312.github.io/evaready-electrical/services/data-cabling-electrician-sydney,
https://c0d312.github.io/evaready-electrical/services/defect-notice-repairs-sydney,Electrical Defect Notice Repairs Sydney,39,"Electrical defect notice repairs in Sydney for consumer mains, point of attachment, switchboards, private poles and supply-side defects.",136,https://c0d312.github.io/evaready-electrical/services/defect-notice-repairs-sydney,
https://c0d312.github.io/evaready-electrical/services/disconnect-reconnect-electrician-sydney,Disconnect Reconnect Electrician Sydney,39,"Disconnect and reconnect electrician in Sydney for supply-side planning, renovations, defect notices and service equipment work.",128,https://c0d312.github.io/evaready-electrical/services/disconnect-reconnect-electrician-sydney,
https://c0d312.github.io/evaready-electrical/services/electric-shock-electrician-sydney,Electric Shock Electrician Sydney,33,"Electric shock electrician in Sydney for shock risk, tingles from outlets, appliances, wet fixtures and urgent safety checks.",125,https://c0d312.github.io/evaready-electrical/services/electric-shock-electrician-sydney,
https://c0d312.github.io/evaready-electrical/services/electrical-fault-finding-sydney,Electrical Fault Finding Sydney | Tripping & Power Faults,57,"Electrical fault finding in Sydney for tripping safety switches, no power and burning smells, damaged wiring and overheating power points and water damage.",155,https://c0d312.github.io/evaready-electrical/services/electrical-fault-finding-sydney,
https://c0d312.github.io/evaready-electrical/services/electrical-load-capacity-checks-sydney,Electrical Load Capacity Checks Sydney,38,"Electrical load and capacity checks in Sydney for EV chargers, 3 phase upgrades, workshops, commercial equipment and switchboards.",130,https://c0d312.github.io/evaready-electrical/services/electrical-load-capacity-checks-sydney,
https://c0d312.github.io/evaready-electrical/services/electrical-safety-inspection-sydney,Electrical Safety Inspection Sydney,35,"Electrical safety inspection in Sydney for switchboards, safety switches, wiring, power points, lighting and visible fault risks.",129,https://c0d312.github.io/evaready-electrical/services/electrical-safety-inspection-sydney,
https://c0d312.github.io/evaready-electrical/services/electrical-testing-tagging-reports-sydney,Electrical Testing & Tagging Sydney | Safety Reports,52,"Electrical testing, tagging and reports in Sydney for safety checks, property managers, businesses, rentals, fault notes and electrical compliance support.",155,https://c0d312.github.io/evaready-electrical/services/electrical-testing-tagging-reports-sydney,
https://c0d312.github.io/evaready-electrical/services/emergency-exit-lighting-sydney,Emergency Exit Lighting Sydney | Electrician,44,"Emergency and exit lighting electrician in Sydney for commercial sites, testing support, replacements and safety lighting checks.",129,https://c0d312.github.io/evaready-electrical/services/emergency-exit-lighting-sydney,
https://c0d312.github.io/evaready-electrical/services/ev-charger-installation-sydney,EV Charger Installation Sydney | Home & Business Charging,57,"EV charger installation in Sydney for homes and businesses, with load checks, dedicated circuits, switchboard checks and upgrade advice.",136,https://c0d312.github.io/evaready-electrical/services/ev-charger-installation-sydney,
https://c0d312.github.io/evaready-electrical/services/hot-power-point-electrician-sydney,Hot Power Point Electrician Sydney,34,"Hot power point electrician in Sydney for warm outlets and burning smells, buzzing sockets, damaged wiring and urgent fault checks.",131,https://c0d312.github.io/evaready-electrical/services/hot-power-point-electrician-sydney,
https://c0d312.github.io/evaready-electrical/services/hot-water-system-electrician-sydney,Hot Water System Electrician Sydney | Electric Faults,53,"Hot water system electrician for electric faults, tripping circuits, isolators, heat pumps and replacement wiring. Call Now or get a quote.",139,https://c0d312.github.io/evaready-electrical/services/hot-water-system-electrician-sydney,
https://c0d312.github.io/evaready-electrical/services/intercom-access-control-electrician-sydney,Intercom & Access Control Electrician Sydney,44,"Intercom and access control electrician in Sydney for entry systems, intercom wiring, gate provisions, strata access and security wiring.",137,https://c0d312.github.io/evaready-electrical/services/intercom-access-control-electrician-sydney,
https://c0d312.github.io/evaready-electrical/services/intercom-installation-sydney,Intercom Installation Sydney | Electrician,42,"Intercom installation electrician in Sydney for homes, strata, entry systems, gate cabling and access control support.",118,https://c0d312.github.io/evaready-electrical/services/intercom-installation-sydney,
https://c0d312.github.io/evaready-electrical/services/lighting-electrician-sydney,Lighting Electrician Sydney | LED & Outdoor Lighting,52,"Lighting electrician in Sydney for LED downlights, outdoor lights, security lighting, bathroom lighting, feature lights and repairs.",132,https://c0d312.github.io/evaready-electrical/services/lighting-electrician-sydney,
https://c0d312.github.io/evaready-electrical/services/metering-services-sydney,Metering Services Sydney & Surrounding Regions,46,"Metering services electrician in Sydney for meter support, service equipment checks, Level 2 electrical work, defect notices and supply-side enquiries.",151,https://c0d312.github.io/evaready-electrical/services/metering-services-sydney,
https://c0d312.github.io/evaready-electrical/services/new-build-renovation-electrician-sydney,Renovation Electrician Sydney | New Builds & Fit-Offs,53,"Renovation electrician in Sydney for rough-ins, fit-offs, kitchen upgrades, bathroom wiring, lighting layouts and switchboard planning.",135,https://c0d312.github.io/evaready-electrical/services/new-build-renovation-electrician-sydney,
https://c0d312.github.io/evaready-electrical/services/overhead-service-lines-sydney,Overhead Service Lines Sydney | Level 2 Help,44,"Overhead service line support in Sydney for damaged supply lines, point of attachment issues, private poles and defect notices.",127,https://c0d312.github.io/evaready-electrical/services/overhead-service-lines-sydney,
https://c0d312.github.io/evaready-electrical/services/phone-line-electrician-sydney,Phone Line Electrician Sydney | Cabling Help,44,"Phone line electrician in Sydney for internal phone outlets, communications cabling, data points and cabling fault support.",123,https://c0d312.github.io/evaready-electrical/services/phone-line-electrician-sydney,
https://c0d312.github.io/evaready-electrical/services/point-of-attachment-repairs-sydney,Point of Attachment Repairs Sydney | Level 2 Help,49,"Point of attachment repairs in Sydney for damaged brackets, overhead supply issues, defect notices and supply-side electrical enquiries.",136,https://c0d312.github.io/evaready-electrical/services/point-of-attachment-repairs-sydney,
https://c0d312.github.io/evaready-electrical/services/power-point-installation-sydney,Power Point Installation Sydney | Outlets & Repairs,51,"Power point installation in Sydney for new outlets, double power points, outdoor outlets, appliance circuits and faulty outlet repairs.",135,https://c0d312.github.io/evaready-electrical/services/power-point-installation-sydney,
https://c0d312.github.io/evaready-electrical/services/pre-purchase-rental-electrical-inspections-sydney,Pre-Purchase Electrical Inspections Sydney | Evaready,53,"Electrical condition inspections for home buyers, landlords and property managers across Sydney. Check switchboards, RCDs, outlets and visible faults.",150,https://c0d312.github.io/evaready-electrical/services/pre-purchase-rental-electrical-inspections-sydney,
https://c0d312.github.io/evaready-electrical/services/private-power-pole-sydney,Private Power Pole Electrician Sydney,37,"Private power pole electrician in Sydney for damaged poles, overhead service issues, storm damage, defect notices and supply concerns.",134,https://c0d312.github.io/evaready-electrical/services/private-power-pole-sydney,
https://c0d312.github.io/evaready-electrical/services/rcd-safety-switch-repairs-sydney,RCD Safety Switch Repairs Sydney,32,"RCD safety switch repairs in Sydney for circuit tripping, faulty safety switches, RCBO upgrades and switchboard protection checks.",130,https://c0d312.github.io/evaready-electrical/services/rcd-safety-switch-repairs-sydney,
https://c0d312.github.io/evaready-electrical/services/residential-electrician-sydney,Residential Electrician Sydney | Home Electrical Help,53,"Need a residential electrician in Sydney? Evaready helps with power points, lighting, smoke alarms, switchboards, faults and renovations.",137,https://c0d312.github.io/evaready-electrical/services/residential-electrician-sydney,
https://c0d312.github.io/evaready-electrical/services/rewiring-electrician-sydney,Rewiring Electrician Sydney & Surrounding Regions,49,"Rewiring electrician in Sydney for old home wiring, renovation wiring, damaged cables, unsafe wiring, new circuits and safety upgrades.",135,https://c0d312.github.io/evaready-electrical/services/rewiring-electrician-sydney,
https://c0d312.github.io/evaready-electrical/services/safety-switch-rcd-installation-sydney,Safety Switch Electrician Sydney | RCD & RCBO Help,50,"Safety switch installation and RCD repairs in Sydney for circuit tripping, switchboard protection, RCBO upgrades and electrical safety checks.",142,https://c0d312.github.io/evaready-electrical/services/safety-switch-rcd-installation-sydney,
https://c0d312.github.io/evaready-electrical/services/smart-home-electrician-sydney,Smart Home Electrician Sydney & Surrounding Regions,51,"Smart home electrician in Sydney for smart switches, lighting control, automation wiring, future-ready cabling, data points and electrical upgrades.",148,https://c0d312.github.io/evaready-electrical/services/smart-home-electrician-sydney,
https://c0d312.github.io/evaready-electrical/services/smart-meter-electrician-sydney,Smart Meter Electrician Sydney | Metering Help,46,"Smart meter electrician in Sydney for meter area checks, switchboard preparation, service equipment and retailer coordination advice.",133,https://c0d312.github.io/evaready-electrical/services/smart-meter-electrician-sydney,
https://c0d312.github.io/evaready-electrical/services/smoke-alarm-electrician-sydney,Smoke Alarm Electrician Sydney & Surrounding Regions,52,"Smoke alarm electrician in Sydney for installation, testing, replacement and hardwired smoke alarm support for homes, rentals and property managers.",148,https://c0d312.github.io/evaready-electrical/services/smoke-alarm-electrician-sydney,
https://c0d312.github.io/evaready-electrical/services/split-system-air-conditioning-sydney,Air Conditioning Electrician Sydney | AC Circuits,49,"Air conditioning electrician Sydney for split systems, AC isolators, dedicated circuits and switchboard capacity checks. Call now or get a quote.",145,https://c0d312.github.io/evaready-electrical/services/split-system-air-conditioning-sydney,
https://c0d312.github.io/evaready-electrical/services/storm-damage-electrician-sydney,Storm Damage Electrician Sydney | Water-Affected Faults,55,"Storm damage electrician in Sydney for water-affected wiring, damaged fixtures, unsafe circuits, outdoor faults and make-safe support.",134,https://c0d312.github.io/evaready-electrical/services/storm-damage-electrician-sydney,
https://c0d312.github.io/evaready-electrical/services/surge-protection-electrician-sydney,Surge Protection Electrician Sydney | Switchboard SPDs,54,"Surge protection electrician in Sydney for switchboard surge protection devices, appliance protection, storm risk and sensitive equipment protection.",149,https://c0d312.github.io/evaready-electrical/services/surge-protection-electrician-sydney,
https://c0d312.github.io/evaready-electrical/services/switchboard-upgrades-sydney,Switchboard Upgrades Sydney | Safety Switches,45,"Switchboard upgrades in Sydney for safety switches, RCBOs, ceramic fuse replacement, burnt wiring checks and electrical capacity planning.",138,https://c0d312.github.io/evaready-electrical/services/switchboard-upgrades-sydney,
https://c0d312.github.io/evaready-electrical/services/testing-and-tagging-sydney,Testing and Tagging Sydney | Electrical Safety,46,"Testing and tagging in Sydney for workplaces, managed properties, appliances, safety checks and clear electrical records.",121,https://c0d312.github.io/evaready-electrical/services/testing-and-tagging-sydney,
https://c0d312.github.io/evaready-electrical/services/three-phase-power-sydney,3 Phase Power Electrician Sydney & Surrounding Regions,54,"3 phase power electrician in Sydney for 3 phase upgrades, equipment circuits, commercial power, EV charger load checks and switchboard support.",143,https://c0d312.github.io/evaready-electrical/services/three-phase-power-sydney,
https://c0d312.github.io/evaready-electrical/services/tv-antenna-wall-cabling-sydney,"TV, Antenna & Wall Cabling Sydney & Surrounding Regions",55,"TV, antenna and wall cabling electrician in Sydney for TV points, antenna outlets, wall-mount power, hidden cabling, media wiring and data combinations.",152,https://c0d312.github.io/evaready-electrical/services/tv-antenna-wall-cabling-sydney,
https://c0d312.github.io/evaready-electrical/services/tv-points-antenna-electrician-sydney,TV Points & Antenna Electrician Sydney,38,"TV points and antenna electrician in Sydney for TV outlets, wall cabling, media points, antenna cabling and tidy power support.",127,https://c0d312.github.io/evaready-electrical/services/tv-points-antenna-electrician-sydney,
https://c0d312.github.io/evaready-electrical/services/underground-service-mains-sydney,Underground Service Mains Sydney | Level 2 Help,47,"Underground service mains support in Sydney for supply-side faults, consumer mains, defect notices and service upgrades.",120,https://c0d312.github.io/evaready-electrical/services/underground-service-mains-sydney,
https://c0d312.github.io/evaready-electrical/solar-batteries/,Solar & Battery Electrical Support Sydney | Evaready,52,"Electrical support for solar and batteries across Sydney, including switchboard capacity, consumer mains, metering, load checks and backup circuits.",148,https://c0d312.github.io/evaready-electrical/solar-batteries/,
https://c0d312.github.io/evaready-electrical/terms,Terms | Evaready Electrical,27,"General website and service terms for Evaready Electrical enquiries, quotes and bookings.",89,https://c0d312.github.io/evaready-electrical/terms,