route,page type,html exists,status expected 200,title,title length,meta description,meta description length,canonical present,h1 present,word count,phone CTA present,quote CTA present,Google Ads tag present,phone conversion attribute present,quote conversion attribute present,stale string warning,risky wording warning,broken asset reference warning,missing CSS/JS warning,notes
/,homepage,yes,yes,Emergency Electrician & Level 2 Electrician Sydney,50,"Call for emergency faults or request quotes for Level 2, switchboards and general electrical work across Sydney and surrounding regions.",136,yes,yes,2106,yes,yes,yes,yes,yes,,,,,
/services,services index,yes,yes,"Electrical Services Sydney | Emergency, Level 2 & Switchboards",62,"Licensed electrical services for emergency faults, Level 2, switchboards, homes, businesses and strata across Sydney and surrounding regions.",141,yes,yes,2845,yes,yes,yes,yes,yes,,,,,
/emergency-electrician-sydney,emergency page,yes,yes,Emergency Electrician Sydney | 60-Min Response,46,"Call Evaready for urgent electrical faults in Sydney and surrounding regions. 60-minute core response, 90-minute greater regions.",129,yes,yes,2479,yes,yes,yes,yes,yes,,,,,
/electrical-faults,fault index,yes,yes,Electrical Faults Sydney & Surrounding Regions,46,"Electrical fault help in Sydney for tripping safety switches and burning smells, no power, sparking power points, overheating power points and storm damage.",156,yes,yes,937,yes,yes,yes,yes,yes,,,,,
/level-2-electrician-sydney,level 2 page,yes,yes,Level 2 Electrician Sydney | Accredited ASP,43,"Level 2 ASP in Sydney and surrounding regions for consumer mains, defect notices, metering, point of attachment and supply work.",128,yes,yes,2547,yes,yes,yes,yes,yes,,,,,
/services/switchboard-upgrades-sydney,service page,yes,yes,Switchboard Upgrades Sydney | Safety Switches,45,"Switchboard upgrades in Sydney for safety switches, RCBOs, ceramic fuse replacement, burnt wiring checks and electrical capacity planning.",138,yes,yes,1705,yes,yes,yes,yes,yes,,,,,
/service-areas,service-area index,yes,yes,Electrician Service Areas Sydney | Emergency & Level 2,54,"Find your suburb for emergency electrician, Level 2 and planned electrical help across Sydney and surrounding regions. Call first or get a quote.",145,yes,yes,1895,yes,yes,yes,yes,yes,,,,,
/about,other,yes,yes,About Evaready Electrical | Sydney Electrician,46,"Learn about Evaready Electrical, a licensed Sydney electrician for emergency faults, Level 2 support and planned work across surrounding regions.",145,yes,yes,620,yes,yes,yes,yes,yes,,,,,
/contact,other,yes,yes,Contact Evaready Electrical | Sydney Electrician,48,Contact Evaready Electrical to call for urgent faults or get a quote for planned electrical work across Sydney and surrounding regions.,135,yes,yes,439,yes,yes,yes,yes,yes,,,,,
/privacy-policy,privacy policy,yes,yes,Privacy Policy | Evaready Electrical,36,"Privacy information for Evaready Electrical enquiries, quote requests and customer contact details.",99,yes,yes,851,yes,yes,yes,yes,yes,,,,,
/terms,terms,yes,yes,Terms | Evaready Electrical,27,"General website and service terms for Evaready Electrical enquiries, quotes and bookings.",89,yes,yes,877,yes,yes,yes,yes,yes,,,,,
/services/residential-electrician-sydney,service page,yes,yes,Residential Electrician Sydney | Home Electrical Help,53,"Need a residential electrician in Sydney? Evaready helps with power points, lighting, smoke alarms, switchboards, faults and renovations.",137,yes,yes,1399,yes,yes,yes,yes,yes,,,,,
/services/commercial-electrician-sydney,service page,yes,yes,"Commercial Electrician Sydney | Shops, Strata & Offices",55,"Commercial electrician in Sydney for shops, offices, strata, builders and property managers needing power, lighting, faults and maintenance.",140,yes,yes,1375,yes,yes,yes,yes,yes,,,,,
/services/electrical-fault-finding-sydney,service page,yes,yes,Electrical Fault Finding Sydney | Tripping & Power Faults,57,"Electrical fault finding in Sydney for tripping safety switches, no power and burning smells, damaged wiring and overheating power points and water damage.",155,yes,yes,1465,yes,yes,yes,yes,yes,,,,,
/services/lighting-electrician-sydney,service page,yes,yes,Lighting Electrician Sydney | LED & Outdoor Lighting,52,"Lighting electrician in Sydney for LED downlights, outdoor lights, security lighting, bathroom lighting, feature lights and repairs.",132,yes,yes,1344,yes,yes,yes,yes,yes,,,,,
/services/power-point-installation-sydney,service page,yes,yes,Power Point Installation Sydney | Outlets & Repairs,51,"Power point installation in Sydney for new outlets, double power points, outdoor outlets, appliance circuits and faulty outlet repairs.",135,yes,yes,1376,yes,yes,yes,yes,yes,,,,,
/services/smoke-alarm-electrician-sydney,service page,yes,yes,Smoke Alarm Electrician Sydney & Surrounding Regions,52,"Smoke alarm electrician in Sydney for installation, testing, replacement and hardwired smoke alarm support for homes, rentals and property managers.",148,yes,yes,1347,yes,yes,yes,yes,yes,,,,,
/services/ev-charger-installation-sydney,service page,yes,yes,EV Charger Installation Sydney | Home & Business Charging,57,"EV charger installation in Sydney for homes and businesses, with load checks, dedicated circuits, switchboard checks and upgrade advice.",136,yes,yes,1360,yes,yes,yes,yes,yes,,,,,
/services/consumer-mains-sydney,service page,yes,yes,Consumer Mains Electrician Sydney | Level 2 Supply Work,55,"Consumer mains electrician in Sydney for damaged, undersized or ageing mains, supply upgrades, defect notices and switchboard supply work.",138,yes,yes,1638,yes,yes,yes,yes,yes,,,,,
/services/defect-notice-repairs-sydney,service page,yes,yes,Electrical Defect Notice Repairs Sydney,39,"Electrical defect notice repairs in Sydney for consumer mains, point of attachment, switchboards, private poles and supply-side defects.",136,yes,yes,1594,yes,yes,yes,yes,yes,,,,,
/services/private-power-pole-sydney,service page,yes,yes,Private Power Pole Electrician Sydney,37,"Private power pole electrician in Sydney for damaged poles, overhead service issues, storm damage, defect notices and supply concerns.",134,yes,yes,1569,yes,yes,yes,yes,yes,,,,,
/services/hot-water-system-electrician-sydney,service page,yes,yes,Hot Water System Electrician Sydney | Electric Faults,53,"Hot water system electrician for electric faults, tripping circuits, isolators, heat pumps and replacement wiring. Call Now or get a quote.",139,yes,yes,1950,yes,yes,yes,yes,yes,,,,,
/services/split-system-air-conditioning-sydney,service page,yes,yes,Air Conditioning Electrician Sydney | AC Circuits,49,"Air conditioning electrician Sydney for split systems, AC isolators, dedicated circuits and switchboard capacity checks. Call now or get a quote.",145,yes,yes,2160,yes,yes,yes,yes,yes,,,,,
/services/cctv-security-camera-installation-sydney,service page,yes,yes,CCTV Electrician Sydney | Cameras & Security Cabling,52,"CCTV electrician in Sydney for security camera installation, camera wiring, recorder support, home CCTV and business CCTV cabling.",130,yes,yes,1398,yes,yes,yes,yes,yes,,,,,
/services/data-cabling-electrician-sydney,service page,yes,yes,Data Cabling Electrician Sydney | Internet Points,49,"Data cabling electrician in Sydney for network points, internet points, NBN internal cabling, phone line repairs and office data runs.",134,yes,yes,1388,yes,yes,yes,yes,yes,,,,,
/services/ceiling-fan-installation-sydney,service page,yes,yes,Ceiling Fan Installation Sydney & Surrounding Regions,53,"Ceiling fan installation in Sydney for bedrooms, living areas, outdoor fans, exhaust fans, bathroom fans and fan replacement wiring.",132,yes,yes,1351,yes,yes,yes,yes,yes,,,,,
/services/safety-switch-rcd-installation-sydney,service page,yes,yes,Safety Switch Electrician Sydney | RCD & RCBO Help,50,"Safety switch installation and RCD repairs in Sydney for circuit tripping, switchboard protection, RCBO upgrades and electrical safety checks.",142,yes,yes,1366,yes,yes,yes,yes,yes,,,,,
/services/three-phase-power-sydney,service page,yes,yes,3 Phase Power Electrician Sydney & Surrounding Regions,54,"3 phase power electrician in Sydney for 3 phase upgrades, equipment circuits, commercial power, EV charger load checks and switchboard support.",143,yes,yes,1384,yes,yes,yes,yes,yes,,,,,
/services/surge-protection-electrician-sydney,service page,yes,yes,Surge Protection Electrician Sydney | Switchboard SPDs,54,"Surge protection electrician in Sydney for switchboard surge protection devices, appliance protection, storm risk and sensitive equipment protection.",149,yes,yes,1350,yes,yes,yes,yes,yes,,,,,
/services/appliance-installation-electrician-sydney,service page,yes,yes,Appliance Installation Electrician Sydney,41,"Appliance installation electrician in Sydney for cooktops, ovens, rangehoods, dishwasher connections, isolators and dedicated circuits.",135,yes,yes,1342,yes,yes,yes,yes,yes,,,,,
/services/rewiring-electrician-sydney,service page,yes,yes,Rewiring Electrician Sydney & Surrounding Regions,49,"Rewiring electrician in Sydney for old home wiring, renovation wiring, damaged cables, unsafe wiring, new circuits and safety upgrades.",135,yes,yes,1344,yes,yes,yes,yes,yes,,,,,
/services/metering-services-sydney,service page,yes,yes,Metering Services Sydney & Surrounding Regions,46,"Metering services electrician in Sydney for meter support, service equipment checks, Level 2 electrical work, defect notices and supply-side enquiries.",151,yes,yes,1594,yes,yes,yes,yes,yes,,,,,
/services/new-build-renovation-electrician-sydney,service page,yes,yes,Renovation Electrician Sydney | New Builds & Fit-Offs,53,"Renovation electrician in Sydney for rough-ins, fit-offs, kitchen upgrades, bathroom wiring, lighting layouts and switchboard planning.",135,yes,yes,1404,yes,yes,yes,yes,yes,,,,,
/services/electrical-testing-tagging-reports-sydney,service page,yes,yes,Electrical Testing & Tagging Sydney | Safety Reports,52,"Electrical testing, tagging and reports in Sydney for safety checks, property managers, businesses, rentals, fault notes and electrical compliance support.",155,yes,yes,1395,yes,yes,yes,yes,yes,,,,,
/services/smart-home-electrician-sydney,service page,yes,yes,Smart Home Electrician Sydney & Surrounding Regions,51,"Smart home electrician in Sydney for smart switches, lighting control, automation wiring, future-ready cabling, data points and electrical upgrades.",148,yes,yes,1390,yes,yes,yes,yes,yes,,,,,
/services/tv-antenna-wall-cabling-sydney,service page,yes,yes,"TV, Antenna & Wall Cabling Sydney & Surrounding Regions",55,"TV, antenna and wall cabling electrician in Sydney for TV points, antenna outlets, wall-mount power, hidden cabling, media wiring and data combinations.",152,yes,yes,1397,yes,yes,yes,yes,yes,,,,,
/services/intercom-access-control-electrician-sydney,service page,yes,yes,Intercom & Access Control Electrician Sydney,44,"Intercom and access control electrician in Sydney for entry systems, intercom wiring, gate provisions, strata access and security wiring.",137,yes,yes,1387,yes,yes,yes,yes,yes,,,,,
/services/storm-damage-electrician-sydney,service page,yes,yes,Storm Damage Electrician Sydney | Water-Affected Faults,55,"Storm damage electrician in Sydney for water-affected wiring, damaged fixtures, unsafe circuits, outdoor faults and make-safe support.",134,yes,yes,1429,yes,yes,yes,yes,yes,,,,,
/services/electrical-load-capacity-checks-sydney,service page,yes,yes,Electrical Load Capacity Checks Sydney,38,"Electrical load and capacity checks in Sydney for EV chargers, 3 phase upgrades, workshops, commercial equipment and switchboards.",130,yes,yes,1639,yes,yes,yes,yes,yes,,,,,
/services/point-of-attachment-repairs-sydney,service page,yes,yes,Point of Attachment Repairs Sydney | Level 2 Help,49,"Point of attachment repairs in Sydney for damaged brackets, overhead supply issues, defect notices and supply-side electrical enquiries.",136,yes,yes,1654,yes,yes,yes,yes,yes,,,,,
/services/overhead-service-lines-sydney,service page,yes,yes,Overhead Service Lines Sydney | Level 2 Help,44,"Overhead service line support in Sydney for damaged supply lines, point of attachment issues, private poles and defect notices.",127,yes,yes,1639,yes,yes,yes,yes,yes,,,,,
/services/underground-service-mains-sydney,service page,yes,yes,Underground Service Mains Sydney | Level 2 Help,47,"Underground service mains support in Sydney for supply-side faults, consumer mains, defect notices and service upgrades.",120,yes,yes,1616,yes,yes,yes,yes,yes,,,,,
/services/disconnect-reconnect-electrician-sydney,service page,yes,yes,Disconnect Reconnect Electrician Sydney,39,"Disconnect and reconnect electrician in Sydney for supply-side planning, renovations, defect notices and service equipment work.",128,yes,yes,1639,yes,yes,yes,yes,yes,,,,,
/services/electrical-safety-inspection-sydney,service page,yes,yes,Electrical Safety Inspection Sydney,35,"Electrical safety inspection in Sydney for switchboards, safety switches, wiring, power points, lighting and visible fault risks.",129,yes,yes,1398,yes,yes,yes,yes,yes,,,,,
/services/testing-and-tagging-sydney,service page,yes,yes,Testing and Tagging Sydney | Electrical Safety,46,"Testing and tagging in Sydney for workplaces, managed properties, appliances, safety checks and clear electrical records.",121,yes,yes,1382,yes,yes,yes,yes,yes,,,,,
/services/phone-line-electrician-sydney,service page,yes,yes,Phone Line Electrician Sydney | Cabling Help,44,"Phone line electrician in Sydney for internal phone outlets, communications cabling, data points and cabling fault support.",123,yes,yes,1389,yes,yes,yes,yes,yes,,,,,
/services/intercom-installation-sydney,service page,yes,yes,Intercom Installation Sydney | Electrician,42,"Intercom installation electrician in Sydney for homes, strata, entry systems, gate cabling and access control support.",118,yes,yes,1376,yes,yes,yes,yes,yes,,,,,
/services/tv-points-antenna-electrician-sydney,service page,yes,yes,TV Points & Antenna Electrician Sydney,38,"TV points and antenna electrician in Sydney for TV outlets, wall cabling, media points, antenna cabling and tidy power support.",127,yes,yes,1388,yes,yes,yes,yes,yes,,,,,
/services/emergency-exit-lighting-sydney,service page,yes,yes,Emergency Exit Lighting Sydney | Electrician,44,"Emergency and exit lighting electrician in Sydney for commercial sites, testing support, replacements and safety lighting checks.",129,yes,yes,1396,yes,yes,yes,yes,yes,,,,,
/services/hot-power-point-electrician-sydney,service page,yes,yes,Hot Power Point Electrician Sydney,34,"Hot power point electrician in Sydney for warm outlets and burning smells, buzzing sockets, damaged wiring and urgent fault checks.",131,yes,yes,1429,yes,yes,yes,yes,yes,,,,,
/services/electric-shock-electrician-sydney,service page,yes,yes,Electric Shock Electrician Sydney,33,"Electric shock electrician in Sydney for shock risk, tingles from outlets, appliances, wet fixtures and urgent safety checks.",125,yes,yes,1406,yes,yes,yes,yes,yes,,,,,
/services/circuit-breaker-electrician-sydney,service page,yes,yes,Circuit Breaker Electrician Sydney,34,"Circuit breaker electrician in Sydney for tripping breakers, overloaded circuits, switchboard faults and circuit protection checks.",131,yes,yes,1400,yes,yes,yes,yes,yes,,,,,
/services/rcd-safety-switch-repairs-sydney,service page,yes,yes,RCD Safety Switch Repairs Sydney,32,"RCD safety switch repairs in Sydney for circuit tripping, faulty safety switches, RCBO upgrades and switchboard protection checks.",130,yes,yes,1412,yes,yes,yes,yes,yes,,,,,
/services/smart-meter-electrician-sydney,service page,yes,yes,Smart Meter Electrician Sydney | Metering Help,46,"Smart meter electrician in Sydney for meter area checks, switchboard preparation, service equipment and retailer coordination advice.",133,yes,yes,1414,yes,yes,yes,yes,yes,,,,,
/electrical-faults/safety-switch-keeps-tripping,fault guide,yes,yes,Safety Switch Keeps Tripping Sydney & Surrounding Regions,57,"Safety switch keeps tripping in Sydney? Evaready Electrical can help test the circuit, isolate the cause and explain the next step.",131,yes,yes,652,yes,yes,yes,yes,yes,,,,,
/electrical-faults/burning-smell-from-switchboard,fault guide,yes,yes,Burning Smell From Switchboard Sydney & Surrounding Regions,59,Burning smell near a switchboard in Sydney? Call Evaready Electrical for urgent electrical fault support before touching the board.,131,yes,yes,645,yes,yes,yes,yes,yes,,,,,
/electrical-faults/no-power-in-one-room,fault guide,yes,yes,No Power In One Room Sydney & Surrounding Regions,49,"No power in one room in Sydney? Evaready Electrical can trace tripped circuits, faulty outlets, damaged wiring and switchboard issues.",134,yes,yes,648,yes,yes,yes,yes,yes,,,,,
/electrical-faults/no-power-to-house,fault guide,yes,yes,No Power To House Sydney & Surrounding Regions,46,"No power to the house in Sydney? Evaready Electrical can help check switchboards, tripped safety devices, storm faults and supply-side concerns.",144,yes,yes,687,yes,yes,yes,yes,yes,,,,,
/electrical-faults/power-point-sparking,fault guide,yes,yes,Power Point Sparking Sydney & Surrounding Regions,49,"Power point sparking in Sydney? Stop using the outlet and call Evaready Electrical for safe testing, repair or replacement.",123,yes,yes,624,yes,yes,yes,yes,yes,,,,,
/electrical-faults/burning-smell-from-outlet,fault guide,yes,yes,Burning Smell From Outlet Sydney & Surrounding Regions,54,Burning smell from an outlet in Sydney? Stop using the power point and call Evaready Electrical for urgent testing and repair.,126,yes,yes,664,yes,yes,yes,yes,yes,,,,,
/electrical-faults/safety-switch-trips-at-night,fault guide,yes,yes,Safety Switch Trips At Night Sydney & Surrounding Regions,57,"Safety switch trips at night in Sydney? Evaready Electrical can trace appliance, hot water, outdoor and circuit faults that trip after hours.",141,yes,yes,648,yes,yes,yes,yes,yes,,,,,
/electrical-faults/circuit-breaker-keeps-tripping,fault guide,yes,yes,Circuit Breaker Keeps Tripping Sydney & Surrounding Regions,59,"Circuit breaker keeps tripping in Sydney? Evaready Electrical can check overloaded circuits, faulty appliances, wiring damage and switchboard issues.",149,yes,yes,618,yes,yes,yes,yes,yes,,,,,
/electrical-faults/power-surge-damage,fault guide,yes,yes,Power Surge Damage Sydney & Surrounding Regions,47,"Power surge damage in Sydney? Evaready Electrical can inspect affected circuits, switchboards and surge protection options after storms or supply events.",153,yes,yes,616,yes,yes,yes,yes,yes,,,,,
/electrical-faults/hot-power-point,fault guide,yes,yes,Hot Power Point Sydney & Surrounding Regions,44,"Hot power point in Sydney? Evaready Electrical can check loose connections, overloaded outlets, damaged wiring and circuit load issues.",135,yes,yes,620,yes,yes,yes,yes,yes,,,,,
/electrical-faults/lights-flickering,fault guide,yes,yes,Lights Flickering Sydney & Surrounding Regions,46,"Lights flickering in Sydney? Evaready Electrical can check fixtures, circuits, switchboards, loose connections and load issues.",127,yes,yes,626,yes,yes,yes,yes,yes,,,,,
/electrical-faults/rcd-trips-when-raining,fault guide,yes,yes,RCD Trips When Raining Sydney & Surrounding Regions,51,"RCD trips when raining in Sydney? Evaready Electrical can test outdoor circuits, water-damaged fixtures and safety switch faults.",129,yes,yes,636,yes,yes,yes,yes,yes,,,,,
/electrical-faults/power-outage-after-storm,fault guide,yes,yes,Power Outage After Storm Sydney & Surrounding Regions,53,"Power outage after a storm in Sydney? Evaready Electrical can help check storm-damaged circuits, switchboards, outdoor fixtures and supply concerns.",148,yes,yes,640,yes,yes,yes,yes,yes,,,,,
/electrical-faults/electric-shock-from-outlet,fault guide,yes,yes,Electric Shock From Outlet Sydney & Surrounding Regions,55,Electric shock from an outlet in Sydney? Stop using the power point and call Evaready Electrical for urgent electrical fault support.,133,yes,yes,654,yes,yes,yes,yes,yes,,,,,
/electrical-faults/smoke-from-electrical-panel,fault guide,yes,yes,Smoke From Electrical Panel Sydney & Surrounding Regions,56,Smoke from an electrical panel or switchboard in Sydney? Keep clear and call Evaready Electrical for urgent electrical support.,127,yes,yes,643,yes,yes,yes,yes,yes,,,,,
/service-areas/canterbury-bankstown-and-inner-south-west,region page,yes,yes,Canterbury-Bankstown & Inner South West Electrician,51,"Need an electrician in Canterbury-Bankstown & Inner South West? Evaready helps with urgent faults, Level 2 work, switchboards, consumer mains, defect.",150,yes,yes,1017,yes,yes,yes,yes,yes,,,,,
/service-areas/st-george-and-bayside,region page,yes,yes,St George & Bayside Electrician | Emergency & Level 2,53,"Need an electrician in St George & Bayside? Evaready helps with urgent faults, Level 2 work, switchboards, consumer mains, defect notices and planned.",150,yes,yes,1064,yes,yes,yes,yes,yes,,,,,
/service-areas/sutherland-shire,region page,yes,yes,Sutherland Shire Electrician | Emergency & Level 2,50,"Need an electrician in Sutherland Shire? Evaready helps with urgent faults, Level 2 work, switchboards, consumer mains, defect notices and planned.",147,yes,yes,977,yes,yes,yes,yes,yes,,,,,
/service-areas/liverpool-and-fairfield,region page,yes,yes,Liverpool & Fairfield Electrician | Emergency & Level 2,55,"Need an electrician in Liverpool & Fairfield? Evaready helps with urgent faults, Level 2 work, switchboards, consumer mains, defect notices and planned.",152,yes,yes,1019,yes,yes,yes,yes,yes,,,,,
/service-areas/macarthur-camden-and-wollondilly,region page,yes,yes,"Macarthur, Camden & Wollondilly Electrician | Emergency & Level 2",65,"Need an electrician in Macarthur, Camden & Wollondilly? Evaready helps with urgent faults, Level 2 work, switchboards, consumer mains, defect notices.",150,yes,yes,1089,yes,yes,yes,yes,yes,,,,,
/service-areas/inner-west-burwood-and-canada-bay,region page,yes,yes,"Inner West, Burwood & Canada Bay Electrician",44,"Need an electrician in Inner West, Burwood & Canada Bay? Evaready helps with urgent faults, Level 2 work, switchboards, consumer mains, defect notices.",151,yes,yes,1153,yes,yes,yes,yes,yes,,,,,
/service-areas/sydney-city-and-eastern-suburbs,region page,yes,yes,Sydney City & Eastern Suburbs Electrician | Emergency & Level 2,63,"Need an electrician in Sydney City & Eastern Suburbs? Evaready helps with urgent faults, Level 2 work, switchboards, consumer mains, defect notices.",148,yes,yes,1134,yes,yes,yes,yes,yes,,,,,
/service-areas/parramatta-and-cumberland,region page,yes,yes,Parramatta & Cumberland Electrician | Emergency & Level 2,57,"Need an electrician in Parramatta & Cumberland? Evaready helps with urgent faults, Level 2 work, switchboards, consumer mains, defect notices and planned.",154,yes,yes,1041,yes,yes,yes,yes,yes,,,,,
/service-areas/western-sydney-and-nepean,region page,yes,yes,Western Sydney & Nepean Electrician | Emergency & Level 2,57,"Need an electrician in Western Sydney & Nepean? Evaready helps with urgent faults, Level 2 work, switchboards, consumer mains, defect notices and planned.",154,yes,yes,1081,yes,yes,yes,yes,yes,,,,,
/service-areas/hills-hawkesbury-and-hornsby,region page,yes,yes,"Hills, Hawkesbury & Hornsby Electrician | Emergency & Level 2",61,"Need an electrician in Hills, Hawkesbury & Hornsby? Evaready helps with urgent faults, Level 2 work, switchboards, consumer mains, defect notices.",146,yes,yes,1101,yes,yes,yes,yes,yes,,,,,
/service-areas/northern-sydney-and-ryde,region page,yes,yes,Northern Sydney & Ryde Electrician | Emergency & Level 2,56,"Need an electrician in Northern Sydney & Ryde? Evaready helps with urgent faults, Level 2 work, switchboards, consumer mains, defect notices and planned.",153,yes,yes,1215,yes,yes,yes,yes,yes,,,,,
/service-areas/northern-beaches,region page,yes,yes,Northern Beaches Electrician | Emergency & Level 2,50,"Need an electrician in Northern Beaches? Evaready helps with urgent faults, Level 2 work, switchboards, consumer mains, defect notices and planned.",147,yes,yes,1068,yes,yes,yes,yes,yes,,,,,
/service-areas/blue-mountains,region page,yes,yes,Blue Mountains Electrician | Emergency & Level 2,48,"Need an electrician in Blue Mountains? Evaready helps with urgent faults, Level 2 work, switchboards, consumer mains, defect notices and planned electrical.",156,yes,yes,1041,yes,yes,yes,yes,yes,,,,,
/service-areas/wollongong-and-illawarra,region page,yes,yes,Wollongong & Illawarra Electrician | Emergency & Level 2,56,"Need an electrician in Wollongong & Illawarra? Evaready helps with urgent faults, Level 2 work, switchboards, consumer mains, defect notices and planned.",153,yes,yes,1121,yes,yes,yes,yes,yes,,,,,
/service-areas/southern-highlands,region page,yes,yes,Southern Highlands Electrician | Emergency & Level 2,52,"Need an electrician in Southern Highlands? Evaready helps with urgent faults, Level 2 work, switchboards, consumer mains, defect notices and planned.",149,yes,yes,1058,yes,yes,yes,yes,yes,,,,,
/service-areas/central-coast-south,region page,yes,yes,Central Coast South Electrician | Emergency & Level 2,53,"Need an electrician in Central Coast South? Evaready helps with urgent faults, Level 2 work, switchboards, consumer mains, defect notices and planned.",150,yes,yes,1085,yes,yes,yes,yes,yes,,,,,
/service-areas/canterbury-bankstown-and-inner-south-west/canterbury-bankstown,area page,yes,yes,Canterbury-Bankstown Electrician | Emergency & Level 2,54,"Need an electrician in Canterbury-Bankstown? Evaready helps with urgent faults, Level 2 work, switchboards, consumer mains, defect notices and planned.",151,yes,yes,1068,yes,yes,yes,yes,yes,,,,,
/service-areas/st-george-and-bayside/bayside-and-airport,area page,yes,yes,Bayside & Airport Electrician | St George & Bayside,51,"Need an electrician in Bayside & Airport? Evaready helps with urgent faults, Level 2 work, switchboards, consumer mains, defect notices and planned.",148,yes,yes,994,yes,yes,yes,yes,yes,,,,,
/service-areas/st-george-and-bayside/georges-river,area page,yes,yes,Georges River Electrician | St George & Bayside,47,"Need an electrician in Georges River? Evaready helps with urgent faults, Level 2 work, switchboards, consumer mains, defect notices and planned electrical.",155,yes,yes,1032,yes,yes,yes,yes,yes,,,,,
/service-areas/st-george-and-bayside/rockdale-and-bexley,area page,yes,yes,Rockdale & Bexley Electrician | St George & Bayside,51,"Need an electrician in Rockdale & Bexley? Evaready helps with urgent faults, Level 2 work, switchboards, consumer mains, defect notices and planned.",148,yes,yes,1034,yes,yes,yes,yes,yes,,,,,
/service-areas/sutherland-shire/sutherland-shire,area page,yes,yes,Sutherland Shire Electrician | Sutherland Shire,47,"Need an electrician in Sutherland Shire? Evaready helps with urgent faults, Level 2 work, switchboards, consumer mains, defect notices and planned.",147,yes,yes,1123,yes,yes,yes,yes,yes,,,,,
/service-areas/liverpool-and-fairfield/fairfield,area page,yes,yes,Fairfield Electrician | Liverpool & Fairfield,45,"Need an electrician in Fairfield? Evaready helps with urgent faults, Level 2 work, switchboards, consumer mains, defect notices and planned electrical jobs.",156,yes,yes,1042,yes,yes,yes,yes,yes,,,,,
/service-areas/liverpool-and-fairfield/liverpool,area page,yes,yes,Liverpool Electrician | Liverpool & Fairfield,45,"Need an electrician in Liverpool? Evaready helps with urgent faults, Level 2 work, switchboards, consumer mains, defect notices and planned electrical jobs.",156,yes,yes,1068,yes,yes,yes,yes,yes,,,,,
/service-areas/macarthur-camden-and-wollondilly/camden,area page,yes,yes,"Camden Electrician | Macarthur, Camden & Wollondilly",52,"Need an electrician in Camden? Evaready helps with urgent faults, Level 2 work, switchboards, consumer mains, defect notices and planned electrical jobs.",153,yes,yes,1033,yes,yes,yes,yes,yes,,,,,
/service-areas/macarthur-camden-and-wollondilly/campbelltown,area page,yes,yes,"Campbelltown Electrician | Macarthur, Camden & Wollondilly",58,"Need an electrician in Campbelltown? Evaready helps with urgent faults, Level 2 work, switchboards, consumer mains, defect notices and planned electrical.",154,yes,yes,1096,yes,yes,yes,yes,yes,,,,,
/service-areas/macarthur-camden-and-wollondilly/wollondilly,area page,yes,yes,"Wollondilly Electrician | Macarthur, Camden & Wollondilly",57,"Need an electrician in Wollondilly? Evaready helps with urgent faults, Level 2 work, switchboards, consumer mains, defect notices and planned electrical.",153,yes,yes,1064,yes,yes,yes,yes,yes,,,,,
/service-areas/inner-west-burwood-and-canada-bay/burwood,area page,yes,yes,"Burwood Electrician | Inner West, Burwood & Canada Bay",54,"Need an electrician in Burwood? Evaready helps with urgent faults, Level 2 work, switchboards, consumer mains, defect notices and planned electrical jobs.",154,yes,yes,960,yes,yes,yes,yes,yes,,,,,
/service-areas/inner-west-burwood-and-canada-bay/canada-bay,area page,yes,yes,"Canada Bay Electrician | Inner West, Burwood & Canada Bay",57,"Need an electrician in Canada Bay? Evaready helps with urgent faults, Level 2 work, switchboards, consumer mains, defect notices and planned electrical.",152,yes,yes,1045,yes,yes,yes,yes,yes,,,,,
/service-areas/inner-west-burwood-and-canada-bay/inner-west,area page,yes,yes,"Inner West Electrician | Inner West, Burwood & Canada Bay",57,"Need an electrician in Inner West? Evaready helps with urgent faults, Level 2 work, switchboards, consumer mains, defect notices and planned electrical.",152,yes,yes,1087,yes,yes,yes,yes,yes,,,,,
/service-areas/inner-west-burwood-and-canada-bay/strathfield,area page,yes,yes,"Strathfield Electrician | Inner West, Burwood & Canada Bay",58,"Need an electrician in Strathfield? Evaready helps with urgent faults, Level 2 work, switchboards, consumer mains, defect notices and planned electrical.",153,yes,yes,1018,yes,yes,yes,yes,yes,,,,,
/service-areas/sydney-city-and-eastern-suburbs/randwick,area page,yes,yes,Randwick Electrician | Sydney City & Eastern Suburbs,52,"Need an electrician in Randwick? Evaready helps with urgent faults, Level 2 work, switchboards, consumer mains, defect notices and planned electrical jobs.",155,yes,yes,1003,yes,yes,yes,yes,yes,,,,,
/service-areas/sydney-city-and-eastern-suburbs/sydney,area page,yes,yes,Sydney Electrician | Sydney City & Eastern Suburbs,50,"Need an electrician in Sydney? Evaready helps with urgent faults, Level 2 work, switchboards, consumer mains, defect notices and planned electrical jobs.",153,yes,yes,1059,yes,yes,yes,yes,yes,,,,,
/service-areas/sydney-city-and-eastern-suburbs/waverley,area page,yes,yes,Waverley Electrician | Sydney City & Eastern Suburbs,52,"Need an electrician in Waverley? Evaready helps with urgent faults, Level 2 work, switchboards, consumer mains, defect notices and planned electrical jobs.",155,yes,yes,1011,yes,yes,yes,yes,yes,,,,,
/service-areas/sydney-city-and-eastern-suburbs/woollahra,area page,yes,yes,Woollahra Electrician | Sydney City & Eastern Suburbs,53,"Need an electrician in Woollahra? Evaready helps with urgent faults, Level 2 work, switchboards, consumer mains, defect notices and planned electrical jobs.",156,yes,yes,1002,yes,yes,yes,yes,yes,,,,,
/service-areas/parramatta-and-cumberland/cumberland,area page,yes,yes,Cumberland Electrician | Parramatta & Cumberland,48,"Need an electrician in Cumberland? Evaready helps with urgent faults, Level 2 work, switchboards, consumer mains, defect notices and planned electrical.",152,yes,yes,1024,yes,yes,yes,yes,yes,,,,,
/service-areas/parramatta-and-cumberland/parramatta,area page,yes,yes,Parramatta Electrician | Parramatta & Cumberland,48,"Need an electrician in Parramatta? Evaready helps with urgent faults, Level 2 work, switchboards, consumer mains, defect notices and planned electrical.",152,yes,yes,1069,yes,yes,yes,yes,yes,,,,,
/service-areas/western-sydney-and-nepean/blacktown,area page,yes,yes,Blacktown Electrician | Western Sydney & Nepean,47,"Need an electrician in Blacktown? Evaready helps with urgent faults, Level 2 work, switchboards, consumer mains, defect notices and planned electrical jobs.",156,yes,yes,1142,yes,yes,yes,yes,yes,,,,,
/service-areas/western-sydney-and-nepean/penrith,area page,yes,yes,Penrith Electrician | Western Sydney & Nepean,45,"Need an electrician in Penrith? Evaready helps with urgent faults, Level 2 work, switchboards, consumer mains, defect notices and planned electrical jobs.",154,yes,yes,1097,yes,yes,yes,yes,yes,,,,,
/service-areas/hills-hawkesbury-and-hornsby/hawkesbury,area page,yes,yes,"Hawkesbury Electrician | Hills, Hawkesbury & Hornsby",52,"Need an electrician in Hawkesbury? Evaready helps with urgent faults, Level 2 work, switchboards, consumer mains, defect notices and planned electrical.",152,yes,yes,1118,yes,yes,yes,yes,yes,,,,,
/service-areas/hills-hawkesbury-and-hornsby/hills-district,area page,yes,yes,"Hills District Electrician | Hills, Hawkesbury & Hornsby",56,"Need an electrician in Hills District? Evaready helps with urgent faults, Level 2 work, switchboards, consumer mains, defect notices and planned electrical.",156,yes,yes,1074,yes,yes,yes,yes,yes,,,,,
/service-areas/hills-hawkesbury-and-hornsby/hornsby,area page,yes,yes,"Hornsby Electrician | Hills, Hawkesbury & Hornsby",49,"Need an electrician in Hornsby? Evaready helps with urgent faults, Level 2 work, switchboards, consumer mains, defect notices and planned electrical jobs.",154,yes,yes,1071,yes,yes,yes,yes,yes,,,,,
/service-areas/northern-sydney-and-ryde/hunters-hill,area page,yes,yes,Hunters Hill Electrician | Northern Sydney & Ryde,49,"Need an electrician in Hunters Hill? Evaready helps with urgent faults, Level 2 work, switchboards, consumer mains, defect notices and planned electrical.",154,yes,yes,1007,yes,yes,yes,yes,yes,,,,,
/service-areas/northern-sydney-and-ryde/ku-ring-gai,area page,yes,yes,Ku-ring-gai Electrician | Northern Sydney & Ryde,48,"Need an electrician in Ku-ring-gai? Evaready helps with urgent faults, Level 2 work, switchboards, consumer mains, defect notices and planned electrical.",153,yes,yes,963,yes,yes,yes,yes,yes,,,,,
/service-areas/northern-sydney-and-ryde/lane-cove,area page,yes,yes,Lane Cove Electrician | Northern Sydney & Ryde,46,"Need an electrician in Lane Cove? Evaready helps with urgent faults, Level 2 work, switchboards, consumer mains, defect notices and planned electrical jobs.",156,yes,yes,954,yes,yes,yes,yes,yes,,,,,
/service-areas/northern-sydney-and-ryde/mosman,area page,yes,yes,Mosman Electrician | Northern Sydney & Ryde,43,"Need an electrician in Mosman? Evaready helps with urgent faults, Level 2 work, switchboards, consumer mains, defect notices and planned electrical jobs.",153,yes,yes,888,yes,yes,yes,yes,yes,,,,,
/service-areas/northern-sydney-and-ryde/north-sydney,area page,yes,yes,North Sydney Electrician | Northern Sydney & Ryde,49,"Need an electrician in North Sydney? Evaready helps with urgent faults, Level 2 work, switchboards, consumer mains, defect notices and planned electrical.",154,yes,yes,969,yes,yes,yes,yes,yes,,,,,
/service-areas/northern-sydney-and-ryde/ryde,area page,yes,yes,Ryde Electrician | Northern Sydney & Ryde,41,"Need an electrician in Ryde? Evaready helps with urgent faults, Level 2 work, switchboards, consumer mains, defect notices and planned electrical jobs.",151,yes,yes,951,yes,yes,yes,yes,yes,,,,,
/service-areas/northern-sydney-and-ryde/willoughby,area page,yes,yes,Willoughby Electrician | Northern Sydney & Ryde,47,"Need an electrician in Willoughby? Evaready helps with urgent faults, Level 2 work, switchboards, consumer mains, defect notices and planned electrical.",152,yes,yes,933,yes,yes,yes,yes,yes,,,,,
/service-areas/northern-beaches/northern-beaches,area page,yes,yes,Northern Beaches Electrician | Northern Beaches,47,"Need an electrician in Northern Beaches? Evaready helps with urgent faults, Level 2 work, switchboards, consumer mains, defect notices and planned.",147,yes,yes,1243,yes,yes,yes,yes,yes,,,,,
/service-areas/blue-mountains/blue-mountains,area page,yes,yes,Blue Mountains Electrician | Blue Mountains,43,"Need an electrician in Blue Mountains? Evaready helps with urgent faults, Level 2 work, switchboards, consumer mains, defect notices and planned electrical.",156,yes,yes,1072,yes,yes,yes,yes,yes,,,,,
/service-areas/wollongong-and-illawarra/minnamurra-and-kiama-downs,area page,yes,yes,Minnamurra & Kiama Downs Electrician | Wollongong & Illawarra,61,"Need an electrician in Minnamurra & Kiama Downs? Evaready helps with urgent faults, Level 2 work, switchboards, consumer mains, defect notices and planned.",155,yes,yes,1052,yes,yes,yes,yes,yes,,,,,
/service-areas/wollongong-and-illawarra/shellharbour,area page,yes,yes,Shellharbour Electrician | Wollongong & Illawarra,49,"Need an electrician in Shellharbour? Evaready helps with urgent faults, Level 2 work, switchboards, consumer mains, defect notices and planned electrical.",154,yes,yes,1065,yes,yes,yes,yes,yes,,,,,
/service-areas/wollongong-and-illawarra/wollongong,area page,yes,yes,Wollongong Electrician | Wollongong & Illawarra,47,"Need an electrician in Wollongong? Evaready helps with urgent faults, Level 2 work, switchboards, consumer mains, defect notices and planned electrical.",152,yes,yes,1265,yes,yes,yes,yes,yes,,,,,
/service-areas/southern-highlands/wingecarribee,area page,yes,yes,Wingecarribee Electrician | Southern Highlands,46,"Need an electrician in Wingecarribee? Evaready helps with urgent faults, Level 2 work, switchboards, consumer mains, defect notices and planned electrical.",155,yes,yes,1096,yes,yes,yes,yes,yes,,,,,
/service-areas/central-coast-south/central-coast,area page,yes,yes,Central Coast Electrician | Central Coast South,47,"Need an electrician in Central Coast? Evaready helps with urgent faults, Level 2 work, switchboards, consumer mains, defect notices and planned electrical.",155,yes,yes,1167,yes,yes,yes,yes,yes,,,,,
/service-areas/canterbury-bankstown-and-inner-south-west/canterbury-bankstown/bankstown,suburb page,yes,yes,Electrician Bankstown 2200 | Emergency & Level 2,48,"Need electrical help in Bankstown 2200? Evaready Electrical helps with urgent electrical faults, switchboard upgrades, lighting, power, data cabling.",149,yes,yes,2749,yes,yes,yes,yes,yes,,,,,
/service-areas/canterbury-bankstown-and-inner-south-west/canterbury-bankstown/bass-hill,suburb page,yes,yes,Electrician Bass Hill 2197 | Emergency & Level 2,48,"Need an electrician in Bass Hill? Evaready helps with emergency faults, Level 2 ASP work, switchboards, hot water, aircon, CCTV/data and general.",145,yes,yes,2853,yes,yes,yes,yes,yes,,,,,
/service-areas/canterbury-bankstown-and-inner-south-west/canterbury-bankstown/belfield,suburb page,yes,yes,Electrician Belfield 2191 | Emergency & Level 2,47,"Need an electrician in Belfield? Evaready helps with emergency faults, Level 2 ASP work, switchboards, hot water, aircon, CCTV/data and general.",144,yes,yes,2774,yes,yes,yes,yes,yes,,,,,
/service-areas/canterbury-bankstown-and-inner-south-west/canterbury-bankstown/belmore,suburb page,yes,yes,Electrician Belmore 2192 | Emergency & Level 2,46,"Need electrical help in Belmore 2192? Emergency faults, Level 2 ASP, switchboards, hot water, aircon, CCTV/data and general electrical work across.",147,yes,yes,2731,yes,yes,yes,yes,yes,,,,,
/service-areas/canterbury-bankstown-and-inner-south-west/canterbury-bankstown/beverly-hills,suburb page,yes,yes,Electrician Beverly Hills 2209 | Emergency & Level 2,52,"Evaready helps Beverly Hills with urgent faults, Level 2 ASP work, switchboards, hot water electrical, aircon, CCTV/data and planned electrical work.",149,yes,yes,2864,yes,yes,yes,yes,yes,,,,,
/service-areas/canterbury-bankstown-and-inner-south-west/canterbury-bankstown/birrong,suburb page,yes,yes,Electrician Birrong 2143 | Emergency & Level 2,46,"Need an electrician in Birrong? Evaready helps with emergency faults, Level 2 ASP work, switchboards, hot water, aircon, CCTV/data and general.",143,yes,yes,2758,yes,yes,yes,yes,yes,,,,,
/service-areas/canterbury-bankstown-and-inner-south-west/canterbury-bankstown/campsie,suburb page,yes,yes,Electrician Campsie 2194 | Emergency & Level 2,46,"Need electrical help in Campsie 2194? Emergency faults, Level 2 ASP, switchboards, hot water, aircon, CCTV/data and general electrical work across.",147,yes,yes,2758,yes,yes,yes,yes,yes,,,,,
/service-areas/canterbury-bankstown-and-inner-south-west/canterbury-bankstown/canterbury,suburb page,yes,yes,Electrician Canterbury 2193 | Emergency & Level 2,49,"Need electrical help in Canterbury 2193? Emergency faults, Level 2 ASP, switchboards, hot water, aircon, CCTV/data and general electrical work across.",150,yes,yes,2774,yes,yes,yes,yes,yes,,,,,
/service-areas/canterbury-bankstown-and-inner-south-west/canterbury-bankstown/chester-hill,suburb page,yes,yes,Electrician Chester Hill 2162 | Emergency & Level 2,51,"Evaready helps Chester Hill with urgent faults, Level 2 ASP work, switchboards, hot water electrical, aircon, CCTV/data and planned electrical work.",148,yes,yes,2839,yes,yes,yes,yes,yes,,,,,
/service-areas/canterbury-bankstown-and-inner-south-west/canterbury-bankstown/clemton-park,suburb page,yes,yes,Electrician Clemton Park 2206 | Emergency & Level 2,51,"Evaready helps Clemton Park with urgent faults, Level 2 ASP work, switchboards, hot water electrical, aircon, CCTV/data and planned electrical work.",148,yes,yes,2879,yes,yes,yes,yes,yes,,,,,
/service-areas/canterbury-bankstown-and-inner-south-west/canterbury-bankstown/condell-park,suburb page,yes,yes,Electrician Condell Park 2200 | Emergency & Level 2,51,"Need an electrician in Condell Park? Evaready helps with emergency faults, Level 2 ASP work, switchboards, hot water, aircon, CCTV/data and general.",148,yes,yes,2845,yes,yes,yes,yes,yes,,,,,
/service-areas/canterbury-bankstown-and-inner-south-west/canterbury-bankstown/earlwood,suburb page,yes,yes,Electrician Earlwood 2206 | Emergency & Level 2,47,"Need an electrician in Earlwood? Evaready helps with emergency faults, Level 2 ASP work, switchboards, hot water, aircon, CCTV/data and general.",144,yes,yes,2838,yes,yes,yes,yes,yes,,,,,
/service-areas/canterbury-bankstown-and-inner-south-west/canterbury-bankstown/east-hills,suburb page,yes,yes,Electrician East Hills 2213 | Emergency & Level 2,49,"Need an electrician in East Hills? Evaready helps with emergency faults, Level 2 ASP work, switchboards, hot water, aircon, CCTV/data and general.",146,yes,yes,2844,yes,yes,yes,yes,yes,,,,,
/service-areas/canterbury-bankstown-and-inner-south-west/canterbury-bankstown/georges-hall,suburb page,yes,yes,Electrician Georges Hall 2198 | Emergency & Level 2,51,"Need electrical help in Georges Hall 2198? Emergency faults, Level 2 ASP, switchboards, hot water, aircon, CCTV/data and general electrical work.",145,yes,yes,2887,yes,yes,yes,yes,yes,,,,,
/service-areas/canterbury-bankstown-and-inner-south-west/canterbury-bankstown/greenacre,suburb page,yes,yes,Electrician Greenacre 2190 | Emergency & Level 2,48,"Need electrical help in Greenacre 2190? Emergency faults, Level 2 ASP, switchboards, hot water, aircon, CCTV/data and general electrical work across.",149,yes,yes,2818,yes,yes,yes,yes,yes,,,,,
/service-areas/canterbury-bankstown-and-inner-south-west/canterbury-bankstown/kingsgrove,suburb page,yes,yes,Electrician Kingsgrove 2208 | Emergency & Level 2,49,"Need electrical help in Kingsgrove 2208? Emergency faults, Level 2 ASP, switchboards, hot water, aircon, CCTV/data and general electrical work across.",150,yes,yes,2769,yes,yes,yes,yes,yes,,,,,
/service-areas/canterbury-bankstown-and-inner-south-west/canterbury-bankstown/lakemba,suburb page,yes,yes,Electrician Lakemba 2195 | Emergency & Level 2,46,"Need an electrician in Lakemba? Evaready helps with emergency faults, Level 2 ASP work, switchboards, hot water, aircon, CCTV/data and general.",143,yes,yes,2746,yes,yes,yes,yes,yes,,,,,
/service-areas/canterbury-bankstown-and-inner-south-west/canterbury-bankstown/lansdowne,suburb page,yes,yes,Electrician Lansdowne 2163 | Emergency & Level 2,48,"Need electrical help in Lansdowne 2163? Emergency faults, Level 2 ASP, switchboards, hot water, aircon, CCTV/data and general electrical work across.",149,yes,yes,2813,yes,yes,yes,yes,yes,,,,,
/service-areas/canterbury-bankstown-and-inner-south-west/canterbury-bankstown/milperra,suburb page,yes,yes,Electrician Milperra 2214 | Emergency & Level 2,47,"Evaready helps Milperra with urgent faults, Level 2 ASP work, switchboards, hot water electrical, aircon, CCTV/data and planned electrical work.",144,yes,yes,2750,yes,yes,yes,yes,yes,,,,,
/service-areas/canterbury-bankstown-and-inner-south-west/canterbury-bankstown/mount-lewis,suburb page,yes,yes,Electrician Mount Lewis 2190 | Emergency & Level 2,50,"Need an electrician in Mount Lewis? Evaready helps with emergency faults, Level 2 ASP work, switchboards, hot water, aircon, CCTV/data and general.",147,yes,yes,2835,yes,yes,yes,yes,yes,,,,,
/service-areas/canterbury-bankstown-and-inner-south-west/canterbury-bankstown/narwee,suburb page,yes,yes,Electrician Narwee 2209 | Emergency & Level 2,45,"Need electrical help in Narwee 2209? Emergency faults, Level 2 ASP, switchboards, hot water, aircon, CCTV/data and general electrical work across.",146,yes,yes,2735,yes,yes,yes,yes,yes,,,,,
/service-areas/canterbury-bankstown-and-inner-south-west/canterbury-bankstown/padstow,suburb page,yes,yes,Electrician Padstow 2211 | Emergency & Level 2,46,"Need an electrician in Padstow? Evaready Electrical helps with electrical faults, safety switches, lighting, power points, hot water circuits.",142,yes,yes,2750,yes,yes,yes,yes,yes,,,,,
/service-areas/canterbury-bankstown-and-inner-south-west/canterbury-bankstown/padstow-heights,suburb page,yes,yes,Electrician Padstow Heights 2211 | Emergency & Level 2,54,"Need electrical help in Padstow Heights 2211? Emergency faults, Level 2 ASP, switchboards, hot water, aircon, CCTV/data and general electrical work.",148,yes,yes,2877,yes,yes,yes,yes,yes,,,,,
/service-areas/canterbury-bankstown-and-inner-south-west/canterbury-bankstown/panania,suburb page,yes,yes,Electrician Panania 2213 | Emergency & Level 2,46,"Evaready Electrical helps with emergency faults, switchboard upgrades, smoke alarms, lighting, power points, hot water circuits and Level 2 electrical.",151,yes,yes,2729,yes,yes,yes,yes,yes,,,,,
/service-areas/canterbury-bankstown-and-inner-south-west/canterbury-bankstown/picnic-point,suburb page,yes,yes,Electrician Picnic Point 2213 | Emergency & Level 2,51,"Evaready helps Picnic Point with urgent faults, Level 2 ASP work, switchboards, hot water electrical, aircon, CCTV/data and planned electrical work.",148,yes,yes,2882,yes,yes,yes,yes,yes,,,,,
/service-areas/canterbury-bankstown-and-inner-south-west/canterbury-bankstown/potts-hill,suburb page,yes,yes,Electrician Potts Hill 2143 | Emergency & Level 2,49,"Need an electrician in Potts Hill? Evaready helps with emergency faults, Level 2 ASP work, switchboards, hot water, aircon, CCTV/data and general.",146,yes,yes,2824,yes,yes,yes,yes,yes,,,,,
/service-areas/canterbury-bankstown-and-inner-south-west/canterbury-bankstown/punchbowl,suburb page,yes,yes,Electrician Punchbowl 2196 | Emergency & Level 2,48,"Need an electrician in Punchbowl? Evaready helps with emergency faults, Level 2 ASP work, switchboards, hot water, aircon, CCTV/data and general.",145,yes,yes,2767,yes,yes,yes,yes,yes,,,,,
/service-areas/canterbury-bankstown-and-inner-south-west/canterbury-bankstown/revesby,suburb page,yes,yes,Electrician Revesby 2212 | Emergency & Level 2,46,"Need electrical help in Revesby 2212? Evaready Electrical works across Revesby for family homes, duplexes, villas, warehouses and local businesses.",147,yes,yes,2781,yes,yes,yes,yes,yes,,,,,
/service-areas/canterbury-bankstown-and-inner-south-west/canterbury-bankstown/revesby-heights,suburb page,yes,yes,Electrician Revesby Heights 2212 | Emergency & Level 2,54,"Evaready helps Revesby Heights with urgent faults, Level 2 ASP work, switchboards, hot water electrical, aircon, CCTV/data and planned electrical work.",151,yes,yes,2898,yes,yes,yes,yes,yes,,,,,
/service-areas/canterbury-bankstown-and-inner-south-west/canterbury-bankstown/riverwood,suburb page,yes,yes,Electrician Riverwood 2210 | Emergency & Level 2,48,"Need electrical help in Riverwood 2210? Emergency faults, Level 2 ASP, switchboards, hot water, aircon, CCTV/data and general electrical work across.",149,yes,yes,2757,yes,yes,yes,yes,yes,,,,,
/service-areas/canterbury-bankstown-and-inner-south-west/canterbury-bankstown/roselands,suburb page,yes,yes,Electrician Roselands 2196 | Emergency & Level 2,48,"Evaready helps Roselands with urgent faults, Level 2 ASP work, switchboards, hot water electrical, aircon, CCTV/data and planned electrical work.",145,yes,yes,2752,yes,yes,yes,yes,yes,,,,,
/service-areas/canterbury-bankstown-and-inner-south-west/canterbury-bankstown/sefton,suburb page,yes,yes,Electrician Sefton 2162 | Emergency & Level 2,45,"Evaready helps Sefton with urgent faults, Level 2 ASP work, switchboards, hot water electrical, aircon, CCTV/data and planned electrical work.",142,yes,yes,2770,yes,yes,yes,yes,yes,,,,,
/service-areas/canterbury-bankstown-and-inner-south-west/canterbury-bankstown/villawood,suburb page,yes,yes,Electrician Villawood 2163 | Emergency & Level 2,48,"Need electrical help in Villawood 2163? Emergency faults, Level 2 ASP, switchboards, hot water, aircon, CCTV/data and general electrical work across.",149,yes,yes,2746,yes,yes,yes,yes,yes,,,,,
/service-areas/canterbury-bankstown-and-inner-south-west/canterbury-bankstown/wiley-park,suburb page,yes,yes,Electrician Wiley Park 2195 | Emergency & Level 2,49,"Need an electrician in Wiley Park? Evaready helps with emergency faults, Level 2 ASP work, switchboards, hot water, aircon, CCTV/data and general.",146,yes,yes,2830,yes,yes,yes,yes,yes,,,,,
/service-areas/canterbury-bankstown-and-inner-south-west/canterbury-bankstown/yagoona,suburb page,yes,yes,Electrician Yagoona 2199 | Emergency & Level 2,46,"Need electrical help in Yagoona 2199? Emergency faults, Level 2 ASP, switchboards, hot water, aircon, CCTV/data and general electrical work across.",147,yes,yes,2765,yes,yes,yes,yes,yes,,,,,
/service-areas/st-george-and-bayside/bayside-and-airport/banksmeadow,suburb page,yes,yes,Electrician Banksmeadow 2019 | Emergency & Level 2,50,"Evaready helps Banksmeadow with urgent faults, Level 2 ASP work, switchboards, hot water electrical, aircon, CCTV/data and planned electrical work.",147,yes,yes,2777,yes,yes,yes,yes,yes,,,,,
/service-areas/st-george-and-bayside/bayside-and-airport/botany,suburb page,yes,yes,Electrician Botany 2019 | Emergency & Level 2,45,"Need electrical help in Botany 2019? Emergency faults, Level 2 ASP, switchboards, hot water, aircon, CCTV/data and general electrical work across.",146,yes,yes,2771,yes,yes,yes,yes,yes,,,,,
/service-areas/st-george-and-bayside/bayside-and-airport/daceyville,suburb page,yes,yes,Electrician Daceyville 2032 | Emergency & Level 2,49,"Evaready helps Daceyville with urgent faults, Level 2 ASP work, switchboards, hot water electrical, aircon, CCTV/data and planned electrical work.",146,yes,yes,2765,yes,yes,yes,yes,yes,,,,,
/service-areas/st-george-and-bayside/bayside-and-airport/eastgardens,suburb page,yes,yes,Electrician Eastgardens 2036 | Emergency & Level 2,50,"Evaready helps Eastgardens with urgent faults, Level 2 ASP work, switchboards, hot water electrical, aircon, CCTV/data and planned electrical work.",147,yes,yes,2821,yes,yes,yes,yes,yes,,,,,
/service-areas/st-george-and-bayside/bayside-and-airport/eastlakes,suburb page,yes,yes,Electrician Eastlakes 2018 | Emergency & Level 2,48,"Evaready helps Eastlakes with urgent faults, Level 2 ASP work, switchboards, hot water electrical, aircon, CCTV/data and planned electrical work.",145,yes,yes,2807,yes,yes,yes,yes,yes,,,,,
/service-areas/st-george-and-bayside/bayside-and-airport/hillsdale,suburb page,yes,yes,Electrician Hillsdale 2036 | Emergency & Level 2,48,"Evaready helps Hillsdale with urgent faults, Level 2 ASP work, switchboards, hot water electrical, aircon, CCTV/data and planned electrical work.",145,yes,yes,2776,yes,yes,yes,yes,yes,,,,,
/service-areas/st-george-and-bayside/bayside-and-airport/mascot,suburb page,yes,yes,Electrician Mascot 2020 | Emergency & Level 2,45,"Evaready Electrical helps with urgent electrical faults, commercial maintenance, lighting, power, data, CCTV and switchboards.",126,yes,yes,2871,yes,yes,yes,yes,yes,,,,,
/service-areas/st-george-and-bayside/bayside-and-airport/pagewood,suburb page,yes,yes,Electrician Pagewood 2035 | Emergency & Level 2,47,"Evaready helps Pagewood with urgent faults, Level 2 ASP work, switchboards, hot water electrical, aircon, CCTV/data and planned electrical work.",144,yes,yes,2790,yes,yes,yes,yes,yes,,,,,
/service-areas/st-george-and-bayside/bayside-and-airport/rosebery,suburb page,yes,yes,Electrician Rosebery 2018 | Emergency & Level 2,47,"Need electrical help in Rosebery 2018? Emergency faults, Level 2 ASP, switchboards, hot water, aircon, CCTV/data and general electrical work across.",148,yes,yes,2765,yes,yes,yes,yes,yes,,,,,
/service-areas/st-george-and-bayside/georges-river/allawah,suburb page,yes,yes,Electrician Allawah 2218 | Emergency & Level 2,46,"Need electrical help in Allawah 2218? Emergency faults, Level 2 ASP, switchboards, hot water, aircon, CCTV/data and general electrical work across.",147,yes,yes,2790,yes,yes,yes,yes,yes,,,,,
/service-areas/st-george-and-bayside/georges-river/beverley-park,suburb page,yes,yes,Electrician Beverley Park 2217 | Emergency & Level 2,52,"Evaready helps Beverley Park with urgent faults, Level 2 ASP work, switchboards, hot water electrical, aircon, CCTV/data and planned electrical work.",149,yes,yes,2856,yes,yes,yes,yes,yes,,,,,
/service-areas/st-george-and-bayside/georges-river/blakehurst,suburb page,yes,yes,Electrician Blakehurst 2221 | Emergency & Level 2,49,"Need electrical help in Blakehurst 2221? Emergency faults, Level 2 ASP, switchboards, hot water, aircon, CCTV/data and general electrical work across.",150,yes,yes,2807,yes,yes,yes,yes,yes,,,,,
/service-areas/st-george-and-bayside/georges-river/carlton,suburb page,yes,yes,Electrician Carlton 2218 | Emergency & Level 2,46,"Evaready helps Carlton with urgent faults, Level 2 ASP work, switchboards, hot water electrical, aircon, CCTV/data and planned electrical work.",143,yes,yes,2800,yes,yes,yes,yes,yes,,,,,
/service-areas/st-george-and-bayside/georges-river/carss-park,suburb page,yes,yes,Electrician Carss Park 2221 | Emergency & Level 2,49,"Evaready helps Carss Park with urgent faults, Level 2 ASP work, switchboards, hot water electrical, aircon, CCTV/data and planned electrical work.",146,yes,yes,2851,yes,yes,yes,yes,yes,,,,,
/service-areas/st-george-and-bayside/georges-river/connells-point,suburb page,yes,yes,Electrician Connells Point 2221 | Emergency & Level 2,53,"Evaready helps Connells Point with urgent faults, Level 2 ASP work, switchboards, hot water electrical, aircon, CCTV/data and planned electrical work.",150,yes,yes,2903,yes,yes,yes,yes,yes,,,,,
/service-areas/st-george-and-bayside/georges-river/hurstville,suburb page,yes,yes,Electrician Hurstville 2220 | Emergency & Level 2,49,"Evaready Electrical helps with urgent electrical faults, switchboards, lighting, power, CCTV, data cabling and Level 2 enquiries.",129,yes,yes,2888,yes,yes,yes,yes,yes,,,,,
/service-areas/st-george-and-bayside/georges-river/hurstville-grove,suburb page,yes,yes,Electrician Hurstville Grove 2220 | Emergency & Level 2,55,"Need an electrician in Hurstville Grove? Evaready helps with emergency faults, Level 2 ASP work, switchboards, hot water, aircon, CCTV/data.",140,yes,yes,2900,yes,yes,yes,yes,yes,,,,,
/service-areas/st-george-and-bayside/georges-river/kogarah,suburb page,yes,yes,Electrician Kogarah 2217 | Emergency & Level 2,46,"Need an electrician in Kogarah? Evaready Electrical helps with fault finding, switchboards, lighting, power, smoke alarms, data and Level 2 support.",148,yes,yes,2862,yes,yes,yes,yes,yes,,,,,
/service-areas/st-george-and-bayside/georges-river/kogarah-bay,suburb page,yes,yes,Electrician Kogarah Bay 2217 | Emergency & Level 2,50,"Need electrical help in Kogarah Bay 2217? Emergency faults, Level 2 ASP, switchboards, hot water, aircon, CCTV/data and general electrical work across.",151,yes,yes,2868,yes,yes,yes,yes,yes,,,,,
/service-areas/st-george-and-bayside/georges-river/kyle-bay,suburb page,yes,yes,Electrician Kyle Bay 2221 | Emergency & Level 2,47,"Need electrical help in Kyle Bay 2221? Emergency faults, Level 2 ASP, switchboards, hot water, aircon, CCTV/data and general electrical work across.",148,yes,yes,2886,yes,yes,yes,yes,yes,,,,,
/service-areas/st-george-and-bayside/georges-river/lugarno,suburb page,yes,yes,Electrician Lugarno 2210 | Emergency & Level 2,46,"Evaready helps Lugarno with urgent faults, Level 2 ASP work, switchboards, hot water electrical, aircon, CCTV/data and planned electrical work.",143,yes,yes,2775,yes,yes,yes,yes,yes,,,,,
/service-areas/st-george-and-bayside/georges-river/mortdale,suburb page,yes,yes,Electrician Mortdale 2223 | Emergency & Level 2,47,"Need an electrician in Mortdale? Evaready helps with emergency faults, Level 2 ASP work, switchboards, hot water, aircon, CCTV/data and general.",144,yes,yes,2834,yes,yes,yes,yes,yes,,,,,
/service-areas/st-george-and-bayside/georges-river/oatley,suburb page,yes,yes,Electrician Oatley 2223 | Emergency & Level 2,45,"Need an electrician in Oatley? Evaready helps with emergency faults, Level 2 ASP work, switchboards, hot water, aircon, CCTV/data and general.",142,yes,yes,2796,yes,yes,yes,yes,yes,,,,,
/service-areas/st-george-and-bayside/georges-river/peakhurst,suburb page,yes,yes,Electrician Peakhurst 2210 | Emergency & Level 2,48,"Need an electrician in Peakhurst? Evaready helps with emergency faults, Level 2 ASP work, switchboards, hot water, aircon, CCTV/data and general.",145,yes,yes,2745,yes,yes,yes,yes,yes,,,,,
/service-areas/st-george-and-bayside/georges-river/peakhurst-heights,suburb page,yes,yes,Electrician Peakhurst Heights 2210 | Emergency & Level 2,56,"Need an electrician in Peakhurst Heights? Evaready helps with emergency faults, Level 2 ASP work, switchboards, hot water, aircon, CCTV/data.",141,yes,yes,2859,yes,yes,yes,yes,yes,,,,,
/service-areas/st-george-and-bayside/georges-river/penshurst,suburb page,yes,yes,Electrician Penshurst 2222 | Emergency & Level 2,48,"Need electrical help in Penshurst 2222? Emergency faults, Level 2 ASP, switchboards, hot water, aircon, CCTV/data and general electrical work across.",149,yes,yes,2819,yes,yes,yes,yes,yes,,,,,
/service-areas/st-george-and-bayside/georges-river/ramsgate,suburb page,yes,yes,Electrician Ramsgate 2217 | Emergency & Level 2,47,"Evaready helps Ramsgate with urgent faults, Level 2 ASP work, switchboards, hot water electrical, aircon, CCTV/data and planned electrical work.",144,yes,yes,2798,yes,yes,yes,yes,yes,,,,,
/service-areas/st-george-and-bayside/georges-river/sans-souci,suburb page,yes,yes,Electrician Sans Souci 2219 | Emergency & Level 2,49,"Need an electrician in Sans Souci? Evaready helps with emergency faults, Level 2 ASP work, switchboards, hot water, aircon, CCTV/data and general.",146,yes,yes,2858,yes,yes,yes,yes,yes,,,,,
/service-areas/st-george-and-bayside/georges-river/south-hurstville,suburb page,yes,yes,Electrician South Hurstville 2221 | Emergency & Level 2,55,"Need an electrician in South Hurstville? Evaready helps with emergency faults, Level 2 ASP work, switchboards, hot water, aircon, CCTV/data.",140,yes,yes,2884,yes,yes,yes,yes,yes,,,,,
/service-areas/st-george-and-bayside/rockdale-and-bexley/arncliffe,suburb page,yes,yes,Electrician Arncliffe 2205 | Emergency & Level 2,48,"Evaready helps Arncliffe with urgent faults, Level 2 ASP work, switchboards, hot water electrical, aircon, CCTV/data and planned electrical work.",145,yes,yes,2852,yes,yes,yes,yes,yes,,,,,
/service-areas/st-george-and-bayside/rockdale-and-bexley/banksia,suburb page,yes,yes,Electrician Banksia 2216 | Emergency & Level 2,46,"Need electrical help in Banksia 2216? Emergency faults, Level 2 ASP, switchboards, hot water, aircon, CCTV/data and general electrical work across.",147,yes,yes,2829,yes,yes,yes,yes,yes,,,,,
/service-areas/st-george-and-bayside/rockdale-and-bexley/bardwell-park,suburb page,yes,yes,Electrician Bardwell Park 2207 | Emergency & Level 2,52,"Need an electrician in Bardwell Park? Evaready helps with emergency faults, Level 2 ASP work, switchboards, hot water, aircon, CCTV/data and general.",149,yes,yes,2877,yes,yes,yes,yes,yes,,,,,
/service-areas/st-george-and-bayside/rockdale-and-bexley/bardwell-valley,suburb page,yes,yes,Electrician Bardwell Valley 2207 | Emergency & Level 2,54,"Evaready helps Bardwell Valley with urgent faults, Level 2 ASP work, switchboards, hot water electrical, aircon, CCTV/data and planned electrical work.",151,yes,yes,2849,yes,yes,yes,yes,yes,,,,,
/service-areas/st-george-and-bayside/rockdale-and-bexley/bexley,suburb page,yes,yes,Electrician Bexley 2207 | Emergency & Level 2,45,"Evaready helps Bexley with urgent faults, Level 2 ASP work, switchboards, hot water electrical, aircon, CCTV/data and planned electrical work.",142,yes,yes,2808,yes,yes,yes,yes,yes,,,,,
/service-areas/st-george-and-bayside/rockdale-and-bexley/bexley-north,suburb page,yes,yes,Electrician Bexley North 2207 | Emergency & Level 2,51,"Need an electrician in Bexley North? Evaready helps with emergency faults, Level 2 ASP work, switchboards, hot water, aircon, CCTV/data and general.",148,yes,yes,2909,yes,yes,yes,yes,yes,,,,,
/service-areas/st-george-and-bayside/rockdale-and-bexley/brighton-le-sands,suburb page,yes,yes,Electrician Brighton-le-Sands 2216 | Emergency & Level 2,56,"Need electrical help in Brighton-le-Sands 2216? Emergency faults, Level 2 ASP, switchboards, hot water, aircon, CCTV/data and general electrical work.",150,yes,yes,2800,yes,yes,yes,yes,yes,,,,,
/service-areas/st-george-and-bayside/rockdale-and-bexley/dolls-point,suburb page,yes,yes,Electrician Dolls Point 2219 | Emergency & Level 2,50,"Need electrical help in Dolls Point 2219? Emergency faults, Level 2 ASP, switchboards, hot water, aircon, CCTV/data and general electrical work across.",151,yes,yes,2860,yes,yes,yes,yes,yes,,,,,
/service-areas/st-george-and-bayside/rockdale-and-bexley/kyeemagh,suburb page,yes,yes,Electrician Kyeemagh 2216 | Emergency & Level 2,47,"Need an electrician in Kyeemagh? Evaready helps with emergency faults, Level 2 ASP work, switchboards, hot water, aircon, CCTV/data and general.",144,yes,yes,2746,yes,yes,yes,yes,yes,,,,,
/service-areas/st-george-and-bayside/rockdale-and-bexley/monterey,suburb page,yes,yes,Electrician Monterey 2217 | Emergency & Level 2,47,"Need electrical help in Monterey 2217? Emergency faults, Level 2 ASP, switchboards, hot water, aircon, CCTV/data and general electrical work across.",148,yes,yes,2792,yes,yes,yes,yes,yes,,,,,
/service-areas/st-george-and-bayside/rockdale-and-bexley/ramsgate-beach,suburb page,yes,yes,Electrician Ramsgate Beach 2217 | Emergency & Level 2,53,"Need an electrician in Ramsgate Beach? Evaready helps with emergency faults, Level 2 ASP work, switchboards, hot water, aircon, CCTV/data and general.",150,yes,yes,2907,yes,yes,yes,yes,yes,,,,,
/service-areas/st-george-and-bayside/rockdale-and-bexley/rockdale,suburb page,yes,yes,Electrician Rockdale 2216 | Emergency & Level 2,47,"Evaready helps Rockdale with urgent faults, Level 2 ASP work, switchboards, hot water electrical, aircon, CCTV/data and planned electrical work.",144,yes,yes,2868,yes,yes,yes,yes,yes,,,,,
/service-areas/st-george-and-bayside/rockdale-and-bexley/sandringham,suburb page,yes,yes,Electrician Sandringham 2219 | Emergency & Level 2,50,"Need electrical help in Sandringham 2219? Emergency faults, Level 2 ASP, switchboards, hot water, aircon, CCTV/data and general electrical work across.",151,yes,yes,2801,yes,yes,yes,yes,yes,,,,,
/service-areas/st-george-and-bayside/rockdale-and-bexley/turrella,suburb page,yes,yes,Electrician Turrella 2205 | Emergency & Level 2,47,"Need electrical help in Turrella 2205? Emergency faults, Level 2 ASP, switchboards, hot water, aircon, CCTV/data and general electrical work across.",148,yes,yes,2839,yes,yes,yes,yes,yes,,,,,
/service-areas/st-george-and-bayside/rockdale-and-bexley/wolli-creek,suburb page,yes,yes,Electrician Wolli Creek 2205 | Emergency & Level 2,50,"Need an electrician in Wolli Creek? Evaready helps with emergency faults, Level 2 ASP work, switchboards, hot water, aircon, CCTV/data and general.",147,yes,yes,2944,yes,yes,yes,yes,yes,,,,,
/service-areas/sutherland-shire/sutherland-shire/alfords-point,suburb page,yes,yes,Electrician Alfords Point 2234 | Emergency & Level 2,52,"Need an electrician in Alfords Point? Evaready helps with emergency faults, Level 2 ASP work, switchboards, hot water, aircon, CCTV/data and general.",149,yes,yes,2884,yes,yes,yes,yes,yes,,,,,
/service-areas/sutherland-shire/sutherland-shire/bangor,suburb page,yes,yes,Electrician Bangor 2234 | Emergency & Level 2,45,"Need an electrician in Bangor? Evaready helps with emergency faults, Level 2 ASP work, switchboards, hot water, aircon, CCTV/data and general.",142,yes,yes,2808,yes,yes,yes,yes,yes,,,,,
/service-areas/sutherland-shire/sutherland-shire/barden-ridge,suburb page,yes,yes,Electrician Barden Ridge 2234 | Emergency & Level 2,51,"Need an electrician in Barden Ridge? Evaready helps with emergency faults, Level 2 ASP work, switchboards, hot water, aircon, CCTV/data and general.",148,yes,yes,2884,yes,yes,yes,yes,yes,,,,,
/service-areas/sutherland-shire/sutherland-shire/bonnet-bay,suburb page,yes,yes,Electrician Bonnet Bay 2226 | Emergency & Level 2,49,"Need an electrician in Bonnet Bay? Evaready helps with emergency faults, Level 2 ASP work, switchboards, hot water, aircon, CCTV/data and general.",146,yes,yes,2855,yes,yes,yes,yes,yes,,,,,
/service-areas/sutherland-shire/sutherland-shire/bundeena,suburb page,yes,yes,Electrician Bundeena 2230 | Emergency & Level 2,47,"Need electrical help in Bundeena 2230? Emergency faults, Level 2 ASP, switchboards, hot water, aircon, CCTV/data and general electrical work across.",148,yes,yes,2769,yes,yes,yes,yes,yes,,,,,
/service-areas/sutherland-shire/sutherland-shire/burraneer,suburb page,yes,yes,Electrician Burraneer 2230 | Emergency & Level 2,48,"Evaready helps Burraneer with urgent faults, Level 2 ASP work, switchboards, hot water electrical, aircon, CCTV/data and planned electrical work.",145,yes,yes,2784,yes,yes,yes,yes,yes,,,,,
/service-areas/sutherland-shire/sutherland-shire/caringbah,suburb page,yes,yes,Electrician Caringbah 2229 | Emergency & Level 2,48,"Evaready helps Caringbah with urgent faults, Level 2 ASP work, switchboards, hot water electrical, aircon, CCTV/data and planned electrical work.",145,yes,yes,2793,yes,yes,yes,yes,yes,,,,,
/service-areas/sutherland-shire/sutherland-shire/caringbah-south,suburb page,yes,yes,Electrician Caringbah South 2229 | Emergency & Level 2,54,"Evaready helps Caringbah South with urgent faults, Level 2 ASP work, switchboards, hot water electrical, aircon, CCTV/data and planned electrical work.",151,yes,yes,2865,yes,yes,yes,yes,yes,,,,,
/service-areas/sutherland-shire/sutherland-shire/como,suburb page,yes,yes,Electrician Como 2226 | Emergency & Level 2,43,"Evaready helps Como with urgent faults, Level 2 ASP work, switchboards, hot water electrical, aircon, CCTV/data and planned electrical work.",140,yes,yes,2747,yes,yes,yes,yes,yes,,,,,
/service-areas/sutherland-shire/sutherland-shire/cronulla,suburb page,yes,yes,Electrician Cronulla 2230 | Emergency & Level 2,47,"Evaready Electrical helps with emergency electrical faults, outdoor lighting, switchboards, smoke alarms, power, CCTV, data and Level 2 support.",144,yes,yes,2744,yes,yes,yes,yes,yes,,,,,
/service-areas/sutherland-shire/sutherland-shire/dolans-bay,suburb page,yes,yes,Electrician Dolans Bay 2229 | Emergency & Level 2,49,"Evaready helps Dolans Bay with urgent faults, Level 2 ASP work, switchboards, hot water electrical, aircon, CCTV/data and planned electrical work.",146,yes,yes,2853,yes,yes,yes,yes,yes,,,,,
/service-areas/sutherland-shire/sutherland-shire/engadine,suburb page,yes,yes,Electrician Engadine 2233 | Emergency & Level 2,47,"Need electrical help in Engadine 2233? Emergency faults, Level 2 ASP, switchboards, hot water, aircon, CCTV/data and general electrical work across.",148,yes,yes,2770,yes,yes,yes,yes,yes,,,,,
/service-areas/sutherland-shire/sutherland-shire/grays-point,suburb page,yes,yes,Electrician Grays Point 2232 | Emergency & Level 2,50,"Evaready helps Grays Point with urgent faults, Level 2 ASP work, switchboards, hot water electrical, aircon, CCTV/data and planned electrical work.",147,yes,yes,2868,yes,yes,yes,yes,yes,,,,,
/service-areas/sutherland-shire/sutherland-shire/greenhills-beach,suburb page,yes,yes,Electrician Greenhills Beach 2230 | Emergency & Level 2,55,"Evaready helps Greenhills Beach with urgent faults, Level 2 ASP work, switchboards, hot water electrical, aircon, CCTV/data and planned electrical work.",152,yes,yes,2826,yes,yes,yes,yes,yes,,,,,
/service-areas/sutherland-shire/sutherland-shire/gymea,suburb page,yes,yes,Electrician Gymea 2227 | Emergency & Level 2,44,"Need an electrician in Gymea? Evaready helps with emergency faults, Level 2 ASP work, switchboards, hot water, aircon, CCTV/data and general.",141,yes,yes,2782,yes,yes,yes,yes,yes,,,,,
/service-areas/sutherland-shire/sutherland-shire/gymea-bay,suburb page,yes,yes,Electrician Gymea Bay 2227 | Emergency & Level 2,48,"Need an electrician in Gymea Bay? Evaready helps with emergency faults, Level 2 ASP work, switchboards, hot water, aircon, CCTV/data and general.",145,yes,yes,2843,yes,yes,yes,yes,yes,,,,,
/service-areas/sutherland-shire/sutherland-shire/heathcote,suburb page,yes,yes,Electrician Heathcote 2233 | Emergency & Level 2,48,"Need electrical help in Heathcote 2233? Emergency faults, Level 2 ASP, switchboards, hot water, aircon, CCTV/data and general electrical work across.",149,yes,yes,2822,yes,yes,yes,yes,yes,,,,,
/service-areas/sutherland-shire/sutherland-shire/illawong,suburb page,yes,yes,Electrician Illawong 2234 | Emergency & Level 2,47,"Need an electrician in Illawong? Evaready helps with emergency faults, Level 2 ASP work, switchboards, hot water, aircon, CCTV/data and general.",144,yes,yes,2749,yes,yes,yes,yes,yes,,,,,
/service-areas/sutherland-shire/sutherland-shire/jannali,suburb page,yes,yes,Electrician Jannali 2226 | Emergency & Level 2,46,"Need an electrician in Jannali? Evaready helps with emergency faults, Level 2 ASP work, switchboards, hot water, aircon, CCTV/data and general.",143,yes,yes,2783,yes,yes,yes,yes,yes,,,,,
/service-areas/sutherland-shire/sutherland-shire/kangaroo-point,suburb page,yes,yes,Electrician Kangaroo Point 2224 | Emergency & Level 2,53,"Evaready helps Kangaroo Point with urgent faults, Level 2 ASP work, switchboards, hot water electrical, aircon, CCTV/data and planned electrical work.",150,yes,yes,2864,yes,yes,yes,yes,yes,,,,,
/service-areas/sutherland-shire/sutherland-shire/kareela,suburb page,yes,yes,Electrician Kareela 2232 | Emergency & Level 2,46,"Need electrical help in Kareela 2232? Emergency faults, Level 2 ASP, switchboards, hot water, aircon, CCTV/data and general electrical work across.",147,yes,yes,2768,yes,yes,yes,yes,yes,,,,,
/service-areas/sutherland-shire/sutherland-shire/kirrawee,suburb page,yes,yes,Electrician Kirrawee 2232 | Emergency & Level 2,47,"Need electrical help in Kirrawee 2232? Emergency faults, Level 2 ASP, switchboards, hot water, aircon, CCTV/data and general electrical work across.",148,yes,yes,2777,yes,yes,yes,yes,yes,,,,,
/service-areas/sutherland-shire/sutherland-shire/kurnell,suburb page,yes,yes,Electrician Kurnell 2231 | Emergency & Level 2,46,"Need an electrician in Kurnell? Evaready helps with emergency faults, Level 2 ASP work, switchboards, hot water, aircon, CCTV/data and general.",143,yes,yes,2792,yes,yes,yes,yes,yes,,,,,
/service-areas/sutherland-shire/sutherland-shire/lilli-pilli,suburb page,yes,yes,Electrician Lilli Pilli 2229 | Emergency & Level 2,50,"Need electrical help in Lilli Pilli 2229? Emergency faults, Level 2 ASP, switchboards, hot water, aircon, CCTV/data and general electrical work across.",151,yes,yes,2889,yes,yes,yes,yes,yes,,,,,
/service-areas/sutherland-shire/sutherland-shire/loftus,suburb page,yes,yes,Electrician Loftus 2232 | Emergency & Level 2,45,"Evaready helps Loftus with urgent faults, Level 2 ASP work, switchboards, hot water electrical, aircon, CCTV/data and planned electrical work.",142,yes,yes,2752,yes,yes,yes,yes,yes,,,,,
/service-areas/sutherland-shire/sutherland-shire/maianbar,suburb page,yes,yes,Electrician Maianbar 2230 | Emergency & Level 2,47,"Need an electrician in Maianbar? Evaready helps with emergency faults, Level 2 ASP work, switchboards, hot water, aircon, CCTV/data and general.",144,yes,yes,2758,yes,yes,yes,yes,yes,,,,,
/service-areas/sutherland-shire/sutherland-shire/menai,suburb page,yes,yes,Electrician Menai 2234 | Emergency & Level 2,44,"Need an electrician in Menai? Evaready helps with emergency faults, Level 2 ASP work, switchboards, hot water, aircon, CCTV/data and general.",141,yes,yes,2811,yes,yes,yes,yes,yes,,,,,
/service-areas/sutherland-shire/sutherland-shire/miranda,suburb page,yes,yes,Electrician Miranda 2228 | Emergency & Level 2,46,"Evaready Electrical helps with emergency faults, switchboards, lighting, power, CCTV, data, hot water electrical and Level 2 enquiries.",135,yes,yes,2789,yes,yes,yes,yes,yes,,,,,
/service-areas/sutherland-shire/sutherland-shire/oyster-bay,suburb page,yes,yes,Electrician Oyster Bay 2225 | Emergency & Level 2,49,"Need electrical help in Oyster Bay 2225? Emergency faults, Level 2 ASP, switchboards, hot water, aircon, CCTV/data and general electrical work across.",150,yes,yes,2877,yes,yes,yes,yes,yes,,,,,
/service-areas/sutherland-shire/sutherland-shire/port-hacking,suburb page,yes,yes,Electrician Port Hacking 2229 | Emergency & Level 2,51,"Need electrical help in Port Hacking 2229? Emergency faults, Level 2 ASP, switchboards, hot water, aircon, CCTV/data and general electrical work.",145,yes,yes,2834,yes,yes,yes,yes,yes,,,,,
/service-areas/sutherland-shire/sutherland-shire/royal-national-park,suburb page,yes,yes,Electrician Royal National Park 2233 | Emergency & Level 2,58,"Need an electrician in Royal National Park? Evaready helps with emergency faults, Level 2 ASP work, switchboards, hot water, aircon, CCTV/data.",143,yes,yes,2950,yes,yes,yes,yes,yes,,,,,
/service-areas/sutherland-shire/sutherland-shire/sandy-point,suburb page,yes,yes,Electrician Sandy Point 2172 | Emergency & Level 2,50,"Need electrical help in Sandy Point 2172? Emergency faults, Level 2 ASP, switchboards, hot water, aircon, CCTV/data and general electrical work across.",151,yes,yes,2873,yes,yes,yes,yes,yes,,,,,
/service-areas/sutherland-shire/sutherland-shire/sutherland,suburb page,yes,yes,Electrician Sutherland 2232 | Emergency & Level 2,49,"Need an electrician in Sutherland? Evaready Electrical helps with fault finding, switchboards, lighting, power, smoke alarms, data and Level 2 enquiries.",153,yes,yes,2866,yes,yes,yes,yes,yes,,,,,
/service-areas/sutherland-shire/sutherland-shire/sylvania,suburb page,yes,yes,Electrician Sylvania 2224 | Emergency & Level 2,47,"Need an electrician in Sylvania? Evaready helps with emergency faults, Level 2 ASP work, switchboards, hot water, aircon, CCTV/data and general.",144,yes,yes,2763,yes,yes,yes,yes,yes,,,,,
/service-areas/sutherland-shire/sutherland-shire/sylvania-waters,suburb page,yes,yes,Electrician Sylvania Waters 2224 | Emergency & Level 2,54,"Need an electrician in Sylvania Waters? Evaready helps with emergency faults, Level 2 ASP work, switchboards, hot water, aircon, CCTV/data and general.",151,yes,yes,2854,yes,yes,yes,yes,yes,,,,,
/service-areas/sutherland-shire/sutherland-shire/taren-point,suburb page,yes,yes,Electrician Taren Point 2229 | Emergency & Level 2,50,"Need an electrician in Taren Point? Evaready helps with emergency faults, Level 2 ASP work, switchboards, hot water, aircon, CCTV/data and general.",147,yes,yes,2881,yes,yes,yes,yes,yes,,,,,
/service-areas/sutherland-shire/sutherland-shire/waterfall,suburb page,yes,yes,Electrician Waterfall 2233 | Emergency & Level 2,48,"Need an electrician in Waterfall? Evaready helps with emergency faults, Level 2 ASP work, switchboards, hot water, aircon, CCTV/data and general.",145,yes,yes,2785,yes,yes,yes,yes,yes,,,,,
/service-areas/sutherland-shire/sutherland-shire/woolooware,suburb page,yes,yes,Electrician Woolooware 2230 | Emergency & Level 2,49,"Need electrical help in Woolooware 2230? Emergency faults, Level 2 ASP, switchboards, hot water, aircon, CCTV/data and general electrical work across.",150,yes,yes,2774,yes,yes,yes,yes,yes,,,,,
/service-areas/sutherland-shire/sutherland-shire/woronora,suburb page,yes,yes,Electrician Woronora 2232 | Emergency & Level 2,47,"Evaready helps Woronora with urgent faults, Level 2 ASP work, switchboards, hot water electrical, aircon, CCTV/data and planned electrical work.",144,yes,yes,2752,yes,yes,yes,yes,yes,,,,,
/service-areas/sutherland-shire/sutherland-shire/woronora-heights,suburb page,yes,yes,Electrician Woronora Heights 2233 | Emergency & Level 2,55,"Evaready helps Woronora Heights with urgent faults, Level 2 ASP work, switchboards, hot water electrical, aircon, CCTV/data and planned electrical work.",152,yes,yes,2891,yes,yes,yes,yes,yes,,,,,
/service-areas/sutherland-shire/sutherland-shire/yarrawarrah,suburb page,yes,yes,Electrician Yarrawarrah 2233 | Emergency & Level 2,50,"Evaready helps Yarrawarrah with urgent faults, Level 2 ASP work, switchboards, hot water electrical, aircon, CCTV/data and planned electrical work.",147,yes,yes,2732,yes,yes,yes,yes,yes,,,,,
/service-areas/sutherland-shire/sutherland-shire/yowie-bay,suburb page,yes,yes,Electrician Yowie Bay 2228 | Emergency & Level 2,48,"Need electrical help in Yowie Bay 2228? Emergency faults, Level 2 ASP, switchboards, hot water, aircon, CCTV/data and general electrical work across.",149,yes,yes,2850,yes,yes,yes,yes,yes,,,,,
/service-areas/liverpool-and-fairfield/fairfield/abbotsbury,suburb page,yes,yes,Electrician Abbotsbury 2176 | Emergency & Level 2,49,"Need an electrician in Abbotsbury? Evaready helps with emergency faults, Level 2 ASP work, switchboards, hot water, aircon, CCTV/data and general.",146,yes,yes,2794,yes,yes,yes,yes,yes,,,,,
/service-areas/liverpool-and-fairfield/fairfield/bonnyrigg,suburb page,yes,yes,Electrician Bonnyrigg 2177 | Emergency & Level 2,48,"Need an electrician in Bonnyrigg? Evaready helps with emergency faults, Level 2 ASP work, switchboards, hot water, aircon, CCTV/data and general.",145,yes,yes,2786,yes,yes,yes,yes,yes,,,,,
/service-areas/liverpool-and-fairfield/fairfield/bonnyrigg-heights,suburb page,yes,yes,Electrician Bonnyrigg Heights 2177 | Emergency & Level 2,56,"Need electrical help in Bonnyrigg Heights 2177? Emergency faults, Level 2 ASP, switchboards, hot water, aircon, CCTV/data and general electrical work.",150,yes,yes,2843,yes,yes,yes,yes,yes,,,,,
/service-areas/liverpool-and-fairfield/fairfield/bossley-park,suburb page,yes,yes,Electrician Bossley Park 2176 | Emergency & Level 2,51,"Need an electrician in Bossley Park? Evaready helps with emergency faults, Level 2 ASP work, switchboards, hot water, aircon, CCTV/data and general.",148,yes,yes,2901,yes,yes,yes,yes,yes,,,,,
/service-areas/liverpool-and-fairfield/fairfield/cabramatta,suburb page,yes,yes,Electrician Cabramatta 2166 | Emergency & Level 2,49,"Need electrical help in Cabramatta 2166? Evaready Electrical helps with urgent electrical faults, lighting, power, switchboards, data, CCTV.",140,yes,yes,2808,yes,yes,yes,yes,yes,,,,,
/service-areas/liverpool-and-fairfield/fairfield/cabramatta-west,suburb page,yes,yes,Electrician Cabramatta West 2166 | Emergency & Level 2,54,"Need an electrician in Cabramatta West? Evaready helps with emergency faults, Level 2 ASP work, switchboards, hot water, aircon, CCTV/data and general.",151,yes,yes,2883,yes,yes,yes,yes,yes,,,,,
/service-areas/liverpool-and-fairfield/fairfield/canley-heights,suburb page,yes,yes,Electrician Canley Heights 2166 | Emergency & Level 2,53,"Need an electrician in Canley Heights? Evaready helps with emergency faults, Level 2 ASP work, switchboards, hot water, aircon, CCTV/data and general.",150,yes,yes,2842,yes,yes,yes,yes,yes,,,,,
/service-areas/liverpool-and-fairfield/fairfield/canley-vale,suburb page,yes,yes,Electrician Canley Vale 2166 | Emergency & Level 2,50,"Need an electrician in Canley Vale? Evaready helps with emergency faults, Level 2 ASP work, switchboards, hot water, aircon, CCTV/data and general.",147,yes,yes,2853,yes,yes,yes,yes,yes,,,,,
/service-areas/liverpool-and-fairfield/fairfield/carramar,suburb page,yes,yes,Electrician Carramar 2163 | Emergency & Level 2,47,"Need electrical help in Carramar 2163? Emergency faults, Level 2 ASP, switchboards, hot water, aircon, CCTV/data and general electrical work across.",148,yes,yes,2792,yes,yes,yes,yes,yes,,,,,
/service-areas/liverpool-and-fairfield/fairfield/cecil-park,suburb page,yes,yes,Electrician Cecil Park 2178 | Emergency & Level 2,49,"Need electrical help in Cecil Park 2178? Emergency faults, Level 2 ASP, switchboards, hot water, aircon, CCTV/data and general electrical work across.",150,yes,yes,2896,yes,yes,yes,yes,yes,,,,,
/service-areas/liverpool-and-fairfield/fairfield/edensor-park,suburb page,yes,yes,Electrician Edensor Park 2176 | Emergency & Level 2,51,"Need an electrician in Edensor Park? Evaready helps with emergency faults, Level 2 ASP work, switchboards, hot water, aircon, CCTV/data and general.",148,yes,yes,2820,yes,yes,yes,yes,yes,,,,,
/service-areas/liverpool-and-fairfield/fairfield/fairfield,suburb page,yes,yes,Electrician Fairfield 2165 | Emergency & Level 2,48,"Evaready Electrical helps with urgent faults, switchboards, lighting, power, CCTV, data and Level 2 support.",108,yes,yes,2892,yes,yes,yes,yes,yes,,,,,
/service-areas/liverpool-and-fairfield/fairfield/fairfield-east,suburb page,yes,yes,Electrician Fairfield East 2165 | Emergency & Level 2,53,"Need an electrician in Fairfield East? Evaready helps with emergency faults, Level 2 ASP work, switchboards, hot water, aircon, CCTV/data and general.",150,yes,yes,2878,yes,yes,yes,yes,yes,,,,,
/service-areas/liverpool-and-fairfield/fairfield/fairfield-heights,suburb page,yes,yes,Electrician Fairfield Heights 2165 | Emergency & Level 2,56,"Evaready helps Fairfield Heights with urgent faults, Level 2 ASP work, switchboards, hot water electrical, aircon, CCTV/data and planned electrical work.",153,yes,yes,2872,yes,yes,yes,yes,yes,,,,,
/service-areas/liverpool-and-fairfield/fairfield/fairfield-west,suburb page,yes,yes,Electrician Fairfield West 2165 | Emergency & Level 2,53,"Need an electrician in Fairfield West? Evaready helps with emergency faults, Level 2 ASP work, switchboards, hot water, aircon, CCTV/data and general.",150,yes,yes,2866,yes,yes,yes,yes,yes,,,,,
/service-areas/liverpool-and-fairfield/fairfield/greenfield-park,suburb page,yes,yes,Electrician Greenfield Park 2176 | Emergency & Level 2,54,"Evaready helps Greenfield Park with urgent faults, Level 2 ASP work, switchboards, hot water electrical, aircon, CCTV/data and planned electrical work.",151,yes,yes,2864,yes,yes,yes,yes,yes,,,,,
/service-areas/liverpool-and-fairfield/fairfield/horsley-park,suburb page,yes,yes,Electrician Horsley Park 2175 | Emergency & Level 2,51,"Evaready helps Horsley Park with urgent faults, Level 2 ASP work, switchboards, hot water electrical, aircon, CCTV/data and planned electrical work.",148,yes,yes,2917,yes,yes,yes,yes,yes,,,,,
/service-areas/liverpool-and-fairfield/fairfield/lansvale,suburb page,yes,yes,Electrician Lansvale 2166 | Emergency & Level 2,47,"Need an electrician in Lansvale? Evaready helps with emergency faults, Level 2 ASP work, switchboards, hot water, aircon, CCTV/data and general.",144,yes,yes,2773,yes,yes,yes,yes,yes,,,,,
/service-areas/liverpool-and-fairfield/fairfield/mount-pritchard,suburb page,yes,yes,Electrician Mount Pritchard 2170 | Emergency & Level 2,54,"Need an electrician in Mount Pritchard? Evaready helps with emergency faults, Level 2 ASP work, switchboards, hot water, aircon, CCTV/data and general.",151,yes,yes,2866,yes,yes,yes,yes,yes,,,,,
/service-areas/liverpool-and-fairfield/fairfield/old-guildford,suburb page,yes,yes,Electrician Old Guildford 2161 | Emergency & Level 2,52,"Need an electrician in Old Guildford? Evaready helps with emergency faults, Level 2 ASP work, switchboards, hot water, aircon, CCTV/data and general.",149,yes,yes,2872,yes,yes,yes,yes,yes,,,,,
/service-areas/liverpool-and-fairfield/fairfield/prairiewood,suburb page,yes,yes,Electrician Prairiewood 2176 | Emergency & Level 2,50,"Need electrical help in Prairiewood 2176? Emergency faults, Level 2 ASP, switchboards, hot water, aircon, CCTV/data and general electrical work across.",151,yes,yes,2775,yes,yes,yes,yes,yes,,,,,
/service-areas/liverpool-and-fairfield/fairfield/smithfield,suburb page,yes,yes,Electrician Smithfield 2164 | Emergency & Level 2,49,"Need an electrician in Smithfield? Evaready helps with emergency faults, Level 2 ASP work, switchboards, hot water, aircon, CCTV/data and general.",146,yes,yes,2771,yes,yes,yes,yes,yes,,,,,
/service-areas/liverpool-and-fairfield/fairfield/st-johns-park,suburb page,yes,yes,Electrician St Johns Park 2176 | Emergency & Level 2,52,"Need electrical help in St Johns Park 2176? Emergency faults, Level 2 ASP, switchboards, hot water, aircon, CCTV/data and general electrical work.",146,yes,yes,2952,yes,yes,yes,yes,yes,,,,,
/service-areas/liverpool-and-fairfield/fairfield/wakeley,suburb page,yes,yes,Electrician Wakeley 2176 | Emergency & Level 2,46,"Evaready helps Wakeley with urgent faults, Level 2 ASP work, switchboards, hot water electrical, aircon, CCTV/data and planned electrical work.",143,yes,yes,2755,yes,yes,yes,yes,yes,,,,,
/service-areas/liverpool-and-fairfield/fairfield/wetherill-park,suburb page,yes,yes,Electrician Wetherill Park 2164 | Emergency & Level 2,53,"Need electrical help in Wetherill Park 2164? Emergency faults, Level 2 ASP, switchboards, hot water, aircon, CCTV/data and general electrical work.",147,yes,yes,2893,yes,yes,yes,yes,yes,,,,,
/service-areas/liverpool-and-fairfield/fairfield/yennora,suburb page,yes,yes,Electrician Yennora 2161 | Emergency & Level 2,46,"Need an electrician in Yennora? Evaready helps with emergency faults, Level 2 ASP work, switchboards, hot water, aircon, CCTV/data and general.",143,yes,yes,2771,yes,yes,yes,yes,yes,,,,,
/service-areas/liverpool-and-fairfield/liverpool/ashcroft,suburb page,yes,yes,Electrician Ashcroft 2168 | Emergency & Level 2,47,"Need electrical help in Ashcroft 2168? Emergency faults, Level 2 ASP, switchboards, hot water, aircon, CCTV/data and general electrical work across.",148,yes,yes,2800,yes,yes,yes,yes,yes,,,,,
/service-areas/liverpool-and-fairfield/liverpool/austral,suburb page,yes,yes,Electrician Austral 2179 | Emergency & Level 2,46,"Need an electrician in Austral? Evaready helps with emergency faults, Level 2 ASP work, switchboards, hot water, aircon, CCTV/data and general.",143,yes,yes,2777,yes,yes,yes,yes,yes,,,,,
/service-areas/liverpool-and-fairfield/liverpool/badgerys-creek,suburb page,yes,yes,Electrician Badgerys Creek 2555 | Emergency & Level 2,53,"Need an electrician in Badgerys Creek? Evaready helps with emergency faults, Level 2 ASP work, switchboards, hot water, aircon, CCTV/data and general.",150,yes,yes,2897,yes,yes,yes,yes,yes,,,,,
/service-areas/liverpool-and-fairfield/liverpool/busby,suburb page,yes,yes,Electrician Busby 2168 | Emergency & Level 2,44,"Need an electrician in Busby? Evaready helps with emergency faults, Level 2 ASP work, switchboards, hot water, aircon, CCTV/data and general.",141,yes,yes,2773,yes,yes,yes,yes,yes,,,,,
/service-areas/liverpool-and-fairfield/liverpool/carnes-hill,suburb page,yes,yes,Electrician Carnes Hill 2171 | Emergency & Level 2,50,"Need an electrician in Carnes Hill? Evaready helps with emergency faults, Level 2 ASP work, switchboards, hot water, aircon, CCTV/data and general.",147,yes,yes,2879,yes,yes,yes,yes,yes,,,,,
/service-areas/liverpool-and-fairfield/liverpool/cartwright,suburb page,yes,yes,Electrician Cartwright 2168 | Emergency & Level 2,49,"Need an electrician in Cartwright? Evaready helps with emergency faults, Level 2 ASP work, switchboards, hot water, aircon, CCTV/data and general.",146,yes,yes,2800,yes,yes,yes,yes,yes,,,,,
/service-areas/liverpool-and-fairfield/liverpool/casula,suburb page,yes,yes,Electrician Casula 2170 | Emergency & Level 2,45,"Need electrical help in Casula 2170? Emergency faults, Level 2 ASP, switchboards, hot water, aircon, CCTV/data and general electrical work across.",146,yes,yes,2802,yes,yes,yes,yes,yes,,,,,
/service-areas/liverpool-and-fairfield/liverpool/cecil-hills,suburb page,yes,yes,Electrician Cecil Hills 2171 | Emergency & Level 2,50,"Need an electrician in Cecil Hills? Evaready helps with emergency faults, Level 2 ASP work, switchboards, hot water, aircon, CCTV/data and general.",147,yes,yes,2807,yes,yes,yes,yes,yes,,,,,
/service-areas/liverpool-and-fairfield/liverpool/chipping-norton,suburb page,yes,yes,Electrician Chipping Norton 2170 | Emergency & Level 2,54,"Need an electrician in Chipping Norton? Evaready helps with emergency faults, Level 2 ASP work, switchboards, hot water, aircon, CCTV/data and general.",151,yes,yes,2886,yes,yes,yes,yes,yes,,,,,
/service-areas/liverpool-and-fairfield/liverpool/edmondson-park,suburb page,yes,yes,Electrician Edmondson Park 2174 | Emergency & Level 2,53,"Evaready helps Edmondson Park with urgent faults, Level 2 ASP work, switchboards, hot water electrical, aircon, CCTV/data and planned electrical work.",150,yes,yes,2865,yes,yes,yes,yes,yes,,,,,
/service-areas/liverpool-and-fairfield/liverpool/elizabeth-hills,suburb page,yes,yes,Electrician Elizabeth Hills 2171 | Emergency & Level 2,54,"Need electrical help in Elizabeth Hills 2171? Emergency faults, Level 2 ASP, switchboards, hot water, aircon, CCTV/data and general electrical work.",148,yes,yes,2894,yes,yes,yes,yes,yes,,,,,
/service-areas/liverpool-and-fairfield/liverpool/green-valley,suburb page,yes,yes,Electrician Green Valley 2168 | Emergency & Level 2,51,"Evaready helps Green Valley with urgent faults, Level 2 ASP work, switchboards, hot water electrical, aircon, CCTV/data and planned electrical work.",148,yes,yes,2858,yes,yes,yes,yes,yes,,,,,
/service-areas/liverpool-and-fairfield/liverpool/greendale,suburb page,yes,yes,Electrician Greendale 2745 | Emergency & Level 2,48,"Need electrical help in Greendale 2745? Emergency faults, Level 2 ASP, switchboards, hot water, aircon, CCTV/data and general electrical work across.",149,yes,yes,2773,yes,yes,yes,yes,yes,,,,,
/service-areas/liverpool-and-fairfield/liverpool/hammondville,suburb page,yes,yes,Electrician Hammondville 2170 | Emergency & Level 2,51,"Need electrical help in Hammondville 2170? Emergency faults, Level 2 ASP, switchboards, hot water, aircon, CCTV/data and general electrical work.",145,yes,yes,2756,yes,yes,yes,yes,yes,,,,,
/service-areas/liverpool-and-fairfield/liverpool/heckenberg,suburb page,yes,yes,Electrician Heckenberg 2168 | Emergency & Level 2,49,"Need an electrician in Heckenberg? Evaready helps with emergency faults, Level 2 ASP work, switchboards, hot water, aircon, CCTV/data and general.",146,yes,yes,2775,yes,yes,yes,yes,yes,,,,,
/service-areas/liverpool-and-fairfield/liverpool/hinchinbrook,suburb page,yes,yes,Electrician Hinchinbrook 2168 | Emergency & Level 2,51,"Need electrical help in Hinchinbrook 2168? Emergency faults, Level 2 ASP, switchboards, hot water, aircon, CCTV/data and general electrical work.",145,yes,yes,2836,yes,yes,yes,yes,yes,,,,,
/service-areas/liverpool-and-fairfield/liverpool/horningsea-park,suburb page,yes,yes,Electrician Horningsea Park 2171 | Emergency & Level 2,54,"Evaready helps Horningsea Park with urgent faults, Level 2 ASP work, switchboards, hot water electrical, aircon, CCTV/data and planned electrical work.",151,yes,yes,2852,yes,yes,yes,yes,yes,,,,,
/service-areas/liverpool-and-fairfield/liverpool/hoxton-park,suburb page,yes,yes,Electrician Hoxton Park 2171 | Emergency & Level 2,50,"Need an electrician in Hoxton Park? Evaready helps with emergency faults, Level 2 ASP work, switchboards, hot water, aircon, CCTV/data and general.",147,yes,yes,2891,yes,yes,yes,yes,yes,,,,,
/service-areas/liverpool-and-fairfield/liverpool/kemps-creek,suburb page,yes,yes,Electrician Kemps Creek 2178 | Emergency & Level 2,50,"Need electrical help in Kemps Creek 2178? Emergency faults, Level 2 ASP, switchboards, hot water, aircon, CCTV/data and general electrical work across.",151,yes,yes,2920,yes,yes,yes,yes,yes,,,,,
/service-areas/liverpool-and-fairfield/liverpool/liverpool,suburb page,yes,yes,Electrician Liverpool 2170 | Emergency & Level 2,48,"Need electrical help in Liverpool 2170? Evaready Electrical helps with urgent faults, switchboards, lighting, commercial maintenance and Level 2.",145,yes,yes,2819,yes,yes,yes,yes,yes,,,,,
/service-areas/liverpool-and-fairfield/liverpool/luddenham,suburb page,yes,yes,Electrician Luddenham 2745 | Emergency & Level 2,48,"Need an electrician in Luddenham? Evaready helps with emergency faults, Level 2 ASP work, switchboards, hot water, aircon, CCTV/data and general.",145,yes,yes,2827,yes,yes,yes,yes,yes,,,,,
/service-areas/liverpool-and-fairfield/liverpool/lurnea,suburb page,yes,yes,Electrician Lurnea 2170 | Emergency & Level 2,45,"Need an electrician in Lurnea? Evaready helps with emergency faults, Level 2 ASP work, switchboards, hot water, aircon, CCTV/data and general.",142,yes,yes,2839,yes,yes,yes,yes,yes,,,,,
/service-areas/liverpool-and-fairfield/liverpool/middleton-grange,suburb page,yes,yes,Electrician Middleton Grange 2171 | Emergency & Level 2,55,"Evaready helps Middleton Grange with urgent faults, Level 2 ASP work, switchboards, hot water electrical, aircon, CCTV/data and planned electrical work.",152,yes,yes,2860,yes,yes,yes,yes,yes,,,,,
/service-areas/liverpool-and-fairfield/liverpool/miller,suburb page,yes,yes,Electrician Miller 2168 | Emergency & Level 2,45,"Need electrical help in Miller 2168? Emergency faults, Level 2 ASP, switchboards, hot water, aircon, CCTV/data and general electrical work across.",146,yes,yes,2779,yes,yes,yes,yes,yes,,,,,
/service-areas/liverpool-and-fairfield/liverpool/moorebank,suburb page,yes,yes,Electrician Moorebank 2170 | Emergency & Level 2,48,"Evaready Electrical helps with faults, switchboards, lighting, power, data, CCTV and three-phase enquiries.",107,yes,yes,2834,yes,yes,yes,yes,yes,,,,,
/service-areas/liverpool-and-fairfield/liverpool/pleasure-point,suburb page,yes,yes,Electrician Pleasure Point 2172 | Emergency & Level 2,53,"Need an electrician in Pleasure Point? Evaready helps with emergency faults, Level 2 ASP work, switchboards, hot water, aircon, CCTV/data and general.",150,yes,yes,2847,yes,yes,yes,yes,yes,,,,,
/service-areas/liverpool-and-fairfield/liverpool/prestons,suburb page,yes,yes,Electrician Prestons 2170 | Emergency & Level 2,47,"Evaready Electrical helps with fault finding, switchboards, lighting, power, data, CCTV and Level 2 enquiries.",110,yes,yes,2844,yes,yes,yes,yes,yes,,,,,
/service-areas/liverpool-and-fairfield/liverpool/sadleir,suburb page,yes,yes,Electrician Sadleir 2168 | Emergency & Level 2,46,"Need electrical help in Sadleir 2168? Emergency faults, Level 2 ASP, switchboards, hot water, aircon, CCTV/data and general electrical work across.",147,yes,yes,2794,yes,yes,yes,yes,yes,,,,,
/service-areas/liverpool-and-fairfield/liverpool/voyager-point,suburb page,yes,yes,Electrician Voyager Point 2172 | Emergency & Level 2,52,"Evaready helps Voyager Point with urgent faults, Level 2 ASP work, switchboards, hot water electrical, aircon, CCTV/data and planned electrical work.",149,yes,yes,2879,yes,yes,yes,yes,yes,,,,,
/service-areas/liverpool-and-fairfield/liverpool/wallacia,suburb page,yes,yes,Electrician Wallacia 2745 | Emergency & Level 2,47,"Need electrical help in Wallacia 2745? Emergency faults, Level 2 ASP, switchboards, hot water, aircon, CCTV/data and general electrical work across.",148,yes,yes,2836,yes,yes,yes,yes,yes,,,,,
/service-areas/liverpool-and-fairfield/liverpool/warwick-farm,suburb page,yes,yes,Electrician Warwick Farm 2170 | Emergency & Level 2,51,"Evaready helps Warwick Farm with urgent faults, Level 2 ASP work, switchboards, hot water electrical, aircon, CCTV/data and planned electrical work.",148,yes,yes,2866,yes,yes,yes,yes,yes,,,,,
/service-areas/liverpool-and-fairfield/liverpool/wattle-grove,suburb page,yes,yes,Electrician Wattle Grove 2173 | Emergency & Level 2,51,"Need electrical help in Wattle Grove 2173? Emergency faults, Level 2 ASP, switchboards, hot water, aircon, CCTV/data and general electrical work.",145,yes,yes,2825,yes,yes,yes,yes,yes,,,,,
/service-areas/liverpool-and-fairfield/liverpool/west-hoxton,suburb page,yes,yes,Electrician West Hoxton 2171 | Emergency & Level 2,50,"Evaready helps West Hoxton with urgent faults, Level 2 ASP work, switchboards, hot water electrical, aircon, CCTV/data and planned electrical work.",147,yes,yes,2884,yes,yes,yes,yes,yes,,,,,
/service-areas/macarthur-camden-and-wollondilly/camden/bringelly,suburb page,yes,yes,Electrician Bringelly 2556 | Emergency & Level 2,48,"Need an electrician in Bringelly? Evaready helps with emergency faults, Level 2 ASP work, switchboards, hot water, aircon, CCTV/data and general.",145,yes,yes,2825,yes,yes,yes,yes,yes,,,,,
/service-areas/macarthur-camden-and-wollondilly/camden/camden,suburb page,yes,yes,Electrician Camden 2570 | Emergency & Level 2,45,"Need an electrician in Camden? Evaready helps with emergency faults, Level 2 ASP work, switchboards, hot water, aircon, CCTV/data and general.",142,yes,yes,2820,yes,yes,yes,yes,yes,,,,,
/service-areas/macarthur-camden-and-wollondilly/camden/camden-south,suburb page,yes,yes,Electrician Camden South 2570 | Emergency & Level 2,51,"Need electrical help in Camden South 2570? Emergency faults, Level 2 ASP, switchboards, hot water, aircon, CCTV/data and general electrical work.",145,yes,yes,2878,yes,yes,yes,yes,yes,,,,,
/service-areas/macarthur-camden-and-wollondilly/camden/catherine-field,suburb page,yes,yes,Electrician Catherine Field 2557 | Emergency & Level 2,54,"Need electrical help in Catherine Field 2557? Emergency faults, Level 2 ASP, switchboards, hot water, aircon, CCTV/data and general electrical work.",148,yes,yes,2907,yes,yes,yes,yes,yes,,,,,
/service-areas/macarthur-camden-and-wollondilly/camden/cawdor,suburb page,yes,yes,Electrician Cawdor 2570 | Emergency & Level 2,45,"Need an electrician in Cawdor? Evaready helps with emergency faults, Level 2 ASP work, switchboards, hot water, aircon, CCTV/data and general.",142,yes,yes,2811,yes,yes,yes,yes,yes,,,,,
/service-areas/macarthur-camden-and-wollondilly/camden/cobbitty,suburb page,yes,yes,Electrician Cobbitty 2570 | Emergency & Level 2,47,"Evaready helps Cobbitty with urgent faults, Level 2 ASP work, switchboards, hot water electrical, aircon, CCTV/data and planned electrical work.",144,yes,yes,2793,yes,yes,yes,yes,yes,,,,,
/service-areas/macarthur-camden-and-wollondilly/camden/currans-hill,suburb page,yes,yes,Electrician Currans Hill 2567 | Emergency & Level 2,51,"Evaready helps Currans Hill with urgent faults, Level 2 ASP work, switchboards, hot water electrical, aircon, CCTV/data and planned electrical work.",148,yes,yes,2895,yes,yes,yes,yes,yes,,,,,
/service-areas/macarthur-camden-and-wollondilly/camden/elderslie,suburb page,yes,yes,Electrician Elderslie 2570 | Emergency & Level 2,48,"Need electrical help in Elderslie 2570? Emergency faults, Level 2 ASP, switchboards, hot water, aircon, CCTV/data and general electrical work across.",149,yes,yes,2795,yes,yes,yes,yes,yes,,,,,
/service-areas/macarthur-camden-and-wollondilly/camden/ellis-lane,suburb page,yes,yes,Electrician Ellis Lane 2570 | Emergency & Level 2,49,"Need electrical help in Ellis Lane 2570? Emergency faults, Level 2 ASP, switchboards, hot water, aircon, CCTV/data and general electrical work across.",150,yes,yes,2883,yes,yes,yes,yes,yes,,,,,
/service-areas/macarthur-camden-and-wollondilly/camden/gledswood-hills,suburb page,yes,yes,Electrician Gledswood Hills 2557 | Emergency & Level 2,54,"Need an electrician in Gledswood Hills? Evaready helps with emergency faults, Level 2 ASP work, switchboards, hot water, aircon, CCTV/data and general.",151,yes,yes,2958,yes,yes,yes,yes,yes,,,,,
/service-areas/macarthur-camden-and-wollondilly/camden/grasmere,suburb page,yes,yes,Electrician Grasmere 2570 | Emergency & Level 2,47,"Evaready helps Grasmere with urgent faults, Level 2 ASP work, switchboards, hot water electrical, aircon, CCTV/data and planned electrical work.",144,yes,yes,2773,yes,yes,yes,yes,yes,,,,,
/service-areas/macarthur-camden-and-wollondilly/camden/gregory-hills,suburb page,yes,yes,Electrician Gregory Hills 2557 | Emergency & Level 2,52,"Need electrical help in Gregory Hills 2557? Emergency faults, Level 2 ASP, switchboards, hot water, aircon, CCTV/data and general electrical work.",146,yes,yes,2926,yes,yes,yes,yes,yes,,,,,
/service-areas/macarthur-camden-and-wollondilly/camden/harrington-park,suburb page,yes,yes,Electrician Harrington Park 2567 | Emergency & Level 2,54,"Evaready helps Harrington Park with urgent faults, Level 2 ASP work, switchboards, hot water electrical, aircon, CCTV/data and planned electrical work.",151,yes,yes,2857,yes,yes,yes,yes,yes,,,,,
/service-areas/macarthur-camden-and-wollondilly/camden/kirkham,suburb page,yes,yes,Electrician Kirkham 2570 | Emergency & Level 2,46,"Need electrical help in Kirkham 2570? Emergency faults, Level 2 ASP, switchboards, hot water, aircon, CCTV/data and general electrical work across Camden.",154,yes,yes,2805,yes,yes,yes,yes,yes,,,,,
/service-areas/macarthur-camden-and-wollondilly/camden/leppington,suburb page,yes,yes,Electrician Leppington 2179 | Emergency & Level 2,49,"Evaready helps Leppington with urgent faults, Level 2 ASP work, switchboards, hot water electrical, aircon, CCTV/data and planned electrical work.",146,yes,yes,2872,yes,yes,yes,yes,yes,,,,,
/service-areas/macarthur-camden-and-wollondilly/camden/mount-annan,suburb page,yes,yes,Electrician Mount Annan 2567 | Emergency & Level 2,50,"Evaready helps Mount Annan with urgent faults, Level 2 ASP work, switchboards, hot water electrical, aircon, CCTV/data and planned electrical work.",147,yes,yes,2890,yes,yes,yes,yes,yes,,,,,
/service-areas/macarthur-camden-and-wollondilly/camden/narellan,suburb page,yes,yes,Electrician Narellan 2567 | Emergency & Level 2,47,"Need an electrician in Narellan? Evaready Electrical helps with lighting, power, switchboards, EV-ready circuits, data, CCTV and Level 2 enquiries.",147,yes,yes,2783,yes,yes,yes,yes,yes,,,,,
/service-areas/macarthur-camden-and-wollondilly/camden/narellan-vale,suburb page,yes,yes,Electrician Narellan Vale 2567 | Emergency & Level 2,52,"Need an electrician in Narellan Vale? Evaready helps with emergency faults, Level 2 ASP work, switchboards, hot water, aircon, CCTV/data and general.",149,yes,yes,2919,yes,yes,yes,yes,yes,,,,,
/service-areas/macarthur-camden-and-wollondilly/camden/oran-park,suburb page,yes,yes,Electrician Oran Park 2570 | Emergency & Level 2,48,"Need an electrician in Oran Park? Evaready helps with emergency faults, Level 2 ASP work, switchboards, hot water, aircon, CCTV/data and general.",145,yes,yes,2928,yes,yes,yes,yes,yes,,,,,
/service-areas/macarthur-camden-and-wollondilly/camden/rossmore,suburb page,yes,yes,Electrician Rossmore 2557 | Emergency & Level 2,47,"Evaready helps Rossmore with urgent faults, Level 2 ASP work, switchboards, hot water electrical, aircon, CCTV/data and planned electrical work.",144,yes,yes,2853,yes,yes,yes,yes,yes,,,,,
/service-areas/macarthur-camden-and-wollondilly/camden/smeaton-grange,suburb page,yes,yes,Electrician Smeaton Grange 2567 | Emergency & Level 2,53,"Evaready helps Smeaton Grange with urgent faults, Level 2 ASP work, switchboards, hot water electrical, aircon, CCTV/data and planned electrical work.",150,yes,yes,2862,yes,yes,yes,yes,yes,,,,,
/service-areas/macarthur-camden-and-wollondilly/camden/spring-farm,suburb page,yes,yes,Electrician Spring Farm 2570 | Emergency & Level 2,50,"Need electrical help in Spring Farm 2570? Emergency faults, Level 2 ASP, switchboards, hot water, aircon, CCTV/data and general electrical work across.",151,yes,yes,2940,yes,yes,yes,yes,yes,,,,,
/service-areas/macarthur-camden-and-wollondilly/campbelltown/airds,suburb page,yes,yes,Electrician Airds 2560 | Emergency & Level 2,44,"Evaready helps Airds with urgent faults, Level 2 ASP work, switchboards, hot water electrical, aircon, CCTV/data and planned electrical work.",141,yes,yes,2794,yes,yes,yes,yes,yes,,,,,
/service-areas/macarthur-camden-and-wollondilly/campbelltown/ambarvale,suburb page,yes,yes,Electrician Ambarvale 2560 | Emergency & Level 2,48,"Evaready helps Ambarvale with urgent faults, Level 2 ASP work, switchboards, hot water electrical, aircon, CCTV/data and planned electrical work.",145,yes,yes,2845,yes,yes,yes,yes,yes,,,,,
/service-areas/macarthur-camden-and-wollondilly/campbelltown/bardia,suburb page,yes,yes,Electrician Bardia 2565 | Emergency & Level 2,45,"Need an electrician in Bardia? Evaready helps with emergency faults, Level 2 ASP work, switchboards, hot water, aircon, CCTV/data and general.",142,yes,yes,2810,yes,yes,yes,yes,yes,,,,,
/service-areas/macarthur-camden-and-wollondilly/campbelltown/blair-athol,suburb page,yes,yes,Electrician Blair Athol 2560 | Emergency & Level 2,50,"Evaready helps Blair Athol with urgent faults, Level 2 ASP work, switchboards, hot water electrical, aircon, CCTV/data and planned electrical work.",147,yes,yes,2882,yes,yes,yes,yes,yes,,,,,
/service-areas/macarthur-camden-and-wollondilly/campbelltown/blairmount,suburb page,yes,yes,Electrician Blairmount 2559 | Emergency & Level 2,49,"Need an electrician in Blairmount? Evaready helps with emergency faults, Level 2 ASP work, switchboards, hot water, aircon, CCTV/data and general.",146,yes,yes,2799,yes,yes,yes,yes,yes,,,,,
/service-areas/macarthur-camden-and-wollondilly/campbelltown/bow-bowing,suburb page,yes,yes,Electrician Bow Bowing 2566 | Emergency & Level 2,49,"Evaready helps Bow Bowing with urgent faults, Level 2 ASP work, switchboards, hot water electrical, aircon, CCTV/data and planned electrical work.",146,yes,yes,2889,yes,yes,yes,yes,yes,,,,,
/service-areas/macarthur-camden-and-wollondilly/campbelltown/bradbury,suburb page,yes,yes,Electrician Bradbury 2560 | Emergency & Level 2,47,"Evaready helps Bradbury with urgent faults, Level 2 ASP work, switchboards, hot water electrical, aircon, CCTV/data and planned electrical work.",144,yes,yes,2796,yes,yes,yes,yes,yes,,,,,
/service-areas/macarthur-camden-and-wollondilly/campbelltown/campbelltown,suburb page,yes,yes,Electrician Campbelltown 2560 | Emergency & Level 2,51,"Need an electrician in Campbelltown? Evaready Electrical helps with emergency faults, switchboards, lighting, power, hot water electrical, data and CCTV.",153,yes,yes,2874,yes,yes,yes,yes,yes,,,,,
/service-areas/macarthur-camden-and-wollondilly/campbelltown/claymore,suburb page,yes,yes,Electrician Claymore 2559 | Emergency & Level 2,47,"Evaready helps Claymore with urgent faults, Level 2 ASP work, switchboards, hot water electrical, aircon, CCTV/data and planned electrical work.",144,yes,yes,2863,yes,yes,yes,yes,yes,,,,,
/service-areas/macarthur-camden-and-wollondilly/campbelltown/denham-court,suburb page,yes,yes,Electrician Denham Court 2565 | Emergency & Level 2,51,"Evaready helps Denham Court with urgent faults, Level 2 ASP work, switchboards, hot water electrical, aircon, CCTV/data and planned electrical work.",148,yes,yes,2904,yes,yes,yes,yes,yes,,,,,
/service-areas/macarthur-camden-and-wollondilly/campbelltown/eagle-vale,suburb page,yes,yes,Electrician Eagle Vale 2558 | Emergency & Level 2,49,"Evaready helps Eagle Vale with urgent faults, Level 2 ASP work, switchboards, hot water electrical, aircon, CCTV/data and planned electrical work.",146,yes,yes,2923,yes,yes,yes,yes,yes,,,,,
/service-areas/macarthur-camden-and-wollondilly/campbelltown/englorie-park,suburb page,yes,yes,Electrician Englorie Park 2560 | Emergency & Level 2,52,"Need electrical help in Englorie Park 2560? Emergency faults, Level 2 ASP, switchboards, hot water, aircon, CCTV/data and general electrical work.",146,yes,yes,2901,yes,yes,yes,yes,yes,,,,,
/service-areas/macarthur-camden-and-wollondilly/campbelltown/eschol-park,suburb page,yes,yes,Electrician Eschol Park 2558 | Emergency & Level 2,50,"Need an electrician in Eschol Park? Evaready helps with emergency faults, Level 2 ASP work, switchboards, hot water, aircon, CCTV/data and general.",147,yes,yes,2933,yes,yes,yes,yes,yes,,,,,
/service-areas/macarthur-camden-and-wollondilly/campbelltown/gilead,suburb page,yes,yes,Electrician Gilead 2560 | Emergency & Level 2,45,"Evaready helps Gilead with urgent faults, Level 2 ASP work, switchboards, hot water electrical, aircon, CCTV/data and planned electrical work.",142,yes,yes,2804,yes,yes,yes,yes,yes,,,,,
/service-areas/macarthur-camden-and-wollondilly/campbelltown/glen-alpine,suburb page,yes,yes,Electrician Glen Alpine 2560 | Emergency & Level 2,50,"Need an electrician in Glen Alpine? Evaready helps with emergency faults, Level 2 ASP work, switchboards, hot water, aircon, CCTV/data and general.",147,yes,yes,2912,yes,yes,yes,yes,yes,,,,,
/service-areas/macarthur-camden-and-wollondilly/campbelltown/glenfield,suburb page,yes,yes,Electrician Glenfield 2167 | Emergency & Level 2,48,"Need electrical help in Glenfield 2167? Emergency faults, Level 2 ASP, switchboards, hot water, aircon, CCTV/data and general electrical work across.",149,yes,yes,2874,yes,yes,yes,yes,yes,,,,,
/service-areas/macarthur-camden-and-wollondilly/campbelltown/holsworthy,suburb page,yes,yes,Electrician Holsworthy 2173 | Emergency & Level 2,49,"Evaready helps Holsworthy with urgent faults, Level 2 ASP work, switchboards, hot water electrical, aircon, CCTV/data and planned electrical work.",146,yes,yes,2799,yes,yes,yes,yes,yes,,,,,
/service-areas/macarthur-camden-and-wollondilly/campbelltown/ingleburn,suburb page,yes,yes,Electrician Ingleburn 2565 | Emergency & Level 2,48,"Evaready helps Ingleburn with urgent faults, Level 2 ASP work, switchboards, hot water electrical, aircon, CCTV/data and planned electrical work.",145,yes,yes,2784,yes,yes,yes,yes,yes,,,,,
/service-areas/macarthur-camden-and-wollondilly/campbelltown/kearns,suburb page,yes,yes,Electrician Kearns 2558 | Emergency & Level 2,45,"Need electrical help in Kearns 2558? Emergency faults, Level 2 ASP, switchboards, hot water, aircon, CCTV/data and general electrical work across.",146,yes,yes,2821,yes,yes,yes,yes,yes,,,,,
/service-areas/macarthur-camden-and-wollondilly/campbelltown/kentlyn,suburb page,yes,yes,Electrician Kentlyn 2560 | Emergency & Level 2,46,"Need electrical help in Kentlyn 2560? Emergency faults, Level 2 ASP, switchboards, hot water, aircon, CCTV/data and general electrical work across.",147,yes,yes,2870,yes,yes,yes,yes,yes,,,,,
/service-areas/macarthur-camden-and-wollondilly/campbelltown/leumeah,suburb page,yes,yes,Electrician Leumeah 2560 | Emergency & Level 2,46,"Evaready helps Leumeah with urgent faults, Level 2 ASP work, switchboards, hot water electrical, aircon, CCTV/data and planned electrical work.",143,yes,yes,2860,yes,yes,yes,yes,yes,,,,,
/service-areas/macarthur-camden-and-wollondilly/campbelltown/long-point,suburb page,yes,yes,Electrician Long Point 2564 | Emergency & Level 2,49,"Evaready helps Long Point with urgent faults, Level 2 ASP work, switchboards, hot water electrical, aircon, CCTV/data and planned electrical work.",146,yes,yes,2889,yes,yes,yes,yes,yes,,,,,
/service-areas/macarthur-camden-and-wollondilly/campbelltown/macquarie-fields,suburb page,yes,yes,Electrician Macquarie Fields 2564 | Emergency & Level 2,55,"Need electrical help in Macquarie Fields 2564? Emergency faults, Level 2 ASP, switchboards, hot water, aircon, CCTV/data and general electrical work.",149,yes,yes,2933,yes,yes,yes,yes,yes,,,,,
/service-areas/macarthur-camden-and-wollondilly/campbelltown/macquarie-links,suburb page,yes,yes,Electrician Macquarie Links 2565 | Emergency & Level 2,54,"Need an electrician in Macquarie Links? Evaready helps with emergency faults, Level 2 ASP work, switchboards, hot water, aircon, CCTV/data and general.",151,yes,yes,2920,yes,yes,yes,yes,yes,,,,,
/service-areas/macarthur-camden-and-wollondilly/campbelltown/menangle-park,suburb page,yes,yes,Electrician Menangle Park 2563 | Emergency & Level 2,52,"Evaready helps Menangle Park with urgent faults, Level 2 ASP work, switchboards, hot water electrical, aircon, CCTV/data and planned electrical work.",149,yes,yes,2858,yes,yes,yes,yes,yes,,,,,
/service-areas/macarthur-camden-and-wollondilly/campbelltown/minto,suburb page,yes,yes,Electrician Minto 2566 | Emergency & Level 2,44,"Need an electrician in Minto? Evaready helps with emergency faults, Level 2 ASP work, switchboards, hot water, aircon, CCTV/data and general.",141,yes,yes,2803,yes,yes,yes,yes,yes,,,,,
/service-areas/macarthur-camden-and-wollondilly/campbelltown/minto-heights,suburb page,yes,yes,Electrician Minto Heights 2566 | Emergency & Level 2,52,"Need an electrician in Minto Heights? Evaready helps with emergency faults, Level 2 ASP work, switchboards, hot water, aircon, CCTV/data and general.",149,yes,yes,2931,yes,yes,yes,yes,yes,,,,,
/service-areas/macarthur-camden-and-wollondilly/campbelltown/raby,suburb page,yes,yes,Electrician Raby 2566 | Emergency & Level 2,43,"Need an electrician in Raby? Evaready helps with emergency faults, Level 2 ASP work, switchboards, hot water, aircon, CCTV/data and general electrical.",151,yes,yes,2791,yes,yes,yes,yes,yes,,,,,
/service-areas/macarthur-camden-and-wollondilly/campbelltown/rosemeadow,suburb page,yes,yes,Electrician Rosemeadow 2560 | Emergency & Level 2,49,"Need an electrician in Rosemeadow? Evaready helps with emergency faults, Level 2 ASP work, switchboards, hot water, aircon, CCTV/data and general.",146,yes,yes,2842,yes,yes,yes,yes,yes,,,,,
/service-areas/macarthur-camden-and-wollondilly/campbelltown/ruse,suburb page,yes,yes,Electrician Ruse 2560 | Emergency & Level 2,43,"Need electrical help in Ruse 2560? Emergency faults, Level 2 ASP, switchboards, hot water, aircon, CCTV/data and general electrical work across.",144,yes,yes,2835,yes,yes,yes,yes,yes,,,,,
/service-areas/macarthur-camden-and-wollondilly/campbelltown/st-andrews,suburb page,yes,yes,Electrician St Andrews 2566 | Emergency & Level 2,49,"Need an electrician in St Andrews? Evaready helps with emergency faults, Level 2 ASP work, switchboards, hot water, aircon, CCTV/data and general.",146,yes,yes,2918,yes,yes,yes,yes,yes,,,,,
/service-areas/macarthur-camden-and-wollondilly/campbelltown/st-helens-park,suburb page,yes,yes,Electrician St Helens Park 2560 | Emergency & Level 2,53,"Need an electrician in St Helens Park? Evaready helps with emergency faults, Level 2 ASP work, switchboards, hot water, aircon, CCTV/data and general.",150,yes,yes,2990,yes,yes,yes,yes,yes,,,,,
/service-areas/macarthur-camden-and-wollondilly/campbelltown/varroville,suburb page,yes,yes,Electrician Varroville 2566 | Emergency & Level 2,49,"Need electrical help in Varroville 2566? Emergency faults, Level 2 ASP, switchboards, hot water, aircon, CCTV/data and general electrical work across.",150,yes,yes,2813,yes,yes,yes,yes,yes,,,,,
/service-areas/macarthur-camden-and-wollondilly/campbelltown/wedderburn,suburb page,yes,yes,Electrician Wedderburn 2560 | Emergency & Level 2,49,"Evaready helps Wedderburn with urgent faults, Level 2 ASP work, switchboards, hot water electrical, aircon, CCTV/data and planned electrical work.",146,yes,yes,2813,yes,yes,yes,yes,yes,,,,,
/service-areas/macarthur-camden-and-wollondilly/campbelltown/woodbine,suburb page,yes,yes,Electrician Woodbine 2560 | Emergency & Level 2,47,"Need electrical help in Woodbine 2560? Emergency faults, Level 2 ASP, switchboards, hot water, aircon, CCTV/data and general electrical work across.",148,yes,yes,2798,yes,yes,yes,yes,yes,,,,,
/service-areas/macarthur-camden-and-wollondilly/campbelltown/woronora-dam,suburb page,yes,yes,Electrician Woronora Dam 2508 | Emergency & Level 2,51,"Evaready helps Woronora Dam with urgent faults, Level 2 ASP work, switchboards, hot water electrical, aircon, CCTV/data and planned electrical work.",148,yes,yes,2865,yes,yes,yes,yes,yes,,,,,
/service-areas/macarthur-camden-and-wollondilly/wollondilly/appin,suburb page,yes,yes,Electrician Appin 2560 | Emergency & Level 2,44,"Need an electrician in Appin? Evaready helps with emergency faults, Level 2 ASP work, switchboards, hot water, aircon, CCTV/data and general.",141,yes,yes,2825,yes,yes,yes,yes,yes,,,,,
/service-areas/macarthur-camden-and-wollondilly/wollondilly/belimbla-park,suburb page,yes,yes,Electrician Belimbla Park 2570 | Emergency & Level 2,52,"Need an electrician in Belimbla Park? Evaready helps with emergency faults, Level 2 ASP work, switchboards, hot water, aircon, CCTV/data and general.",149,yes,yes,2935,yes,yes,yes,yes,yes,,,,,
/service-areas/macarthur-camden-and-wollondilly/wollondilly/brownlow-hill,suburb page,yes,yes,Electrician Brownlow Hill 2570 | Emergency & Level 2,52,"Need an electrician in Brownlow Hill? Evaready helps with emergency faults, Level 2 ASP work, switchboards, hot water, aircon, CCTV/data and general.",149,yes,yes,2854,yes,yes,yes,yes,yes,,,,,
/service-areas/macarthur-camden-and-wollondilly/wollondilly/camden-park,suburb page,yes,yes,Electrician Camden Park 2570 | Emergency & Level 2,50,"Need an electrician in Camden Park? Evaready helps with emergency faults, Level 2 ASP work, switchboards, hot water, aircon, CCTV/data and general.",147,yes,yes,2878,yes,yes,yes,yes,yes,,,,,
/service-areas/macarthur-camden-and-wollondilly/wollondilly/cataract,suburb page,yes,yes,Electrician Cataract 2560 | Emergency & Level 2,47,"Evaready helps Cataract with urgent faults, Level 2 ASP work, switchboards, hot water electrical, aircon, CCTV/data and planned electrical work.",144,yes,yes,2807,yes,yes,yes,yes,yes,,,,,
/service-areas/macarthur-camden-and-wollondilly/wollondilly/couridjah,suburb page,yes,yes,Electrician Couridjah 2571 | Emergency & Level 2,48,"Need an electrician in Couridjah? Evaready helps with emergency faults, Level 2 ASP work, switchboards, hot water, aircon, CCTV/data and general.",145,yes,yes,2787,yes,yes,yes,yes,yes,,,,,
/service-areas/macarthur-camden-and-wollondilly/wollondilly/douglas-park,suburb page,yes,yes,Electrician Douglas Park 2569 | Emergency & Level 2,51,"Evaready helps Douglas Park with urgent faults, Level 2 ASP work, switchboards, hot water electrical, aircon, CCTV/data and planned electrical work.",148,yes,yes,2910,yes,yes,yes,yes,yes,,,,,
/service-areas/macarthur-camden-and-wollondilly/wollondilly/glenmore,suburb page,yes,yes,Electrician Glenmore 2570 | Emergency & Level 2,47,"Need electrical help in Glenmore 2570? Emergency faults, Level 2 ASP, switchboards, hot water, aircon, CCTV/data and general electrical work across.",148,yes,yes,2775,yes,yes,yes,yes,yes,,,,,
/service-areas/macarthur-camden-and-wollondilly/wollondilly/lakesland,suburb page,yes,yes,Electrician Lakesland 2572 | Emergency & Level 2,48,"Evaready helps Lakesland with urgent faults, Level 2 ASP work, switchboards, hot water electrical, aircon, CCTV/data and planned electrical work.",145,yes,yes,2837,yes,yes,yes,yes,yes,,,,,
/service-areas/macarthur-camden-and-wollondilly/wollondilly/maldon,suburb page,yes,yes,Electrician Maldon 2571 | Emergency & Level 2,45,"Need electrical help in Maldon 2571? Emergency faults, Level 2 ASP, switchboards, hot water, aircon, CCTV/data and general electrical work across.",146,yes,yes,2767,yes,yes,yes,yes,yes,,,,,
/service-areas/macarthur-camden-and-wollondilly/wollondilly/menangle,suburb page,yes,yes,Electrician Menangle 2568 | Emergency & Level 2,47,"Need electrical help in Menangle 2568? Emergency faults, Level 2 ASP, switchboards, hot water, aircon, CCTV/data and general electrical work across.",148,yes,yes,2848,yes,yes,yes,yes,yes,,,,,
/service-areas/macarthur-camden-and-wollondilly/wollondilly/mount-hunter,suburb page,yes,yes,Electrician Mount Hunter 2570 | Emergency & Level 2,51,"Evaready helps Mount Hunter with urgent faults, Level 2 ASP work, switchboards, hot water electrical, aircon, CCTV/data and planned electrical work.",148,yes,yes,2876,yes,yes,yes,yes,yes,,,,,
/service-areas/macarthur-camden-and-wollondilly/wollondilly/mowbray-park,suburb page,yes,yes,Electrician Mowbray Park 2571 | Emergency & Level 2,51,"Need an electrician in Mowbray Park? Evaready helps with emergency faults, Level 2 ASP work, switchboards, hot water, aircon, CCTV/data and general.",148,yes,yes,2941,yes,yes,yes,yes,yes,,,,,
/service-areas/macarthur-camden-and-wollondilly/wollondilly/nattai,suburb page,yes,yes,Electrician Nattai 2570 | Emergency & Level 2,45,"Evaready helps Nattai with urgent faults, Level 2 ASP work, switchboards, hot water electrical, aircon, CCTV/data and planned electrical work.",142,yes,yes,2771,yes,yes,yes,yes,yes,,,,,
/service-areas/macarthur-camden-and-wollondilly/wollondilly/oakdale,suburb page,yes,yes,Electrician Oakdale 2570 | Emergency & Level 2,46,"Evaready helps Oakdale with urgent faults, Level 2 ASP work, switchboards, hot water electrical, aircon, CCTV/data and planned electrical work.",143,yes,yes,2807,yes,yes,yes,yes,yes,,,,,
/service-areas/macarthur-camden-and-wollondilly/wollondilly/orangeville,suburb page,yes,yes,Electrician Orangeville 2570 | Emergency & Level 2,50,"Need an electrician in Orangeville? Evaready helps with emergency faults, Level 2 ASP work, switchboards, hot water, aircon, CCTV/data and general.",147,yes,yes,2798,yes,yes,yes,yes,yes,,,,,
/service-areas/macarthur-camden-and-wollondilly/wollondilly/pheasants-nest,suburb page,yes,yes,Electrician Pheasants Nest 2574 | Emergency & Level 2,53,"Need electrical help in Pheasants Nest 2574? Emergency faults, Level 2 ASP, switchboards, hot water, aircon, CCTV/data and general electrical work.",147,yes,yes,2898,yes,yes,yes,yes,yes,,,,,
/service-areas/macarthur-camden-and-wollondilly/wollondilly/picton,suburb page,yes,yes,Electrician Picton 2571 | Emergency & Level 2,45,"Evaready helps Picton with urgent faults, Level 2 ASP work, switchboards, hot water electrical, aircon, CCTV/data and planned electrical work.",142,yes,yes,2888,yes,yes,yes,yes,yes,,,,,
/service-areas/macarthur-camden-and-wollondilly/wollondilly/razorback,suburb page,yes,yes,Electrician Razorback 2571 | Emergency & Level 2,48,"Need an electrician in Razorback? Evaready helps with emergency faults, Level 2 ASP work, switchboards, hot water, aircon, CCTV/data and general.",145,yes,yes,2810,yes,yes,yes,yes,yes,,,,,
/service-areas/macarthur-camden-and-wollondilly/wollondilly/silverdale,suburb page,yes,yes,Electrician Silverdale 2752 | Emergency & Level 2,49,"Evaready helps Silverdale with urgent faults, Level 2 ASP work, switchboards, hot water electrical, aircon, CCTV/data and planned electrical work.",146,yes,yes,2802,yes,yes,yes,yes,yes,,,,,
/service-areas/macarthur-camden-and-wollondilly/wollondilly/tahmoor,suburb page,yes,yes,Electrician Tahmoor 2573 | Emergency & Level 2,46,"Need electrical help in Tahmoor 2573? Emergency faults, Level 2 ASP, switchboards, hot water, aircon, CCTV/data and general electrical work across.",147,yes,yes,2802,yes,yes,yes,yes,yes,,,,,
/service-areas/macarthur-camden-and-wollondilly/wollondilly/the-oaks,suburb page,yes,yes,Electrician The Oaks 2570 | Emergency & Level 2,47,"Need an electrician in The Oaks? Evaready helps with emergency faults, Level 2 ASP work, switchboards, hot water, aircon, CCTV/data and general.",144,yes,yes,2874,yes,yes,yes,yes,yes,,,,,
/service-areas/macarthur-camden-and-wollondilly/wollondilly/theresa-park,suburb page,yes,yes,Electrician Theresa Park 2570 | Emergency & Level 2,51,"Need an electrician in Theresa Park? Evaready helps with emergency faults, Level 2 ASP work, switchboards, hot water, aircon, CCTV/data and general.",148,yes,yes,2872,yes,yes,yes,yes,yes,,,,,
/service-areas/macarthur-camden-and-wollondilly/wollondilly/thirlmere,suburb page,yes,yes,Electrician Thirlmere 2572 | Emergency & Level 2,48,"Evaready helps Thirlmere with urgent faults, Level 2 ASP work, switchboards, hot water electrical, aircon, CCTV/data and planned electrical work.",145,yes,yes,2763,yes,yes,yes,yes,yes,,,,,
/service-areas/macarthur-camden-and-wollondilly/wollondilly/warragamba,suburb page,yes,yes,Electrician Warragamba 2752 | Emergency & Level 2,49,"Need an electrician in Warragamba? Evaready helps with emergency faults, Level 2 ASP work, switchboards, hot water, aircon, CCTV/data and general.",146,yes,yes,2784,yes,yes,yes,yes,yes,,,,,
/service-areas/macarthur-camden-and-wollondilly/wollondilly/werombi,suburb page,yes,yes,Electrician Werombi 2570 | Emergency & Level 2,46,"Evaready helps Werombi with urgent faults, Level 2 ASP work, switchboards, hot water electrical, aircon, CCTV/data and planned electrical work.",143,yes,yes,2804,yes,yes,yes,yes,yes,,,,,
/service-areas/macarthur-camden-and-wollondilly/wollondilly/wilton,suburb page,yes,yes,Electrician Wilton 2571 | Emergency & Level 2,45,"Evaready helps Wilton with urgent faults, Level 2 ASP work, switchboards, hot water electrical, aircon, CCTV/data and planned electrical work.",142,yes,yes,2831,yes,yes,yes,yes,yes,,,,,
/service-areas/macarthur-camden-and-wollondilly/wollondilly/yanderra,suburb page,yes,yes,Electrician Yanderra 2574 | Emergency & Level 2,47,"Evaready helps Yanderra with urgent faults, Level 2 ASP work, switchboards, hot water electrical, aircon, CCTV/data and planned electrical work.",144,yes,yes,2840,yes,yes,yes,yes,yes,,,,,
/service-areas/inner-west-burwood-and-canada-bay/burwood/burwood,suburb page,yes,yes,Electrician Burwood 2134 | Emergency & Level 2,46,"Need electrical help in Burwood 2134? Evaready Electrical helps with urgent electrical faults, lighting, power, switchboards, smoke alarms, data.",145,yes,yes,2913,yes,yes,yes,yes,yes,,,,,
/service-areas/inner-west-burwood-and-canada-bay/burwood/burwood-heights,suburb page,yes,yes,Electrician Burwood Heights 2136 | Emergency & Level 2,54,"Need an electrician in Burwood Heights? Evaready helps with emergency faults, Level 2 ASP work, switchboards, hot water, aircon, CCTV/data and general.",151,yes,yes,2911,yes,yes,yes,yes,yes,,,,,
/service-areas/inner-west-burwood-and-canada-bay/burwood/enfield,suburb page,yes,yes,Electrician Enfield 2136 | Emergency & Level 2,46,"Need an electrician in Enfield? Evaready helps with emergency faults, Level 2 ASP work, switchboards, hot water, aircon, CCTV/data and general.",143,yes,yes,2795,yes,yes,yes,yes,yes,,,,,
/service-areas/inner-west-burwood-and-canada-bay/burwood/strathfield,suburb page,yes,yes,Electrician Strathfield 2135 | Emergency & Level 2,50,"Need electrical help in Strathfield 2135? Evaready Electrical helps with electrical faults, switchboard upgrades, lighting, power, data, CCTV.",142,yes,yes,2913,yes,yes,yes,yes,yes,,,,,
/service-areas/inner-west-burwood-and-canada-bay/canada-bay/abbotsford,suburb page,yes,yes,Electrician Abbotsford 2046 | Emergency & Level 2,49,"Need an electrician in Abbotsford? Evaready helps with emergency faults, Level 2 ASP work, switchboards, hot water, aircon, CCTV/data and general.",146,yes,yes,2829,yes,yes,yes,yes,yes,,,,,
/service-areas/inner-west-burwood-and-canada-bay/canada-bay/breakfast-point,suburb page,yes,yes,Electrician Breakfast Point 2137 | Emergency & Level 2,54,"Evaready helps Breakfast Point with urgent faults, Level 2 ASP work, switchboards, hot water electrical, aircon, CCTV/data and planned electrical work.",151,yes,yes,2890,yes,yes,yes,yes,yes,,,,,
/service-areas/inner-west-burwood-and-canada-bay/canada-bay/cabarita,suburb page,yes,yes,Electrician Cabarita 2137 | Emergency & Level 2,47,"Evaready helps Cabarita with urgent faults, Level 2 ASP work, switchboards, hot water electrical, aircon, CCTV/data and planned electrical work.",144,yes,yes,2815,yes,yes,yes,yes,yes,,,,,
/service-areas/inner-west-burwood-and-canada-bay/canada-bay/canada-bay,suburb page,yes,yes,Electrician Canada Bay 2046 | Emergency & Level 2,49,"Evaready helps Canada Bay with urgent faults, Level 2 ASP work, switchboards, hot water electrical, aircon, CCTV/data and planned electrical work.",146,yes,yes,2915,yes,yes,yes,yes,yes,,,,,
/service-areas/inner-west-burwood-and-canada-bay/canada-bay/chiswick,suburb page,yes,yes,Electrician Chiswick 2046 | Emergency & Level 2,47,"Need an electrician in Chiswick? Evaready helps with emergency faults, Level 2 ASP work, switchboards, hot water, aircon, CCTV/data and general.",144,yes,yes,2897,yes,yes,yes,yes,yes,,,,,
/service-areas/inner-west-burwood-and-canada-bay/canada-bay/concord,suburb page,yes,yes,Electrician Concord 2137 | Emergency & Level 2,46,"Evaready Electrical helps with faults, switchboards, lighting, power, smoke alarms, data, CCTV and Level 2 enquiries.",117,yes,yes,2909,yes,yes,yes,yes,yes,,,,,
/service-areas/inner-west-burwood-and-canada-bay/canada-bay/concord-west,suburb page,yes,yes,Electrician Concord West 2138 | Emergency & Level 2,51,"Need electrical help in Concord West 2138? Emergency faults, Level 2 ASP, switchboards, hot water, aircon, CCTV/data and general electrical work.",145,yes,yes,2911,yes,yes,yes,yes,yes,,,,,
/service-areas/inner-west-burwood-and-canada-bay/canada-bay/drummoyne,suburb page,yes,yes,Electrician Drummoyne 2047 | Emergency & Level 2,48,"Evaready helps Drummoyne with urgent faults, Level 2 ASP work, switchboards, hot water electrical, aircon, CCTV/data and planned electrical work.",145,yes,yes,2824,yes,yes,yes,yes,yes,,,,,
/service-areas/inner-west-burwood-and-canada-bay/canada-bay/five-dock,suburb page,yes,yes,Electrician Five Dock 2046 | Emergency & Level 2,48,"Evaready Electrical helps with urgent faults, switchboards, lighting, power, smoke alarms, data cabling and maintenance.",120,yes,yes,2962,yes,yes,yes,yes,yes,,,,,
/service-areas/inner-west-burwood-and-canada-bay/canada-bay/liberty-grove,suburb page,yes,yes,Electrician Liberty Grove 2138 | Emergency & Level 2,52,"Evaready helps Liberty Grove with urgent faults, Level 2 ASP work, switchboards, hot water electrical, aircon, CCTV/data and planned electrical work.",149,yes,yes,2910,yes,yes,yes,yes,yes,,,,,
/service-areas/inner-west-burwood-and-canada-bay/canada-bay/mortlake,suburb page,yes,yes,Electrician Mortlake 2137 | Emergency & Level 2,47,"Need electrical help in Mortlake 2137? Emergency faults, Level 2 ASP, switchboards, hot water, aircon, CCTV/data and general electrical work across.",148,yes,yes,2823,yes,yes,yes,yes,yes,,,,,
/service-areas/inner-west-burwood-and-canada-bay/canada-bay/north-strathfield,suburb page,yes,yes,Electrician North Strathfield 2137 | Emergency & Level 2,56,"Need an electrician in North Strathfield? Evaready helps with emergency faults, Level 2 ASP work, switchboards, hot water, aircon, CCTV/data.",141,yes,yes,2938,yes,yes,yes,yes,yes,,,,,
/service-areas/inner-west-burwood-and-canada-bay/canada-bay/rhodes,suburb page,yes,yes,Electrician Rhodes 2138 | Emergency & Level 2,45,"Need electrical help in Rhodes 2138? Emergency faults, Level 2 ASP, switchboards, hot water, aircon, CCTV/data and general electrical work across.",146,yes,yes,2885,yes,yes,yes,yes,yes,,,,,
/service-areas/inner-west-burwood-and-canada-bay/canada-bay/rodd-point,suburb page,yes,yes,Electrician Rodd Point 2046 | Emergency & Level 2,49,"Need electrical help in Rodd Point 2046? Emergency faults, Level 2 ASP, switchboards, hot water, aircon, CCTV/data and general electrical work across.",150,yes,yes,2925,yes,yes,yes,yes,yes,,,,,
/service-areas/inner-west-burwood-and-canada-bay/canada-bay/russell-lea,suburb page,yes,yes,Electrician Russell Lea 2046 | Emergency & Level 2,50,"Evaready helps Russell Lea with urgent faults, Level 2 ASP work, switchboards, hot water electrical, aircon, CCTV/data and planned electrical work.",147,yes,yes,2893,yes,yes,yes,yes,yes,,,,,
/service-areas/inner-west-burwood-and-canada-bay/canada-bay/wareemba,suburb page,yes,yes,Electrician Wareemba 2046 | Emergency & Level 2,47,"Need an electrician in Wareemba? Evaready helps with emergency faults, Level 2 ASP work, switchboards, hot water, aircon, CCTV/data and general.",144,yes,yes,2847,yes,yes,yes,yes,yes,,,,,
/service-areas/inner-west-burwood-and-canada-bay/inner-west/annandale,suburb page,yes,yes,Electrician Annandale 2038 | Emergency & Level 2,48,"Evaready helps Annandale with urgent faults, Level 2 ASP work, switchboards, hot water electrical, aircon, CCTV/data and planned electrical work.",145,yes,yes,2879,yes,yes,yes,yes,yes,,,,,
/service-areas/inner-west-burwood-and-canada-bay/inner-west/ashbury,suburb page,yes,yes,Electrician Ashbury 2193 | Emergency & Level 2,46,"Need electrical help in Ashbury 2193? Emergency faults, Level 2 ASP, switchboards, hot water, aircon, CCTV/data and general electrical work across.",147,yes,yes,2852,yes,yes,yes,yes,yes,,,,,
/service-areas/inner-west-burwood-and-canada-bay/inner-west/ashfield,suburb page,yes,yes,Electrician Ashfield 2131 | Emergency & Level 2,47,"Need an electrician in Ashfield? Evaready Electrical helps with electrical faults, switchboards, lighting, power points, smoke alarms, data, CCTV.",146,yes,yes,2876,yes,yes,yes,yes,yes,,,,,
/service-areas/inner-west-burwood-and-canada-bay/inner-west/balmain,suburb page,yes,yes,Electrician Balmain 2041 | Emergency & Level 2,46,"Need an electrician in Balmain? Evaready helps with emergency faults, Level 2 ASP work, switchboards, hot water, aircon, CCTV/data and general.",143,yes,yes,2886,yes,yes,yes,yes,yes,,,,,
/service-areas/inner-west-burwood-and-canada-bay/inner-west/balmain-east,suburb page,yes,yes,Electrician Balmain East 2041 | Emergency & Level 2,51,"Need an electrician in Balmain East? Evaready helps with emergency faults, Level 2 ASP work, switchboards, hot water, aircon, CCTV/data and general.",148,yes,yes,2886,yes,yes,yes,yes,yes,,,,,
/service-areas/inner-west-burwood-and-canada-bay/inner-west/birchgrove,suburb page,yes,yes,Electrician Birchgrove 2041 | Emergency & Level 2,49,"Evaready helps Birchgrove with urgent faults, Level 2 ASP work, switchboards, hot water electrical, aircon, CCTV/data and planned electrical work.",146,yes,yes,2863,yes,yes,yes,yes,yes,,,,,
/service-areas/inner-west-burwood-and-canada-bay/inner-west/camperdown,suburb page,yes,yes,Electrician Camperdown 2050 | Emergency & Level 2,49,"Need electrical help in Camperdown 2050? Evaready Electrical helps with urgent faults, lighting, power, switchboards, data, CCTV and Level 2 enquiries.",151,yes,yes,2834,yes,yes,yes,yes,yes,,,,,
/service-areas/inner-west-burwood-and-canada-bay/inner-west/croydon,suburb page,yes,yes,Electrician Croydon 2132 | Emergency & Level 2,46,"Need electrical help in Croydon 2132? Emergency faults, Level 2 ASP, switchboards, hot water, aircon, CCTV/data and general electrical work across.",147,yes,yes,2837,yes,yes,yes,yes,yes,,,,,
/service-areas/inner-west-burwood-and-canada-bay/inner-west/croydon-park,suburb page,yes,yes,Electrician Croydon Park 2133 | Emergency & Level 2,51,"Need an electrician in Croydon Park? Evaready helps with emergency faults, Level 2 ASP work, switchboards, hot water, aircon, CCTV/data and general.",148,yes,yes,2984,yes,yes,yes,yes,yes,,,,,
/service-areas/inner-west-burwood-and-canada-bay/inner-west/dulwich-hill,suburb page,yes,yes,Electrician Dulwich Hill 2203 | Emergency & Level 2,51,"Evaready helps Dulwich Hill with urgent faults, Level 2 ASP work, switchboards, hot water electrical, aircon, CCTV/data and planned electrical work.",148,yes,yes,2964,yes,yes,yes,yes,yes,,,,,
/service-areas/inner-west-burwood-and-canada-bay/inner-west/enmore,suburb page,yes,yes,Electrician Enmore 2042 | Emergency & Level 2,45,"Need electrical help in Enmore 2042? Emergency faults, Level 2 ASP, switchboards, hot water, aircon, CCTV/data and general electrical work across.",146,yes,yes,2848,yes,yes,yes,yes,yes,,,,,
/service-areas/inner-west-burwood-and-canada-bay/inner-west/haberfield,suburb page,yes,yes,Electrician Haberfield 2045 | Emergency & Level 2,49,"Need electrical help in Haberfield 2045? Emergency faults, Level 2 ASP, switchboards, hot water, aircon, CCTV/data and general electrical work across.",150,yes,yes,2845,yes,yes,yes,yes,yes,,,,,
/service-areas/inner-west-burwood-and-canada-bay/inner-west/hurlstone-park,suburb page,yes,yes,Electrician Hurlstone Park 2193 | Emergency & Level 2,53,"Evaready helps Hurlstone Park with urgent faults, Level 2 ASP work, switchboards, hot water electrical, aircon, CCTV/data and planned electrical work.",150,yes,yes,2893,yes,yes,yes,yes,yes,,,,,
/service-areas/inner-west-burwood-and-canada-bay/inner-west/leichhardt,suburb page,yes,yes,Electrician Leichhardt 2040 | Emergency & Level 2,49,"Need electrical help in Leichhardt 2040? Evaready Electrical helps with lighting, power, fault finding, switchboards, smoke alarms, data cabling.",145,yes,yes,2839,yes,yes,yes,yes,yes,,,,,
/service-areas/inner-west-burwood-and-canada-bay/inner-west/lewisham,suburb page,yes,yes,Electrician Lewisham 2049 | Emergency & Level 2,47,"Need an electrician in Lewisham? Evaready helps with emergency faults, Level 2 ASP work, switchboards, hot water, aircon, CCTV/data and general.",144,yes,yes,2783,yes,yes,yes,yes,yes,,,,,
/service-areas/inner-west-burwood-and-canada-bay/inner-west/lilyfield,suburb page,yes,yes,Electrician Lilyfield 2040 | Emergency & Level 2,48,"Need an electrician in Lilyfield? Evaready helps with emergency faults, Level 2 ASP work, switchboards, hot water, aircon, CCTV/data and general.",145,yes,yes,2789,yes,yes,yes,yes,yes,,,,,
/service-areas/inner-west-burwood-and-canada-bay/inner-west/marrickville,suburb page,yes,yes,Electrician Marrickville 2204 | Emergency & Level 2,51,"Evaready Electrical helps with emergency faults, commercial maintenance, switchboards, lighting, power, data and CCTV.",118,yes,yes,2939,yes,yes,yes,yes,yes,,,,,
/service-areas/inner-west-burwood-and-canada-bay/inner-west/newtown,suburb page,yes,yes,Electrician Newtown 2042 | Emergency & Level 2,46,"Need electrical help in Newtown 2042? Evaready Electrical helps with urgent electrical faults, switchboards, lighting, power, data cabling, smoke.",146,yes,yes,2891,yes,yes,yes,yes,yes,,,,,
/service-areas/inner-west-burwood-and-canada-bay/inner-west/petersham,suburb page,yes,yes,Electrician Petersham 2049 | Emergency & Level 2,48,"Need electrical help in Petersham 2049? Emergency faults, Level 2 ASP, switchboards, hot water, aircon, CCTV/data and general electrical work across.",149,yes,yes,2820,yes,yes,yes,yes,yes,,,,,
/service-areas/inner-west-burwood-and-canada-bay/inner-west/rozelle,suburb page,yes,yes,Electrician Rozelle 2039 | Emergency & Level 2,46,"Need an electrician in Rozelle? Evaready helps with emergency faults, Level 2 ASP work, switchboards, hot water, aircon, CCTV/data and general.",143,yes,yes,2856,yes,yes,yes,yes,yes,,,,,
/service-areas/inner-west-burwood-and-canada-bay/inner-west/st-peters,suburb page,yes,yes,Electrician St Peters 2044 | Emergency & Level 2,48,"Need electrical help in St Peters 2044? Emergency faults, Level 2 ASP, switchboards, hot water, aircon, CCTV/data and general electrical work across.",149,yes,yes,2927,yes,yes,yes,yes,yes,,,,,
/service-areas/inner-west-burwood-and-canada-bay/inner-west/stanmore,suburb page,yes,yes,Electrician Stanmore 2048 | Emergency & Level 2,47,"Evaready helps Stanmore with urgent faults, Level 2 ASP work, switchboards, hot water electrical, aircon, CCTV/data and planned electrical work.",144,yes,yes,2837,yes,yes,yes,yes,yes,,,,,
/service-areas/inner-west-burwood-and-canada-bay/inner-west/summer-hill,suburb page,yes,yes,Electrician Summer Hill 2130 | Emergency & Level 2,50,"Need an electrician in Summer Hill? Evaready helps with emergency faults, Level 2 ASP work, switchboards, hot water, aircon, CCTV/data and general.",147,yes,yes,2904,yes,yes,yes,yes,yes,,,,,
/service-areas/inner-west-burwood-and-canada-bay/inner-west/sydenham,suburb page,yes,yes,Electrician Sydenham 2044 | Emergency & Level 2,47,"Need an electrician in Sydenham? Evaready helps with emergency faults, Level 2 ASP work, switchboards, hot water, aircon, CCTV/data and general.",144,yes,yes,2839,yes,yes,yes,yes,yes,,,,,
/service-areas/inner-west-burwood-and-canada-bay/inner-west/tempe,suburb page,yes,yes,Electrician Tempe 2044 | Emergency & Level 2,44,"Evaready helps Tempe with urgent faults, Level 2 ASP work, switchboards, hot water electrical, aircon, CCTV/data and planned electrical work.",141,yes,yes,2806,yes,yes,yes,yes,yes,,,,,
/service-areas/inner-west-burwood-and-canada-bay/strathfield/homebush,suburb page,yes,yes,Electrician Homebush 2140 | Emergency & Level 2,47,"Need an electrician in Homebush? Evaready Electrical helps with fault finding, switchboards, lighting, power, data, CCTV and Level 2 support.",141,yes,yes,2936,yes,yes,yes,yes,yes,,,,,
/service-areas/inner-west-burwood-and-canada-bay/strathfield/homebush-west,suburb page,yes,yes,Electrician Homebush West 2140 | Emergency & Level 2,52,"Evaready helps Homebush West with urgent faults, Level 2 ASP work, switchboards, hot water electrical, aircon, CCTV/data and planned electrical work.",149,yes,yes,2903,yes,yes,yes,yes,yes,,,,,
/service-areas/inner-west-burwood-and-canada-bay/strathfield/strathfield-south,suburb page,yes,yes,Electrician Strathfield South 2136 | Emergency & Level 2,56,"Need an electrician in Strathfield South? Evaready helps with emergency faults, Level 2 ASP work, switchboards, hot water, aircon, CCTV/data.",141,yes,yes,2960,yes,yes,yes,yes,yes,,,,,
/service-areas/sydney-city-and-eastern-suburbs/randwick/centennial-park,suburb page,yes,yes,Electrician Centennial Park 2021 | Emergency & Level 2,54,"Evaready helps Centennial Park with urgent faults, Level 2 ASP work, switchboards, hot water electrical, aircon, CCTV/data and planned electrical work.",151,yes,yes,2920,yes,yes,yes,yes,yes,,,,,
/service-areas/sydney-city-and-eastern-suburbs/randwick/chifley,suburb page,yes,yes,Electrician Chifley 2036 | Emergency & Level 2,46,"Evaready helps Chifley with urgent faults, Level 2 ASP work, switchboards, hot water electrical, aircon, CCTV/data and planned electrical work.",143,yes,yes,2814,yes,yes,yes,yes,yes,,,,,
/service-areas/sydney-city-and-eastern-suburbs/randwick/clovelly,suburb page,yes,yes,Electrician Clovelly 2031 | Emergency & Level 2,47,"Need an electrician in Clovelly? Evaready helps with emergency faults, Level 2 ASP work, switchboards, hot water, aircon, CCTV/data and general.",144,yes,yes,2832,yes,yes,yes,yes,yes,,,,,
/service-areas/sydney-city-and-eastern-suburbs/randwick/coogee,suburb page,yes,yes,Electrician Coogee 2034 | Emergency & Level 2,45,"Need an electrician in Coogee? Evaready Electrical helps with coastal electrical faults, outdoor lighting, switchboard upgrades, smoke alarms, power.",149,yes,yes,2760,yes,yes,yes,yes,yes,,,,,
/service-areas/sydney-city-and-eastern-suburbs/randwick/kensington,suburb page,yes,yes,Electrician Kensington 2033 | Emergency & Level 2,49,"Evaready helps Kensington with urgent faults, Level 2 ASP work, switchboards, hot water electrical, aircon, CCTV/data and planned electrical work.",146,yes,yes,2912,yes,yes,yes,yes,yes,,,,,
/service-areas/sydney-city-and-eastern-suburbs/randwick/kingsford,suburb page,yes,yes,Electrician Kingsford 2032 | Emergency & Level 2,48,"Need electrical help in Kingsford 2032? Emergency faults, Level 2 ASP, switchboards, hot water, aircon, CCTV/data and general electrical work across.",149,yes,yes,2803,yes,yes,yes,yes,yes,,,,,
/service-areas/sydney-city-and-eastern-suburbs/randwick/la-perouse,suburb page,yes,yes,Electrician La Perouse 2036 | Emergency & Level 2,49,"Need an electrician in La Perouse? Evaready helps with emergency faults, Level 2 ASP work, switchboards, hot water, aircon, CCTV/data and general.",146,yes,yes,2950,yes,yes,yes,yes,yes,,,,,
/service-areas/sydney-city-and-eastern-suburbs/randwick/little-bay,suburb page,yes,yes,Electrician Little Bay 2036 | Emergency & Level 2,49,"Evaready helps Little Bay with urgent faults, Level 2 ASP work, switchboards, hot water electrical, aircon, CCTV/data and planned electrical work.",146,yes,yes,2878,yes,yes,yes,yes,yes,,,,,
/service-areas/sydney-city-and-eastern-suburbs/randwick/malabar,suburb page,yes,yes,Electrician Malabar 2036 | Emergency & Level 2,46,"Need an electrician in Malabar? Evaready helps with emergency faults, Level 2 ASP work, switchboards, hot water, aircon, CCTV/data and general.",143,yes,yes,2810,yes,yes,yes,yes,yes,,,,,
/service-areas/sydney-city-and-eastern-suburbs/randwick/maroubra,suburb page,yes,yes,Electrician Maroubra 2035 | Emergency & Level 2,47,"Need an electrician in Maroubra? Evaready Electrical helps with urgent faults, outdoor lighting, switchboards, smoke alarms, power, CCTV, data.",143,yes,yes,2811,yes,yes,yes,yes,yes,,,,,
/service-areas/sydney-city-and-eastern-suburbs/randwick/matraville,suburb page,yes,yes,Electrician Matraville 2036 | Emergency & Level 2,49,"Evaready helps Matraville with urgent faults, Level 2 ASP work, switchboards, hot water electrical, aircon, CCTV/data and planned electrical work.",146,yes,yes,2863,yes,yes,yes,yes,yes,,,,,
/service-areas/sydney-city-and-eastern-suburbs/randwick/phillip-bay,suburb page,yes,yes,Electrician Phillip Bay 2036 | Emergency & Level 2,50,"Need an electrician in Phillip Bay? Evaready helps with emergency faults, Level 2 ASP work, switchboards, hot water, aircon, CCTV/data and general.",147,yes,yes,2916,yes,yes,yes,yes,yes,,,,,
/service-areas/sydney-city-and-eastern-suburbs/randwick/randwick,suburb page,yes,yes,Electrician Randwick 2031 | Emergency & Level 2,47,"Need an electrician in Randwick? Evaready Electrical helps with urgent faults, lighting, power, switchboards, smoke alarms, data and CCTV.",138,yes,yes,2923,yes,yes,yes,yes,yes,,,,,
/service-areas/sydney-city-and-eastern-suburbs/randwick/south-coogee,suburb page,yes,yes,Electrician South Coogee 2034 | Emergency & Level 2,51,"Need electrical help in South Coogee 2034? Emergency faults, Level 2 ASP, switchboards, hot water, aircon, CCTV/data and general electrical work.",145,yes,yes,2941,yes,yes,yes,yes,yes,,,,,
/service-areas/sydney-city-and-eastern-suburbs/sydney/alexandria,suburb page,yes,yes,Electrician Alexandria 2015 | Emergency & Level 2,49,"Evaready Electrical helps with commercial maintenance, fault finding, lighting, power, data, CCTV and three-phase enquiries.",124,yes,yes,2866,yes,yes,yes,yes,yes,,,,,
/service-areas/sydney-city-and-eastern-suburbs/sydney/barangaroo,suburb page,yes,yes,Electrician Barangaroo 2000 | Emergency & Level 2,49,"Need electrical help in Barangaroo 2000? Emergency faults, Level 2 ASP, switchboards, hot water, aircon, CCTV/data and general electrical work across.",150,yes,yes,2858,yes,yes,yes,yes,yes,,,,,
/service-areas/sydney-city-and-eastern-suburbs/sydney/beaconsfield,suburb page,yes,yes,Electrician Beaconsfield 2015 | Emergency & Level 2,51,"Need electrical help in Beaconsfield 2015? Emergency faults, Level 2 ASP, switchboards, hot water, aircon, CCTV/data and general electrical work.",145,yes,yes,2847,yes,yes,yes,yes,yes,,,,,
/service-areas/sydney-city-and-eastern-suburbs/sydney/chippendale,suburb page,yes,yes,Electrician Chippendale 2008 | Emergency & Level 2,50,"Evaready helps Chippendale with urgent faults, Level 2 ASP work, switchboards, hot water electrical, aircon, CCTV/data and planned electrical work.",147,yes,yes,2874,yes,yes,yes,yes,yes,,,,,
/service-areas/sydney-city-and-eastern-suburbs/sydney/darlinghurst,suburb page,yes,yes,Electrician Darlinghurst 2010 | Emergency & Level 2,51,"Evaready helps Darlinghurst with urgent faults, Level 2 ASP work, switchboards, hot water electrical, aircon, CCTV/data and planned electrical work.",148,yes,yes,2844,yes,yes,yes,yes,yes,,,,,
/service-areas/sydney-city-and-eastern-suburbs/sydney/darlington,suburb page,yes,yes,Electrician Darlington 2008 | Emergency & Level 2,49,"Need electrical help in Darlington 2008? Emergency faults, Level 2 ASP, switchboards, hot water, aircon, CCTV/data and general electrical work across.",150,yes,yes,2849,yes,yes,yes,yes,yes,,,,,
/service-areas/sydney-city-and-eastern-suburbs/sydney/dawes-point,suburb page,yes,yes,Electrician Dawes Point 2000 | Emergency & Level 2,50,"Need an electrician in Dawes Point? Evaready helps with emergency faults, Level 2 ASP work, switchboards, hot water, aircon, CCTV/data and general.",147,yes,yes,2942,yes,yes,yes,yes,yes,,,,,
/service-areas/sydney-city-and-eastern-suburbs/sydney/elizabeth-bay,suburb page,yes,yes,Electrician Elizabeth Bay 2011 | Emergency & Level 2,52,"Evaready helps Elizabeth Bay with urgent faults, Level 2 ASP work, switchboards, hot water electrical, aircon, CCTV/data and planned electrical work.",149,yes,yes,2909,yes,yes,yes,yes,yes,,,,,
/service-areas/sydney-city-and-eastern-suburbs/sydney/erskineville,suburb page,yes,yes,Electrician Erskineville 2043 | Emergency & Level 2,51,"Need electrical help in Erskineville 2043? Emergency faults, Level 2 ASP, switchboards, hot water, aircon, CCTV/data and general electrical work.",145,yes,yes,2853,yes,yes,yes,yes,yes,,,,,
/service-areas/sydney-city-and-eastern-suburbs/sydney/eveleigh,suburb page,yes,yes,Electrician Eveleigh 2015 | Emergency & Level 2,47,"Need an electrician in Eveleigh? Evaready helps with emergency faults, Level 2 ASP work, switchboards, hot water, aircon, CCTV/data and general.",144,yes,yes,2809,yes,yes,yes,yes,yes,,,,,
/service-areas/sydney-city-and-eastern-suburbs/sydney/forest-lodge,suburb page,yes,yes,Electrician Forest Lodge 2037 | Emergency & Level 2,51,"Need an electrician in Forest Lodge? Evaready helps with emergency faults, Level 2 ASP work, switchboards, hot water, aircon, CCTV/data and general.",148,yes,yes,2904,yes,yes,yes,yes,yes,,,,,
/service-areas/sydney-city-and-eastern-suburbs/sydney/glebe,suburb page,yes,yes,Electrician Glebe 2037 | Emergency & Level 2,44,"Need an electrician in Glebe? Evaready helps with emergency faults, Level 2 ASP work, switchboards, hot water, aircon, CCTV/data and general.",141,yes,yes,2798,yes,yes,yes,yes,yes,,,,,
/service-areas/sydney-city-and-eastern-suburbs/sydney/haymarket,suburb page,yes,yes,Electrician Haymarket 2000 | Emergency & Level 2,48,"Need an electrician in Haymarket? Evaready helps with emergency faults, Level 2 ASP work, switchboards, hot water, aircon, CCTV/data and general.",145,yes,yes,2821,yes,yes,yes,yes,yes,,,,,
/service-areas/sydney-city-and-eastern-suburbs/sydney/millers-point,suburb page,yes,yes,Electrician Millers Point 2000 | Emergency & Level 2,52,"Evaready helps Millers Point with urgent faults, Level 2 ASP work, switchboards, hot water electrical, aircon, CCTV/data and planned electrical work.",149,yes,yes,2983,yes,yes,yes,yes,yes,,,,,
/service-areas/sydney-city-and-eastern-suburbs/sydney/moore-park,suburb page,yes,yes,Electrician Moore Park 2021 | Emergency & Level 2,49,"Evaready helps Moore Park with urgent faults, Level 2 ASP work, switchboards, hot water electrical, aircon, CCTV/data and planned electrical work.",146,yes,yes,2885,yes,yes,yes,yes,yes,,,,,
/service-areas/sydney-city-and-eastern-suburbs/sydney/paddington,suburb page,yes,yes,Electrician Paddington 2021 | Emergency & Level 2,49,"Need an electrician in Paddington? Evaready helps with emergency faults, Level 2 ASP work, switchboards, hot water, aircon, CCTV/data and general.",146,yes,yes,2837,yes,yes,yes,yes,yes,,,,,
/service-areas/sydney-city-and-eastern-suburbs/sydney/potts-point,suburb page,yes,yes,Electrician Potts Point 2011 | Emergency & Level 2,50,"Evaready helps Potts Point with urgent faults, Level 2 ASP work, switchboards, hot water electrical, aircon, CCTV/data and planned electrical work.",147,yes,yes,2947,yes,yes,yes,yes,yes,,,,,
/service-areas/sydney-city-and-eastern-suburbs/sydney/pyrmont,suburb page,yes,yes,Electrician Pyrmont 2009 | Emergency & Level 2,46,"Need an electrician in Pyrmont? Evaready helps with emergency faults, Level 2 ASP work, switchboards, hot water, aircon, CCTV/data and general.",143,yes,yes,2896,yes,yes,yes,yes,yes,,,,,
/service-areas/sydney-city-and-eastern-suburbs/sydney/redfern,suburb page,yes,yes,Electrician Redfern 2016 | Emergency & Level 2,46,"Need an electrician in Redfern? Evaready helps with emergency faults, Level 2 ASP work, switchboards, hot water, aircon, CCTV/data and general.",143,yes,yes,2853,yes,yes,yes,yes,yes,,,,,
/service-areas/sydney-city-and-eastern-suburbs/sydney/rushcutters-bay,suburb page,yes,yes,Electrician Rushcutters Bay 2011 | Emergency & Level 2,54,"Need an electrician in Rushcutters Bay? Evaready helps with emergency faults, Level 2 ASP work, switchboards, hot water, aircon, CCTV/data and general.",151,yes,yes,2895,yes,yes,yes,yes,yes,,,,,
/service-areas/sydney-city-and-eastern-suburbs/sydney/surry-hills,suburb page,yes,yes,Electrician Surry Hills 2010 | Emergency & Level 2,50,"Need an electrician in Surry Hills? Evaready Electrical helps with urgent faults, lighting, power, data, switchboards, CCTV and maintenance work.",145,yes,yes,3019,yes,yes,yes,yes,yes,,,,,
/service-areas/sydney-city-and-eastern-suburbs/sydney/sydney,suburb page,yes,yes,Electrician Sydney 2000 | Emergency & Level 2,45,"Evaready helps Sydney with urgent faults, Level 2 ASP work, switchboards, hot water electrical, aircon, CCTV/data and planned electrical work.",142,yes,yes,2896,yes,yes,yes,yes,yes,,,,,
/service-areas/sydney-city-and-eastern-suburbs/sydney/the-rocks,suburb page,yes,yes,Electrician The Rocks 2000 | Emergency & Level 2,48,"Need an electrician in The Rocks? Evaready helps with emergency faults, Level 2 ASP work, switchboards, hot water, aircon, CCTV/data and general.",145,yes,yes,2930,yes,yes,yes,yes,yes,,,,,
/service-areas/sydney-city-and-eastern-suburbs/sydney/ultimo,suburb page,yes,yes,Electrician Ultimo 2007 | Emergency & Level 2,45,"Evaready helps Ultimo with urgent faults, Level 2 ASP work, switchboards, hot water electrical, aircon, CCTV/data and planned electrical work.",142,yes,yes,2822,yes,yes,yes,yes,yes,,,,,
/service-areas/sydney-city-and-eastern-suburbs/sydney/waterloo,suburb page,yes,yes,Electrician Waterloo 2017 | Emergency & Level 2,47,"Evaready helps Waterloo with urgent faults, Level 2 ASP work, switchboards, hot water electrical, aircon, CCTV/data and planned electrical work.",144,yes,yes,2892,yes,yes,yes,yes,yes,,,,,
/service-areas/sydney-city-and-eastern-suburbs/sydney/woolloomooloo,suburb page,yes,yes,Electrician Woolloomooloo 2011 | Emergency & Level 2,52,"Need an electrician in Woolloomooloo? Evaready helps with emergency faults, Level 2 ASP work, switchboards, hot water, aircon, CCTV/data and general.",149,yes,yes,2893,yes,yes,yes,yes,yes,,,,,
/service-areas/sydney-city-and-eastern-suburbs/sydney/zetland,suburb page,yes,yes,Electrician Zetland 2017 | Emergency & Level 2,46,"Evaready Electrical helps with fault finding, lighting, power, EV-ready circuits, smoke alarms, data and CCTV.",110,yes,yes,2936,yes,yes,yes,yes,yes,,,,,
/service-areas/sydney-city-and-eastern-suburbs/waverley/bondi,suburb page,yes,yes,Electrician Bondi 2026 | Emergency & Level 2,44,"Need electrical help in Bondi 2026? Evaready Electrical helps with electrical faults, switchboards, outdoor lighting, smoke alarms, power, data and CCTV.",153,yes,yes,2960,yes,yes,yes,yes,yes,,,,,
/service-areas/sydney-city-and-eastern-suburbs/waverley/bondi-beach,suburb page,yes,yes,Electrician Bondi Beach 2026 | Emergency & Level 2,50,"Need electrical help in Bondi Beach 2026? Emergency faults, Level 2 ASP, switchboards, hot water, aircon, CCTV/data and general electrical work across.",151,yes,yes,2959,yes,yes,yes,yes,yes,,,,,
/service-areas/sydney-city-and-eastern-suburbs/waverley/bondi-junction,suburb page,yes,yes,Electrician Bondi Junction 2022 | Emergency & Level 2,53,"Evaready Electrical helps with urgent faults, commercial lighting, power, data, CCTV, switchboards and Level 2 enquiries.",121,yes,yes,3062,yes,yes,yes,yes,yes,,,,,
/service-areas/sydney-city-and-eastern-suburbs/waverley/bronte,suburb page,yes,yes,Electrician Bronte 2024 | Emergency & Level 2,45,"Need an electrician in Bronte? Evaready helps with emergency faults, Level 2 ASP work, switchboards, hot water, aircon, CCTV/data and general.",142,yes,yes,2845,yes,yes,yes,yes,yes,,,,,
/service-areas/sydney-city-and-eastern-suburbs/waverley/dover-heights,suburb page,yes,yes,Electrician Dover Heights 2030 | Emergency & Level 2,52,"Need an electrician in Dover Heights? Evaready helps with emergency faults, Level 2 ASP work, switchboards, hot water, aircon, CCTV/data and general.",149,yes,yes,2922,yes,yes,yes,yes,yes,,,,,
/service-areas/sydney-city-and-eastern-suburbs/waverley/north-bondi,suburb page,yes,yes,Electrician North Bondi 2026 | Emergency & Level 2,50,"Evaready helps North Bondi with urgent faults, Level 2 ASP work, switchboards, hot water electrical, aircon, CCTV/data and planned electrical work.",147,yes,yes,2901,yes,yes,yes,yes,yes,,,,,
/service-areas/sydney-city-and-eastern-suburbs/waverley/queens-park,suburb page,yes,yes,Electrician Queens Park 2022 | Emergency & Level 2,50,"Evaready helps Queens Park with urgent faults, Level 2 ASP work, switchboards, hot water electrical, aircon, CCTV/data and planned electrical work.",147,yes,yes,2925,yes,yes,yes,yes,yes,,,,,
/service-areas/sydney-city-and-eastern-suburbs/waverley/rose-bay,suburb page,yes,yes,Electrician Rose Bay 2029 | Emergency & Level 2,47,"Need electrical help in Rose Bay 2029? Emergency faults, Level 2 ASP, switchboards, hot water, aircon, CCTV/data and general electrical work across.",148,yes,yes,2963,yes,yes,yes,yes,yes,,,,,
/service-areas/sydney-city-and-eastern-suburbs/waverley/tamarama,suburb page,yes,yes,Electrician Tamarama 2026 | Emergency & Level 2,47,"Evaready helps Tamarama with urgent faults, Level 2 ASP work, switchboards, hot water electrical, aircon, CCTV/data and planned electrical work.",144,yes,yes,2936,yes,yes,yes,yes,yes,,,,,
/service-areas/sydney-city-and-eastern-suburbs/waverley/vaucluse,suburb page,yes,yes,Electrician Vaucluse 2030 | Emergency & Level 2,47,"Need electrical help in Vaucluse 2030? Emergency faults, Level 2 ASP, switchboards, hot water, aircon, CCTV/data and general electrical work across.",148,yes,yes,2849,yes,yes,yes,yes,yes,,,,,
/service-areas/sydney-city-and-eastern-suburbs/waverley/waverley,suburb page,yes,yes,Electrician Waverley 2024 | Emergency & Level 2,47,"Evaready helps Waverley with urgent faults, Level 2 ASP work, switchboards, hot water electrical, aircon, CCTV/data and planned electrical work.",144,yes,yes,2849,yes,yes,yes,yes,yes,,,,,
/service-areas/sydney-city-and-eastern-suburbs/woollahra/bellevue-hill,suburb page,yes,yes,Electrician Bellevue Hill 2023 | Emergency & Level 2,52,"Need an electrician in Bellevue Hill? Evaready helps with emergency faults, Level 2 ASP work, switchboards, hot water, aircon, CCTV/data and general.",149,yes,yes,2919,yes,yes,yes,yes,yes,,,,,
/service-areas/sydney-city-and-eastern-suburbs/woollahra/darling-point,suburb page,yes,yes,Electrician Darling Point 2027 | Emergency & Level 2,52,"Need an electrician in Darling Point? Evaready helps with emergency faults, Level 2 ASP work, switchboards, hot water, aircon, CCTV/data and general.",149,yes,yes,2930,yes,yes,yes,yes,yes,,,,,
/service-areas/sydney-city-and-eastern-suburbs/woollahra/double-bay,suburb page,yes,yes,Electrician Double Bay 2028 | Emergency & Level 2,49,"Need electrical help in Double Bay 2028? Emergency faults, Level 2 ASP, switchboards, hot water, aircon, CCTV/data and general electrical work across.",150,yes,yes,2995,yes,yes,yes,yes,yes,,,,,
/service-areas/sydney-city-and-eastern-suburbs/woollahra/edgecliff,suburb page,yes,yes,Electrician Edgecliff 2027 | Emergency & Level 2,48,"Evaready helps Edgecliff with urgent faults, Level 2 ASP work, switchboards, hot water electrical, aircon, CCTV/data and planned electrical work.",145,yes,yes,2934,yes,yes,yes,yes,yes,,,,,
/service-areas/sydney-city-and-eastern-suburbs/woollahra/point-piper,suburb page,yes,yes,Electrician Point Piper 2027 | Emergency & Level 2,50,"Need electrical help in Point Piper 2027? Emergency faults, Level 2 ASP, switchboards, hot water, aircon, CCTV/data and general electrical work across.",151,yes,yes,2930,yes,yes,yes,yes,yes,,,,,
/service-areas/sydney-city-and-eastern-suburbs/woollahra/watsons-bay,suburb page,yes,yes,Electrician Watsons Bay 2030 | Emergency & Level 2,50,"Need electrical help in Watsons Bay 2030? Emergency faults, Level 2 ASP, switchboards, hot water, aircon, CCTV/data and general electrical work across.",151,yes,yes,2953,yes,yes,yes,yes,yes,,,,,
/service-areas/sydney-city-and-eastern-suburbs/woollahra/woollahra,suburb page,yes,yes,Electrician Woollahra 2025 | Emergency & Level 2,48,"Need electrical help in Woollahra 2025? Emergency faults, Level 2 ASP, switchboards, hot water, aircon, CCTV/data and general electrical work across.",149,yes,yes,2922,yes,yes,yes,yes,yes,,,,,
/service-areas/parramatta-and-cumberland/cumberland/auburn,suburb page,yes,yes,Electrician Auburn 2144 | Emergency & Level 2,45,"Need electrical help in Auburn 2144? Evaready Electrical helps with emergency faults, switchboards, lighting, power, data, CCTV, three-phase and Level.",151,yes,yes,2858,yes,yes,yes,yes,yes,,,,,
/service-areas/parramatta-and-cumberland/cumberland/berala,suburb page,yes,yes,Electrician Berala 2141 | Emergency & Level 2,45,"Need electrical help in Berala 2141? Emergency faults, Level 2 ASP, switchboards, hot water, aircon, CCTV/data and general electrical work across.",146,yes,yes,2797,yes,yes,yes,yes,yes,,,,,
/service-areas/parramatta-and-cumberland/cumberland/girraween,suburb page,yes,yes,Electrician Girraween 2145 | Emergency & Level 2,48,"Need an electrician in Girraween? Evaready helps with emergency faults, Level 2 ASP work, switchboards, hot water, aircon, CCTV/data and general.",145,yes,yes,2808,yes,yes,yes,yes,yes,,,,,
/service-areas/parramatta-and-cumberland/cumberland/greystanes,suburb page,yes,yes,Electrician Greystanes 2145 | Emergency & Level 2,49,"Need an electrician in Greystanes? Evaready helps with emergency faults, Level 2 ASP work, switchboards, hot water, aircon, CCTV/data and general.",146,yes,yes,2831,yes,yes,yes,yes,yes,,,,,
/service-areas/parramatta-and-cumberland/cumberland/guildford,suburb page,yes,yes,Electrician Guildford 2161 | Emergency & Level 2,48,"Evaready helps Guildford with urgent faults, Level 2 ASP work, switchboards, hot water electrical, aircon, CCTV/data and planned electrical work.",145,yes,yes,2792,yes,yes,yes,yes,yes,,,,,
/service-areas/parramatta-and-cumberland/cumberland/guildford-west,suburb page,yes,yes,Electrician Guildford West 2161 | Emergency & Level 2,53,"Need an electrician in Guildford West? Evaready helps with emergency faults, Level 2 ASP work, switchboards, hot water, aircon, CCTV/data and general.",150,yes,yes,2936,yes,yes,yes,yes,yes,,,,,
/service-areas/parramatta-and-cumberland/cumberland/holroyd,suburb page,yes,yes,Electrician Holroyd 2142 | Emergency & Level 2,46,"Need electrical help in Holroyd 2142? Emergency faults, Level 2 ASP, switchboards, hot water, aircon, CCTV/data and general electrical work across.",147,yes,yes,2814,yes,yes,yes,yes,yes,,,,,
/service-areas/parramatta-and-cumberland/cumberland/lidcombe,suburb page,yes,yes,Electrician Lidcombe 2141 | Emergency & Level 2,47,"Evaready Electrical helps with urgent faults, switchboards, commercial lighting, power, data cabling, CCTV and Level 2 support.",127,yes,yes,2877,yes,yes,yes,yes,yes,,,,,
/service-areas/parramatta-and-cumberland/cumberland/merrylands,suburb page,yes,yes,Electrician Merrylands 2160 | Emergency & Level 2,49,"Evaready helps Merrylands with urgent faults, Level 2 ASP work, switchboards, hot water electrical, aircon, CCTV/data and planned electrical work.",146,yes,yes,2886,yes,yes,yes,yes,yes,,,,,
/service-areas/parramatta-and-cumberland/cumberland/merrylands-west,suburb page,yes,yes,Electrician Merrylands West 2160 | Emergency & Level 2,54,"Need electrical help in Merrylands West 2160? Emergency faults, Level 2 ASP, switchboards, hot water, aircon, CCTV/data and general electrical work.",148,yes,yes,2948,yes,yes,yes,yes,yes,,,,,
/service-areas/parramatta-and-cumberland/cumberland/pemulwuy,suburb page,yes,yes,Electrician Pemulwuy 2145 | Emergency & Level 2,47,"Evaready helps Pemulwuy with urgent faults, Level 2 ASP work, switchboards, hot water electrical, aircon, CCTV/data and planned electrical work.",144,yes,yes,2852,yes,yes,yes,yes,yes,,,,,
/service-areas/parramatta-and-cumberland/cumberland/pendle-hill,suburb page,yes,yes,Electrician Pendle Hill 2145 | Emergency & Level 2,50,"Need electrical help in Pendle Hill 2145? Emergency faults, Level 2 ASP, switchboards, hot water, aircon, CCTV/data and general electrical work across.",151,yes,yes,2935,yes,yes,yes,yes,yes,,,,,
/service-areas/parramatta-and-cumberland/cumberland/regents-park,suburb page,yes,yes,Electrician Regents Park 2143 | Emergency & Level 2,51,"Need electrical help in Regents Park 2143? Emergency faults, Level 2 ASP, switchboards, hot water, aircon, CCTV/data and general electrical work.",145,yes,yes,2915,yes,yes,yes,yes,yes,,,,,
/service-areas/parramatta-and-cumberland/cumberland/rookwood,suburb page,yes,yes,Electrician Rookwood 2141 | Emergency & Level 2,47,"Evaready helps Rookwood with urgent faults, Level 2 ASP work, switchboards, hot water electrical, aircon, CCTV/data and planned electrical work.",144,yes,yes,2847,yes,yes,yes,yes,yes,,,,,
/service-areas/parramatta-and-cumberland/cumberland/south-granville,suburb page,yes,yes,Electrician South Granville 2142 | Emergency & Level 2,54,"Need an electrician in South Granville? Evaready helps with emergency faults, Level 2 ASP work, switchboards, hot water, aircon, CCTV/data and general.",151,yes,yes,2936,yes,yes,yes,yes,yes,,,,,
/service-areas/parramatta-and-cumberland/cumberland/south-wentworthville,suburb page,yes,yes,Electrician South Wentworthville 2145 | Emergency & Level 2,59,"Need an electrician in South Wentworthville? Evaready helps with emergency faults, Level 2 ASP work, switchboards, hot water, aircon, CCTV/data.",144,yes,yes,2921,yes,yes,yes,yes,yes,,,,,
/service-areas/parramatta-and-cumberland/cumberland/wentworthville,suburb page,yes,yes,Electrician Wentworthville 2145 | Emergency & Level 2,53,"Need electrical help in Wentworthville 2145? Emergency faults, Level 2 ASP, switchboards, hot water, aircon, CCTV/data and general electrical work.",147,yes,yes,2856,yes,yes,yes,yes,yes,,,,,
/service-areas/parramatta-and-cumberland/cumberland/westmead,suburb page,yes,yes,Electrician Westmead 2145 | Emergency & Level 2,47,"Need an electrician in Westmead? Evaready helps with emergency faults, Level 2 ASP work, switchboards, hot water, aircon, CCTV/data and general.",144,yes,yes,2877,yes,yes,yes,yes,yes,,,,,
/service-areas/parramatta-and-cumberland/cumberland/woodpark,suburb page,yes,yes,Electrician Woodpark 2164 | Emergency & Level 2,47,"Need an electrician in Woodpark? Evaready helps with emergency faults, Level 2 ASP work, switchboards, hot water, aircon, CCTV/data and general.",144,yes,yes,2809,yes,yes,yes,yes,yes,,,,,
/service-areas/parramatta-and-cumberland/parramatta/carlingford,suburb page,yes,yes,Electrician Carlingford 2118 | Emergency & Level 2,50,"Need an electrician in Carlingford? Evaready helps with emergency faults, Level 2 ASP work, switchboards, hot water, aircon, CCTV/data and general.",147,yes,yes,2865,yes,yes,yes,yes,yes,,,,,
/service-areas/parramatta-and-cumberland/parramatta/clyde,suburb page,yes,yes,Electrician Clyde 2142 | Emergency & Level 2,44,"Evaready helps Clyde with urgent faults, Level 2 ASP work, switchboards, hot water electrical, aircon, CCTV/data and planned electrical work.",141,yes,yes,2853,yes,yes,yes,yes,yes,,,,,
/service-areas/parramatta-and-cumberland/parramatta/constitution-hill,suburb page,yes,yes,Electrician Constitution Hill 2145 | Emergency & Level 2,56,"Need an electrician in Constitution Hill? Evaready helps with emergency faults, Level 2 ASP work, switchboards, hot water, aircon, CCTV/data.",141,yes,yes,2926,yes,yes,yes,yes,yes,,,,,
/service-areas/parramatta-and-cumberland/parramatta/dundas,suburb page,yes,yes,Electrician Dundas 2117 | Emergency & Level 2,45,"Evaready helps Dundas with urgent faults, Level 2 ASP work, switchboards, hot water electrical, aircon, CCTV/data and planned electrical work.",142,yes,yes,2829,yes,yes,yes,yes,yes,,,,,
/service-areas/parramatta-and-cumberland/parramatta/dundas-valley,suburb page,yes,yes,Electrician Dundas Valley 2117 | Emergency & Level 2,52,"Evaready helps Dundas Valley with urgent faults, Level 2 ASP work, switchboards, hot water electrical, aircon, CCTV/data and planned electrical work.",149,yes,yes,2884,yes,yes,yes,yes,yes,,,,,
/service-areas/parramatta-and-cumberland/parramatta/eastwood,suburb page,yes,yes,Electrician Eastwood 2122 | Emergency & Level 2,47,"Need electrical help in Eastwood 2122? Emergency faults, Level 2 ASP, switchboards, hot water, aircon, CCTV/data and general electrical work across.",148,yes,yes,2816,yes,yes,yes,yes,yes,,,,,
/service-areas/parramatta-and-cumberland/parramatta/epping,suburb page,yes,yes,Electrician Epping 2121 | Emergency & Level 2,45,"Need an electrician in Epping? Evaready helps with emergency faults, Level 2 ASP work, switchboards, hot water, aircon, CCTV/data and general.",142,yes,yes,2914,yes,yes,yes,yes,yes,,,,,
/service-areas/parramatta-and-cumberland/parramatta/ermington,suburb page,yes,yes,Electrician Ermington 2115 | Emergency & Level 2,48,"Evaready helps Ermington with urgent faults, Level 2 ASP work, switchboards, hot water electrical, aircon, CCTV/data and planned electrical work.",145,yes,yes,2835,yes,yes,yes,yes,yes,,,,,
/service-areas/parramatta-and-cumberland/parramatta/granville,suburb page,yes,yes,Electrician Granville 2142 | Emergency & Level 2,48,"Need electrical help in Granville 2142? Evaready Electrical helps with fault finding, switchboards, lighting, power, data cabling, CCTV, hot water.",147,yes,yes,2919,yes,yes,yes,yes,yes,,,,,
/service-areas/parramatta-and-cumberland/parramatta/harris-park,suburb page,yes,yes,Electrician Harris Park 2150 | Emergency & Level 2,50,"Evaready helps Harris Park with urgent faults, Level 2 ASP work, switchboards, hot water electrical, aircon, CCTV/data and planned electrical work.",147,yes,yes,2937,yes,yes,yes,yes,yes,,,,,
/service-areas/parramatta-and-cumberland/parramatta/mays-hill,suburb page,yes,yes,Electrician Mays Hill 2145 | Emergency & Level 2,48,"Need an electrician in Mays Hill? Evaready helps with emergency faults, Level 2 ASP work, switchboards, hot water, aircon, CCTV/data and general.",145,yes,yes,2899,yes,yes,yes,yes,yes,,,,,
/service-areas/parramatta-and-cumberland/parramatta/melrose-park,suburb page,yes,yes,Electrician Melrose Park 2114 | Emergency & Level 2,51,"Need electrical help in Melrose Park 2114? Emergency faults, Level 2 ASP, switchboards, hot water, aircon, CCTV/data and general electrical work.",145,yes,yes,2921,yes,yes,yes,yes,yes,,,,,
/service-areas/parramatta-and-cumberland/parramatta/newington,suburb page,yes,yes,Electrician Newington 2127 | Emergency & Level 2,48,"Evaready helps Newington with urgent faults, Level 2 ASP work, switchboards, hot water electrical, aircon, CCTV/data and planned electrical work.",145,yes,yes,2883,yes,yes,yes,yes,yes,,,,,
/service-areas/parramatta-and-cumberland/parramatta/north-parramatta,suburb page,yes,yes,Electrician North Parramatta 2151 | Emergency & Level 2,55,"Evaready helps North Parramatta with urgent faults, Level 2 ASP work, switchboards, hot water electrical, aircon, CCTV/data and planned electrical work.",152,yes,yes,3014,yes,yes,yes,yes,yes,,,,,
/service-areas/parramatta-and-cumberland/parramatta/north-rocks,suburb page,yes,yes,Electrician North Rocks 2151 | Emergency & Level 2,50,"Evaready helps North Rocks with urgent faults, Level 2 ASP work, switchboards, hot water electrical, aircon, CCTV/data and planned electrical work.",147,yes,yes,2984,yes,yes,yes,yes,yes,,,,,
/service-areas/parramatta-and-cumberland/parramatta/northmead,suburb page,yes,yes,Electrician Northmead 2152 | Emergency & Level 2,48,"Evaready helps Northmead with urgent faults, Level 2 ASP work, switchboards, hot water electrical, aircon, CCTV/data and planned electrical work.",145,yes,yes,2875,yes,yes,yes,yes,yes,,,,,
/service-areas/parramatta-and-cumberland/parramatta/oatlands,suburb page,yes,yes,Electrician Oatlands 2117 | Emergency & Level 2,47,"Need an electrician in Oatlands? Evaready helps with emergency faults, Level 2 ASP work, switchboards, hot water, aircon, CCTV/data and general.",144,yes,yes,2907,yes,yes,yes,yes,yes,,,,,
/service-areas/parramatta-and-cumberland/parramatta/old-toongabbie,suburb page,yes,yes,Electrician Old Toongabbie 2146 | Emergency & Level 2,53,"Evaready helps Old Toongabbie with urgent faults, Level 2 ASP work, switchboards, hot water electrical, aircon, CCTV/data and planned electrical work.",150,yes,yes,2930,yes,yes,yes,yes,yes,,,,,
/service-areas/parramatta-and-cumberland/parramatta/parramatta,suburb page,yes,yes,Electrician Parramatta 2150 | Emergency & Level 2,49,"Need electrical help in Parramatta 2150? Evaready Electrical helps with emergency fault finding, commercial electrical maintenance, switchboards.",145,yes,yes,2830,yes,yes,yes,yes,yes,,,,,
/service-areas/parramatta-and-cumberland/parramatta/rosehill,suburb page,yes,yes,Electrician Rosehill 2142 | Emergency & Level 2,47,"Evaready helps Rosehill with urgent faults, Level 2 ASP work, switchboards, hot water electrical, aircon, CCTV/data and planned electrical work.",144,yes,yes,2836,yes,yes,yes,yes,yes,,,,,
/service-areas/parramatta-and-cumberland/parramatta/rydalmere,suburb page,yes,yes,Electrician Rydalmere 2116 | Emergency & Level 2,48,"Evaready helps Rydalmere with urgent faults, Level 2 ASP work, switchboards, hot water electrical, aircon, CCTV/data and planned electrical work.",145,yes,yes,2832,yes,yes,yes,yes,yes,,,,,
/service-areas/parramatta-and-cumberland/parramatta/silverwater,suburb page,yes,yes,Electrician Silverwater 2128 | Emergency & Level 2,50,"Evaready helps Silverwater with urgent faults, Level 2 ASP work, switchboards, hot water electrical, aircon, CCTV/data and planned electrical work.",147,yes,yes,2794,yes,yes,yes,yes,yes,,,,,
/service-areas/parramatta-and-cumberland/parramatta/sydney-olympic-park,suburb page,yes,yes,Electrician Sydney Olympic Park 2127 | Emergency & Level 2,58,"Evaready helps Sydney Olympic Park with urgent faults, Level 2 ASP work, switchboards, hot water electrical, aircon, CCTV/data and planned electrical work.",155,yes,yes,3032,yes,yes,yes,yes,yes,,,,,
/service-areas/parramatta-and-cumberland/parramatta/telopea,suburb page,yes,yes,Electrician Telopea 2117 | Emergency & Level 2,46,"Need electrical help in Telopea 2117? Emergency faults, Level 2 ASP, switchboards, hot water, aircon, CCTV/data and general electrical work across.",147,yes,yes,2821,yes,yes,yes,yes,yes,,,,,
/service-areas/parramatta-and-cumberland/parramatta/wentworth-point,suburb page,yes,yes,Electrician Wentworth Point 2127 | Emergency & Level 2,54,"Need an electrician in Wentworth Point? Evaready helps with emergency faults, Level 2 ASP work, switchboards, hot water, aircon, CCTV/data and general.",151,yes,yes,2958,yes,yes,yes,yes,yes,,,,,
/service-areas/western-sydney-and-nepean/blacktown/acacia-gardens,suburb page,yes,yes,Electrician Acacia Gardens 2763 | Emergency & Level 2,53,"Need electrical help in Acacia Gardens 2763? Emergency faults, Level 2 ASP, switchboards, hot water, aircon, CCTV/data and general electrical work.",147,yes,yes,2977,yes,yes,yes,yes,yes,,,,,
/service-areas/western-sydney-and-nepean/blacktown/arndell-park,suburb page,yes,yes,Electrician Arndell Park 2148 | Emergency & Level 2,51,"Need an electrician in Arndell Park? Evaready helps with emergency faults, Level 2 ASP work, switchboards, hot water, aircon, CCTV/data and general.",148,yes,yes,2858,yes,yes,yes,yes,yes,,,,,
/service-areas/western-sydney-and-nepean/blacktown/bidwill,suburb page,yes,yes,Electrician Bidwill 2770 | Emergency & Level 2,46,"Need electrical help in Bidwill 2770? Emergency faults, Level 2 ASP, switchboards, hot water, aircon, CCTV/data and general electrical work across.",147,yes,yes,2833,yes,yes,yes,yes,yes,,,,,
/service-areas/western-sydney-and-nepean/blacktown/blackett,suburb page,yes,yes,Electrician Blackett 2770 | Emergency & Level 2,47,"Need an electrician in Blackett? Evaready helps with emergency faults, Level 2 ASP work, switchboards, hot water, aircon, CCTV/data and general.",144,yes,yes,2830,yes,yes,yes,yes,yes,,,,,
/service-areas/western-sydney-and-nepean/blacktown/blacktown,suburb page,yes,yes,Electrician Blacktown 2148 | Emergency & Level 2,48,"Evaready Electrical helps with emergency faults, switchboards, lighting, power, data, CCTV and Level 2 enquiries.",113,yes,yes,2879,yes,yes,yes,yes,yes,,,,,
/service-areas/western-sydney-and-nepean/blacktown/bungarribee,suburb page,yes,yes,Electrician Bungarribee 2767 | Emergency & Level 2,50,"Evaready helps Bungarribee with urgent faults, Level 2 ASP work, switchboards, hot water electrical, aircon, CCTV/data and planned electrical work.",147,yes,yes,2887,yes,yes,yes,yes,yes,,,,,
/service-areas/western-sydney-and-nepean/blacktown/colebee,suburb page,yes,yes,Electrician Colebee 2761 | Emergency & Level 2,46,"Need electrical help in Colebee 2761? Emergency faults, Level 2 ASP, switchboards, hot water, aircon, CCTV/data and general electrical work across.",147,yes,yes,2852,yes,yes,yes,yes,yes,,,,,
/service-areas/western-sydney-and-nepean/blacktown/dean-park,suburb page,yes,yes,Electrician Dean Park 2761 | Emergency & Level 2,48,"Evaready helps Dean Park with urgent faults, Level 2 ASP work, switchboards, hot water electrical, aircon, CCTV/data and planned electrical work.",145,yes,yes,2930,yes,yes,yes,yes,yes,,,,,
/service-areas/western-sydney-and-nepean/blacktown/dharruk,suburb page,yes,yes,Electrician Dharruk 2770 | Emergency & Level 2,46,"Need an electrician in Dharruk? Evaready helps with emergency faults, Level 2 ASP work, switchboards, hot water, aircon, CCTV/data and general.",143,yes,yes,2856,yes,yes,yes,yes,yes,,,,,
/service-areas/western-sydney-and-nepean/blacktown/doonside,suburb page,yes,yes,Electrician Doonside 2767 | Emergency & Level 2,47,"Need an electrician in Doonside? Evaready helps with emergency faults, Level 2 ASP work, switchboards, hot water, aircon, CCTV/data and general.",144,yes,yes,2816,yes,yes,yes,yes,yes,,,,,
/service-areas/western-sydney-and-nepean/blacktown/eastern-creek,suburb page,yes,yes,Electrician Eastern Creek 2766 | Emergency & Level 2,52,"Need an electrician in Eastern Creek? Evaready helps with emergency faults, Level 2 ASP work, switchboards, hot water, aircon, CCTV/data and general.",149,yes,yes,2915,yes,yes,yes,yes,yes,,,,,
/service-areas/western-sydney-and-nepean/blacktown/emerton,suburb page,yes,yes,Electrician Emerton 2770 | Emergency & Level 2,46,"Need electrical help in Emerton 2770? Emergency faults, Level 2 ASP, switchboards, hot water, aircon, CCTV/data and general electrical work across.",147,yes,yes,2834,yes,yes,yes,yes,yes,,,,,
/service-areas/western-sydney-and-nepean/blacktown/glendenning,suburb page,yes,yes,Electrician Glendenning 2761 | Emergency & Level 2,50,"Need electrical help in Glendenning 2761? Emergency faults, Level 2 ASP, switchboards, hot water, aircon, CCTV/data and general electrical work across.",151,yes,yes,2889,yes,yes,yes,yes,yes,,,,,
/service-areas/western-sydney-and-nepean/blacktown/glenwood,suburb page,yes,yes,Electrician Glenwood 2768 | Emergency & Level 2,47,"Evaready helps Glenwood with urgent faults, Level 2 ASP work, switchboards, hot water electrical, aircon, CCTV/data and planned electrical work.",144,yes,yes,2863,yes,yes,yes,yes,yes,,,,,
/service-areas/western-sydney-and-nepean/blacktown/hassall-grove,suburb page,yes,yes,Electrician Hassall Grove 2761 | Emergency & Level 2,52,"Evaready helps Hassall Grove with urgent faults, Level 2 ASP work, switchboards, hot water electrical, aircon, CCTV/data and planned electrical work.",149,yes,yes,2925,yes,yes,yes,yes,yes,,,,,
/service-areas/western-sydney-and-nepean/blacktown/hebersham,suburb page,yes,yes,Electrician Hebersham 2770 | Emergency & Level 2,48,"Need electrical help in Hebersham 2770? Emergency faults, Level 2 ASP, switchboards, hot water, aircon, CCTV/data and general electrical work across.",149,yes,yes,2817,yes,yes,yes,yes,yes,,,,,
/service-areas/western-sydney-and-nepean/blacktown/kellyville-ridge,suburb page,yes,yes,Electrician Kellyville Ridge 2155 | Emergency & Level 2,55,"Need electrical help in Kellyville Ridge 2155? Emergency faults, Level 2 ASP, switchboards, hot water, aircon, CCTV/data and general electrical work.",149,yes,yes,2947,yes,yes,yes,yes,yes,,,,,
/service-areas/western-sydney-and-nepean/blacktown/kings-langley,suburb page,yes,yes,Electrician Kings Langley 2147 | Emergency & Level 2,52,"Need electrical help in Kings Langley 2147? Emergency faults, Level 2 ASP, switchboards, hot water, aircon, CCTV/data and general electrical work.",146,yes,yes,2896,yes,yes,yes,yes,yes,,,,,
/service-areas/western-sydney-and-nepean/blacktown/kings-park,suburb page,yes,yes,Electrician Kings Park 2148 | Emergency & Level 2,49,"Need electrical help in Kings Park 2148? Emergency faults, Level 2 ASP, switchboards, hot water, aircon, CCTV/data and general electrical work across.",150,yes,yes,2901,yes,yes,yes,yes,yes,,,,,
/service-areas/western-sydney-and-nepean/blacktown/lalor-park,suburb page,yes,yes,Electrician Lalor Park 2147 | Emergency & Level 2,49,"Need electrical help in Lalor Park 2147? Emergency faults, Level 2 ASP, switchboards, hot water, aircon, CCTV/data and general electrical work across.",150,yes,yes,2889,yes,yes,yes,yes,yes,,,,,
/service-areas/western-sydney-and-nepean/blacktown/lethbridge-park,suburb page,yes,yes,Electrician Lethbridge Park 2770 | Emergency & Level 2,54,"Evaready helps Lethbridge Park with urgent faults, Level 2 ASP work, switchboards, hot water electrical, aircon, CCTV/data and planned electrical work.",151,yes,yes,2935,yes,yes,yes,yes,yes,,,,,
/service-areas/western-sydney-and-nepean/blacktown/marayong,suburb page,yes,yes,Electrician Marayong 2148 | Emergency & Level 2,47,"Need electrical help in Marayong 2148? Emergency faults, Level 2 ASP, switchboards, hot water, aircon, CCTV/data and general electrical work across.",148,yes,yes,2802,yes,yes,yes,yes,yes,,,,,
/service-areas/western-sydney-and-nepean/blacktown/marsden-park,suburb page,yes,yes,Electrician Marsden Park 2765 | Emergency & Level 2,51,"Evaready helps Marsden Park with urgent faults, Level 2 ASP work, switchboards, hot water electrical, aircon, CCTV/data and planned electrical work.",148,yes,yes,2956,yes,yes,yes,yes,yes,,,,,
/service-areas/western-sydney-and-nepean/blacktown/minchinbury,suburb page,yes,yes,Electrician Minchinbury 2770 | Emergency & Level 2,50,"Need electrical help in Minchinbury 2770? Emergency faults, Level 2 ASP, switchboards, hot water, aircon, CCTV/data and general electrical work across.",151,yes,yes,2876,yes,yes,yes,yes,yes,,,,,
/service-areas/western-sydney-and-nepean/blacktown/mount-druitt,suburb page,yes,yes,Electrician Mount Druitt 2770 | Emergency & Level 2,51,"Evaready helps Mount Druitt with urgent faults, Level 2 ASP work, switchboards, hot water electrical, aircon, CCTV/data and planned electrical work.",148,yes,yes,2963,yes,yes,yes,yes,yes,,,,,
/service-areas/western-sydney-and-nepean/blacktown/oakhurst,suburb page,yes,yes,Electrician Oakhurst 2761 | Emergency & Level 2,47,"Need an electrician in Oakhurst? Evaready helps with emergency faults, Level 2 ASP work, switchboards, hot water, aircon, CCTV/data and general.",144,yes,yes,2856,yes,yes,yes,yes,yes,,,,,
/service-areas/western-sydney-and-nepean/blacktown/parklea,suburb page,yes,yes,Electrician Parklea 2768 | Emergency & Level 2,46,"Need an electrician in Parklea? Evaready helps with emergency faults, Level 2 ASP work, switchboards, hot water, aircon, CCTV/data and general.",143,yes,yes,2846,yes,yes,yes,yes,yes,,,,,
/service-areas/western-sydney-and-nepean/blacktown/plumpton,suburb page,yes,yes,Electrician Plumpton 2761 | Emergency & Level 2,47,"Need electrical help in Plumpton 2761? Emergency faults, Level 2 ASP, switchboards, hot water, aircon, CCTV/data and general electrical work across.",148,yes,yes,2810,yes,yes,yes,yes,yes,,,,,
/service-areas/western-sydney-and-nepean/blacktown/prospect,suburb page,yes,yes,Electrician Prospect 2148 | Emergency & Level 2,47,"Need electrical help in Prospect 2148? Emergency faults, Level 2 ASP, switchboards, hot water, aircon, CCTV/data and general electrical work across.",148,yes,yes,2869,yes,yes,yes,yes,yes,,,,,
/service-areas/western-sydney-and-nepean/blacktown/quakers-hill,suburb page,yes,yes,Electrician Quakers Hill 2763 | Emergency & Level 2,51,"Need an electrician in Quakers Hill? Evaready helps with emergency faults, Level 2 ASP work, switchboards, hot water, aircon, CCTV/data and general.",148,yes,yes,3017,yes,yes,yes,yes,yes,,,,,
/service-areas/western-sydney-and-nepean/blacktown/riverstone,suburb page,yes,yes,Electrician Riverstone 2765 | Emergency & Level 2,49,"Evaready helps Riverstone with urgent faults, Level 2 ASP work, switchboards, hot water electrical, aircon, CCTV/data and planned electrical work.",146,yes,yes,2911,yes,yes,yes,yes,yes,,,,,
/service-areas/western-sydney-and-nepean/blacktown/rooty-hill,suburb page,yes,yes,Electrician Rooty Hill 2766 | Emergency & Level 2,49,"Need an electrician in Rooty Hill? Evaready helps with emergency faults, Level 2 ASP work, switchboards, hot water, aircon, CCTV/data and general.",146,yes,yes,2983,yes,yes,yes,yes,yes,,,,,
/service-areas/western-sydney-and-nepean/blacktown/ropes-crossing,suburb page,yes,yes,Electrician Ropes Crossing 2760 | Emergency & Level 2,53,"Evaready helps Ropes Crossing with urgent faults, Level 2 ASP work, switchboards, hot water electrical, aircon, CCTV/data and planned electrical work.",150,yes,yes,2937,yes,yes,yes,yes,yes,,,,,
/service-areas/western-sydney-and-nepean/blacktown/schofields,suburb page,yes,yes,Electrician Schofields 2762 | Emergency & Level 2,49,"Need electrical help in Schofields 2762? Emergency faults, Level 2 ASP, switchboards, hot water, aircon, CCTV/data and general electrical work across.",150,yes,yes,2848,yes,yes,yes,yes,yes,,,,,
/service-areas/western-sydney-and-nepean/blacktown/seven-hills,suburb page,yes,yes,Electrician Seven Hills 2147 | Emergency & Level 2,50,"Need electrical help in Seven Hills 2147? Emergency faults, Level 2 ASP, switchboards, hot water, aircon, CCTV/data and general electrical work across.",151,yes,yes,2976,yes,yes,yes,yes,yes,,,,,
/service-areas/western-sydney-and-nepean/blacktown/shalvey,suburb page,yes,yes,Electrician Shalvey 2770 | Emergency & Level 2,46,"Need electrical help in Shalvey 2770? Emergency faults, Level 2 ASP, switchboards, hot water, aircon, CCTV/data and general electrical work across.",147,yes,yes,2828,yes,yes,yes,yes,yes,,,,,
/service-areas/western-sydney-and-nepean/blacktown/shanes-park,suburb page,yes,yes,Electrician Shanes Park 2747 | Emergency & Level 2,50,"Need electrical help in Shanes Park 2747? Emergency faults, Level 2 ASP, switchboards, hot water, aircon, CCTV/data and general electrical work across.",151,yes,yes,3007,yes,yes,yes,yes,yes,,,,,
/service-areas/western-sydney-and-nepean/blacktown/stanhope-gardens,suburb page,yes,yes,Electrician Stanhope Gardens 2768 | Emergency & Level 2,55,"Evaready helps Stanhope Gardens with urgent faults, Level 2 ASP work, switchboards, hot water electrical, aircon, CCTV/data and planned electrical work.",152,yes,yes,2956,yes,yes,yes,yes,yes,,,,,
/service-areas/western-sydney-and-nepean/blacktown/the-ponds,suburb page,yes,yes,Electrician The Ponds 2769 | Emergency & Level 2,48,"Need an electrician in The Ponds? Evaready helps with emergency faults, Level 2 ASP work, switchboards, hot water, aircon, CCTV/data and general.",145,yes,yes,2939,yes,yes,yes,yes,yes,,,,,
/service-areas/western-sydney-and-nepean/blacktown/toongabbie,suburb page,yes,yes,Electrician Toongabbie 2146 | Emergency & Level 2,49,"Need an electrician in Toongabbie? Evaready helps with emergency faults, Level 2 ASP work, switchboards, hot water, aircon, CCTV/data and general.",146,yes,yes,2868,yes,yes,yes,yes,yes,,,,,
/service-areas/western-sydney-and-nepean/blacktown/tregear,suburb page,yes,yes,Electrician Tregear 2770 | Emergency & Level 2,46,"Evaready helps Tregear with urgent faults, Level 2 ASP work, switchboards, hot water electrical, aircon, CCTV/data and planned electrical work.",143,yes,yes,2811,yes,yes,yes,yes,yes,,,,,
/service-areas/western-sydney-and-nepean/blacktown/whalan,suburb page,yes,yes,Electrician Whalan 2770 | Emergency & Level 2,45,"Need an electrician in Whalan? Evaready helps with emergency faults, Level 2 ASP work, switchboards, hot water, aircon, CCTV/data and general.",142,yes,yes,2817,yes,yes,yes,yes,yes,,,,,
/service-areas/western-sydney-and-nepean/blacktown/willmot,suburb page,yes,yes,Electrician Willmot 2770 | Emergency & Level 2,46,"Evaready helps Willmot with urgent faults, Level 2 ASP work, switchboards, hot water electrical, aircon, CCTV/data and planned electrical work.",143,yes,yes,2831,yes,yes,yes,yes,yes,,,,,
/service-areas/western-sydney-and-nepean/blacktown/woodcroft,suburb page,yes,yes,Electrician Woodcroft 2767 | Emergency & Level 2,48,"Evaready helps Woodcroft with urgent faults, Level 2 ASP work, switchboards, hot water electrical, aircon, CCTV/data and planned electrical work.",145,yes,yes,2813,yes,yes,yes,yes,yes,,,,,
/service-areas/western-sydney-and-nepean/penrith/berkshire-park,suburb page,yes,yes,Electrician Berkshire Park 2765 | Emergency & Level 2,53,"Need electrical help in Berkshire Park 2765? Emergency faults, Level 2 ASP, switchboards, hot water, aircon, CCTV/data and general electrical work.",147,yes,yes,2910,yes,yes,yes,yes,yes,,,,,
/service-areas/western-sydney-and-nepean/penrith/caddens,suburb page,yes,yes,Electrician Caddens 2747 | Emergency & Level 2,46,"Need electrical help in Caddens 2747? Emergency faults, Level 2 ASP, switchboards, hot water, aircon, CCTV/data and general electrical work across Penrith.",155,yes,yes,2813,yes,yes,yes,yes,yes,,,,,
/service-areas/western-sydney-and-nepean/penrith/cambridge-gardens,suburb page,yes,yes,Electrician Cambridge Gardens 2747 | Emergency & Level 2,56,"Need an electrician in Cambridge Gardens? Evaready helps with emergency faults, Level 2 ASP work, switchboards, hot water, aircon, CCTV/data.",141,yes,yes,2930,yes,yes,yes,yes,yes,,,,,
/service-areas/western-sydney-and-nepean/penrith/cambridge-park,suburb page,yes,yes,Electrician Cambridge Park 2747 | Emergency & Level 2,53,"Need an electrician in Cambridge Park? Evaready helps with emergency faults, Level 2 ASP work, switchboards, hot water, aircon, CCTV/data and general.",150,yes,yes,2928,yes,yes,yes,yes,yes,,,,,
/service-areas/western-sydney-and-nepean/penrith/castlereagh,suburb page,yes,yes,Electrician Castlereagh 2749 | Emergency & Level 2,50,"Need an electrician in Castlereagh? Evaready helps with emergency faults, Level 2 ASP work, switchboards, hot water, aircon, CCTV/data and general.",147,yes,yes,2807,yes,yes,yes,yes,yes,,,,,
/service-areas/western-sydney-and-nepean/penrith/claremont-meadows,suburb page,yes,yes,Electrician Claremont Meadows 2747 | Emergency & Level 2,56,"Need an electrician in Claremont Meadows? Evaready helps with emergency faults, Level 2 ASP work, switchboards, hot water, aircon, CCTV/data.",141,yes,yes,2886,yes,yes,yes,yes,yes,,,,,
/service-areas/western-sydney-and-nepean/penrith/colyton,suburb page,yes,yes,Electrician Colyton 2760 | Emergency & Level 2,46,"Need an electrician in Colyton? Evaready helps with emergency faults, Level 2 ASP work, switchboards, hot water, aircon, CCTV/data and general.",143,yes,yes,2801,yes,yes,yes,yes,yes,,,,,
/service-areas/western-sydney-and-nepean/penrith/cranebrook,suburb page,yes,yes,Electrician Cranebrook 2749 | Emergency & Level 2,49,"Need electrical help in Cranebrook 2749? Emergency faults, Level 2 ASP, switchboards, hot water, aircon, CCTV/data and general electrical work across.",150,yes,yes,2817,yes,yes,yes,yes,yes,,,,,
/service-areas/western-sydney-and-nepean/penrith/emu-heights,suburb page,yes,yes,Electrician Emu Heights 2750 | Emergency & Level 2,50,"Evaready helps Emu Heights with urgent faults, Level 2 ASP work, switchboards, hot water electrical, aircon, CCTV/data and planned electrical work.",147,yes,yes,2889,yes,yes,yes,yes,yes,,,,,
/service-areas/western-sydney-and-nepean/penrith/emu-plains,suburb page,yes,yes,Electrician Emu Plains 2750 | Emergency & Level 2,49,"Need an electrician in Emu Plains? Evaready helps with emergency faults, Level 2 ASP work, switchboards, hot water, aircon, CCTV/data and general.",146,yes,yes,2928,yes,yes,yes,yes,yes,,,,,
/service-areas/western-sydney-and-nepean/penrith/erskine-park,suburb page,yes,yes,Electrician Erskine Park 2759 | Emergency & Level 2,51,"Need electrical help in Erskine Park 2759? Emergency faults, Level 2 ASP, switchboards, hot water, aircon, CCTV/data and general electrical work.",145,yes,yes,2918,yes,yes,yes,yes,yes,,,,,
/service-areas/western-sydney-and-nepean/penrith/glenmore-park,suburb page,yes,yes,Electrician Glenmore Park 2745 | Emergency & Level 2,52,"Evaready helps Glenmore Park with urgent faults, Level 2 ASP work, switchboards, hot water electrical, aircon, CCTV/data and planned electrical work.",149,yes,yes,2973,yes,yes,yes,yes,yes,,,,,
/service-areas/western-sydney-and-nepean/penrith/jamisontown,suburb page,yes,yes,Electrician Jamisontown 2750 | Emergency & Level 2,50,"Evaready helps Jamisontown with urgent faults, Level 2 ASP work, switchboards, hot water electrical, aircon, CCTV/data and planned electrical work.",147,yes,yes,2813,yes,yes,yes,yes,yes,,,,,
/service-areas/western-sydney-and-nepean/penrith/jordan-springs,suburb page,yes,yes,Electrician Jordan Springs 2747 | Emergency & Level 2,53,"Evaready helps Jordan Springs with urgent faults, Level 2 ASP work, switchboards, hot water electrical, aircon, CCTV/data and planned electrical work.",150,yes,yes,2929,yes,yes,yes,yes,yes,,,,,
/service-areas/western-sydney-and-nepean/penrith/kingswood,suburb page,yes,yes,Electrician Kingswood 2747 | Emergency & Level 2,48,"Need electrical help in Kingswood 2747? Emergency faults, Level 2 ASP, switchboards, hot water, aircon, CCTV/data and general electrical work across.",149,yes,yes,2856,yes,yes,yes,yes,yes,,,,,
/service-areas/western-sydney-and-nepean/penrith/leonay,suburb page,yes,yes,Electrician Leonay 2750 | Emergency & Level 2,45,"Need an electrician in Leonay? Evaready helps with emergency faults, Level 2 ASP work, switchboards, hot water, aircon, CCTV/data and general.",142,yes,yes,2818,yes,yes,yes,yes,yes,,,,,
/service-areas/western-sydney-and-nepean/penrith/llandilo,suburb page,yes,yes,Electrician Llandilo 2747 | Emergency & Level 2,47,"Need electrical help in Llandilo 2747? Emergency faults, Level 2 ASP, switchboards, hot water, aircon, CCTV/data and general electrical work across.",148,yes,yes,2857,yes,yes,yes,yes,yes,,,,,
/service-areas/western-sydney-and-nepean/penrith/londonderry,suburb page,yes,yes,Electrician Londonderry 2753 | Emergency & Level 2,50,"Need an electrician in Londonderry? Evaready helps with emergency faults, Level 2 ASP work, switchboards, hot water, aircon, CCTV/data and general.",147,yes,yes,2889,yes,yes,yes,yes,yes,,,,,
/service-areas/western-sydney-and-nepean/penrith/mount-vernon,suburb page,yes,yes,Electrician Mount Vernon 2178 | Emergency & Level 2,51,"Need electrical help in Mount Vernon 2178? Emergency faults, Level 2 ASP, switchboards, hot water, aircon, CCTV/data and general electrical work.",145,yes,yes,2957,yes,yes,yes,yes,yes,,,,,
/service-areas/western-sydney-and-nepean/penrith/mulgoa,suburb page,yes,yes,Electrician Mulgoa 2745 | Emergency & Level 2,45,"Need an electrician in Mulgoa? Evaready helps with emergency faults, Level 2 ASP work, switchboards, hot water, aircon, CCTV/data and general.",142,yes,yes,2894,yes,yes,yes,yes,yes,,,,,
/service-areas/western-sydney-and-nepean/penrith/north-st-marys,suburb page,yes,yes,Electrician North St Marys 2760 | Emergency & Level 2,53,"Need an electrician in North St Marys? Evaready helps with emergency faults, Level 2 ASP work, switchboards, hot water, aircon, CCTV/data and general.",150,yes,yes,3028,yes,yes,yes,yes,yes,,,,,
/service-areas/western-sydney-and-nepean/penrith/orchard-hills,suburb page,yes,yes,Electrician Orchard Hills 2748 | Emergency & Level 2,52,"Evaready helps Orchard Hills with urgent faults, Level 2 ASP work, switchboards, hot water electrical, aircon, CCTV/data and planned electrical work.",149,yes,yes,2998,yes,yes,yes,yes,yes,,,,,
/service-areas/western-sydney-and-nepean/penrith/oxley-park,suburb page,yes,yes,Electrician Oxley Park 2760 | Emergency & Level 2,49,"Need an electrician in Oxley Park? Evaready helps with emergency faults, Level 2 ASP work, switchboards, hot water, aircon, CCTV/data and general.",146,yes,yes,2875,yes,yes,yes,yes,yes,,,,,
/service-areas/western-sydney-and-nepean/penrith/penrith,suburb page,yes,yes,Electrician Penrith 2750 | Emergency & Level 2,46,"Need an electrician in Penrith? Evaready Electrical helps with faults, switchboards, lighting, power, data, CCTV and Level 2 enquiries.",135,yes,yes,2862,yes,yes,yes,yes,yes,,,,,
/service-areas/western-sydney-and-nepean/penrith/regentville,suburb page,yes,yes,Electrician Regentville 2745 | Emergency & Level 2,50,"Need electrical help in Regentville 2745? Emergency faults, Level 2 ASP, switchboards, hot water, aircon, CCTV/data and general electrical work across.",151,yes,yes,2833,yes,yes,yes,yes,yes,,,,,
/service-areas/western-sydney-and-nepean/penrith/south-penrith,suburb page,yes,yes,Electrician South Penrith 2750 | Emergency & Level 2,52,"Need an electrician in South Penrith? Evaready helps with emergency faults, Level 2 ASP work, switchboards, hot water, aircon, CCTV/data and general.",149,yes,yes,2896,yes,yes,yes,yes,yes,,,,,
/service-areas/western-sydney-and-nepean/penrith/st-clair,suburb page,yes,yes,Electrician St Clair 2759 | Emergency & Level 2,47,"Need electrical help in St Clair 2759? Emergency faults, Level 2 ASP, switchboards, hot water, aircon, CCTV/data and general electrical work across.",148,yes,yes,2928,yes,yes,yes,yes,yes,,,,,
/service-areas/western-sydney-and-nepean/penrith/st-marys,suburb page,yes,yes,Electrician St Marys 2760 | Emergency & Level 2,47,"Need electrical help in St Marys 2760? Emergency faults, Level 2 ASP, switchboards, hot water, aircon, CCTV/data and general electrical work across.",148,yes,yes,3003,yes,yes,yes,yes,yes,,,,,
/service-areas/western-sydney-and-nepean/penrith/werrington,suburb page,yes,yes,Electrician Werrington 2747 | Emergency & Level 2,49,"Need electrical help in Werrington 2747? Emergency faults, Level 2 ASP, switchboards, hot water, aircon, CCTV/data and general electrical work across.",150,yes,yes,2829,yes,yes,yes,yes,yes,,,,,
/service-areas/western-sydney-and-nepean/penrith/werrington-county,suburb page,yes,yes,Electrician Werrington County 2747 | Emergency & Level 2,56,"Evaready helps Werrington County with urgent faults, Level 2 ASP work, switchboards, hot water electrical, aircon, CCTV/data and planned electrical work.",153,yes,yes,2900,yes,yes,yes,yes,yes,,,,,
/service-areas/western-sydney-and-nepean/penrith/werrington-downs,suburb page,yes,yes,Electrician Werrington Downs 2747 | Emergency & Level 2,55,"Need an electrician in Werrington Downs? Evaready helps with emergency faults, Level 2 ASP work, switchboards, hot water, aircon, CCTV/data.",140,yes,yes,2915,yes,yes,yes,yes,yes,,,,,
/service-areas/hills-hawkesbury-and-hornsby/hawkesbury/agnes-banks,suburb page,yes,yes,Electrician Agnes Banks 2753 | Emergency & Level 2,50,"Evaready helps Agnes Banks with urgent faults, Level 2 ASP work, switchboards, hot water electrical, aircon, CCTV/data and planned electrical work.",147,yes,yes,2897,yes,yes,yes,yes,yes,,,,,
/service-areas/hills-hawkesbury-and-hornsby/hawkesbury/bilpin,suburb page,yes,yes,Electrician Bilpin 2758 | Emergency & Level 2,45,"Evaready helps Bilpin with urgent faults, Level 2 ASP work, switchboards, hot water electrical, aircon, CCTV/data and planned electrical work.",142,yes,yes,2796,yes,yes,yes,yes,yes,,,,,
/service-areas/hills-hawkesbury-and-hornsby/hawkesbury/blaxlands-ridge,suburb page,yes,yes,Electrician Blaxlands Ridge 2758 | Emergency & Level 2,54,"Need electrical help in Blaxlands Ridge 2758? Emergency faults, Level 2 ASP, switchboards, hot water, aircon, CCTV/data and general electrical work.",148,yes,yes,2927,yes,yes,yes,yes,yes,,,,,
/service-areas/hills-hawkesbury-and-hornsby/hawkesbury/bligh-park,suburb page,yes,yes,Electrician Bligh Park 2756 | Emergency & Level 2,49,"Need electrical help in Bligh Park 2756? Emergency faults, Level 2 ASP, switchboards, hot water, aircon, CCTV/data and general electrical work across.",150,yes,yes,2871,yes,yes,yes,yes,yes,,,,,
/service-areas/hills-hawkesbury-and-hornsby/hawkesbury/bowen-mountain,suburb page,yes,yes,Electrician Bowen Mountain 2753 | Emergency & Level 2,53,"Need electrical help in Bowen Mountain 2753? Emergency faults, Level 2 ASP, switchboards, hot water, aircon, CCTV/data and general electrical work.",147,yes,yes,2885,yes,yes,yes,yes,yes,,,,,
/service-areas/hills-hawkesbury-and-hornsby/hawkesbury/clarendon,suburb page,yes,yes,Electrician Clarendon 2756 | Emergency & Level 2,48,"Need electrical help in Clarendon 2756? Emergency faults, Level 2 ASP, switchboards, hot water, aircon, CCTV/data and general electrical work across.",149,yes,yes,2797,yes,yes,yes,yes,yes,,,,,
/service-areas/hills-hawkesbury-and-hornsby/hawkesbury/cornwallis,suburb page,yes,yes,Electrician Cornwallis 2756 | Emergency & Level 2,49,"Evaready helps Cornwallis with urgent faults, Level 2 ASP work, switchboards, hot water electrical, aircon, CCTV/data and planned electrical work.",146,yes,yes,2809,yes,yes,yes,yes,yes,,,,,
/service-areas/hills-hawkesbury-and-hornsby/hawkesbury/cumberland-reach,suburb page,yes,yes,Electrician Cumberland Reach 2756 | Emergency & Level 2,55,"Evaready helps Cumberland Reach with urgent faults, Level 2 ASP work, switchboards, hot water electrical, aircon, CCTV/data and planned electrical work.",152,yes,yes,2882,yes,yes,yes,yes,yes,,,,,
/service-areas/hills-hawkesbury-and-hornsby/hawkesbury/east-kurrajong,suburb page,yes,yes,Electrician East Kurrajong 2758 | Emergency & Level 2,53,"Evaready helps East Kurrajong with urgent faults, Level 2 ASP work, switchboards, hot water electrical, aircon, CCTV/data and planned electrical work.",150,yes,yes,2934,yes,yes,yes,yes,yes,,,,,
/service-areas/hills-hawkesbury-and-hornsby/hawkesbury/ebenezer,suburb page,yes,yes,Electrician Ebenezer 2756 | Emergency & Level 2,47,"Evaready helps Ebenezer with urgent faults, Level 2 ASP work, switchboards, hot water electrical, aircon, CCTV/data and planned electrical work.",144,yes,yes,2793,yes,yes,yes,yes,yes,,,,,
/service-areas/hills-hawkesbury-and-hornsby/hawkesbury/freemans-reach,suburb page,yes,yes,Electrician Freemans Reach 2756 | Emergency & Level 2,53,"Need electrical help in Freemans Reach 2756? Emergency faults, Level 2 ASP, switchboards, hot water, aircon, CCTV/data and general electrical work.",147,yes,yes,2882,yes,yes,yes,yes,yes,,,,,
/service-areas/hills-hawkesbury-and-hornsby/hawkesbury/glossodia,suburb page,yes,yes,Electrician Glossodia 2756 | Emergency & Level 2,48,"Evaready helps Glossodia with urgent faults, Level 2 ASP work, switchboards, hot water electrical, aircon, CCTV/data and planned electrical work.",145,yes,yes,2848,yes,yes,yes,yes,yes,,,,,
/service-areas/hills-hawkesbury-and-hornsby/hawkesbury/grose-vale,suburb page,yes,yes,Electrician Grose Vale 2753 | Emergency & Level 2,49,"Need an electrician in Grose Vale? Evaready helps with emergency faults, Level 2 ASP work, switchboards, hot water, aircon, CCTV/data and general.",146,yes,yes,2960,yes,yes,yes,yes,yes,,,,,
/service-areas/hills-hawkesbury-and-hornsby/hawkesbury/grose-wold,suburb page,yes,yes,Electrician Grose Wold 2753 | Emergency & Level 2,49,"Evaready helps Grose Wold with urgent faults, Level 2 ASP work, switchboards, hot water electrical, aircon, CCTV/data and planned electrical work.",146,yes,yes,2855,yes,yes,yes,yes,yes,,,,,
/service-areas/hills-hawkesbury-and-hornsby/hawkesbury/hobartville,suburb page,yes,yes,Electrician Hobartville 2753 | Emergency & Level 2,50,"Need an electrician in Hobartville? Evaready helps with emergency faults, Level 2 ASP work, switchboards, hot water, aircon, CCTV/data and general.",147,yes,yes,2814,yes,yes,yes,yes,yes,,,,,
/service-areas/hills-hawkesbury-and-hornsby/hawkesbury/kurmond,suburb page,yes,yes,Electrician Kurmond 2757 | Emergency & Level 2,46,"Evaready helps Kurmond with urgent faults, Level 2 ASP work, switchboards, hot water electrical, aircon, CCTV/data and planned electrical work.",143,yes,yes,2822,yes,yes,yes,yes,yes,,,,,
/service-areas/hills-hawkesbury-and-hornsby/hawkesbury/kurrajong,suburb page,yes,yes,Electrician Kurrajong 2758 | Emergency & Level 2,48,"Evaready helps Kurrajong with urgent faults, Level 2 ASP work, switchboards, hot water electrical, aircon, CCTV/data and planned electrical work.",145,yes,yes,2849,yes,yes,yes,yes,yes,,,,,
/service-areas/hills-hawkesbury-and-hornsby/hawkesbury/kurrajong-heights,suburb page,yes,yes,Electrician Kurrajong Heights 2758 | Emergency & Level 2,56,"Evaready helps Kurrajong Heights with urgent faults, Level 2 ASP work, switchboards, hot water electrical, aircon, CCTV/data and planned electrical work.",153,yes,yes,2894,yes,yes,yes,yes,yes,,,,,
/service-areas/hills-hawkesbury-and-hornsby/hawkesbury/kurrajong-hills,suburb page,yes,yes,Electrician Kurrajong Hills 2758 | Emergency & Level 2,54,"Evaready helps Kurrajong Hills with urgent faults, Level 2 ASP work, switchboards, hot water electrical, aircon, CCTV/data and planned electrical work.",151,yes,yes,2907,yes,yes,yes,yes,yes,,,,,
/service-areas/hills-hawkesbury-and-hornsby/hawkesbury/mcgraths-hill,suburb page,yes,yes,Electrician McGraths Hill 2756 | Emergency & Level 2,52,"Evaready helps McGraths Hill with urgent faults, Level 2 ASP work, switchboards, hot water electrical, aircon, CCTV/data and planned electrical work.",149,yes,yes,2902,yes,yes,yes,yes,yes,,,,,
/service-areas/hills-hawkesbury-and-hornsby/hawkesbury/mulgrave,suburb page,yes,yes,Electrician Mulgrave 2756 | Emergency & Level 2,47,"Need an electrician in Mulgrave? Evaready helps with emergency faults, Level 2 ASP work, switchboards, hot water, aircon, CCTV/data and general.",144,yes,yes,2779,yes,yes,yes,yes,yes,,,,,
/service-areas/hills-hawkesbury-and-hornsby/hawkesbury/north-richmond,suburb page,yes,yes,Electrician North Richmond 2754 | Emergency & Level 2,53,"Need electrical help in North Richmond 2754? Emergency faults, Level 2 ASP, switchboards, hot water, aircon, CCTV/data and general electrical work.",147,yes,yes,2933,yes,yes,yes,yes,yes,,,,,
/service-areas/hills-hawkesbury-and-hornsby/hawkesbury/oakville,suburb page,yes,yes,Electrician Oakville 2765 | Emergency & Level 2,47,"Need an electrician in Oakville? Evaready helps with emergency faults, Level 2 ASP work, switchboards, hot water, aircon, CCTV/data and general.",144,yes,yes,2804,yes,yes,yes,yes,yes,,,,,
/service-areas/hills-hawkesbury-and-hornsby/hawkesbury/pitt-town,suburb page,yes,yes,Electrician Pitt Town 2756 | Emergency & Level 2,48,"Evaready helps Pitt Town with urgent faults, Level 2 ASP work, switchboards, hot water electrical, aircon, CCTV/data and planned electrical work.",145,yes,yes,2911,yes,yes,yes,yes,yes,,,,,
/service-areas/hills-hawkesbury-and-hornsby/hawkesbury/pitt-town-bottoms,suburb page,yes,yes,Electrician Pitt Town Bottoms 2756 | Emergency & Level 2,56,"Evaready helps Pitt Town Bottoms with urgent faults, Level 2 ASP work, switchboards, hot water electrical, aircon, CCTV/data and planned electrical work.",153,yes,yes,2982,yes,yes,yes,yes,yes,,,,,
/service-areas/hills-hawkesbury-and-hornsby/hawkesbury/richmond,suburb page,yes,yes,Electrician Richmond 2753 | Emergency & Level 2,47,"Need an electrician in Richmond? Evaready helps with emergency faults, Level 2 ASP work, switchboards, hot water, aircon, CCTV/data and general.",144,yes,yes,2869,yes,yes,yes,yes,yes,,,,,
/service-areas/hills-hawkesbury-and-hornsby/hawkesbury/richmond-lowlands,suburb page,yes,yes,Electrician Richmond Lowlands 2753 | Emergency & Level 2,56,"Need electrical help in Richmond Lowlands 2753? Emergency faults, Level 2 ASP, switchboards, hot water, aircon, CCTV/data and general electrical work.",150,yes,yes,2902,yes,yes,yes,yes,yes,,,,,
/service-areas/hills-hawkesbury-and-hornsby/hawkesbury/sackville,suburb page,yes,yes,Electrician Sackville 2756 | Emergency & Level 2,48,"Need electrical help in Sackville 2756? Emergency faults, Level 2 ASP, switchboards, hot water, aircon, CCTV/data and general electrical work across.",149,yes,yes,2805,yes,yes,yes,yes,yes,,,,,
/service-areas/hills-hawkesbury-and-hornsby/hawkesbury/scheyville,suburb page,yes,yes,Electrician Scheyville 2756 | Emergency & Level 2,49,"Need electrical help in Scheyville 2756? Emergency faults, Level 2 ASP, switchboards, hot water, aircon, CCTV/data and general electrical work across.",150,yes,yes,2861,yes,yes,yes,yes,yes,,,,,
/service-areas/hills-hawkesbury-and-hornsby/hawkesbury/south-windsor,suburb page,yes,yes,Electrician South Windsor 2756 | Emergency & Level 2,52,"Need an electrician in South Windsor? Evaready helps with emergency faults, Level 2 ASP work, switchboards, hot water, aircon, CCTV/data and general.",149,yes,yes,2960,yes,yes,yes,yes,yes,,,,,
/service-areas/hills-hawkesbury-and-hornsby/hawkesbury/tennyson,suburb page,yes,yes,Electrician Tennyson 2754 | Emergency & Level 2,47,"Need an electrician in Tennyson? Evaready helps with emergency faults, Level 2 ASP work, switchboards, hot water, aircon, CCTV/data and general.",144,yes,yes,2819,yes,yes,yes,yes,yes,,,,,
/service-areas/hills-hawkesbury-and-hornsby/hawkesbury/the-slopes,suburb page,yes,yes,Electrician The Slopes 2754 | Emergency & Level 2,49,"Need an electrician in The Slopes? Evaready helps with emergency faults, Level 2 ASP work, switchboards, hot water, aircon, CCTV/data and general.",146,yes,yes,2972,yes,yes,yes,yes,yes,,,,,
/service-areas/hills-hawkesbury-and-hornsby/hawkesbury/vineyard,suburb page,yes,yes,Electrician Vineyard 2765 | Emergency & Level 2,47,"Need electrical help in Vineyard 2765? Emergency faults, Level 2 ASP, switchboards, hot water, aircon, CCTV/data and general electrical work across.",148,yes,yes,2835,yes,yes,yes,yes,yes,,,,,
/service-areas/hills-hawkesbury-and-hornsby/hawkesbury/wheeny-creek,suburb page,yes,yes,Electrician Wheeny Creek 2758 | Emergency & Level 2,51,"Need electrical help in Wheeny Creek 2758? Emergency faults, Level 2 ASP, switchboards, hot water, aircon, CCTV/data and general electrical work.",145,yes,yes,2916,yes,yes,yes,yes,yes,,,,,
/service-areas/hills-hawkesbury-and-hornsby/hawkesbury/wilberforce,suburb page,yes,yes,Electrician Wilberforce 2756 | Emergency & Level 2,50,"Evaready helps Wilberforce with urgent faults, Level 2 ASP work, switchboards, hot water electrical, aircon, CCTV/data and planned electrical work.",147,yes,yes,2851,yes,yes,yes,yes,yes,,,,,
/service-areas/hills-hawkesbury-and-hornsby/hawkesbury/windsor,suburb page,yes,yes,Electrician Windsor 2756 | Emergency & Level 2,46,"Evaready helps Windsor with urgent faults, Level 2 ASP work, switchboards, hot water electrical, aircon, CCTV/data and planned electrical work.",143,yes,yes,2865,yes,yes,yes,yes,yes,,,,,
/service-areas/hills-hawkesbury-and-hornsby/hawkesbury/windsor-downs,suburb page,yes,yes,Electrician Windsor Downs 2756 | Emergency & Level 2,52,"Need an electrician in Windsor Downs? Evaready helps with emergency faults, Level 2 ASP work, switchboards, hot water, aircon, CCTV/data and general.",149,yes,yes,2890,yes,yes,yes,yes,yes,,,,,
/service-areas/hills-hawkesbury-and-hornsby/hawkesbury/yarramundi,suburb page,yes,yes,Electrician Yarramundi 2753 | Emergency & Level 2,49,"Need an electrician in Yarramundi? Evaready helps with emergency faults, Level 2 ASP work, switchboards, hot water, aircon, CCTV/data and general.",146,yes,yes,2844,yes,yes,yes,yes,yes,,,,,
/service-areas/hills-hawkesbury-and-hornsby/hills-district/annangrove,suburb page,yes,yes,Electrician Annangrove 2156 | Emergency & Level 2,49,"Need an electrician in Annangrove? Evaready helps with emergency faults, Level 2 ASP work, switchboards, hot water, aircon, CCTV/data and general.",146,yes,yes,2863,yes,yes,yes,yes,yes,,,,,
/service-areas/hills-hawkesbury-and-hornsby/hills-district/baulkham-hills,suburb page,yes,yes,Electrician Baulkham Hills 2153 | Emergency & Level 2,53,"Need an electrician in Baulkham Hills? Evaready Electrical helps with switchboards, EV-ready circuits, lighting, power, CCTV, data and Level 2 enquiries.",153,yes,yes,2886,yes,yes,yes,yes,yes,,,,,
/service-areas/hills-hawkesbury-and-hornsby/hills-district/beaumont-hills,suburb page,yes,yes,Electrician Beaumont Hills 2155 | Emergency & Level 2,53,"Need an electrician in Beaumont Hills? Evaready helps with emergency faults, Level 2 ASP work, switchboards, hot water, aircon, CCTV/data and general.",150,yes,yes,2922,yes,yes,yes,yes,yes,,,,,
/service-areas/hills-hawkesbury-and-hornsby/hills-district/bella-vista,suburb page,yes,yes,Electrician Bella Vista 2153 | Emergency & Level 2,50,"Need electrical help in Bella Vista 2153? Emergency faults, Level 2 ASP, switchboards, hot water, aircon, CCTV/data and general electrical work across.",151,yes,yes,2947,yes,yes,yes,yes,yes,,,,,
/service-areas/hills-hawkesbury-and-hornsby/hills-district/box-hill,suburb page,yes,yes,Electrician Box Hill 2765 | Emergency & Level 2,47,"Need electrical help in Box Hill 2765? Emergency faults, Level 2 ASP, switchboards, hot water, aircon, CCTV/data and general electrical work across.",148,yes,yes,2902,yes,yes,yes,yes,yes,,,,,
/service-areas/hills-hawkesbury-and-hornsby/hills-district/castle-hill,suburb page,yes,yes,Electrician Castle Hill 2154 | Emergency & Level 2,50,"Evaready Electrical helps with switchboard upgrades, EV-ready circuits, lighting, fault finding, data cabling, CCTV and Level 2 enquiries.",138,yes,yes,2893,yes,yes,yes,yes,yes,,,,,
/service-areas/hills-hawkesbury-and-hornsby/hills-district/cattai,suburb page,yes,yes,Electrician Cattai 2756 | Emergency & Level 2,45,"Need electrical help in Cattai 2756? Emergency faults, Level 2 ASP, switchboards, hot water, aircon, CCTV/data and general electrical work across.",146,yes,yes,2859,yes,yes,yes,yes,yes,,,,,
/service-areas/hills-hawkesbury-and-hornsby/hills-district/dural,suburb page,yes,yes,Electrician Dural 2158 | Emergency & Level 2,44,"Need an electrician in Dural? Evaready helps with emergency faults, Level 2 ASP work, switchboards, hot water, aircon, CCTV/data and general.",141,yes,yes,2836,yes,yes,yes,yes,yes,,,,,
/service-areas/hills-hawkesbury-and-hornsby/hills-district/glenhaven,suburb page,yes,yes,Electrician Glenhaven 2156 | Emergency & Level 2,48,"Need an electrician in Glenhaven? Evaready helps with emergency faults, Level 2 ASP work, switchboards, hot water, aircon, CCTV/data and general.",145,yes,yes,2877,yes,yes,yes,yes,yes,,,,,
/service-areas/hills-hawkesbury-and-hornsby/hills-district/glenorie,suburb page,yes,yes,Electrician Glenorie 2157 | Emergency & Level 2,47,"Need an electrician in Glenorie? Evaready helps with emergency faults, Level 2 ASP work, switchboards, hot water, aircon, CCTV/data and general.",144,yes,yes,2824,yes,yes,yes,yes,yes,,,,,
/service-areas/hills-hawkesbury-and-hornsby/hills-district/kellyville,suburb page,yes,yes,Electrician Kellyville 2155 | Emergency & Level 2,49,"Need an electrician in Kellyville? Evaready Electrical helps with lighting, power, switchboards, EV-ready circuits, data, CCTV and faults.",138,yes,yes,2798,yes,yes,yes,yes,yes,,,,,
/service-areas/hills-hawkesbury-and-hornsby/hills-district/kenthurst,suburb page,yes,yes,Electrician Kenthurst 2156 | Emergency & Level 2,48,"Need an electrician in Kenthurst? Evaready helps with emergency faults, Level 2 ASP work, switchboards, hot water, aircon, CCTV/data and general.",145,yes,yes,2828,yes,yes,yes,yes,yes,,,,,
/service-areas/hills-hawkesbury-and-hornsby/hills-district/lower-portland,suburb page,yes,yes,Electrician Lower Portland 2756 | Emergency & Level 2,53,"Need an electrician in Lower Portland? Evaready helps with emergency faults, Level 2 ASP work, switchboards, hot water, aircon, CCTV/data and general.",150,yes,yes,2921,yes,yes,yes,yes,yes,,,,,
/service-areas/hills-hawkesbury-and-hornsby/hills-district/maraylya,suburb page,yes,yes,Electrician Maraylya 2765 | Emergency & Level 2,47,"Evaready helps Maraylya with urgent faults, Level 2 ASP work, switchboards, hot water electrical, aircon, CCTV/data and planned electrical work.",144,yes,yes,2853,yes,yes,yes,yes,yes,,,,,
/service-areas/hills-hawkesbury-and-hornsby/hills-district/maroota,suburb page,yes,yes,Electrician Maroota 2756 | Emergency & Level 2,46,"Need electrical help in Maroota 2756? Emergency faults, Level 2 ASP, switchboards, hot water, aircon, CCTV/data and general electrical work across.",147,yes,yes,2825,yes,yes,yes,yes,yes,,,,,
/service-areas/hills-hawkesbury-and-hornsby/hills-district/middle-dural,suburb page,yes,yes,Electrician Middle Dural 2158 | Emergency & Level 2,51,"Need electrical help in Middle Dural 2158? Emergency faults, Level 2 ASP, switchboards, hot water, aircon, CCTV/data and general electrical work.",145,yes,yes,2925,yes,yes,yes,yes,yes,,,,,
/service-areas/hills-hawkesbury-and-hornsby/hills-district/nelson,suburb page,yes,yes,Electrician Nelson 2765 | Emergency & Level 2,45,"Need electrical help in Nelson 2765? Emergency faults, Level 2 ASP, switchboards, hot water, aircon, CCTV/data and general electrical work across.",146,yes,yes,2809,yes,yes,yes,yes,yes,,,,,
/service-areas/hills-hawkesbury-and-hornsby/hills-district/rouse-hill,suburb page,yes,yes,Electrician Rouse Hill 2155 | Emergency & Level 2,49,"Evaready Electrical helps with lighting, power, switchboards, EV-ready circuits, data, CCTV and electrical fault finding.",121,yes,yes,2886,yes,yes,yes,yes,yes,,,,,
/service-areas/hills-hawkesbury-and-hornsby/hills-district/sackville-north,suburb page,yes,yes,Electrician Sackville North 2756 | Emergency & Level 2,54,"Evaready helps Sackville North with urgent faults, Level 2 ASP work, switchboards, hot water electrical, aircon, CCTV/data and planned electrical work.",151,yes,yes,2934,yes,yes,yes,yes,yes,,,,,
/service-areas/hills-hawkesbury-and-hornsby/hills-district/south-maroota,suburb page,yes,yes,Electrician South Maroota 2756 | Emergency & Level 2,52,"Evaready helps South Maroota with urgent faults, Level 2 ASP work, switchboards, hot water electrical, aircon, CCTV/data and planned electrical work.",149,yes,yes,2925,yes,yes,yes,yes,yes,,,,,
/service-areas/hills-hawkesbury-and-hornsby/hills-district/west-pennant-hills,suburb page,yes,yes,Electrician West Pennant Hills 2125 | Emergency & Level 2,57,"Need electrical help in West Pennant Hills 2125? Emergency faults, Level 2 ASP, switchboards, hot water, aircon, CCTV/data and general electrical work.",151,yes,yes,3025,yes,yes,yes,yes,yes,,,,,
/service-areas/hills-hawkesbury-and-hornsby/hills-district/winston-hills,suburb page,yes,yes,Electrician Winston Hills 2153 | Emergency & Level 2,52,"Evaready helps Winston Hills with urgent faults, Level 2 ASP work, switchboards, hot water electrical, aircon, CCTV/data and planned electrical work.",149,yes,yes,2889,yes,yes,yes,yes,yes,,,,,
/service-areas/hills-hawkesbury-and-hornsby/hills-district/wisemans-ferry,suburb page,yes,yes,Electrician Wisemans Ferry 2775 | Emergency & Level 2,53,"Need electrical help in Wisemans Ferry 2775? Emergency faults, Level 2 ASP, switchboards, hot water, aircon, CCTV/data and general electrical work.",147,yes,yes,2927,yes,yes,yes,yes,yes,,,,,
/service-areas/hills-hawkesbury-and-hornsby/hornsby/arcadia,suburb page,yes,yes,Electrician Arcadia 2159 | Emergency & Level 2,46,"Need electrical help in Arcadia 2159? Emergency faults, Level 2 ASP, switchboards, hot water, aircon, CCTV/data and general electrical work across Hornsby.",155,yes,yes,2869,yes,yes,yes,yes,yes,,,,,
/service-areas/hills-hawkesbury-and-hornsby/hornsby/asquith,suburb page,yes,yes,Electrician Asquith 2077 | Emergency & Level 2,46,"Evaready helps Asquith with urgent faults, Level 2 ASP work, switchboards, hot water electrical, aircon, CCTV/data and planned electrical work.",143,yes,yes,2822,yes,yes,yes,yes,yes,,,,,
/service-areas/hills-hawkesbury-and-hornsby/hornsby/beecroft,suburb page,yes,yes,Electrician Beecroft 2119 | Emergency & Level 2,47,"Evaready helps Beecroft with urgent faults, Level 2 ASP work, switchboards, hot water electrical, aircon, CCTV/data and planned electrical work.",144,yes,yes,2842,yes,yes,yes,yes,yes,,,,,
/service-areas/hills-hawkesbury-and-hornsby/hornsby/berowra,suburb page,yes,yes,Electrician Berowra 2081 | Emergency & Level 2,46,"Need an electrician in Berowra? Evaready helps with emergency faults, Level 2 ASP work, switchboards, hot water, aircon, CCTV/data and general.",143,yes,yes,2849,yes,yes,yes,yes,yes,,,,,
/service-areas/hills-hawkesbury-and-hornsby/hornsby/berowra-creek,suburb page,yes,yes,Electrician Berowra Creek 2082 | Emergency & Level 2,52,"Need electrical help in Berowra Creek 2082? Emergency faults, Level 2 ASP, switchboards, hot water, aircon, CCTV/data and general electrical work.",146,yes,yes,2880,yes,yes,yes,yes,yes,,,,,
/service-areas/hills-hawkesbury-and-hornsby/hornsby/berowra-heights,suburb page,yes,yes,Electrician Berowra Heights 2082 | Emergency & Level 2,54,"Need electrical help in Berowra Heights 2082? Emergency faults, Level 2 ASP, switchboards, hot water, aircon, CCTV/data and general electrical work.",148,yes,yes,2898,yes,yes,yes,yes,yes,,,,,
/service-areas/hills-hawkesbury-and-hornsby/hornsby/berowra-waters,suburb page,yes,yes,Electrician Berowra Waters 2082 | Emergency & Level 2,53,"Need electrical help in Berowra Waters 2082? Emergency faults, Level 2 ASP, switchboards, hot water, aircon, CCTV/data and general electrical work.",147,yes,yes,2884,yes,yes,yes,yes,yes,,,,,
/service-areas/hills-hawkesbury-and-hornsby/hornsby/berrilee,suburb page,yes,yes,Electrician Berrilee 2159 | Emergency & Level 2,47,"Evaready helps Berrilee with urgent faults, Level 2 ASP work, switchboards, hot water electrical, aircon, CCTV/data and planned electrical work.",144,yes,yes,2834,yes,yes,yes,yes,yes,,,,,
/service-areas/hills-hawkesbury-and-hornsby/hornsby/brooklyn,suburb page,yes,yes,Electrician Brooklyn 2083 | Emergency & Level 2,47,"Need electrical help in Brooklyn 2083? Emergency faults, Level 2 ASP, switchboards, hot water, aircon, CCTV/data and general electrical work across.",148,yes,yes,2799,yes,yes,yes,yes,yes,,,,,
/service-areas/hills-hawkesbury-and-hornsby/hornsby/canoelands,suburb page,yes,yes,Electrician Canoelands 2157 | Emergency & Level 2,49,"Need an electrician in Canoelands? Evaready helps with emergency faults, Level 2 ASP work, switchboards, hot water, aircon, CCTV/data and general.",146,yes,yes,2822,yes,yes,yes,yes,yes,,,,,
/service-areas/hills-hawkesbury-and-hornsby/hornsby/cheltenham,suburb page,yes,yes,Electrician Cheltenham 2119 | Emergency & Level 2,49,"Need an electrician in Cheltenham? Evaready helps with emergency faults, Level 2 ASP work, switchboards, hot water, aircon, CCTV/data and general.",146,yes,yes,2839,yes,yes,yes,yes,yes,,,,,
/service-areas/hills-hawkesbury-and-hornsby/hornsby/cherrybrook,suburb page,yes,yes,Electrician Cherrybrook 2126 | Emergency & Level 2,50,"Need electrical help in Cherrybrook 2126? Emergency faults, Level 2 ASP, switchboards, hot water, aircon, CCTV/data and general electrical work across.",151,yes,yes,2819,yes,yes,yes,yes,yes,,,,,
/service-areas/hills-hawkesbury-and-hornsby/hornsby/cowan,suburb page,yes,yes,Electrician Cowan 2081 | Emergency & Level 2,44,"Need electrical help in Cowan 2081? Emergency faults, Level 2 ASP, switchboards, hot water, aircon, CCTV/data and general electrical work across Hornsby.",153,yes,yes,2776,yes,yes,yes,yes,yes,,,,,
/service-areas/hills-hawkesbury-and-hornsby/hornsby/dangar-island,suburb page,yes,yes,Electrician Dangar Island 2083 | Emergency & Level 2,52,"Need electrical help in Dangar Island 2083? Emergency faults, Level 2 ASP, switchboards, hot water, aircon, CCTV/data and general electrical work.",146,yes,yes,2953,yes,yes,yes,yes,yes,,,,,
/service-areas/hills-hawkesbury-and-hornsby/hornsby/fiddletown,suburb page,yes,yes,Electrician Fiddletown 2159 | Emergency & Level 2,49,"Need electrical help in Fiddletown 2159? Emergency faults, Level 2 ASP, switchboards, hot water, aircon, CCTV/data and general electrical work across.",150,yes,yes,2790,yes,yes,yes,yes,yes,,,,,
/service-areas/hills-hawkesbury-and-hornsby/hornsby/forest-glen,suburb page,yes,yes,Electrician Forest Glen 2157 | Emergency & Level 2,50,"Evaready helps Forest Glen with urgent faults, Level 2 ASP work, switchboards, hot water electrical, aircon, CCTV/data and planned electrical work.",147,yes,yes,2939,yes,yes,yes,yes,yes,,,,,
/service-areas/hills-hawkesbury-and-hornsby/hornsby/galston,suburb page,yes,yes,Electrician Galston 2159 | Emergency & Level 2,46,"Need electrical help in Galston 2159? Emergency faults, Level 2 ASP, switchboards, hot water, aircon, CCTV/data and general electrical work across Hornsby.",155,yes,yes,2873,yes,yes,yes,yes,yes,,,,,
/service-areas/hills-hawkesbury-and-hornsby/hornsby/hornsby,suburb page,yes,yes,Electrician Hornsby 2077 | Emergency & Level 2,46,"Need an electrician in Hornsby? Evaready Electrical helps with emergency faults, switchboards, lighting, power, data, CCTV and Level 2 enquiries.",145,yes,yes,2840,yes,yes,yes,yes,yes,,,,,
/service-areas/hills-hawkesbury-and-hornsby/hornsby/hornsby-heights,suburb page,yes,yes,Electrician Hornsby Heights 2077 | Emergency & Level 2,54,"Need electrical help in Hornsby Heights 2077? Emergency faults, Level 2 ASP, switchboards, hot water, aircon, CCTV/data and general electrical work.",148,yes,yes,2931,yes,yes,yes,yes,yes,,,,,
/service-areas/hills-hawkesbury-and-hornsby/hornsby/milsons-passage,suburb page,yes,yes,Electrician Milsons Passage 2083 | Emergency & Level 2,54,"Need electrical help in Milsons Passage 2083? Emergency faults, Level 2 ASP, switchboards, hot water, aircon, CCTV/data and general electrical work.",148,yes,yes,2907,yes,yes,yes,yes,yes,,,,,
/service-areas/hills-hawkesbury-and-hornsby/hornsby/mount-colah,suburb page,yes,yes,Electrician Mount Colah 2079 | Emergency & Level 2,50,"Evaready helps Mount Colah with urgent faults, Level 2 ASP work, switchboards, hot water electrical, aircon, CCTV/data and planned electrical work.",147,yes,yes,2939,yes,yes,yes,yes,yes,,,,,
/service-areas/hills-hawkesbury-and-hornsby/hornsby/mount-kuring-gai,suburb page,yes,yes,Electrician Mount Kuring-Gai 2080 | Emergency & Level 2,55,"Need an electrician in Mount Kuring-Gai? Evaready helps with emergency faults, Level 2 ASP work, switchboards, hot water, aircon, CCTV/data.",140,yes,yes,2878,yes,yes,yes,yes,yes,,,,,
/service-areas/hills-hawkesbury-and-hornsby/hornsby/normanhurst,suburb page,yes,yes,Electrician Normanhurst 2076 | Emergency & Level 2,50,"Evaready helps Normanhurst with urgent faults, Level 2 ASP work, switchboards, hot water electrical, aircon, CCTV/data and planned electrical work.",147,yes,yes,2848,yes,yes,yes,yes,yes,,,,,
/service-areas/hills-hawkesbury-and-hornsby/hornsby/north-epping,suburb page,yes,yes,Electrician North Epping 2121 | Emergency & Level 2,51,"Need an electrician in North Epping? Evaready helps with emergency faults, Level 2 ASP work, switchboards, hot water, aircon, CCTV/data and general.",148,yes,yes,2919,yes,yes,yes,yes,yes,,,,,
/service-areas/hills-hawkesbury-and-hornsby/hornsby/pennant-hills,suburb page,yes,yes,Electrician Pennant Hills 2120 | Emergency & Level 2,52,"Evaready helps Pennant Hills with urgent faults, Level 2 ASP work, switchboards, hot water electrical, aircon, CCTV/data and planned electrical work.",149,yes,yes,2953,yes,yes,yes,yes,yes,,,,,
/service-areas/hills-hawkesbury-and-hornsby/hornsby/thornleigh,suburb page,yes,yes,Electrician Thornleigh 2120 | Emergency & Level 2,49,"Evaready helps Thornleigh with urgent faults, Level 2 ASP work, switchboards, hot water electrical, aircon, CCTV/data and planned electrical work.",146,yes,yes,2867,yes,yes,yes,yes,yes,,,,,
/service-areas/hills-hawkesbury-and-hornsby/hornsby/wahroonga,suburb page,yes,yes,Electrician Wahroonga 2076 | Emergency & Level 2,48,"Evaready helps Wahroonga with urgent faults, Level 2 ASP work, switchboards, hot water electrical, aircon, CCTV/data and planned electrical work.",145,yes,yes,2845,yes,yes,yes,yes,yes,,,,,
/service-areas/hills-hawkesbury-and-hornsby/hornsby/waitara,suburb page,yes,yes,Electrician Waitara 2077 | Emergency & Level 2,46,"Evaready helps Waitara with urgent faults, Level 2 ASP work, switchboards, hot water electrical, aircon, CCTV/data and planned electrical work.",143,yes,yes,2819,yes,yes,yes,yes,yes,,,,,
/service-areas/hills-hawkesbury-and-hornsby/hornsby/westleigh,suburb page,yes,yes,Electrician Westleigh 2120 | Emergency & Level 2,48,"Need an electrician in Westleigh? Evaready helps with emergency faults, Level 2 ASP work, switchboards, hot water, aircon, CCTV/data and general.",145,yes,yes,2797,yes,yes,yes,yes,yes,,,,,
/service-areas/northern-sydney-and-ryde/hunters-hill/gladesville,suburb page,yes,yes,Electrician Gladesville 2111 | Emergency & Level 2,50,"Need an electrician in Gladesville? Evaready helps with emergency faults, Level 2 ASP work, switchboards, hot water, aircon, CCTV/data and general.",147,yes,yes,2915,yes,yes,yes,yes,yes,,,,,
/service-areas/northern-sydney-and-ryde/hunters-hill/henley,suburb page,yes,yes,Electrician Henley 2111 | Emergency & Level 2,45,"Need electrical help in Henley 2111? Emergency faults, Level 2 ASP, switchboards, hot water, aircon, CCTV/data and general electrical work across.",146,yes,yes,2810,yes,yes,yes,yes,yes,,,,,
/service-areas/northern-sydney-and-ryde/hunters-hill/hunters-hill,suburb page,yes,yes,Electrician Hunters Hill 2110 | Emergency & Level 2,51,"Need electrical help in Hunters Hill 2110? Emergency faults, Level 2 ASP, switchboards, hot water, aircon, CCTV/data and general electrical work.",145,yes,yes,2919,yes,yes,yes,yes,yes,,,,,
/service-areas/northern-sydney-and-ryde/hunters-hill/huntleys-cove,suburb page,yes,yes,Electrician Huntleys Cove 2111 | Emergency & Level 2,52,"Evaready helps Huntleys Cove with urgent faults, Level 2 ASP work, switchboards, hot water electrical, aircon, CCTV/data and planned electrical work.",149,yes,yes,2970,yes,yes,yes,yes,yes,,,,,
/service-areas/northern-sydney-and-ryde/hunters-hill/huntleys-point,suburb page,yes,yes,Electrician Huntleys Point 2111 | Emergency & Level 2,53,"Need an electrician in Huntleys Point? Evaready helps with emergency faults, Level 2 ASP work, switchboards, hot water, aircon, CCTV/data and general.",150,yes,yes,2981,yes,yes,yes,yes,yes,,,,,
/service-areas/northern-sydney-and-ryde/hunters-hill/woolwich,suburb page,yes,yes,Electrician Woolwich 2110 | Emergency & Level 2,47,"Evaready helps Woolwich with urgent faults, Level 2 ASP work, switchboards, hot water electrical, aircon, CCTV/data and planned electrical work.",144,yes,yes,2899,yes,yes,yes,yes,yes,,,,,
/service-areas/northern-sydney-and-ryde/ku-ring-gai/east-killara,suburb page,yes,yes,Electrician East Killara 2071 | Emergency & Level 2,51,"Need electrical help in East Killara 2071? Emergency faults, Level 2 ASP, switchboards, hot water, aircon, CCTV/data and general electrical work.",145,yes,yes,2783,yes,yes,yes,yes,yes,,,,,
/service-areas/northern-sydney-and-ryde/ku-ring-gai/east-lindfield,suburb page,yes,yes,Electrician East Lindfield 2070 | Emergency & Level 2,53,"Need an electrician in East Lindfield? Evaready helps with emergency faults, Level 2 ASP work, switchboards, hot water, aircon, CCTV/data and general.",150,yes,yes,2779,yes,yes,yes,yes,yes,,,,,
/service-areas/northern-sydney-and-ryde/ku-ring-gai/gordon,suburb page,yes,yes,Electrician Gordon 2072 | Emergency & Level 2,45,"Evaready helps Gordon with urgent faults, Level 2 ASP work, switchboards, hot water electrical, aircon, CCTV/data and planned electrical work.",142,yes,yes,2704,yes,yes,yes,yes,yes,,,,,
/service-areas/northern-sydney-and-ryde/ku-ring-gai/killara,suburb page,yes,yes,Electrician Killara 2071 | Emergency & Level 2,46,"Evaready helps Killara with urgent faults, Level 2 ASP work, switchboards, hot water electrical, aircon, CCTV/data and planned electrical work.",143,yes,yes,2679,yes,yes,yes,yes,yes,,,,,
/service-areas/northern-sydney-and-ryde/ku-ring-gai/lindfield,suburb page,yes,yes,Electrician Lindfield 2070 | Emergency & Level 2,48,"Evaready helps Lindfield with urgent faults, Level 2 ASP work, switchboards, hot water electrical, aircon, CCTV/data and planned electrical work.",145,yes,yes,2699,yes,yes,yes,yes,yes,,,,,
/service-areas/northern-sydney-and-ryde/ku-ring-gai/north-turramurra,suburb page,yes,yes,Electrician North Turramurra 2074 | Emergency & Level 2,55,"Evaready helps North Turramurra with urgent faults, Level 2 ASP work, switchboards, hot water electrical, aircon, CCTV/data and planned electrical work.",152,yes,yes,2785,yes,yes,yes,yes,yes,,,,,
/service-areas/northern-sydney-and-ryde/ku-ring-gai/north-wahroonga,suburb page,yes,yes,Electrician North Wahroonga 2076 | Emergency & Level 2,54,"Need an electrician in North Wahroonga? Evaready helps with emergency faults, Level 2 ASP work, switchboards, hot water, aircon, CCTV/data and general.",151,yes,yes,2764,yes,yes,yes,yes,yes,,,,,
/service-areas/northern-sydney-and-ryde/ku-ring-gai/pymble,suburb page,yes,yes,Electrician Pymble 2073 | Emergency & Level 2,45,"Need an electrician in Pymble? Evaready helps with emergency faults, Level 2 ASP work, switchboards, hot water, aircon, CCTV/data and general.",142,yes,yes,2715,yes,yes,yes,yes,yes,,,,,
/service-areas/northern-sydney-and-ryde/ku-ring-gai/roseville,suburb page,yes,yes,Electrician Roseville 2069 | Emergency & Level 2,48,"Need electrical help in Roseville 2069? Emergency faults, Level 2 ASP, switchboards, hot water, aircon, CCTV/data and general electrical work across.",149,yes,yes,2715,yes,yes,yes,yes,yes,,,,,
/service-areas/northern-sydney-and-ryde/ku-ring-gai/roseville-chase,suburb page,yes,yes,Electrician Roseville Chase 2069 | Emergency & Level 2,54,"Evaready helps Roseville Chase with urgent faults, Level 2 ASP work, switchboards, hot water electrical, aircon, CCTV/data and planned electrical work.",151,yes,yes,2777,yes,yes,yes,yes,yes,,,,,
/service-areas/northern-sydney-and-ryde/ku-ring-gai/south-turramurra,suburb page,yes,yes,Electrician South Turramurra 2074 | Emergency & Level 2,55,"Evaready helps South Turramurra with urgent faults, Level 2 ASP work, switchboards, hot water electrical, aircon, CCTV/data and planned electrical work.",152,yes,yes,2819,yes,yes,yes,yes,yes,,,,,
/service-areas/northern-sydney-and-ryde/ku-ring-gai/st-ives,suburb page,yes,yes,Electrician St Ives 2075 | Emergency & Level 2,46,"Evaready helps St Ives with urgent faults, Level 2 ASP work, switchboards, hot water electrical, aircon, CCTV/data and planned electrical work.",143,yes,yes,2785,yes,yes,yes,yes,yes,,,,,
/service-areas/northern-sydney-and-ryde/ku-ring-gai/st-ives-chase,suburb page,yes,yes,Electrician St Ives Chase 2075 | Emergency & Level 2,52,"Need electrical help in St Ives Chase 2075? Emergency faults, Level 2 ASP, switchboards, hot water, aircon, CCTV/data and general electrical work.",146,yes,yes,2847,yes,yes,yes,yes,yes,,,,,
/service-areas/northern-sydney-and-ryde/ku-ring-gai/turramurra,suburb page,yes,yes,Electrician Turramurra 2074 | Emergency & Level 2,49,"Need electrical help in Turramurra 2074? Emergency faults, Level 2 ASP, switchboards, hot water, aircon, CCTV/data and general electrical work across.",150,yes,yes,2716,yes,yes,yes,yes,yes,,,,,
/service-areas/northern-sydney-and-ryde/ku-ring-gai/warrawee,suburb page,yes,yes,Electrician Warrawee 2074 | Emergency & Level 2,47,"Need an electrician in Warrawee? Evaready helps with emergency faults, Level 2 ASP work, switchboards, hot water, aircon, CCTV/data and general.",144,yes,yes,2715,yes,yes,yes,yes,yes,,,,,
/service-areas/northern-sydney-and-ryde/ku-ring-gai/west-pymble,suburb page,yes,yes,Electrician West Pymble 2073 | Emergency & Level 2,50,"Need an electrician in West Pymble? Evaready helps with emergency faults, Level 2 ASP work, switchboards, hot water, aircon, CCTV/data and general.",147,yes,yes,2780,yes,yes,yes,yes,yes,,,,,
/service-areas/northern-sydney-and-ryde/lane-cove/greenwich,suburb page,yes,yes,Electrician Greenwich 2065 | Emergency & Level 2,48,"Need electrical help in Greenwich 2065? Emergency faults, Level 2 ASP, switchboards, hot water, aircon, CCTV/data and general electrical work across.",149,yes,yes,2701,yes,yes,yes,yes,yes,,,,,
/service-areas/northern-sydney-and-ryde/lane-cove/lane-cove,suburb page,yes,yes,Electrician Lane Cove 2066 | Emergency & Level 2,48,"Evaready helps Lane Cove with urgent faults, Level 2 ASP work, switchboards, hot water electrical, aircon, CCTV/data and planned electrical work.",145,yes,yes,2795,yes,yes,yes,yes,yes,,,,,
/service-areas/northern-sydney-and-ryde/lane-cove/lane-cove-north,suburb page,yes,yes,Electrician Lane Cove North 2066 | Emergency & Level 2,54,"Need electrical help in Lane Cove North 2066? Emergency faults, Level 2 ASP, switchboards, hot water, aircon, CCTV/data and general electrical work.",148,yes,yes,2873,yes,yes,yes,yes,yes,,,,,
/service-areas/northern-sydney-and-ryde/lane-cove/lane-cove-west,suburb page,yes,yes,Electrician Lane Cove West 2066 | Emergency & Level 2,53,"Need electrical help in Lane Cove West 2066? Emergency faults, Level 2 ASP, switchboards, hot water, aircon, CCTV/data and general electrical work.",147,yes,yes,2879,yes,yes,yes,yes,yes,,,,,
/service-areas/northern-sydney-and-ryde/lane-cove/linley-point,suburb page,yes,yes,Electrician Linley Point 2066 | Emergency & Level 2,51,"Need an electrician in Linley Point? Evaready helps with emergency faults, Level 2 ASP work, switchboards, hot water, aircon, CCTV/data and general.",148,yes,yes,2771,yes,yes,yes,yes,yes,,,,,
/service-areas/northern-sydney-and-ryde/lane-cove/longueville,suburb page,yes,yes,Electrician Longueville 2066 | Emergency & Level 2,50,"Need an electrician in Longueville? Evaready helps with emergency faults, Level 2 ASP work, switchboards, hot water, aircon, CCTV/data and general.",147,yes,yes,2745,yes,yes,yes,yes,yes,,,,,
/service-areas/northern-sydney-and-ryde/lane-cove/northwood,suburb page,yes,yes,Electrician Northwood 2066 | Emergency & Level 2,48,"Evaready helps Northwood with urgent faults, Level 2 ASP work, switchboards, hot water electrical, aircon, CCTV/data and planned electrical work.",145,yes,yes,2707,yes,yes,yes,yes,yes,,,,,
/service-areas/northern-sydney-and-ryde/lane-cove/riverview,suburb page,yes,yes,Electrician Riverview 2066 | Emergency & Level 2,48,"Need electrical help in Riverview 2066? Emergency faults, Level 2 ASP, switchboards, hot water, aircon, CCTV/data and general electrical work across.",149,yes,yes,2716,yes,yes,yes,yes,yes,,,,,
/service-areas/northern-sydney-and-ryde/lane-cove/st-leonards,suburb page,yes,yes,Electrician St Leonards 2065 | Emergency & Level 2,50,"Evaready helps St Leonards with urgent faults, Level 2 ASP work, switchboards, hot water electrical, aircon, CCTV/data and planned electrical work.",147,yes,yes,2788,yes,yes,yes,yes,yes,,,,,
/service-areas/northern-sydney-and-ryde/mosman/mosman,suburb page,yes,yes,Electrician Mosman 2088 | Emergency & Level 2,45,"Need electrical help in Mosman 2088? Emergency faults, Level 2 ASP, switchboards, hot water, aircon, CCTV/data and general electrical work across Mosman.",153,yes,yes,2701,yes,yes,yes,yes,yes,,,,,
/service-areas/northern-sydney-and-ryde/north-sydney/cammeray,suburb page,yes,yes,Electrician Cammeray 2062 | Emergency & Level 2,47,"Evaready helps Cammeray with urgent faults, Level 2 ASP work, switchboards, hot water electrical, aircon, CCTV/data and planned electrical work.",144,yes,yes,2716,yes,yes,yes,yes,yes,,,,,
/service-areas/northern-sydney-and-ryde/north-sydney/cremorne,suburb page,yes,yes,Electrician Cremorne 2090 | Emergency & Level 2,47,"Need an electrician in Cremorne? Evaready helps with emergency faults, Level 2 ASP work, switchboards, hot water, aircon, CCTV/data and general.",144,yes,yes,2727,yes,yes,yes,yes,yes,,,,,
/service-areas/northern-sydney-and-ryde/north-sydney/cremorne-point,suburb page,yes,yes,Electrician Cremorne Point 2090 | Emergency & Level 2,53,"Need electrical help in Cremorne Point 2090? Emergency faults, Level 2 ASP, switchboards, hot water, aircon, CCTV/data and general electrical work.",147,yes,yes,2794,yes,yes,yes,yes,yes,,,,,
/service-areas/northern-sydney-and-ryde/north-sydney/crows-nest,suburb page,yes,yes,Electrician Crows Nest 2065 | Emergency & Level 2,49,"Need electrical help in Crows Nest 2065? Emergency faults, Level 2 ASP, switchboards, hot water, aircon, CCTV/data and general electrical work across.",150,yes,yes,2802,yes,yes,yes,yes,yes,,,,,
/service-areas/northern-sydney-and-ryde/north-sydney/kirribilli,suburb page,yes,yes,Electrician Kirribilli 2061 | Emergency & Level 2,49,"Need an electrician in Kirribilli? Evaready helps with emergency faults, Level 2 ASP work, switchboards, hot water, aircon, CCTV/data and general.",146,yes,yes,2700,yes,yes,yes,yes,yes,,,,,
/service-areas/northern-sydney-and-ryde/north-sydney/kurraba-point,suburb page,yes,yes,Electrician Kurraba Point 2089 | Emergency & Level 2,52,"Need electrical help in Kurraba Point 2089? Emergency faults, Level 2 ASP, switchboards, hot water, aircon, CCTV/data and general electrical work.",146,yes,yes,2785,yes,yes,yes,yes,yes,,,,,
/service-areas/northern-sydney-and-ryde/north-sydney/lavender-bay,suburb page,yes,yes,Electrician Lavender Bay 2060 | Emergency & Level 2,51,"Need an electrician in Lavender Bay? Evaready helps with emergency faults, Level 2 ASP work, switchboards, hot water, aircon, CCTV/data and general.",148,yes,yes,2800,yes,yes,yes,yes,yes,,,,,
/service-areas/northern-sydney-and-ryde/north-sydney/mcmahons-point,suburb page,yes,yes,Electrician McMahons Point 2060 | Emergency & Level 2,53,"Need electrical help in McMahons Point 2060? Emergency faults, Level 2 ASP, switchboards, hot water, aircon, CCTV/data and general electrical work.",147,yes,yes,2798,yes,yes,yes,yes,yes,,,,,
/service-areas/northern-sydney-and-ryde/north-sydney/milsons-point,suburb page,yes,yes,Electrician Milsons Point 2061 | Emergency & Level 2,52,"Need an electrician in Milsons Point? Evaready helps with emergency faults, Level 2 ASP work, switchboards, hot water, aircon, CCTV/data and general.",149,yes,yes,2814,yes,yes,yes,yes,yes,,,,,
/service-areas/northern-sydney-and-ryde/north-sydney/neutral-bay,suburb page,yes,yes,Electrician Neutral Bay 2089 | Emergency & Level 2,50,"Need electrical help in Neutral Bay 2089? Emergency faults, Level 2 ASP, switchboards, hot water, aircon, CCTV/data and general electrical work across.",151,yes,yes,2784,yes,yes,yes,yes,yes,,,,,
/service-areas/northern-sydney-and-ryde/north-sydney/north-sydney,suburb page,yes,yes,Electrician North Sydney 2060 | Emergency & Level 2,51,"Need an electrician in North Sydney? Evaready Electrical helps with commercial maintenance, urgent faults, lighting, data, switchboards, metering.",146,yes,yes,2767,yes,yes,yes,yes,yes,,,,,
/service-areas/northern-sydney-and-ryde/north-sydney/waverton,suburb page,yes,yes,Electrician Waverton 2060 | Emergency & Level 2,47,"Evaready helps Waverton with urgent faults, Level 2 ASP work, switchboards, hot water electrical, aircon, CCTV/data and planned electrical work.",144,yes,yes,2725,yes,yes,yes,yes,yes,,,,,
/service-areas/northern-sydney-and-ryde/north-sydney/wollstonecraft,suburb page,yes,yes,Electrician Wollstonecraft 2065 | Emergency & Level 2,53,"Need electrical help in Wollstonecraft 2065? Emergency faults, Level 2 ASP, switchboards, hot water, aircon, CCTV/data and general electrical work.",147,yes,yes,2697,yes,yes,yes,yes,yes,,,,,
/service-areas/northern-sydney-and-ryde/ryde/chatswood-west,suburb page,yes,yes,Electrician Chatswood West 2067 | Emergency & Level 2,53,"Need electrical help in Chatswood West 2067? Emergency faults, Level 2 ASP, switchboards, hot water, aircon, CCTV/data and general electrical work.",147,yes,yes,2798,yes,yes,yes,yes,yes,,,,,
/service-areas/northern-sydney-and-ryde/ryde/denistone,suburb page,yes,yes,Electrician Denistone 2114 | Emergency & Level 2,48,"Need electrical help in Denistone 2114? Emergency faults, Level 2 ASP, switchboards, hot water, aircon, CCTV/data and general electrical work across Ryde.",154,yes,yes,2708,yes,yes,yes,yes,yes,,,,,
/service-areas/northern-sydney-and-ryde/ryde/denistone-east,suburb page,yes,yes,Electrician Denistone East 2112 | Emergency & Level 2,53,"Evaready helps Denistone East with urgent faults, Level 2 ASP work, switchboards, hot water electrical, aircon, CCTV/data and planned electrical work.",150,yes,yes,2798,yes,yes,yes,yes,yes,,,,,
/service-areas/northern-sydney-and-ryde/ryde/denistone-west,suburb page,yes,yes,Electrician Denistone West 2114 | Emergency & Level 2,53,"Need electrical help in Denistone West 2114? Emergency faults, Level 2 ASP, switchboards, hot water, aircon, CCTV/data and general electrical work.",147,yes,yes,2776,yes,yes,yes,yes,yes,,,,,
/service-areas/northern-sydney-and-ryde/ryde/east-ryde,suburb page,yes,yes,Electrician East Ryde 2113 | Emergency & Level 2,48,"Need an electrician in East Ryde? Evaready helps with emergency faults, Level 2 ASP work, switchboards, hot water, aircon, CCTV/data and general.",145,yes,yes,2794,yes,yes,yes,yes,yes,,,,,
/service-areas/northern-sydney-and-ryde/ryde/macquarie-park,suburb page,yes,yes,Electrician Macquarie Park 2113 | Emergency & Level 2,53,"Need an electrician in Macquarie Park? Evaready Electrical helps with power, lighting, data, CCTV, switchboards and urgent fault finding.",137,yes,yes,2765,yes,yes,yes,yes,yes,,,,,
/service-areas/northern-sydney-and-ryde/ryde/marsfield,suburb page,yes,yes,Electrician Marsfield 2122 | Emergency & Level 2,48,"Need electrical help in Marsfield 2122? Emergency faults, Level 2 ASP, switchboards, hot water, aircon, CCTV/data and general electrical work across Ryde.",154,yes,yes,2716,yes,yes,yes,yes,yes,,,,,
/service-areas/northern-sydney-and-ryde/ryde/meadowbank,suburb page,yes,yes,Electrician Meadowbank 2114 | Emergency & Level 2,49,"Need an electrician in Meadowbank? Evaready helps with emergency faults, Level 2 ASP work, switchboards, hot water, aircon, CCTV/data and general.",146,yes,yes,2680,yes,yes,yes,yes,yes,,,,,
/service-areas/northern-sydney-and-ryde/ryde/north-ryde,suburb page,yes,yes,Electrician North Ryde 2113 | Emergency & Level 2,49,"Need an electrician in North Ryde? Evaready helps with emergency faults, Level 2 ASP work, switchboards, hot water, aircon, CCTV/data and general.",146,yes,yes,2802,yes,yes,yes,yes,yes,,,,,
/service-areas/northern-sydney-and-ryde/ryde/putney,suburb page,yes,yes,Electrician Putney 2112 | Emergency & Level 2,45,"Evaready helps Putney with urgent faults, Level 2 ASP work, switchboards, hot water electrical, aircon, CCTV/data and planned electrical work.",142,yes,yes,2714,yes,yes,yes,yes,yes,,,,,
/service-areas/northern-sydney-and-ryde/ryde/ryde,suburb page,yes,yes,Electrician Ryde 2112 | Emergency & Level 2,43,"Need electrical help in Ryde 2112? Evaready Electrical helps with fault finding, switchboards, lighting, power, smoke alarms, data, CCTV and Level 2.",149,yes,yes,2679,yes,yes,yes,yes,yes,,,,,
/service-areas/northern-sydney-and-ryde/ryde/tennyson-point,suburb page,yes,yes,Electrician Tennyson Point 2111 | Emergency & Level 2,53,"Need an electrician in Tennyson Point? Evaready helps with emergency faults, Level 2 ASP work, switchboards, hot water, aircon, CCTV/data and general.",150,yes,yes,2796,yes,yes,yes,yes,yes,,,,,
/service-areas/northern-sydney-and-ryde/ryde/west-ryde,suburb page,yes,yes,Electrician West Ryde 2114 | Emergency & Level 2,48,"Need an electrician in West Ryde? Evaready helps with emergency faults, Level 2 ASP work, switchboards, hot water, aircon, CCTV/data and general.",145,yes,yes,2806,yes,yes,yes,yes,yes,,,,,
/service-areas/northern-sydney-and-ryde/willoughby/artarmon,suburb page,yes,yes,Electrician Artarmon 2064 | Emergency & Level 2,47,"Need electrical help in Artarmon 2064? Emergency faults, Level 2 ASP, switchboards, hot water, aircon, CCTV/data and general electrical work across.",148,yes,yes,2687,yes,yes,yes,yes,yes,,,,,
/service-areas/northern-sydney-and-ryde/willoughby/castle-cove,suburb page,yes,yes,Electrician Castle Cove 2069 | Emergency & Level 2,50,"Need electrical help in Castle Cove 2069? Emergency faults, Level 2 ASP, switchboards, hot water, aircon, CCTV/data and general electrical work across.",151,yes,yes,2787,yes,yes,yes,yes,yes,,,,,
/service-areas/northern-sydney-and-ryde/willoughby/castlecrag,suburb page,yes,yes,Electrician Castlecrag 2068 | Emergency & Level 2,49,"Need electrical help in Castlecrag 2068? Emergency faults, Level 2 ASP, switchboards, hot water, aircon, CCTV/data and general electrical work across.",150,yes,yes,2721,yes,yes,yes,yes,yes,,,,,
/service-areas/northern-sydney-and-ryde/willoughby/chatswood,suburb page,yes,yes,Electrician Chatswood 2067 | Emergency & Level 2,48,"Need an electrician in Chatswood? Evaready Electrical helps with urgent faults, switchboards, lighting, power, data, CCTV, commercial maintenance.",146,yes,yes,2689,yes,yes,yes,yes,yes,,,,,
/service-areas/northern-sydney-and-ryde/willoughby/middle-cove,suburb page,yes,yes,Electrician Middle Cove 2068 | Emergency & Level 2,50,"Need an electrician in Middle Cove? Evaready helps with emergency faults, Level 2 ASP work, switchboards, hot water, aircon, CCTV/data and general.",147,yes,yes,2785,yes,yes,yes,yes,yes,,,,,
/service-areas/northern-sydney-and-ryde/willoughby/naremburn,suburb page,yes,yes,Electrician Naremburn 2065 | Emergency & Level 2,48,"Need an electrician in Naremburn? Evaready helps with emergency faults, Level 2 ASP work, switchboards, hot water, aircon, CCTV/data and general.",145,yes,yes,2712,yes,yes,yes,yes,yes,,,,,
/service-areas/northern-sydney-and-ryde/willoughby/north-willoughby,suburb page,yes,yes,Electrician North Willoughby 2068 | Emergency & Level 2,55,"Need electrical help in North Willoughby 2068? Emergency faults, Level 2 ASP, switchboards, hot water, aircon, CCTV/data and general electrical work.",149,yes,yes,2778,yes,yes,yes,yes,yes,,,,,
/service-areas/northern-sydney-and-ryde/willoughby/northbridge,suburb page,yes,yes,Electrician Northbridge 2063 | Emergency & Level 2,50,"Need electrical help in Northbridge 2063? Emergency faults, Level 2 ASP, switchboards, hot water, aircon, CCTV/data and general electrical work across.",151,yes,yes,2699,yes,yes,yes,yes,yes,,,,,
/service-areas/northern-sydney-and-ryde/willoughby/willoughby,suburb page,yes,yes,Electrician Willoughby 2068 | Emergency & Level 2,49,"Evaready helps Willoughby with urgent faults, Level 2 ASP work, switchboards, hot water electrical, aircon, CCTV/data and planned electrical work.",146,yes,yes,2700,yes,yes,yes,yes,yes,,,,,
/service-areas/northern-sydney-and-ryde/willoughby/willoughby-east,suburb page,yes,yes,Electrician Willoughby East 2068 | Emergency & Level 2,54,"Need an electrician in Willoughby East? Evaready helps with emergency faults, Level 2 ASP work, switchboards, hot water, aircon, CCTV/data and general.",151,yes,yes,2781,yes,yes,yes,yes,yes,,,,,
/service-areas/northern-beaches/northern-beaches/allambie-heights,suburb page,yes,yes,Electrician Allambie Heights 2100 | Emergency & Level 2,55,"Evaready helps Allambie Heights with urgent faults, Level 2 ASP work, switchboards, hot water electrical, aircon, CCTV/data and planned electrical work.",152,yes,yes,3102,yes,yes,yes,yes,yes,,,,,
/service-areas/northern-beaches/northern-beaches/avalon-beach,suburb page,yes,yes,Electrician Avalon Beach 2107 | Emergency & Level 2,51,"Evaready helps Avalon Beach with urgent faults, Level 2 ASP work, switchboards, hot water electrical, aircon, CCTV/data and planned electrical work.",148,yes,yes,2974,yes,yes,yes,yes,yes,,,,,
/service-areas/northern-beaches/northern-beaches/balgowlah,suburb page,yes,yes,Electrician Balgowlah 2093 | Emergency & Level 2,48,"Need electrical help in Balgowlah 2093? Emergency faults, Level 2 ASP, switchboards, hot water, aircon, CCTV/data and general electrical work across.",149,yes,yes,2919,yes,yes,yes,yes,yes,,,,,
/service-areas/northern-beaches/northern-beaches/balgowlah-heights,suburb page,yes,yes,Electrician Balgowlah Heights 2093 | Emergency & Level 2,56,"Need an electrician in Balgowlah Heights? Evaready helps with emergency faults, Level 2 ASP work, switchboards, hot water, aircon, CCTV/data.",141,yes,yes,2969,yes,yes,yes,yes,yes,,,,,
/service-areas/northern-beaches/northern-beaches/bayview,suburb page,yes,yes,Electrician Bayview 2104 | Emergency & Level 2,46,"Need an electrician in Bayview? Evaready helps with emergency faults, Level 2 ASP work, switchboards, hot water, aircon, CCTV/data and general.",143,yes,yes,2891,yes,yes,yes,yes,yes,,,,,
/service-areas/northern-beaches/northern-beaches/beacon-hill,suburb page,yes,yes,Electrician Beacon Hill 2100 | Emergency & Level 2,50,"Need electrical help in Beacon Hill 2100? Emergency faults, Level 2 ASP, switchboards, hot water, aircon, CCTV/data and general electrical work across.",151,yes,yes,2955,yes,yes,yes,yes,yes,,,,,
/service-areas/northern-beaches/northern-beaches/belrose,suburb page,yes,yes,Electrician Belrose 2085 | Emergency & Level 2,46,"Need an electrician in Belrose? Evaready helps with emergency faults, Level 2 ASP work, switchboards, hot water, aircon, CCTV/data and general.",143,yes,yes,2894,yes,yes,yes,yes,yes,,,,,
/service-areas/northern-beaches/northern-beaches/bilgola-beach,suburb page,yes,yes,Electrician Bilgola Beach 2107 | Emergency & Level 2,52,"Need an electrician in Bilgola Beach? Evaready helps with emergency faults, Level 2 ASP work, switchboards, hot water, aircon, CCTV/data and general.",149,yes,yes,2976,yes,yes,yes,yes,yes,,,,,
/service-areas/northern-beaches/northern-beaches/bilgola-plateau,suburb page,yes,yes,Electrician Bilgola Plateau 2107 | Emergency & Level 2,54,"Need an electrician in Bilgola Plateau? Evaready helps with emergency faults, Level 2 ASP work, switchboards, hot water, aircon, CCTV/data and general.",151,yes,yes,3031,yes,yes,yes,yes,yes,,,,,
/service-areas/northern-beaches/northern-beaches/brookvale,suburb page,yes,yes,Electrician Brookvale 2100 | Emergency & Level 2,48,"Need an electrician in Brookvale? Evaready Electrical helps with faults, lighting, power, data, CCTV, switchboards and three-phase enquiries.",141,yes,yes,2979,yes,yes,yes,yes,yes,,,,,
/service-areas/northern-beaches/northern-beaches/church-point,suburb page,yes,yes,Electrician Church Point 2105 | Emergency & Level 2,51,"Need an electrician in Church Point? Evaready helps with emergency faults, Level 2 ASP work, switchboards, hot water, aircon, CCTV/data and general.",148,yes,yes,2986,yes,yes,yes,yes,yes,,,,,
/service-areas/northern-beaches/northern-beaches/clareville,suburb page,yes,yes,Electrician Clareville 2107 | Emergency & Level 2,49,"Need an electrician in Clareville? Evaready helps with emergency faults, Level 2 ASP work, switchboards, hot water, aircon, CCTV/data and general.",146,yes,yes,2873,yes,yes,yes,yes,yes,,,,,
/service-areas/northern-beaches/northern-beaches/clontarf,suburb page,yes,yes,Electrician Clontarf 2093 | Emergency & Level 2,47,"Evaready helps Clontarf with urgent faults, Level 2 ASP work, switchboards, hot water electrical, aircon, CCTV/data and planned electrical work.",144,yes,yes,2997,yes,yes,yes,yes,yes,,,,,
/service-areas/northern-beaches/northern-beaches/coasters-retreat,suburb page,yes,yes,Electrician Coasters Retreat 2108 | Emergency & Level 2,55,"Need electrical help in Coasters Retreat 2108? Emergency faults, Level 2 ASP, switchboards, hot water, aircon, CCTV/data and general electrical work.",149,yes,yes,3010,yes,yes,yes,yes,yes,,,,,
/service-areas/northern-beaches/northern-beaches/collaroy,suburb page,yes,yes,Electrician Collaroy 2097 | Emergency & Level 2,47,"Need electrical help in Collaroy 2097? Emergency faults, Level 2 ASP, switchboards, hot water, aircon, CCTV/data and general electrical work across.",148,yes,yes,3012,yes,yes,yes,yes,yes,,,,,
/service-areas/northern-beaches/northern-beaches/collaroy-plateau,suburb page,yes,yes,Electrician Collaroy Plateau 2097 | Emergency & Level 2,55,"Evaready helps Collaroy Plateau with urgent faults, Level 2 ASP work, switchboards, hot water electrical, aircon, CCTV/data and planned electrical work.",152,yes,yes,3048,yes,yes,yes,yes,yes,,,,,
/service-areas/northern-beaches/northern-beaches/cottage-point,suburb page,yes,yes,Electrician Cottage Point 2084 | Emergency & Level 2,52,"Need an electrician in Cottage Point? Evaready helps with emergency faults, Level 2 ASP work, switchboards, hot water, aircon, CCTV/data and general.",149,yes,yes,3056,yes,yes,yes,yes,yes,,,,,
/service-areas/northern-beaches/northern-beaches/cromer,suburb page,yes,yes,Electrician Cromer 2099 | Emergency & Level 2,45,"Evaready helps Cromer with urgent faults, Level 2 ASP work, switchboards, hot water electrical, aircon, CCTV/data and planned electrical work.",142,yes,yes,3003,yes,yes,yes,yes,yes,,,,,
/service-areas/northern-beaches/northern-beaches/curl-curl,suburb page,yes,yes,Electrician Curl Curl 2096 | Emergency & Level 2,48,"Evaready helps Curl Curl with urgent faults, Level 2 ASP work, switchboards, hot water electrical, aircon, CCTV/data and planned electrical work.",145,yes,yes,3047,yes,yes,yes,yes,yes,,,,,
/service-areas/northern-beaches/northern-beaches/davidson,suburb page,yes,yes,Electrician Davidson 2085 | Emergency & Level 2,47,"Evaready helps Davidson with urgent faults, Level 2 ASP work, switchboards, hot water electrical, aircon, CCTV/data and planned electrical work.",144,yes,yes,2891,yes,yes,yes,yes,yes,,,,,
/service-areas/northern-beaches/northern-beaches/dee-why,suburb page,yes,yes,Electrician Dee Why 2099 | Emergency & Level 2,46,"Evaready Electrical helps with urgent faults, lighting, power, switchboards, smoke alarms, data and CCTV.",105,yes,yes,2972,yes,yes,yes,yes,yes,,,,,
/service-areas/northern-beaches/northern-beaches/duffys-forest,suburb page,yes,yes,Electrician Duffys Forest 2084 | Emergency & Level 2,52,"Evaready helps Duffys Forest with urgent faults, Level 2 ASP work, switchboards, hot water electrical, aircon, CCTV/data and planned electrical work.",149,yes,yes,3015,yes,yes,yes,yes,yes,,,,,
/service-areas/northern-beaches/northern-beaches/elanora-heights,suburb page,yes,yes,Electrician Elanora Heights 2101 | Emergency & Level 2,54,"Need an electrician in Elanora Heights? Evaready helps with emergency faults, Level 2 ASP work, switchboards, hot water, aircon, CCTV/data and general.",151,yes,yes,3027,yes,yes,yes,yes,yes,,,,,
/service-areas/northern-beaches/northern-beaches/elvina-bay,suburb page,yes,yes,Electrician Elvina Bay 2105 | Emergency & Level 2,49,"Evaready helps Elvina Bay with urgent faults, Level 2 ASP work, switchboards, hot water electrical, aircon, CCTV/data and planned electrical work.",146,yes,yes,2981,yes,yes,yes,yes,yes,,,,,
/service-areas/northern-beaches/northern-beaches/fairlight,suburb page,yes,yes,Electrician Fairlight 2094 | Emergency & Level 2,48,"Need an electrician in Fairlight? Evaready helps with emergency faults, Level 2 ASP work, switchboards, hot water, aircon, CCTV/data and general.",145,yes,yes,2959,yes,yes,yes,yes,yes,,,,,
/service-areas/northern-beaches/northern-beaches/forestville,suburb page,yes,yes,Electrician Forestville 2087 | Emergency & Level 2,50,"Evaready helps Forestville with urgent faults, Level 2 ASP work, switchboards, hot water electrical, aircon, CCTV/data and planned electrical work.",147,yes,yes,2928,yes,yes,yes,yes,yes,,,,,
/service-areas/northern-beaches/northern-beaches/frenchs-forest,suburb page,yes,yes,Electrician Frenchs Forest 2086 | Emergency & Level 2,53,"Evaready helps Frenchs Forest with urgent faults, Level 2 ASP work, switchboards, hot water electrical, aircon, CCTV/data and planned electrical work.",150,yes,yes,3016,yes,yes,yes,yes,yes,,,,,
/service-areas/northern-beaches/northern-beaches/freshwater,suburb page,yes,yes,Electrician Freshwater 2096 | Emergency & Level 2,49,"Evaready helps Freshwater with urgent faults, Level 2 ASP work, switchboards, hot water electrical, aircon, CCTV/data and planned electrical work.",146,yes,yes,2962,yes,yes,yes,yes,yes,,,,,
/service-areas/northern-beaches/northern-beaches/great-mackerel-beach,suburb page,yes,yes,Electrician Great Mackerel Beach 2108 | Emergency & Level 2,59,"Need electrical help in Great Mackerel Beach 2108? Emergency faults, Level 2 ASP, switchboards, hot water, aircon, CCTV/data and general electrical.",148,yes,yes,3117,yes,yes,yes,yes,yes,,,,,
/service-areas/northern-beaches/northern-beaches/ingleside,suburb page,yes,yes,Electrician Ingleside 2101 | Emergency & Level 2,48,"Need an electrician in Ingleside? Evaready helps with emergency faults, Level 2 ASP work, switchboards, hot water, aircon, CCTV/data and general.",145,yes,yes,2955,yes,yes,yes,yes,yes,,,,,
/service-areas/northern-beaches/northern-beaches/killarney-heights,suburb page,yes,yes,Electrician Killarney Heights 2087 | Emergency & Level 2,56,"Need an electrician in Killarney Heights? Evaready helps with emergency faults, Level 2 ASP work, switchboards, hot water, aircon, CCTV/data.",141,yes,yes,2987,yes,yes,yes,yes,yes,,,,,
/service-areas/northern-beaches/northern-beaches/ku-ring-gai-chase,suburb page,yes,yes,Electrician Ku-Ring-Gai Chase 2084 | Emergency & Level 2,56,"Need an electrician in Ku-Ring-Gai Chase? Evaready helps with emergency faults, Level 2 ASP work, switchboards, hot water, aircon, CCTV/data.",141,yes,yes,3002,yes,yes,yes,yes,yes,,,,,
/service-areas/northern-beaches/northern-beaches/lovett-bay,suburb page,yes,yes,Electrician Lovett Bay 2105 | Emergency & Level 2,49,"Need an electrician in Lovett Bay? Evaready helps with emergency faults, Level 2 ASP work, switchboards, hot water, aircon, CCTV/data and general.",146,yes,yes,2990,yes,yes,yes,yes,yes,,,,,
/service-areas/northern-beaches/northern-beaches/manly,suburb page,yes,yes,Electrician Manly 2095 | Emergency & Level 2,44,"Evaready Electrical helps with urgent faults, outdoor lighting, switchboards, power, smoke alarms, data and CCTV.",113,yes,yes,2887,yes,yes,yes,yes,yes,,,,,
/service-areas/northern-beaches/northern-beaches/manly-vale,suburb page,yes,yes,Electrician Manly Vale 2093 | Emergency & Level 2,49,"Need an electrician in Manly Vale? Evaready helps with emergency faults, Level 2 ASP work, switchboards, hot water, aircon, CCTV/data and general.",146,yes,yes,2988,yes,yes,yes,yes,yes,,,,,
/service-areas/northern-beaches/northern-beaches/mona-vale,suburb page,yes,yes,Electrician Mona Vale 2103 | Emergency & Level 2,48,"Need an electrician in Mona Vale? Evaready helps with emergency faults, Level 2 ASP work, switchboards, hot water, aircon, CCTV/data and general.",145,yes,yes,3035,yes,yes,yes,yes,yes,,,,,
/service-areas/northern-beaches/northern-beaches/morning-bay,suburb page,yes,yes,Electrician Morning Bay 2105 | Emergency & Level 2,50,"Need an electrician in Morning Bay? Evaready helps with emergency faults, Level 2 ASP work, switchboards, hot water, aircon, CCTV/data and general.",147,yes,yes,2971,yes,yes,yes,yes,yes,,,,,
/service-areas/northern-beaches/northern-beaches/narrabeen,suburb page,yes,yes,Electrician Narrabeen 2101 | Emergency & Level 2,48,"Need electrical help in Narrabeen 2101? Emergency faults, Level 2 ASP, switchboards, hot water, aircon, CCTV/data and general electrical work across.",149,yes,yes,2965,yes,yes,yes,yes,yes,,,,,
/service-areas/northern-beaches/northern-beaches/narraweena,suburb page,yes,yes,Electrician Narraweena 2099 | Emergency & Level 2,49,"Need electrical help in Narraweena 2099? Emergency faults, Level 2 ASP, switchboards, hot water, aircon, CCTV/data and general electrical work across.",150,yes,yes,2973,yes,yes,yes,yes,yes,,,,,
/service-areas/northern-beaches/northern-beaches/newport,suburb page,yes,yes,Electrician Newport 2106 | Emergency & Level 2,46,"Evaready helps Newport with urgent faults, Level 2 ASP work, switchboards, hot water electrical, aircon, CCTV/data and planned electrical work.",143,yes,yes,2987,yes,yes,yes,yes,yes,,,,,
/service-areas/northern-beaches/northern-beaches/north-balgowlah,suburb page,yes,yes,Electrician North Balgowlah 2093 | Emergency & Level 2,54,"Evaready helps North Balgowlah with urgent faults, Level 2 ASP work, switchboards, hot water electrical, aircon, CCTV/data and planned electrical work.",151,yes,yes,2977,yes,yes,yes,yes,yes,,,,,
/service-areas/northern-beaches/northern-beaches/north-curl-curl,suburb page,yes,yes,Electrician North Curl Curl 2099 | Emergency & Level 2,54,"Evaready helps North Curl Curl with urgent faults, Level 2 ASP work, switchboards, hot water electrical, aircon, CCTV/data and planned electrical work.",151,yes,yes,3072,yes,yes,yes,yes,yes,,,,,
/service-areas/northern-beaches/northern-beaches/north-manly,suburb page,yes,yes,Electrician North Manly 2100 | Emergency & Level 2,50,"Evaready helps North Manly with urgent faults, Level 2 ASP work, switchboards, hot water electrical, aircon, CCTV/data and planned electrical work.",147,yes,yes,2989,yes,yes,yes,yes,yes,,,,,
/service-areas/northern-beaches/northern-beaches/north-narrabeen,suburb page,yes,yes,Electrician North Narrabeen 2101 | Emergency & Level 2,54,"Need an electrician in North Narrabeen? Evaready helps with emergency faults, Level 2 ASP work, switchboards, hot water, aircon, CCTV/data and general.",151,yes,yes,2946,yes,yes,yes,yes,yes,,,,,
/service-areas/northern-beaches/northern-beaches/oxford-falls,suburb page,yes,yes,Electrician Oxford Falls 2100 | Emergency & Level 2,51,"Need an electrician in Oxford Falls? Evaready helps with emergency faults, Level 2 ASP work, switchboards, hot water, aircon, CCTV/data and general.",148,yes,yes,3008,yes,yes,yes,yes,yes,,,,,
/service-areas/northern-beaches/northern-beaches/palm-beach,suburb page,yes,yes,Electrician Palm Beach 2108 | Emergency & Level 2,49,"Need electrical help in Palm Beach 2108? Emergency faults, Level 2 ASP, switchboards, hot water, aircon, CCTV/data and general electrical work across.",150,yes,yes,3038,yes,yes,yes,yes,yes,,,,,
/service-areas/northern-beaches/northern-beaches/queenscliff,suburb page,yes,yes,Electrician Queenscliff 2096 | Emergency & Level 2,50,"Need electrical help in Queenscliff 2096? Emergency faults, Level 2 ASP, switchboards, hot water, aircon, CCTV/data and general electrical work across.",151,yes,yes,2965,yes,yes,yes,yes,yes,,,,,
/service-areas/northern-beaches/northern-beaches/scotland-island,suburb page,yes,yes,Electrician Scotland Island 2105 | Emergency & Level 2,54,"Need an electrician in Scotland Island? Evaready helps with emergency faults, Level 2 ASP work, switchboards, hot water, aircon, CCTV/data and general.",151,yes,yes,3027,yes,yes,yes,yes,yes,,,,,
/service-areas/northern-beaches/northern-beaches/seaforth,suburb page,yes,yes,Electrician Seaforth 2092 | Emergency & Level 2,47,"Need electrical help in Seaforth 2092? Emergency faults, Level 2 ASP, switchboards, hot water, aircon, CCTV/data and general electrical work across.",148,yes,yes,2891,yes,yes,yes,yes,yes,,,,,
/service-areas/northern-beaches/northern-beaches/terrey-hills,suburb page,yes,yes,Electrician Terrey Hills 2084 | Emergency & Level 2,51,"Need electrical help in Terrey Hills 2084? Emergency faults, Level 2 ASP, switchboards, hot water, aircon, CCTV/data and general electrical work.",145,yes,yes,3069,yes,yes,yes,yes,yes,,,,,
/service-areas/northern-beaches/northern-beaches/warriewood,suburb page,yes,yes,Electrician Warriewood 2102 | Emergency & Level 2,49,"Evaready helps Warriewood with urgent faults, Level 2 ASP work, switchboards, hot water electrical, aircon, CCTV/data and planned electrical work.",146,yes,yes,2989,yes,yes,yes,yes,yes,,,,,
/service-areas/northern-beaches/northern-beaches/whale-beach,suburb page,yes,yes,Electrician Whale Beach 2107 | Emergency & Level 2,50,"Need an electrician in Whale Beach? Evaready helps with emergency faults, Level 2 ASP work, switchboards, hot water, aircon, CCTV/data and general.",147,yes,yes,2967,yes,yes,yes,yes,yes,,,,,
/service-areas/northern-beaches/northern-beaches/wheeler-heights,suburb page,yes,yes,Electrician Wheeler Heights 2097 | Emergency & Level 2,54,"Need an electrician in Wheeler Heights? Evaready helps with emergency faults, Level 2 ASP work, switchboards, hot water, aircon, CCTV/data and general.",151,yes,yes,3054,yes,yes,yes,yes,yes,,,,,
/service-areas/blue-mountains/blue-mountains/berambing,suburb page,yes,yes,Electrician Berambing 2758 | Emergency & Level 2,48,"Evaready helps Berambing with urgent faults, Level 2 ASP work, switchboards, hot water electrical, aircon, CCTV/data and planned electrical work.",145,yes,yes,2899,yes,yes,yes,yes,yes,,,,,
/service-areas/blue-mountains/blue-mountains/blaxland,suburb page,yes,yes,Electrician Blaxland 2774 | Emergency & Level 2,47,"Evaready helps Blaxland with urgent faults, Level 2 ASP work, switchboards, hot water electrical, aircon, CCTV/data and planned electrical work.",144,yes,yes,2907,yes,yes,yes,yes,yes,,,,,
/service-areas/blue-mountains/blue-mountains/bullaburra,suburb page,yes,yes,Electrician Bullaburra 2784 | Emergency & Level 2,49,"Need an electrician in Bullaburra? Evaready helps with emergency faults, Level 2 ASP work, switchboards, hot water, aircon, CCTV/data and general.",146,yes,yes,2943,yes,yes,yes,yes,yes,,,,,
/service-areas/blue-mountains/blue-mountains/faulconbridge,suburb page,yes,yes,Electrician Faulconbridge 2776 | Emergency & Level 2,52,"Need electrical help in Faulconbridge 2776? Emergency faults, Level 2 ASP, switchboards, hot water, aircon, CCTV/data and general electrical work.",146,yes,yes,2837,yes,yes,yes,yes,yes,,,,,
/service-areas/blue-mountains/blue-mountains/glenbrook,suburb page,yes,yes,Electrician Glenbrook 2773 | Emergency & Level 2,48,"Need electrical help in Glenbrook 2773? Emergency faults, Level 2 ASP, switchboards, hot water, aircon, CCTV/data and general electrical work across.",149,yes,yes,2900,yes,yes,yes,yes,yes,,,,,
/service-areas/blue-mountains/blue-mountains/hawkesbury-heights,suburb page,yes,yes,Electrician Hawkesbury Heights 2777 | Emergency & Level 2,57,"Evaready helps Hawkesbury Heights with urgent faults, Level 2 ASP work, switchboards, hot water electrical, aircon, CCTV/data and planned electrical work.",154,yes,yes,2915,yes,yes,yes,yes,yes,,,,,
/service-areas/blue-mountains/blue-mountains/hazelbrook,suburb page,yes,yes,Electrician Hazelbrook 2779 | Emergency & Level 2,49,"Evaready helps Hazelbrook with urgent faults, Level 2 ASP work, switchboards, hot water electrical, aircon, CCTV/data and planned electrical work.",146,yes,yes,2829,yes,yes,yes,yes,yes,,,,,
/service-areas/blue-mountains/blue-mountains/katoomba,suburb page,yes,yes,Electrician Katoomba 2780 | Emergency & Level 2,47,"Need electrical help in Katoomba 2780? Evaready Electrical helps with storm-related faults, switchboards, outdoor circuits, smoke alarms, shed power.",149,yes,yes,2831,yes,yes,yes,yes,yes,,,,,
/service-areas/blue-mountains/blue-mountains/lapstone,suburb page,yes,yes,Electrician Lapstone 2773 | Emergency & Level 2,47,"Need an electrician in Lapstone? Evaready helps with emergency faults, Level 2 ASP work, switchboards, hot water, aircon, CCTV/data and general.",144,yes,yes,2863,yes,yes,yes,yes,yes,,,,,
/service-areas/blue-mountains/blue-mountains/lawson,suburb page,yes,yes,Electrician Lawson 2783 | Emergency & Level 2,45,"Need an electrician in Lawson? Evaready helps with emergency faults, Level 2 ASP work, switchboards, hot water, aircon, CCTV/data and general.",142,yes,yes,2870,yes,yes,yes,yes,yes,,,,,
/service-areas/blue-mountains/blue-mountains/leura,suburb page,yes,yes,Electrician Leura 2780 | Emergency & Level 2,44,"Need an electrician in Leura? Evaready helps with emergency faults, Level 2 ASP work, switchboards, hot water, aircon, CCTV/data and general.",141,yes,yes,2955,yes,yes,yes,yes,yes,,,,,
/service-areas/blue-mountains/blue-mountains/linden,suburb page,yes,yes,Electrician Linden 2778 | Emergency & Level 2,45,"Need electrical help in Linden 2778? Emergency faults, Level 2 ASP, switchboards, hot water, aircon, CCTV/data and general electrical work across Blue.",151,yes,yes,2955,yes,yes,yes,yes,yes,,,,,
/service-areas/blue-mountains/blue-mountains/mount-riverview,suburb page,yes,yes,Electrician Mount Riverview 2774 | Emergency & Level 2,54,"Evaready helps Mount Riverview with urgent faults, Level 2 ASP work, switchboards, hot water electrical, aircon, CCTV/data and planned electrical work.",151,yes,yes,2964,yes,yes,yes,yes,yes,,,,,
/service-areas/blue-mountains/blue-mountains/springwood,suburb page,yes,yes,Electrician Springwood 2777 | Emergency & Level 2,49,"Need an electrician in Springwood? Evaready Electrical helps with storm-related faults, outdoor circuits, switchboards, shed power, smoke alarms.",145,yes,yes,2812,yes,yes,yes,yes,yes,,,,,
/service-areas/blue-mountains/blue-mountains/sun-valley,suburb page,yes,yes,Electrician Sun Valley 2777 | Emergency & Level 2,49,"Need electrical help in Sun Valley 2777? Emergency faults, Level 2 ASP, switchboards, hot water, aircon, CCTV/data and general electrical work across.",150,yes,yes,2961,yes,yes,yes,yes,yes,,,,,
/service-areas/blue-mountains/blue-mountains/valley-heights,suburb page,yes,yes,Electrician Valley Heights 2777 | Emergency & Level 2,53,"Need an electrician in Valley Heights? Evaready helps with emergency faults, Level 2 ASP work, switchboards, hot water, aircon, CCTV/data and general.",150,yes,yes,2940,yes,yes,yes,yes,yes,,,,,
/service-areas/blue-mountains/blue-mountains/warrimoo,suburb page,yes,yes,Electrician Warrimoo 2774 | Emergency & Level 2,47,"Need electrical help in Warrimoo 2774? Emergency faults, Level 2 ASP, switchboards, hot water, aircon, CCTV/data and general electrical work across.",148,yes,yes,2853,yes,yes,yes,yes,yes,,,,,
/service-areas/blue-mountains/blue-mountains/wentworth-falls,suburb page,yes,yes,Electrician Wentworth Falls 2782 | Emergency & Level 2,54,"Need electrical help in Wentworth Falls 2782? Emergency faults, Level 2 ASP, switchboards, hot water, aircon, CCTV/data and general electrical work.",148,yes,yes,3014,yes,yes,yes,yes,yes,,,,,
/service-areas/blue-mountains/blue-mountains/winmalee,suburb page,yes,yes,Electrician Winmalee 2777 | Emergency & Level 2,47,"Need an electrician in Winmalee? Evaready helps with emergency faults, Level 2 ASP work, switchboards, hot water, aircon, CCTV/data and general.",144,yes,yes,2896,yes,yes,yes,yes,yes,,,,,
/service-areas/blue-mountains/blue-mountains/woodford,suburb page,yes,yes,Electrician Woodford 2778 | Emergency & Level 2,47,"Need an electrician in Woodford? Evaready helps with emergency faults, Level 2 ASP work, switchboards, hot water, aircon, CCTV/data and general.",144,yes,yes,2866,yes,yes,yes,yes,yes,,,,,
/service-areas/blue-mountains/blue-mountains/yellow-rock,suburb page,yes,yes,Electrician Yellow Rock 2777 | Emergency & Level 2,50,"Need electrical help in Yellow Rock 2777? Emergency faults, Level 2 ASP, switchboards, hot water, aircon, CCTV/data and general electrical work across.",151,yes,yes,3015,yes,yes,yes,yes,yes,,,,,
/service-areas/wollongong-and-illawarra/minnamurra-and-kiama-downs/bombo,suburb page,yes,yes,Electrician Bombo 2533 | Emergency & Level 2,44,"Need an electrician in Bombo? Evaready helps with emergency faults, Level 2 ASP work, switchboards, hot water, aircon, CCTV/data and general.",141,yes,yes,2892,yes,yes,yes,yes,yes,,,,,
/service-areas/wollongong-and-illawarra/minnamurra-and-kiama-downs/croom,suburb page,yes,yes,Electrician Croom 2527 | Emergency & Level 2,44,"Need an electrician in Croom? Evaready helps with emergency faults, Level 2 ASP work, switchboards, hot water, aircon, CCTV/data and general.",141,yes,yes,2960,yes,yes,yes,yes,yes,,,,,
/service-areas/wollongong-and-illawarra/minnamurra-and-kiama-downs/kiama-downs,suburb page,yes,yes,Electrician Kiama Downs 2533 | Emergency & Level 2,50,"Need electrical help in Kiama Downs 2533? Emergency faults, Level 2 ASP, switchboards, hot water, aircon, CCTV/data and general electrical work across.",151,yes,yes,3049,yes,yes,yes,yes,yes,,,,,
/service-areas/wollongong-and-illawarra/minnamurra-and-kiama-downs/minnamurra,suburb page,yes,yes,Electrician Minnamurra 2533 | Emergency & Level 2,49,"Need electrical help in Minnamurra 2533? Emergency faults, Level 2 ASP, switchboards, hot water, aircon, CCTV/data and general electrical work across.",150,yes,yes,2925,yes,yes,yes,yes,yes,,,,,
/service-areas/wollongong-and-illawarra/shellharbour/albion-park,suburb page,yes,yes,Electrician Albion Park 2527 | Emergency & Level 2,50,"Need electrical help in Albion Park 2527? Emergency faults, Level 2 ASP, switchboards, hot water, aircon, CCTV/data and general electrical work across.",151,yes,yes,3000,yes,yes,yes,yes,yes,,,,,
/service-areas/wollongong-and-illawarra/shellharbour/albion-park-rail,suburb page,yes,yes,Electrician Albion Park Rail 2527 | Emergency & Level 2,55,"Need electrical help in Albion Park Rail 2527? Emergency faults, Level 2 ASP, switchboards, hot water, aircon, CCTV/data and general electrical work.",149,yes,yes,3142,yes,yes,yes,yes,yes,,,,,
/service-areas/wollongong-and-illawarra/shellharbour/barrack-heights,suburb page,yes,yes,Electrician Barrack Heights 2528 | Emergency & Level 2,54,"Need electrical help in Barrack Heights 2528? Emergency faults, Level 2 ASP, switchboards, hot water, aircon, CCTV/data and general electrical work.",148,yes,yes,3066,yes,yes,yes,yes,yes,,,,,
/service-areas/wollongong-and-illawarra/shellharbour/barrack-point,suburb page,yes,yes,Electrician Barrack Point 2528 | Emergency & Level 2,52,"Need electrical help in Barrack Point 2528? Emergency faults, Level 2 ASP, switchboards, hot water, aircon, CCTV/data and general electrical work.",146,yes,yes,2994,yes,yes,yes,yes,yes,,,,,
/service-areas/wollongong-and-illawarra/shellharbour/blackbutt,suburb page,yes,yes,Electrician Blackbutt 2529 | Emergency & Level 2,48,"Need electrical help in Blackbutt 2529? Emergency faults, Level 2 ASP, switchboards, hot water, aircon, CCTV/data and general electrical work across.",149,yes,yes,2911,yes,yes,yes,yes,yes,,,,,
/service-areas/wollongong-and-illawarra/shellharbour/calderwood,suburb page,yes,yes,Electrician Calderwood 2527 | Emergency & Level 2,49,"Need an electrician in Calderwood? Evaready helps with emergency faults, Level 2 ASP work, switchboards, hot water, aircon, CCTV/data and general.",146,yes,yes,2922,yes,yes,yes,yes,yes,,,,,
/service-areas/wollongong-and-illawarra/shellharbour/dunmore,suburb page,yes,yes,Electrician Dunmore 2529 | Emergency & Level 2,46,"Evaready helps Dunmore with urgent faults, Level 2 ASP work, switchboards, hot water electrical, aircon, CCTV/data and planned electrical work.",143,yes,yes,2937,yes,yes,yes,yes,yes,,,,,
/service-areas/wollongong-and-illawarra/shellharbour/flinders,suburb page,yes,yes,Electrician Flinders 2529 | Emergency & Level 2,47,"Need an electrician in Flinders? Evaready helps with emergency faults, Level 2 ASP work, switchboards, hot water, aircon, CCTV/data and general.",144,yes,yes,3022,yes,yes,yes,yes,yes,,,,,
/service-areas/wollongong-and-illawarra/shellharbour/lake-illawarra,suburb page,yes,yes,Electrician Lake Illawarra 2528 | Emergency & Level 2,53,"Evaready helps Lake Illawarra with urgent faults, Level 2 ASP work, switchboards, hot water electrical, aircon, CCTV/data and planned electrical work.",150,yes,yes,3045,yes,yes,yes,yes,yes,,,,,
/service-areas/wollongong-and-illawarra/shellharbour/mount-warrigal,suburb page,yes,yes,Electrician Mount Warrigal 2528 | Emergency & Level 2,53,"Need electrical help in Mount Warrigal 2528? Emergency faults, Level 2 ASP, switchboards, hot water, aircon, CCTV/data and general electrical work.",147,yes,yes,3062,yes,yes,yes,yes,yes,,,,,
/service-areas/wollongong-and-illawarra/shellharbour/north-macquarie,suburb page,yes,yes,Electrician North Macquarie 2527 | Emergency & Level 2,54,"Need an electrician in North Macquarie? Evaready helps with emergency faults, Level 2 ASP work, switchboards, hot water, aircon, CCTV/data and general.",151,yes,yes,3052,yes,yes,yes,yes,yes,,,,,
/service-areas/wollongong-and-illawarra/shellharbour/oak-flats,suburb page,yes,yes,Electrician Oak Flats 2529 | Emergency & Level 2,48,"Evaready helps Oak Flats with urgent faults, Level 2 ASP work, switchboards, hot water electrical, aircon, CCTV/data and planned electrical work.",145,yes,yes,3043,yes,yes,yes,yes,yes,,,,,
/service-areas/wollongong-and-illawarra/shellharbour/shell-cove,suburb page,yes,yes,Electrician Shell Cove 2529 | Emergency & Level 2,49,"Need electrical help in Shell Cove 2529? Emergency faults, Level 2 ASP, switchboards, hot water, aircon, CCTV/data and general electrical work across.",150,yes,yes,3015,yes,yes,yes,yes,yes,,,,,
/service-areas/wollongong-and-illawarra/shellharbour/shellharbour,suburb page,yes,yes,Electrician Shellharbour 2529 | Emergency & Level 2,51,"Need an electrician in Shellharbour? Evaready helps with emergency faults, Level 2 ASP work, switchboards, hot water, aircon, CCTV/data and general.",148,yes,yes,3023,yes,yes,yes,yes,yes,,,,,
/service-areas/wollongong-and-illawarra/shellharbour/shellharbour-city-centre,suburb page,yes,yes,Electrician Shellharbour City Centre 2529 | Emergency & Level 2,63,"Need an electrician in Shellharbour City Centre? Evaready helps with emergency faults, Level 2 ASP work, switchboards, hot water, aircon, CCTV/data.",148,yes,yes,3160,yes,yes,yes,yes,yes,,,,,
/service-areas/wollongong-and-illawarra/shellharbour/tullimbar,suburb page,yes,yes,Electrician Tullimbar 2527 | Emergency & Level 2,48,"Need electrical help in Tullimbar 2527? Emergency faults, Level 2 ASP, switchboards, hot water, aircon, CCTV/data and general electrical work across.",149,yes,yes,2933,yes,yes,yes,yes,yes,,,,,
/service-areas/wollongong-and-illawarra/shellharbour/warilla,suburb page,yes,yes,Electrician Warilla 2528 | Emergency & Level 2,46,"Need electrical help in Warilla 2528? Emergency faults, Level 2 ASP, switchboards, hot water, aircon, CCTV/data and general electrical work across.",147,yes,yes,2908,yes,yes,yes,yes,yes,,,,,
/service-areas/wollongong-and-illawarra/wollongong/austinmer,suburb page,yes,yes,Electrician Austinmer 2515 | Emergency & Level 2,48,"Need an electrician in Austinmer? Evaready helps with emergency faults, Level 2 ASP work, switchboards, hot water, aircon, CCTV/data and general.",145,yes,yes,3030,yes,yes,yes,yes,yes,,,,,
/service-areas/wollongong-and-illawarra/wollongong/avondale,suburb page,yes,yes,Electrician Avondale 2530 | Emergency & Level 2,47,"Need an electrician in Avondale? Evaready helps with emergency faults, Level 2 ASP work, switchboards, hot water, aircon, CCTV/data and general.",144,yes,yes,2931,yes,yes,yes,yes,yes,,,,,
/service-areas/wollongong-and-illawarra/wollongong/balgownie,suburb page,yes,yes,Electrician Balgownie 2519 | Emergency & Level 2,48,"Evaready helps Balgownie with urgent faults, Level 2 ASP work, switchboards, hot water electrical, aircon, CCTV/data and planned electrical work.",145,yes,yes,2944,yes,yes,yes,yes,yes,,,,,
/service-areas/wollongong-and-illawarra/wollongong/bellambi,suburb page,yes,yes,Electrician Bellambi 2518 | Emergency & Level 2,47,"Need an electrician in Bellambi? Evaready helps with emergency faults, Level 2 ASP work, switchboards, hot water, aircon, CCTV/data and general.",144,yes,yes,2917,yes,yes,yes,yes,yes,,,,,
/service-areas/wollongong-and-illawarra/wollongong/berkeley,suburb page,yes,yes,Electrician Berkeley 2506 | Emergency & Level 2,47,"Need electrical help in Berkeley 2506? Emergency faults, Level 2 ASP, switchboards, hot water, aircon, CCTV/data and general electrical work across.",148,yes,yes,2916,yes,yes,yes,yes,yes,,,,,
/service-areas/wollongong-and-illawarra/wollongong/brownsville,suburb page,yes,yes,Electrician Brownsville 2530 | Emergency & Level 2,50,"Evaready helps Brownsville with urgent faults, Level 2 ASP work, switchboards, hot water electrical, aircon, CCTV/data and planned electrical work.",147,yes,yes,2941,yes,yes,yes,yes,yes,,,,,
/service-areas/wollongong-and-illawarra/wollongong/bulli,suburb page,yes,yes,Electrician Bulli 2516 | Emergency & Level 2,44,"Need electrical help in Bulli 2516? Emergency faults, Level 2 ASP, switchboards, hot water, aircon, CCTV/data and general electrical work across.",145,yes,yes,2950,yes,yes,yes,yes,yes,,,,,
/service-areas/wollongong-and-illawarra/wollongong/cleveland,suburb page,yes,yes,Electrician Cleveland 2530 | Emergency & Level 2,48,"Need an electrician in Cleveland? Evaready helps with emergency faults, Level 2 ASP work, switchboards, hot water, aircon, CCTV/data and general.",145,yes,yes,2977,yes,yes,yes,yes,yes,,,,,
/service-areas/wollongong-and-illawarra/wollongong/clifton,suburb page,yes,yes,Electrician Clifton 2515 | Emergency & Level 2,46,"Need electrical help in Clifton 2515? Emergency faults, Level 2 ASP, switchboards, hot water, aircon, CCTV/data and general electrical work across.",147,yes,yes,2907,yes,yes,yes,yes,yes,,,,,
/service-areas/wollongong-and-illawarra/wollongong/coalcliff,suburb page,yes,yes,Electrician Coalcliff 2508 | Emergency & Level 2,48,"Need electrical help in Coalcliff 2508? Emergency faults, Level 2 ASP, switchboards, hot water, aircon, CCTV/data and general electrical work across.",149,yes,yes,2878,yes,yes,yes,yes,yes,,,,,
/service-areas/wollongong-and-illawarra/wollongong/coledale,suburb page,yes,yes,Electrician Coledale 2515 | Emergency & Level 2,47,"Need an electrician in Coledale? Evaready helps with emergency faults, Level 2 ASP work, switchboards, hot water, aircon, CCTV/data and general.",144,yes,yes,2960,yes,yes,yes,yes,yes,,,,,
/service-areas/wollongong-and-illawarra/wollongong/coniston,suburb page,yes,yes,Electrician Coniston 2500 | Emergency & Level 2,47,"Evaready helps Coniston with urgent faults, Level 2 ASP work, switchboards, hot water electrical, aircon, CCTV/data and planned electrical work.",144,yes,yes,3047,yes,yes,yes,yes,yes,,,,,
/service-areas/wollongong-and-illawarra/wollongong/cordeaux-heights,suburb page,yes,yes,Electrician Cordeaux Heights 2526 | Emergency & Level 2,55,"Need electrical help in Cordeaux Heights 2526? Emergency faults, Level 2 ASP, switchboards, hot water, aircon, CCTV/data and general electrical work.",149,yes,yes,3054,yes,yes,yes,yes,yes,,,,,
/service-areas/wollongong-and-illawarra/wollongong/corrimal,suburb page,yes,yes,Electrician Corrimal 2518 | Emergency & Level 2,47,"Need electrical help in Corrimal 2518? Emergency faults, Level 2 ASP, switchboards, hot water, aircon, CCTV/data and general electrical work across.",148,yes,yes,3021,yes,yes,yes,yes,yes,,,,,
/service-areas/wollongong-and-illawarra/wollongong/cringila,suburb page,yes,yes,Electrician Cringila 2502 | Emergency & Level 2,47,"Evaready helps Cringila with urgent faults, Level 2 ASP work, switchboards, hot water electrical, aircon, CCTV/data and planned electrical work.",144,yes,yes,2896,yes,yes,yes,yes,yes,,,,,
/service-areas/wollongong-and-illawarra/wollongong/dapto,suburb page,yes,yes,Electrician Dapto 2530 | Emergency & Level 2,44,"Evaready helps Dapto with urgent faults, Level 2 ASP work, switchboards, hot water electrical, aircon, CCTV/data and planned electrical work.",141,yes,yes,2911,yes,yes,yes,yes,yes,,,,,
/service-areas/wollongong-and-illawarra/wollongong/darkes-forest,suburb page,yes,yes,Electrician Darkes Forest 2508 | Emergency & Level 2,52,"Evaready helps Darkes Forest with urgent faults, Level 2 ASP work, switchboards, hot water electrical, aircon, CCTV/data and planned electrical work.",149,yes,yes,3044,yes,yes,yes,yes,yes,,,,,
/service-areas/wollongong-and-illawarra/wollongong/dombarton,suburb page,yes,yes,Electrician Dombarton 2530 | Emergency & Level 2,48,"Evaready helps Dombarton with urgent faults, Level 2 ASP work, switchboards, hot water electrical, aircon, CCTV/data and planned electrical work.",145,yes,yes,2908,yes,yes,yes,yes,yes,,,,,
/service-areas/wollongong-and-illawarra/wollongong/east-corrimal,suburb page,yes,yes,Electrician East Corrimal 2518 | Emergency & Level 2,52,"Need electrical help in East Corrimal 2518? Emergency faults, Level 2 ASP, switchboards, hot water, aircon, CCTV/data and general electrical work.",146,yes,yes,2973,yes,yes,yes,yes,yes,,,,,
/service-areas/wollongong-and-illawarra/wollongong/fairy-meadow,suburb page,yes,yes,Electrician Fairy Meadow 2519 | Emergency & Level 2,51,"Evaready helps Fairy Meadow with urgent faults, Level 2 ASP work, switchboards, hot water electrical, aircon, CCTV/data and planned electrical work.",148,yes,yes,3031,yes,yes,yes,yes,yes,,,,,
/service-areas/wollongong-and-illawarra/wollongong/farmborough-heights,suburb page,yes,yes,Electrician Farmborough Heights 2526 | Emergency & Level 2,58,"Need electrical help in Farmborough Heights 2526? Emergency faults, Level 2 ASP, switchboards, hot water, aircon, CCTV/data and general electrical.",147,yes,yes,2987,yes,yes,yes,yes,yes,,,,,
/service-areas/wollongong-and-illawarra/wollongong/fernhill,suburb page,yes,yes,Electrician Fernhill 2519 | Emergency & Level 2,47,"Evaready helps Fernhill with urgent faults, Level 2 ASP work, switchboards, hot water electrical, aircon, CCTV/data and planned electrical work.",144,yes,yes,2881,yes,yes,yes,yes,yes,,,,,
/service-areas/wollongong-and-illawarra/wollongong/figtree,suburb page,yes,yes,Electrician Figtree 2525 | Emergency & Level 2,46,"Need electrical help in Figtree 2525? Emergency faults, Level 2 ASP, switchboards, hot water, aircon, CCTV/data and general electrical work across.",147,yes,yes,2938,yes,yes,yes,yes,yes,,,,,
/service-areas/wollongong-and-illawarra/wollongong/gwynneville,suburb page,yes,yes,Electrician Gwynneville 2500 | Emergency & Level 2,50,"Need electrical help in Gwynneville 2500? Emergency faults, Level 2 ASP, switchboards, hot water, aircon, CCTV/data and general electrical work across.",151,yes,yes,2922,yes,yes,yes,yes,yes,,,,,
/service-areas/wollongong-and-illawarra/wollongong/haywards-bay,suburb page,yes,yes,Electrician Haywards Bay 2530 | Emergency & Level 2,51,"Need an electrician in Haywards Bay? Evaready helps with emergency faults, Level 2 ASP work, switchboards, hot water, aircon, CCTV/data and general.",148,yes,yes,2991,yes,yes,yes,yes,yes,,,,,
/service-areas/wollongong-and-illawarra/wollongong/helensburgh,suburb page,yes,yes,Electrician Helensburgh 2508 | Emergency & Level 2,50,"Evaready helps Helensburgh with urgent faults, Level 2 ASP work, switchboards, hot water electrical, aircon, CCTV/data and planned electrical work.",147,yes,yes,2988,yes,yes,yes,yes,yes,,,,,
/service-areas/wollongong-and-illawarra/wollongong/horsley,suburb page,yes,yes,Electrician Horsley 2530 | Emergency & Level 2,46,"Evaready helps Horsley with urgent faults, Level 2 ASP work, switchboards, hot water electrical, aircon, CCTV/data and planned electrical work.",143,yes,yes,2909,yes,yes,yes,yes,yes,,,,,
/service-areas/wollongong-and-illawarra/wollongong/huntley,suburb page,yes,yes,Electrician Huntley 2530 | Emergency & Level 2,46,"Evaready helps Huntley with urgent faults, Level 2 ASP work, switchboards, hot water electrical, aircon, CCTV/data and planned electrical work.",143,yes,yes,2960,yes,yes,yes,yes,yes,,,,,
/service-areas/wollongong-and-illawarra/wollongong/kanahooka,suburb page,yes,yes,Electrician Kanahooka 2530 | Emergency & Level 2,48,"Need an electrician in Kanahooka? Evaready helps with emergency faults, Level 2 ASP work, switchboards, hot water, aircon, CCTV/data and general.",145,yes,yes,3017,yes,yes,yes,yes,yes,,,,,
/service-areas/wollongong-and-illawarra/wollongong/keiraville,suburb page,yes,yes,Electrician Keiraville 2500 | Emergency & Level 2,49,"Need an electrician in Keiraville? Evaready helps with emergency faults, Level 2 ASP work, switchboards, hot water, aircon, CCTV/data and general.",146,yes,yes,2862,yes,yes,yes,yes,yes,,,,,
/service-areas/wollongong-and-illawarra/wollongong/kembla-grange,suburb page,yes,yes,Electrician Kembla Grange 2526 | Emergency & Level 2,52,"Need electrical help in Kembla Grange 2526? Emergency faults, Level 2 ASP, switchboards, hot water, aircon, CCTV/data and general electrical work.",146,yes,yes,2987,yes,yes,yes,yes,yes,,,,,
/service-areas/wollongong-and-illawarra/wollongong/kembla-heights,suburb page,yes,yes,Electrician Kembla Heights 2526 | Emergency & Level 2,53,"Need electrical help in Kembla Heights 2526? Emergency faults, Level 2 ASP, switchboards, hot water, aircon, CCTV/data and general electrical work.",147,yes,yes,2988,yes,yes,yes,yes,yes,,,,,
/service-areas/wollongong-and-illawarra/wollongong/koonawarra,suburb page,yes,yes,Electrician Koonawarra 2530 | Emergency & Level 2,49,"Need an electrician in Koonawarra? Evaready helps with emergency faults, Level 2 ASP work, switchboards, hot water, aircon, CCTV/data and general.",146,yes,yes,2945,yes,yes,yes,yes,yes,,,,,
/service-areas/wollongong-and-illawarra/wollongong/lake-heights,suburb page,yes,yes,Electrician Lake Heights 2502 | Emergency & Level 2,51,"Evaready helps Lake Heights with urgent faults, Level 2 ASP work, switchboards, hot water electrical, aircon, CCTV/data and planned electrical work.",148,yes,yes,3010,yes,yes,yes,yes,yes,,,,,
/service-areas/wollongong-and-illawarra/wollongong/lilyvale,suburb page,yes,yes,Electrician Lilyvale 2508 | Emergency & Level 2,47,"Need an electrician in Lilyvale? Evaready helps with emergency faults, Level 2 ASP work, switchboards, hot water, aircon, CCTV/data and general.",144,yes,yes,2931,yes,yes,yes,yes,yes,,,,,
/service-areas/wollongong-and-illawarra/wollongong/maddens-plains,suburb page,yes,yes,Electrician Maddens Plains 2508 | Emergency & Level 2,53,"Evaready helps Maddens Plains with urgent faults, Level 2 ASP work, switchboards, hot water electrical, aircon, CCTV/data and planned electrical work.",150,yes,yes,2974,yes,yes,yes,yes,yes,,,,,
/service-areas/wollongong-and-illawarra/wollongong/mangerton,suburb page,yes,yes,Electrician Mangerton 2500 | Emergency & Level 2,48,"Need electrical help in Mangerton 2500? Emergency faults, Level 2 ASP, switchboards, hot water, aircon, CCTV/data and general electrical work across.",149,yes,yes,2917,yes,yes,yes,yes,yes,,,,,
/service-areas/wollongong-and-illawarra/wollongong/marshall-mount,suburb page,yes,yes,Electrician Marshall Mount 2530 | Emergency & Level 2,53,"Need electrical help in Marshall Mount 2530? Emergency faults, Level 2 ASP, switchboards, hot water, aircon, CCTV/data and general electrical work.",147,yes,yes,3011,yes,yes,yes,yes,yes,,,,,
/service-areas/wollongong-and-illawarra/wollongong/mount-keira,suburb page,yes,yes,Electrician Mount Keira 2500 | Emergency & Level 2,50,"Need an electrician in Mount Keira? Evaready helps with emergency faults, Level 2 ASP work, switchboards, hot water, aircon, CCTV/data and general.",147,yes,yes,3020,yes,yes,yes,yes,yes,,,,,
/service-areas/wollongong-and-illawarra/wollongong/mount-kembla,suburb page,yes,yes,Electrician Mount Kembla 2526 | Emergency & Level 2,51,"Need an electrician in Mount Kembla? Evaready helps with emergency faults, Level 2 ASP work, switchboards, hot water, aircon, CCTV/data and general.",148,yes,yes,2976,yes,yes,yes,yes,yes,,,,,
/service-areas/wollongong-and-illawarra/wollongong/mount-ousley,suburb page,yes,yes,Electrician Mount Ousley 2519 | Emergency & Level 2,51,"Need an electrician in Mount Ousley? Evaready helps with emergency faults, Level 2 ASP work, switchboards, hot water, aircon, CCTV/data and general.",148,yes,yes,3011,yes,yes,yes,yes,yes,,,,,
/service-areas/wollongong-and-illawarra/wollongong/mount-pleasant,suburb page,yes,yes,Electrician Mount Pleasant 2519 | Emergency & Level 2,53,"Evaready helps Mount Pleasant with urgent faults, Level 2 ASP work, switchboards, hot water electrical, aircon, CCTV/data and planned electrical work.",150,yes,yes,3055,yes,yes,yes,yes,yes,,,,,
/service-areas/wollongong-and-illawarra/wollongong/mount-saint-thomas,suburb page,yes,yes,Electrician Mount Saint Thomas 2500 | Emergency & Level 2,57,"Need an electrician in Mount Saint Thomas? Evaready helps with emergency faults, Level 2 ASP work, switchboards, hot water, aircon, CCTV/data.",142,yes,yes,3102,yes,yes,yes,yes,yes,,,,,
/service-areas/wollongong-and-illawarra/wollongong/north-wollongong,suburb page,yes,yes,Electrician North Wollongong 2500 | Emergency & Level 2,55,"Need an electrician in North Wollongong? Evaready helps with emergency faults, Level 2 ASP work, switchboards, hot water, aircon, CCTV/data.",140,yes,yes,3038,yes,yes,yes,yes,yes,,,,,
/service-areas/wollongong-and-illawarra/wollongong/otford,suburb page,yes,yes,Electrician Otford 2508 | Emergency & Level 2,45,"Evaready helps Otford with urgent faults, Level 2 ASP work, switchboards, hot water electrical, aircon, CCTV/data and planned electrical work.",142,yes,yes,2929,yes,yes,yes,yes,yes,,,,,
/service-areas/wollongong-and-illawarra/wollongong/port-kembla,suburb page,yes,yes,Electrician Port Kembla 2505 | Emergency & Level 2,50,"Need electrical help in Port Kembla 2505? Emergency faults, Level 2 ASP, switchboards, hot water, aircon, CCTV/data and general electrical work across.",151,yes,yes,3048,yes,yes,yes,yes,yes,,,,,
/service-areas/wollongong-and-illawarra/wollongong/primbee,suburb page,yes,yes,Electrician Primbee 2502 | Emergency & Level 2,46,"Need an electrician in Primbee? Evaready helps with emergency faults, Level 2 ASP work, switchboards, hot water, aircon, CCTV/data and general.",143,yes,yes,2999,yes,yes,yes,yes,yes,,,,,
/service-areas/wollongong-and-illawarra/wollongong/russell-vale,suburb page,yes,yes,Electrician Russell Vale 2517 | Emergency & Level 2,51,"Need an electrician in Russell Vale? Evaready helps with emergency faults, Level 2 ASP work, switchboards, hot water, aircon, CCTV/data and general.",148,yes,yes,3038,yes,yes,yes,yes,yes,,,,,
/service-areas/wollongong-and-illawarra/wollongong/scarborough,suburb page,yes,yes,Electrician Scarborough 2515 | Emergency & Level 2,50,"Evaready helps Scarborough with urgent faults, Level 2 ASP work, switchboards, hot water electrical, aircon, CCTV/data and planned electrical work.",147,yes,yes,2937,yes,yes,yes,yes,yes,,,,,
/service-areas/wollongong-and-illawarra/wollongong/stanwell-park,suburb page,yes,yes,Electrician Stanwell Park 2508 | Emergency & Level 2,52,"Evaready helps Stanwell Park with urgent faults, Level 2 ASP work, switchboards, hot water electrical, aircon, CCTV/data and planned electrical work.",149,yes,yes,3064,yes,yes,yes,yes,yes,,,,,
/service-areas/wollongong-and-illawarra/wollongong/stanwell-tops,suburb page,yes,yes,Electrician Stanwell Tops 2508 | Emergency & Level 2,52,"Need an electrician in Stanwell Tops? Evaready helps with emergency faults, Level 2 ASP work, switchboards, hot water, aircon, CCTV/data and general.",149,yes,yes,2941,yes,yes,yes,yes,yes,,,,,
/service-areas/wollongong-and-illawarra/wollongong/tarrawanna,suburb page,yes,yes,Electrician Tarrawanna 2518 | Emergency & Level 2,49,"Need an electrician in Tarrawanna? Evaready helps with emergency faults, Level 2 ASP work, switchboards, hot water, aircon, CCTV/data and general.",146,yes,yes,2910,yes,yes,yes,yes,yes,,,,,
/service-areas/wollongong-and-illawarra/wollongong/thirroul,suburb page,yes,yes,Electrician Thirroul 2515 | Emergency & Level 2,47,"Evaready helps Thirroul with urgent faults, Level 2 ASP work, switchboards, hot water electrical, aircon, CCTV/data and planned electrical work.",144,yes,yes,2929,yes,yes,yes,yes,yes,,,,,
/service-areas/wollongong-and-illawarra/wollongong/towradgi,suburb page,yes,yes,Electrician Towradgi 2518 | Emergency & Level 2,47,"Need an electrician in Towradgi? Evaready helps with emergency faults, Level 2 ASP work, switchboards, hot water, aircon, CCTV/data and general.",144,yes,yes,2881,yes,yes,yes,yes,yes,,,,,
/service-areas/wollongong-and-illawarra/wollongong/unanderra,suburb page,yes,yes,Electrician Unanderra 2526 | Emergency & Level 2,48,"Need an electrician in Unanderra? Evaready helps with emergency faults, Level 2 ASP work, switchboards, hot water, aircon, CCTV/data and general.",145,yes,yes,2950,yes,yes,yes,yes,yes,,,,,
/service-areas/wollongong-and-illawarra/wollongong/warrawong,suburb page,yes,yes,Electrician Warrawong 2502 | Emergency & Level 2,48,"Need an electrician in Warrawong? Evaready helps with emergency faults, Level 2 ASP work, switchboards, hot water, aircon, CCTV/data and general.",145,yes,yes,2881,yes,yes,yes,yes,yes,,,,,
/service-areas/wollongong-and-illawarra/wollongong/west-wollongong,suburb page,yes,yes,Electrician West Wollongong 2500 | Emergency & Level 2,54,"Evaready helps West Wollongong with urgent faults, Level 2 ASP work, switchboards, hot water electrical, aircon, CCTV/data and planned electrical work.",151,yes,yes,3068,yes,yes,yes,yes,yes,,,,,
/service-areas/wollongong-and-illawarra/wollongong/windang,suburb page,yes,yes,Electrician Windang 2528 | Emergency & Level 2,46,"Need an electrician in Windang? Evaready helps with emergency faults, Level 2 ASP work, switchboards, hot water, aircon, CCTV/data and general.",143,yes,yes,2897,yes,yes,yes,yes,yes,,,,,
/service-areas/wollongong-and-illawarra/wollongong/wollongong,suburb page,yes,yes,Electrician Wollongong 2500 | Emergency & Level 2,49,"Need an electrician in Wollongong? Evaready Electrical helps with emergency faults, switchboards, lighting, power, hot water electrical, data, CCTV.",148,yes,yes,2896,yes,yes,yes,yes,yes,,,,,
/service-areas/wollongong-and-illawarra/wollongong/wombarra,suburb page,yes,yes,Electrician Wombarra 2515 | Emergency & Level 2,47,"Evaready helps Wombarra with urgent faults, Level 2 ASP work, switchboards, hot water electrical, aircon, CCTV/data and planned electrical work.",144,yes,yes,2913,yes,yes,yes,yes,yes,,,,,
/service-areas/wollongong-and-illawarra/wollongong/wongawilli,suburb page,yes,yes,Electrician Wongawilli 2530 | Emergency & Level 2,49,"Need electrical help in Wongawilli 2530? Emergency faults, Level 2 ASP, switchboards, hot water, aircon, CCTV/data and general electrical work across.",150,yes,yes,2912,yes,yes,yes,yes,yes,,,,,
/service-areas/wollongong-and-illawarra/wollongong/woonona,suburb page,yes,yes,Electrician Woonona 2517 | Emergency & Level 2,46,"Need an electrician in Woonona? Evaready helps with emergency faults, Level 2 ASP work, switchboards, hot water, aircon, CCTV/data and general.",143,yes,yes,2913,yes,yes,yes,yes,yes,,,,,
/service-areas/wollongong-and-illawarra/wollongong/yallah,suburb page,yes,yes,Electrician Yallah 2530 | Emergency & Level 2,45,"Need an electrician in Yallah? Evaready helps with emergency faults, Level 2 ASP work, switchboards, hot water, aircon, CCTV/data and general.",142,yes,yes,2951,yes,yes,yes,yes,yes,,,,,
/service-areas/southern-highlands/wingecarribee/alpine,suburb page,yes,yes,Electrician Alpine 2575 | Emergency & Level 2,45,"Need electrical help in Alpine 2575? Emergency faults, Level 2 ASP, switchboards, hot water, aircon, CCTV/data and general electrical work across.",146,yes,yes,2943,yes,yes,yes,yes,yes,,,,,
/service-areas/southern-highlands/wingecarribee/avoca,suburb page,yes,yes,Electrician Avoca 2577 | Emergency & Level 2,44,"Need an electrician in Avoca? Evaready helps with emergency faults, Level 2 ASP work, switchboards, hot water, aircon, CCTV/data and general.",141,yes,yes,2883,yes,yes,yes,yes,yes,,,,,
/service-areas/southern-highlands/wingecarribee/aylmerton,suburb page,yes,yes,Electrician Aylmerton 2575 | Emergency & Level 2,48,"Need electrical help in Aylmerton 2575? Emergency faults, Level 2 ASP, switchboards, hot water, aircon, CCTV/data and general electrical work across.",149,yes,yes,2833,yes,yes,yes,yes,yes,,,,,
/service-areas/southern-highlands/wingecarribee/balaclava,suburb page,yes,yes,Electrician Balaclava 2575 | Emergency & Level 2,48,"Need an electrician in Balaclava? Evaready helps with emergency faults, Level 2 ASP work, switchboards, hot water, aircon, CCTV/data and general.",145,yes,yes,2943,yes,yes,yes,yes,yes,,,,,
/service-areas/southern-highlands/wingecarribee/balmoral,suburb page,yes,yes,Electrician Balmoral 2571 | Emergency & Level 2,47,"Need an electrician in Balmoral? Evaready helps with emergency faults, Level 2 ASP work, switchboards, hot water, aircon, CCTV/data and general.",144,yes,yes,2857,yes,yes,yes,yes,yes,,,,,
/service-areas/southern-highlands/wingecarribee/bargo,suburb page,yes,yes,Electrician Bargo 2574 | Emergency & Level 2,44,"Need an electrician in Bargo? Evaready helps with emergency faults, Level 2 ASP work, switchboards, hot water, aircon, CCTV/data and general.",141,yes,yes,2879,yes,yes,yes,yes,yes,,,,,
/service-areas/southern-highlands/wingecarribee/berrima,suburb page,yes,yes,Electrician Berrima 2577 | Emergency & Level 2,46,"Need an electrician in Berrima? Evaready helps with emergency faults, Level 2 ASP work, switchboards, hot water, aircon, CCTV/data and general.",143,yes,yes,2848,yes,yes,yes,yes,yes,,,,,
/service-areas/southern-highlands/wingecarribee/bowral,suburb page,yes,yes,Electrician Bowral 2576 | Emergency & Level 2,45,"Evaready helps Bowral with urgent faults, Level 2 ASP work, switchboards, hot water electrical, aircon, CCTV/data and planned electrical work.",142,yes,yes,2955,yes,yes,yes,yes,yes,,,,,
/service-areas/southern-highlands/wingecarribee/braemar,suburb page,yes,yes,Electrician Braemar 2575 | Emergency & Level 2,46,"Need electrical help in Braemar 2575? Emergency faults, Level 2 ASP, switchboards, hot water, aircon, CCTV/data and general electrical work across.",147,yes,yes,2874,yes,yes,yes,yes,yes,,,,,
/service-areas/southern-highlands/wingecarribee/burradoo,suburb page,yes,yes,Electrician Burradoo 2576 | Emergency & Level 2,47,"Evaready helps Burradoo with urgent faults, Level 2 ASP work, switchboards, hot water electrical, aircon, CCTV/data and planned electrical work.",144,yes,yes,2881,yes,yes,yes,yes,yes,,,,,
/service-areas/southern-highlands/wingecarribee/burrawang,suburb page,yes,yes,Electrician Burrawang 2577 | Emergency & Level 2,48,"Need electrical help in Burrawang 2577? Emergency faults, Level 2 ASP, switchboards, hot water, aircon, CCTV/data and general electrical work across.",149,yes,yes,2963,yes,yes,yes,yes,yes,,,,,
/service-areas/southern-highlands/wingecarribee/buxton,suburb page,yes,yes,Electrician Buxton 2571 | Emergency & Level 2,45,"Evaready helps Buxton with urgent faults, Level 2 ASP work, switchboards, hot water electrical, aircon, CCTV/data and planned electrical work.",142,yes,yes,2877,yes,yes,yes,yes,yes,,,,,
/service-areas/southern-highlands/wingecarribee/colo-vale,suburb page,yes,yes,Electrician Colo Vale 2575 | Emergency & Level 2,48,"Need electrical help in Colo Vale 2575? Emergency faults, Level 2 ASP, switchboards, hot water, aircon, CCTV/data and general electrical work across.",149,yes,yes,2979,yes,yes,yes,yes,yes,,,,,
/service-areas/southern-highlands/wingecarribee/east-kangaloon,suburb page,yes,yes,Electrician East Kangaloon 2576 | Emergency & Level 2,53,"Need an electrician in East Kangaloon? Evaready helps with emergency faults, Level 2 ASP work, switchboards, hot water, aircon, CCTV/data and general.",150,yes,yes,2992,yes,yes,yes,yes,yes,,,,,
/service-areas/southern-highlands/wingecarribee/exeter,suburb page,yes,yes,Electrician Exeter 2579 | Emergency & Level 2,45,"Evaready helps Exeter with urgent faults, Level 2 ASP work, switchboards, hot water electrical, aircon, CCTV/data and planned electrical work.",142,yes,yes,2929,yes,yes,yes,yes,yes,,,,,
/service-areas/southern-highlands/wingecarribee/glenquarry,suburb page,yes,yes,Electrician Glenquarry 2576 | Emergency & Level 2,49,"Need electrical help in Glenquarry 2576? Emergency faults, Level 2 ASP, switchboards, hot water, aircon, CCTV/data and general electrical work across.",150,yes,yes,2852,yes,yes,yes,yes,yes,,,,,
/service-areas/southern-highlands/wingecarribee/hill-top,suburb page,yes,yes,Electrician Hill Top 2575 | Emergency & Level 2,47,"Evaready helps Hill Top with urgent faults, Level 2 ASP work, switchboards, hot water electrical, aircon, CCTV/data and planned electrical work.",144,yes,yes,2986,yes,yes,yes,yes,yes,,,,,
/service-areas/southern-highlands/wingecarribee/kangaloon,suburb page,yes,yes,Electrician Kangaloon 2576 | Emergency & Level 2,48,"Need electrical help in Kangaloon 2576? Emergency faults, Level 2 ASP, switchboards, hot water, aircon, CCTV/data and general electrical work across.",149,yes,yes,2910,yes,yes,yes,yes,yes,,,,,
/service-areas/southern-highlands/wingecarribee/medway,suburb page,yes,yes,Electrician Medway 2577 | Emergency & Level 2,45,"Need an electrician in Medway? Evaready helps with emergency faults, Level 2 ASP work, switchboards, hot water, aircon, CCTV/data and general.",142,yes,yes,2885,yes,yes,yes,yes,yes,,,,,
/service-areas/southern-highlands/wingecarribee/mittagong,suburb page,yes,yes,Electrician Mittagong 2575 | Emergency & Level 2,48,"Need electrical help in Mittagong 2575? Emergency faults, Level 2 ASP, switchboards, hot water, aircon, CCTV/data and general electrical work across.",149,yes,yes,2955,yes,yes,yes,yes,yes,,,,,
/service-areas/southern-highlands/wingecarribee/moss-vale,suburb page,yes,yes,Electrician Moss Vale 2577 | Emergency & Level 2,48,"Evaready helps Moss Vale with urgent faults, Level 2 ASP work, switchboards, hot water electrical, aircon, CCTV/data and planned electrical work.",145,yes,yes,3017,yes,yes,yes,yes,yes,,,,,
/service-areas/southern-highlands/wingecarribee/new-berrima,suburb page,yes,yes,Electrician New Berrima 2577 | Emergency & Level 2,50,"Evaready helps New Berrima with urgent faults, Level 2 ASP work, switchboards, hot water electrical, aircon, CCTV/data and planned electrical work.",147,yes,yes,2980,yes,yes,yes,yes,yes,,,,,
/service-areas/southern-highlands/wingecarribee/renwick,suburb page,yes,yes,Electrician Renwick 2575 | Emergency & Level 2,46,"Need electrical help in Renwick 2575? Emergency faults, Level 2 ASP, switchboards, hot water, aircon, CCTV/data and general electrical work across.",147,yes,yes,2907,yes,yes,yes,yes,yes,,,,,
/service-areas/southern-highlands/wingecarribee/sutton-forest,suburb page,yes,yes,Electrician Sutton Forest 2577 | Emergency & Level 2,52,"Need electrical help in Sutton Forest 2577? Emergency faults, Level 2 ASP, switchboards, hot water, aircon, CCTV/data and general electrical work.",146,yes,yes,3023,yes,yes,yes,yes,yes,,,,,
/service-areas/southern-highlands/wingecarribee/welby,suburb page,yes,yes,Electrician Welby 2575 | Emergency & Level 2,44,"Evaready helps Welby with urgent faults, Level 2 ASP work, switchboards, hot water electrical, aircon, CCTV/data and planned electrical work.",141,yes,yes,2938,yes,yes,yes,yes,yes,,,,,
/service-areas/southern-highlands/wingecarribee/willow-vale,suburb page,yes,yes,Electrician Willow Vale 2575 | Emergency & Level 2,50,"Need an electrician in Willow Vale? Evaready helps with emergency faults, Level 2 ASP work, switchboards, hot water, aircon, CCTV/data and general.",147,yes,yes,2961,yes,yes,yes,yes,yes,,,,,
/service-areas/southern-highlands/wingecarribee/woodlands,suburb page,yes,yes,Electrician Woodlands 2575 | Emergency & Level 2,48,"Evaready helps Woodlands with urgent faults, Level 2 ASP work, switchboards, hot water electrical, aircon, CCTV/data and planned electrical work.",145,yes,yes,2885,yes,yes,yes,yes,yes,,,,,
/service-areas/southern-highlands/wingecarribee/yerrinbool,suburb page,yes,yes,Electrician Yerrinbool 2575 | Emergency & Level 2,49,"Need an electrician in Yerrinbool? Evaready helps with emergency faults, Level 2 ASP work, switchboards, hot water, aircon, CCTV/data and general.",146,yes,yes,2955,yes,yes,yes,yes,yes,,,,,
/service-areas/central-coast-south/central-coast/alison,suburb page,yes,yes,Electrician Alison 2259 | Emergency & Level 2,45,"Need electrical help in Alison 2259? Emergency faults, Level 2 ASP, switchboards, hot water, aircon, CCTV/data and general electrical work across.",146,yes,yes,2884,yes,yes,yes,yes,yes,,,,,
/service-areas/central-coast-south/central-coast/bar-point,suburb page,yes,yes,Electrician Bar Point 2083 | Emergency & Level 2,48,"Need an electrician in Bar Point? Evaready helps with emergency faults, Level 2 ASP work, switchboards, hot water, aircon, CCTV/data and general.",145,yes,yes,2934,yes,yes,yes,yes,yes,,,,,
/service-areas/central-coast-south/central-coast/blackwall,suburb page,yes,yes,Electrician Blackwall 2256 | Emergency & Level 2,48,"Evaready helps Blackwall with urgent faults, Level 2 ASP work, switchboards, hot water electrical, aircon, CCTV/data and planned electrical work.",145,yes,yes,2905,yes,yes,yes,yes,yes,,,,,
/service-areas/central-coast-south/central-coast/calga,suburb page,yes,yes,Electrician Calga 2250 | Emergency & Level 2,44,"Evaready helps Calga with urgent faults, Level 2 ASP work, switchboards, hot water electrical, aircon, CCTV/data and planned electrical work.",141,yes,yes,2942,yes,yes,yes,yes,yes,,,,,
/service-areas/central-coast-south/central-coast/central-mangrove,suburb page,yes,yes,Electrician Central Mangrove 2250 | Emergency & Level 2,55,"Evaready helps Central Mangrove with urgent faults, Level 2 ASP work, switchboards, hot water electrical, aircon, CCTV/data and planned electrical work.",152,yes,yes,2980,yes,yes,yes,yes,yes,,,,,
/service-areas/central-coast-south/central-coast/cheero-point,suburb page,yes,yes,Electrician Cheero Point 2083 | Emergency & Level 2,51,"Need an electrician in Cheero Point? Evaready helps with emergency faults, Level 2 ASP work, switchboards, hot water, aircon, CCTV/data and general.",148,yes,yes,3044,yes,yes,yes,yes,yes,,,,,
/service-areas/central-coast-south/central-coast/cogra-bay,suburb page,yes,yes,Electrician Cogra Bay 2083 | Emergency & Level 2,48,"Need electrical help in Cogra Bay 2083? Emergency faults, Level 2 ASP, switchboards, hot water, aircon, CCTV/data and general electrical work across.",149,yes,yes,3010,yes,yes,yes,yes,yes,,,,,
/service-areas/central-coast-south/central-coast/east-gosford,suburb page,yes,yes,Electrician East Gosford 2250 | Emergency & Level 2,51,"Need an electrician in East Gosford? Evaready helps with emergency faults, Level 2 ASP work, switchboards, hot water, aircon, CCTV/data and general.",148,yes,yes,2985,yes,yes,yes,yes,yes,,,,,
/service-areas/central-coast-south/central-coast/erina,suburb page,yes,yes,Electrician Erina 2250 | Emergency & Level 2,44,"Need an electrician in Erina? Evaready helps with emergency faults, Level 2 ASP work, switchboards, hot water, aircon, CCTV/data and general.",141,yes,yes,2972,yes,yes,yes,yes,yes,,,,,
/service-areas/central-coast-south/central-coast/gosford,suburb page,yes,yes,Electrician Gosford 2250 | Emergency & Level 2,46,"Need an electrician in Gosford? Evaready Electrical helps with urgent faults, switchboards, hot water circuits, outdoor lighting, CCTV, data cabling.",149,yes,yes,2932,yes,yes,yes,yes,yes,,,,,
/service-areas/central-coast-south/central-coast/green-point,suburb page,yes,yes,Electrician Green Point 2251 | Emergency & Level 2,50,"Evaready helps Green Point with urgent faults, Level 2 ASP work, switchboards, hot water electrical, aircon, CCTV/data and planned electrical work.",147,yes,yes,3002,yes,yes,yes,yes,yes,,,,,
/service-areas/central-coast-south/central-coast/horsfield-bay,suburb page,yes,yes,Electrician Horsfield Bay 2256 | Emergency & Level 2,52,"Need electrical help in Horsfield Bay 2256? Emergency faults, Level 2 ASP, switchboards, hot water, aircon, CCTV/data and general electrical work.",146,yes,yes,2979,yes,yes,yes,yes,yes,,,,,
/service-areas/central-coast-south/central-coast/kangy-angy,suburb page,yes,yes,Electrician Kangy Angy 2258 | Emergency & Level 2,49,"Evaready helps Kangy Angy with urgent faults, Level 2 ASP work, switchboards, hot water electrical, aircon, CCTV/data and planned electrical work.",146,yes,yes,3070,yes,yes,yes,yes,yes,,,,,
/service-areas/central-coast-south/central-coast/kariong,suburb page,yes,yes,Electrician Kariong 2250 | Emergency & Level 2,46,"Evaready helps Kariong with urgent faults, Level 2 ASP work, switchboards, hot water electrical, aircon, CCTV/data and planned electrical work.",143,yes,yes,2934,yes,yes,yes,yes,yes,,,,,
/service-areas/central-coast-south/central-coast/koolewong,suburb page,yes,yes,Electrician Koolewong 2256 | Emergency & Level 2,48,"Evaready helps Koolewong with urgent faults, Level 2 ASP work, switchboards, hot water electrical, aircon, CCTV/data and planned electrical work.",145,yes,yes,2945,yes,yes,yes,yes,yes,,,,,
/service-areas/central-coast-south/central-coast/mardi,suburb page,yes,yes,Electrician Mardi 2259 | Emergency & Level 2,44,"Evaready helps Mardi with urgent faults, Level 2 ASP work, switchboards, hot water electrical, aircon, CCTV/data and planned electrical work.",141,yes,yes,2955,yes,yes,yes,yes,yes,,,,,
/service-areas/central-coast-south/central-coast/marlow,suburb page,yes,yes,Electrician Marlow 2775 | Emergency & Level 2,45,"Need electrical help in Marlow 2775? Emergency faults, Level 2 ASP, switchboards, hot water, aircon, CCTV/data and general electrical work across.",146,yes,yes,2937,yes,yes,yes,yes,yes,,,,,
/service-areas/central-coast-south/central-coast/mooney-mooney,suburb page,yes,yes,Electrician Mooney Mooney 2083 | Emergency & Level 2,52,"Need an electrician in Mooney Mooney? Evaready helps with emergency faults, Level 2 ASP work, switchboards, hot water, aircon, CCTV/data and general.",149,yes,yes,3015,yes,yes,yes,yes,yes,,,,,
/service-areas/central-coast-south/central-coast/mooney-mooney-creek,suburb page,yes,yes,Electrician Mooney Mooney Creek 2250 | Emergency & Level 2,58,"Need an electrician in Mooney Mooney Creek? Evaready helps with emergency faults, Level 2 ASP work, switchboards, hot water, aircon, CCTV/data.",143,yes,yes,3062,yes,yes,yes,yes,yes,,,,,
/service-areas/central-coast-south/central-coast/mount-white,suburb page,yes,yes,Electrician Mount White 2250 | Emergency & Level 2,50,"Evaready helps Mount White with urgent faults, Level 2 ASP work, switchboards, hot water electrical, aircon, CCTV/data and planned electrical work.",147,yes,yes,3002,yes,yes,yes,yes,yes,,,,,
/service-areas/central-coast-south/central-coast/narara,suburb page,yes,yes,Electrician Narara 2250 | Emergency & Level 2,45,"Evaready helps Narara with urgent faults, Level 2 ASP work, switchboards, hot water electrical, aircon, CCTV/data and planned electrical work.",142,yes,yes,2930,yes,yes,yes,yes,yes,,,,,
/service-areas/central-coast-south/central-coast/niagara-park,suburb page,yes,yes,Electrician Niagara Park 2250 | Emergency & Level 2,51,"Need an electrician in Niagara Park? Evaready helps with emergency faults, Level 2 ASP work, switchboards, hot water, aircon, CCTV/data and general.",148,yes,yes,3037,yes,yes,yes,yes,yes,,,,,
/service-areas/central-coast-south/central-coast/north-gosford,suburb page,yes,yes,Electrician North Gosford 2250 | Emergency & Level 2,52,"Evaready helps North Gosford with urgent faults, Level 2 ASP work, switchboards, hot water electrical, aircon, CCTV/data and planned electrical work.",149,yes,yes,3062,yes,yes,yes,yes,yes,,,,,
/service-areas/central-coast-south/central-coast/palmdale,suburb page,yes,yes,Electrician Palmdale 2258 | Emergency & Level 2,47,"Need electrical help in Palmdale 2258? Emergency faults, Level 2 ASP, switchboards, hot water, aircon, CCTV/data and general electrical work across.",148,yes,yes,2911,yes,yes,yes,yes,yes,,,,,
/service-areas/central-coast-south/central-coast/peats-ridge,suburb page,yes,yes,Electrician Peats Ridge 2250 | Emergency & Level 2,50,"Evaready helps Peats Ridge with urgent faults, Level 2 ASP work, switchboards, hot water electrical, aircon, CCTV/data and planned electrical work.",147,yes,yes,3112,yes,yes,yes,yes,yes,,,,,
/service-areas/central-coast-south/central-coast/phegans-bay,suburb page,yes,yes,Electrician Phegans Bay 2256 | Emergency & Level 2,50,"Need electrical help in Phegans Bay 2256? Emergency faults, Level 2 ASP, switchboards, hot water, aircon, CCTV/data and general electrical work across.",151,yes,yes,3011,yes,yes,yes,yes,yes,,,,,
/service-areas/central-coast-south/central-coast/point-clare,suburb page,yes,yes,Electrician Point Clare 2250 | Emergency & Level 2,50,"Need an electrician in Point Clare? Evaready helps with emergency faults, Level 2 ASP work, switchboards, hot water, aircon, CCTV/data and general.",147,yes,yes,3041,yes,yes,yes,yes,yes,,,,,
/service-areas/central-coast-south/central-coast/point-frederick,suburb page,yes,yes,Electrician Point Frederick 2250 | Emergency & Level 2,54,"Need electrical help in Point Frederick 2250? Emergency faults, Level 2 ASP, switchboards, hot water, aircon, CCTV/data and general electrical work.",148,yes,yes,3032,yes,yes,yes,yes,yes,,,,,
/service-areas/central-coast-south/central-coast/somersby,suburb page,yes,yes,Electrician Somersby 2250 | Emergency & Level 2,47,"Need electrical help in Somersby 2250? Emergency faults, Level 2 ASP, switchboards, hot water, aircon, CCTV/data and general electrical work across.",148,yes,yes,2951,yes,yes,yes,yes,yes,,,,,
/service-areas/central-coast-south/central-coast/springfield,suburb page,yes,yes,Electrician Springfield 2250 | Emergency & Level 2,50,"Need an electrician in Springfield? Evaready helps with emergency faults, Level 2 ASP work, switchboards, hot water, aircon, CCTV/data and general.",147,yes,yes,2995,yes,yes,yes,yes,yes,,,,,
/service-areas/central-coast-south/central-coast/tascott,suburb page,yes,yes,Electrician Tascott 2250 | Emergency & Level 2,46,"Need an electrician in Tascott? Evaready helps with emergency faults, Level 2 ASP work, switchboards, hot water, aircon, CCTV/data and general.",143,yes,yes,2901,yes,yes,yes,yes,yes,,,,,
/service-areas/central-coast-south/central-coast/tuggerah,suburb page,yes,yes,Electrician Tuggerah 2259 | Emergency & Level 2,47,"Need an electrician in Tuggerah? Evaready helps with emergency faults, Level 2 ASP work, switchboards, hot water, aircon, CCTV/data and general.",144,yes,yes,2937,yes,yes,yes,yes,yes,,,,,
/service-areas/central-coast-south/central-coast/wendoree-park,suburb page,yes,yes,Electrician Wendoree Park 2250 | Emergency & Level 2,52,"Need an electrician in Wendoree Park? Evaready helps with emergency faults, Level 2 ASP work, switchboards, hot water, aircon, CCTV/data and general.",149,yes,yes,3047,yes,yes,yes,yes,yes,,,,,
/service-areas/central-coast-south/central-coast/west-gosford,suburb page,yes,yes,Electrician West Gosford 2250 | Emergency & Level 2,51,"Need electrical help in West Gosford 2250? Emergency faults, Level 2 ASP, switchboards, hot water, aircon, CCTV/data and general electrical work.",145,yes,yes,2992,yes,yes,yes,yes,yes,,,,,
/service-areas/central-coast-south/central-coast/woy-woy,suburb page,yes,yes,Electrician Woy Woy 2256 | Emergency & Level 2,46,"Need electrical help in Woy Woy 2256? Emergency faults, Level 2 ASP, switchboards, hot water, aircon, CCTV/data and general electrical work across.",147,yes,yes,3065,yes,yes,yes,yes,yes,,,,,
/service-areas/central-coast-south/central-coast/woy-woy-bay,suburb page,yes,yes,Electrician Woy Woy Bay 2256 | Emergency & Level 2,50,"Need electrical help in Woy Woy Bay 2256? Emergency faults, Level 2 ASP, switchboards, hot water, aircon, CCTV/data and general electrical work across.",151,yes,yes,3063,yes,yes,yes,yes,yes,,,,,
/service-areas/central-coast-south/central-coast/wyoming,suburb page,yes,yes,Electrician Wyoming 2250 | Emergency & Level 2,46,"Need an electrician in Wyoming? Evaready helps with emergency faults, Level 2 ASP work, switchboards, hot water, aircon, CCTV/data and general.",143,yes,yes,2974,yes,yes,yes,yes,yes,,,,,