"region","area","suburb","postcode","route","current classification: core/greater","expected response wording","actual response wording","current displayed minutes: 60/90","possible 60-minute candidate yes/no","reason","recommended classification","needs owner approval yes/no"
"Canterbury-Bankstown & Inner South West","Canterbury-Bankstown","Bankstown","2200","/service-areas/canterbury-bankstown-and-inner-south-west/canterbury-bankstown/bankstown/","core","within 60 minutes / 60-minute response","60-minute response for urgent call-outs. | Urgent help for power loss, hot fittings and tripping circuits, business outages and damaged outdoor power in Bankstown, with 60-minute emergency response. | Emergency call-outs in this region use 60-minute emergency response.","60","no","Current response-time wording matches the current region classification.","Keep current core classification","no"
"Canterbury-Bankstown & Inner South West","Canterbury-Bankstown","Bass Hill","2197","/service-areas/canterbury-bankstown-and-inner-south-west/canterbury-bankstown/bass-hill/","core","within 60 minutes / 60-minute response","60-minute response for urgent call-outs. | Urgent help for power loss, hot fittings and tripping circuits, business outages and damaged outdoor power in Bass Hill, with 60-minute emergency response. | Emergency call-outs in this region use 60-minute emergency response.","60","no","Current response-time wording matches the current region classification.","Keep current core classification","no"
"Canterbury-Bankstown & Inner South West","Canterbury-Bankstown","Belfield","2191","/service-areas/canterbury-bankstown-and-inner-south-west/canterbury-bankstown/belfield/","core","within 60 minutes / 60-minute response","60-minute response for urgent call-outs. | Urgent help for power loss, hot fittings and tripping circuits, business outages and damaged outdoor power in Belfield, with 60-minute emergency response. | Emergency call-outs in this region use 60-minute emergency response.","60","no","Current response-time wording matches the current region classification.","Keep current core classification","no"
"Canterbury-Bankstown & Inner South West","Canterbury-Bankstown","Belmore","2192","/service-areas/canterbury-bankstown-and-inner-south-west/canterbury-bankstown/belmore/","core","within 60 minutes / 60-minute response","60-minute response for urgent call-outs. | For Belmore, emergency call-outs use 60-minute emergency response; call for unsafe faults, or send photos and details for planned work. | Evaready provides 60-minute emergency response for emergency call-outs in this region. | Urgent help for power loss, hot fittings and tripping circuits, business outages and damaged outdoor power in Belmore, with 60-minute emergency response.","60","no","Current response-time wording matches the current region classification.","Keep current core classification","no"
"Canterbury-Bankstown & Inner South West","Canterbury-Bankstown","Beverly Hills","2209","/service-areas/canterbury-bankstown-and-inner-south-west/canterbury-bankstown/beverly-hills/","core","within 60 minutes / 60-minute response","60-minute response for urgent call-outs. | For Beverly Hills, emergency call-outs use 60-minute emergency response; call for unsafe faults, or send photos and details for planned work. | Urgent help for power loss, hot fittings and tripping circuits, business outages and damaged outdoor power in Beverly Hills, with 60-minute emergency response. | Emergency call-outs in this region use 60-minute emergency response.","60","no","Current response-time wording matches the current region classification.","Keep current core classification","no"
"Canterbury-Bankstown & Inner South West","Canterbury-Bankstown","Birrong","2143","/service-areas/canterbury-bankstown-and-inner-south-west/canterbury-bankstown/birrong/","core","within 60 minutes / 60-minute response","60-minute response for urgent call-outs. | Evaready provides 60-minute emergency response for emergency call-outs in this region. | Urgent help for power loss, hot fittings and tripping circuits, business outages and damaged outdoor power in Birrong, with 60-minute emergency response. | Emergency call-outs in this region use 60-minute emergency response.","60","no","Current response-time wording matches the current region classification.","Keep current core classification","no"
"Canterbury-Bankstown & Inner South West","Canterbury-Bankstown","Campsie","2194","/service-areas/canterbury-bankstown-and-inner-south-west/canterbury-bankstown/campsie/","core","within 60 minutes / 60-minute response","60-minute response for urgent call-outs. | Urgent help for power loss, hot fittings and tripping circuits, business outages and damaged outdoor power in Campsie, with 60-minute emergency response. | Emergency call-outs in this region use 60-minute emergency response.","60","no","Current response-time wording matches the current region classification.","Keep current core classification","no"
"Canterbury-Bankstown & Inner South West","Canterbury-Bankstown","Canterbury","2193","/service-areas/canterbury-bankstown-and-inner-south-west/canterbury-bankstown/canterbury/","core","within 60 minutes / 60-minute response","60-minute response for urgent call-outs. | Evaready provides 60-minute emergency response for emergency call-outs in this region. | Urgent help for power loss, hot fittings and tripping circuits, business outages and damaged outdoor power in Canterbury, with 60-minute emergency response. | Emergency call-outs in this region use 60-minute emergency response.","60","no","Current response-time wording matches the current region classification.","Keep current core classification","no"
"Canterbury-Bankstown & Inner South West","Canterbury-Bankstown","Chester Hill","2162","/service-areas/canterbury-bankstown-and-inner-south-west/canterbury-bankstown/chester-hill/","core","within 60 minutes / 60-minute response","60-minute response for urgent call-outs. | Urgent help for power loss, hot fittings and tripping circuits, business outages and damaged outdoor power in Chester Hill, with 60-minute emergency response. | Emergency call-outs in this region use 60-minute emergency response.","60","no","Current response-time wording matches the current region classification.","Keep current core classification","no"
"Canterbury-Bankstown & Inner South West","Canterbury-Bankstown","Clemton Park","2206","/service-areas/canterbury-bankstown-and-inner-south-west/canterbury-bankstown/clemton-park/","core","within 60 minutes / 60-minute response","60-minute response for urgent call-outs. | Urgent help for power loss, hot fittings and tripping circuits, business outages and damaged outdoor power in Clemton Park, with 60-minute emergency response. | Emergency call-outs in this region use 60-minute emergency response.","60","no","Current response-time wording matches the current region classification.","Keep current core classification","no"
"Canterbury-Bankstown & Inner South West","Canterbury-Bankstown","Condell Park","2200","/service-areas/canterbury-bankstown-and-inner-south-west/canterbury-bankstown/condell-park/","core","within 60 minutes / 60-minute response","60-minute response for urgent call-outs. | Urgent help for power loss, hot fittings and tripping circuits, business outages and damaged outdoor power in Condell Park, with 60-minute emergency response. | Emergency call-outs in this region use 60-minute emergency response.","60","no","Current response-time wording matches the current region classification.","Keep current core classification","no"
"Canterbury-Bankstown & Inner South West","Canterbury-Bankstown","Earlwood","2206","/service-areas/canterbury-bankstown-and-inner-south-west/canterbury-bankstown/earlwood/","core","within 60 minutes / 60-minute response","60-minute response for urgent call-outs. | Evaready provides 60-minute emergency response for emergency call-outs in this region. | Urgent help for power loss, hot fittings and tripping circuits, business outages and damaged outdoor power in Earlwood, with 60-minute emergency response. | Emergency call-outs in this region use 60-minute emergency response.","60","no","Current response-time wording matches the current region classification.","Keep current core classification","no"
"Canterbury-Bankstown & Inner South West","Canterbury-Bankstown","East Hills","2213","/service-areas/canterbury-bankstown-and-inner-south-west/canterbury-bankstown/east-hills/","core","within 60 minutes / 60-minute response","60-minute response for urgent call-outs. | Urgent help for power loss, hot fittings and tripping circuits, business outages and damaged outdoor power in East Hills, with 60-minute emergency response. | Emergency call-outs in this region use 60-minute emergency response.","60","no","Current response-time wording matches the current region classification.","Keep current core classification","no"
"Canterbury-Bankstown & Inner South West","Canterbury-Bankstown","Georges Hall","2198","/service-areas/canterbury-bankstown-and-inner-south-west/canterbury-bankstown/georges-hall/","core","within 60 minutes / 60-minute response","60-minute response for urgent call-outs. | Evaready provides 60-minute emergency response for emergency call-outs in this region. | Urgent help for power loss, hot fittings and tripping circuits, business outages and damaged outdoor power in Georges Hall, with 60-minute emergency response. | Emergency call-outs in this region use 60-minute emergency response.","60","no","Current response-time wording matches the current region classification.","Keep current core classification","no"
"Canterbury-Bankstown & Inner South West","Canterbury-Bankstown","Greenacre","2190","/service-areas/canterbury-bankstown-and-inner-south-west/canterbury-bankstown/greenacre/","core","within 60 minutes / 60-minute response","60-minute response for urgent call-outs. | Urgent help for power loss, hot fittings and tripping circuits, business outages and damaged outdoor power in Greenacre, with 60-minute emergency response. | Emergency call-outs in this region use 60-minute emergency response.","60","no","Current response-time wording matches the current region classification.","Keep current core classification","no"
"Canterbury-Bankstown & Inner South West","Canterbury-Bankstown","Kingsgrove","2208","/service-areas/canterbury-bankstown-and-inner-south-west/canterbury-bankstown/kingsgrove/","core","within 60 minutes / 60-minute response","60-minute response for urgent call-outs. | Urgent help for power loss, hot fittings and tripping circuits, business outages and damaged outdoor power in Kingsgrove, with 60-minute emergency response. | Emergency call-outs in this region use 60-minute emergency response.","60","no","Current response-time wording matches the current region classification.","Keep current core classification","no"
"Canterbury-Bankstown & Inner South West","Canterbury-Bankstown","Lakemba","2195","/service-areas/canterbury-bankstown-and-inner-south-west/canterbury-bankstown/lakemba/","core","within 60 minutes / 60-minute response","60-minute response for urgent call-outs. | Urgent help for power loss, hot fittings and tripping circuits, business outages and damaged outdoor power in Lakemba, with 60-minute emergency response. | Emergency call-outs in this region use 60-minute emergency response.","60","no","Current response-time wording matches the current region classification.","Keep current core classification","no"
"Canterbury-Bankstown & Inner South West","Canterbury-Bankstown","Lansdowne","2163","/service-areas/canterbury-bankstown-and-inner-south-west/canterbury-bankstown/lansdowne/","core","within 60 minutes / 60-minute response","60-minute response for urgent call-outs. | Urgent help for power loss, hot fittings and tripping circuits, business outages and damaged outdoor power in Lansdowne, with 60-minute emergency response. | Emergency call-outs in this region use 60-minute emergency response.","60","no","Current response-time wording matches the current region classification.","Keep current core classification","no"
"Canterbury-Bankstown & Inner South West","Canterbury-Bankstown","Milperra","2214","/service-areas/canterbury-bankstown-and-inner-south-west/canterbury-bankstown/milperra/","core","within 60 minutes / 60-minute response","60-minute response for urgent call-outs. | For Milperra, emergency call-outs use 60-minute emergency response; call for unsafe faults, or send photos and details for planned work. | Urgent help for power loss, hot fittings and tripping circuits, business outages and damaged outdoor power in Milperra, with 60-minute emergency response. | Emergency call-outs in this region use 60-minute emergency response.","60","no","Current response-time wording matches the current region classification.","Keep current core classification","no"
"Canterbury-Bankstown & Inner South West","Canterbury-Bankstown","Mount Lewis","2190","/service-areas/canterbury-bankstown-and-inner-south-west/canterbury-bankstown/mount-lewis/","core","within 60 minutes / 60-minute response","60-minute response for urgent call-outs. | For Mount Lewis, emergency call-outs use 60-minute emergency response; call for unsafe faults, or send photos and details for planned work. | Evaready provides 60-minute emergency response for emergency call-outs in this region. | Urgent help for power loss, hot fittings and tripping circuits, business outages and damaged outdoor power in Mount Lewis, with 60-minute emergency response.","60","no","Current response-time wording matches the current region classification.","Keep current core classification","no"
"Canterbury-Bankstown & Inner South West","Canterbury-Bankstown","Narwee","2209","/service-areas/canterbury-bankstown-and-inner-south-west/canterbury-bankstown/narwee/","core","within 60 minutes / 60-minute response","60-minute response for urgent call-outs. | For Narwee, emergency call-outs use 60-minute emergency response; call for unsafe faults, or send photos and details for planned work. | Urgent help for power loss, hot fittings and tripping circuits, business outages and damaged outdoor power in Narwee, with 60-minute emergency response. | Emergency call-outs in this region use 60-minute emergency response.","60","no","Current response-time wording matches the current region classification.","Keep current core classification","no"
"Canterbury-Bankstown & Inner South West","Canterbury-Bankstown","Padstow","2211","/service-areas/canterbury-bankstown-and-inner-south-west/canterbury-bankstown/padstow/","core","within 60 minutes / 60-minute response","60-minute response for urgent call-outs. | Evaready provides 60-minute emergency response for emergency call-outs in this region. | Urgent help for power loss, hot fittings and tripping circuits, business outages and damaged outdoor power in Padstow, with 60-minute emergency response. | Emergency call-outs in this region use 60-minute emergency response.","60","no","Current response-time wording matches the current region classification.","Keep current core classification","no"
"Canterbury-Bankstown & Inner South West","Canterbury-Bankstown","Padstow Heights","2211","/service-areas/canterbury-bankstown-and-inner-south-west/canterbury-bankstown/padstow-heights/","core","within 60 minutes / 60-minute response","60-minute response for urgent call-outs. | For Padstow Heights, emergency call-outs use 60-minute emergency response; call for unsafe faults, or send photos and details for planned work. | Evaready provides 60-minute emergency response for emergency call-outs in this region. | Urgent help for power loss, hot fittings and tripping circuits, business outages and damaged outdoor power in Padstow Heights, with 60-minute emergency response.","60","no","Current response-time wording matches the current region classification.","Keep current core classification","no"
"Canterbury-Bankstown & Inner South West","Canterbury-Bankstown","Panania","2213","/service-areas/canterbury-bankstown-and-inner-south-west/canterbury-bankstown/panania/","core","within 60 minutes / 60-minute response","60-minute response for urgent call-outs. | Urgent help for power loss, hot fittings and tripping circuits, business outages and damaged outdoor power in Panania, with 60-minute emergency response. | Emergency call-outs in this region use 60-minute emergency response.","60","no","Current response-time wording matches the current region classification.","Keep current core classification","no"
"Canterbury-Bankstown & Inner South West","Canterbury-Bankstown","Picnic Point","2213","/service-areas/canterbury-bankstown-and-inner-south-west/canterbury-bankstown/picnic-point/","core","within 60 minutes / 60-minute response","60-minute response for urgent call-outs. | For Picnic Point, emergency call-outs use 60-minute emergency response; call for unsafe faults, or send photos and details for planned work. | Evaready provides 60-minute emergency response for emergency call-outs in this region. | Urgent help for power loss, hot fittings and tripping circuits, business outages and damaged outdoor power in Picnic Point, with 60-minute emergency response.","60","no","Current response-time wording matches the current region classification.","Keep current core classification","no"
"Canterbury-Bankstown & Inner South West","Canterbury-Bankstown","Potts Hill","2143","/service-areas/canterbury-bankstown-and-inner-south-west/canterbury-bankstown/potts-hill/","core","within 60 minutes / 60-minute response","60-minute response for urgent call-outs. | Urgent help for power loss, hot fittings and tripping circuits, business outages and damaged outdoor power in Potts Hill, with 60-minute emergency response. | Emergency call-outs in this region use 60-minute emergency response.","60","no","Current response-time wording matches the current region classification.","Keep current core classification","no"
"Canterbury-Bankstown & Inner South West","Canterbury-Bankstown","Punchbowl","2196","/service-areas/canterbury-bankstown-and-inner-south-west/canterbury-bankstown/punchbowl/","core","within 60 minutes / 60-minute response","60-minute response for urgent call-outs. | Evaready provides 60-minute emergency response for emergency call-outs in this region. | Urgent help for power loss, hot fittings and tripping circuits, business outages and damaged outdoor power in Punchbowl, with 60-minute emergency response. | Emergency call-outs in this region use 60-minute emergency response.","60","no","Current response-time wording matches the current region classification.","Keep current core classification","no"
"Canterbury-Bankstown & Inner South West","Canterbury-Bankstown","Revesby","2212","/service-areas/canterbury-bankstown-and-inner-south-west/canterbury-bankstown/revesby/","core","within 60 minutes / 60-minute response","60-minute response for urgent call-outs. | Evaready provides 60-minute emergency response for emergency call-outs in this region. | Urgent help for power loss, hot fittings and tripping circuits, business outages and damaged outdoor power in Revesby, with 60-minute emergency response. | Emergency call-outs in this region use 60-minute emergency response.","60","no","Current response-time wording matches the current region classification.","Keep current core classification","no"
"Canterbury-Bankstown & Inner South West","Canterbury-Bankstown","Revesby Heights","2212","/service-areas/canterbury-bankstown-and-inner-south-west/canterbury-bankstown/revesby-heights/","core","within 60 minutes / 60-minute response","60-minute response for urgent call-outs. | Evaready provides 60-minute emergency response for emergency call-outs in this region. | Urgent help for power loss, hot fittings and tripping circuits, business outages and damaged outdoor power in Revesby Heights, with 60-minute emergency response. | Emergency call-outs in this region use 60-minute emergency response.","60","no","Current response-time wording matches the current region classification.","Keep current core classification","no"
"Canterbury-Bankstown & Inner South West","Canterbury-Bankstown","Riverwood","2210","/service-areas/canterbury-bankstown-and-inner-south-west/canterbury-bankstown/riverwood/","core","within 60 minutes / 60-minute response","60-minute response for urgent call-outs. | Urgent help for power loss, hot fittings and tripping circuits, business outages and damaged outdoor power in Riverwood, with 60-minute emergency response. | Emergency call-outs in this region use 60-minute emergency response.","60","no","Current response-time wording matches the current region classification.","Keep current core classification","no"
"Canterbury-Bankstown & Inner South West","Canterbury-Bankstown","Roselands","2196","/service-areas/canterbury-bankstown-and-inner-south-west/canterbury-bankstown/roselands/","core","within 60 minutes / 60-minute response","60-minute response for urgent call-outs. | Evaready provides 60-minute emergency response for emergency call-outs in this region. | Urgent help for power loss, hot fittings and tripping circuits, business outages and damaged outdoor power in Roselands, with 60-minute emergency response. | Emergency call-outs in this region use 60-minute emergency response.","60","no","Current response-time wording matches the current region classification.","Keep current core classification","no"
"Canterbury-Bankstown & Inner South West","Canterbury-Bankstown","Sefton","2162","/service-areas/canterbury-bankstown-and-inner-south-west/canterbury-bankstown/sefton/","core","within 60 minutes / 60-minute response","60-minute response for urgent call-outs. | For Sefton, emergency call-outs use 60-minute emergency response; call for unsafe faults, or send photos and details for planned work. | Evaready provides 60-minute emergency response for emergency call-outs in this region. | Urgent help for power loss, hot fittings and tripping circuits, business outages and damaged outdoor power in Sefton, with 60-minute emergency response.","60","no","Current response-time wording matches the current region classification.","Keep current core classification","no"
"Canterbury-Bankstown & Inner South West","Canterbury-Bankstown","Villawood","2163","/service-areas/canterbury-bankstown-and-inner-south-west/canterbury-bankstown/villawood/","core","within 60 minutes / 60-minute response","60-minute response for urgent call-outs. | Evaready provides 60-minute emergency response for emergency call-outs in this region. | Urgent help for power loss, hot fittings and tripping circuits, business outages and damaged outdoor power in Villawood, with 60-minute emergency response. | Emergency call-outs in this region use 60-minute emergency response.","60","no","Current response-time wording matches the current region classification.","Keep current core classification","no"
"Canterbury-Bankstown & Inner South West","Canterbury-Bankstown","Wiley Park","2195","/service-areas/canterbury-bankstown-and-inner-south-west/canterbury-bankstown/wiley-park/","core","within 60 minutes / 60-minute response","60-minute response for urgent call-outs. | For Wiley Park, emergency call-outs use 60-minute emergency response; call for unsafe faults, or send photos and details for planned work. | Evaready provides 60-minute emergency response for emergency call-outs in this region. | Urgent help for power loss, hot fittings and tripping circuits, business outages and damaged outdoor power in Wiley Park, with 60-minute emergency response.","60","no","Current response-time wording matches the current region classification.","Keep current core classification","no"
"Canterbury-Bankstown & Inner South West","Canterbury-Bankstown","Yagoona","2199","/service-areas/canterbury-bankstown-and-inner-south-west/canterbury-bankstown/yagoona/","core","within 60 minutes / 60-minute response","60-minute response for urgent call-outs. | For Yagoona, emergency call-outs use 60-minute emergency response; call for unsafe faults, or send photos and details for planned work. | Evaready provides 60-minute emergency response for emergency call-outs in this region. | Urgent help for power loss, hot fittings and tripping circuits, business outages and damaged outdoor power in Yagoona, with 60-minute emergency response.","60","no","Current response-time wording matches the current region classification.","Keep current core classification","no"
"St George & Bayside","Bayside & Airport","Banksmeadow","2019","/service-areas/st-george-and-bayside/bayside-and-airport/banksmeadow/","core","within 60 minutes / 60-minute response","60-minute response for urgent call-outs. | For Banksmeadow, emergency call-outs use 60-minute emergency response; call for unsafe faults, or send photos and details for planned work. | Urgent help for storm-related faults, water-affected fittings, tripping safety switches and unsafe outdoor power in Banksmeadow, with 60-minute emergency response. | Emergency call-outs in this region use 60-minute emergency response.","60","no","Current response-time wording matches the current region classification.","Keep current core classification","no"
"St George & Bayside","Bayside & Airport","Botany","2019","/service-areas/st-george-and-bayside/bayside-and-airport/botany/","core","within 60 minutes / 60-minute response","60-minute response for urgent call-outs. | For Botany, emergency call-outs use 60-minute emergency response; call for unsafe faults, or send photos and details for planned work. | Evaready provides 60-minute emergency response for emergency call-outs in this region. | Urgent help for storm-related faults, water-affected fittings, tripping safety switches and unsafe outdoor power in Botany, with 60-minute emergency response.","60","no","Current response-time wording matches the current region classification.","Keep current core classification","no"
"St George & Bayside","Bayside & Airport","Daceyville","2032","/service-areas/st-george-and-bayside/bayside-and-airport/daceyville/","core","within 60 minutes / 60-minute response","60-minute response for urgent call-outs. | Urgent help for storm-related faults, water-affected fittings, tripping safety switches and unsafe outdoor power in Daceyville, with 60-minute emergency response. | Emergency call-outs in this region use 60-minute emergency response.","60","no","Current response-time wording matches the current region classification.","Keep current core classification","no"
"St George & Bayside","Bayside & Airport","Eastgardens","2036","/service-areas/st-george-and-bayside/bayside-and-airport/eastgardens/","core","within 60 minutes / 60-minute response","60-minute response for urgent call-outs. | Urgent help for storm-related faults, water-affected fittings, tripping safety switches and unsafe outdoor power in Eastgardens, with 60-minute emergency response. | Emergency call-outs in this region use 60-minute emergency response.","60","no","Current response-time wording matches the current region classification.","Keep current core classification","no"
"St George & Bayside","Bayside & Airport","Eastlakes","2018","/service-areas/st-george-and-bayside/bayside-and-airport/eastlakes/","core","within 60 minutes / 60-minute response","60-minute response for urgent call-outs. | Urgent help for storm-related faults, water-affected fittings, tripping safety switches and unsafe outdoor power in Eastlakes, with 60-minute emergency response. | Emergency call-outs in this region use 60-minute emergency response.","60","no","Current response-time wording matches the current region classification.","Keep current core classification","no"
"St George & Bayside","Bayside & Airport","Hillsdale","2036","/service-areas/st-george-and-bayside/bayside-and-airport/hillsdale/","core","within 60 minutes / 60-minute response","60-minute response for urgent call-outs. | For Hillsdale, emergency call-outs use 60-minute emergency response; call for unsafe faults, or send photos and details for planned work. | Evaready provides 60-minute emergency response for emergency call-outs in this region. | Urgent help for storm-related faults, water-affected fittings, tripping safety switches and unsafe outdoor power in Hillsdale, with 60-minute emergency response.","60","no","Current response-time wording matches the current region classification.","Keep current core classification","no"
"St George & Bayside","Bayside & Airport","Mascot","2020","/service-areas/st-george-and-bayside/bayside-and-airport/mascot/","core","within 60 minutes / 60-minute response","60-minute response for urgent call-outs. | Urgent help for storm-related faults, water-affected fittings, tripping safety switches and unsafe outdoor power in Mascot, with 60-minute emergency response. | Emergency call-outs in this region use 60-minute emergency response.","60","no","Current response-time wording matches the current region classification.","Keep current core classification","no"
"St George & Bayside","Bayside & Airport","Pagewood","2035","/service-areas/st-george-and-bayside/bayside-and-airport/pagewood/","core","within 60 minutes / 60-minute response","60-minute response for urgent call-outs. | Urgent help for storm-related faults, water-affected fittings, tripping safety switches and unsafe outdoor power in Pagewood, with 60-minute emergency response. | Emergency call-outs in this region use 60-minute emergency response.","60","no","Current response-time wording matches the current region classification.","Keep current core classification","no"
"St George & Bayside","Bayside & Airport","Rosebery","2018","/service-areas/st-george-and-bayside/bayside-and-airport/rosebery/","core","within 60 minutes / 60-minute response","60-minute response for urgent call-outs. | For Rosebery, emergency call-outs use 60-minute emergency response; call for unsafe faults, or send photos and details for planned work. | Evaready provides 60-minute emergency response for emergency call-outs in this region. | Urgent help for storm-related faults, water-affected fittings, tripping safety switches and unsafe outdoor power in Rosebery, with 60-minute emergency response.","60","no","Current response-time wording matches the current region classification.","Keep current core classification","no"
"St George & Bayside","Georges River","Allawah","2218","/service-areas/st-george-and-bayside/georges-river/allawah/","core","within 60 minutes / 60-minute response","60-minute response for urgent call-outs. | Urgent help for storm-related faults, water-affected fittings, tripping safety switches and unsafe outdoor power in Allawah, with 60-minute emergency response. | Emergency call-outs in this region use 60-minute emergency response.","60","no","Current response-time wording matches the current region classification.","Keep current core classification","no"
"St George & Bayside","Georges River","Beverley Park","2217","/service-areas/st-george-and-bayside/georges-river/beverley-park/","core","within 60 minutes / 60-minute response","60-minute response for urgent call-outs. | For Beverley Park, emergency call-outs use 60-minute emergency response; call for unsafe faults, or send photos and details for planned work. | Urgent help for storm-related faults, water-affected fittings, tripping safety switches and unsafe outdoor power in Beverley Park, with 60-minute emergency response. | Emergency call-outs in this region use 60-minute emergency response.","60","no","Current response-time wording matches the current region classification.","Keep current core classification","no"
"St George & Bayside","Georges River","Blakehurst","2221","/service-areas/st-george-and-bayside/georges-river/blakehurst/","core","within 60 minutes / 60-minute response","60-minute response for urgent call-outs. | Urgent help for storm-related faults, water-affected fittings, tripping safety switches and unsafe outdoor power in Blakehurst, with 60-minute emergency response. | Emergency call-outs in this region use 60-minute emergency response.","60","no","Current response-time wording matches the current region classification.","Keep current core classification","no"
"St George & Bayside","Georges River","Carlton","2218","/service-areas/st-george-and-bayside/georges-river/carlton/","core","within 60 minutes / 60-minute response","60-minute response for urgent call-outs. | Evaready provides 60-minute emergency response for emergency call-outs in this region. | Urgent help for storm-related faults, water-affected fittings, tripping safety switches and unsafe outdoor power in Carlton, with 60-minute emergency response. | Emergency call-outs in this region use 60-minute emergency response.","60","no","Current response-time wording matches the current region classification.","Keep current core classification","no"
"St George & Bayside","Georges River","Carss Park","2221","/service-areas/st-george-and-bayside/georges-river/carss-park/","core","within 60 minutes / 60-minute response","60-minute response for urgent call-outs. | Evaready provides 60-minute emergency response for emergency call-outs in this region. | Urgent help for storm-related faults, water-affected fittings, tripping safety switches and unsafe outdoor power in Carss Park, with 60-minute emergency response. | Emergency call-outs in this region use 60-minute emergency response.","60","no","Current response-time wording matches the current region classification.","Keep current core classification","no"
"St George & Bayside","Georges River","Connells Point","2221","/service-areas/st-george-and-bayside/georges-river/connells-point/","core","within 60 minutes / 60-minute response","60-minute response for urgent call-outs. | Urgent help for storm-related faults, water-affected fittings, tripping safety switches and unsafe outdoor power in Connells Point, with 60-minute emergency response. | Emergency call-outs in this region use 60-minute emergency response.","60","no","Current response-time wording matches the current region classification.","Keep current core classification","no"
"St George & Bayside","Georges River","Hurstville","2220","/service-areas/st-george-and-bayside/georges-river/hurstville/","core","within 60 minutes / 60-minute response","60-minute response for urgent call-outs. | Urgent help for storm-related faults, water-affected fittings, tripping safety switches and unsafe outdoor power in Hurstville, with 60-minute emergency response. | Emergency call-outs in this region use 60-minute emergency response.","60","no","Current response-time wording matches the current region classification.","Keep current core classification","no"
"St George & Bayside","Georges River","Hurstville Grove","2220","/service-areas/st-george-and-bayside/georges-river/hurstville-grove/","core","within 60 minutes / 60-minute response","60-minute response for urgent call-outs. | Urgent help for storm-related faults, water-affected fittings, tripping safety switches and unsafe outdoor power in Hurstville Grove, with 60-minute emergency response. | Emergency call-outs in this region use 60-minute emergency response.","60","no","Current response-time wording matches the current region classification.","Keep current core classification","no"
"St George & Bayside","Georges River","Kogarah","2217","/service-areas/st-george-and-bayside/georges-river/kogarah/","core","within 60 minutes / 60-minute response","60-minute response for urgent call-outs. | Urgent help for storm-related faults, water-affected fittings, tripping safety switches and unsafe outdoor power in Kogarah, with 60-minute emergency response. | Emergency call-outs in this region use 60-minute emergency response.","60","no","Current response-time wording matches the current region classification.","Keep current core classification","no"
"St George & Bayside","Georges River","Kogarah Bay","2217","/service-areas/st-george-and-bayside/georges-river/kogarah-bay/","core","within 60 minutes / 60-minute response","60-minute response for urgent call-outs. | Urgent help for storm-related faults, water-affected fittings, tripping safety switches and unsafe outdoor power in Kogarah Bay, with 60-minute emergency response. | Emergency call-outs in this region use 60-minute emergency response.","60","no","Current response-time wording matches the current region classification.","Keep current core classification","no"
"St George & Bayside","Georges River","Kyle Bay","2221","/service-areas/st-george-and-bayside/georges-river/kyle-bay/","core","within 60 minutes / 60-minute response","60-minute response for urgent call-outs. | Urgent help for storm-related faults, water-affected fittings, tripping safety switches and unsafe outdoor power in Kyle Bay, with 60-minute emergency response. | Emergency call-outs in this region use 60-minute emergency response.","60","no","Current response-time wording matches the current region classification.","Keep current core classification","no"
"St George & Bayside","Georges River","Lugarno","2210","/service-areas/st-george-and-bayside/georges-river/lugarno/","core","within 60 minutes / 60-minute response","60-minute response for urgent call-outs. | Urgent help for storm-related faults, water-affected fittings, tripping safety switches and unsafe outdoor power in Lugarno, with 60-minute emergency response. | Emergency call-outs in this region use 60-minute emergency response.","60","no","Current response-time wording matches the current region classification.","Keep current core classification","no"
"St George & Bayside","Georges River","Mortdale","2223","/service-areas/st-george-and-bayside/georges-river/mortdale/","core","within 60 minutes / 60-minute response","60-minute response for urgent call-outs. | Urgent help for storm-related faults, water-affected fittings, tripping safety switches and unsafe outdoor power in Mortdale, with 60-minute emergency response. | Emergency call-outs in this region use 60-minute emergency response.","60","no","Current response-time wording matches the current region classification.","Keep current core classification","no"
"St George & Bayside","Georges River","Oatley","2223","/service-areas/st-george-and-bayside/georges-river/oatley/","core","within 60 minutes / 60-minute response","60-minute response for urgent call-outs. | For Oatley, emergency call-outs use 60-minute emergency response; call for unsafe faults, or send photos and details for planned work. | Urgent help for storm-related faults, water-affected fittings, tripping safety switches and unsafe outdoor power in Oatley, with 60-minute emergency response. | Emergency call-outs in this region use 60-minute emergency response.","60","no","Current response-time wording matches the current region classification.","Keep current core classification","no"
"St George & Bayside","Georges River","Peakhurst","2210","/service-areas/st-george-and-bayside/georges-river/peakhurst/","core","within 60 minutes / 60-minute response","60-minute response for urgent call-outs. | For Peakhurst, emergency call-outs use 60-minute emergency response; call for unsafe faults, or send photos and details for planned work. | Evaready provides 60-minute emergency response for emergency call-outs in this region. | Urgent help for storm-related faults, water-affected fittings, tripping safety switches and unsafe outdoor power in Peakhurst, with 60-minute emergency response.","60","no","Current response-time wording matches the current region classification.","Keep current core classification","no"
"St George & Bayside","Georges River","Peakhurst Heights","2210","/service-areas/st-george-and-bayside/georges-river/peakhurst-heights/","core","within 60 minutes / 60-minute response","60-minute response for urgent call-outs. | For Peakhurst Heights, emergency call-outs use 60-minute emergency response; call for unsafe faults, or send photos and details for planned work. | Urgent help for storm-related faults, water-affected fittings, tripping safety switches and unsafe outdoor power in Peakhurst Heights, with 60-minute emergency response. | Emergency call-outs in this region use 60-minute emergency response.","60","no","Current response-time wording matches the current region classification.","Keep current core classification","no"
"St George & Bayside","Georges River","Penshurst","2222","/service-areas/st-george-and-bayside/georges-river/penshurst/","core","within 60 minutes / 60-minute response","60-minute response for urgent call-outs. | Urgent help for storm-related faults, water-affected fittings, tripping safety switches and unsafe outdoor power in Penshurst, with 60-minute emergency response. | Emergency call-outs in this region use 60-minute emergency response.","60","no","Current response-time wording matches the current region classification.","Keep current core classification","no"
"St George & Bayside","Georges River","Ramsgate","2217","/service-areas/st-george-and-bayside/georges-river/ramsgate/","core","within 60 minutes / 60-minute response","60-minute response for urgent call-outs. | Urgent help for storm-related faults, water-affected fittings, tripping safety switches and unsafe outdoor power in Ramsgate, with 60-minute emergency response. | Emergency call-outs in this region use 60-minute emergency response.","60","no","Current response-time wording matches the current region classification.","Keep current core classification","no"
"St George & Bayside","Georges River","Sans Souci","2219","/service-areas/st-george-and-bayside/georges-river/sans-souci/","core","within 60 minutes / 60-minute response","60-minute response for urgent call-outs. | Urgent help for storm-related faults, water-affected fittings, tripping safety switches and unsafe outdoor power in Sans Souci, with 60-minute emergency response. | Emergency call-outs in this region use 60-minute emergency response.","60","no","Current response-time wording matches the current region classification.","Keep current core classification","no"
"St George & Bayside","Georges River","South Hurstville","2221","/service-areas/st-george-and-bayside/georges-river/south-hurstville/","core","within 60 minutes / 60-minute response","60-minute response for urgent call-outs. | Urgent help for storm-related faults, water-affected fittings, tripping safety switches and unsafe outdoor power in South Hurstville, with 60-minute emergency response. | Emergency call-outs in this region use 60-minute emergency response.","60","no","Current response-time wording matches the current region classification.","Keep current core classification","no"
"St George & Bayside","Rockdale & Bexley","Arncliffe","2205","/service-areas/st-george-and-bayside/rockdale-and-bexley/arncliffe/","core","within 60 minutes / 60-minute response","60-minute response for urgent call-outs. | Urgent help for storm-related faults, water-affected fittings, tripping safety switches and unsafe outdoor power in Arncliffe, with 60-minute emergency response. | Emergency call-outs in this region use 60-minute emergency response.","60","no","Current response-time wording matches the current region classification.","Keep current core classification","no"
"St George & Bayside","Rockdale & Bexley","Banksia","2216","/service-areas/st-george-and-bayside/rockdale-and-bexley/banksia/","core","within 60 minutes / 60-minute response","60-minute response for urgent call-outs. | Urgent help for storm-related faults, water-affected fittings, tripping safety switches and unsafe outdoor power in Banksia, with 60-minute emergency response. | Emergency call-outs in this region use 60-minute emergency response.","60","no","Current response-time wording matches the current region classification.","Keep current core classification","no"
"St George & Bayside","Rockdale & Bexley","Bardwell Park","2207","/service-areas/st-george-and-bayside/rockdale-and-bexley/bardwell-park/","core","within 60 minutes / 60-minute response","60-minute response for urgent call-outs. | Urgent help for storm-related faults, water-affected fittings, tripping safety switches and unsafe outdoor power in Bardwell Park, with 60-minute emergency response. | Emergency call-outs in this region use 60-minute emergency response.","60","no","Current response-time wording matches the current region classification.","Keep current core classification","no"
"St George & Bayside","Rockdale & Bexley","Bardwell Valley","2207","/service-areas/st-george-and-bayside/rockdale-and-bexley/bardwell-valley/","core","within 60 minutes / 60-minute response","60-minute response for urgent call-outs. | Evaready provides 60-minute emergency response for emergency call-outs in this region. | Urgent help for storm-related faults, water-affected fittings, tripping safety switches and unsafe outdoor power in Bardwell Valley, with 60-minute emergency response. | Emergency call-outs in this region use 60-minute emergency response.","60","no","Current response-time wording matches the current region classification.","Keep current core classification","no"
"St George & Bayside","Rockdale & Bexley","Bexley","2207","/service-areas/st-george-and-bayside/rockdale-and-bexley/bexley/","core","within 60 minutes / 60-minute response","60-minute response for urgent call-outs. | Urgent help for storm-related faults, water-affected fittings, tripping safety switches and unsafe outdoor power in Bexley, with 60-minute emergency response. | Emergency call-outs in this region use 60-minute emergency response.","60","no","Current response-time wording matches the current region classification.","Keep current core classification","no"
"St George & Bayside","Rockdale & Bexley","Bexley North","2207","/service-areas/st-george-and-bayside/rockdale-and-bexley/bexley-north/","core","within 60 minutes / 60-minute response","60-minute response for urgent call-outs. | Urgent help for storm-related faults, water-affected fittings, tripping safety switches and unsafe outdoor power in Bexley North, with 60-minute emergency response. | Emergency call-outs in this region use 60-minute emergency response.","60","no","Current response-time wording matches the current region classification.","Keep current core classification","no"
"St George & Bayside","Rockdale & Bexley","Brighton-le-Sands","2216","/service-areas/st-george-and-bayside/rockdale-and-bexley/brighton-le-sands/","core","within 60 minutes / 60-minute response","60-minute response for urgent call-outs. | Evaready provides 60-minute emergency response for emergency call-outs in this region. | Urgent help for storm-related faults, water-affected fittings, tripping safety switches and unsafe outdoor power in Brighton-le-Sands, with 60-minute emergency response. | Emergency call-outs in this region use 60-minute emergency response.","60","no","Current response-time wording matches the current region classification.","Keep current core classification","no"
"St George & Bayside","Rockdale & Bexley","Dolls Point","2219","/service-areas/st-george-and-bayside/rockdale-and-bexley/dolls-point/","core","within 60 minutes / 60-minute response","60-minute response for urgent call-outs. | For Dolls Point, emergency call-outs use 60-minute emergency response; call for unsafe faults, or send photos and details for planned work. | Urgent help for storm-related faults, water-affected fittings, tripping safety switches and unsafe outdoor power in Dolls Point, with 60-minute emergency response. | Emergency call-outs in this region use 60-minute emergency response.","60","no","Current response-time wording matches the current region classification.","Keep current core classification","no"
"St George & Bayside","Rockdale & Bexley","Kyeemagh","2216","/service-areas/st-george-and-bayside/rockdale-and-bexley/kyeemagh/","core","within 60 minutes / 60-minute response","60-minute response for urgent call-outs. | For Kyeemagh, emergency call-outs use 60-minute emergency response; call for unsafe faults, or send photos and details for planned work. | Urgent help for storm-related faults, water-affected fittings, tripping safety switches and unsafe outdoor power in Kyeemagh, with 60-minute emergency response. | Emergency call-outs in this region use 60-minute emergency response.","60","no","Current response-time wording matches the current region classification.","Keep current core classification","no"
"St George & Bayside","Rockdale & Bexley","Monterey","2217","/service-areas/st-george-and-bayside/rockdale-and-bexley/monterey/","core","within 60 minutes / 60-minute response","60-minute response for urgent call-outs. | Evaready provides 60-minute emergency response for emergency call-outs in this region. | Urgent help for storm-related faults, water-affected fittings, tripping safety switches and unsafe outdoor power in Monterey, with 60-minute emergency response. | Emergency call-outs in this region use 60-minute emergency response.","60","no","Current response-time wording matches the current region classification.","Keep current core classification","no"
"St George & Bayside","Rockdale & Bexley","Ramsgate Beach","2217","/service-areas/st-george-and-bayside/rockdale-and-bexley/ramsgate-beach/","core","within 60 minutes / 60-minute response","60-minute response for urgent call-outs. | For Ramsgate Beach, emergency call-outs use 60-minute emergency response; call for unsafe faults, or send photos and details for planned work. | Urgent help for storm-related faults, water-affected fittings, tripping safety switches and unsafe outdoor power in Ramsgate Beach, with 60-minute emergency response. | Emergency call-outs in this region use 60-minute emergency response.","60","no","Current response-time wording matches the current region classification.","Keep current core classification","no"
"St George & Bayside","Rockdale & Bexley","Rockdale","2216","/service-areas/st-george-and-bayside/rockdale-and-bexley/rockdale/","core","within 60 minutes / 60-minute response","60-minute response for urgent call-outs. | Urgent help for storm-related faults, water-affected fittings, tripping safety switches and unsafe outdoor power in Rockdale, with 60-minute emergency response. | Emergency call-outs in this region use 60-minute emergency response.","60","no","Current response-time wording matches the current region classification.","Keep current core classification","no"
"St George & Bayside","Rockdale & Bexley","Sandringham","2219","/service-areas/st-george-and-bayside/rockdale-and-bexley/sandringham/","core","within 60 minutes / 60-minute response","60-minute response for urgent call-outs. | Urgent help for storm-related faults, water-affected fittings, tripping safety switches and unsafe outdoor power in Sandringham, with 60-minute emergency response. | Emergency call-outs in this region use 60-minute emergency response.","60","no","Current response-time wording matches the current region classification.","Keep current core classification","no"
"St George & Bayside","Rockdale & Bexley","Turrella","2205","/service-areas/st-george-and-bayside/rockdale-and-bexley/turrella/","core","within 60 minutes / 60-minute response","60-minute response for urgent call-outs. | Evaready provides 60-minute emergency response for emergency call-outs in this region. | Urgent help for storm-related faults, water-affected fittings, tripping safety switches and unsafe outdoor power in Turrella, with 60-minute emergency response. | Emergency call-outs in this region use 60-minute emergency response.","60","no","Current response-time wording matches the current region classification.","Keep current core classification","no"
"St George & Bayside","Rockdale & Bexley","Wolli Creek","2205","/service-areas/st-george-and-bayside/rockdale-and-bexley/wolli-creek/","core","within 60 minutes / 60-minute response","60-minute response for urgent call-outs. | Urgent help for storm-related faults, water-affected fittings, tripping safety switches and unsafe outdoor power in Wolli Creek, with 60-minute emergency response. | Emergency call-outs in this region use 60-minute emergency response.","60","no","Current response-time wording matches the current region classification.","Keep current core classification","no"
"Sutherland Shire","Sutherland Shire","Alfords Point","2234","/service-areas/sutherland-shire/sutherland-shire/alfords-point/","core","within 60 minutes / 60-minute response","60-minute response for urgent call-outs. | Evaready provides 60-minute emergency response for emergency call-outs in this region. | Urgent help for power loss and burning smells and tripping circuits, sparking and unsafe outlets in Alfords Point, with 60-minute emergency response. | Emergency call-outs in this region use 60-minute emergency response.","60","no","Current response-time wording matches the current region classification.","Keep current core classification","no"
"Sutherland Shire","Sutherland Shire","Bangor","2234","/service-areas/sutherland-shire/sutherland-shire/bangor/","core","within 60 minutes / 60-minute response","60-minute response for urgent call-outs. | Urgent help for power loss and burning smells and tripping circuits, sparking and unsafe outlets in Bangor, with 60-minute emergency response. | Emergency call-outs in this region use 60-minute emergency response.","60","no","Current response-time wording matches the current region classification.","Keep current core classification","no"
"Sutherland Shire","Sutherland Shire","Barden Ridge","2234","/service-areas/sutherland-shire/sutherland-shire/barden-ridge/","core","within 60 minutes / 60-minute response","60-minute response for urgent call-outs. | Urgent help for power loss and burning smells and tripping circuits, sparking and unsafe outlets in Barden Ridge, with 60-minute emergency response. | Emergency call-outs in this region use 60-minute emergency response.","60","no","Current response-time wording matches the current region classification.","Keep current core classification","no"
"Sutherland Shire","Sutherland Shire","Bonnet Bay","2226","/service-areas/sutherland-shire/sutherland-shire/bonnet-bay/","core","within 60 minutes / 60-minute response","60-minute response for urgent call-outs. | Urgent help for power loss and burning smells and tripping circuits, sparking and unsafe outlets in Bonnet Bay, with 60-minute emergency response. | Emergency call-outs in this region use 60-minute emergency response.","60","no","Current response-time wording matches the current region classification.","Keep current core classification","no"
"Sutherland Shire","Sutherland Shire","Bundeena","2230","/service-areas/sutherland-shire/sutherland-shire/bundeena/","core","within 60 minutes / 60-minute response","60-minute response for urgent call-outs. | Evaready provides 60-minute emergency response for emergency call-outs in this region. | Urgent help for power loss and burning smells and tripping circuits, sparking and unsafe outlets in Bundeena, with 60-minute emergency response. | Emergency call-outs in this region use 60-minute emergency response.","60","no","Current response-time wording matches the current region classification.","Keep current core classification","no"
"Sutherland Shire","Sutherland Shire","Burraneer","2230","/service-areas/sutherland-shire/sutherland-shire/burraneer/","core","within 60 minutes / 60-minute response","60-minute response for urgent call-outs. | For Burraneer, emergency call-outs use 60-minute emergency response; call for unsafe faults, or send photos and details for planned work. | Urgent help for power loss and burning smells and tripping circuits, sparking and unsafe outlets in Burraneer, with 60-minute emergency response. | Emergency call-outs in this region use 60-minute emergency response.","60","no","Current response-time wording matches the current region classification.","Keep current core classification","no"
"Sutherland Shire","Sutherland Shire","Caringbah","2229","/service-areas/sutherland-shire/sutherland-shire/caringbah/","core","within 60 minutes / 60-minute response","60-minute response for urgent call-outs. | For Caringbah, emergency call-outs use 60-minute emergency response; call for unsafe faults, or send photos and details for planned work. | Urgent help for power loss and burning smells and tripping circuits, sparking and unsafe outlets in Caringbah, with 60-minute emergency response. | Emergency call-outs in this region use 60-minute emergency response.","60","no","Current response-time wording matches the current region classification.","Keep current core classification","no"
"Sutherland Shire","Sutherland Shire","Caringbah South","2229","/service-areas/sutherland-shire/sutherland-shire/caringbah-south/","core","within 60 minutes / 60-minute response","60-minute response for urgent call-outs. | Urgent help for power loss and burning smells and tripping circuits, sparking and unsafe outlets in Caringbah South, with 60-minute emergency response. | Emergency call-outs in this region use 60-minute emergency response.","60","no","Current response-time wording matches the current region classification.","Keep current core classification","no"
"Sutherland Shire","Sutherland Shire","Como","2226","/service-areas/sutherland-shire/sutherland-shire/como/","core","within 60 minutes / 60-minute response","60-minute response for urgent call-outs. | For Como, emergency call-outs use 60-minute emergency response; call for unsafe faults, or send photos and details for planned work. | Urgent help for power loss and burning smells and tripping circuits, sparking and unsafe outlets in Como, with 60-minute emergency response. | Emergency call-outs in this region use 60-minute emergency response.","60","no","Current response-time wording matches the current region classification.","Keep current core classification","no"
"Sutherland Shire","Sutherland Shire","Cronulla","2230","/service-areas/sutherland-shire/sutherland-shire/cronulla/","core","within 60 minutes / 60-minute response","60-minute response for urgent call-outs. | Urgent help for storm-related faults, water-affected fittings, tripping safety switches and unsafe outdoor power in Cronulla, with 60-minute emergency response. | Emergency call-outs in this region use 60-minute emergency response.","60","no","Current response-time wording matches the current region classification.","Keep current core classification","no"
"Sutherland Shire","Sutherland Shire","Dolans Bay","2229","/service-areas/sutherland-shire/sutherland-shire/dolans-bay/","core","within 60 minutes / 60-minute response","60-minute response for urgent call-outs. | Urgent help for power loss and burning smells and tripping circuits, sparking and unsafe outlets in Dolans Bay, with 60-minute emergency response. | Emergency call-outs in this region use 60-minute emergency response.","60","no","Current response-time wording matches the current region classification.","Keep current core classification","no"
"Sutherland Shire","Sutherland Shire","Engadine","2233","/service-areas/sutherland-shire/sutherland-shire/engadine/","core","within 60 minutes / 60-minute response","60-minute response for urgent call-outs. | For Engadine, emergency call-outs use 60-minute emergency response; call for unsafe faults, or send photos and details for planned work. | Evaready provides 60-minute emergency response for emergency call-outs in this region. | Urgent help for power loss and burning smells and tripping circuits, sparking and unsafe outlets in Engadine, with 60-minute emergency response.","60","no","Current response-time wording matches the current region classification.","Keep current core classification","no"
"Sutherland Shire","Sutherland Shire","Grays Point","2232","/service-areas/sutherland-shire/sutherland-shire/grays-point/","core","within 60 minutes / 60-minute response","60-minute response for urgent call-outs. | Urgent help for power loss and burning smells and tripping circuits, sparking and unsafe outlets in Grays Point, with 60-minute emergency response. | Emergency call-outs in this region use 60-minute emergency response.","60","no","Current response-time wording matches the current region classification.","Keep current core classification","no"
"Sutherland Shire","Sutherland Shire","Greenhills Beach","2230","/service-areas/sutherland-shire/sutherland-shire/greenhills-beach/","core","within 60 minutes / 60-minute response","60-minute response for urgent call-outs. | Urgent help for storm-related faults, water-affected fittings, tripping safety switches and unsafe outdoor power in Greenhills Beach, with 60-minute emergency response. | Emergency call-outs in this region use 60-minute emergency response.","60","no","Current response-time wording matches the current region classification.","Keep current core classification","no"
"Sutherland Shire","Sutherland Shire","Gymea","2227","/service-areas/sutherland-shire/sutherland-shire/gymea/","core","within 60 minutes / 60-minute response","60-minute response for urgent call-outs. | Evaready provides 60-minute emergency response for emergency call-outs in this region. | Urgent help for power loss and burning smells and tripping circuits, sparking and unsafe outlets in Gymea, with 60-minute emergency response. | Emergency call-outs in this region use 60-minute emergency response.","60","no","Current response-time wording matches the current region classification.","Keep current core classification","no"
"Sutherland Shire","Sutherland Shire","Gymea Bay","2227","/service-areas/sutherland-shire/sutherland-shire/gymea-bay/","core","within 60 minutes / 60-minute response","60-minute response for urgent call-outs. | For Gymea Bay, emergency call-outs use 60-minute emergency response; call for unsafe faults, or send photos and details for planned work. | Evaready provides 60-minute emergency response for emergency call-outs in this region. | Urgent help for power loss and burning smells and tripping circuits, sparking and unsafe outlets in Gymea Bay, with 60-minute emergency response.","60","no","Current response-time wording matches the current region classification.","Keep current core classification","no"
"Sutherland Shire","Sutherland Shire","Heathcote","2233","/service-areas/sutherland-shire/sutherland-shire/heathcote/","core","within 60 minutes / 60-minute response","60-minute response for urgent call-outs. | Urgent help for power loss and burning smells and tripping circuits, sparking and unsafe outlets in Heathcote, with 60-minute emergency response. | Emergency call-outs in this region use 60-minute emergency response.","60","no","Current response-time wording matches the current region classification.","Keep current core classification","no"
"Sutherland Shire","Sutherland Shire","Illawong","2234","/service-areas/sutherland-shire/sutherland-shire/illawong/","core","within 60 minutes / 60-minute response","60-minute response for urgent call-outs. | Urgent help for power loss and burning smells and tripping circuits, sparking and unsafe outlets in Illawong, with 60-minute emergency response. | Emergency call-outs in this region use 60-minute emergency response.","60","no","Current response-time wording matches the current region classification.","Keep current core classification","no"
"Sutherland Shire","Sutherland Shire","Jannali","2226","/service-areas/sutherland-shire/sutherland-shire/jannali/","core","within 60 minutes / 60-minute response","60-minute response for urgent call-outs. | Urgent help for power loss and burning smells and tripping circuits, sparking and unsafe outlets in Jannali, with 60-minute emergency response. | Emergency call-outs in this region use 60-minute emergency response.","60","no","Current response-time wording matches the current region classification.","Keep current core classification","no"
"Sutherland Shire","Sutherland Shire","Kangaroo Point","2224","/service-areas/sutherland-shire/sutherland-shire/kangaroo-point/","core","within 60 minutes / 60-minute response","60-minute response for urgent call-outs. | Urgent help for power loss and burning smells and tripping circuits, sparking and unsafe outlets in Kangaroo Point, with 60-minute emergency response. | Emergency call-outs in this region use 60-minute emergency response.","60","no","Current response-time wording matches the current region classification.","Keep current core classification","no"
"Sutherland Shire","Sutherland Shire","Kareela","2232","/service-areas/sutherland-shire/sutherland-shire/kareela/","core","within 60 minutes / 60-minute response","60-minute response for urgent call-outs. | For Kareela, emergency call-outs use 60-minute emergency response; call for unsafe faults, or send photos and details for planned work. | Urgent help for power loss and burning smells and tripping circuits, sparking and unsafe outlets in Kareela, with 60-minute emergency response. | Emergency call-outs in this region use 60-minute emergency response.","60","no","Current response-time wording matches the current region classification.","Keep current core classification","no"
"Sutherland Shire","Sutherland Shire","Kirrawee","2232","/service-areas/sutherland-shire/sutherland-shire/kirrawee/","core","within 60 minutes / 60-minute response","60-minute response for urgent call-outs. | For Kirrawee, emergency call-outs use 60-minute emergency response; call for unsafe faults, or send photos and details for planned work. | Urgent help for power loss and burning smells and tripping circuits, sparking and unsafe outlets in Kirrawee, with 60-minute emergency response. | Emergency call-outs in this region use 60-minute emergency response.","60","no","Current response-time wording matches the current region classification.","Keep current core classification","no"
"Sutherland Shire","Sutherland Shire","Kurnell","2231","/service-areas/sutherland-shire/sutherland-shire/kurnell/","core","within 60 minutes / 60-minute response","60-minute response for urgent call-outs. | Urgent help for storm-related faults, water-affected fittings, tripping safety switches and unsafe outdoor power in Kurnell, with 60-minute emergency response. | Emergency call-outs in this region use 60-minute emergency response.","60","no","Current response-time wording matches the current region classification.","Keep current core classification","no"
"Sutherland Shire","Sutherland Shire","Lilli Pilli","2229","/service-areas/sutherland-shire/sutherland-shire/lilli-pilli/","core","within 60 minutes / 60-minute response","60-minute response for urgent call-outs. | Urgent help for power loss and burning smells and tripping circuits, sparking and unsafe outlets in Lilli Pilli, with 60-minute emergency response. | Emergency call-outs in this region use 60-minute emergency response.","60","no","Current response-time wording matches the current region classification.","Keep current core classification","no"
"Sutherland Shire","Sutherland Shire","Loftus","2232","/service-areas/sutherland-shire/sutherland-shire/loftus/","core","within 60 minutes / 60-minute response","60-minute response for urgent call-outs. | Evaready provides 60-minute emergency response for emergency call-outs in this region. | Urgent help for power loss and burning smells and tripping circuits, sparking and unsafe outlets in Loftus, with 60-minute emergency response. | Emergency call-outs in this region use 60-minute emergency response.","60","no","Current response-time wording matches the current region classification.","Keep current core classification","no"
"Sutherland Shire","Sutherland Shire","Maianbar","2230","/service-areas/sutherland-shire/sutherland-shire/maianbar/","core","within 60 minutes / 60-minute response","60-minute response for urgent call-outs. | Urgent help for power loss and burning smells and tripping circuits, sparking and unsafe outlets in Maianbar, with 60-minute emergency response. | Emergency call-outs in this region use 60-minute emergency response.","60","no","Current response-time wording matches the current region classification.","Keep current core classification","no"
"Sutherland Shire","Sutherland Shire","Menai","2234","/service-areas/sutherland-shire/sutherland-shire/menai/","core","within 60 minutes / 60-minute response","60-minute response for urgent call-outs. | Evaready provides 60-minute emergency response for emergency call-outs in this region. | Urgent help for power loss and burning smells and tripping circuits, sparking and unsafe outlets in Menai, with 60-minute emergency response. | Emergency call-outs in this region use 60-minute emergency response.","60","no","Current response-time wording matches the current region classification.","Keep current core classification","no"
"Sutherland Shire","Sutherland Shire","Miranda","2228","/service-areas/sutherland-shire/sutherland-shire/miranda/","core","within 60 minutes / 60-minute response","60-minute response for urgent call-outs. | Urgent help for power loss and burning smells and tripping circuits, sparking and unsafe outlets in Miranda, with 60-minute emergency response. | Emergency call-outs in this region use 60-minute emergency response.","60","no","Current response-time wording matches the current region classification.","Keep current core classification","no"
"Sutherland Shire","Sutherland Shire","Oyster Bay","2225","/service-areas/sutherland-shire/sutherland-shire/oyster-bay/","core","within 60 minutes / 60-minute response","60-minute response for urgent call-outs. | For Oyster Bay, emergency call-outs use 60-minute emergency response; call for unsafe faults, or send photos and details for planned work. | Urgent help for power loss and burning smells and tripping circuits, sparking and unsafe outlets in Oyster Bay, with 60-minute emergency response. | Emergency call-outs in this region use 60-minute emergency response.","60","no","Current response-time wording matches the current region classification.","Keep current core classification","no"
"Sutherland Shire","Sutherland Shire","Port Hacking","2229","/service-areas/sutherland-shire/sutherland-shire/port-hacking/","core","within 60 minutes / 60-minute response","60-minute response for urgent call-outs. | Evaready provides 60-minute emergency response for emergency call-outs in this region. | Urgent help for power loss and burning smells and tripping circuits, sparking and unsafe outlets in Port Hacking, with 60-minute emergency response. | Emergency call-outs in this region use 60-minute emergency response.","60","no","Current response-time wording matches the current region classification.","Keep current core classification","no"
"Sutherland Shire","Sutherland Shire","Royal National Park","2233","/service-areas/sutherland-shire/sutherland-shire/royal-national-park/","core","within 60 minutes / 60-minute response","60-minute response for urgent call-outs. | Urgent help for power loss and burning smells and tripping circuits, sparking and unsafe outlets in Royal National Park, with 60-minute emergency response. | Emergency call-outs in this region use 60-minute emergency response.","60","no","Current response-time wording matches the current region classification.","Keep current core classification","no"
"Sutherland Shire","Sutherland Shire","Sandy Point","2172","/service-areas/sutherland-shire/sutherland-shire/sandy-point/","core","within 60 minutes / 60-minute response","60-minute response for urgent call-outs. | Evaready provides 60-minute emergency response for emergency call-outs in this region. | Urgent help for power loss and burning smells and tripping circuits, sparking and unsafe outlets in Sandy Point, with 60-minute emergency response. | Emergency call-outs in this region use 60-minute emergency response.","60","no","Current response-time wording matches the current region classification.","Keep current core classification","no"
"Sutherland Shire","Sutherland Shire","Sutherland","2232","/service-areas/sutherland-shire/sutherland-shire/sutherland/","core","within 60 minutes / 60-minute response","60-minute response for urgent call-outs. | Evaready provides 60-minute emergency response for emergency call-outs in this region. | Urgent help for power loss and burning smells and tripping circuits, sparking and unsafe outlets in Sutherland, with 60-minute emergency response. | Emergency call-outs in this region use 60-minute emergency response.","60","no","Current response-time wording matches the current region classification.","Keep current core classification","no"
"Sutherland Shire","Sutherland Shire","Sylvania","2224","/service-areas/sutherland-shire/sutherland-shire/sylvania/","core","within 60 minutes / 60-minute response","60-minute response for urgent call-outs. | Urgent help for power loss and burning smells and tripping circuits, sparking and unsafe outlets in Sylvania, with 60-minute emergency response. | Emergency call-outs in this region use 60-minute emergency response.","60","no","Current response-time wording matches the current region classification.","Keep current core classification","no"
"Sutherland Shire","Sutherland Shire","Sylvania Waters","2224","/service-areas/sutherland-shire/sutherland-shire/sylvania-waters/","core","within 60 minutes / 60-minute response","60-minute response for urgent call-outs. | Urgent help for power loss and burning smells and tripping circuits, sparking and unsafe outlets in Sylvania Waters, with 60-minute emergency response. | Emergency call-outs in this region use 60-minute emergency response.","60","no","Current response-time wording matches the current region classification.","Keep current core classification","no"
"Sutherland Shire","Sutherland Shire","Taren Point","2229","/service-areas/sutherland-shire/sutherland-shire/taren-point/","core","within 60 minutes / 60-minute response","60-minute response for urgent call-outs. | Urgent help for power loss and burning smells and tripping circuits, sparking and unsafe outlets in Taren Point, with 60-minute emergency response. | Emergency call-outs in this region use 60-minute emergency response.","60","no","Current response-time wording matches the current region classification.","Keep current core classification","no"
"Sutherland Shire","Sutherland Shire","Waterfall","2233","/service-areas/sutherland-shire/sutherland-shire/waterfall/","core","within 60 minutes / 60-minute response","60-minute response for urgent call-outs. | For Waterfall, emergency call-outs use 60-minute emergency response; call for unsafe faults, or send photos and details for planned work. | Urgent help for power loss and burning smells and tripping circuits, sparking and unsafe outlets in Waterfall, with 60-minute emergency response. | Emergency call-outs in this region use 60-minute emergency response.","60","no","Current response-time wording matches the current region classification.","Keep current core classification","no"
"Sutherland Shire","Sutherland Shire","Woolooware","2230","/service-areas/sutherland-shire/sutherland-shire/woolooware/","core","within 60 minutes / 60-minute response","60-minute response for urgent call-outs. | For Woolooware, emergency call-outs use 60-minute emergency response; call for unsafe faults, or send photos and details for planned work. | Urgent help for power loss and burning smells and tripping circuits, sparking and unsafe outlets in Woolooware, with 60-minute emergency response. | Emergency call-outs in this region use 60-minute emergency response.","60","no","Current response-time wording matches the current region classification.","Keep current core classification","no"
"Sutherland Shire","Sutherland Shire","Woronora","2232","/service-areas/sutherland-shire/sutherland-shire/woronora/","core","within 60 minutes / 60-minute response","60-minute response for urgent call-outs. | Urgent help for power loss and burning smells and tripping circuits, sparking and unsafe outlets in Woronora, with 60-minute emergency response. | Emergency call-outs in this region use 60-minute emergency response.","60","no","Current response-time wording matches the current region classification.","Keep current core classification","no"
"Sutherland Shire","Sutherland Shire","Woronora Heights","2233","/service-areas/sutherland-shire/sutherland-shire/woronora-heights/","core","within 60 minutes / 60-minute response","60-minute response for urgent call-outs. | Urgent help for power loss and burning smells and tripping circuits, sparking and unsafe outlets in Woronora Heights, with 60-minute emergency response. | Emergency call-outs in this region use 60-minute emergency response.","60","no","Current response-time wording matches the current region classification.","Keep current core classification","no"
"Sutherland Shire","Sutherland Shire","Yarrawarrah","2233","/service-areas/sutherland-shire/sutherland-shire/yarrawarrah/","core","within 60 minutes / 60-minute response","60-minute response for urgent call-outs. | For Yarrawarrah, emergency call-outs use 60-minute emergency response; call for unsafe faults, or send photos and details for planned work. | Evaready provides 60-minute emergency response for emergency call-outs in this region. | Urgent help for power loss and burning smells and tripping circuits, sparking and unsafe outlets in Yarrawarrah, with 60-minute emergency response.","60","no","Current response-time wording matches the current region classification.","Keep current core classification","no"
"Sutherland Shire","Sutherland Shire","Yowie Bay","2228","/service-areas/sutherland-shire/sutherland-shire/yowie-bay/","core","within 60 minutes / 60-minute response","60-minute response for urgent call-outs. | Evaready provides 60-minute emergency response for emergency call-outs in this region. | Urgent help for power loss and burning smells and tripping circuits, sparking and unsafe outlets in Yowie Bay, with 60-minute emergency response. | Emergency call-outs in this region use 60-minute emergency response.","60","no","Current response-time wording matches the current region classification.","Keep current core classification","no"
"Liverpool & Fairfield","Fairfield","Abbotsbury","2176","/service-areas/liverpool-and-fairfield/fairfield/abbotsbury/","core","within 60 minutes / 60-minute response","60-minute response for urgent call-outs. | For Abbotsbury, emergency call-outs use 60-minute emergency response; call for unsafe faults, or send photos and details for planned work. | Urgent help for power loss, hot fittings and tripping circuits, business outages and damaged outdoor power in Abbotsbury, with 60-minute emergency response. | Emergency call-outs in this region use 60-minute emergency response.","60","no","Current response-time wording matches the current region classification.","Keep current core classification","no"
"Liverpool & Fairfield","Fairfield","Bonnyrigg","2177","/service-areas/liverpool-and-fairfield/fairfield/bonnyrigg/","core","within 60 minutes / 60-minute response","60-minute response for urgent call-outs. | Urgent help for power loss, hot fittings and tripping circuits, business outages and damaged outdoor power in Bonnyrigg, with 60-minute emergency response. | Emergency call-outs in this region use 60-minute emergency response.","60","no","Current response-time wording matches the current region classification.","Keep current core classification","no"
"Liverpool & Fairfield","Fairfield","Bonnyrigg Heights","2177","/service-areas/liverpool-and-fairfield/fairfield/bonnyrigg-heights/","core","within 60 minutes / 60-minute response","60-minute response for urgent call-outs. | Urgent help for power loss, hot fittings and tripping circuits, business outages and damaged outdoor power in Bonnyrigg Heights, with 60-minute emergency response. | Emergency call-outs in this region use 60-minute emergency response.","60","no","Current response-time wording matches the current region classification.","Keep current core classification","no"
"Liverpool & Fairfield","Fairfield","Bossley Park","2176","/service-areas/liverpool-and-fairfield/fairfield/bossley-park/","core","within 60 minutes / 60-minute response","60-minute response for urgent call-outs. | For Bossley Park, emergency call-outs use 60-minute emergency response; call for unsafe faults, or send photos and details for planned work. | Urgent help for power loss, hot fittings and tripping circuits, business outages and damaged outdoor power in Bossley Park, with 60-minute emergency response. | Emergency call-outs in this region use 60-minute emergency response.","60","no","Current response-time wording matches the current region classification.","Keep current core classification","no"
"Liverpool & Fairfield","Fairfield","Cabramatta","2166","/service-areas/liverpool-and-fairfield/fairfield/cabramatta/","core","within 60 minutes / 60-minute response","60-minute response for urgent call-outs. | Urgent help for power loss, hot fittings and tripping circuits, business outages and damaged outdoor power in Cabramatta, with 60-minute emergency response. | Emergency call-outs in this region use 60-minute emergency response.","60","no","Current response-time wording matches the current region classification.","Keep current core classification","no"
"Liverpool & Fairfield","Fairfield","Cabramatta West","2166","/service-areas/liverpool-and-fairfield/fairfield/cabramatta-west/","core","within 60 minutes / 60-minute response","60-minute response for urgent call-outs. | Urgent help for power loss, hot fittings and tripping circuits, business outages and damaged outdoor power in Cabramatta West, with 60-minute emergency response. | Emergency call-outs in this region use 60-minute emergency response.","60","no","Current response-time wording matches the current region classification.","Keep current core classification","no"
"Liverpool & Fairfield","Fairfield","Canley Heights","2166","/service-areas/liverpool-and-fairfield/fairfield/canley-heights/","core","within 60 minutes / 60-minute response","60-minute response for urgent call-outs. | Urgent help for power loss, hot fittings and tripping circuits, business outages and damaged outdoor power in Canley Heights, with 60-minute emergency response. | Emergency call-outs in this region use 60-minute emergency response.","60","no","Current response-time wording matches the current region classification.","Keep current core classification","no"
"Liverpool & Fairfield","Fairfield","Canley Vale","2166","/service-areas/liverpool-and-fairfield/fairfield/canley-vale/","core","within 60 minutes / 60-minute response","60-minute response for urgent call-outs. | Urgent help for power loss, hot fittings and tripping circuits, business outages and damaged outdoor power in Canley Vale, with 60-minute emergency response. | Emergency call-outs in this region use 60-minute emergency response.","60","no","Current response-time wording matches the current region classification.","Keep current core classification","no"
"Liverpool & Fairfield","Fairfield","Carramar","2163","/service-areas/liverpool-and-fairfield/fairfield/carramar/","core","within 60 minutes / 60-minute response","60-minute response for urgent call-outs. | Evaready provides 60-minute emergency response for emergency call-outs in this region. | Urgent help for power loss, hot fittings and tripping circuits, business outages and damaged outdoor power in Carramar, with 60-minute emergency response. | Emergency call-outs in this region use 60-minute emergency response.","60","no","Current response-time wording matches the current region classification.","Keep current core classification","no"
"Liverpool & Fairfield","Fairfield","Cecil Park","2178","/service-areas/liverpool-and-fairfield/fairfield/cecil-park/","core","within 60 minutes / 60-minute response","60-minute response for urgent call-outs. | Evaready provides 60-minute emergency response for emergency call-outs in this region. | Urgent help for power loss, hot fittings and tripping circuits, business outages and damaged outdoor power in Cecil Park, with 60-minute emergency response. | Emergency call-outs in this region use 60-minute emergency response.","60","no","Current response-time wording matches the current region classification.","Keep current core classification","no"
"Liverpool & Fairfield","Fairfield","Edensor Park","2176","/service-areas/liverpool-and-fairfield/fairfield/edensor-park/","core","within 60 minutes / 60-minute response","60-minute response for urgent call-outs. | For Edensor Park, emergency call-outs use 60-minute emergency response; call for unsafe faults, or send photos and details for planned work. | Urgent help for power loss, hot fittings and tripping circuits, business outages and damaged outdoor power in Edensor Park, with 60-minute emergency response. | Emergency call-outs in this region use 60-minute emergency response.","60","no","Current response-time wording matches the current region classification.","Keep current core classification","no"
"Liverpool & Fairfield","Fairfield","Fairfield","2165","/service-areas/liverpool-and-fairfield/fairfield/fairfield/","core","within 60 minutes / 60-minute response","60-minute response for urgent call-outs. | Urgent help for power loss, hot fittings and tripping circuits, business outages and damaged outdoor power in Fairfield, with 60-minute emergency response. | Emergency call-outs in this region use 60-minute emergency response.","60","no","Current response-time wording matches the current region classification.","Keep current core classification","no"
"Liverpool & Fairfield","Fairfield","Fairfield East","2165","/service-areas/liverpool-and-fairfield/fairfield/fairfield-east/","core","within 60 minutes / 60-minute response","60-minute response for urgent call-outs. | Urgent help for power loss, hot fittings and tripping circuits, business outages and damaged outdoor power in Fairfield East, with 60-minute emergency response. | Emergency call-outs in this region use 60-minute emergency response.","60","no","Current response-time wording matches the current region classification.","Keep current core classification","no"
"Liverpool & Fairfield","Fairfield","Fairfield Heights","2165","/service-areas/liverpool-and-fairfield/fairfield/fairfield-heights/","core","within 60 minutes / 60-minute response","60-minute response for urgent call-outs. | Urgent help for power loss, hot fittings and tripping circuits, business outages and damaged outdoor power in Fairfield Heights, with 60-minute emergency response. | Emergency call-outs in this region use 60-minute emergency response.","60","no","Current response-time wording matches the current region classification.","Keep current core classification","no"
"Liverpool & Fairfield","Fairfield","Fairfield West","2165","/service-areas/liverpool-and-fairfield/fairfield/fairfield-west/","core","within 60 minutes / 60-minute response","60-minute response for urgent call-outs. | Urgent help for power loss, hot fittings and tripping circuits, business outages and damaged outdoor power in Fairfield West, with 60-minute emergency response. | Emergency call-outs in this region use 60-minute emergency response.","60","no","Current response-time wording matches the current region classification.","Keep current core classification","no"
"Liverpool & Fairfield","Fairfield","Greenfield Park","2176","/service-areas/liverpool-and-fairfield/fairfield/greenfield-park/","core","within 60 minutes / 60-minute response","60-minute response for urgent call-outs. | Urgent help for power loss, hot fittings and tripping circuits, business outages and damaged outdoor power in Greenfield Park, with 60-minute emergency response. | Emergency call-outs in this region use 60-minute emergency response.","60","no","Current response-time wording matches the current region classification.","Keep current core classification","no"
"Liverpool & Fairfield","Fairfield","Horsley Park","2175","/service-areas/liverpool-and-fairfield/fairfield/horsley-park/","core","within 60 minutes / 60-minute response","60-minute response for urgent call-outs. | Urgent help for power loss, hot fittings and tripping circuits, business outages and damaged outdoor power in Horsley Park, with 60-minute emergency response. | Emergency call-outs in this region use 60-minute emergency response.","60","no","Current response-time wording matches the current region classification.","Keep current core classification","no"
"Liverpool & Fairfield","Fairfield","Lansvale","2166","/service-areas/liverpool-and-fairfield/fairfield/lansvale/","core","within 60 minutes / 60-minute response","60-minute response for urgent call-outs. | Urgent help for power loss, hot fittings and tripping circuits, business outages and damaged outdoor power in Lansvale, with 60-minute emergency response. | Emergency call-outs in this region use 60-minute emergency response.","60","no","Current response-time wording matches the current region classification.","Keep current core classification","no"
"Liverpool & Fairfield","Fairfield","Mount Pritchard","2170","/service-areas/liverpool-and-fairfield/fairfield/mount-pritchard/","core","within 60 minutes / 60-minute response","60-minute response for urgent call-outs. | For Mount Pritchard, emergency call-outs use 60-minute emergency response; call for unsafe faults, or send photos and details for planned work. | Urgent help for power loss, hot fittings and tripping circuits, business outages and damaged outdoor power in Mount Pritchard, with 60-minute emergency response. | Emergency call-outs in this region use 60-minute emergency response.","60","no","Current response-time wording matches the current region classification.","Keep current core classification","no"
"Liverpool & Fairfield","Fairfield","Old Guildford","2161","/service-areas/liverpool-and-fairfield/fairfield/old-guildford/","core","within 60 minutes / 60-minute response","60-minute response for urgent call-outs. | Evaready provides 60-minute emergency response for emergency call-outs in this region. | Urgent help for power loss, hot fittings and tripping circuits, business outages and damaged outdoor power in Old Guildford, with 60-minute emergency response. | Emergency call-outs in this region use 60-minute emergency response.","60","no","Current response-time wording matches the current region classification.","Keep current core classification","no"
"Liverpool & Fairfield","Fairfield","Prairiewood","2176","/service-areas/liverpool-and-fairfield/fairfield/prairiewood/","core","within 60 minutes / 60-minute response","60-minute response for urgent call-outs. | For Prairiewood, emergency call-outs use 60-minute emergency response; call for unsafe faults, or send photos and details for planned work. | Evaready provides 60-minute emergency response for emergency call-outs in this region. | Urgent help for power loss, hot fittings and tripping circuits, business outages and damaged outdoor power in Prairiewood, with 60-minute emergency response.","60","no","Current response-time wording matches the current region classification.","Keep current core classification","no"
"Liverpool & Fairfield","Fairfield","Smithfield","2164","/service-areas/liverpool-and-fairfield/fairfield/smithfield/","core","within 60 minutes / 60-minute response","60-minute response for urgent call-outs. | Urgent help for power loss, hot fittings and tripping circuits, business outages and damaged outdoor power in Smithfield, with 60-minute emergency response. | Emergency call-outs in this region use 60-minute emergency response.","60","no","Current response-time wording matches the current region classification.","Keep current core classification","no"
"Liverpool & Fairfield","Fairfield","St Johns Park","2176","/service-areas/liverpool-and-fairfield/fairfield/st-johns-park/","core","within 60 minutes / 60-minute response","60-minute response for urgent call-outs. | For St Johns Park, emergency call-outs use 60-minute emergency response; call for unsafe faults, or send photos and details for planned work. | Urgent help for power loss, hot fittings and tripping circuits, business outages and damaged outdoor power in St Johns Park, with 60-minute emergency response. | Emergency call-outs in this region use 60-minute emergency response.","60","no","Current response-time wording matches the current region classification.","Keep current core classification","no"
"Liverpool & Fairfield","Fairfield","Wakeley","2176","/service-areas/liverpool-and-fairfield/fairfield/wakeley/","core","within 60 minutes / 60-minute response","60-minute response for urgent call-outs. | Evaready provides 60-minute emergency response for emergency call-outs in this region. | Urgent help for power loss, hot fittings and tripping circuits, business outages and damaged outdoor power in Wakeley, with 60-minute emergency response. | Emergency call-outs in this region use 60-minute emergency response.","60","no","Current response-time wording matches the current region classification.","Keep current core classification","no"
"Liverpool & Fairfield","Fairfield","Wetherill Park","2164","/service-areas/liverpool-and-fairfield/fairfield/wetherill-park/","core","within 60 minutes / 60-minute response","60-minute response for urgent call-outs. | Urgent help for power loss, hot fittings and tripping circuits, business outages and damaged outdoor power in Wetherill Park, with 60-minute emergency response. | Emergency call-outs in this region use 60-minute emergency response.","60","no","Current response-time wording matches the current region classification.","Keep current core classification","no"
"Liverpool & Fairfield","Fairfield","Yennora","2161","/service-areas/liverpool-and-fairfield/fairfield/yennora/","core","within 60 minutes / 60-minute response","60-minute response for urgent call-outs. | Evaready provides 60-minute emergency response for emergency call-outs in this region. | Urgent help for power loss, hot fittings and tripping circuits, business outages and damaged outdoor power in Yennora, with 60-minute emergency response. | Emergency call-outs in this region use 60-minute emergency response.","60","no","Current response-time wording matches the current region classification.","Keep current core classification","no"
"Liverpool & Fairfield","Liverpool","Ashcroft","2168","/service-areas/liverpool-and-fairfield/liverpool/ashcroft/","core","within 60 minutes / 60-minute response","60-minute response for urgent call-outs. | Urgent help for power loss, hot fittings and tripping circuits, business outages and damaged outdoor power in Ashcroft, with 60-minute emergency response. | Emergency call-outs in this region use 60-minute emergency response.","60","no","Current response-time wording matches the current region classification.","Keep current core classification","no"
"Liverpool & Fairfield","Liverpool","Austral","2179","/service-areas/liverpool-and-fairfield/liverpool/austral/","core","within 60 minutes / 60-minute response","60-minute response for urgent call-outs. | Urgent help for power loss, hot fittings and tripping circuits, business outages and damaged outdoor power in Austral, with 60-minute emergency response. | Emergency call-outs in this region use 60-minute emergency response.","60","no","Current response-time wording matches the current region classification.","Keep current core classification","no"
"Liverpool & Fairfield","Liverpool","Badgerys Creek","2555","/service-areas/liverpool-and-fairfield/liverpool/badgerys-creek/","core","within 60 minutes / 60-minute response","60-minute response for urgent call-outs. | Urgent help for power loss, hot fittings and tripping circuits, business outages and damaged outdoor power in Badgerys Creek, with 60-minute emergency response. | Emergency call-outs in this region use 60-minute emergency response.","60","no","Current response-time wording matches the current region classification.","Keep current core classification","no"
"Liverpool & Fairfield","Liverpool","Busby","2168","/service-areas/liverpool-and-fairfield/liverpool/busby/","core","within 60 minutes / 60-minute response","60-minute response for urgent call-outs. | Evaready provides 60-minute emergency response for emergency call-outs in this region. | Urgent help for power loss, hot fittings and tripping circuits, business outages and damaged outdoor power in Busby, with 60-minute emergency response. | Emergency call-outs in this region use 60-minute emergency response.","60","no","Current response-time wording matches the current region classification.","Keep current core classification","no"
"Liverpool & Fairfield","Liverpool","Carnes Hill","2171","/service-areas/liverpool-and-fairfield/liverpool/carnes-hill/","core","within 60 minutes / 60-minute response","60-minute response for urgent call-outs. | Evaready provides 60-minute emergency response for emergency call-outs in this region. | Urgent help for power loss, hot fittings and tripping circuits, business outages and damaged outdoor power in Carnes Hill, with 60-minute emergency response. | Emergency call-outs in this region use 60-minute emergency response.","60","no","Current response-time wording matches the current region classification.","Keep current core classification","no"
"Liverpool & Fairfield","Liverpool","Cartwright","2168","/service-areas/liverpool-and-fairfield/liverpool/cartwright/","core","within 60 minutes / 60-minute response","60-minute response for urgent call-outs. | For Cartwright, emergency call-outs use 60-minute emergency response; call for unsafe faults, or send photos and details for planned work. | Evaready provides 60-minute emergency response for emergency call-outs in this region. | Urgent help for power loss, hot fittings and tripping circuits, business outages and damaged outdoor power in Cartwright, with 60-minute emergency response.","60","no","Current response-time wording matches the current region classification.","Keep current core classification","no"
"Liverpool & Fairfield","Liverpool","Casula","2170","/service-areas/liverpool-and-fairfield/liverpool/casula/","core","within 60 minutes / 60-minute response","60-minute response for urgent call-outs. | Evaready provides 60-minute emergency response for emergency call-outs in this region. | Urgent help for power loss, hot fittings and tripping circuits, business outages and damaged outdoor power in Casula, with 60-minute emergency response. | Emergency call-outs in this region use 60-minute emergency response.","60","no","Current response-time wording matches the current region classification.","Keep current core classification","no"
"Liverpool & Fairfield","Liverpool","Cecil Hills","2171","/service-areas/liverpool-and-fairfield/liverpool/cecil-hills/","core","within 60 minutes / 60-minute response","60-minute response for urgent call-outs. | For Cecil Hills, emergency call-outs use 60-minute emergency response; call for unsafe faults, or send photos and details for planned work. | Urgent help for power loss, hot fittings and tripping circuits, business outages and damaged outdoor power in Cecil Hills, with 60-minute emergency response. | Emergency call-outs in this region use 60-minute emergency response.","60","no","Current response-time wording matches the current region classification.","Keep current core classification","no"
"Liverpool & Fairfield","Liverpool","Chipping Norton","2170","/service-areas/liverpool-and-fairfield/liverpool/chipping-norton/","core","within 60 minutes / 60-minute response","60-minute response for urgent call-outs. | Evaready provides 60-minute emergency response for emergency call-outs in this region. | Urgent help for power loss, hot fittings and tripping circuits, business outages and damaged outdoor power in Chipping Norton, with 60-minute emergency response. | Emergency call-outs in this region use 60-minute emergency response.","60","no","Current response-time wording matches the current region classification.","Keep current core classification","no"
"Liverpool & Fairfield","Liverpool","Edmondson Park","2174","/service-areas/liverpool-and-fairfield/liverpool/edmondson-park/","core","within 60 minutes / 60-minute response","60-minute response for urgent call-outs. | For Edmondson Park, emergency call-outs use 60-minute emergency response; call for unsafe faults, or send photos and details for planned work. | Urgent help for power loss, hot fittings and tripping circuits, business outages and damaged outdoor power in Edmondson Park, with 60-minute emergency response. | Emergency call-outs in this region use 60-minute emergency response.","60","no","Current response-time wording matches the current region classification.","Keep current core classification","no"
"Liverpool & Fairfield","Liverpool","Elizabeth Hills","2171","/service-areas/liverpool-and-fairfield/liverpool/elizabeth-hills/","core","within 60 minutes / 60-minute response","60-minute response for urgent call-outs. | Urgent help for power loss, hot fittings and tripping circuits, business outages and damaged outdoor power in Elizabeth Hills, with 60-minute emergency response. | Emergency call-outs in this region use 60-minute emergency response.","60","no","Current response-time wording matches the current region classification.","Keep current core classification","no"
"Liverpool & Fairfield","Liverpool","Green Valley","2168","/service-areas/liverpool-and-fairfield/liverpool/green-valley/","core","within 60 minutes / 60-minute response","60-minute response for urgent call-outs. | Urgent help for power loss, hot fittings and tripping circuits, business outages and damaged outdoor power in Green Valley, with 60-minute emergency response. | Emergency call-outs in this region use 60-minute emergency response.","60","no","Current response-time wording matches the current region classification.","Keep current core classification","no"
"Liverpool & Fairfield","Liverpool","Greendale","2745","/service-areas/liverpool-and-fairfield/liverpool/greendale/","core","within 60 minutes / 60-minute response","60-minute response for urgent call-outs. | For Greendale, emergency call-outs use 60-minute emergency response; call for unsafe faults, or send photos and details for planned work. | Evaready provides 60-minute emergency response for emergency call-outs in this region. | Urgent help for power loss, hot fittings and tripping circuits, business outages and damaged outdoor power in Greendale, with 60-minute emergency response.","60","no","Current response-time wording matches the current region classification.","Keep current core classification","no"
"Liverpool & Fairfield","Liverpool","Hammondville","2170","/service-areas/liverpool-and-fairfield/liverpool/hammondville/","core","within 60 minutes / 60-minute response","60-minute response for urgent call-outs. | Evaready provides 60-minute emergency response for emergency call-outs in this region. | Urgent help for power loss, hot fittings and tripping circuits, business outages and damaged outdoor power in Hammondville, with 60-minute emergency response. | Emergency call-outs in this region use 60-minute emergency response.","60","no","Current response-time wording matches the current region classification.","Keep current core classification","no"
"Liverpool & Fairfield","Liverpool","Heckenberg","2168","/service-areas/liverpool-and-fairfield/liverpool/heckenberg/","core","within 60 minutes / 60-minute response","60-minute response for urgent call-outs. | Urgent help for power loss, hot fittings and tripping circuits, business outages and damaged outdoor power in Heckenberg, with 60-minute emergency response. | Emergency call-outs in this region use 60-minute emergency response.","60","no","Current response-time wording matches the current region classification.","Keep current core classification","no"
"Liverpool & Fairfield","Liverpool","Hinchinbrook","2168","/service-areas/liverpool-and-fairfield/liverpool/hinchinbrook/","core","within 60 minutes / 60-minute response","60-minute response for urgent call-outs. | Urgent help for power loss, hot fittings and tripping circuits, business outages and damaged outdoor power in Hinchinbrook, with 60-minute emergency response. | Emergency call-outs in this region use 60-minute emergency response.","60","no","Current response-time wording matches the current region classification.","Keep current core classification","no"
"Liverpool & Fairfield","Liverpool","Horningsea Park","2171","/service-areas/liverpool-and-fairfield/liverpool/horningsea-park/","core","within 60 minutes / 60-minute response","60-minute response for urgent call-outs. | Urgent help for power loss, hot fittings and tripping circuits, business outages and damaged outdoor power in Horningsea Park, with 60-minute emergency response. | Emergency call-outs in this region use 60-minute emergency response.","60","no","Current response-time wording matches the current region classification.","Keep current core classification","no"
"Liverpool & Fairfield","Liverpool","Hoxton Park","2171","/service-areas/liverpool-and-fairfield/liverpool/hoxton-park/","core","within 60 minutes / 60-minute response","60-minute response for urgent call-outs. | Evaready provides 60-minute emergency response for emergency call-outs in this region. | Urgent help for power loss, hot fittings and tripping circuits, business outages and damaged outdoor power in Hoxton Park, with 60-minute emergency response. | Emergency call-outs in this region use 60-minute emergency response.","60","no","Current response-time wording matches the current region classification.","Keep current core classification","no"
"Liverpool & Fairfield","Liverpool","Kemps Creek","2178","/service-areas/liverpool-and-fairfield/liverpool/kemps-creek/","core","within 60 minutes / 60-minute response","60-minute response for urgent call-outs. | For Kemps Creek, emergency call-outs use 60-minute emergency response; call for unsafe faults, or send photos and details for planned work. | Urgent help for power loss, hot fittings and tripping circuits, business outages and damaged outdoor power in Kemps Creek, with 60-minute emergency response. | Emergency call-outs in this region use 60-minute emergency response.","60","no","Current response-time wording matches the current region classification.","Keep current core classification","no"
"Liverpool & Fairfield","Liverpool","Liverpool","2170","/service-areas/liverpool-and-fairfield/liverpool/liverpool/","core","within 60 minutes / 60-minute response","60-minute response for urgent call-outs. | Urgent help for power loss, hot fittings and tripping circuits, business outages and damaged outdoor power in Liverpool, with 60-minute emergency response. | Emergency call-outs in this region use 60-minute emergency response.","60","no","Current response-time wording matches the current region classification.","Keep current core classification","no"
"Liverpool & Fairfield","Liverpool","Luddenham","2745","/service-areas/liverpool-and-fairfield/liverpool/luddenham/","core","within 60 minutes / 60-minute response","60-minute response for urgent call-outs. | Evaready provides 60-minute emergency response for emergency call-outs in this region. | Urgent help for power loss, hot fittings and tripping circuits, business outages and damaged outdoor power in Luddenham, with 60-minute emergency response. | Emergency call-outs in this region use 60-minute emergency response.","60","no","Current response-time wording matches the current region classification.","Keep current core classification","no"
"Liverpool & Fairfield","Liverpool","Lurnea","2170","/service-areas/liverpool-and-fairfield/liverpool/lurnea/","core","within 60 minutes / 60-minute response","60-minute response for urgent call-outs. | Urgent help for power loss, hot fittings and tripping circuits, business outages and damaged outdoor power in Lurnea, with 60-minute emergency response. | Emergency call-outs in this region use 60-minute emergency response.","60","no","Current response-time wording matches the current region classification.","Keep current core classification","no"
"Liverpool & Fairfield","Liverpool","Middleton Grange","2171","/service-areas/liverpool-and-fairfield/liverpool/middleton-grange/","core","within 60 minutes / 60-minute response","60-minute response for urgent call-outs. | Urgent help for power loss, hot fittings and tripping circuits, business outages and damaged outdoor power in Middleton Grange, with 60-minute emergency response. | Emergency call-outs in this region use 60-minute emergency response.","60","no","Current response-time wording matches the current region classification.","Keep current core classification","no"
"Liverpool & Fairfield","Liverpool","Miller","2168","/service-areas/liverpool-and-fairfield/liverpool/miller/","core","within 60 minutes / 60-minute response","60-minute response for urgent call-outs. | Urgent help for power loss, hot fittings and tripping circuits, business outages and damaged outdoor power in Miller, with 60-minute emergency response. | Emergency call-outs in this region use 60-minute emergency response.","60","no","Current response-time wording matches the current region classification.","Keep current core classification","no"
"Liverpool & Fairfield","Liverpool","Moorebank","2170","/service-areas/liverpool-and-fairfield/liverpool/moorebank/","core","within 60 minutes / 60-minute response","60-minute response for urgent call-outs. | Evaready provides 60-minute emergency response for emergency call-outs in this region. | Urgent help for power loss, hot fittings and tripping circuits, business outages and damaged outdoor power in Moorebank, with 60-minute emergency response. | Emergency call-outs in this region use 60-minute emergency response.","60","no","Current response-time wording matches the current region classification.","Keep current core classification","no"
"Liverpool & Fairfield","Liverpool","Pleasure Point","2172","/service-areas/liverpool-and-fairfield/liverpool/pleasure-point/","core","within 60 minutes / 60-minute response","60-minute response for urgent call-outs. | Urgent help for power loss, hot fittings and tripping circuits, business outages and damaged outdoor power in Pleasure Point, with 60-minute emergency response. | Emergency call-outs in this region use 60-minute emergency response.","60","no","Current response-time wording matches the current region classification.","Keep current core classification","no"
"Liverpool & Fairfield","Liverpool","Prestons","2170","/service-areas/liverpool-and-fairfield/liverpool/prestons/","core","within 60 minutes / 60-minute response","60-minute response for urgent call-outs. | Urgent help for power loss, hot fittings and tripping circuits, business outages and damaged outdoor power in Prestons, with 60-minute emergency response. | Emergency call-outs in this region use 60-minute emergency response.","60","no","Current response-time wording matches the current region classification.","Keep current core classification","no"
"Liverpool & Fairfield","Liverpool","Sadleir","2168","/service-areas/liverpool-and-fairfield/liverpool/sadleir/","core","within 60 minutes / 60-minute response","60-minute response for urgent call-outs. | Urgent help for power loss, hot fittings and tripping circuits, business outages and damaged outdoor power in Sadleir, with 60-minute emergency response. | Emergency call-outs in this region use 60-minute emergency response.","60","no","Current response-time wording matches the current region classification.","Keep current core classification","no"
"Liverpool & Fairfield","Liverpool","Voyager Point","2172","/service-areas/liverpool-and-fairfield/liverpool/voyager-point/","core","within 60 minutes / 60-minute response","60-minute response for urgent call-outs. | Urgent help for power loss, hot fittings and tripping circuits, business outages and damaged outdoor power in Voyager Point, with 60-minute emergency response. | Emergency call-outs in this region use 60-minute emergency response.","60","no","Current response-time wording matches the current region classification.","Keep current core classification","no"
"Liverpool & Fairfield","Liverpool","Wallacia","2745","/service-areas/liverpool-and-fairfield/liverpool/wallacia/","core","within 60 minutes / 60-minute response","60-minute response for urgent call-outs. | Evaready provides 60-minute emergency response for emergency call-outs in this region. | Urgent help for power loss, hot fittings and tripping circuits, business outages and damaged outdoor power in Wallacia, with 60-minute emergency response. | Emergency call-outs in this region use 60-minute emergency response.","60","no","Current response-time wording matches the current region classification.","Keep current core classification","no"
"Liverpool & Fairfield","Liverpool","Warwick Farm","2170","/service-areas/liverpool-and-fairfield/liverpool/warwick-farm/","core","within 60 minutes / 60-minute response","60-minute response for urgent call-outs. | Urgent help for power loss, hot fittings and tripping circuits, business outages and damaged outdoor power in Warwick Farm, with 60-minute emergency response. | Emergency call-outs in this region use 60-minute emergency response.","60","no","Current response-time wording matches the current region classification.","Keep current core classification","no"
"Liverpool & Fairfield","Liverpool","Wattle Grove","2173","/service-areas/liverpool-and-fairfield/liverpool/wattle-grove/","core","within 60 minutes / 60-minute response","60-minute response for urgent call-outs. | For Wattle Grove, emergency call-outs use 60-minute emergency response; call for unsafe faults, or send photos and details for planned work. | Urgent help for power loss, hot fittings and tripping circuits, business outages and damaged outdoor power in Wattle Grove, with 60-minute emergency response. | Emergency call-outs in this region use 60-minute emergency response.","60","no","Current response-time wording matches the current region classification.","Keep current core classification","no"
"Liverpool & Fairfield","Liverpool","West Hoxton","2171","/service-areas/liverpool-and-fairfield/liverpool/west-hoxton/","core","within 60 minutes / 60-minute response","60-minute response for urgent call-outs. | For West Hoxton, emergency call-outs use 60-minute emergency response; call for unsafe faults, or send photos and details for planned work. | Urgent help for power loss, hot fittings and tripping circuits, business outages and damaged outdoor power in West Hoxton, with 60-minute emergency response. | Emergency call-outs in this region use 60-minute emergency response.","60","no","Current response-time wording matches the current region classification.","Keep current core classification","no"
"Macarthur, Camden & Wollondilly","Camden","Bringelly","2556","/service-areas/macarthur-camden-and-wollondilly/camden/bringelly/","greater","within 90 minutes / 90-minute response","90-minute response for urgent call-outs across greater regions. | Evaready provides 90-minute emergency response for emergency call-outs in this region. | Urgent help for power loss, hot fittings and tripping circuits, business outages and damaged outdoor power in Bringelly, with 90-minute emergency response. | Emergency call-outs in this region use 90-minute emergency response.","90","no","Current response-time wording matches the current region classification.","Keep current greater classification","no"
"Macarthur, Camden & Wollondilly","Camden","Camden","2570","/service-areas/macarthur-camden-and-wollondilly/camden/camden/","greater","within 90 minutes / 90-minute response","90-minute response for urgent call-outs across greater regions. | Urgent help for power loss, hot fittings and tripping circuits, business outages and damaged outdoor power in Camden, with 90-minute emergency response. | Emergency call-outs in this region use 90-minute emergency response.","90","no","Current response-time wording matches the current region classification.","Keep current greater classification","no"
"Macarthur, Camden & Wollondilly","Camden","Camden South","2570","/service-areas/macarthur-camden-and-wollondilly/camden/camden-south/","greater","within 90 minutes / 90-minute response","90-minute response for urgent call-outs across greater regions. | For Camden South, emergency call-outs use 90-minute emergency response; call for unsafe faults, or send photos and details for planned work. | Urgent help for power loss, hot fittings and tripping circuits, business outages and damaged outdoor power in Camden South, with 90-minute emergency response. | Emergency call-outs in this region use 90-minute emergency response.","90","no","Current response-time wording matches the current region classification.","Keep current greater classification","no"
"Macarthur, Camden & Wollondilly","Camden","Catherine Field","2557","/service-areas/macarthur-camden-and-wollondilly/camden/catherine-field/","greater","within 90 minutes / 90-minute response","90-minute response for urgent call-outs across greater regions. | For Catherine Field, emergency call-outs use 90-minute emergency response; call for unsafe faults, or send photos and details for planned work. | Urgent help for power loss, hot fittings and tripping circuits, business outages and damaged outdoor power in Catherine Field, with 90-minute emergency response. | Emergency call-outs in this region use 90-minute emergency response.","90","no","Current response-time wording matches the current region classification.","Keep current greater classification","no"
"Macarthur, Camden & Wollondilly","Camden","Cawdor","2570","/service-areas/macarthur-camden-and-wollondilly/camden/cawdor/","greater","within 90 minutes / 90-minute response","90-minute response for urgent call-outs across greater regions. | Evaready provides 90-minute emergency response for emergency call-outs in this region. | Urgent help for power loss, hot fittings and tripping circuits, business outages and damaged outdoor power in Cawdor, with 90-minute emergency response. | Emergency call-outs in this region use 90-minute emergency response.","90","no","Current response-time wording matches the current region classification.","Keep current greater classification","no"
"Macarthur, Camden & Wollondilly","Camden","Cobbitty","2570","/service-areas/macarthur-camden-and-wollondilly/camden/cobbitty/","greater","within 90 minutes / 90-minute response","90-minute response for urgent call-outs across greater regions. | Urgent help for power loss, hot fittings and tripping circuits, business outages and damaged outdoor power in Cobbitty, with 90-minute emergency response. | Emergency call-outs in this region use 90-minute emergency response.","90","no","Current response-time wording matches the current region classification.","Keep current greater classification","no"
"Macarthur, Camden & Wollondilly","Camden","Currans Hill","2567","/service-areas/macarthur-camden-and-wollondilly/camden/currans-hill/","greater","within 90 minutes / 90-minute response","90-minute response for urgent call-outs across greater regions. | For Currans Hill, emergency call-outs use 90-minute emergency response; call for unsafe faults, or send photos and details for planned work. | Evaready provides 90-minute emergency response for emergency call-outs in this region. | Urgent help for power loss, hot fittings and tripping circuits, business outages and damaged outdoor power in Currans Hill, with 90-minute emergency response.","90","no","Current response-time wording matches the current region classification.","Keep current greater classification","no"
"Macarthur, Camden & Wollondilly","Camden","Elderslie","2570","/service-areas/macarthur-camden-and-wollondilly/camden/elderslie/","greater","within 90 minutes / 90-minute response","90-minute response for urgent call-outs across greater regions. | Evaready provides 90-minute emergency response for emergency call-outs in this region. | Urgent help for power loss, hot fittings and tripping circuits, business outages and damaged outdoor power in Elderslie, with 90-minute emergency response. | Emergency call-outs in this region use 90-minute emergency response.","90","no","Current response-time wording matches the current region classification.","Keep current greater classification","no"
"Macarthur, Camden & Wollondilly","Camden","Ellis Lane","2570","/service-areas/macarthur-camden-and-wollondilly/camden/ellis-lane/","greater","within 90 minutes / 90-minute response","90-minute response for urgent call-outs across greater regions. | Evaready provides 90-minute emergency response for emergency call-outs in this region. | Urgent help for power loss, hot fittings and tripping circuits, business outages and damaged outdoor power in Ellis Lane, with 90-minute emergency response. | Emergency call-outs in this region use 90-minute emergency response.","90","no","Current response-time wording matches the current region classification.","Keep current greater classification","no"
"Macarthur, Camden & Wollondilly","Camden","Gledswood Hills","2557","/service-areas/macarthur-camden-and-wollondilly/camden/gledswood-hills/","greater","within 90 minutes / 90-minute response","90-minute response for urgent call-outs across greater regions. | Evaready provides 90-minute emergency response for emergency call-outs in this region. | Urgent help for power loss, hot fittings and tripping circuits, business outages and damaged outdoor power in Gledswood Hills, with 90-minute emergency response. | Emergency call-outs in this region use 90-minute emergency response.","90","no","Current response-time wording matches the current region classification.","Keep current greater classification","no"
"Macarthur, Camden & Wollondilly","Camden","Grasmere","2570","/service-areas/macarthur-camden-and-wollondilly/camden/grasmere/","greater","within 90 minutes / 90-minute response","90-minute response for urgent call-outs across greater regions. | Evaready provides 90-minute emergency response for emergency call-outs in this region. | Urgent help for power loss, hot fittings and tripping circuits, business outages and damaged outdoor power in Grasmere, with 90-minute emergency response. | Emergency call-outs in this region use 90-minute emergency response.","90","no","Current response-time wording matches the current region classification.","Keep current greater classification","no"
"Macarthur, Camden & Wollondilly","Camden","Gregory Hills","2557","/service-areas/macarthur-camden-and-wollondilly/camden/gregory-hills/","greater","within 90 minutes / 90-minute response","90-minute response for urgent call-outs across greater regions. | For Gregory Hills, emergency call-outs use 90-minute emergency response; call for unsafe faults, or send photos and details for planned work. | Urgent help for power loss, hot fittings and tripping circuits, business outages and damaged outdoor power in Gregory Hills, with 90-minute emergency response. | Emergency call-outs in this region use 90-minute emergency response.","90","no","Current response-time wording matches the current region classification.","Keep current greater classification","no"
"Macarthur, Camden & Wollondilly","Camden","Harrington Park","2567","/service-areas/macarthur-camden-and-wollondilly/camden/harrington-park/","greater","within 90 minutes / 90-minute response","90-minute response for urgent call-outs across greater regions. | Evaready provides 90-minute emergency response for emergency call-outs in this region. | Urgent help for power loss, hot fittings and tripping circuits, business outages and damaged outdoor power in Harrington Park, with 90-minute emergency response. | Emergency call-outs in this region use 90-minute emergency response.","90","no","Current response-time wording matches the current region classification.","Keep current greater classification","no"
"Macarthur, Camden & Wollondilly","Camden","Kirkham","2570","/service-areas/macarthur-camden-and-wollondilly/camden/kirkham/","greater","within 90 minutes / 90-minute response","90-minute response for urgent call-outs across greater regions. | Evaready provides 90-minute emergency response for emergency call-outs in this region. | Urgent help for power loss, hot fittings and tripping circuits, business outages and damaged outdoor power in Kirkham, with 90-minute emergency response. | Emergency call-outs in this region use 90-minute emergency response.","90","no","Current response-time wording matches the current region classification.","Keep current greater classification","no"
"Macarthur, Camden & Wollondilly","Camden","Leppington","2179","/service-areas/macarthur-camden-and-wollondilly/camden/leppington/","greater","within 90 minutes / 90-minute response","90-minute response for urgent call-outs across greater regions. | Urgent help for power loss, hot fittings and tripping circuits, business outages and damaged outdoor power in Leppington, with 90-minute emergency response. | Emergency call-outs in this region use 90-minute emergency response.","90","no","Current response-time wording matches the current region classification.","Keep current greater classification","no"
"Macarthur, Camden & Wollondilly","Camden","Mount Annan","2567","/service-areas/macarthur-camden-and-wollondilly/camden/mount-annan/","greater","within 90 minutes / 90-minute response","90-minute response for urgent call-outs across greater regions. | Evaready provides 90-minute emergency response for emergency call-outs in this region. | Urgent help for power loss, hot fittings and tripping circuits, business outages and damaged outdoor power in Mount Annan, with 90-minute emergency response. | Emergency call-outs in this region use 90-minute emergency response.","90","no","Current response-time wording matches the current region classification.","Keep current greater classification","no"
"Macarthur, Camden & Wollondilly","Camden","Narellan","2567","/service-areas/macarthur-camden-and-wollondilly/camden/narellan/","greater","within 90 minutes / 90-minute response","90-minute response for urgent call-outs across greater regions. | Urgent help for power loss, hot fittings and tripping circuits, business outages and damaged outdoor power in Narellan, with 90-minute emergency response. | Emergency call-outs in this region use 90-minute emergency response.","90","no","Current response-time wording matches the current region classification.","Keep current greater classification","no"
"Macarthur, Camden & Wollondilly","Camden","Narellan Vale","2567","/service-areas/macarthur-camden-and-wollondilly/camden/narellan-vale/","greater","within 90 minutes / 90-minute response","90-minute response for urgent call-outs across greater regions. | Urgent help for power loss, hot fittings and tripping circuits, business outages and damaged outdoor power in Narellan Vale, with 90-minute emergency response. | Emergency call-outs in this region use 90-minute emergency response.","90","no","Current response-time wording matches the current region classification.","Keep current greater classification","no"
"Macarthur, Camden & Wollondilly","Camden","Oran Park","2570","/service-areas/macarthur-camden-and-wollondilly/camden/oran-park/","greater","within 90 minutes / 90-minute response","90-minute response for urgent call-outs across greater regions. | Evaready provides 90-minute emergency response for emergency call-outs in this region. | Urgent help for power loss, hot fittings and tripping circuits, business outages and damaged outdoor power in Oran Park, with 90-minute emergency response. | Emergency call-outs in this region use 90-minute emergency response.","90","no","Current response-time wording matches the current region classification.","Keep current greater classification","no"
"Macarthur, Camden & Wollondilly","Camden","Rossmore","2557","/service-areas/macarthur-camden-and-wollondilly/camden/rossmore/","greater","within 90 minutes / 90-minute response","90-minute response for urgent call-outs across greater regions. | For Rossmore, emergency call-outs use 90-minute emergency response; call for unsafe faults, or send photos and details for planned work. | Urgent help for power loss, hot fittings and tripping circuits, business outages and damaged outdoor power in Rossmore, with 90-minute emergency response. | Emergency call-outs in this region use 90-minute emergency response.","90","no","Current response-time wording matches the current region classification.","Keep current greater classification","no"
"Macarthur, Camden & Wollondilly","Camden","Smeaton Grange","2567","/service-areas/macarthur-camden-and-wollondilly/camden/smeaton-grange/","greater","within 90 minutes / 90-minute response","90-minute response for urgent call-outs across greater regions. | Evaready provides 90-minute emergency response for emergency call-outs in this region. | Urgent help for power loss, hot fittings and tripping circuits, business outages and damaged outdoor power in Smeaton Grange, with 90-minute emergency response. | Emergency call-outs in this region use 90-minute emergency response.","90","no","Current response-time wording matches the current region classification.","Keep current greater classification","no"
"Macarthur, Camden & Wollondilly","Camden","Spring Farm","2570","/service-areas/macarthur-camden-and-wollondilly/camden/spring-farm/","greater","within 90 minutes / 90-minute response","90-minute response for urgent call-outs across greater regions. | Evaready provides 90-minute emergency response for emergency call-outs in this region. | Urgent help for power loss, hot fittings and tripping circuits, business outages and damaged outdoor power in Spring Farm, with 90-minute emergency response. | Emergency call-outs in this region use 90-minute emergency response.","90","no","Current response-time wording matches the current region classification.","Keep current greater classification","no"
"Macarthur, Camden & Wollondilly","Campbelltown","Airds","2560","/service-areas/macarthur-camden-and-wollondilly/campbelltown/airds/","greater","within 90 minutes / 90-minute response","90-minute response for urgent call-outs across greater regions. | For Airds, emergency call-outs use 90-minute emergency response; call for unsafe faults, or send photos and details for planned work. | Evaready provides 90-minute emergency response for emergency call-outs in this region. | Urgent help for power loss, hot fittings and tripping circuits, business outages and damaged outdoor power in Airds, with 90-minute emergency response.","90","no","Current response-time wording matches the current region classification.","Keep current greater classification","no"
"Macarthur, Camden & Wollondilly","Campbelltown","Ambarvale","2560","/service-areas/macarthur-camden-and-wollondilly/campbelltown/ambarvale/","greater","within 90 minutes / 90-minute response","90-minute response for urgent call-outs across greater regions. | Urgent help for power loss, hot fittings and tripping circuits, business outages and damaged outdoor power in Ambarvale, with 90-minute emergency response. | Emergency call-outs in this region use 90-minute emergency response.","90","no","Current response-time wording matches the current region classification.","Keep current greater classification","no"
"Macarthur, Camden & Wollondilly","Campbelltown","Bardia","2565","/service-areas/macarthur-camden-and-wollondilly/campbelltown/bardia/","greater","within 90 minutes / 90-minute response","90-minute response for urgent call-outs across greater regions. | Urgent help for power loss, hot fittings and tripping circuits, business outages and damaged outdoor power in Bardia, with 90-minute emergency response. | Emergency call-outs in this region use 90-minute emergency response.","90","no","Current response-time wording matches the current region classification.","Keep current greater classification","no"
"Macarthur, Camden & Wollondilly","Campbelltown","Blair Athol","2560","/service-areas/macarthur-camden-and-wollondilly/campbelltown/blair-athol/","greater","within 90 minutes / 90-minute response","90-minute response for urgent call-outs across greater regions. | Evaready provides 90-minute emergency response for emergency call-outs in this region. | Urgent help for power loss, hot fittings and tripping circuits, business outages and damaged outdoor power in Blair Athol, with 90-minute emergency response. | Emergency call-outs in this region use 90-minute emergency response.","90","no","Current response-time wording matches the current region classification.","Keep current greater classification","no"
"Macarthur, Camden & Wollondilly","Campbelltown","Blairmount","2559","/service-areas/macarthur-camden-and-wollondilly/campbelltown/blairmount/","greater","within 90 minutes / 90-minute response","90-minute response for urgent call-outs across greater regions. | Urgent help for power loss, hot fittings and tripping circuits, business outages and damaged outdoor power in Blairmount, with 90-minute emergency response. | Emergency call-outs in this region use 90-minute emergency response.","90","no","Current response-time wording matches the current region classification.","Keep current greater classification","no"
"Macarthur, Camden & Wollondilly","Campbelltown","Bow Bowing","2566","/service-areas/macarthur-camden-and-wollondilly/campbelltown/bow-bowing/","greater","within 90 minutes / 90-minute response","90-minute response for urgent call-outs across greater regions. | Urgent help for power loss, hot fittings and tripping circuits, business outages and damaged outdoor power in Bow Bowing, with 90-minute emergency response. | Emergency call-outs in this region use 90-minute emergency response.","90","no","Current response-time wording matches the current region classification.","Keep current greater classification","no"
"Macarthur, Camden & Wollondilly","Campbelltown","Bradbury","2560","/service-areas/macarthur-camden-and-wollondilly/campbelltown/bradbury/","greater","within 90 minutes / 90-minute response","90-minute response for urgent call-outs across greater regions. | Evaready provides 90-minute emergency response for emergency call-outs in this region. | Urgent help for power loss, hot fittings and tripping circuits, business outages and damaged outdoor power in Bradbury, with 90-minute emergency response. | Emergency call-outs in this region use 90-minute emergency response.","90","no","Current response-time wording matches the current region classification.","Keep current greater classification","no"
"Macarthur, Camden & Wollondilly","Campbelltown","Campbelltown","2560","/service-areas/macarthur-camden-and-wollondilly/campbelltown/campbelltown/","greater","within 90 minutes / 90-minute response","90-minute response for urgent call-outs across greater regions. | Urgent help for power loss, hot fittings and tripping circuits, business outages and damaged outdoor power in Campbelltown, with 90-minute emergency response. | Emergency call-outs in this region use 90-minute emergency response.","90","no","Current response-time wording matches the current region classification.","Keep current greater classification","no"
"Macarthur, Camden & Wollondilly","Campbelltown","Claymore","2559","/service-areas/macarthur-camden-and-wollondilly/campbelltown/claymore/","greater","within 90 minutes / 90-minute response","90-minute response for urgent call-outs across greater regions. | Urgent help for power loss, hot fittings and tripping circuits, business outages and damaged outdoor power in Claymore, with 90-minute emergency response. | Emergency call-outs in this region use 90-minute emergency response.","90","no","Current response-time wording matches the current region classification.","Keep current greater classification","no"
"Macarthur, Camden & Wollondilly","Campbelltown","Denham Court","2565","/service-areas/macarthur-camden-and-wollondilly/campbelltown/denham-court/","greater","within 90 minutes / 90-minute response","90-minute response for urgent call-outs across greater regions. | For Denham Court, emergency call-outs use 90-minute emergency response; call for unsafe faults, or send photos and details for planned work. | Evaready provides 90-minute emergency response for emergency call-outs in this region. | Urgent help for power loss, hot fittings and tripping circuits, business outages and damaged outdoor power in Denham Court, with 90-minute emergency response.","90","no","Current response-time wording matches the current region classification.","Keep current greater classification","no"
"Macarthur, Camden & Wollondilly","Campbelltown","Eagle Vale","2558","/service-areas/macarthur-camden-and-wollondilly/campbelltown/eagle-vale/","greater","within 90 minutes / 90-minute response","90-minute response for urgent call-outs across greater regions. | Evaready provides 90-minute emergency response for emergency call-outs in this region. | Urgent help for power loss, hot fittings and tripping circuits, business outages and damaged outdoor power in Eagle Vale, with 90-minute emergency response. | Emergency call-outs in this region use 90-minute emergency response.","90","no","Current response-time wording matches the current region classification.","Keep current greater classification","no"
"Macarthur, Camden & Wollondilly","Campbelltown","Englorie Park","2560","/service-areas/macarthur-camden-and-wollondilly/campbelltown/englorie-park/","greater","within 90 minutes / 90-minute response","90-minute response for urgent call-outs across greater regions. | For Englorie Park, emergency call-outs use 90-minute emergency response; call for unsafe faults, or send photos and details for planned work. | Urgent help for power loss, hot fittings and tripping circuits, business outages and damaged outdoor power in Englorie Park, with 90-minute emergency response. | Emergency call-outs in this region use 90-minute emergency response.","90","no","Current response-time wording matches the current region classification.","Keep current greater classification","no"
"Macarthur, Camden & Wollondilly","Campbelltown","Eschol Park","2558","/service-areas/macarthur-camden-and-wollondilly/campbelltown/eschol-park/","greater","within 90 minutes / 90-minute response","90-minute response for urgent call-outs across greater regions. | Urgent help for power loss, hot fittings and tripping circuits, business outages and damaged outdoor power in Eschol Park, with 90-minute emergency response. | Emergency call-outs in this region use 90-minute emergency response.","90","no","Current response-time wording matches the current region classification.","Keep current greater classification","no"
"Macarthur, Camden & Wollondilly","Campbelltown","Gilead","2560","/service-areas/macarthur-camden-and-wollondilly/campbelltown/gilead/","greater","within 90 minutes / 90-minute response","90-minute response for urgent call-outs across greater regions. | Evaready provides 90-minute emergency response for emergency call-outs in this region. | Urgent help for power loss, hot fittings and tripping circuits, business outages and damaged outdoor power in Gilead, with 90-minute emergency response. | Emergency call-outs in this region use 90-minute emergency response.","90","no","Current response-time wording matches the current region classification.","Keep current greater classification","no"
"Macarthur, Camden & Wollondilly","Campbelltown","Glen Alpine","2560","/service-areas/macarthur-camden-and-wollondilly/campbelltown/glen-alpine/","greater","within 90 minutes / 90-minute response","90-minute response for urgent call-outs across greater regions. | Evaready provides 90-minute emergency response for emergency call-outs in this region. | Urgent help for power loss, hot fittings and tripping circuits, business outages and damaged outdoor power in Glen Alpine, with 90-minute emergency response. | Emergency call-outs in this region use 90-minute emergency response.","90","no","Current response-time wording matches the current region classification.","Keep current greater classification","no"
"Macarthur, Camden & Wollondilly","Campbelltown","Glenfield","2167","/service-areas/macarthur-camden-and-wollondilly/campbelltown/glenfield/","greater","within 90 minutes / 90-minute response","90-minute response for urgent call-outs across greater regions. | Urgent help for power loss, hot fittings and tripping circuits, business outages and damaged outdoor power in Glenfield, with 90-minute emergency response. | Emergency call-outs in this region use 90-minute emergency response.","90","no","Current response-time wording matches the current region classification.","Keep current greater classification","no"
"Macarthur, Camden & Wollondilly","Campbelltown","Holsworthy","2173","/service-areas/macarthur-camden-and-wollondilly/campbelltown/holsworthy/","greater","within 90 minutes / 90-minute response","90-minute response for urgent call-outs across greater regions. | Urgent help for power loss, hot fittings and tripping circuits, business outages and damaged outdoor power in Holsworthy, with 90-minute emergency response. | Emergency call-outs in this region use 90-minute emergency response.","90","no","Current response-time wording matches the current region classification.","Keep current greater classification","no"
"Macarthur, Camden & Wollondilly","Campbelltown","Ingleburn","2565","/service-areas/macarthur-camden-and-wollondilly/campbelltown/ingleburn/","greater","within 90 minutes / 90-minute response","90-minute response for urgent call-outs across greater regions. | Urgent help for power loss, hot fittings and tripping circuits, business outages and damaged outdoor power in Ingleburn, with 90-minute emergency response. | Emergency call-outs in this region use 90-minute emergency response.","90","no","Current response-time wording matches the current region classification.","Keep current greater classification","no"
"Macarthur, Camden & Wollondilly","Campbelltown","Kearns","2558","/service-areas/macarthur-camden-and-wollondilly/campbelltown/kearns/","greater","within 90 minutes / 90-minute response","90-minute response for urgent call-outs across greater regions. | For Kearns, emergency call-outs use 90-minute emergency response; call for unsafe faults, or send photos and details for planned work. | Urgent help for power loss, hot fittings and tripping circuits, business outages and damaged outdoor power in Kearns, with 90-minute emergency response. | Emergency call-outs in this region use 90-minute emergency response.","90","no","Current response-time wording matches the current region classification.","Keep current greater classification","no"
"Macarthur, Camden & Wollondilly","Campbelltown","Kentlyn","2560","/service-areas/macarthur-camden-and-wollondilly/campbelltown/kentlyn/","greater","within 90 minutes / 90-minute response","90-minute response for urgent call-outs across greater regions. | Urgent help for power loss, hot fittings and tripping circuits, business outages and damaged outdoor power in Kentlyn, with 90-minute emergency response. | Emergency call-outs in this region use 90-minute emergency response.","90","no","Current response-time wording matches the current region classification.","Keep current greater classification","no"
"Macarthur, Camden & Wollondilly","Campbelltown","Leumeah","2560","/service-areas/macarthur-camden-and-wollondilly/campbelltown/leumeah/","greater","within 90 minutes / 90-minute response","90-minute response for urgent call-outs across greater regions. | Urgent help for power loss, hot fittings and tripping circuits, business outages and damaged outdoor power in Leumeah, with 90-minute emergency response. | Emergency call-outs in this region use 90-minute emergency response.","90","no","Current response-time wording matches the current region classification.","Keep current greater classification","no"
"Macarthur, Camden & Wollondilly","Campbelltown","Long Point","2564","/service-areas/macarthur-camden-and-wollondilly/campbelltown/long-point/","greater","within 90 minutes / 90-minute response","90-minute response for urgent call-outs across greater regions. | Urgent help for power loss, hot fittings and tripping circuits, business outages and damaged outdoor power in Long Point, with 90-minute emergency response. | Emergency call-outs in this region use 90-minute emergency response.","90","no","Current response-time wording matches the current region classification.","Keep current greater classification","no"
"Macarthur, Camden & Wollondilly","Campbelltown","Macquarie Fields","2564","/service-areas/macarthur-camden-and-wollondilly/campbelltown/macquarie-fields/","greater","within 90 minutes / 90-minute response","90-minute response for urgent call-outs across greater regions. | Urgent help for power loss, hot fittings and tripping circuits, business outages and damaged outdoor power in Macquarie Fields, with 90-minute emergency response. | Emergency call-outs in this region use 90-minute emergency response.","90","no","Current response-time wording matches the current region classification.","Keep current greater classification","no"
"Macarthur, Camden & Wollondilly","Campbelltown","Macquarie Links","2565","/service-areas/macarthur-camden-and-wollondilly/campbelltown/macquarie-links/","greater","within 90 minutes / 90-minute response","90-minute response for urgent call-outs across greater regions. | Urgent help for power loss, hot fittings and tripping circuits, business outages and damaged outdoor power in Macquarie Links, with 90-minute emergency response. | Emergency call-outs in this region use 90-minute emergency response.","90","no","Current response-time wording matches the current region classification.","Keep current greater classification","no"
"Macarthur, Camden & Wollondilly","Campbelltown","Menangle Park","2563","/service-areas/macarthur-camden-and-wollondilly/campbelltown/menangle-park/","greater","within 90 minutes / 90-minute response","90-minute response for urgent call-outs across greater regions. | Urgent help for power loss, hot fittings and tripping circuits, business outages and damaged outdoor power in Menangle Park, with 90-minute emergency response. | Emergency call-outs in this region use 90-minute emergency response.","90","no","Current response-time wording matches the current region classification.","Keep current greater classification","no"
"Macarthur, Camden & Wollondilly","Campbelltown","Minto","2566","/service-areas/macarthur-camden-and-wollondilly/campbelltown/minto/","greater","within 90 minutes / 90-minute response","90-minute response for urgent call-outs across greater regions. | Urgent help for power loss, hot fittings and tripping circuits, business outages and damaged outdoor power in Minto, with 90-minute emergency response. | Emergency call-outs in this region use 90-minute emergency response.","90","no","Current response-time wording matches the current region classification.","Keep current greater classification","no"
"Macarthur, Camden & Wollondilly","Campbelltown","Minto Heights","2566","/service-areas/macarthur-camden-and-wollondilly/campbelltown/minto-heights/","greater","within 90 minutes / 90-minute response","90-minute response for urgent call-outs across greater regions. | Urgent help for power loss, hot fittings and tripping circuits, business outages and damaged outdoor power in Minto Heights, with 90-minute emergency response. | Emergency call-outs in this region use 90-minute emergency response.","90","no","Current response-time wording matches the current region classification.","Keep current greater classification","no"
"Macarthur, Camden & Wollondilly","Campbelltown","Raby","2566","/service-areas/macarthur-camden-and-wollondilly/campbelltown/raby/","greater","within 90 minutes / 90-minute response","90-minute response for urgent call-outs across greater regions. | Urgent help for power loss, hot fittings and tripping circuits, business outages and damaged outdoor power in Raby, with 90-minute emergency response. | Emergency call-outs in this region use 90-minute emergency response.","90","no","Current response-time wording matches the current region classification.","Keep current greater classification","no"
"Macarthur, Camden & Wollondilly","Campbelltown","Rosemeadow","2560","/service-areas/macarthur-camden-and-wollondilly/campbelltown/rosemeadow/","greater","within 90 minutes / 90-minute response","90-minute response for urgent call-outs across greater regions. | Evaready provides 90-minute emergency response for emergency call-outs in this region. | Urgent help for power loss, hot fittings and tripping circuits, business outages and damaged outdoor power in Rosemeadow, with 90-minute emergency response. | Emergency call-outs in this region use 90-minute emergency response.","90","no","Current response-time wording matches the current region classification.","Keep current greater classification","no"
"Macarthur, Camden & Wollondilly","Campbelltown","Ruse","2560","/service-areas/macarthur-camden-and-wollondilly/campbelltown/ruse/","greater","within 90 minutes / 90-minute response","90-minute response for urgent call-outs across greater regions. | Evaready provides 90-minute emergency response for emergency call-outs in this region. | Urgent help for power loss, hot fittings and tripping circuits, business outages and damaged outdoor power in Ruse, with 90-minute emergency response. | Emergency call-outs in this region use 90-minute emergency response.","90","no","Current response-time wording matches the current region classification.","Keep current greater classification","no"
"Macarthur, Camden & Wollondilly","Campbelltown","St Andrews","2566","/service-areas/macarthur-camden-and-wollondilly/campbelltown/st-andrews/","greater","within 90 minutes / 90-minute response","90-minute response for urgent call-outs across greater regions. | Evaready provides 90-minute emergency response for emergency call-outs in this region. | Urgent help for power loss, hot fittings and tripping circuits, business outages and damaged outdoor power in St Andrews, with 90-minute emergency response. | Emergency call-outs in this region use 90-minute emergency response.","90","no","Current response-time wording matches the current region classification.","Keep current greater classification","no"
"Macarthur, Camden & Wollondilly","Campbelltown","St Helens Park","2560","/service-areas/macarthur-camden-and-wollondilly/campbelltown/st-helens-park/","greater","within 90 minutes / 90-minute response","90-minute response for urgent call-outs across greater regions. | Evaready provides 90-minute emergency response for emergency call-outs in this region. | Urgent help for power loss, hot fittings and tripping circuits, business outages and damaged outdoor power in St Helens Park, with 90-minute emergency response. | Emergency call-outs in this region use 90-minute emergency response.","90","no","Current response-time wording matches the current region classification.","Keep current greater classification","no"
"Macarthur, Camden & Wollondilly","Campbelltown","Varroville","2566","/service-areas/macarthur-camden-and-wollondilly/campbelltown/varroville/","greater","within 90 minutes / 90-minute response","90-minute response for urgent call-outs across greater regions. | Evaready provides 90-minute emergency response for emergency call-outs in this region. | Urgent help for power loss, hot fittings and tripping circuits, business outages and damaged outdoor power in Varroville, with 90-minute emergency response. | Emergency call-outs in this region use 90-minute emergency response.","90","no","Current response-time wording matches the current region classification.","Keep current greater classification","no"
"Macarthur, Camden & Wollondilly","Campbelltown","Wedderburn","2560","/service-areas/macarthur-camden-and-wollondilly/campbelltown/wedderburn/","greater","within 90 minutes / 90-minute response","90-minute response for urgent call-outs across greater regions. | Urgent help for power loss, hot fittings and tripping circuits, business outages and damaged outdoor power in Wedderburn, with 90-minute emergency response. | Emergency call-outs in this region use 90-minute emergency response.","90","no","Current response-time wording matches the current region classification.","Keep current greater classification","no"
"Macarthur, Camden & Wollondilly","Campbelltown","Woodbine","2560","/service-areas/macarthur-camden-and-wollondilly/campbelltown/woodbine/","greater","within 90 minutes / 90-minute response","90-minute response for urgent call-outs across greater regions. | For Woodbine, emergency call-outs use 90-minute emergency response; call for unsafe faults, or send photos and details for planned work. | Evaready provides 90-minute emergency response for emergency call-outs in this region. | Urgent help for power loss, hot fittings and tripping circuits, business outages and damaged outdoor power in Woodbine, with 90-minute emergency response.","90","no","Current response-time wording matches the current region classification.","Keep current greater classification","no"
"Macarthur, Camden & Wollondilly","Campbelltown","Woronora Dam","2508","/service-areas/macarthur-camden-and-wollondilly/campbelltown/woronora-dam/","greater","within 90 minutes / 90-minute response","90-minute response for urgent call-outs across greater regions. | For Woronora Dam, emergency call-outs use 90-minute emergency response; call for unsafe faults, or send photos and details for planned work. | Evaready provides 90-minute emergency response for emergency call-outs in this region. | Urgent help for power loss, hot fittings and tripping circuits, business outages and damaged outdoor power in Woronora Dam, with 90-minute emergency response.","90","no","Current response-time wording matches the current region classification.","Keep current greater classification","no"
"Macarthur, Camden & Wollondilly","Wollondilly","Appin","2560","/service-areas/macarthur-camden-and-wollondilly/wollondilly/appin/","greater","within 90 minutes / 90-minute response","90-minute response for urgent call-outs across greater regions. | For Appin, emergency call-outs use 90-minute emergency response; call for unsafe faults, or send photos and details for planned work. | Urgent help for power loss, hot fittings and tripping circuits, business outages and damaged outdoor power in Appin, with 90-minute emergency response. | Emergency call-outs in this region use 90-minute emergency response.","90","no","Current response-time wording matches the current region classification.","Keep current greater classification","no"
"Macarthur, Camden & Wollondilly","Wollondilly","Belimbla Park","2570","/service-areas/macarthur-camden-and-wollondilly/wollondilly/belimbla-park/","greater","within 90 minutes / 90-minute response","90-minute response for urgent call-outs across greater regions. | Urgent help for power loss, hot fittings and tripping circuits, business outages and damaged outdoor power in Belimbla Park, with 90-minute emergency response. | Emergency call-outs in this region use 90-minute emergency response.","90","no","Current response-time wording matches the current region classification.","Keep current greater classification","no"
"Macarthur, Camden & Wollondilly","Wollondilly","Brownlow Hill","2570","/service-areas/macarthur-camden-and-wollondilly/wollondilly/brownlow-hill/","greater","within 90 minutes / 90-minute response","90-minute response for urgent call-outs across greater regions. | Urgent help for power loss, hot fittings and tripping circuits, business outages and damaged outdoor power in Brownlow Hill, with 90-minute emergency response. | Emergency call-outs in this region use 90-minute emergency response.","90","no","Current response-time wording matches the current region classification.","Keep current greater classification","no"
"Macarthur, Camden & Wollondilly","Wollondilly","Camden Park","2570","/service-areas/macarthur-camden-and-wollondilly/wollondilly/camden-park/","greater","within 90 minutes / 90-minute response","90-minute response for urgent call-outs across greater regions. | Urgent help for power loss, hot fittings and tripping circuits, business outages and damaged outdoor power in Camden Park, with 90-minute emergency response. | Emergency call-outs in this region use 90-minute emergency response.","90","no","Current response-time wording matches the current region classification.","Keep current greater classification","no"
"Macarthur, Camden & Wollondilly","Wollondilly","Cataract","2560","/service-areas/macarthur-camden-and-wollondilly/wollondilly/cataract/","greater","within 90 minutes / 90-minute response","90-minute response for urgent call-outs across greater regions. | Urgent help for power loss, hot fittings and tripping circuits, business outages and damaged outdoor power in Cataract, with 90-minute emergency response. | Emergency call-outs in this region use 90-minute emergency response.","90","no","Current response-time wording matches the current region classification.","Keep current greater classification","no"
"Macarthur, Camden & Wollondilly","Wollondilly","Couridjah","2571","/service-areas/macarthur-camden-and-wollondilly/wollondilly/couridjah/","greater","within 90 minutes / 90-minute response","90-minute response for urgent call-outs across greater regions. | For Couridjah, emergency call-outs use 90-minute emergency response; call for unsafe faults, or send photos and details for planned work. | Urgent help for power loss, hot fittings and tripping circuits, business outages and damaged outdoor power in Couridjah, with 90-minute emergency response. | Emergency call-outs in this region use 90-minute emergency response.","90","no","Current response-time wording matches the current region classification.","Keep current greater classification","no"
"Macarthur, Camden & Wollondilly","Wollondilly","Douglas Park","2569","/service-areas/macarthur-camden-and-wollondilly/wollondilly/douglas-park/","greater","within 90 minutes / 90-minute response","90-minute response for urgent call-outs across greater regions. | Evaready provides 90-minute emergency response for emergency call-outs in this region. | Urgent help for power loss, hot fittings and tripping circuits, business outages and damaged outdoor power in Douglas Park, with 90-minute emergency response. | Emergency call-outs in this region use 90-minute emergency response.","90","no","Current response-time wording matches the current region classification.","Keep current greater classification","no"
"Macarthur, Camden & Wollondilly","Wollondilly","Glenmore","2570","/service-areas/macarthur-camden-and-wollondilly/wollondilly/glenmore/","greater","within 90 minutes / 90-minute response","90-minute response for urgent call-outs across greater regions. | Urgent help for power loss, hot fittings and tripping circuits, business outages and damaged outdoor power in Glenmore, with 90-minute emergency response. | Emergency call-outs in this region use 90-minute emergency response.","90","no","Current response-time wording matches the current region classification.","Keep current greater classification","no"
"Macarthur, Camden & Wollondilly","Wollondilly","Lakesland","2572","/service-areas/macarthur-camden-and-wollondilly/wollondilly/lakesland/","greater","within 90 minutes / 90-minute response","90-minute response for urgent call-outs across greater regions. | For Lakesland, emergency call-outs use 90-minute emergency response; call for unsafe faults, or send photos and details for planned work. | Urgent help for power loss, hot fittings and tripping circuits, business outages and damaged outdoor power in Lakesland, with 90-minute emergency response. | Emergency call-outs in this region use 90-minute emergency response.","90","no","Current response-time wording matches the current region classification.","Keep current greater classification","no"
"Macarthur, Camden & Wollondilly","Wollondilly","Maldon","2571","/service-areas/macarthur-camden-and-wollondilly/wollondilly/maldon/","greater","within 90 minutes / 90-minute response","90-minute response for urgent call-outs across greater regions. | For Maldon, emergency call-outs use 90-minute emergency response; call for unsafe faults, or send photos and details for planned work. | Urgent help for power loss, hot fittings and tripping circuits, business outages and damaged outdoor power in Maldon, with 90-minute emergency response. | Emergency call-outs in this region use 90-minute emergency response.","90","no","Current response-time wording matches the current region classification.","Keep current greater classification","no"
"Macarthur, Camden & Wollondilly","Wollondilly","Menangle","2568","/service-areas/macarthur-camden-and-wollondilly/wollondilly/menangle/","greater","within 90 minutes / 90-minute response","90-minute response for urgent call-outs across greater regions. | Evaready provides 90-minute emergency response for emergency call-outs in this region. | Urgent help for power loss, hot fittings and tripping circuits, business outages and damaged outdoor power in Menangle, with 90-minute emergency response. | Emergency call-outs in this region use 90-minute emergency response.","90","no","Current response-time wording matches the current region classification.","Keep current greater classification","no"
"Macarthur, Camden & Wollondilly","Wollondilly","Mount Hunter","2570","/service-areas/macarthur-camden-and-wollondilly/wollondilly/mount-hunter/","greater","within 90 minutes / 90-minute response","90-minute response for urgent call-outs across greater regions. | For Mount Hunter, emergency call-outs use 90-minute emergency response; call for unsafe faults, or send photos and details for planned work. | Urgent help for power loss, hot fittings and tripping circuits, business outages and damaged outdoor power in Mount Hunter, with 90-minute emergency response. | Emergency call-outs in this region use 90-minute emergency response.","90","no","Current response-time wording matches the current region classification.","Keep current greater classification","no"
"Macarthur, Camden & Wollondilly","Wollondilly","Mowbray Park","2571","/service-areas/macarthur-camden-and-wollondilly/wollondilly/mowbray-park/","greater","within 90 minutes / 90-minute response","90-minute response for urgent call-outs across greater regions. | Evaready provides 90-minute emergency response for emergency call-outs in this region. | Urgent help for power loss, hot fittings and tripping circuits, business outages and damaged outdoor power in Mowbray Park, with 90-minute emergency response. | Emergency call-outs in this region use 90-minute emergency response.","90","no","Current response-time wording matches the current region classification.","Keep current greater classification","no"
"Macarthur, Camden & Wollondilly","Wollondilly","Nattai","2570","/service-areas/macarthur-camden-and-wollondilly/wollondilly/nattai/","greater","within 90 minutes / 90-minute response","90-minute response for urgent call-outs across greater regions. | Urgent help for power loss, hot fittings and tripping circuits, business outages and damaged outdoor power in Nattai, with 90-minute emergency response. | Emergency call-outs in this region use 90-minute emergency response.","90","no","Current response-time wording matches the current region classification.","Keep current greater classification","no"
"Macarthur, Camden & Wollondilly","Wollondilly","Oakdale","2570","/service-areas/macarthur-camden-and-wollondilly/wollondilly/oakdale/","greater","within 90 minutes / 90-minute response","90-minute response for urgent call-outs across greater regions. | For Oakdale, emergency call-outs use 90-minute emergency response; call for unsafe faults, or send photos and details for planned work. | Urgent help for power loss, hot fittings and tripping circuits, business outages and damaged outdoor power in Oakdale, with 90-minute emergency response. | Emergency call-outs in this region use 90-minute emergency response.","90","no","Current response-time wording matches the current region classification.","Keep current greater classification","no"
"Macarthur, Camden & Wollondilly","Wollondilly","Orangeville","2570","/service-areas/macarthur-camden-and-wollondilly/wollondilly/orangeville/","greater","within 90 minutes / 90-minute response","90-minute response for urgent call-outs across greater regions. | Evaready provides 90-minute emergency response for emergency call-outs in this region. | Urgent help for power loss, hot fittings and tripping circuits, business outages and damaged outdoor power in Orangeville, with 90-minute emergency response. | Emergency call-outs in this region use 90-minute emergency response.","90","no","Current response-time wording matches the current region classification.","Keep current greater classification","no"
"Macarthur, Camden & Wollondilly","Wollondilly","Pheasants Nest","2574","/service-areas/macarthur-camden-and-wollondilly/wollondilly/pheasants-nest/","greater","within 90 minutes / 90-minute response","90-minute response for urgent call-outs across greater regions. | Urgent help for power loss, hot fittings and tripping circuits, business outages and damaged outdoor power in Pheasants Nest, with 90-minute emergency response. | Emergency call-outs in this region use 90-minute emergency response.","90","no","Current response-time wording matches the current region classification.","Keep current greater classification","no"
"Macarthur, Camden & Wollondilly","Wollondilly","Picton","2571","/service-areas/macarthur-camden-and-wollondilly/wollondilly/picton/","greater","within 90 minutes / 90-minute response","90-minute response for urgent call-outs across greater regions. | Urgent help for power loss, hot fittings and tripping circuits, business outages and damaged outdoor power in Picton, with 90-minute emergency response. | Emergency call-outs in this region use 90-minute emergency response.","90","no","Current response-time wording matches the current region classification.","Keep current greater classification","no"
"Macarthur, Camden & Wollondilly","Wollondilly","Razorback","2571","/service-areas/macarthur-camden-and-wollondilly/wollondilly/razorback/","greater","within 90 minutes / 90-minute response","90-minute response for urgent call-outs across greater regions. | Urgent help for power loss, hot fittings and tripping circuits, business outages and damaged outdoor power in Razorback, with 90-minute emergency response. | Emergency call-outs in this region use 90-minute emergency response.","90","no","Current response-time wording matches the current region classification.","Keep current greater classification","no"
"Macarthur, Camden & Wollondilly","Wollondilly","Silverdale","2752","/service-areas/macarthur-camden-and-wollondilly/wollondilly/silverdale/","greater","within 90 minutes / 90-minute response","90-minute response for urgent call-outs across greater regions. | Urgent help for power loss, hot fittings and tripping circuits, business outages and damaged outdoor power in Silverdale, with 90-minute emergency response. | Emergency call-outs in this region use 90-minute emergency response.","90","no","Current response-time wording matches the current region classification.","Keep current greater classification","no"
"Macarthur, Camden & Wollondilly","Wollondilly","Tahmoor","2573","/service-areas/macarthur-camden-and-wollondilly/wollondilly/tahmoor/","greater","within 90 minutes / 90-minute response","90-minute response for urgent call-outs across greater regions. | For Tahmoor, emergency call-outs use 90-minute emergency response; call for unsafe faults, or send photos and details for planned work. | Evaready provides 90-minute emergency response for emergency call-outs in this region. | Urgent help for power loss, hot fittings and tripping circuits, business outages and damaged outdoor power in Tahmoor, with 90-minute emergency response.","90","no","Current response-time wording matches the current region classification.","Keep current greater classification","no"
"Macarthur, Camden & Wollondilly","Wollondilly","The Oaks","2570","/service-areas/macarthur-camden-and-wollondilly/wollondilly/the-oaks/","greater","within 90 minutes / 90-minute response","90-minute response for urgent call-outs across greater regions. | For The Oaks, emergency call-outs use 90-minute emergency response; call for unsafe faults, or send photos and details for planned work. | Urgent help for power loss, hot fittings and tripping circuits, business outages and damaged outdoor power in The Oaks, with 90-minute emergency response. | Emergency call-outs in this region use 90-minute emergency response.","90","no","Current response-time wording matches the current region classification.","Keep current greater classification","no"
"Macarthur, Camden & Wollondilly","Wollondilly","Theresa Park","2570","/service-areas/macarthur-camden-and-wollondilly/wollondilly/theresa-park/","greater","within 90 minutes / 90-minute response","90-minute response for urgent call-outs across greater regions. | For Theresa Park, emergency call-outs use 90-minute emergency response; call for unsafe faults, or send photos and details for planned work. | Urgent help for power loss, hot fittings and tripping circuits, business outages and damaged outdoor power in Theresa Park, with 90-minute emergency response. | Emergency call-outs in this region use 90-minute emergency response.","90","no","Current response-time wording matches the current region classification.","Keep current greater classification","no"
"Macarthur, Camden & Wollondilly","Wollondilly","Thirlmere","2572","/service-areas/macarthur-camden-and-wollondilly/wollondilly/thirlmere/","greater","within 90 minutes / 90-minute response","90-minute response for urgent call-outs across greater regions. | Urgent help for power loss, hot fittings and tripping circuits, business outages and damaged outdoor power in Thirlmere, with 90-minute emergency response. | Emergency call-outs in this region use 90-minute emergency response.","90","no","Current response-time wording matches the current region classification.","Keep current greater classification","no"
"Macarthur, Camden & Wollondilly","Wollondilly","Warragamba","2752","/service-areas/macarthur-camden-and-wollondilly/wollondilly/warragamba/","greater","within 90 minutes / 90-minute response","90-minute response for urgent call-outs across greater regions. | Evaready provides 90-minute emergency response for emergency call-outs in this region. | Urgent help for power loss, hot fittings and tripping circuits, business outages and damaged outdoor power in Warragamba, with 90-minute emergency response. | Emergency call-outs in this region use 90-minute emergency response.","90","no","Current response-time wording matches the current region classification.","Keep current greater classification","no"
"Macarthur, Camden & Wollondilly","Wollondilly","Werombi","2570","/service-areas/macarthur-camden-and-wollondilly/wollondilly/werombi/","greater","within 90 minutes / 90-minute response","90-minute response for urgent call-outs across greater regions. | Evaready provides 90-minute emergency response for emergency call-outs in this region. | Urgent help for power loss, hot fittings and tripping circuits, business outages and damaged outdoor power in Werombi, with 90-minute emergency response. | Emergency call-outs in this region use 90-minute emergency response.","90","no","Current response-time wording matches the current region classification.","Keep current greater classification","no"
"Macarthur, Camden & Wollondilly","Wollondilly","Wilton","2571","/service-areas/macarthur-camden-and-wollondilly/wollondilly/wilton/","greater","within 90 minutes / 90-minute response","90-minute response for urgent call-outs across greater regions. | Urgent help for power loss, hot fittings and tripping circuits, business outages and damaged outdoor power in Wilton, with 90-minute emergency response. | Emergency call-outs in this region use 90-minute emergency response.","90","no","Current response-time wording matches the current region classification.","Keep current greater classification","no"
"Macarthur, Camden & Wollondilly","Wollondilly","Yanderra","2574","/service-areas/macarthur-camden-and-wollondilly/wollondilly/yanderra/","greater","within 90 minutes / 90-minute response","90-minute response for urgent call-outs across greater regions. | Urgent help for power loss, hot fittings and tripping circuits, business outages and damaged outdoor power in Yanderra, with 90-minute emergency response. | Emergency call-outs in this region use 90-minute emergency response.","90","no","Current response-time wording matches the current region classification.","Keep current greater classification","no"
"Inner West, Burwood & Canada Bay","Burwood","Burwood","2134","/service-areas/inner-west-burwood-and-canada-bay/burwood/burwood/","core","within 60 minutes / 60-minute response","60-minute response for urgent call-outs. | Urgent help for tripping safety switches and hot outlets and burning smells, older wiring faults and shop power issues in Burwood, with 60-minute emergency response. | Emergency call-outs in this region use 60-minute emergency response.","60","no","Current response-time wording matches the current region classification.","Keep current core classification","no"
"Inner West, Burwood & Canada Bay","Burwood","Burwood Heights","2136","/service-areas/inner-west-burwood-and-canada-bay/burwood/burwood-heights/","core","within 60 minutes / 60-minute response","60-minute response for urgent call-outs. | Evaready provides 60-minute emergency response for emergency call-outs in this region. | Urgent help for tripping safety switches and hot outlets and burning smells, older wiring faults and shop power issues in Burwood Heights, with 60-minute emergency response. | Emergency call-outs in this region use 60-minute emergency response.","60","no","Current response-time wording matches the current region classification.","Keep current core classification","no"
"Inner West, Burwood & Canada Bay","Burwood","Enfield","2136","/service-areas/inner-west-burwood-and-canada-bay/burwood/enfield/","core","within 60 minutes / 60-minute response","60-minute response for urgent call-outs. | For Enfield, emergency call-outs use 60-minute emergency response; call for unsafe faults, or send photos and details for planned work. | Urgent help for tripping safety switches and hot outlets and burning smells, older wiring faults and shop power issues in Enfield, with 60-minute emergency response. | Emergency call-outs in this region use 60-minute emergency response.","60","no","Current response-time wording matches the current region classification.","Keep current core classification","no"
"Inner West, Burwood & Canada Bay","Burwood","Strathfield","2135","/service-areas/inner-west-burwood-and-canada-bay/burwood/strathfield/","core","within 60 minutes / 60-minute response","60-minute response for urgent call-outs. | Urgent help for tripping safety switches and hot outlets and burning smells, older wiring faults and shop power issues in Strathfield, with 60-minute emergency response. | Emergency call-outs in this region use 60-minute emergency response.","60","no","Current response-time wording matches the current region classification.","Keep current core classification","no"
"Inner West, Burwood & Canada Bay","Canada Bay","Abbotsford","2046","/service-areas/inner-west-burwood-and-canada-bay/canada-bay/abbotsford/","core","within 60 minutes / 60-minute response","60-minute response for urgent call-outs. | For Abbotsford, emergency call-outs use 60-minute emergency response; call for unsafe faults, or send photos and details for planned work. | Evaready provides 60-minute emergency response for emergency call-outs in this region. | Urgent help for tripping safety switches and hot outlets and burning smells, older wiring faults and shop power issues in Abbotsford, with 60-minute emergency response.","60","no","Current response-time wording matches the current region classification.","Keep current core classification","no"
"Inner West, Burwood & Canada Bay","Canada Bay","Breakfast Point","2137","/service-areas/inner-west-burwood-and-canada-bay/canada-bay/breakfast-point/","core","within 60 minutes / 60-minute response","60-minute response for urgent call-outs. | For Breakfast Point, emergency call-outs use 60-minute emergency response; call for unsafe faults, or send photos and details for planned work. | Urgent help for tripping safety switches and hot outlets and burning smells, older wiring faults and shop power issues in Breakfast Point, with 60-minute emergency response. | Emergency call-outs in this region use 60-minute emergency response.","60","no","Current response-time wording matches the current region classification.","Keep current core classification","no"
"Inner West, Burwood & Canada Bay","Canada Bay","Cabarita","2137","/service-areas/inner-west-burwood-and-canada-bay/canada-bay/cabarita/","core","within 60 minutes / 60-minute response","60-minute response for urgent call-outs. | For Cabarita, emergency call-outs use 60-minute emergency response; call for unsafe faults, or send photos and details for planned work. | Urgent help for tripping safety switches and hot outlets and burning smells, older wiring faults and shop power issues in Cabarita, with 60-minute emergency response. | Emergency call-outs in this region use 60-minute emergency response.","60","no","Current response-time wording matches the current region classification.","Keep current core classification","no"
"Inner West, Burwood & Canada Bay","Canada Bay","Canada Bay","2046","/service-areas/inner-west-burwood-and-canada-bay/canada-bay/canada-bay/","core","within 60 minutes / 60-minute response","60-minute response for urgent call-outs. | Urgent help for tripping safety switches and hot outlets and burning smells, older wiring faults and shop power issues in Canada Bay, with 60-minute emergency response. | Emergency call-outs in this region use 60-minute emergency response.","60","no","Current response-time wording matches the current region classification.","Keep current core classification","no"
"Inner West, Burwood & Canada Bay","Canada Bay","Chiswick","2046","/service-areas/inner-west-burwood-and-canada-bay/canada-bay/chiswick/","core","within 60 minutes / 60-minute response","60-minute response for urgent call-outs. | Urgent help for tripping safety switches and hot outlets and burning smells, older wiring faults and shop power issues in Chiswick, with 60-minute emergency response. | Emergency call-outs in this region use 60-minute emergency response.","60","no","Current response-time wording matches the current region classification.","Keep current core classification","no"
"Inner West, Burwood & Canada Bay","Canada Bay","Concord","2137","/service-areas/inner-west-burwood-and-canada-bay/canada-bay/concord/","core","within 60 minutes / 60-minute response","60-minute response for urgent call-outs. | Evaready provides 60-minute emergency response for emergency call-outs in this region. | Urgent help for tripping safety switches and hot outlets and burning smells, older wiring faults and shop power issues in Concord, with 60-minute emergency response. | Emergency call-outs in this region use 60-minute emergency response.","60","no","Current response-time wording matches the current region classification.","Keep current core classification","no"
"Inner West, Burwood & Canada Bay","Canada Bay","Concord West","2138","/service-areas/inner-west-burwood-and-canada-bay/canada-bay/concord-west/","core","within 60 minutes / 60-minute response","60-minute response for urgent call-outs. | Urgent help for tripping safety switches and hot outlets and burning smells, older wiring faults and shop power issues in Concord West, with 60-minute emergency response. | Emergency call-outs in this region use 60-minute emergency response.","60","no","Current response-time wording matches the current region classification.","Keep current core classification","no"
"Inner West, Burwood & Canada Bay","Canada Bay","Drummoyne","2047","/service-areas/inner-west-burwood-and-canada-bay/canada-bay/drummoyne/","core","within 60 minutes / 60-minute response","60-minute response for urgent call-outs. | Urgent help for tripping safety switches and hot outlets and burning smells, older wiring faults and shop power issues in Drummoyne, with 60-minute emergency response. | Emergency call-outs in this region use 60-minute emergency response.","60","no","Current response-time wording matches the current region classification.","Keep current core classification","no"
"Inner West, Burwood & Canada Bay","Canada Bay","Five Dock","2046","/service-areas/inner-west-burwood-and-canada-bay/canada-bay/five-dock/","core","within 60 minutes / 60-minute response","60-minute response for urgent call-outs. | Evaready provides 60-minute emergency response for emergency call-outs in this region. | Urgent help for tripping safety switches and hot outlets and burning smells, older wiring faults and shop power issues in Five Dock, with 60-minute emergency response. | Emergency call-outs in this region use 60-minute emergency response.","60","no","Current response-time wording matches the current region classification.","Keep current core classification","no"
"Inner West, Burwood & Canada Bay","Canada Bay","Liberty Grove","2138","/service-areas/inner-west-burwood-and-canada-bay/canada-bay/liberty-grove/","core","within 60 minutes / 60-minute response","60-minute response for urgent call-outs. | Urgent help for tripping safety switches and hot outlets and burning smells, older wiring faults and shop power issues in Liberty Grove, with 60-minute emergency response. | Emergency call-outs in this region use 60-minute emergency response.","60","no","Current response-time wording matches the current region classification.","Keep current core classification","no"
"Inner West, Burwood & Canada Bay","Canada Bay","Mortlake","2137","/service-areas/inner-west-burwood-and-canada-bay/canada-bay/mortlake/","core","within 60 minutes / 60-minute response","60-minute response for urgent call-outs. | Urgent help for tripping safety switches and hot outlets and burning smells, older wiring faults and shop power issues in Mortlake, with 60-minute emergency response. | Emergency call-outs in this region use 60-minute emergency response.","60","no","Current response-time wording matches the current region classification.","Keep current core classification","no"
"Inner West, Burwood & Canada Bay","Canada Bay","North Strathfield","2137","/service-areas/inner-west-burwood-and-canada-bay/canada-bay/north-strathfield/","core","within 60 minutes / 60-minute response","60-minute response for urgent call-outs. | Urgent help for tripping safety switches and hot outlets and burning smells, older wiring faults and shop power issues in North Strathfield, with 60-minute emergency response. | Emergency call-outs in this region use 60-minute emergency response.","60","no","Current response-time wording matches the current region classification.","Keep current core classification","no"
"Inner West, Burwood & Canada Bay","Canada Bay","Rhodes","2138","/service-areas/inner-west-burwood-and-canada-bay/canada-bay/rhodes/","core","within 60 minutes / 60-minute response","60-minute response for urgent call-outs. | Urgent help for tripping safety switches and hot outlets and burning smells, older wiring faults and shop power issues in Rhodes, with 60-minute emergency response. | Emergency call-outs in this region use 60-minute emergency response.","60","no","Current response-time wording matches the current region classification.","Keep current core classification","no"
"Inner West, Burwood & Canada Bay","Canada Bay","Rodd Point","2046","/service-areas/inner-west-burwood-and-canada-bay/canada-bay/rodd-point/","core","within 60 minutes / 60-minute response","60-minute response for urgent call-outs. | Evaready provides 60-minute emergency response for emergency call-outs in this region. | Urgent help for tripping safety switches and hot outlets and burning smells, older wiring faults and shop power issues in Rodd Point, with 60-minute emergency response. | Emergency call-outs in this region use 60-minute emergency response.","60","no","Current response-time wording matches the current region classification.","Keep current core classification","no"
"Inner West, Burwood & Canada Bay","Canada Bay","Russell Lea","2046","/service-areas/inner-west-burwood-and-canada-bay/canada-bay/russell-lea/","core","within 60 minutes / 60-minute response","60-minute response for urgent call-outs. | Evaready provides 60-minute emergency response for emergency call-outs in this region. | Urgent help for tripping safety switches and hot outlets and burning smells, older wiring faults and shop power issues in Russell Lea, with 60-minute emergency response. | Emergency call-outs in this region use 60-minute emergency response.","60","no","Current response-time wording matches the current region classification.","Keep current core classification","no"
"Inner West, Burwood & Canada Bay","Canada Bay","Wareemba","2046","/service-areas/inner-west-burwood-and-canada-bay/canada-bay/wareemba/","core","within 60 minutes / 60-minute response","60-minute response for urgent call-outs. | Urgent help for tripping safety switches and hot outlets and burning smells, older wiring faults and shop power issues in Wareemba, with 60-minute emergency response. | Emergency call-outs in this region use 60-minute emergency response.","60","no","Current response-time wording matches the current region classification.","Keep current core classification","no"
"Inner West, Burwood & Canada Bay","Inner West","Annandale","2038","/service-areas/inner-west-burwood-and-canada-bay/inner-west/annandale/","core","within 60 minutes / 60-minute response","60-minute response for urgent call-outs. | For Annandale, emergency call-outs use 60-minute emergency response; call for unsafe faults, or send photos and details for planned work. | Urgent help for tripping safety switches and hot outlets and burning smells, older wiring faults and shop power issues in Annandale, with 60-minute emergency response. | Emergency call-outs in this region use 60-minute emergency response.","60","no","Current response-time wording matches the current region classification.","Keep current core classification","no"
"Inner West, Burwood & Canada Bay","Inner West","Ashbury","2193","/service-areas/inner-west-burwood-and-canada-bay/inner-west/ashbury/","core","within 60 minutes / 60-minute response","60-minute response for urgent call-outs. | Urgent help for tripping safety switches and hot outlets and burning smells, older wiring faults and shop power issues in Ashbury, with 60-minute emergency response. | Emergency call-outs in this region use 60-minute emergency response.","60","no","Current response-time wording matches the current region classification.","Keep current core classification","no"
"Inner West, Burwood & Canada Bay","Inner West","Ashfield","2131","/service-areas/inner-west-burwood-and-canada-bay/inner-west/ashfield/","core","within 60 minutes / 60-minute response","60-minute response for urgent call-outs. | Urgent help for tripping safety switches and hot outlets and burning smells, older wiring faults and shop power issues in Ashfield, with 60-minute emergency response. | Emergency call-outs in this region use 60-minute emergency response.","60","no","Current response-time wording matches the current region classification.","Keep current core classification","no"
"Inner West, Burwood & Canada Bay","Inner West","Balmain","2041","/service-areas/inner-west-burwood-and-canada-bay/inner-west/balmain/","core","within 60 minutes / 60-minute response","60-minute response for urgent call-outs. | Urgent help for tripping safety switches and hot outlets and burning smells, older wiring faults and shop power issues in Balmain, with 60-minute emergency response. | Emergency call-outs in this region use 60-minute emergency response.","60","no","Current response-time wording matches the current region classification.","Keep current core classification","no"
"Inner West, Burwood & Canada Bay","Inner West","Balmain East","2041","/service-areas/inner-west-burwood-and-canada-bay/inner-west/balmain-east/","core","within 60 minutes / 60-minute response","60-minute response for urgent call-outs. | Evaready provides 60-minute emergency response for emergency call-outs in this region. | Urgent help for tripping safety switches and hot outlets and burning smells, older wiring faults and shop power issues in Balmain East, with 60-minute emergency response. | Emergency call-outs in this region use 60-minute emergency response.","60","no","Current response-time wording matches the current region classification.","Keep current core classification","no"
"Inner West, Burwood & Canada Bay","Inner West","Birchgrove","2041","/service-areas/inner-west-burwood-and-canada-bay/inner-west/birchgrove/","core","within 60 minutes / 60-minute response","60-minute response for urgent call-outs. | Urgent help for tripping safety switches and hot outlets and burning smells, older wiring faults and shop power issues in Birchgrove, with 60-minute emergency response. | Emergency call-outs in this region use 60-minute emergency response.","60","no","Current response-time wording matches the current region classification.","Keep current core classification","no"
"Inner West, Burwood & Canada Bay","Inner West","Camperdown","2050","/service-areas/inner-west-burwood-and-canada-bay/inner-west/camperdown/","core","within 60 minutes / 60-minute response","60-minute response for urgent call-outs. | Urgent help for tripping safety switches and hot outlets and burning smells, older wiring faults and shop power issues in Camperdown, with 60-minute emergency response. | Emergency call-outs in this region use 60-minute emergency response.","60","no","Current response-time wording matches the current region classification.","Keep current core classification","no"
"Inner West, Burwood & Canada Bay","Inner West","Croydon","2132","/service-areas/inner-west-burwood-and-canada-bay/inner-west/croydon/","core","within 60 minutes / 60-minute response","60-minute response for urgent call-outs. | Urgent help for tripping safety switches and hot outlets and burning smells, older wiring faults and shop power issues in Croydon, with 60-minute emergency response. | Emergency call-outs in this region use 60-minute emergency response.","60","no","Current response-time wording matches the current region classification.","Keep current core classification","no"
"Inner West, Burwood & Canada Bay","Inner West","Croydon Park","2133","/service-areas/inner-west-burwood-and-canada-bay/inner-west/croydon-park/","core","within 60 minutes / 60-minute response","60-minute response for urgent call-outs. | Evaready provides 60-minute emergency response for emergency call-outs in this region. | Urgent help for tripping safety switches and hot outlets and burning smells, older wiring faults and shop power issues in Croydon Park, with 60-minute emergency response. | Emergency call-outs in this region use 60-minute emergency response.","60","no","Current response-time wording matches the current region classification.","Keep current core classification","no"
"Inner West, Burwood & Canada Bay","Inner West","Dulwich Hill","2203","/service-areas/inner-west-burwood-and-canada-bay/inner-west/dulwich-hill/","core","within 60 minutes / 60-minute response","60-minute response for urgent call-outs. | Urgent help for tripping safety switches and hot outlets and burning smells, older wiring faults and shop power issues in Dulwich Hill, with 60-minute emergency response. | Emergency call-outs in this region use 60-minute emergency response.","60","no","Current response-time wording matches the current region classification.","Keep current core classification","no"
"Inner West, Burwood & Canada Bay","Inner West","Enmore","2042","/service-areas/inner-west-burwood-and-canada-bay/inner-west/enmore/","core","within 60 minutes / 60-minute response","60-minute response for urgent call-outs. | Evaready provides 60-minute emergency response for emergency call-outs in this region. | Urgent help for tripping safety switches and hot outlets and burning smells, older wiring faults and shop power issues in Enmore, with 60-minute emergency response. | Emergency call-outs in this region use 60-minute emergency response.","60","no","Current response-time wording matches the current region classification.","Keep current core classification","no"
"Inner West, Burwood & Canada Bay","Inner West","Haberfield","2045","/service-areas/inner-west-burwood-and-canada-bay/inner-west/haberfield/","core","within 60 minutes / 60-minute response","60-minute response for urgent call-outs. | Urgent help for tripping safety switches and hot outlets and burning smells, older wiring faults and shop power issues in Haberfield, with 60-minute emergency response. | Emergency call-outs in this region use 60-minute emergency response.","60","no","Current response-time wording matches the current region classification.","Keep current core classification","no"
"Inner West, Burwood & Canada Bay","Inner West","Hurlstone Park","2193","/service-areas/inner-west-burwood-and-canada-bay/inner-west/hurlstone-park/","core","within 60 minutes / 60-minute response","60-minute response for urgent call-outs. | Urgent help for tripping safety switches and hot outlets and burning smells, older wiring faults and shop power issues in Hurlstone Park, with 60-minute emergency response. | Emergency call-outs in this region use 60-minute emergency response.","60","no","Current response-time wording matches the current region classification.","Keep current core classification","no"
"Inner West, Burwood & Canada Bay","Inner West","Leichhardt","2040","/service-areas/inner-west-burwood-and-canada-bay/inner-west/leichhardt/","core","within 60 minutes / 60-minute response","60-minute response for urgent call-outs. | Urgent help for tripping safety switches and hot outlets and burning smells, older wiring faults and shop power issues in Leichhardt, with 60-minute emergency response. | Emergency call-outs in this region use 60-minute emergency response.","60","no","Current response-time wording matches the current region classification.","Keep current core classification","no"
"Inner West, Burwood & Canada Bay","Inner West","Lewisham","2049","/service-areas/inner-west-burwood-and-canada-bay/inner-west/lewisham/","core","within 60 minutes / 60-minute response","60-minute response for urgent call-outs. | For Lewisham, emergency call-outs use 60-minute emergency response; call for unsafe faults, or send photos and details for planned work. | Urgent help for tripping safety switches and hot outlets and burning smells, older wiring faults and shop power issues in Lewisham, with 60-minute emergency response. | Emergency call-outs in this region use 60-minute emergency response.","60","no","Current response-time wording matches the current region classification.","Keep current core classification","no"
"Inner West, Burwood & Canada Bay","Inner West","Lilyfield","2040","/service-areas/inner-west-burwood-and-canada-bay/inner-west/lilyfield/","core","within 60 minutes / 60-minute response","60-minute response for urgent call-outs. | For Lilyfield, emergency call-outs use 60-minute emergency response; call for unsafe faults, or send photos and details for planned work. | Evaready provides 60-minute emergency response for emergency call-outs in this region. | Urgent help for tripping safety switches and hot outlets and burning smells, older wiring faults and shop power issues in Lilyfield, with 60-minute emergency response.","60","no","Current response-time wording matches the current region classification.","Keep current core classification","no"
"Inner West, Burwood & Canada Bay","Inner West","Marrickville","2204","/service-areas/inner-west-burwood-and-canada-bay/inner-west/marrickville/","core","within 60 minutes / 60-minute response","60-minute response for urgent call-outs. | Urgent help for tripping safety switches and hot outlets and burning smells, older wiring faults and shop power issues in Marrickville, with 60-minute emergency response. | Emergency call-outs in this region use 60-minute emergency response.","60","no","Current response-time wording matches the current region classification.","Keep current core classification","no"
"Inner West, Burwood & Canada Bay","Inner West","Newtown","2042","/service-areas/inner-west-burwood-and-canada-bay/inner-west/newtown/","core","within 60 minutes / 60-minute response","60-minute response for urgent call-outs. | Urgent help for tripping safety switches and hot outlets and burning smells, older wiring faults and shop power issues in Newtown, with 60-minute emergency response. | Emergency call-outs in this region use 60-minute emergency response.","60","no","Current response-time wording matches the current region classification.","Keep current core classification","no"
"Inner West, Burwood & Canada Bay","Inner West","Petersham","2049","/service-areas/inner-west-burwood-and-canada-bay/inner-west/petersham/","core","within 60 minutes / 60-minute response","60-minute response for urgent call-outs. | Evaready provides 60-minute emergency response for emergency call-outs in this region. | Urgent help for tripping safety switches and hot outlets and burning smells, older wiring faults and shop power issues in Petersham, with 60-minute emergency response. | Emergency call-outs in this region use 60-minute emergency response.","60","no","Current response-time wording matches the current region classification.","Keep current core classification","no"
"Inner West, Burwood & Canada Bay","Inner West","Rozelle","2039","/service-areas/inner-west-burwood-and-canada-bay/inner-west/rozelle/","core","within 60 minutes / 60-minute response","60-minute response for urgent call-outs. | Evaready provides 60-minute emergency response for emergency call-outs in this region. | Urgent help for tripping safety switches and hot outlets and burning smells, older wiring faults and shop power issues in Rozelle, with 60-minute emergency response. | Emergency call-outs in this region use 60-minute emergency response.","60","no","Current response-time wording matches the current region classification.","Keep current core classification","no"
"Inner West, Burwood & Canada Bay","Inner West","St Peters","2044","/service-areas/inner-west-burwood-and-canada-bay/inner-west/st-peters/","core","within 60 minutes / 60-minute response","60-minute response for urgent call-outs. | For St Peters, emergency call-outs use 60-minute emergency response; call for unsafe faults, or send photos and details for planned work. | Urgent help for tripping safety switches and hot outlets and burning smells, older wiring faults and shop power issues in St Peters, with 60-minute emergency response. | Emergency call-outs in this region use 60-minute emergency response.","60","no","Current response-time wording matches the current region classification.","Keep current core classification","no"
"Inner West, Burwood & Canada Bay","Inner West","Stanmore","2048","/service-areas/inner-west-burwood-and-canada-bay/inner-west/stanmore/","core","within 60 minutes / 60-minute response","60-minute response for urgent call-outs. | Urgent help for tripping safety switches and hot outlets and burning smells, older wiring faults and shop power issues in Stanmore, with 60-minute emergency response. | Emergency call-outs in this region use 60-minute emergency response.","60","no","Current response-time wording matches the current region classification.","Keep current core classification","no"
"Inner West, Burwood & Canada Bay","Inner West","Summer Hill","2130","/service-areas/inner-west-burwood-and-canada-bay/inner-west/summer-hill/","core","within 60 minutes / 60-minute response","60-minute response for urgent call-outs. | For Summer Hill, emergency call-outs use 60-minute emergency response; call for unsafe faults, or send photos and details for planned work. | Evaready provides 60-minute emergency response for emergency call-outs in this region. | Urgent help for tripping safety switches and hot outlets and burning smells, older wiring faults and shop power issues in Summer Hill, with 60-minute emergency response.","60","no","Current response-time wording matches the current region classification.","Keep current core classification","no"
"Inner West, Burwood & Canada Bay","Inner West","Sydenham","2044","/service-areas/inner-west-burwood-and-canada-bay/inner-west/sydenham/","core","within 60 minutes / 60-minute response","60-minute response for urgent call-outs. | Urgent help for tripping safety switches and hot outlets and burning smells, older wiring faults and shop power issues in Sydenham, with 60-minute emergency response. | Emergency call-outs in this region use 60-minute emergency response.","60","no","Current response-time wording matches the current region classification.","Keep current core classification","no"
"Inner West, Burwood & Canada Bay","Inner West","Tempe","2044","/service-areas/inner-west-burwood-and-canada-bay/inner-west/tempe/","core","within 60 minutes / 60-minute response","60-minute response for urgent call-outs. | Evaready provides 60-minute emergency response for emergency call-outs in this region. | Urgent help for tripping safety switches and hot outlets and burning smells, older wiring faults and shop power issues in Tempe, with 60-minute emergency response. | Emergency call-outs in this region use 60-minute emergency response.","60","no","Current response-time wording matches the current region classification.","Keep current core classification","no"
"Inner West, Burwood & Canada Bay","Strathfield","Homebush","2140","/service-areas/inner-west-burwood-and-canada-bay/strathfield/homebush/","core","within 60 minutes / 60-minute response","60-minute response for urgent call-outs. | Urgent help for tripping safety switches and hot outlets and burning smells, older wiring faults and shop power issues in Homebush, with 60-minute emergency response. | Emergency call-outs in this region use 60-minute emergency response.","60","no","Current response-time wording matches the current region classification.","Keep current core classification","no"
"Inner West, Burwood & Canada Bay","Strathfield","Homebush West","2140","/service-areas/inner-west-burwood-and-canada-bay/strathfield/homebush-west/","core","within 60 minutes / 60-minute response","60-minute response for urgent call-outs. | For Homebush West, emergency call-outs use 60-minute emergency response; call for unsafe faults, or send photos and details for planned work. | Urgent help for tripping safety switches and hot outlets and burning smells, older wiring faults and shop power issues in Homebush West, with 60-minute emergency response. | Emergency call-outs in this region use 60-minute emergency response.","60","no","Current response-time wording matches the current region classification.","Keep current core classification","no"
"Inner West, Burwood & Canada Bay","Strathfield","Strathfield South","2136","/service-areas/inner-west-burwood-and-canada-bay/strathfield/strathfield-south/","core","within 60 minutes / 60-minute response","60-minute response for urgent call-outs. | Urgent help for tripping safety switches and hot outlets and burning smells, older wiring faults and shop power issues in Strathfield South, with 60-minute emergency response. | Emergency call-outs in this region use 60-minute emergency response.","60","no","Current response-time wording matches the current region classification.","Keep current core classification","no"
"Sydney City & Eastern Suburbs","Randwick","Centennial Park","2021","/service-areas/sydney-city-and-eastern-suburbs/randwick/centennial-park/","core","within 60 minutes / 60-minute response","60-minute response for urgent call-outs. | Urgent help for storm-related faults, water-affected fittings, tripping safety switches and unsafe outdoor power in Centennial Park, with 60-minute emergency response. | Emergency call-outs in this region use 60-minute emergency response.","60","no","Current response-time wording matches the current region classification.","Keep current core classification","no"
"Sydney City & Eastern Suburbs","Randwick","Chifley","2036","/service-areas/sydney-city-and-eastern-suburbs/randwick/chifley/","core","within 60 minutes / 60-minute response","60-minute response for urgent call-outs. | Urgent help for storm-related faults, water-affected fittings, tripping safety switches and unsafe outdoor power in Chifley, with 60-minute emergency response. | Emergency call-outs in this region use 60-minute emergency response.","60","no","Current response-time wording matches the current region classification.","Keep current core classification","no"
"Sydney City & Eastern Suburbs","Randwick","Clovelly","2031","/service-areas/sydney-city-and-eastern-suburbs/randwick/clovelly/","core","within 60 minutes / 60-minute response","60-minute response for urgent call-outs. | Urgent help for storm-related faults, water-affected fittings, tripping safety switches and unsafe outdoor power in Clovelly, with 60-minute emergency response. | Emergency call-outs in this region use 60-minute emergency response.","60","no","Current response-time wording matches the current region classification.","Keep current core classification","no"
"Sydney City & Eastern Suburbs","Randwick","Coogee","2034","/service-areas/sydney-city-and-eastern-suburbs/randwick/coogee/","core","within 60 minutes / 60-minute response","60-minute response for urgent call-outs. | Urgent help for storm-related faults, water-affected fittings, tripping safety switches and unsafe outdoor power in Coogee, with 60-minute emergency response. | Emergency call-outs in this region use 60-minute emergency response.","60","no","Current response-time wording matches the current region classification.","Keep current core classification","no"
"Sydney City & Eastern Suburbs","Randwick","Kensington","2033","/service-areas/sydney-city-and-eastern-suburbs/randwick/kensington/","core","within 60 minutes / 60-minute response","60-minute response for urgent call-outs. | Evaready provides 60-minute emergency response for emergency call-outs in this region. | Urgent help for storm-related faults, water-affected fittings, tripping safety switches and unsafe outdoor power in Kensington, with 60-minute emergency response. | Emergency call-outs in this region use 60-minute emergency response.","60","no","Current response-time wording matches the current region classification.","Keep current core classification","no"
"Sydney City & Eastern Suburbs","Randwick","Kingsford","2032","/service-areas/sydney-city-and-eastern-suburbs/randwick/kingsford/","core","within 60 minutes / 60-minute response","60-minute response for urgent call-outs. | Urgent help for storm-related faults, water-affected fittings, tripping safety switches and unsafe outdoor power in Kingsford, with 60-minute emergency response. | Emergency call-outs in this region use 60-minute emergency response.","60","no","Current response-time wording matches the current region classification.","Keep current core classification","no"
"Sydney City & Eastern Suburbs","Randwick","La Perouse","2036","/service-areas/sydney-city-and-eastern-suburbs/randwick/la-perouse/","core","within 60 minutes / 60-minute response","60-minute response for urgent call-outs. | Urgent help for storm-related faults, water-affected fittings, tripping safety switches and unsafe outdoor power in La Perouse, with 60-minute emergency response. | Emergency call-outs in this region use 60-minute emergency response.","60","no","Current response-time wording matches the current region classification.","Keep current core classification","no"
"Sydney City & Eastern Suburbs","Randwick","Little Bay","2036","/service-areas/sydney-city-and-eastern-suburbs/randwick/little-bay/","core","within 60 minutes / 60-minute response","60-minute response for urgent call-outs. | Urgent help for storm-related faults, water-affected fittings, tripping safety switches and unsafe outdoor power in Little Bay, with 60-minute emergency response. | Emergency call-outs in this region use 60-minute emergency response.","60","no","Current response-time wording matches the current region classification.","Keep current core classification","no"
"Sydney City & Eastern Suburbs","Randwick","Malabar","2036","/service-areas/sydney-city-and-eastern-suburbs/randwick/malabar/","core","within 60 minutes / 60-minute response","60-minute response for urgent call-outs. | For Malabar, emergency call-outs use 60-minute emergency response; call for unsafe faults, or send photos and details for planned work. | Urgent help for storm-related faults, water-affected fittings, tripping safety switches and unsafe outdoor power in Malabar, with 60-minute emergency response. | Emergency call-outs in this region use 60-minute emergency response.","60","no","Current response-time wording matches the current region classification.","Keep current core classification","no"
"Sydney City & Eastern Suburbs","Randwick","Maroubra","2035","/service-areas/sydney-city-and-eastern-suburbs/randwick/maroubra/","core","within 60 minutes / 60-minute response","60-minute response for urgent call-outs. | Urgent help for storm-related faults, water-affected fittings, tripping safety switches and unsafe outdoor power in Maroubra, with 60-minute emergency response. | Emergency call-outs in this region use 60-minute emergency response.","60","no","Current response-time wording matches the current region classification.","Keep current core classification","no"
"Sydney City & Eastern Suburbs","Randwick","Matraville","2036","/service-areas/sydney-city-and-eastern-suburbs/randwick/matraville/","core","within 60 minutes / 60-minute response","60-minute response for urgent call-outs. | Urgent help for storm-related faults, water-affected fittings, tripping safety switches and unsafe outdoor power in Matraville, with 60-minute emergency response. | Emergency call-outs in this region use 60-minute emergency response.","60","no","Current response-time wording matches the current region classification.","Keep current core classification","no"
"Sydney City & Eastern Suburbs","Randwick","Phillip Bay","2036","/service-areas/sydney-city-and-eastern-suburbs/randwick/phillip-bay/","core","within 60 minutes / 60-minute response","60-minute response for urgent call-outs. | Urgent help for storm-related faults, water-affected fittings, tripping safety switches and unsafe outdoor power in Phillip Bay, with 60-minute emergency response. | Emergency call-outs in this region use 60-minute emergency response.","60","no","Current response-time wording matches the current region classification.","Keep current core classification","no"
"Sydney City & Eastern Suburbs","Randwick","Randwick","2031","/service-areas/sydney-city-and-eastern-suburbs/randwick/randwick/","core","within 60 minutes / 60-minute response","60-minute response for urgent call-outs. | Evaready provides 60-minute emergency response for emergency call-outs in this region. | Urgent help for storm-related faults, water-affected fittings, tripping safety switches and unsafe outdoor power in Randwick, with 60-minute emergency response. | Emergency call-outs in this region use 60-minute emergency response.","60","no","Current response-time wording matches the current region classification.","Keep current core classification","no"
"Sydney City & Eastern Suburbs","Randwick","South Coogee","2034","/service-areas/sydney-city-and-eastern-suburbs/randwick/south-coogee/","core","within 60 minutes / 60-minute response","60-minute response for urgent call-outs. | Urgent help for storm-related faults, water-affected fittings, tripping safety switches and unsafe outdoor power in South Coogee, with 60-minute emergency response. | Emergency call-outs in this region use 60-minute emergency response.","60","no","Current response-time wording matches the current region classification.","Keep current core classification","no"
"Sydney City & Eastern Suburbs","Sydney","Alexandria","2015","/service-areas/sydney-city-and-eastern-suburbs/sydney/alexandria/","core","within 60 minutes / 60-minute response","60-minute response for urgent call-outs. | Urgent help for partial power loss and tripping circuits and hot outlets and burning smells and after-hours business faults in Alexandria, with 60-minute emergency response. | Emergency call-outs in this region use 60-minute emergency response.","60","no","Current response-time wording matches the current region classification.","Keep current core classification","no"
"Sydney City & Eastern Suburbs","Sydney","Barangaroo","2000","/service-areas/sydney-city-and-eastern-suburbs/sydney/barangaroo/","core","within 60 minutes / 60-minute response","60-minute response for urgent call-outs. | Evaready provides 60-minute emergency response for emergency call-outs in this region. | Urgent help for partial power loss and tripping circuits and hot outlets and burning smells and after-hours business faults in Barangaroo, with 60-minute emergency response. | Emergency call-outs in this region use 60-minute emergency response.","60","no","Current response-time wording matches the current region classification.","Keep current core classification","no"
"Sydney City & Eastern Suburbs","Sydney","Beaconsfield","2015","/service-areas/sydney-city-and-eastern-suburbs/sydney/beaconsfield/","core","within 60 minutes / 60-minute response","60-minute response for urgent call-outs. | Urgent help for partial power loss and tripping circuits and hot outlets and burning smells and after-hours business faults in Beaconsfield, with 60-minute emergency response. | Emergency call-outs in this region use 60-minute emergency response.","60","no","Current response-time wording matches the current region classification.","Keep current core classification","no"
"Sydney City & Eastern Suburbs","Sydney","Chippendale","2008","/service-areas/sydney-city-and-eastern-suburbs/sydney/chippendale/","core","within 60 minutes / 60-minute response","60-minute response for urgent call-outs. | For Chippendale, emergency call-outs use 60-minute emergency response; call for unsafe faults, or send photos and details for planned work. | Urgent help for partial power loss and tripping circuits and hot outlets and burning smells and after-hours business faults in Chippendale, with 60-minute emergency response. | Emergency call-outs in this region use 60-minute emergency response.","60","no","Current response-time wording matches the current region classification.","Keep current core classification","no"
"Sydney City & Eastern Suburbs","Sydney","Darlinghurst","2010","/service-areas/sydney-city-and-eastern-suburbs/sydney/darlinghurst/","core","within 60 minutes / 60-minute response","60-minute response for urgent call-outs. | Urgent help for partial power loss and tripping circuits and hot outlets and burning smells and after-hours business faults in Darlinghurst, with 60-minute emergency response. | Emergency call-outs in this region use 60-minute emergency response.","60","no","Current response-time wording matches the current region classification.","Keep current core classification","no"
"Sydney City & Eastern Suburbs","Sydney","Darlington","2008","/service-areas/sydney-city-and-eastern-suburbs/sydney/darlington/","core","within 60 minutes / 60-minute response","60-minute response for urgent call-outs. | Urgent help for partial power loss and tripping circuits and hot outlets and burning smells and after-hours business faults in Darlington, with 60-minute emergency response. | Emergency call-outs in this region use 60-minute emergency response.","60","no","Current response-time wording matches the current region classification.","Keep current core classification","no"
"Sydney City & Eastern Suburbs","Sydney","Dawes Point","2000","/service-areas/sydney-city-and-eastern-suburbs/sydney/dawes-point/","core","within 60 minutes / 60-minute response","60-minute response for urgent call-outs. | Urgent help for partial power loss and tripping circuits and hot outlets and burning smells and after-hours business faults in Dawes Point, with 60-minute emergency response. | Emergency call-outs in this region use 60-minute emergency response.","60","no","Current response-time wording matches the current region classification.","Keep current core classification","no"
"Sydney City & Eastern Suburbs","Sydney","Elizabeth Bay","2011","/service-areas/sydney-city-and-eastern-suburbs/sydney/elizabeth-bay/","core","within 60 minutes / 60-minute response","60-minute response for urgent call-outs. | Urgent help for partial power loss and tripping circuits and hot outlets and burning smells and after-hours business faults in Elizabeth Bay, with 60-minute emergency response. | Emergency call-outs in this region use 60-minute emergency response.","60","no","Current response-time wording matches the current region classification.","Keep current core classification","no"
"Sydney City & Eastern Suburbs","Sydney","Erskineville","2043","/service-areas/sydney-city-and-eastern-suburbs/sydney/erskineville/","core","within 60 minutes / 60-minute response","60-minute response for urgent call-outs. | Urgent help for partial power loss and tripping circuits and hot outlets and burning smells and after-hours business faults in Erskineville, with 60-minute emergency response. | Emergency call-outs in this region use 60-minute emergency response.","60","no","Current response-time wording matches the current region classification.","Keep current core classification","no"
"Sydney City & Eastern Suburbs","Sydney","Eveleigh","2015","/service-areas/sydney-city-and-eastern-suburbs/sydney/eveleigh/","core","within 60 minutes / 60-minute response","60-minute response for urgent call-outs. | For Eveleigh, emergency call-outs use 60-minute emergency response; call for unsafe faults, or send photos and details for planned work. | Evaready provides 60-minute emergency response for emergency call-outs in this region. | Urgent help for partial power loss and tripping circuits and hot outlets and burning smells and after-hours business faults in Eveleigh, with 60-minute emergency response.","60","no","Current response-time wording matches the current region classification.","Keep current core classification","no"
"Sydney City & Eastern Suburbs","Sydney","Forest Lodge","2037","/service-areas/sydney-city-and-eastern-suburbs/sydney/forest-lodge/","core","within 60 minutes / 60-minute response","60-minute response for urgent call-outs. | Evaready provides 60-minute emergency response for emergency call-outs in this region. | Urgent help for partial power loss and tripping circuits and hot outlets and burning smells and after-hours business faults in Forest Lodge, with 60-minute emergency response. | Emergency call-outs in this region use 60-minute emergency response.","60","no","Current response-time wording matches the current region classification.","Keep current core classification","no"
"Sydney City & Eastern Suburbs","Sydney","Glebe","2037","/service-areas/sydney-city-and-eastern-suburbs/sydney/glebe/","core","within 60 minutes / 60-minute response","60-minute response for urgent call-outs. | For Glebe, emergency call-outs use 60-minute emergency response; call for unsafe faults, or send photos and details for planned work. | Urgent help for partial power loss and tripping circuits and hot outlets and burning smells and after-hours business faults in Glebe, with 60-minute emergency response. | Emergency call-outs in this region use 60-minute emergency response.","60","no","Current response-time wording matches the current region classification.","Keep current core classification","no"
"Sydney City & Eastern Suburbs","Sydney","Haymarket","2000","/service-areas/sydney-city-and-eastern-suburbs/sydney/haymarket/","core","within 60 minutes / 60-minute response","60-minute response for urgent call-outs. | Urgent help for partial power loss and tripping circuits and hot outlets and burning smells and after-hours business faults in Haymarket, with 60-minute emergency response. | Emergency call-outs in this region use 60-minute emergency response.","60","no","Current response-time wording matches the current region classification.","Keep current core classification","no"
"Sydney City & Eastern Suburbs","Sydney","Millers Point","2000","/service-areas/sydney-city-and-eastern-suburbs/sydney/millers-point/","core","within 60 minutes / 60-minute response","60-minute response for urgent call-outs. | For Millers Point, emergency call-outs use 60-minute emergency response; call for unsafe faults, or send photos and details for planned work. | Evaready provides 60-minute emergency response for emergency call-outs in this region. | Urgent help for partial power loss and tripping circuits and hot outlets and burning smells and after-hours business faults in Millers Point, with 60-minute emergency response.","60","no","Current response-time wording matches the current region classification.","Keep current core classification","no"
"Sydney City & Eastern Suburbs","Sydney","Moore Park","2021","/service-areas/sydney-city-and-eastern-suburbs/sydney/moore-park/","core","within 60 minutes / 60-minute response","60-minute response for urgent call-outs. | For Moore Park, emergency call-outs use 60-minute emergency response; call for unsafe faults, or send photos and details for planned work. | Urgent help for partial power loss and tripping circuits and hot outlets and burning smells and after-hours business faults in Moore Park, with 60-minute emergency response. | Emergency call-outs in this region use 60-minute emergency response.","60","no","Current response-time wording matches the current region classification.","Keep current core classification","no"
"Sydney City & Eastern Suburbs","Sydney","Paddington","2021","/service-areas/sydney-city-and-eastern-suburbs/sydney/paddington/","core","within 60 minutes / 60-minute response","60-minute response for urgent call-outs. | For Paddington, emergency call-outs use 60-minute emergency response; call for unsafe faults, or send photos and details for planned work. | Urgent help for partial power loss and tripping circuits and hot outlets and burning smells and after-hours business faults in Paddington, with 60-minute emergency response. | Emergency call-outs in this region use 60-minute emergency response.","60","no","Current response-time wording matches the current region classification.","Keep current core classification","no"
"Sydney City & Eastern Suburbs","Sydney","Potts Point","2011","/service-areas/sydney-city-and-eastern-suburbs/sydney/potts-point/","core","within 60 minutes / 60-minute response","60-minute response for urgent call-outs. | Urgent help for partial power loss and tripping circuits and hot outlets and burning smells and after-hours business faults in Potts Point, with 60-minute emergency response. | Emergency call-outs in this region use 60-minute emergency response.","60","no","Current response-time wording matches the current region classification.","Keep current core classification","no"
"Sydney City & Eastern Suburbs","Sydney","Pyrmont","2009","/service-areas/sydney-city-and-eastern-suburbs/sydney/pyrmont/","core","within 60 minutes / 60-minute response","60-minute response for urgent call-outs. | Evaready provides 60-minute emergency response for emergency call-outs in this region. | Urgent help for partial power loss and tripping circuits and hot outlets and burning smells and after-hours business faults in Pyrmont, with 60-minute emergency response. | Emergency call-outs in this region use 60-minute emergency response.","60","no","Current response-time wording matches the current region classification.","Keep current core classification","no"
"Sydney City & Eastern Suburbs","Sydney","Redfern","2016","/service-areas/sydney-city-and-eastern-suburbs/sydney/redfern/","core","within 60 minutes / 60-minute response","60-minute response for urgent call-outs. | Evaready provides 60-minute emergency response for emergency call-outs in this region. | Urgent help for partial power loss and tripping circuits and hot outlets and burning smells and after-hours business faults in Redfern, with 60-minute emergency response. | Emergency call-outs in this region use 60-minute emergency response.","60","no","Current response-time wording matches the current region classification.","Keep current core classification","no"
"Sydney City & Eastern Suburbs","Sydney","Rushcutters Bay","2011","/service-areas/sydney-city-and-eastern-suburbs/sydney/rushcutters-bay/","core","within 60 minutes / 60-minute response","60-minute response for urgent call-outs. | Urgent help for partial power loss and tripping circuits and hot outlets and burning smells and after-hours business faults in Rushcutters Bay, with 60-minute emergency response. | Emergency call-outs in this region use 60-minute emergency response.","60","no","Current response-time wording matches the current region classification.","Keep current core classification","no"
"Sydney City & Eastern Suburbs","Sydney","Surry Hills","2010","/service-areas/sydney-city-and-eastern-suburbs/sydney/surry-hills/","core","within 60 minutes / 60-minute response","60-minute response for urgent call-outs. | Evaready provides 60-minute emergency response for emergency call-outs in this region. | Urgent help for partial power loss and tripping circuits and hot outlets and burning smells and after-hours business faults in Surry Hills, with 60-minute emergency response. | Emergency call-outs in this region use 60-minute emergency response.","60","no","Current response-time wording matches the current region classification.","Keep current core classification","no"
"Sydney City & Eastern Suburbs","Sydney","Sydney","2000","/service-areas/sydney-city-and-eastern-suburbs/sydney/sydney/","core","within 60 minutes / 60-minute response","60-minute response for urgent call-outs. | Urgent help for partial power loss and tripping circuits and hot outlets and burning smells and after-hours business faults in Sydney, with 60-minute emergency response. | Emergency call-outs in this region use 60-minute emergency response.","60","no","Current response-time wording matches the current region classification.","Keep current core classification","no"
"Sydney City & Eastern Suburbs","Sydney","The Rocks","2000","/service-areas/sydney-city-and-eastern-suburbs/sydney/the-rocks/","core","within 60 minutes / 60-minute response","60-minute response for urgent call-outs. | Urgent help for partial power loss and tripping circuits and hot outlets and burning smells and after-hours business faults in The Rocks, with 60-minute emergency response. | Emergency call-outs in this region use 60-minute emergency response.","60","no","Current response-time wording matches the current region classification.","Keep current core classification","no"
"Sydney City & Eastern Suburbs","Sydney","Ultimo","2007","/service-areas/sydney-city-and-eastern-suburbs/sydney/ultimo/","core","within 60 minutes / 60-minute response","60-minute response for urgent call-outs. | For Ultimo, emergency call-outs use 60-minute emergency response; call for unsafe faults, or send photos and details for planned work. | Urgent help for partial power loss and tripping circuits and hot outlets and burning smells and after-hours business faults in Ultimo, with 60-minute emergency response. | Emergency call-outs in this region use 60-minute emergency response.","60","no","Current response-time wording matches the current region classification.","Keep current core classification","no"
"Sydney City & Eastern Suburbs","Sydney","Waterloo","2017","/service-areas/sydney-city-and-eastern-suburbs/sydney/waterloo/","core","within 60 minutes / 60-minute response","60-minute response for urgent call-outs. | Urgent help for partial power loss and tripping circuits and hot outlets and burning smells and after-hours business faults in Waterloo, with 60-minute emergency response. | Emergency call-outs in this region use 60-minute emergency response.","60","no","Current response-time wording matches the current region classification.","Keep current core classification","no"
"Sydney City & Eastern Suburbs","Sydney","Woolloomooloo","2011","/service-areas/sydney-city-and-eastern-suburbs/sydney/woolloomooloo/","core","within 60 minutes / 60-minute response","60-minute response for urgent call-outs. | Urgent help for partial power loss and tripping circuits and hot outlets and burning smells and after-hours business faults in Woolloomooloo, with 60-minute emergency response. | Emergency call-outs in this region use 60-minute emergency response.","60","no","Current response-time wording matches the current region classification.","Keep current core classification","no"
"Sydney City & Eastern Suburbs","Sydney","Zetland","2017","/service-areas/sydney-city-and-eastern-suburbs/sydney/zetland/","core","within 60 minutes / 60-minute response","60-minute response for urgent call-outs. | Evaready provides 60-minute emergency response for emergency call-outs in this region. | Urgent help for partial power loss and tripping circuits and hot outlets and burning smells and after-hours business faults in Zetland, with 60-minute emergency response. | Emergency call-outs in this region use 60-minute emergency response.","60","no","Current response-time wording matches the current region classification.","Keep current core classification","no"
"Sydney City & Eastern Suburbs","Waverley","Bondi","2026","/service-areas/sydney-city-and-eastern-suburbs/waverley/bondi/","core","within 60 minutes / 60-minute response","60-minute response for urgent call-outs. | Evaready provides 60-minute emergency response for emergency call-outs in this region. | Urgent help for storm-related faults, water-affected fittings, tripping safety switches and unsafe outdoor power in Bondi, with 60-minute emergency response. | Emergency call-outs in this region use 60-minute emergency response.","60","no","Current response-time wording matches the current region classification.","Keep current core classification","no"
"Sydney City & Eastern Suburbs","Waverley","Bondi Beach","2026","/service-areas/sydney-city-and-eastern-suburbs/waverley/bondi-beach/","core","within 60 minutes / 60-minute response","60-minute response for urgent call-outs. | Evaready provides 60-minute emergency response for emergency call-outs in this region. | Urgent help for storm-related faults, water-affected fittings, tripping safety switches and unsafe outdoor power in Bondi Beach, with 60-minute emergency response. | Emergency call-outs in this region use 60-minute emergency response.","60","no","Current response-time wording matches the current region classification.","Keep current core classification","no"
"Sydney City & Eastern Suburbs","Waverley","Bondi Junction","2022","/service-areas/sydney-city-and-eastern-suburbs/waverley/bondi-junction/","core","within 60 minutes / 60-minute response","60-minute response for urgent call-outs. | Evaready provides 60-minute emergency response for emergency call-outs in this region. | Urgent help for storm-related faults, water-affected fittings, tripping safety switches and unsafe outdoor power in Bondi Junction, with 60-minute emergency response. | Emergency call-outs in this region use 60-minute emergency response.","60","no","Current response-time wording matches the current region classification.","Keep current core classification","no"
"Sydney City & Eastern Suburbs","Waverley","Bronte","2024","/service-areas/sydney-city-and-eastern-suburbs/waverley/bronte/","core","within 60 minutes / 60-minute response","60-minute response for urgent call-outs. | For Bronte, emergency call-outs use 60-minute emergency response; call for unsafe faults, or send photos and details for planned work. | Urgent help for storm-related faults, water-affected fittings, tripping safety switches and unsafe outdoor power in Bronte, with 60-minute emergency response. | Emergency call-outs in this region use 60-minute emergency response.","60","no","Current response-time wording matches the current region classification.","Keep current core classification","no"
"Sydney City & Eastern Suburbs","Waverley","Dover Heights","2030","/service-areas/sydney-city-and-eastern-suburbs/waverley/dover-heights/","core","within 60 minutes / 60-minute response","60-minute response for urgent call-outs. | Urgent help for storm-related faults, water-affected fittings, tripping safety switches and unsafe outdoor power in Dover Heights, with 60-minute emergency response. | Emergency call-outs in this region use 60-minute emergency response.","60","no","Current response-time wording matches the current region classification.","Keep current core classification","no"
"Sydney City & Eastern Suburbs","Waverley","North Bondi","2026","/service-areas/sydney-city-and-eastern-suburbs/waverley/north-bondi/","core","within 60 minutes / 60-minute response","60-minute response for urgent call-outs. | For North Bondi, emergency call-outs use 60-minute emergency response; call for unsafe faults, or send photos and details for planned work. | Urgent help for storm-related faults, water-affected fittings, tripping safety switches and unsafe outdoor power in North Bondi, with 60-minute emergency response. | Emergency call-outs in this region use 60-minute emergency response.","60","no","Current response-time wording matches the current region classification.","Keep current core classification","no"
"Sydney City & Eastern Suburbs","Waverley","Queens Park","2022","/service-areas/sydney-city-and-eastern-suburbs/waverley/queens-park/","core","within 60 minutes / 60-minute response","60-minute response for urgent call-outs. | Urgent help for storm-related faults, water-affected fittings, tripping safety switches and unsafe outdoor power in Queens Park, with 60-minute emergency response. | Emergency call-outs in this region use 60-minute emergency response.","60","no","Current response-time wording matches the current region classification.","Keep current core classification","no"
"Sydney City & Eastern Suburbs","Waverley","Rose Bay","2029","/service-areas/sydney-city-and-eastern-suburbs/waverley/rose-bay/","core","within 60 minutes / 60-minute response","60-minute response for urgent call-outs. | Urgent help for storm-related faults, water-affected fittings, tripping safety switches and unsafe outdoor power in Rose Bay, with 60-minute emergency response. | Emergency call-outs in this region use 60-minute emergency response.","60","no","Current response-time wording matches the current region classification.","Keep current core classification","no"
"Sydney City & Eastern Suburbs","Waverley","Tamarama","2026","/service-areas/sydney-city-and-eastern-suburbs/waverley/tamarama/","core","within 60 minutes / 60-minute response","60-minute response for urgent call-outs. | Urgent help for storm-related faults, water-affected fittings, tripping safety switches and unsafe outdoor power in Tamarama, with 60-minute emergency response. | Emergency call-outs in this region use 60-minute emergency response.","60","no","Current response-time wording matches the current region classification.","Keep current core classification","no"
"Sydney City & Eastern Suburbs","Waverley","Vaucluse","2030","/service-areas/sydney-city-and-eastern-suburbs/waverley/vaucluse/","core","within 60 minutes / 60-minute response","60-minute response for urgent call-outs. | Urgent help for storm-related faults, water-affected fittings, tripping safety switches and unsafe outdoor power in Vaucluse, with 60-minute emergency response. | Emergency call-outs in this region use 60-minute emergency response.","60","no","Current response-time wording matches the current region classification.","Keep current core classification","no"
"Sydney City & Eastern Suburbs","Waverley","Waverley","2024","/service-areas/sydney-city-and-eastern-suburbs/waverley/waverley/","core","within 60 minutes / 60-minute response","60-minute response for urgent call-outs. | Urgent help for storm-related faults, water-affected fittings, tripping safety switches and unsafe outdoor power in Waverley, with 60-minute emergency response. | Emergency call-outs in this region use 60-minute emergency response.","60","no","Current response-time wording matches the current region classification.","Keep current core classification","no"
"Sydney City & Eastern Suburbs","Woollahra","Bellevue Hill","2023","/service-areas/sydney-city-and-eastern-suburbs/woollahra/bellevue-hill/","core","within 60 minutes / 60-minute response","60-minute response for urgent call-outs. | For Bellevue Hill, emergency call-outs use 60-minute emergency response; call for unsafe faults, or send photos and details for planned work. | Urgent help for partial power loss and tripping circuits and hot outlets and burning smells and after-hours business faults in Bellevue Hill, with 60-minute emergency response. | Emergency call-outs in this region use 60-minute emergency response.","60","no","Current response-time wording matches the current region classification.","Keep current core classification","no"
"Sydney City & Eastern Suburbs","Woollahra","Darling Point","2027","/service-areas/sydney-city-and-eastern-suburbs/woollahra/darling-point/","core","within 60 minutes / 60-minute response","60-minute response for urgent call-outs. | Evaready provides 60-minute emergency response for emergency call-outs in this region. | Urgent help for partial power loss and tripping circuits and hot outlets and burning smells and after-hours business faults in Darling Point, with 60-minute emergency response. | Emergency call-outs in this region use 60-minute emergency response.","60","no","Current response-time wording matches the current region classification.","Keep current core classification","no"
"Sydney City & Eastern Suburbs","Woollahra","Double Bay","2028","/service-areas/sydney-city-and-eastern-suburbs/woollahra/double-bay/","core","within 60 minutes / 60-minute response","60-minute response for urgent call-outs. | Urgent help for partial power loss and tripping circuits and hot outlets and burning smells and after-hours business faults in Double Bay, with 60-minute emergency response. | Emergency call-outs in this region use 60-minute emergency response.","60","no","Current response-time wording matches the current region classification.","Keep current core classification","no"
"Sydney City & Eastern Suburbs","Woollahra","Edgecliff","2027","/service-areas/sydney-city-and-eastern-suburbs/woollahra/edgecliff/","core","within 60 minutes / 60-minute response","60-minute response for urgent call-outs. | For Edgecliff, emergency call-outs use 60-minute emergency response; call for unsafe faults, or send photos and details for planned work. | Evaready provides 60-minute emergency response for emergency call-outs in this region. | Urgent help for partial power loss and tripping circuits and hot outlets and burning smells and after-hours business faults in Edgecliff, with 60-minute emergency response.","60","no","Current response-time wording matches the current region classification.","Keep current core classification","no"
"Sydney City & Eastern Suburbs","Woollahra","Point Piper","2027","/service-areas/sydney-city-and-eastern-suburbs/woollahra/point-piper/","core","within 60 minutes / 60-minute response","60-minute response for urgent call-outs. | Evaready provides 60-minute emergency response for emergency call-outs in this region. | Urgent help for partial power loss and tripping circuits and hot outlets and burning smells and after-hours business faults in Point Piper, with 60-minute emergency response. | Emergency call-outs in this region use 60-minute emergency response.","60","no","Current response-time wording matches the current region classification.","Keep current core classification","no"
"Sydney City & Eastern Suburbs","Woollahra","Watsons Bay","2030","/service-areas/sydney-city-and-eastern-suburbs/woollahra/watsons-bay/","core","within 60 minutes / 60-minute response","60-minute response for urgent call-outs. | Urgent help for partial power loss and tripping circuits and hot outlets and burning smells and after-hours business faults in Watsons Bay, with 60-minute emergency response. | Emergency call-outs in this region use 60-minute emergency response.","60","no","Current response-time wording matches the current region classification.","Keep current core classification","no"
"Sydney City & Eastern Suburbs","Woollahra","Woollahra","2025","/service-areas/sydney-city-and-eastern-suburbs/woollahra/woollahra/","core","within 60 minutes / 60-minute response","60-minute response for urgent call-outs. | Urgent help for partial power loss and tripping circuits and hot outlets and burning smells and after-hours business faults in Woollahra, with 60-minute emergency response. | Emergency call-outs in this region use 60-minute emergency response.","60","no","Current response-time wording matches the current region classification.","Keep current core classification","no"
"Parramatta & Cumberland","Cumberland","Auburn","2144","/service-areas/parramatta-and-cumberland/cumberland/auburn/","core","within 60 minutes / 60-minute response","60-minute response for urgent call-outs. | Urgent help for partial power loss and hot outlets and tripping circuits, damaged wiring and business-critical faults in Auburn, with 60-minute emergency response. | Emergency call-outs in this region use 60-minute emergency response.","60","no","Current response-time wording matches the current region classification.","Keep current core classification","no"
"Parramatta & Cumberland","Cumberland","Berala","2141","/service-areas/parramatta-and-cumberland/cumberland/berala/","core","within 60 minutes / 60-minute response","60-minute response for urgent call-outs. | For Berala, emergency call-outs use 60-minute emergency response; call for unsafe faults, or send photos and details for planned work. | Urgent help for partial power loss and hot outlets and tripping circuits, damaged wiring and business-critical faults in Berala, with 60-minute emergency response. | Emergency call-outs in this region use 60-minute emergency response.","60","no","Current response-time wording matches the current region classification.","Keep current core classification","no"
"Parramatta & Cumberland","Cumberland","Girraween","2145","/service-areas/parramatta-and-cumberland/cumberland/girraween/","core","within 60 minutes / 60-minute response","60-minute response for urgent call-outs. | For Girraween, emergency call-outs use 60-minute emergency response; call for unsafe faults, or send photos and details for planned work. | Urgent help for partial power loss and hot outlets and tripping circuits, damaged wiring and business-critical faults in Girraween, with 60-minute emergency response. | Emergency call-outs in this region use 60-minute emergency response.","60","no","Current response-time wording matches the current region classification.","Keep current core classification","no"
"Parramatta & Cumberland","Cumberland","Greystanes","2145","/service-areas/parramatta-and-cumberland/cumberland/greystanes/","core","within 60 minutes / 60-minute response","60-minute response for urgent call-outs. | Urgent help for partial power loss and hot outlets and tripping circuits, damaged wiring and business-critical faults in Greystanes, with 60-minute emergency response. | Emergency call-outs in this region use 60-minute emergency response.","60","no","Current response-time wording matches the current region classification.","Keep current core classification","no"
"Parramatta & Cumberland","Cumberland","Guildford","2161","/service-areas/parramatta-and-cumberland/cumberland/guildford/","core","within 60 minutes / 60-minute response","60-minute response for urgent call-outs. | For Guildford, emergency call-outs use 60-minute emergency response; call for unsafe faults, or send photos and details for planned work. | Urgent help for partial power loss and hot outlets and tripping circuits, damaged wiring and business-critical faults in Guildford, with 60-minute emergency response. | Emergency call-outs in this region use 60-minute emergency response.","60","no","Current response-time wording matches the current region classification.","Keep current core classification","no"
"Parramatta & Cumberland","Cumberland","Guildford West","2161","/service-areas/parramatta-and-cumberland/cumberland/guildford-west/","core","within 60 minutes / 60-minute response","60-minute response for urgent call-outs. | Urgent help for partial power loss and hot outlets and tripping circuits, damaged wiring and business-critical faults in Guildford West, with 60-minute emergency response. | Emergency call-outs in this region use 60-minute emergency response.","60","no","Current response-time wording matches the current region classification.","Keep current core classification","no"
"Parramatta & Cumberland","Cumberland","Holroyd","2142","/service-areas/parramatta-and-cumberland/cumberland/holroyd/","core","within 60 minutes / 60-minute response","60-minute response for urgent call-outs. | Urgent help for partial power loss and hot outlets and tripping circuits, damaged wiring and business-critical faults in Holroyd, with 60-minute emergency response. | Emergency call-outs in this region use 60-minute emergency response.","60","no","Current response-time wording matches the current region classification.","Keep current core classification","no"
"Parramatta & Cumberland","Cumberland","Lidcombe","2141","/service-areas/parramatta-and-cumberland/cumberland/lidcombe/","core","within 60 minutes / 60-minute response","60-minute response for urgent call-outs. | Urgent help for partial power loss and hot outlets and tripping circuits, damaged wiring and business-critical faults in Lidcombe, with 60-minute emergency response. | Emergency call-outs in this region use 60-minute emergency response.","60","no","Current response-time wording matches the current region classification.","Keep current core classification","no"
"Parramatta & Cumberland","Cumberland","Merrylands","2160","/service-areas/parramatta-and-cumberland/cumberland/merrylands/","core","within 60 minutes / 60-minute response","60-minute response for urgent call-outs. | Urgent help for partial power loss and hot outlets and tripping circuits, damaged wiring and business-critical faults in Merrylands, with 60-minute emergency response. | Emergency call-outs in this region use 60-minute emergency response.","60","no","Current response-time wording matches the current region classification.","Keep current core classification","no"
"Parramatta & Cumberland","Cumberland","Merrylands West","2160","/service-areas/parramatta-and-cumberland/cumberland/merrylands-west/","core","within 60 minutes / 60-minute response","60-minute response for urgent call-outs. | Evaready provides 60-minute emergency response for emergency call-outs in this region. | Urgent help for partial power loss and hot outlets and tripping circuits, damaged wiring and business-critical faults in Merrylands West, with 60-minute emergency response. | Emergency call-outs in this region use 60-minute emergency response.","60","no","Current response-time wording matches the current region classification.","Keep current core classification","no"
"Parramatta & Cumberland","Cumberland","Pemulwuy","2145","/service-areas/parramatta-and-cumberland/cumberland/pemulwuy/","core","within 60 minutes / 60-minute response","60-minute response for urgent call-outs. | Evaready provides 60-minute emergency response for emergency call-outs in this region. | Urgent help for partial power loss and hot outlets and tripping circuits, damaged wiring and business-critical faults in Pemulwuy, with 60-minute emergency response. | Emergency call-outs in this region use 60-minute emergency response.","60","no","Current response-time wording matches the current region classification.","Keep current core classification","no"
"Parramatta & Cumberland","Cumberland","Pendle Hill","2145","/service-areas/parramatta-and-cumberland/cumberland/pendle-hill/","core","within 60 minutes / 60-minute response","60-minute response for urgent call-outs. | Urgent help for partial power loss and hot outlets and tripping circuits, damaged wiring and business-critical faults in Pendle Hill, with 60-minute emergency response. | Emergency call-outs in this region use 60-minute emergency response.","60","no","Current response-time wording matches the current region classification.","Keep current core classification","no"
"Parramatta & Cumberland","Cumberland","Regents Park","2143","/service-areas/parramatta-and-cumberland/cumberland/regents-park/","core","within 60 minutes / 60-minute response","60-minute response for urgent call-outs. | Urgent help for partial power loss and hot outlets and tripping circuits, damaged wiring and business-critical faults in Regents Park, with 60-minute emergency response. | Emergency call-outs in this region use 60-minute emergency response.","60","no","Current response-time wording matches the current region classification.","Keep current core classification","no"
"Parramatta & Cumberland","Cumberland","Rookwood","2141","/service-areas/parramatta-and-cumberland/cumberland/rookwood/","core","within 60 minutes / 60-minute response","60-minute response for urgent call-outs. | Urgent help for partial power loss and hot outlets and tripping circuits, damaged wiring and business-critical faults in Rookwood, with 60-minute emergency response. | Emergency call-outs in this region use 60-minute emergency response.","60","no","Current response-time wording matches the current region classification.","Keep current core classification","no"
"Parramatta & Cumberland","Cumberland","South Granville","2142","/service-areas/parramatta-and-cumberland/cumberland/south-granville/","core","within 60 minutes / 60-minute response","60-minute response for urgent call-outs. | Urgent help for partial power loss and hot outlets and tripping circuits, damaged wiring and business-critical faults in South Granville, with 60-minute emergency response. | Emergency call-outs in this region use 60-minute emergency response.","60","no","Current response-time wording matches the current region classification.","Keep current core classification","no"
"Parramatta & Cumberland","Cumberland","South Wentworthville","2145","/service-areas/parramatta-and-cumberland/cumberland/south-wentworthville/","core","within 60 minutes / 60-minute response","60-minute response for urgent call-outs. | Urgent help for partial power loss and hot outlets and tripping circuits, damaged wiring and business-critical faults in South Wentworthville, with 60-minute emergency response. | Emergency call-outs in this region use 60-minute emergency response.","60","no","Current response-time wording matches the current region classification.","Keep current core classification","no"
"Parramatta & Cumberland","Cumberland","Wentworthville","2145","/service-areas/parramatta-and-cumberland/cumberland/wentworthville/","core","within 60 minutes / 60-minute response","60-minute response for urgent call-outs. | For Wentworthville, emergency call-outs use 60-minute emergency response; call for unsafe faults, or send photos and details for planned work. | Urgent help for partial power loss and hot outlets and tripping circuits, damaged wiring and business-critical faults in Wentworthville, with 60-minute emergency response. | Emergency call-outs in this region use 60-minute emergency response.","60","no","Current response-time wording matches the current region classification.","Keep current core classification","no"
"Parramatta & Cumberland","Cumberland","Westmead","2145","/service-areas/parramatta-and-cumberland/cumberland/westmead/","core","within 60 minutes / 60-minute response","60-minute response for urgent call-outs. | Evaready provides 60-minute emergency response for emergency call-outs in this region. | Urgent help for partial power loss and hot outlets and tripping circuits, damaged wiring and business-critical faults in Westmead, with 60-minute emergency response. | Emergency call-outs in this region use 60-minute emergency response.","60","no","Current response-time wording matches the current region classification.","Keep current core classification","no"
"Parramatta & Cumberland","Cumberland","Woodpark","2164","/service-areas/parramatta-and-cumberland/cumberland/woodpark/","core","within 60 minutes / 60-minute response","60-minute response for urgent call-outs. | For Woodpark, emergency call-outs use 60-minute emergency response; call for unsafe faults, or send photos and details for planned work. | Evaready provides 60-minute emergency response for emergency call-outs in this region. | Urgent help for partial power loss and hot outlets and tripping circuits, damaged wiring and business-critical faults in Woodpark, with 60-minute emergency response.","60","no","Current response-time wording matches the current region classification.","Keep current core classification","no"
"Parramatta & Cumberland","Parramatta","Carlingford","2118","/service-areas/parramatta-and-cumberland/parramatta/carlingford/","core","within 60 minutes / 60-minute response","60-minute response for urgent call-outs. | Urgent help for partial power loss and tripping circuits and hot outlets and burning smells and after-hours business faults in Carlingford, with 60-minute emergency response. | Emergency call-outs in this region use 60-minute emergency response.","60","no","Current response-time wording matches the current region classification.","Keep current core classification","no"
"Parramatta & Cumberland","Parramatta","Clyde","2142","/service-areas/parramatta-and-cumberland/parramatta/clyde/","core","within 60 minutes / 60-minute response","60-minute response for urgent call-outs. | Evaready provides 60-minute emergency response for emergency call-outs in this region. | Urgent help for partial power loss and tripping circuits and hot outlets and burning smells and after-hours business faults in Clyde, with 60-minute emergency response. | Emergency call-outs in this region use 60-minute emergency response.","60","no","Current response-time wording matches the current region classification.","Keep current core classification","no"
"Parramatta & Cumberland","Parramatta","Constitution Hill","2145","/service-areas/parramatta-and-cumberland/parramatta/constitution-hill/","core","within 60 minutes / 60-minute response","60-minute response for urgent call-outs. | Evaready provides 60-minute emergency response for emergency call-outs in this region. | Urgent help for partial power loss and tripping circuits and hot outlets and burning smells and after-hours business faults in Constitution Hill, with 60-minute emergency response. | Emergency call-outs in this region use 60-minute emergency response.","60","no","Current response-time wording matches the current region classification.","Keep current core classification","no"
"Parramatta & Cumberland","Parramatta","Dundas","2117","/service-areas/parramatta-and-cumberland/parramatta/dundas/","core","within 60 minutes / 60-minute response","60-minute response for urgent call-outs. | Urgent help for partial power loss and tripping circuits and hot outlets and burning smells and after-hours business faults in Dundas, with 60-minute emergency response. | Emergency call-outs in this region use 60-minute emergency response.","60","no","Current response-time wording matches the current region classification.","Keep current core classification","no"
"Parramatta & Cumberland","Parramatta","Dundas Valley","2117","/service-areas/parramatta-and-cumberland/parramatta/dundas-valley/","core","within 60 minutes / 60-minute response","60-minute response for urgent call-outs. | For Dundas Valley, emergency call-outs use 60-minute emergency response; call for unsafe faults, or send photos and details for planned work. | Evaready provides 60-minute emergency response for emergency call-outs in this region. | Urgent help for partial power loss and tripping circuits and hot outlets and burning smells and after-hours business faults in Dundas Valley, with 60-minute emergency response.","60","no","Current response-time wording matches the current region classification.","Keep current core classification","no"
"Parramatta & Cumberland","Parramatta","Eastwood","2122","/service-areas/parramatta-and-cumberland/parramatta/eastwood/","core","within 60 minutes / 60-minute response","60-minute response for urgent call-outs. | Urgent help for partial power loss and tripping circuits and hot outlets and burning smells and after-hours business faults in Eastwood, with 60-minute emergency response. | Emergency call-outs in this region use 60-minute emergency response.","60","no","Current response-time wording matches the current region classification.","Keep current core classification","no"
"Parramatta & Cumberland","Parramatta","Epping","2121","/service-areas/parramatta-and-cumberland/parramatta/epping/","core","within 60 minutes / 60-minute response","60-minute response for urgent call-outs. | Evaready provides 60-minute emergency response for emergency call-outs in this region. | Urgent help for partial power loss and tripping circuits and hot outlets and burning smells and after-hours business faults in Epping, with 60-minute emergency response. | Emergency call-outs in this region use 60-minute emergency response.","60","no","Current response-time wording matches the current region classification.","Keep current core classification","no"
"Parramatta & Cumberland","Parramatta","Ermington","2115","/service-areas/parramatta-and-cumberland/parramatta/ermington/","core","within 60 minutes / 60-minute response","60-minute response for urgent call-outs. | Urgent help for partial power loss and tripping circuits and hot outlets and burning smells and after-hours business faults in Ermington, with 60-minute emergency response. | Emergency call-outs in this region use 60-minute emergency response.","60","no","Current response-time wording matches the current region classification.","Keep current core classification","no"
"Parramatta & Cumberland","Parramatta","Granville","2142","/service-areas/parramatta-and-cumberland/parramatta/granville/","core","within 60 minutes / 60-minute response","60-minute response for urgent call-outs. | Evaready provides 60-minute emergency response for emergency call-outs in this region. | Urgent help for partial power loss and hot outlets and tripping circuits, damaged wiring and business-critical faults in Granville, with 60-minute emergency response. | Emergency call-outs in this region use 60-minute emergency response.","60","no","Current response-time wording matches the current region classification.","Keep current core classification","no"
"Parramatta & Cumberland","Parramatta","Harris Park","2150","/service-areas/parramatta-and-cumberland/parramatta/harris-park/","core","within 60 minutes / 60-minute response","60-minute response for urgent call-outs. | Urgent help for partial power loss and tripping circuits and hot outlets and burning smells and after-hours business faults in Harris Park, with 60-minute emergency response. | Emergency call-outs in this region use 60-minute emergency response.","60","no","Current response-time wording matches the current region classification.","Keep current core classification","no"
"Parramatta & Cumberland","Parramatta","Mays Hill","2145","/service-areas/parramatta-and-cumberland/parramatta/mays-hill/","core","within 60 minutes / 60-minute response","60-minute response for urgent call-outs. | For Mays Hill, emergency call-outs use 60-minute emergency response; call for unsafe faults, or send photos and details for planned work. | Urgent help for partial power loss and tripping circuits and hot outlets and burning smells and after-hours business faults in Mays Hill, with 60-minute emergency response. | Emergency call-outs in this region use 60-minute emergency response.","60","no","Current response-time wording matches the current region classification.","Keep current core classification","no"
"Parramatta & Cumberland","Parramatta","Melrose Park","2114","/service-areas/parramatta-and-cumberland/parramatta/melrose-park/","core","within 60 minutes / 60-minute response","60-minute response for urgent call-outs. | Urgent help for partial power loss and tripping circuits and hot outlets and burning smells and after-hours business faults in Melrose Park, with 60-minute emergency response. | Emergency call-outs in this region use 60-minute emergency response.","60","no","Current response-time wording matches the current region classification.","Keep current core classification","no"
"Parramatta & Cumberland","Parramatta","Newington","2127","/service-areas/parramatta-and-cumberland/parramatta/newington/","core","within 60 minutes / 60-minute response","60-minute response for urgent call-outs. | Evaready provides 60-minute emergency response for emergency call-outs in this region. | Urgent help for partial power loss and tripping circuits and hot outlets and burning smells and after-hours business faults in Newington, with 60-minute emergency response. | Emergency call-outs in this region use 60-minute emergency response.","60","no","Current response-time wording matches the current region classification.","Keep current core classification","no"
"Parramatta & Cumberland","Parramatta","North Parramatta","2151","/service-areas/parramatta-and-cumberland/parramatta/north-parramatta/","core","within 60 minutes / 60-minute response","60-minute response for urgent call-outs. | Urgent help for partial power loss and tripping circuits and hot outlets and burning smells and after-hours business faults in North Parramatta, with 60-minute emergency response. | Emergency call-outs in this region use 60-minute emergency response.","60","no","Current response-time wording matches the current region classification.","Keep current core classification","no"
"Parramatta & Cumberland","Parramatta","North Rocks","2151","/service-areas/parramatta-and-cumberland/parramatta/north-rocks/","core","within 60 minutes / 60-minute response","60-minute response for urgent call-outs. | Urgent help for partial power loss and tripping circuits and hot outlets and burning smells and after-hours business faults in North Rocks, with 60-minute emergency response. | Emergency call-outs in this region use 60-minute emergency response.","60","no","Current response-time wording matches the current region classification.","Keep current core classification","no"
"Parramatta & Cumberland","Parramatta","Northmead","2152","/service-areas/parramatta-and-cumberland/parramatta/northmead/","core","within 60 minutes / 60-minute response","60-minute response for urgent call-outs. | Urgent help for partial power loss and tripping circuits and hot outlets and burning smells and after-hours business faults in Northmead, with 60-minute emergency response. | Emergency call-outs in this region use 60-minute emergency response.","60","no","Current response-time wording matches the current region classification.","Keep current core classification","no"
"Parramatta & Cumberland","Parramatta","Oatlands","2117","/service-areas/parramatta-and-cumberland/parramatta/oatlands/","core","within 60 minutes / 60-minute response","60-minute response for urgent call-outs. | Urgent help for partial power loss and tripping circuits and hot outlets and burning smells and after-hours business faults in Oatlands, with 60-minute emergency response. | Emergency call-outs in this region use 60-minute emergency response.","60","no","Current response-time wording matches the current region classification.","Keep current core classification","no"
"Parramatta & Cumberland","Parramatta","Old Toongabbie","2146","/service-areas/parramatta-and-cumberland/parramatta/old-toongabbie/","core","within 60 minutes / 60-minute response","60-minute response for urgent call-outs. | For Old Toongabbie, emergency call-outs use 60-minute emergency response; call for unsafe faults, or send photos and details for planned work. | Urgent help for partial power loss and tripping circuits and hot outlets and burning smells and after-hours business faults in Old Toongabbie, with 60-minute emergency response. | Emergency call-outs in this region use 60-minute emergency response.","60","no","Current response-time wording matches the current region classification.","Keep current core classification","no"
"Parramatta & Cumberland","Parramatta","Parramatta","2150","/service-areas/parramatta-and-cumberland/parramatta/parramatta/","core","within 60 minutes / 60-minute response","60-minute response for urgent call-outs. | Urgent help for partial power loss and tripping circuits and hot outlets and burning smells and after-hours business faults in Parramatta, with 60-minute emergency response. | Emergency call-outs in this region use 60-minute emergency response.","60","no","Current response-time wording matches the current region classification.","Keep current core classification","no"
"Parramatta & Cumberland","Parramatta","Rosehill","2142","/service-areas/parramatta-and-cumberland/parramatta/rosehill/","core","within 60 minutes / 60-minute response","60-minute response for urgent call-outs. | For Rosehill, emergency call-outs use 60-minute emergency response; call for unsafe faults, or send photos and details for planned work. | Urgent help for partial power loss and tripping circuits and hot outlets and burning smells and after-hours business faults in Rosehill, with 60-minute emergency response. | Emergency call-outs in this region use 60-minute emergency response.","60","no","Current response-time wording matches the current region classification.","Keep current core classification","no"
"Parramatta & Cumberland","Parramatta","Rydalmere","2116","/service-areas/parramatta-and-cumberland/parramatta/rydalmere/","core","within 60 minutes / 60-minute response","60-minute response for urgent call-outs. | Urgent help for partial power loss and tripping circuits and hot outlets and burning smells and after-hours business faults in Rydalmere, with 60-minute emergency response. | Emergency call-outs in this region use 60-minute emergency response.","60","no","Current response-time wording matches the current region classification.","Keep current core classification","no"
"Parramatta & Cumberland","Parramatta","Silverwater","2128","/service-areas/parramatta-and-cumberland/parramatta/silverwater/","core","within 60 minutes / 60-minute response","60-minute response for urgent call-outs. | For Silverwater, emergency call-outs use 60-minute emergency response; call for unsafe faults, or send photos and details for planned work. | Evaready provides 60-minute emergency response for emergency call-outs in this region. | Urgent help for partial power loss and tripping circuits and hot outlets and burning smells and after-hours business faults in Silverwater, with 60-minute emergency response.","60","no","Current response-time wording matches the current region classification.","Keep current core classification","no"
"Parramatta & Cumberland","Parramatta","Sydney Olympic Park","2127","/service-areas/parramatta-and-cumberland/parramatta/sydney-olympic-park/","core","within 60 minutes / 60-minute response","60-minute response for urgent call-outs. | Evaready provides 60-minute emergency response for emergency call-outs in this region. | Urgent help for partial power loss and tripping circuits and hot outlets and burning smells and after-hours business faults in Sydney Olympic Park, with 60-minute emergency response. | Emergency call-outs in this region use 60-minute emergency response.","60","no","Current response-time wording matches the current region classification.","Keep current core classification","no"
"Parramatta & Cumberland","Parramatta","Telopea","2117","/service-areas/parramatta-and-cumberland/parramatta/telopea/","core","within 60 minutes / 60-minute response","60-minute response for urgent call-outs. | For Telopea, emergency call-outs use 60-minute emergency response; call for unsafe faults, or send photos and details for planned work. | Evaready provides 60-minute emergency response for emergency call-outs in this region. | Urgent help for partial power loss and tripping circuits and hot outlets and burning smells and after-hours business faults in Telopea, with 60-minute emergency response.","60","no","Current response-time wording matches the current region classification.","Keep current core classification","no"
"Parramatta & Cumberland","Parramatta","Wentworth Point","2127","/service-areas/parramatta-and-cumberland/parramatta/wentworth-point/","core","within 60 minutes / 60-minute response","60-minute response for urgent call-outs. | Urgent help for partial power loss and tripping circuits and hot outlets and burning smells and after-hours business faults in Wentworth Point, with 60-minute emergency response. | Emergency call-outs in this region use 60-minute emergency response.","60","no","Current response-time wording matches the current region classification.","Keep current core classification","no"
"Western Sydney & Nepean","Blacktown","Acacia Gardens","2763","/service-areas/western-sydney-and-nepean/blacktown/acacia-gardens/","greater","within 90 minutes / 90-minute response","90-minute response for urgent call-outs across greater regions. | Urgent help for partial power loss and hot outlets and tripping circuits, damaged wiring and business-critical faults in Acacia Gardens, with 90-minute emergency response. | Emergency call-outs in this region use 90-minute emergency response.","90","yes","Blacktown-area suburb is currently greater-region wording and should be owner-reviewed for possible 60-minute coverage.","Owner review: possible 60-minute core override","yes"
"Western Sydney & Nepean","Blacktown","Arndell Park","2148","/service-areas/western-sydney-and-nepean/blacktown/arndell-park/","greater","within 90 minutes / 90-minute response","90-minute response for urgent call-outs across greater regions. | Urgent help for partial power loss and hot outlets and tripping circuits, damaged wiring and business-critical faults in Arndell Park, with 90-minute emergency response. | Emergency call-outs in this region use 90-minute emergency response.","90","yes","Blacktown-area suburb is currently greater-region wording and should be owner-reviewed for possible 60-minute coverage.","Owner review: possible 60-minute core override","yes"
"Western Sydney & Nepean","Blacktown","Bidwill","2770","/service-areas/western-sydney-and-nepean/blacktown/bidwill/","greater","within 90 minutes / 90-minute response","90-minute response for urgent call-outs across greater regions. | Urgent help for partial power loss and hot outlets and tripping circuits, damaged wiring and business-critical faults in Bidwill, with 90-minute emergency response. | Emergency call-outs in this region use 90-minute emergency response.","90","yes","Blacktown-area suburb is currently greater-region wording and should be owner-reviewed for possible 60-minute coverage.","Owner review: possible 60-minute core override","yes"
"Western Sydney & Nepean","Blacktown","Blackett","2770","/service-areas/western-sydney-and-nepean/blacktown/blackett/","greater","within 90 minutes / 90-minute response","90-minute response for urgent call-outs across greater regions. | Urgent help for partial power loss and hot outlets and tripping circuits, damaged wiring and business-critical faults in Blackett, with 90-minute emergency response. | Emergency call-outs in this region use 90-minute emergency response.","90","yes","Blacktown-area suburb is currently greater-region wording and should be owner-reviewed for possible 60-minute coverage.","Owner review: possible 60-minute core override","yes"
"Western Sydney & Nepean","Blacktown","Blacktown","2148","/service-areas/western-sydney-and-nepean/blacktown/blacktown/","greater","within 90 minutes / 90-minute response","90-minute response for urgent call-outs across greater regions. | Urgent help for partial power loss and hot outlets and tripping circuits, damaged wiring and business-critical faults in Blacktown, with 90-minute emergency response. | Emergency call-outs in this region use 90-minute emergency response.","90","yes","Named in owner review prompt as a possible 60-minute suburb.","Owner review: possible 60-minute core override","yes"
"Western Sydney & Nepean","Blacktown","Bungarribee","2767","/service-areas/western-sydney-and-nepean/blacktown/bungarribee/","greater","within 90 minutes / 90-minute response","90-minute response for urgent call-outs across greater regions. | Urgent help for partial power loss and hot outlets and tripping circuits, damaged wiring and business-critical faults in Bungarribee, with 90-minute emergency response. | Emergency call-outs in this region use 90-minute emergency response.","90","yes","Blacktown-area suburb is currently greater-region wording and should be owner-reviewed for possible 60-minute coverage.","Owner review: possible 60-minute core override","yes"
"Western Sydney & Nepean","Blacktown","Colebee","2761","/service-areas/western-sydney-and-nepean/blacktown/colebee/","greater","within 90 minutes / 90-minute response","90-minute response for urgent call-outs across greater regions. | Urgent help for partial power loss and hot outlets and tripping circuits, damaged wiring and business-critical faults in Colebee, with 90-minute emergency response. | Emergency call-outs in this region use 90-minute emergency response.","90","yes","Blacktown-area suburb is currently greater-region wording and should be owner-reviewed for possible 60-minute coverage.","Owner review: possible 60-minute core override","yes"
"Western Sydney & Nepean","Blacktown","Dean Park","2761","/service-areas/western-sydney-and-nepean/blacktown/dean-park/","greater","within 90 minutes / 90-minute response","90-minute response for urgent call-outs across greater regions. | For Dean Park, emergency call-outs use 90-minute emergency response; call for unsafe faults, or send photos and details for planned work. | Urgent help for partial power loss and hot outlets and tripping circuits, damaged wiring and business-critical faults in Dean Park, with 90-minute emergency response. | Emergency call-outs in this region use 90-minute emergency response.","90","yes","Blacktown-area suburb is currently greater-region wording and should be owner-reviewed for possible 60-minute coverage.","Owner review: possible 60-minute core override","yes"
"Western Sydney & Nepean","Blacktown","Dharruk","2770","/service-areas/western-sydney-and-nepean/blacktown/dharruk/","greater","within 90 minutes / 90-minute response","90-minute response for urgent call-outs across greater regions. | Urgent help for partial power loss and hot outlets and tripping circuits, damaged wiring and business-critical faults in Dharruk, with 90-minute emergency response. | Emergency call-outs in this region use 90-minute emergency response.","90","yes","Blacktown-area suburb is currently greater-region wording and should be owner-reviewed for possible 60-minute coverage.","Owner review: possible 60-minute core override","yes"
"Western Sydney & Nepean","Blacktown","Doonside","2767","/service-areas/western-sydney-and-nepean/blacktown/doonside/","greater","within 90 minutes / 90-minute response","90-minute response for urgent call-outs across greater regions. | For Doonside, emergency call-outs use 90-minute emergency response; call for unsafe faults, or send photos and details for planned work. | Evaready provides 90-minute emergency response for emergency call-outs in this region. | Urgent help for partial power loss and hot outlets and tripping circuits, damaged wiring and business-critical faults in Doonside, with 90-minute emergency response.","90","yes","Blacktown-area suburb is currently greater-region wording and should be owner-reviewed for possible 60-minute coverage.","Owner review: possible 60-minute core override","yes"
"Western Sydney & Nepean","Blacktown","Eastern Creek","2766","/service-areas/western-sydney-and-nepean/blacktown/eastern-creek/","greater","within 90 minutes / 90-minute response","90-minute response for urgent call-outs across greater regions. | For Eastern Creek, emergency call-outs use 90-minute emergency response; call for unsafe faults, or send photos and details for planned work. | Urgent help for partial power loss and hot outlets and tripping circuits, damaged wiring and business-critical faults in Eastern Creek, with 90-minute emergency response. | Emergency call-outs in this region use 90-minute emergency response.","90","yes","Blacktown-area suburb is currently greater-region wording and should be owner-reviewed for possible 60-minute coverage.","Owner review: possible 60-minute core override","yes"
"Western Sydney & Nepean","Blacktown","Emerton","2770","/service-areas/western-sydney-and-nepean/blacktown/emerton/","greater","within 90 minutes / 90-minute response","90-minute response for urgent call-outs across greater regions. | Urgent help for partial power loss and hot outlets and tripping circuits, damaged wiring and business-critical faults in Emerton, with 90-minute emergency response. | Emergency call-outs in this region use 90-minute emergency response.","90","yes","Blacktown-area suburb is currently greater-region wording and should be owner-reviewed for possible 60-minute coverage.","Owner review: possible 60-minute core override","yes"
"Western Sydney & Nepean","Blacktown","Glendenning","2761","/service-areas/western-sydney-and-nepean/blacktown/glendenning/","greater","within 90 minutes / 90-minute response","90-minute response for urgent call-outs across greater regions. | Urgent help for partial power loss and hot outlets and tripping circuits, damaged wiring and business-critical faults in Glendenning, with 90-minute emergency response. | Emergency call-outs in this region use 90-minute emergency response.","90","yes","Blacktown-area suburb is currently greater-region wording and should be owner-reviewed for possible 60-minute coverage.","Owner review: possible 60-minute core override","yes"
"Western Sydney & Nepean","Blacktown","Glenwood","2768","/service-areas/western-sydney-and-nepean/blacktown/glenwood/","greater","within 90 minutes / 90-minute response","90-minute response for urgent call-outs across greater regions. | Urgent help for partial power loss and hot outlets and tripping circuits, damaged wiring and business-critical faults in Glenwood, with 90-minute emergency response. | Emergency call-outs in this region use 90-minute emergency response.","90","yes","Blacktown-area suburb is currently greater-region wording and should be owner-reviewed for possible 60-minute coverage.","Owner review: possible 60-minute core override","yes"
"Western Sydney & Nepean","Blacktown","Hassall Grove","2761","/service-areas/western-sydney-and-nepean/blacktown/hassall-grove/","greater","within 90 minutes / 90-minute response","90-minute response for urgent call-outs across greater regions. | For Hassall Grove, emergency call-outs use 90-minute emergency response; call for unsafe faults, or send photos and details for planned work. | Urgent help for partial power loss and hot outlets and tripping circuits, damaged wiring and business-critical faults in Hassall Grove, with 90-minute emergency response. | Emergency call-outs in this region use 90-minute emergency response.","90","yes","Blacktown-area suburb is currently greater-region wording and should be owner-reviewed for possible 60-minute coverage.","Owner review: possible 60-minute core override","yes"
"Western Sydney & Nepean","Blacktown","Hebersham","2770","/service-areas/western-sydney-and-nepean/blacktown/hebersham/","greater","within 90 minutes / 90-minute response","90-minute response for urgent call-outs across greater regions. | For Hebersham, emergency call-outs use 90-minute emergency response; call for unsafe faults, or send photos and details for planned work. | Urgent help for partial power loss and hot outlets and tripping circuits, damaged wiring and business-critical faults in Hebersham, with 90-minute emergency response. | Emergency call-outs in this region use 90-minute emergency response.","90","yes","Blacktown-area suburb is currently greater-region wording and should be owner-reviewed for possible 60-minute coverage.","Owner review: possible 60-minute core override","yes"
"Western Sydney & Nepean","Blacktown","Kellyville Ridge","2155","/service-areas/western-sydney-and-nepean/blacktown/kellyville-ridge/","greater","within 90 minutes / 90-minute response","90-minute response for urgent call-outs across greater regions. | Urgent help for partial power loss and hot outlets and tripping circuits, damaged wiring and business-critical faults in Kellyville Ridge, with 90-minute emergency response. | Emergency call-outs in this region use 90-minute emergency response.","90","yes","Blacktown-area suburb is currently greater-region wording and should be owner-reviewed for possible 60-minute coverage.","Owner review: possible 60-minute core override","yes"
"Western Sydney & Nepean","Blacktown","Kings Langley","2147","/service-areas/western-sydney-and-nepean/blacktown/kings-langley/","greater","within 90 minutes / 90-minute response","90-minute response for urgent call-outs across greater regions. | For Kings Langley, emergency call-outs use 90-minute emergency response; call for unsafe faults, or send photos and details for planned work. | Evaready provides 90-minute emergency response for emergency call-outs in this region. | Urgent help for partial power loss and hot outlets and tripping circuits, damaged wiring and business-critical faults in Kings Langley, with 90-minute emergency response.","90","yes","Blacktown-area suburb is currently greater-region wording and should be owner-reviewed for possible 60-minute coverage.","Owner review: possible 60-minute core override","yes"
"Western Sydney & Nepean","Blacktown","Kings Park","2148","/service-areas/western-sydney-and-nepean/blacktown/kings-park/","greater","within 90 minutes / 90-minute response","90-minute response for urgent call-outs across greater regions. | Urgent help for partial power loss and hot outlets and tripping circuits, damaged wiring and business-critical faults in Kings Park, with 90-minute emergency response. | Emergency call-outs in this region use 90-minute emergency response.","90","yes","Named in owner review prompt as a possible 60-minute suburb.","Owner review: possible 60-minute core override","yes"
"Western Sydney & Nepean","Blacktown","Lalor Park","2147","/service-areas/western-sydney-and-nepean/blacktown/lalor-park/","greater","within 90 minutes / 90-minute response","90-minute response for urgent call-outs across greater regions. | Urgent help for partial power loss and hot outlets and tripping circuits, damaged wiring and business-critical faults in Lalor Park, with 90-minute emergency response. | Emergency call-outs in this region use 90-minute emergency response.","90","yes","Blacktown-area suburb is currently greater-region wording and should be owner-reviewed for possible 60-minute coverage.","Owner review: possible 60-minute core override","yes"
"Western Sydney & Nepean","Blacktown","Lethbridge Park","2770","/service-areas/western-sydney-and-nepean/blacktown/lethbridge-park/","greater","within 90 minutes / 90-minute response","90-minute response for urgent call-outs across greater regions. | Urgent help for partial power loss and hot outlets and tripping circuits, damaged wiring and business-critical faults in Lethbridge Park, with 90-minute emergency response. | Emergency call-outs in this region use 90-minute emergency response.","90","yes","Blacktown-area suburb is currently greater-region wording and should be owner-reviewed for possible 60-minute coverage.","Owner review: possible 60-minute core override","yes"
"Western Sydney & Nepean","Blacktown","Marayong","2148","/service-areas/western-sydney-and-nepean/blacktown/marayong/","greater","within 90 minutes / 90-minute response","90-minute response for urgent call-outs across greater regions. | For Marayong, emergency call-outs use 90-minute emergency response; call for unsafe faults, or send photos and details for planned work. | Urgent help for partial power loss and hot outlets and tripping circuits, damaged wiring and business-critical faults in Marayong, with 90-minute emergency response. | Emergency call-outs in this region use 90-minute emergency response.","90","yes","Named in owner review prompt as a possible 60-minute suburb.","Owner review: possible 60-minute core override","yes"
"Western Sydney & Nepean","Blacktown","Marsden Park","2765","/service-areas/western-sydney-and-nepean/blacktown/marsden-park/","greater","within 90 minutes / 90-minute response","90-minute response for urgent call-outs across greater regions. | Urgent help for partial power loss and hot outlets and tripping circuits, damaged wiring and business-critical faults in Marsden Park, with 90-minute emergency response. | Emergency call-outs in this region use 90-minute emergency response.","90","yes","Blacktown-area suburb is currently greater-region wording and should be owner-reviewed for possible 60-minute coverage.","Owner review: possible 60-minute core override","yes"
"Western Sydney & Nepean","Blacktown","Minchinbury","2770","/service-areas/western-sydney-and-nepean/blacktown/minchinbury/","greater","within 90 minutes / 90-minute response","90-minute response for urgent call-outs across greater regions. | Urgent help for partial power loss and hot outlets and tripping circuits, damaged wiring and business-critical faults in Minchinbury, with 90-minute emergency response. | Emergency call-outs in this region use 90-minute emergency response.","90","yes","Blacktown-area suburb is currently greater-region wording and should be owner-reviewed for possible 60-minute coverage.","Owner review: possible 60-minute core override","yes"
"Western Sydney & Nepean","Blacktown","Mount Druitt","2770","/service-areas/western-sydney-and-nepean/blacktown/mount-druitt/","greater","within 90 minutes / 90-minute response","90-minute response for urgent call-outs across greater regions. | For Mount Druitt, emergency call-outs use 90-minute emergency response; call for unsafe faults, or send photos and details for planned work. | Urgent help for partial power loss and hot outlets and tripping circuits, damaged wiring and business-critical faults in Mount Druitt, with 90-minute emergency response. | Emergency call-outs in this region use 90-minute emergency response.","90","yes","Named in owner review prompt as a possible 60-minute suburb.","Owner review: possible 60-minute core override","yes"
"Western Sydney & Nepean","Blacktown","Oakhurst","2761","/service-areas/western-sydney-and-nepean/blacktown/oakhurst/","greater","within 90 minutes / 90-minute response","90-minute response for urgent call-outs across greater regions. | Evaready provides 90-minute emergency response for emergency call-outs in this region. | Urgent help for partial power loss and hot outlets and tripping circuits, damaged wiring and business-critical faults in Oakhurst, with 90-minute emergency response. | Emergency call-outs in this region use 90-minute emergency response.","90","yes","Blacktown-area suburb is currently greater-region wording and should be owner-reviewed for possible 60-minute coverage.","Owner review: possible 60-minute core override","yes"
"Western Sydney & Nepean","Blacktown","Parklea","2768","/service-areas/western-sydney-and-nepean/blacktown/parklea/","greater","within 90 minutes / 90-minute response","90-minute response for urgent call-outs across greater regions. | Urgent help for partial power loss and hot outlets and tripping circuits, damaged wiring and business-critical faults in Parklea, with 90-minute emergency response. | Emergency call-outs in this region use 90-minute emergency response.","90","yes","Blacktown-area suburb is currently greater-region wording and should be owner-reviewed for possible 60-minute coverage.","Owner review: possible 60-minute core override","yes"
"Western Sydney & Nepean","Blacktown","Plumpton","2761","/service-areas/western-sydney-and-nepean/blacktown/plumpton/","greater","within 90 minutes / 90-minute response","90-minute response for urgent call-outs across greater regions. | Evaready provides 90-minute emergency response for emergency call-outs in this region. | Urgent help for partial power loss and hot outlets and tripping circuits, damaged wiring and business-critical faults in Plumpton, with 90-minute emergency response. | Emergency call-outs in this region use 90-minute emergency response.","90","yes","Blacktown-area suburb is currently greater-region wording and should be owner-reviewed for possible 60-minute coverage.","Owner review: possible 60-minute core override","yes"
"Western Sydney & Nepean","Blacktown","Prospect","2148","/service-areas/western-sydney-and-nepean/blacktown/prospect/","greater","within 90 minutes / 90-minute response","90-minute response for urgent call-outs across greater regions. | Urgent help for partial power loss and hot outlets and tripping circuits, damaged wiring and business-critical faults in Prospect, with 90-minute emergency response. | Emergency call-outs in this region use 90-minute emergency response.","90","yes","Blacktown-area suburb is currently greater-region wording and should be owner-reviewed for possible 60-minute coverage.","Owner review: possible 60-minute core override","yes"
"Western Sydney & Nepean","Blacktown","Quakers Hill","2763","/service-areas/western-sydney-and-nepean/blacktown/quakers-hill/","greater","within 90 minutes / 90-minute response","90-minute response for urgent call-outs across greater regions. | Evaready provides 90-minute emergency response for emergency call-outs in this region. | Urgent help for partial power loss and hot outlets and tripping circuits, damaged wiring and business-critical faults in Quakers Hill, with 90-minute emergency response. | Emergency call-outs in this region use 90-minute emergency response.","90","yes","Named in owner review prompt as a possible 60-minute suburb.","Owner review: possible 60-minute core override","yes"
"Western Sydney & Nepean","Blacktown","Riverstone","2765","/service-areas/western-sydney-and-nepean/blacktown/riverstone/","greater","within 90 minutes / 90-minute response","90-minute response for urgent call-outs across greater regions. | Urgent help for partial power loss and hot outlets and tripping circuits, damaged wiring and business-critical faults in Riverstone, with 90-minute emergency response. | Emergency call-outs in this region use 90-minute emergency response.","90","yes","Blacktown-area suburb is currently greater-region wording and should be owner-reviewed for possible 60-minute coverage.","Owner review: possible 60-minute core override","yes"
"Western Sydney & Nepean","Blacktown","Rooty Hill","2766","/service-areas/western-sydney-and-nepean/blacktown/rooty-hill/","greater","within 90 minutes / 90-minute response","90-minute response for urgent call-outs across greater regions. | Urgent help for partial power loss and hot outlets and tripping circuits, damaged wiring and business-critical faults in Rooty Hill, with 90-minute emergency response. | Emergency call-outs in this region use 90-minute emergency response.","90","yes","Named in owner review prompt as a possible 60-minute suburb.","Owner review: possible 60-minute core override","yes"
"Western Sydney & Nepean","Blacktown","Ropes Crossing","2760","/service-areas/western-sydney-and-nepean/blacktown/ropes-crossing/","greater","within 90 minutes / 90-minute response","90-minute response for urgent call-outs across greater regions. | Urgent help for partial power loss and hot outlets and tripping circuits, damaged wiring and business-critical faults in Ropes Crossing, with 90-minute emergency response. | Emergency call-outs in this region use 90-minute emergency response.","90","yes","Blacktown-area suburb is currently greater-region wording and should be owner-reviewed for possible 60-minute coverage.","Owner review: possible 60-minute core override","yes"
"Western Sydney & Nepean","Blacktown","Schofields","2762","/service-areas/western-sydney-and-nepean/blacktown/schofields/","greater","within 90 minutes / 90-minute response","90-minute response for urgent call-outs across greater regions. | For Schofields, emergency call-outs use 90-minute emergency response; call for unsafe faults, or send photos and details for planned work. | Urgent help for partial power loss and hot outlets and tripping circuits, damaged wiring and business-critical faults in Schofields, with 90-minute emergency response. | Emergency call-outs in this region use 90-minute emergency response.","90","yes","Named in owner review prompt as a possible 60-minute suburb.","Owner review: possible 60-minute core override","yes"
"Western Sydney & Nepean","Blacktown","Seven Hills","2147","/service-areas/western-sydney-and-nepean/blacktown/seven-hills/","greater","within 90 minutes / 90-minute response","90-minute response for urgent call-outs across greater regions. | Urgent help for partial power loss and hot outlets and tripping circuits, damaged wiring and business-critical faults in Seven Hills, with 90-minute emergency response. | Emergency call-outs in this region use 90-minute emergency response.","90","yes","Named in owner review prompt as a possible 60-minute suburb.","Owner review: possible 60-minute core override","yes"
"Western Sydney & Nepean","Blacktown","Shalvey","2770","/service-areas/western-sydney-and-nepean/blacktown/shalvey/","greater","within 90 minutes / 90-minute response","90-minute response for urgent call-outs across greater regions. | Evaready provides 90-minute emergency response for emergency call-outs in this region. | Urgent help for partial power loss and hot outlets and tripping circuits, damaged wiring and business-critical faults in Shalvey, with 90-minute emergency response. | Emergency call-outs in this region use 90-minute emergency response.","90","yes","Blacktown-area suburb is currently greater-region wording and should be owner-reviewed for possible 60-minute coverage.","Owner review: possible 60-minute core override","yes"
"Western Sydney & Nepean","Blacktown","Shanes Park","2747","/service-areas/western-sydney-and-nepean/blacktown/shanes-park/","greater","within 90 minutes / 90-minute response","90-minute response for urgent call-outs across greater regions. | Urgent help for partial power loss and hot outlets and tripping circuits, damaged wiring and business-critical faults in Shanes Park, with 90-minute emergency response. | Emergency call-outs in this region use 90-minute emergency response.","90","yes","Blacktown-area suburb is currently greater-region wording and should be owner-reviewed for possible 60-minute coverage.","Owner review: possible 60-minute core override","yes"
"Western Sydney & Nepean","Blacktown","Stanhope Gardens","2768","/service-areas/western-sydney-and-nepean/blacktown/stanhope-gardens/","greater","within 90 minutes / 90-minute response","90-minute response for urgent call-outs across greater regions. | Evaready provides 90-minute emergency response for emergency call-outs in this region. | Urgent help for partial power loss and hot outlets and tripping circuits, damaged wiring and business-critical faults in Stanhope Gardens, with 90-minute emergency response. | Emergency call-outs in this region use 90-minute emergency response.","90","yes","Blacktown-area suburb is currently greater-region wording and should be owner-reviewed for possible 60-minute coverage.","Owner review: possible 60-minute core override","yes"
"Western Sydney & Nepean","Blacktown","The Ponds","2769","/service-areas/western-sydney-and-nepean/blacktown/the-ponds/","greater","within 90 minutes / 90-minute response","90-minute response for urgent call-outs across greater regions. | For The Ponds, emergency call-outs use 90-minute emergency response; call for unsafe faults, or send photos and details for planned work. | Evaready provides 90-minute emergency response for emergency call-outs in this region. | Urgent help for partial power loss and hot outlets and tripping circuits, damaged wiring and business-critical faults in The Ponds, with 90-minute emergency response.","90","yes","Named in owner review prompt as a possible 60-minute suburb.","Owner review: possible 60-minute core override","yes"
"Western Sydney & Nepean","Blacktown","Toongabbie","2146","/service-areas/western-sydney-and-nepean/blacktown/toongabbie/","greater","within 90 minutes / 90-minute response","90-minute response for urgent call-outs across greater regions. | Urgent help for partial power loss and hot outlets and tripping circuits, damaged wiring and business-critical faults in Toongabbie, with 90-minute emergency response. | Emergency call-outs in this region use 90-minute emergency response.","90","yes","Named in owner review prompt as a possible 60-minute suburb.","Owner review: possible 60-minute core override","yes"
"Western Sydney & Nepean","Blacktown","Tregear","2770","/service-areas/western-sydney-and-nepean/blacktown/tregear/","greater","within 90 minutes / 90-minute response","90-minute response for urgent call-outs across greater regions. | For Tregear, emergency call-outs use 90-minute emergency response; call for unsafe faults, or send photos and details for planned work. | Evaready provides 90-minute emergency response for emergency call-outs in this region. | Urgent help for partial power loss and hot outlets and tripping circuits, damaged wiring and business-critical faults in Tregear, with 90-minute emergency response.","90","yes","Blacktown-area suburb is currently greater-region wording and should be owner-reviewed for possible 60-minute coverage.","Owner review: possible 60-minute core override","yes"
"Western Sydney & Nepean","Blacktown","Whalan","2770","/service-areas/western-sydney-and-nepean/blacktown/whalan/","greater","within 90 minutes / 90-minute response","90-minute response for urgent call-outs across greater regions. | For Whalan, emergency call-outs use 90-minute emergency response; call for unsafe faults, or send photos and details for planned work. | Urgent help for partial power loss and hot outlets and tripping circuits, damaged wiring and business-critical faults in Whalan, with 90-minute emergency response. | Emergency call-outs in this region use 90-minute emergency response.","90","yes","Blacktown-area suburb is currently greater-region wording and should be owner-reviewed for possible 60-minute coverage.","Owner review: possible 60-minute core override","yes"
"Western Sydney & Nepean","Blacktown","Willmot","2770","/service-areas/western-sydney-and-nepean/blacktown/willmot/","greater","within 90 minutes / 90-minute response","90-minute response for urgent call-outs across greater regions. | For Willmot, emergency call-outs use 90-minute emergency response; call for unsafe faults, or send photos and details for planned work. | Evaready provides 90-minute emergency response for emergency call-outs in this region. | Urgent help for partial power loss and hot outlets and tripping circuits, damaged wiring and business-critical faults in Willmot, with 90-minute emergency response.","90","yes","Blacktown-area suburb is currently greater-region wording and should be owner-reviewed for possible 60-minute coverage.","Owner review: possible 60-minute core override","yes"
"Western Sydney & Nepean","Blacktown","Woodcroft","2767","/service-areas/western-sydney-and-nepean/blacktown/woodcroft/","greater","within 90 minutes / 90-minute response","90-minute response for urgent call-outs across greater regions. | Urgent help for partial power loss and hot outlets and tripping circuits, damaged wiring and business-critical faults in Woodcroft, with 90-minute emergency response. | Emergency call-outs in this region use 90-minute emergency response.","90","yes","Blacktown-area suburb is currently greater-region wording and should be owner-reviewed for possible 60-minute coverage.","Owner review: possible 60-minute core override","yes"
"Western Sydney & Nepean","Penrith","Berkshire Park","2765","/service-areas/western-sydney-and-nepean/penrith/berkshire-park/","greater","within 90 minutes / 90-minute response","90-minute response for urgent call-outs across greater regions. | Urgent help for partial power loss and hot outlets and tripping circuits, damaged wiring and business-critical faults in Berkshire Park, with 90-minute emergency response. | Emergency call-outs in this region use 90-minute emergency response.","90","no","Current response-time wording matches the current region classification.","Keep current greater classification","no"
"Western Sydney & Nepean","Penrith","Caddens","2747","/service-areas/western-sydney-and-nepean/penrith/caddens/","greater","within 90 minutes / 90-minute response","90-minute response for urgent call-outs across greater regions. | For Caddens, emergency call-outs use 90-minute emergency response; call for unsafe faults, or send photos and details for planned work. | Urgent help for partial power loss and hot outlets and tripping circuits, damaged wiring and business-critical faults in Caddens, with 90-minute emergency response. | Emergency call-outs in this region use 90-minute emergency response.","90","no","Current response-time wording matches the current region classification.","Keep current greater classification","no"
"Western Sydney & Nepean","Penrith","Cambridge Gardens","2747","/service-areas/western-sydney-and-nepean/penrith/cambridge-gardens/","greater","within 90 minutes / 90-minute response","90-minute response for urgent call-outs across greater regions. | Evaready provides 90-minute emergency response for emergency call-outs in this region. | Urgent help for partial power loss and hot outlets and tripping circuits, damaged wiring and business-critical faults in Cambridge Gardens, with 90-minute emergency response. | Emergency call-outs in this region use 90-minute emergency response.","90","no","Current response-time wording matches the current region classification.","Keep current greater classification","no"
"Western Sydney & Nepean","Penrith","Cambridge Park","2747","/service-areas/western-sydney-and-nepean/penrith/cambridge-park/","greater","within 90 minutes / 90-minute response","90-minute response for urgent call-outs across greater regions. | Evaready provides 90-minute emergency response for emergency call-outs in this region. | Urgent help for partial power loss and hot outlets and tripping circuits, damaged wiring and business-critical faults in Cambridge Park, with 90-minute emergency response. | Emergency call-outs in this region use 90-minute emergency response.","90","no","Current response-time wording matches the current region classification.","Keep current greater classification","no"
"Western Sydney & Nepean","Penrith","Castlereagh","2749","/service-areas/western-sydney-and-nepean/penrith/castlereagh/","greater","within 90 minutes / 90-minute response","90-minute response for urgent call-outs across greater regions. | For Castlereagh, emergency call-outs use 90-minute emergency response; call for unsafe faults, or send photos and details for planned work. | Urgent help for partial power loss and hot outlets and tripping circuits, damaged wiring and business-critical faults in Castlereagh, with 90-minute emergency response. | Emergency call-outs in this region use 90-minute emergency response.","90","no","Current response-time wording matches the current region classification.","Keep current greater classification","no"
"Western Sydney & Nepean","Penrith","Claremont Meadows","2747","/service-areas/western-sydney-and-nepean/penrith/claremont-meadows/","greater","within 90 minutes / 90-minute response","90-minute response for urgent call-outs across greater regions. | Evaready provides 90-minute emergency response for emergency call-outs in this region. | Urgent help for partial power loss and hot outlets and tripping circuits, damaged wiring and business-critical faults in Claremont Meadows, with 90-minute emergency response. | Emergency call-outs in this region use 90-minute emergency response.","90","no","Current response-time wording matches the current region classification.","Keep current greater classification","no"
"Western Sydney & Nepean","Penrith","Colyton","2760","/service-areas/western-sydney-and-nepean/penrith/colyton/","greater","within 90 minutes / 90-minute response","90-minute response for urgent call-outs across greater regions. | For Colyton, emergency call-outs use 90-minute emergency response; call for unsafe faults, or send photos and details for planned work. | Urgent help for partial power loss and hot outlets and tripping circuits, damaged wiring and business-critical faults in Colyton, with 90-minute emergency response. | Emergency call-outs in this region use 90-minute emergency response.","90","no","Current response-time wording matches the current region classification.","Keep current greater classification","no"
"Western Sydney & Nepean","Penrith","Cranebrook","2749","/service-areas/western-sydney-and-nepean/penrith/cranebrook/","greater","within 90 minutes / 90-minute response","90-minute response for urgent call-outs across greater regions. | For Cranebrook, emergency call-outs use 90-minute emergency response; call for unsafe faults, or send photos and details for planned work. | Urgent help for partial power loss and hot outlets and tripping circuits, damaged wiring and business-critical faults in Cranebrook, with 90-minute emergency response. | Emergency call-outs in this region use 90-minute emergency response.","90","no","Current response-time wording matches the current region classification.","Keep current greater classification","no"
"Western Sydney & Nepean","Penrith","Emu Heights","2750","/service-areas/western-sydney-and-nepean/penrith/emu-heights/","greater","within 90 minutes / 90-minute response","90-minute response for urgent call-outs across greater regions. | Evaready provides 90-minute emergency response for emergency call-outs in this region. | Urgent help for partial power loss and hot outlets and tripping circuits, damaged wiring and business-critical faults in Emu Heights, with 90-minute emergency response. | Emergency call-outs in this region use 90-minute emergency response.","90","no","Current response-time wording matches the current region classification.","Keep current greater classification","no"
"Western Sydney & Nepean","Penrith","Emu Plains","2750","/service-areas/western-sydney-and-nepean/penrith/emu-plains/","greater","within 90 minutes / 90-minute response","90-minute response for urgent call-outs across greater regions. | Evaready provides 90-minute emergency response for emergency call-outs in this region. | Urgent help for partial power loss and hot outlets and tripping circuits, damaged wiring and business-critical faults in Emu Plains, with 90-minute emergency response. | Emergency call-outs in this region use 90-minute emergency response.","90","no","Current response-time wording matches the current region classification.","Keep current greater classification","no"
"Western Sydney & Nepean","Penrith","Erskine Park","2759","/service-areas/western-sydney-and-nepean/penrith/erskine-park/","greater","within 90 minutes / 90-minute response","90-minute response for urgent call-outs across greater regions. | Urgent help for partial power loss and hot outlets and tripping circuits, damaged wiring and business-critical faults in Erskine Park, with 90-minute emergency response. | Emergency call-outs in this region use 90-minute emergency response.","90","no","Current response-time wording matches the current region classification.","Keep current greater classification","no"
"Western Sydney & Nepean","Penrith","Glenmore Park","2745","/service-areas/western-sydney-and-nepean/penrith/glenmore-park/","greater","within 90 minutes / 90-minute response","90-minute response for urgent call-outs across greater regions. | For Glenmore Park, emergency call-outs use 90-minute emergency response; call for unsafe faults, or send photos and details for planned work. | Evaready provides 90-minute emergency response for emergency call-outs in this region. | Urgent help for partial power loss and hot outlets and tripping circuits, damaged wiring and business-critical faults in Glenmore Park, with 90-minute emergency response.","90","no","Current response-time wording matches the current region classification.","Keep current greater classification","no"
"Western Sydney & Nepean","Penrith","Jamisontown","2750","/service-areas/western-sydney-and-nepean/penrith/jamisontown/","greater","within 90 minutes / 90-minute response","90-minute response for urgent call-outs across greater regions. | For Jamisontown, emergency call-outs use 90-minute emergency response; call for unsafe faults, or send photos and details for planned work. | Urgent help for partial power loss and hot outlets and tripping circuits, damaged wiring and business-critical faults in Jamisontown, with 90-minute emergency response. | Emergency call-outs in this region use 90-minute emergency response.","90","no","Current response-time wording matches the current region classification.","Keep current greater classification","no"
"Western Sydney & Nepean","Penrith","Jordan Springs","2747","/service-areas/western-sydney-and-nepean/penrith/jordan-springs/","greater","within 90 minutes / 90-minute response","90-minute response for urgent call-outs across greater regions. | Evaready provides 90-minute emergency response for emergency call-outs in this region. | Urgent help for partial power loss and hot outlets and tripping circuits, damaged wiring and business-critical faults in Jordan Springs, with 90-minute emergency response. | Emergency call-outs in this region use 90-minute emergency response.","90","no","Current response-time wording matches the current region classification.","Keep current greater classification","no"
"Western Sydney & Nepean","Penrith","Kingswood","2747","/service-areas/western-sydney-and-nepean/penrith/kingswood/","greater","within 90 minutes / 90-minute response","90-minute response for urgent call-outs across greater regions. | Evaready provides 90-minute emergency response for emergency call-outs in this region. | Urgent help for partial power loss and hot outlets and tripping circuits, damaged wiring and business-critical faults in Kingswood, with 90-minute emergency response. | Emergency call-outs in this region use 90-minute emergency response.","90","no","Current response-time wording matches the current region classification.","Keep current greater classification","no"
"Western Sydney & Nepean","Penrith","Leonay","2750","/service-areas/western-sydney-and-nepean/penrith/leonay/","greater","within 90 minutes / 90-minute response","90-minute response for urgent call-outs across greater regions. | For Leonay, emergency call-outs use 90-minute emergency response; call for unsafe faults, or send photos and details for planned work. | Urgent help for partial power loss and hot outlets and tripping circuits, damaged wiring and business-critical faults in Leonay, with 90-minute emergency response. | Emergency call-outs in this region use 90-minute emergency response.","90","no","Current response-time wording matches the current region classification.","Keep current greater classification","no"
"Western Sydney & Nepean","Penrith","Llandilo","2747","/service-areas/western-sydney-and-nepean/penrith/llandilo/","greater","within 90 minutes / 90-minute response","90-minute response for urgent call-outs across greater regions. | Evaready provides 90-minute emergency response for emergency call-outs in this region. | Urgent help for partial power loss and hot outlets and tripping circuits, damaged wiring and business-critical faults in Llandilo, with 90-minute emergency response. | Emergency call-outs in this region use 90-minute emergency response.","90","no","Current response-time wording matches the current region classification.","Keep current greater classification","no"
"Western Sydney & Nepean","Penrith","Londonderry","2753","/service-areas/western-sydney-and-nepean/penrith/londonderry/","greater","within 90 minutes / 90-minute response","90-minute response for urgent call-outs across greater regions. | Evaready provides 90-minute emergency response for emergency call-outs in this region. | Urgent help for partial power loss and hot outlets and tripping circuits, damaged wiring and business-critical faults in Londonderry, with 90-minute emergency response. | Emergency call-outs in this region use 90-minute emergency response.","90","no","Current response-time wording matches the current region classification.","Keep current greater classification","no"
"Western Sydney & Nepean","Penrith","Mount Vernon","2178","/service-areas/western-sydney-and-nepean/penrith/mount-vernon/","greater","within 90 minutes / 90-minute response","90-minute response for urgent call-outs across greater regions. | Urgent help for partial power loss and hot outlets and tripping circuits, damaged wiring and business-critical faults in Mount Vernon, with 90-minute emergency response. | Emergency call-outs in this region use 90-minute emergency response.","90","no","Current response-time wording matches the current region classification.","Keep current greater classification","no"
"Western Sydney & Nepean","Penrith","Mulgoa","2745","/service-areas/western-sydney-and-nepean/penrith/mulgoa/","greater","within 90 minutes / 90-minute response","90-minute response for urgent call-outs across greater regions. | Evaready provides 90-minute emergency response for emergency call-outs in this region. | Urgent help for partial power loss and hot outlets and tripping circuits, damaged wiring and business-critical faults in Mulgoa, with 90-minute emergency response. | Emergency call-outs in this region use 90-minute emergency response.","90","no","Current response-time wording matches the current region classification.","Keep current greater classification","no"
"Western Sydney & Nepean","Penrith","North St Marys","2760","/service-areas/western-sydney-and-nepean/penrith/north-st-marys/","greater","within 90 minutes / 90-minute response","90-minute response for urgent call-outs across greater regions. | Evaready provides 90-minute emergency response for emergency call-outs in this region. | Urgent help for partial power loss and hot outlets and tripping circuits, damaged wiring and business-critical faults in North St Marys, with 90-minute emergency response. | Emergency call-outs in this region use 90-minute emergency response.","90","no","Current response-time wording matches the current region classification.","Keep current greater classification","no"
"Western Sydney & Nepean","Penrith","Orchard Hills","2748","/service-areas/western-sydney-and-nepean/penrith/orchard-hills/","greater","within 90 minutes / 90-minute response","90-minute response for urgent call-outs across greater regions. | Evaready provides 90-minute emergency response for emergency call-outs in this region. | Urgent help for partial power loss and hot outlets and tripping circuits, damaged wiring and business-critical faults in Orchard Hills, with 90-minute emergency response. | Emergency call-outs in this region use 90-minute emergency response.","90","no","Current response-time wording matches the current region classification.","Keep current greater classification","no"
"Western Sydney & Nepean","Penrith","Oxley Park","2760","/service-areas/western-sydney-and-nepean/penrith/oxley-park/","greater","within 90 minutes / 90-minute response","90-minute response for urgent call-outs across greater regions. | For Oxley Park, emergency call-outs use 90-minute emergency response; call for unsafe faults, or send photos and details for planned work. | Urgent help for partial power loss and hot outlets and tripping circuits, damaged wiring and business-critical faults in Oxley Park, with 90-minute emergency response. | Emergency call-outs in this region use 90-minute emergency response.","90","no","Current response-time wording matches the current region classification.","Keep current greater classification","no"
"Western Sydney & Nepean","Penrith","Penrith","2750","/service-areas/western-sydney-and-nepean/penrith/penrith/","greater","within 90 minutes / 90-minute response","90-minute response for urgent call-outs across greater regions. | Urgent help for partial power loss and hot outlets and tripping circuits, damaged wiring and business-critical faults in Penrith, with 90-minute emergency response. | Emergency call-outs in this region use 90-minute emergency response.","90","no","Current response-time wording matches the current region classification.","Keep current greater classification","no"
"Western Sydney & Nepean","Penrith","Regentville","2745","/service-areas/western-sydney-and-nepean/penrith/regentville/","greater","within 90 minutes / 90-minute response","90-minute response for urgent call-outs across greater regions. | For Regentville, emergency call-outs use 90-minute emergency response; call for unsafe faults, or send photos and details for planned work. | Urgent help for partial power loss and hot outlets and tripping circuits, damaged wiring and business-critical faults in Regentville, with 90-minute emergency response. | Emergency call-outs in this region use 90-minute emergency response.","90","no","Current response-time wording matches the current region classification.","Keep current greater classification","no"
"Western Sydney & Nepean","Penrith","South Penrith","2750","/service-areas/western-sydney-and-nepean/penrith/south-penrith/","greater","within 90 minutes / 90-minute response","90-minute response for urgent call-outs across greater regions. | For South Penrith, emergency call-outs use 90-minute emergency response; call for unsafe faults, or send photos and details for planned work. | Urgent help for partial power loss and hot outlets and tripping circuits, damaged wiring and business-critical faults in South Penrith, with 90-minute emergency response. | Emergency call-outs in this region use 90-minute emergency response.","90","no","Current response-time wording matches the current region classification.","Keep current greater classification","no"
"Western Sydney & Nepean","Penrith","St Clair","2759","/service-areas/western-sydney-and-nepean/penrith/st-clair/","greater","within 90 minutes / 90-minute response","90-minute response for urgent call-outs across greater regions. | Urgent help for partial power loss and hot outlets and tripping circuits, damaged wiring and business-critical faults in St Clair, with 90-minute emergency response. | Emergency call-outs in this region use 90-minute emergency response.","90","no","Current response-time wording matches the current region classification.","Keep current greater classification","no"
"Western Sydney & Nepean","Penrith","St Marys","2760","/service-areas/western-sydney-and-nepean/penrith/st-marys/","greater","within 90 minutes / 90-minute response","90-minute response for urgent call-outs across greater regions. | Evaready provides 90-minute emergency response for emergency call-outs in this region. | Urgent help for partial power loss and hot outlets and tripping circuits, damaged wiring and business-critical faults in St Marys, with 90-minute emergency response. | Emergency call-outs in this region use 90-minute emergency response.","90","no","Current response-time wording matches the current region classification.","Keep current greater classification","no"
"Western Sydney & Nepean","Penrith","Werrington","2747","/service-areas/western-sydney-and-nepean/penrith/werrington/","greater","within 90 minutes / 90-minute response","90-minute response for urgent call-outs across greater regions. | For Werrington, emergency call-outs use 90-minute emergency response; call for unsafe faults, or send photos and details for planned work. | Urgent help for partial power loss and hot outlets and tripping circuits, damaged wiring and business-critical faults in Werrington, with 90-minute emergency response. | Emergency call-outs in this region use 90-minute emergency response.","90","no","Current response-time wording matches the current region classification.","Keep current greater classification","no"
"Western Sydney & Nepean","Penrith","Werrington County","2747","/service-areas/western-sydney-and-nepean/penrith/werrington-county/","greater","within 90 minutes / 90-minute response","90-minute response for urgent call-outs across greater regions. | For Werrington County, emergency call-outs use 90-minute emergency response; call for unsafe faults, or send photos and details for planned work. | Urgent help for partial power loss and hot outlets and tripping circuits, damaged wiring and business-critical faults in Werrington County, with 90-minute emergency response. | Emergency call-outs in this region use 90-minute emergency response.","90","no","Current response-time wording matches the current region classification.","Keep current greater classification","no"
"Western Sydney & Nepean","Penrith","Werrington Downs","2747","/service-areas/western-sydney-and-nepean/penrith/werrington-downs/","greater","within 90 minutes / 90-minute response","90-minute response for urgent call-outs across greater regions. | Urgent help for partial power loss and hot outlets and tripping circuits, damaged wiring and business-critical faults in Werrington Downs, with 90-minute emergency response. | Emergency call-outs in this region use 90-minute emergency response.","90","no","Current response-time wording matches the current region classification.","Keep current greater classification","no"
"Hills, Hawkesbury & Hornsby","Hawkesbury","Agnes Banks","2753","/service-areas/hills-hawkesbury-and-hornsby/hawkesbury/agnes-banks/","greater","within 90 minutes / 90-minute response","90-minute response for urgent call-outs across greater regions. | For Agnes Banks, emergency call-outs use 90-minute emergency response; call for unsafe faults, or send photos and details for planned work. | Urgent help for storm damage, power loss, tripping safety switches, unsafe outdoor circuits and fallen-line concerns in Agnes Banks, with 90-minute emergency response. | Emergency call-outs in this region use 90-minute emergency response.","90","no","Current response-time wording matches the current region classification.","Keep current greater classification","no"
"Hills, Hawkesbury & Hornsby","Hawkesbury","Bilpin","2758","/service-areas/hills-hawkesbury-and-hornsby/hawkesbury/bilpin/","greater","within 90 minutes / 90-minute response","90-minute response for urgent call-outs across greater regions. | Evaready provides 90-minute emergency response for emergency call-outs in this region. | Urgent help for storm damage, power loss, tripping safety switches, unsafe outdoor circuits and fallen-line concerns in Bilpin, with 90-minute emergency response. | Emergency call-outs in this region use 90-minute emergency response.","90","no","Current response-time wording matches the current region classification.","Keep current greater classification","no"
"Hills, Hawkesbury & Hornsby","Hawkesbury","Blaxlands Ridge","2758","/service-areas/hills-hawkesbury-and-hornsby/hawkesbury/blaxlands-ridge/","greater","within 90 minutes / 90-minute response","90-minute response for urgent call-outs across greater regions. | Evaready provides 90-minute emergency response for emergency call-outs in this region. | Urgent help for storm damage, power loss, tripping safety switches, unsafe outdoor circuits and fallen-line concerns in Blaxlands Ridge, with 90-minute emergency response. | Emergency call-outs in this region use 90-minute emergency response.","90","no","Current response-time wording matches the current region classification.","Keep current greater classification","no"
"Hills, Hawkesbury & Hornsby","Hawkesbury","Bligh Park","2756","/service-areas/hills-hawkesbury-and-hornsby/hawkesbury/bligh-park/","greater","within 90 minutes / 90-minute response","90-minute response for urgent call-outs across greater regions. | Urgent help for storm damage, power loss, tripping safety switches, unsafe outdoor circuits and fallen-line concerns in Bligh Park, with 90-minute emergency response. | Emergency call-outs in this region use 90-minute emergency response.","90","no","Current response-time wording matches the current region classification.","Keep current greater classification","no"
"Hills, Hawkesbury & Hornsby","Hawkesbury","Bowen Mountain","2753","/service-areas/hills-hawkesbury-and-hornsby/hawkesbury/bowen-mountain/","greater","within 90 minutes / 90-minute response","90-minute response for urgent call-outs across greater regions. | Evaready provides 90-minute emergency response for emergency call-outs in this region. | Urgent help for storm damage, power loss, tripping safety switches, unsafe outdoor circuits and fallen-line concerns in Bowen Mountain, with 90-minute emergency response. | Emergency call-outs in this region use 90-minute emergency response.","90","no","Current response-time wording matches the current region classification.","Keep current greater classification","no"
"Hills, Hawkesbury & Hornsby","Hawkesbury","Clarendon","2756","/service-areas/hills-hawkesbury-and-hornsby/hawkesbury/clarendon/","greater","within 90 minutes / 90-minute response","90-minute response for urgent call-outs across greater regions. | Evaready provides 90-minute emergency response for emergency call-outs in this region. | Urgent help for storm damage, power loss, tripping safety switches, unsafe outdoor circuits and fallen-line concerns in Clarendon, with 90-minute emergency response. | Emergency call-outs in this region use 90-minute emergency response.","90","no","Current response-time wording matches the current region classification.","Keep current greater classification","no"
"Hills, Hawkesbury & Hornsby","Hawkesbury","Cornwallis","2756","/service-areas/hills-hawkesbury-and-hornsby/hawkesbury/cornwallis/","greater","within 90 minutes / 90-minute response","90-minute response for urgent call-outs across greater regions. | Urgent help for storm damage, power loss, tripping safety switches, unsafe outdoor circuits and fallen-line concerns in Cornwallis, with 90-minute emergency response. | Emergency call-outs in this region use 90-minute emergency response.","90","no","Current response-time wording matches the current region classification.","Keep current greater classification","no"
"Hills, Hawkesbury & Hornsby","Hawkesbury","Cumberland Reach","2756","/service-areas/hills-hawkesbury-and-hornsby/hawkesbury/cumberland-reach/","greater","within 90 minutes / 90-minute response","90-minute response for urgent call-outs across greater regions. | Evaready provides 90-minute emergency response for emergency call-outs in this region. | Urgent help for storm damage, power loss, tripping safety switches, unsafe outdoor circuits and fallen-line concerns in Cumberland Reach, with 90-minute emergency response. | Emergency call-outs in this region use 90-minute emergency response.","90","no","Current response-time wording matches the current region classification.","Keep current greater classification","no"
"Hills, Hawkesbury & Hornsby","Hawkesbury","East Kurrajong","2758","/service-areas/hills-hawkesbury-and-hornsby/hawkesbury/east-kurrajong/","greater","within 90 minutes / 90-minute response","90-minute response for urgent call-outs across greater regions. | Urgent help for storm damage, power loss, tripping safety switches, unsafe outdoor circuits and fallen-line concerns in East Kurrajong, with 90-minute emergency response. | Emergency call-outs in this region use 90-minute emergency response.","90","no","Current response-time wording matches the current region classification.","Keep current greater classification","no"
"Hills, Hawkesbury & Hornsby","Hawkesbury","Ebenezer","2756","/service-areas/hills-hawkesbury-and-hornsby/hawkesbury/ebenezer/","greater","within 90 minutes / 90-minute response","90-minute response for urgent call-outs across greater regions. | For Ebenezer, emergency call-outs use 90-minute emergency response; call for unsafe faults, or send photos and details for planned work. | Urgent help for storm damage, power loss, tripping safety switches, unsafe outdoor circuits and fallen-line concerns in Ebenezer, with 90-minute emergency response. | Emergency call-outs in this region use 90-minute emergency response.","90","no","Current response-time wording matches the current region classification.","Keep current greater classification","no"
"Hills, Hawkesbury & Hornsby","Hawkesbury","Freemans Reach","2756","/service-areas/hills-hawkesbury-and-hornsby/hawkesbury/freemans-reach/","greater","within 90 minutes / 90-minute response","90-minute response for urgent call-outs across greater regions. | For Freemans Reach, emergency call-outs use 90-minute emergency response; call for unsafe faults, or send photos and details for planned work. | Urgent help for storm damage, power loss, tripping safety switches, unsafe outdoor circuits and fallen-line concerns in Freemans Reach, with 90-minute emergency response. | Emergency call-outs in this region use 90-minute emergency response.","90","no","Current response-time wording matches the current region classification.","Keep current greater classification","no"
"Hills, Hawkesbury & Hornsby","Hawkesbury","Glossodia","2756","/service-areas/hills-hawkesbury-and-hornsby/hawkesbury/glossodia/","greater","within 90 minutes / 90-minute response","90-minute response for urgent call-outs across greater regions. | Evaready provides 90-minute emergency response for emergency call-outs in this region. | Urgent help for storm damage, power loss, tripping safety switches, unsafe outdoor circuits and fallen-line concerns in Glossodia, with 90-minute emergency response. | Emergency call-outs in this region use 90-minute emergency response.","90","no","Current response-time wording matches the current region classification.","Keep current greater classification","no"
"Hills, Hawkesbury & Hornsby","Hawkesbury","Grose Vale","2753","/service-areas/hills-hawkesbury-and-hornsby/hawkesbury/grose-vale/","greater","within 90 minutes / 90-minute response","90-minute response for urgent call-outs across greater regions. | Urgent help for storm damage, power loss, tripping safety switches, unsafe outdoor circuits and fallen-line concerns in Grose Vale, with 90-minute emergency response. | Emergency call-outs in this region use 90-minute emergency response.","90","no","Current response-time wording matches the current region classification.","Keep current greater classification","no"
"Hills, Hawkesbury & Hornsby","Hawkesbury","Grose Wold","2753","/service-areas/hills-hawkesbury-and-hornsby/hawkesbury/grose-wold/","greater","within 90 minutes / 90-minute response","90-minute response for urgent call-outs across greater regions. | Urgent help for storm damage, power loss, tripping safety switches, unsafe outdoor circuits and fallen-line concerns in Grose Wold, with 90-minute emergency response. | Emergency call-outs in this region use 90-minute emergency response.","90","no","Current response-time wording matches the current region classification.","Keep current greater classification","no"
"Hills, Hawkesbury & Hornsby","Hawkesbury","Hobartville","2753","/service-areas/hills-hawkesbury-and-hornsby/hawkesbury/hobartville/","greater","within 90 minutes / 90-minute response","90-minute response for urgent call-outs across greater regions. | For Hobartville, emergency call-outs use 90-minute emergency response; call for unsafe faults, or send photos and details for planned work. | Urgent help for storm damage, power loss, tripping safety switches, unsafe outdoor circuits and fallen-line concerns in Hobartville, with 90-minute emergency response. | Emergency call-outs in this region use 90-minute emergency response.","90","no","Current response-time wording matches the current region classification.","Keep current greater classification","no"
"Hills, Hawkesbury & Hornsby","Hawkesbury","Kurmond","2757","/service-areas/hills-hawkesbury-and-hornsby/hawkesbury/kurmond/","greater","within 90 minutes / 90-minute response","90-minute response for urgent call-outs across greater regions. | Urgent help for storm damage, power loss, tripping safety switches, unsafe outdoor circuits and fallen-line concerns in Kurmond, with 90-minute emergency response. | Emergency call-outs in this region use 90-minute emergency response.","90","no","Current response-time wording matches the current region classification.","Keep current greater classification","no"
"Hills, Hawkesbury & Hornsby","Hawkesbury","Kurrajong","2758","/service-areas/hills-hawkesbury-and-hornsby/hawkesbury/kurrajong/","greater","within 90 minutes / 90-minute response","90-minute response for urgent call-outs across greater regions. | For Kurrajong, emergency call-outs use 90-minute emergency response; call for unsafe faults, or send photos and details for planned work. | Urgent help for storm damage, power loss, tripping safety switches, unsafe outdoor circuits and fallen-line concerns in Kurrajong, with 90-minute emergency response. | Emergency call-outs in this region use 90-minute emergency response.","90","no","Current response-time wording matches the current region classification.","Keep current greater classification","no"
"Hills, Hawkesbury & Hornsby","Hawkesbury","Kurrajong Heights","2758","/service-areas/hills-hawkesbury-and-hornsby/hawkesbury/kurrajong-heights/","greater","within 90 minutes / 90-minute response","90-minute response for urgent call-outs across greater regions. | For Kurrajong Heights, emergency call-outs use 90-minute emergency response; call for unsafe faults, or send photos and details for planned work. | Evaready provides 90-minute emergency response for emergency call-outs in this region. | Urgent help for storm damage, power loss, tripping safety switches, unsafe outdoor circuits and fallen-line concerns in Kurrajong Heights, with 90-minute emergency response.","90","no","Current response-time wording matches the current region classification.","Keep current greater classification","no"
"Hills, Hawkesbury & Hornsby","Hawkesbury","Kurrajong Hills","2758","/service-areas/hills-hawkesbury-and-hornsby/hawkesbury/kurrajong-hills/","greater","within 90 minutes / 90-minute response","90-minute response for urgent call-outs across greater regions. | Urgent help for storm damage, power loss, tripping safety switches, unsafe outdoor circuits and fallen-line concerns in Kurrajong Hills, with 90-minute emergency response. | Emergency call-outs in this region use 90-minute emergency response.","90","no","Current response-time wording matches the current region classification.","Keep current greater classification","no"
"Hills, Hawkesbury & Hornsby","Hawkesbury","McGraths Hill","2756","/service-areas/hills-hawkesbury-and-hornsby/hawkesbury/mcgraths-hill/","greater","within 90 minutes / 90-minute response","90-minute response for urgent call-outs across greater regions. | Evaready provides 90-minute emergency response for emergency call-outs in this region. | Urgent help for storm damage, power loss, tripping safety switches, unsafe outdoor circuits and fallen-line concerns in McGraths Hill, with 90-minute emergency response. | Emergency call-outs in this region use 90-minute emergency response.","90","no","Current response-time wording matches the current region classification.","Keep current greater classification","no"
"Hills, Hawkesbury & Hornsby","Hawkesbury","Mulgrave","2756","/service-areas/hills-hawkesbury-and-hornsby/hawkesbury/mulgrave/","greater","within 90 minutes / 90-minute response","90-minute response for urgent call-outs across greater regions. | For Mulgrave, emergency call-outs use 90-minute emergency response; call for unsafe faults, or send photos and details for planned work. | Urgent help for storm damage, power loss, tripping safety switches, unsafe outdoor circuits and fallen-line concerns in Mulgrave, with 90-minute emergency response. | Emergency call-outs in this region use 90-minute emergency response.","90","no","Current response-time wording matches the current region classification.","Keep current greater classification","no"
"Hills, Hawkesbury & Hornsby","Hawkesbury","North Richmond","2754","/service-areas/hills-hawkesbury-and-hornsby/hawkesbury/north-richmond/","greater","within 90 minutes / 90-minute response","90-minute response for urgent call-outs across greater regions. | Evaready provides 90-minute emergency response for emergency call-outs in this region. | Urgent help for storm damage, power loss, tripping safety switches, unsafe outdoor circuits and fallen-line concerns in North Richmond, with 90-minute emergency response. | Emergency call-outs in this region use 90-minute emergency response.","90","no","Current response-time wording matches the current region classification.","Keep current greater classification","no"
"Hills, Hawkesbury & Hornsby","Hawkesbury","Oakville","2765","/service-areas/hills-hawkesbury-and-hornsby/hawkesbury/oakville/","greater","within 90 minutes / 90-minute response","90-minute response for urgent call-outs across greater regions. | For Oakville, emergency call-outs use 90-minute emergency response; call for unsafe faults, or send photos and details for planned work. | Urgent help for storm damage, power loss, tripping safety switches, unsafe outdoor circuits and fallen-line concerns in Oakville, with 90-minute emergency response. | Emergency call-outs in this region use 90-minute emergency response.","90","no","Current response-time wording matches the current region classification.","Keep current greater classification","no"
"Hills, Hawkesbury & Hornsby","Hawkesbury","Pitt Town","2756","/service-areas/hills-hawkesbury-and-hornsby/hawkesbury/pitt-town/","greater","within 90 minutes / 90-minute response","90-minute response for urgent call-outs across greater regions. | Evaready provides 90-minute emergency response for emergency call-outs in this region. | Urgent help for storm damage, power loss, tripping safety switches, unsafe outdoor circuits and fallen-line concerns in Pitt Town, with 90-minute emergency response. | Emergency call-outs in this region use 90-minute emergency response.","90","no","Current response-time wording matches the current region classification.","Keep current greater classification","no"
"Hills, Hawkesbury & Hornsby","Hawkesbury","Pitt Town Bottoms","2756","/service-areas/hills-hawkesbury-and-hornsby/hawkesbury/pitt-town-bottoms/","greater","within 90 minutes / 90-minute response","90-minute response for urgent call-outs across greater regions. | Urgent help for storm damage, power loss, tripping safety switches, unsafe outdoor circuits and fallen-line concerns in Pitt Town Bottoms, with 90-minute emergency response. | Emergency call-outs in this region use 90-minute emergency response.","90","no","Current response-time wording matches the current region classification.","Keep current greater classification","no"
"Hills, Hawkesbury & Hornsby","Hawkesbury","Richmond","2753","/service-areas/hills-hawkesbury-and-hornsby/hawkesbury/richmond/","greater","within 90 minutes / 90-minute response","90-minute response for urgent call-outs across greater regions. | Urgent help for storm damage, power loss, tripping safety switches, unsafe outdoor circuits and fallen-line concerns in Richmond, with 90-minute emergency response. | Emergency call-outs in this region use 90-minute emergency response.","90","no","Current response-time wording matches the current region classification.","Keep current greater classification","no"
"Hills, Hawkesbury & Hornsby","Hawkesbury","Richmond Lowlands","2753","/service-areas/hills-hawkesbury-and-hornsby/hawkesbury/richmond-lowlands/","greater","within 90 minutes / 90-minute response","90-minute response for urgent call-outs across greater regions. | Urgent help for storm damage, power loss, tripping safety switches, unsafe outdoor circuits and fallen-line concerns in Richmond Lowlands, with 90-minute emergency response. | Emergency call-outs in this region use 90-minute emergency response.","90","no","Current response-time wording matches the current region classification.","Keep current greater classification","no"
"Hills, Hawkesbury & Hornsby","Hawkesbury","Sackville","2756","/service-areas/hills-hawkesbury-and-hornsby/hawkesbury/sackville/","greater","within 90 minutes / 90-minute response","90-minute response for urgent call-outs across greater regions. | For Sackville, emergency call-outs use 90-minute emergency response; call for unsafe faults, or send photos and details for planned work. | Urgent help for storm damage, power loss, tripping safety switches, unsafe outdoor circuits and fallen-line concerns in Sackville, with 90-minute emergency response. | Emergency call-outs in this region use 90-minute emergency response.","90","no","Current response-time wording matches the current region classification.","Keep current greater classification","no"
"Hills, Hawkesbury & Hornsby","Hawkesbury","Scheyville","2756","/service-areas/hills-hawkesbury-and-hornsby/hawkesbury/scheyville/","greater","within 90 minutes / 90-minute response","90-minute response for urgent call-outs across greater regions. | Urgent help for storm damage, power loss, tripping safety switches, unsafe outdoor circuits and fallen-line concerns in Scheyville, with 90-minute emergency response. | Emergency call-outs in this region use 90-minute emergency response.","90","no","Current response-time wording matches the current region classification.","Keep current greater classification","no"
"Hills, Hawkesbury & Hornsby","Hawkesbury","South Windsor","2756","/service-areas/hills-hawkesbury-and-hornsby/hawkesbury/south-windsor/","greater","within 90 minutes / 90-minute response","90-minute response for urgent call-outs across greater regions. | For South Windsor, emergency call-outs use 90-minute emergency response; call for unsafe faults, or send photos and details for planned work. | Evaready provides 90-minute emergency response for emergency call-outs in this region. | Urgent help for storm damage, power loss, tripping safety switches, unsafe outdoor circuits and fallen-line concerns in South Windsor, with 90-minute emergency response.","90","no","Current response-time wording matches the current region classification.","Keep current greater classification","no"
"Hills, Hawkesbury & Hornsby","Hawkesbury","Tennyson","2754","/service-areas/hills-hawkesbury-and-hornsby/hawkesbury/tennyson/","greater","within 90 minutes / 90-minute response","90-minute response for urgent call-outs across greater regions. | Evaready provides 90-minute emergency response for emergency call-outs in this region. | Urgent help for storm damage, power loss, tripping safety switches, unsafe outdoor circuits and fallen-line concerns in Tennyson, with 90-minute emergency response. | Emergency call-outs in this region use 90-minute emergency response.","90","no","Current response-time wording matches the current region classification.","Keep current greater classification","no"
"Hills, Hawkesbury & Hornsby","Hawkesbury","The Slopes","2754","/service-areas/hills-hawkesbury-and-hornsby/hawkesbury/the-slopes/","greater","within 90 minutes / 90-minute response","90-minute response for urgent call-outs across greater regions. | For The Slopes, emergency call-outs use 90-minute emergency response; call for unsafe faults, or send photos and details for planned work. | Urgent help for storm damage, power loss, tripping safety switches, unsafe outdoor circuits and fallen-line concerns in The Slopes, with 90-minute emergency response. | Emergency call-outs in this region use 90-minute emergency response.","90","no","Current response-time wording matches the current region classification.","Keep current greater classification","no"
"Hills, Hawkesbury & Hornsby","Hawkesbury","Vineyard","2765","/service-areas/hills-hawkesbury-and-hornsby/hawkesbury/vineyard/","greater","within 90 minutes / 90-minute response","90-minute response for urgent call-outs across greater regions. | Urgent help for storm damage, power loss, tripping safety switches, unsafe outdoor circuits and fallen-line concerns in Vineyard, with 90-minute emergency response. | Emergency call-outs in this region use 90-minute emergency response.","90","no","Current response-time wording matches the current region classification.","Keep current greater classification","no"
"Hills, Hawkesbury & Hornsby","Hawkesbury","Wheeny Creek","2758","/service-areas/hills-hawkesbury-and-hornsby/hawkesbury/wheeny-creek/","greater","within 90 minutes / 90-minute response","90-minute response for urgent call-outs across greater regions. | Urgent help for storm damage, power loss, tripping safety switches, unsafe outdoor circuits and fallen-line concerns in Wheeny Creek, with 90-minute emergency response. | Emergency call-outs in this region use 90-minute emergency response.","90","no","Current response-time wording matches the current region classification.","Keep current greater classification","no"
"Hills, Hawkesbury & Hornsby","Hawkesbury","Wilberforce","2756","/service-areas/hills-hawkesbury-and-hornsby/hawkesbury/wilberforce/","greater","within 90 minutes / 90-minute response","90-minute response for urgent call-outs across greater regions. | Evaready provides 90-minute emergency response for emergency call-outs in this region. | Urgent help for storm damage, power loss, tripping safety switches, unsafe outdoor circuits and fallen-line concerns in Wilberforce, with 90-minute emergency response. | Emergency call-outs in this region use 90-minute emergency response.","90","no","Current response-time wording matches the current region classification.","Keep current greater classification","no"
"Hills, Hawkesbury & Hornsby","Hawkesbury","Windsor","2756","/service-areas/hills-hawkesbury-and-hornsby/hawkesbury/windsor/","greater","within 90 minutes / 90-minute response","90-minute response for urgent call-outs across greater regions. | Urgent help for storm damage, power loss, tripping safety switches, unsafe outdoor circuits and fallen-line concerns in Windsor, with 90-minute emergency response. | Emergency call-outs in this region use 90-minute emergency response.","90","no","Current response-time wording matches the current region classification.","Keep current greater classification","no"
"Hills, Hawkesbury & Hornsby","Hawkesbury","Windsor Downs","2756","/service-areas/hills-hawkesbury-and-hornsby/hawkesbury/windsor-downs/","greater","within 90 minutes / 90-minute response","90-minute response for urgent call-outs across greater regions. | Urgent help for storm damage, power loss, tripping safety switches, unsafe outdoor circuits and fallen-line concerns in Windsor Downs, with 90-minute emergency response. | Emergency call-outs in this region use 90-minute emergency response.","90","no","Current response-time wording matches the current region classification.","Keep current greater classification","no"
"Hills, Hawkesbury & Hornsby","Hawkesbury","Yarramundi","2753","/service-areas/hills-hawkesbury-and-hornsby/hawkesbury/yarramundi/","greater","within 90 minutes / 90-minute response","90-minute response for urgent call-outs across greater regions. | Evaready provides 90-minute emergency response for emergency call-outs in this region. | Urgent help for storm damage, power loss, tripping safety switches, unsafe outdoor circuits and fallen-line concerns in Yarramundi, with 90-minute emergency response. | Emergency call-outs in this region use 90-minute emergency response.","90","no","Current response-time wording matches the current region classification.","Keep current greater classification","no"
"Hills, Hawkesbury & Hornsby","Hills District","Annangrove","2156","/service-areas/hills-hawkesbury-and-hornsby/hills-district/annangrove/","greater","within 90 minutes / 90-minute response","90-minute response for urgent call-outs across greater regions. | Evaready provides 90-minute emergency response for emergency call-outs in this region. | Urgent help for storm damage, power loss, tripping safety switches, unsafe outdoor circuits and fallen-line concerns in Annangrove, with 90-minute emergency response. | Emergency call-outs in this region use 90-minute emergency response.","90","yes","Hills District suburb is currently greater-region wording and should be owner-reviewed for possible 60-minute coverage.","Owner review: possible 60-minute core override","yes"
"Hills, Hawkesbury & Hornsby","Hills District","Baulkham Hills","2153","/service-areas/hills-hawkesbury-and-hornsby/hills-district/baulkham-hills/","greater","within 90 minutes / 90-minute response","90-minute response for urgent call-outs across greater regions. | Urgent help for storm damage, power loss, tripping safety switches, unsafe outdoor circuits and fallen-line concerns in Baulkham Hills, with 90-minute emergency response. | Emergency call-outs in this region use 90-minute emergency response.","90","yes","Hills District suburb is currently greater-region wording and should be owner-reviewed for possible 60-minute coverage.","Owner review: possible 60-minute core override","yes"
"Hills, Hawkesbury & Hornsby","Hills District","Beaumont Hills","2155","/service-areas/hills-hawkesbury-and-hornsby/hills-district/beaumont-hills/","greater","within 90 minutes / 90-minute response","90-minute response for urgent call-outs across greater regions. | For Beaumont Hills, emergency call-outs use 90-minute emergency response; call for unsafe faults, or send photos and details for planned work. | Urgent help for storm damage, power loss, tripping safety switches, unsafe outdoor circuits and fallen-line concerns in Beaumont Hills, with 90-minute emergency response. | Emergency call-outs in this region use 90-minute emergency response.","90","yes","Hills District suburb is currently greater-region wording and should be owner-reviewed for possible 60-minute coverage.","Owner review: possible 60-minute core override","yes"
"Hills, Hawkesbury & Hornsby","Hills District","Bella Vista","2153","/service-areas/hills-hawkesbury-and-hornsby/hills-district/bella-vista/","greater","within 90 minutes / 90-minute response","90-minute response for urgent call-outs across greater regions. | Evaready provides 90-minute emergency response for emergency call-outs in this region. | Urgent help for storm damage, power loss, tripping safety switches, unsafe outdoor circuits and fallen-line concerns in Bella Vista, with 90-minute emergency response. | Emergency call-outs in this region use 90-minute emergency response.","90","yes","Hills District suburb is currently greater-region wording and should be owner-reviewed for possible 60-minute coverage.","Owner review: possible 60-minute core override","yes"
"Hills, Hawkesbury & Hornsby","Hills District","Box Hill","2765","/service-areas/hills-hawkesbury-and-hornsby/hills-district/box-hill/","greater","within 90 minutes / 90-minute response","90-minute response for urgent call-outs across greater regions. | For Box Hill, emergency call-outs use 90-minute emergency response; call for unsafe faults, or send photos and details for planned work. | Urgent help for storm damage, power loss, tripping safety switches, unsafe outdoor circuits and fallen-line concerns in Box Hill, with 90-minute emergency response. | Emergency call-outs in this region use 90-minute emergency response.","90","yes","Hills District suburb is currently greater-region wording and should be owner-reviewed for possible 60-minute coverage.","Owner review: possible 60-minute core override","yes"
"Hills, Hawkesbury & Hornsby","Hills District","Castle Hill","2154","/service-areas/hills-hawkesbury-and-hornsby/hills-district/castle-hill/","greater","within 90 minutes / 90-minute response","90-minute response for urgent call-outs across greater regions. | Evaready provides 90-minute emergency response for emergency call-outs in this region. | Urgent help for storm damage, power loss, tripping safety switches, unsafe outdoor circuits and fallen-line concerns in Castle Hill, with 90-minute emergency response. | Emergency call-outs in this region use 90-minute emergency response.","90","yes","Hills District suburb is currently greater-region wording and should be owner-reviewed for possible 60-minute coverage.","Owner review: possible 60-minute core override","yes"
"Hills, Hawkesbury & Hornsby","Hills District","Cattai","2756","/service-areas/hills-hawkesbury-and-hornsby/hills-district/cattai/","greater","within 90 minutes / 90-minute response","90-minute response for urgent call-outs across greater regions. | Urgent help for storm damage, power loss, tripping safety switches, unsafe outdoor circuits and fallen-line concerns in Cattai, with 90-minute emergency response. | Emergency call-outs in this region use 90-minute emergency response.","90","yes","Hills District suburb is currently greater-region wording and should be owner-reviewed for possible 60-minute coverage.","Owner review: possible 60-minute core override","yes"
"Hills, Hawkesbury & Hornsby","Hills District","Dural","2158","/service-areas/hills-hawkesbury-and-hornsby/hills-district/dural/","greater","within 90 minutes / 90-minute response","90-minute response for urgent call-outs across greater regions. | For Dural, emergency call-outs use 90-minute emergency response; call for unsafe faults, or send photos and details for planned work. | Urgent help for storm damage, power loss, tripping safety switches, unsafe outdoor circuits and fallen-line concerns in Dural, with 90-minute emergency response. | Emergency call-outs in this region use 90-minute emergency response.","90","yes","Hills District suburb is currently greater-region wording and should be owner-reviewed for possible 60-minute coverage.","Owner review: possible 60-minute core override","yes"
"Hills, Hawkesbury & Hornsby","Hills District","Glenhaven","2156","/service-areas/hills-hawkesbury-and-hornsby/hills-district/glenhaven/","greater","within 90 minutes / 90-minute response","90-minute response for urgent call-outs across greater regions. | Evaready provides 90-minute emergency response for emergency call-outs in this region. | Urgent help for storm damage, power loss, tripping safety switches, unsafe outdoor circuits and fallen-line concerns in Glenhaven, with 90-minute emergency response. | Emergency call-outs in this region use 90-minute emergency response.","90","yes","Hills District suburb is currently greater-region wording and should be owner-reviewed for possible 60-minute coverage.","Owner review: possible 60-minute core override","yes"
"Hills, Hawkesbury & Hornsby","Hills District","Glenorie","2157","/service-areas/hills-hawkesbury-and-hornsby/hills-district/glenorie/","greater","within 90 minutes / 90-minute response","90-minute response for urgent call-outs across greater regions. | Evaready provides 90-minute emergency response for emergency call-outs in this region. | Urgent help for storm damage, power loss, tripping safety switches, unsafe outdoor circuits and fallen-line concerns in Glenorie, with 90-minute emergency response. | Emergency call-outs in this region use 90-minute emergency response.","90","yes","Hills District suburb is currently greater-region wording and should be owner-reviewed for possible 60-minute coverage.","Owner review: possible 60-minute core override","yes"
"Hills, Hawkesbury & Hornsby","Hills District","Kellyville","2155","/service-areas/hills-hawkesbury-and-hornsby/hills-district/kellyville/","greater","within 90 minutes / 90-minute response","90-minute response for urgent call-outs across greater regions. | Evaready provides 90-minute emergency response for emergency call-outs in this region. | Urgent help for storm damage, power loss, tripping safety switches, unsafe outdoor circuits and fallen-line concerns in Kellyville, with 90-minute emergency response. | Emergency call-outs in this region use 90-minute emergency response.","90","yes","Hills District suburb is currently greater-region wording and should be owner-reviewed for possible 60-minute coverage.","Owner review: possible 60-minute core override","yes"
"Hills, Hawkesbury & Hornsby","Hills District","Kenthurst","2156","/service-areas/hills-hawkesbury-and-hornsby/hills-district/kenthurst/","greater","within 90 minutes / 90-minute response","90-minute response for urgent call-outs across greater regions. | For Kenthurst, emergency call-outs use 90-minute emergency response; call for unsafe faults, or send photos and details for planned work. | Urgent help for storm damage, power loss, tripping safety switches, unsafe outdoor circuits and fallen-line concerns in Kenthurst, with 90-minute emergency response. | Emergency call-outs in this region use 90-minute emergency response.","90","yes","Hills District suburb is currently greater-region wording and should be owner-reviewed for possible 60-minute coverage.","Owner review: possible 60-minute core override","yes"
"Hills, Hawkesbury & Hornsby","Hills District","Lower Portland","2756","/service-areas/hills-hawkesbury-and-hornsby/hills-district/lower-portland/","greater","within 90 minutes / 90-minute response","90-minute response for urgent call-outs across greater regions. | Urgent help for storm damage, power loss, tripping safety switches, unsafe outdoor circuits and fallen-line concerns in Lower Portland, with 90-minute emergency response. | Emergency call-outs in this region use 90-minute emergency response.","90","yes","Hills District suburb is currently greater-region wording and should be owner-reviewed for possible 60-minute coverage.","Owner review: possible 60-minute core override","yes"
"Hills, Hawkesbury & Hornsby","Hills District","Maraylya","2765","/service-areas/hills-hawkesbury-and-hornsby/hills-district/maraylya/","greater","within 90 minutes / 90-minute response","90-minute response for urgent call-outs across greater regions. | For Maraylya, emergency call-outs use 90-minute emergency response; call for unsafe faults, or send photos and details for planned work. | Evaready provides 90-minute emergency response for emergency call-outs in this region. | Urgent help for storm damage, power loss, tripping safety switches, unsafe outdoor circuits and fallen-line concerns in Maraylya, with 90-minute emergency response.","90","yes","Hills District suburb is currently greater-region wording and should be owner-reviewed for possible 60-minute coverage.","Owner review: possible 60-minute core override","yes"
"Hills, Hawkesbury & Hornsby","Hills District","Maroota","2756","/service-areas/hills-hawkesbury-and-hornsby/hills-district/maroota/","greater","within 90 minutes / 90-minute response","90-minute response for urgent call-outs across greater regions. | Urgent help for storm damage, power loss, tripping safety switches, unsafe outdoor circuits and fallen-line concerns in Maroota, with 90-minute emergency response. | Emergency call-outs in this region use 90-minute emergency response.","90","yes","Hills District suburb is currently greater-region wording and should be owner-reviewed for possible 60-minute coverage.","Owner review: possible 60-minute core override","yes"
"Hills, Hawkesbury & Hornsby","Hills District","Middle Dural","2158","/service-areas/hills-hawkesbury-and-hornsby/hills-district/middle-dural/","greater","within 90 minutes / 90-minute response","90-minute response for urgent call-outs across greater regions. | Urgent help for storm damage, power loss, tripping safety switches, unsafe outdoor circuits and fallen-line concerns in Middle Dural, with 90-minute emergency response. | Emergency call-outs in this region use 90-minute emergency response.","90","yes","Hills District suburb is currently greater-region wording and should be owner-reviewed for possible 60-minute coverage.","Owner review: possible 60-minute core override","yes"
"Hills, Hawkesbury & Hornsby","Hills District","Nelson","2765","/service-areas/hills-hawkesbury-and-hornsby/hills-district/nelson/","greater","within 90 minutes / 90-minute response","90-minute response for urgent call-outs across greater regions. | Urgent help for storm damage, power loss, tripping safety switches, unsafe outdoor circuits and fallen-line concerns in Nelson, with 90-minute emergency response. | Emergency call-outs in this region use 90-minute emergency response.","90","yes","Hills District suburb is currently greater-region wording and should be owner-reviewed for possible 60-minute coverage.","Owner review: possible 60-minute core override","yes"
"Hills, Hawkesbury & Hornsby","Hills District","Rouse Hill","2155","/service-areas/hills-hawkesbury-and-hornsby/hills-district/rouse-hill/","greater","within 90 minutes / 90-minute response","90-minute response for urgent call-outs across greater regions. | Urgent help for storm damage, power loss, tripping safety switches, unsafe outdoor circuits and fallen-line concerns in Rouse Hill, with 90-minute emergency response. | Emergency call-outs in this region use 90-minute emergency response.","90","yes","Hills District suburb is currently greater-region wording and should be owner-reviewed for possible 60-minute coverage.","Owner review: possible 60-minute core override","yes"
"Hills, Hawkesbury & Hornsby","Hills District","Sackville North","2756","/service-areas/hills-hawkesbury-and-hornsby/hills-district/sackville-north/","greater","within 90 minutes / 90-minute response","90-minute response for urgent call-outs across greater regions. | Urgent help for storm damage, power loss, tripping safety switches, unsafe outdoor circuits and fallen-line concerns in Sackville North, with 90-minute emergency response. | Emergency call-outs in this region use 90-minute emergency response.","90","yes","Hills District suburb is currently greater-region wording and should be owner-reviewed for possible 60-minute coverage.","Owner review: possible 60-minute core override","yes"
"Hills, Hawkesbury & Hornsby","Hills District","South Maroota","2756","/service-areas/hills-hawkesbury-and-hornsby/hills-district/south-maroota/","greater","within 90 minutes / 90-minute response","90-minute response for urgent call-outs across greater regions. | Evaready provides 90-minute emergency response for emergency call-outs in this region. | Urgent help for storm damage, power loss, tripping safety switches, unsafe outdoor circuits and fallen-line concerns in South Maroota, with 90-minute emergency response. | Emergency call-outs in this region use 90-minute emergency response.","90","yes","Hills District suburb is currently greater-region wording and should be owner-reviewed for possible 60-minute coverage.","Owner review: possible 60-minute core override","yes"
"Hills, Hawkesbury & Hornsby","Hills District","West Pennant Hills","2125","/service-areas/hills-hawkesbury-and-hornsby/hills-district/west-pennant-hills/","greater","within 90 minutes / 90-minute response","90-minute response for urgent call-outs across greater regions. | For West Pennant Hills, emergency call-outs use 90-minute emergency response; call for unsafe faults, or send photos and details for planned work. | Urgent help for storm damage, power loss, tripping safety switches, unsafe outdoor circuits and fallen-line concerns in West Pennant Hills, with 90-minute emergency response. | Emergency call-outs in this region use 90-minute emergency response.","90","yes","Hills District suburb is currently greater-region wording and should be owner-reviewed for possible 60-minute coverage.","Owner review: possible 60-minute core override","yes"
"Hills, Hawkesbury & Hornsby","Hills District","Winston Hills","2153","/service-areas/hills-hawkesbury-and-hornsby/hills-district/winston-hills/","greater","within 90 minutes / 90-minute response","90-minute response for urgent call-outs across greater regions. | For Winston Hills, emergency call-outs use 90-minute emergency response; call for unsafe faults, or send photos and details for planned work. | Evaready provides 90-minute emergency response for emergency call-outs in this region. | Urgent help for storm damage, power loss, tripping safety switches, unsafe outdoor circuits and fallen-line concerns in Winston Hills, with 90-minute emergency response.","90","yes","Hills District suburb is currently greater-region wording and should be owner-reviewed for possible 60-minute coverage.","Owner review: possible 60-minute core override","yes"
"Hills, Hawkesbury & Hornsby","Hills District","Wisemans Ferry","2775","/service-areas/hills-hawkesbury-and-hornsby/hills-district/wisemans-ferry/","greater","within 90 minutes / 90-minute response","90-minute response for urgent call-outs across greater regions. | Urgent help for storm damage, power loss, tripping safety switches, unsafe outdoor circuits and fallen-line concerns in Wisemans Ferry, with 90-minute emergency response. | Emergency call-outs in this region use 90-minute emergency response.","90","yes","Hills District suburb is currently greater-region wording and should be owner-reviewed for possible 60-minute coverage.","Owner review: possible 60-minute core override","yes"
"Hills, Hawkesbury & Hornsby","Hornsby","Arcadia","2159","/service-areas/hills-hawkesbury-and-hornsby/hornsby/arcadia/","greater","within 90 minutes / 90-minute response","90-minute response for urgent call-outs across greater regions. | Urgent help for storm damage, power loss, tripping safety switches, unsafe outdoor circuits and fallen-line concerns in Arcadia, with 90-minute emergency response. | Emergency call-outs in this region use 90-minute emergency response.","90","yes","Hornsby-area suburb is currently greater-region wording and should be owner-reviewed for possible 60-minute coverage.","Owner review: possible 60-minute core override","yes"
"Hills, Hawkesbury & Hornsby","Hornsby","Asquith","2077","/service-areas/hills-hawkesbury-and-hornsby/hornsby/asquith/","greater","within 90 minutes / 90-minute response","90-minute response for urgent call-outs across greater regions. | Urgent help for storm damage, power loss, tripping safety switches, unsafe outdoor circuits and fallen-line concerns in Asquith, with 90-minute emergency response. | Emergency call-outs in this region use 90-minute emergency response.","90","yes","Hornsby-area suburb is currently greater-region wording and should be owner-reviewed for possible 60-minute coverage.","Owner review: possible 60-minute core override","yes"
"Hills, Hawkesbury & Hornsby","Hornsby","Beecroft","2119","/service-areas/hills-hawkesbury-and-hornsby/hornsby/beecroft/","greater","within 90 minutes / 90-minute response","90-minute response for urgent call-outs across greater regions. | Urgent help for storm damage, power loss, tripping safety switches, unsafe outdoor circuits and fallen-line concerns in Beecroft, with 90-minute emergency response. | Emergency call-outs in this region use 90-minute emergency response.","90","yes","Hornsby-area suburb is currently greater-region wording and should be owner-reviewed for possible 60-minute coverage.","Owner review: possible 60-minute core override","yes"
"Hills, Hawkesbury & Hornsby","Hornsby","Berowra","2081","/service-areas/hills-hawkesbury-and-hornsby/hornsby/berowra/","greater","within 90 minutes / 90-minute response","90-minute response for urgent call-outs across greater regions. | Urgent help for storm damage, power loss, tripping safety switches, unsafe outdoor circuits and fallen-line concerns in Berowra, with 90-minute emergency response. | Emergency call-outs in this region use 90-minute emergency response.","90","yes","Hornsby-area suburb is currently greater-region wording and should be owner-reviewed for possible 60-minute coverage.","Owner review: possible 60-minute core override","yes"
"Hills, Hawkesbury & Hornsby","Hornsby","Berowra Creek","2082","/service-areas/hills-hawkesbury-and-hornsby/hornsby/berowra-creek/","greater","within 90 minutes / 90-minute response","90-minute response for urgent call-outs across greater regions. | Evaready provides 90-minute emergency response for emergency call-outs in this region. | Urgent help for storm damage, power loss, tripping safety switches, unsafe outdoor circuits and fallen-line concerns in Berowra Creek, with 90-minute emergency response. | Emergency call-outs in this region use 90-minute emergency response.","90","yes","Hornsby-area suburb is currently greater-region wording and should be owner-reviewed for possible 60-minute coverage.","Owner review: possible 60-minute core override","yes"
"Hills, Hawkesbury & Hornsby","Hornsby","Berowra Heights","2082","/service-areas/hills-hawkesbury-and-hornsby/hornsby/berowra-heights/","greater","within 90 minutes / 90-minute response","90-minute response for urgent call-outs across greater regions. | Urgent help for storm damage, power loss, tripping safety switches, unsafe outdoor circuits and fallen-line concerns in Berowra Heights, with 90-minute emergency response. | Emergency call-outs in this region use 90-minute emergency response.","90","yes","Hornsby-area suburb is currently greater-region wording and should be owner-reviewed for possible 60-minute coverage.","Owner review: possible 60-minute core override","yes"
"Hills, Hawkesbury & Hornsby","Hornsby","Berowra Waters","2082","/service-areas/hills-hawkesbury-and-hornsby/hornsby/berowra-waters/","greater","within 90 minutes / 90-minute response","90-minute response for urgent call-outs across greater regions. | For Berowra Waters, emergency call-outs use 90-minute emergency response; call for unsafe faults, or send photos and details for planned work. | Urgent help for storm damage, power loss, tripping safety switches, unsafe outdoor circuits and fallen-line concerns in Berowra Waters, with 90-minute emergency response. | Emergency call-outs in this region use 90-minute emergency response.","90","yes","Hornsby-area suburb is currently greater-region wording and should be owner-reviewed for possible 60-minute coverage.","Owner review: possible 60-minute core override","yes"
"Hills, Hawkesbury & Hornsby","Hornsby","Berrilee","2159","/service-areas/hills-hawkesbury-and-hornsby/hornsby/berrilee/","greater","within 90 minutes / 90-minute response","90-minute response for urgent call-outs across greater regions. | Urgent help for storm damage, power loss, tripping safety switches, unsafe outdoor circuits and fallen-line concerns in Berrilee, with 90-minute emergency response. | Emergency call-outs in this region use 90-minute emergency response.","90","yes","Hornsby-area suburb is currently greater-region wording and should be owner-reviewed for possible 60-minute coverage.","Owner review: possible 60-minute core override","yes"
"Hills, Hawkesbury & Hornsby","Hornsby","Brooklyn","2083","/service-areas/hills-hawkesbury-and-hornsby/hornsby/brooklyn/","greater","within 90 minutes / 90-minute response","90-minute response for urgent call-outs across greater regions. | For Brooklyn, emergency call-outs use 90-minute emergency response; call for unsafe faults, or send photos and details for planned work. | Evaready provides 90-minute emergency response for emergency call-outs in this region. | Urgent help for storm damage, power loss, tripping safety switches, unsafe outdoor circuits and fallen-line concerns in Brooklyn, with 90-minute emergency response.","90","yes","Hornsby-area suburb is currently greater-region wording and should be owner-reviewed for possible 60-minute coverage.","Owner review: possible 60-minute core override","yes"
"Hills, Hawkesbury & Hornsby","Hornsby","Canoelands","2157","/service-areas/hills-hawkesbury-and-hornsby/hornsby/canoelands/","greater","within 90 minutes / 90-minute response","90-minute response for urgent call-outs across greater regions. | Evaready provides 90-minute emergency response for emergency call-outs in this region. | Urgent help for storm damage, power loss, tripping safety switches, unsafe outdoor circuits and fallen-line concerns in Canoelands, with 90-minute emergency response. | Emergency call-outs in this region use 90-minute emergency response.","90","yes","Hornsby-area suburb is currently greater-region wording and should be owner-reviewed for possible 60-minute coverage.","Owner review: possible 60-minute core override","yes"
"Hills, Hawkesbury & Hornsby","Hornsby","Cheltenham","2119","/service-areas/hills-hawkesbury-and-hornsby/hornsby/cheltenham/","greater","within 90 minutes / 90-minute response","90-minute response for urgent call-outs across greater regions. | Evaready provides 90-minute emergency response for emergency call-outs in this region. | Urgent help for storm damage, power loss, tripping safety switches, unsafe outdoor circuits and fallen-line concerns in Cheltenham, with 90-minute emergency response. | Emergency call-outs in this region use 90-minute emergency response.","90","yes","Hornsby-area suburb is currently greater-region wording and should be owner-reviewed for possible 60-minute coverage.","Owner review: possible 60-minute core override","yes"
"Hills, Hawkesbury & Hornsby","Hornsby","Cherrybrook","2126","/service-areas/hills-hawkesbury-and-hornsby/hornsby/cherrybrook/","greater","within 90 minutes / 90-minute response","90-minute response for urgent call-outs across greater regions. | Urgent help for storm damage, power loss, tripping safety switches, unsafe outdoor circuits and fallen-line concerns in Cherrybrook, with 90-minute emergency response. | Emergency call-outs in this region use 90-minute emergency response.","90","yes","Hornsby-area suburb is currently greater-region wording and should be owner-reviewed for possible 60-minute coverage.","Owner review: possible 60-minute core override","yes"
"Hills, Hawkesbury & Hornsby","Hornsby","Cowan","2081","/service-areas/hills-hawkesbury-and-hornsby/hornsby/cowan/","greater","within 90 minutes / 90-minute response","90-minute response for urgent call-outs across greater regions. | Evaready provides 90-minute emergency response for emergency call-outs in this region. | Urgent help for storm damage, power loss, tripping safety switches, unsafe outdoor circuits and fallen-line concerns in Cowan, with 90-minute emergency response. | Emergency call-outs in this region use 90-minute emergency response.","90","yes","Hornsby-area suburb is currently greater-region wording and should be owner-reviewed for possible 60-minute coverage.","Owner review: possible 60-minute core override","yes"
"Hills, Hawkesbury & Hornsby","Hornsby","Dangar Island","2083","/service-areas/hills-hawkesbury-and-hornsby/hornsby/dangar-island/","greater","within 90 minutes / 90-minute response","90-minute response for urgent call-outs across greater regions. | For Dangar Island, emergency call-outs use 90-minute emergency response; call for unsafe faults, or send photos and details for planned work. | Evaready provides 90-minute emergency response for emergency call-outs in this region. | Urgent help for storm damage, power loss, tripping safety switches, unsafe outdoor circuits and fallen-line concerns in Dangar Island, with 90-minute emergency response.","90","yes","Hornsby-area suburb is currently greater-region wording and should be owner-reviewed for possible 60-minute coverage.","Owner review: possible 60-minute core override","yes"
"Hills, Hawkesbury & Hornsby","Hornsby","Fiddletown","2159","/service-areas/hills-hawkesbury-and-hornsby/hornsby/fiddletown/","greater","within 90 minutes / 90-minute response","90-minute response for urgent call-outs across greater regions. | For Fiddletown, emergency call-outs use 90-minute emergency response; call for unsafe faults, or send photos and details for planned work. | Evaready provides 90-minute emergency response for emergency call-outs in this region. | Urgent help for storm damage, power loss, tripping safety switches, unsafe outdoor circuits and fallen-line concerns in Fiddletown, with 90-minute emergency response.","90","yes","Hornsby-area suburb is currently greater-region wording and should be owner-reviewed for possible 60-minute coverage.","Owner review: possible 60-minute core override","yes"
"Hills, Hawkesbury & Hornsby","Hornsby","Forest Glen","2157","/service-areas/hills-hawkesbury-and-hornsby/hornsby/forest-glen/","greater","within 90 minutes / 90-minute response","90-minute response for urgent call-outs across greater regions. | Urgent help for storm damage, power loss, tripping safety switches, unsafe outdoor circuits and fallen-line concerns in Forest Glen, with 90-minute emergency response. | Emergency call-outs in this region use 90-minute emergency response.","90","yes","Hornsby-area suburb is currently greater-region wording and should be owner-reviewed for possible 60-minute coverage.","Owner review: possible 60-minute core override","yes"
"Hills, Hawkesbury & Hornsby","Hornsby","Galston","2159","/service-areas/hills-hawkesbury-and-hornsby/hornsby/galston/","greater","within 90 minutes / 90-minute response","90-minute response for urgent call-outs across greater regions. | For Galston, emergency call-outs use 90-minute emergency response; call for unsafe faults, or send photos and details for planned work. | Urgent help for storm damage, power loss, tripping safety switches, unsafe outdoor circuits and fallen-line concerns in Galston, with 90-minute emergency response. | Emergency call-outs in this region use 90-minute emergency response.","90","yes","Hornsby-area suburb is currently greater-region wording and should be owner-reviewed for possible 60-minute coverage.","Owner review: possible 60-minute core override","yes"
"Hills, Hawkesbury & Hornsby","Hornsby","Hornsby","2077","/service-areas/hills-hawkesbury-and-hornsby/hornsby/hornsby/","greater","within 90 minutes / 90-minute response","90-minute response for urgent call-outs across greater regions. | Evaready provides 90-minute emergency response for emergency call-outs in this region. | Urgent help for storm damage, power loss, tripping safety switches, unsafe outdoor circuits and fallen-line concerns in Hornsby, with 90-minute emergency response. | Emergency call-outs in this region use 90-minute emergency response.","90","yes","Named in owner review prompt as a possible 60-minute suburb.","Owner review: possible 60-minute core override","yes"
"Hills, Hawkesbury & Hornsby","Hornsby","Hornsby Heights","2077","/service-areas/hills-hawkesbury-and-hornsby/hornsby/hornsby-heights/","greater","within 90 minutes / 90-minute response","90-minute response for urgent call-outs across greater regions. | Urgent help for storm damage, power loss, tripping safety switches, unsafe outdoor circuits and fallen-line concerns in Hornsby Heights, with 90-minute emergency response. | Emergency call-outs in this region use 90-minute emergency response.","90","yes","Hornsby-area suburb is currently greater-region wording and should be owner-reviewed for possible 60-minute coverage.","Owner review: possible 60-minute core override","yes"
"Hills, Hawkesbury & Hornsby","Hornsby","Milsons Passage","2083","/service-areas/hills-hawkesbury-and-hornsby/hornsby/milsons-passage/","greater","within 90 minutes / 90-minute response","90-minute response for urgent call-outs across greater regions. | Urgent help for storm damage, power loss, tripping safety switches, unsafe outdoor circuits and fallen-line concerns in Milsons Passage, with 90-minute emergency response. | Emergency call-outs in this region use 90-minute emergency response.","90","yes","Hornsby-area suburb is currently greater-region wording and should be owner-reviewed for possible 60-minute coverage.","Owner review: possible 60-minute core override","yes"
"Hills, Hawkesbury & Hornsby","Hornsby","Mount Colah","2079","/service-areas/hills-hawkesbury-and-hornsby/hornsby/mount-colah/","greater","within 90 minutes / 90-minute response","90-minute response for urgent call-outs across greater regions. | For Mount Colah, emergency call-outs use 90-minute emergency response; call for unsafe faults, or send photos and details for planned work. | Urgent help for storm damage, power loss, tripping safety switches, unsafe outdoor circuits and fallen-line concerns in Mount Colah, with 90-minute emergency response. | Emergency call-outs in this region use 90-minute emergency response.","90","yes","Hornsby-area suburb is currently greater-region wording and should be owner-reviewed for possible 60-minute coverage.","Owner review: possible 60-minute core override","yes"
"Hills, Hawkesbury & Hornsby","Hornsby","Mount Kuring-Gai","2080","/service-areas/hills-hawkesbury-and-hornsby/hornsby/mount-kuring-gai/","greater","within 90 minutes / 90-minute response","90-minute response for urgent call-outs across greater regions. | Urgent help for storm damage, power loss, tripping safety switches, unsafe outdoor circuits and fallen-line concerns in Mount Kuring-Gai, with 90-minute emergency response. | Emergency call-outs in this region use 90-minute emergency response.","90","yes","Hornsby-area suburb is currently greater-region wording and should be owner-reviewed for possible 60-minute coverage.","Owner review: possible 60-minute core override","yes"
"Hills, Hawkesbury & Hornsby","Hornsby","Normanhurst","2076","/service-areas/hills-hawkesbury-and-hornsby/hornsby/normanhurst/","greater","within 90 minutes / 90-minute response","90-minute response for urgent call-outs across greater regions. | Evaready provides 90-minute emergency response for emergency call-outs in this region. | Urgent help for storm damage, power loss, tripping safety switches, unsafe outdoor circuits and fallen-line concerns in Normanhurst, with 90-minute emergency response. | Emergency call-outs in this region use 90-minute emergency response.","90","yes","Hornsby-area suburb is currently greater-region wording and should be owner-reviewed for possible 60-minute coverage.","Owner review: possible 60-minute core override","yes"
"Hills, Hawkesbury & Hornsby","Hornsby","North Epping","2121","/service-areas/hills-hawkesbury-and-hornsby/hornsby/north-epping/","greater","within 90 minutes / 90-minute response","90-minute response for urgent call-outs across greater regions. | Evaready provides 90-minute emergency response for emergency call-outs in this region. | Urgent help for storm damage, power loss, tripping safety switches, unsafe outdoor circuits and fallen-line concerns in North Epping, with 90-minute emergency response. | Emergency call-outs in this region use 90-minute emergency response.","90","yes","Hornsby-area suburb is currently greater-region wording and should be owner-reviewed for possible 60-minute coverage.","Owner review: possible 60-minute core override","yes"
"Hills, Hawkesbury & Hornsby","Hornsby","Pennant Hills","2120","/service-areas/hills-hawkesbury-and-hornsby/hornsby/pennant-hills/","greater","within 90 minutes / 90-minute response","90-minute response for urgent call-outs across greater regions. | Urgent help for storm damage, power loss, tripping safety switches, unsafe outdoor circuits and fallen-line concerns in Pennant Hills, with 90-minute emergency response. | Emergency call-outs in this region use 90-minute emergency response.","90","yes","Hornsby-area suburb is currently greater-region wording and should be owner-reviewed for possible 60-minute coverage.","Owner review: possible 60-minute core override","yes"
"Hills, Hawkesbury & Hornsby","Hornsby","Thornleigh","2120","/service-areas/hills-hawkesbury-and-hornsby/hornsby/thornleigh/","greater","within 90 minutes / 90-minute response","90-minute response for urgent call-outs across greater regions. | Urgent help for storm damage, power loss, tripping safety switches, unsafe outdoor circuits and fallen-line concerns in Thornleigh, with 90-minute emergency response. | Emergency call-outs in this region use 90-minute emergency response.","90","yes","Hornsby-area suburb is currently greater-region wording and should be owner-reviewed for possible 60-minute coverage.","Owner review: possible 60-minute core override","yes"
"Hills, Hawkesbury & Hornsby","Hornsby","Wahroonga","2076","/service-areas/hills-hawkesbury-and-hornsby/hornsby/wahroonga/","greater","within 90 minutes / 90-minute response","90-minute response for urgent call-outs across greater regions. | Urgent help for storm damage, power loss, tripping safety switches, unsafe outdoor circuits and fallen-line concerns in Wahroonga, with 90-minute emergency response. | Emergency call-outs in this region use 90-minute emergency response.","90","yes","Hornsby-area suburb is currently greater-region wording and should be owner-reviewed for possible 60-minute coverage.","Owner review: possible 60-minute core override","yes"
"Hills, Hawkesbury & Hornsby","Hornsby","Waitara","2077","/service-areas/hills-hawkesbury-and-hornsby/hornsby/waitara/","greater","within 90 minutes / 90-minute response","90-minute response for urgent call-outs across greater regions. | Urgent help for storm damage, power loss, tripping safety switches, unsafe outdoor circuits and fallen-line concerns in Waitara, with 90-minute emergency response. | Emergency call-outs in this region use 90-minute emergency response.","90","yes","Hornsby-area suburb is currently greater-region wording and should be owner-reviewed for possible 60-minute coverage.","Owner review: possible 60-minute core override","yes"
"Hills, Hawkesbury & Hornsby","Hornsby","Westleigh","2120","/service-areas/hills-hawkesbury-and-hornsby/hornsby/westleigh/","greater","within 90 minutes / 90-minute response","90-minute response for urgent call-outs across greater regions. | Urgent help for storm damage, power loss, tripping safety switches, unsafe outdoor circuits and fallen-line concerns in Westleigh, with 90-minute emergency response. | Emergency call-outs in this region use 90-minute emergency response.","90","yes","Hornsby-area suburb is currently greater-region wording and should be owner-reviewed for possible 60-minute coverage.","Owner review: possible 60-minute core override","yes"
"Northern Sydney & Ryde","Hunters Hill","Gladesville","2111","/service-areas/northern-sydney-and-ryde/hunters-hill/gladesville/","greater","within 90 minutes / 90-minute response","90-minute response for urgent call-outs across greater regions. | For Gladesville, emergency call-outs use 90-minute emergency response; call for unsafe faults, or send photos and details for planned work. | Urgent help for power loss and burning smells and tripping circuits, sparking and unsafe outlets in Gladesville, with 90-minute emergency response. | Emergency call-outs in this region use 90-minute emergency response.","90","yes","Northern Sydney & Ryde is currently greater-region wording but may be close enough for owner-approved 60-minute classification.","Owner review: possible 60-minute core override","yes"
"Northern Sydney & Ryde","Hunters Hill","Henley","2111","/service-areas/northern-sydney-and-ryde/hunters-hill/henley/","greater","within 90 minutes / 90-minute response","90-minute response for urgent call-outs across greater regions. | Evaready provides 90-minute emergency response for emergency call-outs in this region. | Urgent help for power loss and burning smells and tripping circuits, sparking and unsafe outlets in Henley, with 90-minute emergency response. | Emergency call-outs in this region use 90-minute emergency response.","90","yes","Northern Sydney & Ryde is currently greater-region wording but may be close enough for owner-approved 60-minute classification.","Owner review: possible 60-minute core override","yes"
"Northern Sydney & Ryde","Hunters Hill","Hunters Hill","2110","/service-areas/northern-sydney-and-ryde/hunters-hill/hunters-hill/","greater","within 90 minutes / 90-minute response","90-minute response for urgent call-outs across greater regions. | For Hunters Hill, emergency call-outs use 90-minute emergency response; call for unsafe faults, or send photos and details for planned work. | Urgent help for power loss and burning smells and tripping circuits, sparking and unsafe outlets in Hunters Hill, with 90-minute emergency response. | Emergency call-outs in this region use 90-minute emergency response.","90","yes","Northern Sydney & Ryde is currently greater-region wording but may be close enough for owner-approved 60-minute classification.","Owner review: possible 60-minute core override","yes"
"Northern Sydney & Ryde","Hunters Hill","Huntleys Cove","2111","/service-areas/northern-sydney-and-ryde/hunters-hill/huntleys-cove/","greater","within 90 minutes / 90-minute response","90-minute response for urgent call-outs across greater regions. | Urgent help for power loss and burning smells and tripping circuits, sparking and unsafe outlets in Huntleys Cove, with 90-minute emergency response. | Emergency call-outs in this region use 90-minute emergency response.","90","yes","Northern Sydney & Ryde is currently greater-region wording but may be close enough for owner-approved 60-minute classification.","Owner review: possible 60-minute core override","yes"
"Northern Sydney & Ryde","Hunters Hill","Huntleys Point","2111","/service-areas/northern-sydney-and-ryde/hunters-hill/huntleys-point/","greater","within 90 minutes / 90-minute response","90-minute response for urgent call-outs across greater regions. | Urgent help for power loss and burning smells and tripping circuits, sparking and unsafe outlets in Huntleys Point, with 90-minute emergency response. | Emergency call-outs in this region use 90-minute emergency response.","90","yes","Northern Sydney & Ryde is currently greater-region wording but may be close enough for owner-approved 60-minute classification.","Owner review: possible 60-minute core override","yes"
"Northern Sydney & Ryde","Hunters Hill","Woolwich","2110","/service-areas/northern-sydney-and-ryde/hunters-hill/woolwich/","greater","within 90 minutes / 90-minute response","90-minute response for urgent call-outs across greater regions. | For Woolwich, emergency call-outs use 90-minute emergency response; call for unsafe faults, or send photos and details for planned work. | Urgent help for power loss and burning smells and tripping circuits, sparking and unsafe outlets in Woolwich, with 90-minute emergency response. | Emergency call-outs in this region use 90-minute emergency response.","90","yes","Northern Sydney & Ryde is currently greater-region wording but may be close enough for owner-approved 60-minute classification.","Owner review: possible 60-minute core override","yes"
"Northern Sydney & Ryde","Ku-ring-gai","East Killara","2071","/service-areas/northern-sydney-and-ryde/ku-ring-gai/east-killara/","greater","within 90 minutes / 90-minute response","90-minute response for urgent call-outs across greater regions. | Urgent help for power loss and burning smells and tripping circuits, sparking and unsafe outlets in East Killara, with 90-minute emergency response. | Emergency call-outs in this region use 90-minute emergency response.","90","yes","Northern Sydney & Ryde is currently greater-region wording but may be close enough for owner-approved 60-minute classification.","Owner review: possible 60-minute core override","yes"
"Northern Sydney & Ryde","Ku-ring-gai","East Lindfield","2070","/service-areas/northern-sydney-and-ryde/ku-ring-gai/east-lindfield/","greater","within 90 minutes / 90-minute response","90-minute response for urgent call-outs across greater regions. | For East Lindfield, emergency call-outs use 90-minute emergency response; call for unsafe faults, or send photos and details for planned work. | Urgent help for power loss and burning smells and tripping circuits, sparking and unsafe outlets in East Lindfield, with 90-minute emergency response. | Emergency call-outs in this region use 90-minute emergency response.","90","yes","Northern Sydney & Ryde is currently greater-region wording but may be close enough for owner-approved 60-minute classification.","Owner review: possible 60-minute core override","yes"
"Northern Sydney & Ryde","Ku-ring-gai","Gordon","2072","/service-areas/northern-sydney-and-ryde/ku-ring-gai/gordon/","greater","within 90 minutes / 90-minute response","90-minute response for urgent call-outs across greater regions. | Urgent help for power loss and burning smells and tripping circuits, sparking and unsafe outlets in Gordon, with 90-minute emergency response. | Emergency call-outs in this region use 90-minute emergency response.","90","yes","Northern Sydney & Ryde is currently greater-region wording but may be close enough for owner-approved 60-minute classification.","Owner review: possible 60-minute core override","yes"
"Northern Sydney & Ryde","Ku-ring-gai","Killara","2071","/service-areas/northern-sydney-and-ryde/ku-ring-gai/killara/","greater","within 90 minutes / 90-minute response","90-minute response for urgent call-outs across greater regions. | Urgent help for power loss and burning smells and tripping circuits, sparking and unsafe outlets in Killara, with 90-minute emergency response. | Emergency call-outs in this region use 90-minute emergency response.","90","yes","Northern Sydney & Ryde is currently greater-region wording but may be close enough for owner-approved 60-minute classification.","Owner review: possible 60-minute core override","yes"
"Northern Sydney & Ryde","Ku-ring-gai","Lindfield","2070","/service-areas/northern-sydney-and-ryde/ku-ring-gai/lindfield/","greater","within 90 minutes / 90-minute response","90-minute response for urgent call-outs across greater regions. | Urgent help for power loss and burning smells and tripping circuits, sparking and unsafe outlets in Lindfield, with 90-minute emergency response. | Emergency call-outs in this region use 90-minute emergency response.","90","yes","Northern Sydney & Ryde is currently greater-region wording but may be close enough for owner-approved 60-minute classification.","Owner review: possible 60-minute core override","yes"
"Northern Sydney & Ryde","Ku-ring-gai","North Turramurra","2074","/service-areas/northern-sydney-and-ryde/ku-ring-gai/north-turramurra/","greater","within 90 minutes / 90-minute response","90-minute response for urgent call-outs across greater regions. | Evaready provides 90-minute emergency response for emergency call-outs in this region. | Urgent help for power loss and burning smells and tripping circuits, sparking and unsafe outlets in North Turramurra, with 90-minute emergency response. | Emergency call-outs in this region use 90-minute emergency response.","90","yes","Northern Sydney & Ryde is currently greater-region wording but may be close enough for owner-approved 60-minute classification.","Owner review: possible 60-minute core override","yes"
"Northern Sydney & Ryde","Ku-ring-gai","North Wahroonga","2076","/service-areas/northern-sydney-and-ryde/ku-ring-gai/north-wahroonga/","greater","within 90 minutes / 90-minute response","90-minute response for urgent call-outs across greater regions. | Urgent help for power loss and burning smells and tripping circuits, sparking and unsafe outlets in North Wahroonga, with 90-minute emergency response. | Emergency call-outs in this region use 90-minute emergency response.","90","yes","Northern Sydney & Ryde is currently greater-region wording but may be close enough for owner-approved 60-minute classification.","Owner review: possible 60-minute core override","yes"
"Northern Sydney & Ryde","Ku-ring-gai","Pymble","2073","/service-areas/northern-sydney-and-ryde/ku-ring-gai/pymble/","greater","within 90 minutes / 90-minute response","90-minute response for urgent call-outs across greater regions. | Urgent help for power loss and burning smells and tripping circuits, sparking and unsafe outlets in Pymble, with 90-minute emergency response. | Emergency call-outs in this region use 90-minute emergency response.","90","yes","Northern Sydney & Ryde is currently greater-region wording but may be close enough for owner-approved 60-minute classification.","Owner review: possible 60-minute core override","yes"
"Northern Sydney & Ryde","Ku-ring-gai","Roseville","2069","/service-areas/northern-sydney-and-ryde/ku-ring-gai/roseville/","greater","within 90 minutes / 90-minute response","90-minute response for urgent call-outs across greater regions. | Urgent help for power loss and burning smells and tripping circuits, sparking and unsafe outlets in Roseville, with 90-minute emergency response. | Emergency call-outs in this region use 90-minute emergency response.","90","yes","Northern Sydney & Ryde is currently greater-region wording but may be close enough for owner-approved 60-minute classification.","Owner review: possible 60-minute core override","yes"
"Northern Sydney & Ryde","Ku-ring-gai","Roseville Chase","2069","/service-areas/northern-sydney-and-ryde/ku-ring-gai/roseville-chase/","greater","within 90 minutes / 90-minute response","90-minute response for urgent call-outs across greater regions. | Urgent help for power loss and burning smells and tripping circuits, sparking and unsafe outlets in Roseville Chase, with 90-minute emergency response. | Emergency call-outs in this region use 90-minute emergency response.","90","yes","Northern Sydney & Ryde is currently greater-region wording but may be close enough for owner-approved 60-minute classification.","Owner review: possible 60-minute core override","yes"
"Northern Sydney & Ryde","Ku-ring-gai","South Turramurra","2074","/service-areas/northern-sydney-and-ryde/ku-ring-gai/south-turramurra/","greater","within 90 minutes / 90-minute response","90-minute response for urgent call-outs across greater regions. | Urgent help for power loss and burning smells and tripping circuits, sparking and unsafe outlets in South Turramurra, with 90-minute emergency response. | Emergency call-outs in this region use 90-minute emergency response.","90","yes","Northern Sydney & Ryde is currently greater-region wording but may be close enough for owner-approved 60-minute classification.","Owner review: possible 60-minute core override","yes"
"Northern Sydney & Ryde","Ku-ring-gai","St Ives","2075","/service-areas/northern-sydney-and-ryde/ku-ring-gai/st-ives/","greater","within 90 minutes / 90-minute response","90-minute response for urgent call-outs across greater regions. | Evaready provides 90-minute emergency response for emergency call-outs in this region. | Urgent help for power loss and burning smells and tripping circuits, sparking and unsafe outlets in St Ives, with 90-minute emergency response. | Emergency call-outs in this region use 90-minute emergency response.","90","yes","Northern Sydney & Ryde is currently greater-region wording but may be close enough for owner-approved 60-minute classification.","Owner review: possible 60-minute core override","yes"
"Northern Sydney & Ryde","Ku-ring-gai","St Ives Chase","2075","/service-areas/northern-sydney-and-ryde/ku-ring-gai/st-ives-chase/","greater","within 90 minutes / 90-minute response","90-minute response for urgent call-outs across greater regions. | Urgent help for power loss and burning smells and tripping circuits, sparking and unsafe outlets in St Ives Chase, with 90-minute emergency response. | Emergency call-outs in this region use 90-minute emergency response.","90","yes","Northern Sydney & Ryde is currently greater-region wording but may be close enough for owner-approved 60-minute classification.","Owner review: possible 60-minute core override","yes"
"Northern Sydney & Ryde","Ku-ring-gai","Turramurra","2074","/service-areas/northern-sydney-and-ryde/ku-ring-gai/turramurra/","greater","within 90 minutes / 90-minute response","90-minute response for urgent call-outs across greater regions. | Urgent help for power loss and burning smells and tripping circuits, sparking and unsafe outlets in Turramurra, with 90-minute emergency response. | Emergency call-outs in this region use 90-minute emergency response.","90","yes","Northern Sydney & Ryde is currently greater-region wording but may be close enough for owner-approved 60-minute classification.","Owner review: possible 60-minute core override","yes"
"Northern Sydney & Ryde","Ku-ring-gai","Warrawee","2074","/service-areas/northern-sydney-and-ryde/ku-ring-gai/warrawee/","greater","within 90 minutes / 90-minute response","90-minute response for urgent call-outs across greater regions. | Urgent help for power loss and burning smells and tripping circuits, sparking and unsafe outlets in Warrawee, with 90-minute emergency response. | Emergency call-outs in this region use 90-minute emergency response.","90","yes","Northern Sydney & Ryde is currently greater-region wording but may be close enough for owner-approved 60-minute classification.","Owner review: possible 60-minute core override","yes"
"Northern Sydney & Ryde","Ku-ring-gai","West Pymble","2073","/service-areas/northern-sydney-and-ryde/ku-ring-gai/west-pymble/","greater","within 90 minutes / 90-minute response","90-minute response for urgent call-outs across greater regions. | Urgent help for power loss and burning smells and tripping circuits, sparking and unsafe outlets in West Pymble, with 90-minute emergency response. | Emergency call-outs in this region use 90-minute emergency response.","90","yes","Northern Sydney & Ryde is currently greater-region wording but may be close enough for owner-approved 60-minute classification.","Owner review: possible 60-minute core override","yes"
"Northern Sydney & Ryde","Lane Cove","Greenwich","2065","/service-areas/northern-sydney-and-ryde/lane-cove/greenwich/","greater","within 90 minutes / 90-minute response","90-minute response for urgent call-outs across greater regions. | Evaready provides 90-minute emergency response for emergency call-outs in this region. | Urgent help for power loss and burning smells and tripping circuits, sparking and unsafe outlets in Greenwich, with 90-minute emergency response. | Emergency call-outs in this region use 90-minute emergency response.","90","yes","Northern Sydney & Ryde is currently greater-region wording but may be close enough for owner-approved 60-minute classification.","Owner review: possible 60-minute core override","yes"
"Northern Sydney & Ryde","Lane Cove","Lane Cove","2066","/service-areas/northern-sydney-and-ryde/lane-cove/lane-cove/","greater","within 90 minutes / 90-minute response","90-minute response for urgent call-outs across greater regions. | Evaready provides 90-minute emergency response for emergency call-outs in this region. | Urgent help for power loss and burning smells and tripping circuits, sparking and unsafe outlets in Lane Cove, with 90-minute emergency response. | Emergency call-outs in this region use 90-minute emergency response.","90","yes","Northern Sydney & Ryde is currently greater-region wording but may be close enough for owner-approved 60-minute classification.","Owner review: possible 60-minute core override","yes"
"Northern Sydney & Ryde","Lane Cove","Lane Cove North","2066","/service-areas/northern-sydney-and-ryde/lane-cove/lane-cove-north/","greater","within 90 minutes / 90-minute response","90-minute response for urgent call-outs across greater regions. | For Lane Cove North, emergency call-outs use 90-minute emergency response; call for unsafe faults, or send photos and details for planned work. | Urgent help for power loss and burning smells and tripping circuits, sparking and unsafe outlets in Lane Cove North, with 90-minute emergency response. | Emergency call-outs in this region use 90-minute emergency response.","90","yes","Northern Sydney & Ryde is currently greater-region wording but may be close enough for owner-approved 60-minute classification.","Owner review: possible 60-minute core override","yes"
"Northern Sydney & Ryde","Lane Cove","Lane Cove West","2066","/service-areas/northern-sydney-and-ryde/lane-cove/lane-cove-west/","greater","within 90 minutes / 90-minute response","90-minute response for urgent call-outs across greater regions. | Urgent help for power loss and burning smells and tripping circuits, sparking and unsafe outlets in Lane Cove West, with 90-minute emergency response. | Emergency call-outs in this region use 90-minute emergency response.","90","yes","Northern Sydney & Ryde is currently greater-region wording but may be close enough for owner-approved 60-minute classification.","Owner review: possible 60-minute core override","yes"
"Northern Sydney & Ryde","Lane Cove","Linley Point","2066","/service-areas/northern-sydney-and-ryde/lane-cove/linley-point/","greater","within 90 minutes / 90-minute response","90-minute response for urgent call-outs across greater regions. | For Linley Point, emergency call-outs use 90-minute emergency response; call for unsafe faults, or send photos and details for planned work. | Evaready provides 90-minute emergency response for emergency call-outs in this region. | Urgent help for power loss and burning smells and tripping circuits, sparking and unsafe outlets in Linley Point, with 90-minute emergency response.","90","yes","Northern Sydney & Ryde is currently greater-region wording but may be close enough for owner-approved 60-minute classification.","Owner review: possible 60-minute core override","yes"
"Northern Sydney & Ryde","Lane Cove","Longueville","2066","/service-areas/northern-sydney-and-ryde/lane-cove/longueville/","greater","within 90 minutes / 90-minute response","90-minute response for urgent call-outs across greater regions. | Urgent help for power loss and burning smells and tripping circuits, sparking and unsafe outlets in Longueville, with 90-minute emergency response. | Emergency call-outs in this region use 90-minute emergency response.","90","yes","Northern Sydney & Ryde is currently greater-region wording but may be close enough for owner-approved 60-minute classification.","Owner review: possible 60-minute core override","yes"
"Northern Sydney & Ryde","Lane Cove","Northwood","2066","/service-areas/northern-sydney-and-ryde/lane-cove/northwood/","greater","within 90 minutes / 90-minute response","90-minute response for urgent call-outs across greater regions. | Evaready provides 90-minute emergency response for emergency call-outs in this region. | Urgent help for power loss and burning smells and tripping circuits, sparking and unsafe outlets in Northwood, with 90-minute emergency response. | Emergency call-outs in this region use 90-minute emergency response.","90","yes","Northern Sydney & Ryde is currently greater-region wording but may be close enough for owner-approved 60-minute classification.","Owner review: possible 60-minute core override","yes"
"Northern Sydney & Ryde","Lane Cove","Riverview","2066","/service-areas/northern-sydney-and-ryde/lane-cove/riverview/","greater","within 90 minutes / 90-minute response","90-minute response for urgent call-outs across greater regions. | Urgent help for power loss and burning smells and tripping circuits, sparking and unsafe outlets in Riverview, with 90-minute emergency response. | Emergency call-outs in this region use 90-minute emergency response.","90","yes","Northern Sydney & Ryde is currently greater-region wording but may be close enough for owner-approved 60-minute classification.","Owner review: possible 60-minute core override","yes"
"Northern Sydney & Ryde","Lane Cove","St Leonards","2065","/service-areas/northern-sydney-and-ryde/lane-cove/st-leonards/","greater","within 90 minutes / 90-minute response","90-minute response for urgent call-outs across greater regions. | Urgent help for partial power loss and tripping circuits and hot outlets and burning smells and after-hours business faults in St Leonards, with 90-minute emergency response. | Emergency call-outs in this region use 90-minute emergency response.","90","yes","Named in owner review prompt as a possible 60-minute suburb.","Owner review: possible 60-minute core override","yes"
"Northern Sydney & Ryde","Mosman","Mosman","2088","/service-areas/northern-sydney-and-ryde/mosman/mosman/","greater","within 90 minutes / 90-minute response","90-minute response for urgent call-outs across greater regions. | Urgent help for power loss and burning smells and tripping circuits, sparking and unsafe outlets in Mosman, with 90-minute emergency response. | Emergency call-outs in this region use 90-minute emergency response.","90","yes","Named in owner review prompt as a possible 60-minute suburb.","Owner review: possible 60-minute core override","yes"
"Northern Sydney & Ryde","North Sydney","Cammeray","2062","/service-areas/northern-sydney-and-ryde/north-sydney/cammeray/","greater","within 90 minutes / 90-minute response","90-minute response for urgent call-outs across greater regions. | Evaready provides 90-minute emergency response for emergency call-outs in this region. | Urgent help for partial power loss and tripping circuits and hot outlets and burning smells and after-hours business faults in Cammeray, with 90-minute emergency response. | Emergency call-outs in this region use 90-minute emergency response.","90","yes","Northern Sydney & Ryde is currently greater-region wording but may be close enough for owner-approved 60-minute classification.","Owner review: possible 60-minute core override","yes"
"Northern Sydney & Ryde","North Sydney","Cremorne","2090","/service-areas/northern-sydney-and-ryde/north-sydney/cremorne/","greater","within 90 minutes / 90-minute response","90-minute response for urgent call-outs across greater regions. | Urgent help for partial power loss and tripping circuits and hot outlets and burning smells and after-hours business faults in Cremorne, with 90-minute emergency response. | Emergency call-outs in this region use 90-minute emergency response.","90","yes","Northern Sydney & Ryde is currently greater-region wording but may be close enough for owner-approved 60-minute classification.","Owner review: possible 60-minute core override","yes"
"Northern Sydney & Ryde","North Sydney","Cremorne Point","2090","/service-areas/northern-sydney-and-ryde/north-sydney/cremorne-point/","greater","within 90 minutes / 90-minute response","90-minute response for urgent call-outs across greater regions. | Urgent help for partial power loss and tripping circuits and hot outlets and burning smells and after-hours business faults in Cremorne Point, with 90-minute emergency response. | Emergency call-outs in this region use 90-minute emergency response.","90","yes","Northern Sydney & Ryde is currently greater-region wording but may be close enough for owner-approved 60-minute classification.","Owner review: possible 60-minute core override","yes"
"Northern Sydney & Ryde","North Sydney","Crows Nest","2065","/service-areas/northern-sydney-and-ryde/north-sydney/crows-nest/","greater","within 90 minutes / 90-minute response","90-minute response for urgent call-outs across greater regions. | Urgent help for partial power loss and tripping circuits and hot outlets and burning smells and after-hours business faults in Crows Nest, with 90-minute emergency response. | Emergency call-outs in this region use 90-minute emergency response.","90","yes","Northern Sydney & Ryde is currently greater-region wording but may be close enough for owner-approved 60-minute classification.","Owner review: possible 60-minute core override","yes"
"Northern Sydney & Ryde","North Sydney","Kirribilli","2061","/service-areas/northern-sydney-and-ryde/north-sydney/kirribilli/","greater","within 90 minutes / 90-minute response","90-minute response for urgent call-outs across greater regions. | Urgent help for partial power loss and tripping circuits and hot outlets and burning smells and after-hours business faults in Kirribilli, with 90-minute emergency response. | Emergency call-outs in this region use 90-minute emergency response.","90","yes","Northern Sydney & Ryde is currently greater-region wording but may be close enough for owner-approved 60-minute classification.","Owner review: possible 60-minute core override","yes"
"Northern Sydney & Ryde","North Sydney","Kurraba Point","2089","/service-areas/northern-sydney-and-ryde/north-sydney/kurraba-point/","greater","within 90 minutes / 90-minute response","90-minute response for urgent call-outs across greater regions. | Evaready provides 90-minute emergency response for emergency call-outs in this region. | Urgent help for partial power loss and tripping circuits and hot outlets and burning smells and after-hours business faults in Kurraba Point, with 90-minute emergency response. | Emergency call-outs in this region use 90-minute emergency response.","90","yes","Northern Sydney & Ryde is currently greater-region wording but may be close enough for owner-approved 60-minute classification.","Owner review: possible 60-minute core override","yes"
"Northern Sydney & Ryde","North Sydney","Lavender Bay","2060","/service-areas/northern-sydney-and-ryde/north-sydney/lavender-bay/","greater","within 90 minutes / 90-minute response","90-minute response for urgent call-outs across greater regions. | Urgent help for partial power loss and tripping circuits and hot outlets and burning smells and after-hours business faults in Lavender Bay, with 90-minute emergency response. | Emergency call-outs in this region use 90-minute emergency response.","90","yes","Northern Sydney & Ryde is currently greater-region wording but may be close enough for owner-approved 60-minute classification.","Owner review: possible 60-minute core override","yes"
"Northern Sydney & Ryde","North Sydney","McMahons Point","2060","/service-areas/northern-sydney-and-ryde/north-sydney/mcmahons-point/","greater","within 90 minutes / 90-minute response","90-minute response for urgent call-outs across greater regions. | For McMahons Point, emergency call-outs use 90-minute emergency response; call for unsafe faults, or send photos and details for planned work. | Evaready provides 90-minute emergency response for emergency call-outs in this region. | Urgent help for partial power loss and tripping circuits and hot outlets and burning smells and after-hours business faults in McMahons Point, with 90-minute emergency response.","90","yes","Northern Sydney & Ryde is currently greater-region wording but may be close enough for owner-approved 60-minute classification.","Owner review: possible 60-minute core override","yes"
"Northern Sydney & Ryde","North Sydney","Milsons Point","2061","/service-areas/northern-sydney-and-ryde/north-sydney/milsons-point/","greater","within 90 minutes / 90-minute response","90-minute response for urgent call-outs across greater regions. | Urgent help for partial power loss and tripping circuits and hot outlets and burning smells and after-hours business faults in Milsons Point, with 90-minute emergency response. | Emergency call-outs in this region use 90-minute emergency response.","90","yes","Northern Sydney & Ryde is currently greater-region wording but may be close enough for owner-approved 60-minute classification.","Owner review: possible 60-minute core override","yes"
"Northern Sydney & Ryde","North Sydney","Neutral Bay","2089","/service-areas/northern-sydney-and-ryde/north-sydney/neutral-bay/","greater","within 90 minutes / 90-minute response","90-minute response for urgent call-outs across greater regions. | Urgent help for partial power loss and tripping circuits and hot outlets and burning smells and after-hours business faults in Neutral Bay, with 90-minute emergency response. | Emergency call-outs in this region use 90-minute emergency response.","90","yes","Northern Sydney & Ryde is currently greater-region wording but may be close enough for owner-approved 60-minute classification.","Owner review: possible 60-minute core override","yes"
"Northern Sydney & Ryde","North Sydney","North Sydney","2060","/service-areas/northern-sydney-and-ryde/north-sydney/north-sydney/","greater","within 90 minutes / 90-minute response","90-minute response for urgent call-outs across greater regions. | Evaready provides 90-minute emergency response for emergency call-outs in this region. | Urgent help for partial power loss and tripping circuits and hot outlets and burning smells and after-hours business faults in North Sydney, with 90-minute emergency response. | Emergency call-outs in this region use 90-minute emergency response.","90","yes","Northern Sydney & Ryde is currently greater-region wording but may be close enough for owner-approved 60-minute classification.","Owner review: possible 60-minute core override","yes"
"Northern Sydney & Ryde","North Sydney","Waverton","2060","/service-areas/northern-sydney-and-ryde/north-sydney/waverton/","greater","within 90 minutes / 90-minute response","90-minute response for urgent call-outs across greater regions. | Urgent help for partial power loss and tripping circuits and hot outlets and burning smells and after-hours business faults in Waverton, with 90-minute emergency response. | Emergency call-outs in this region use 90-minute emergency response.","90","yes","Northern Sydney & Ryde is currently greater-region wording but may be close enough for owner-approved 60-minute classification.","Owner review: possible 60-minute core override","yes"
"Northern Sydney & Ryde","North Sydney","Wollstonecraft","2065","/service-areas/northern-sydney-and-ryde/north-sydney/wollstonecraft/","greater","within 90 minutes / 90-minute response","90-minute response for urgent call-outs across greater regions. | Urgent help for partial power loss and tripping circuits and hot outlets and burning smells and after-hours business faults in Wollstonecraft, with 90-minute emergency response. | Emergency call-outs in this region use 90-minute emergency response.","90","yes","Northern Sydney & Ryde is currently greater-region wording but may be close enough for owner-approved 60-minute classification.","Owner review: possible 60-minute core override","yes"
"Northern Sydney & Ryde","Ryde","Chatswood West","2067","/service-areas/northern-sydney-and-ryde/ryde/chatswood-west/","greater","within 90 minutes / 90-minute response","90-minute response for urgent call-outs across greater regions. | Urgent help for partial power loss and tripping circuits and hot outlets and burning smells and after-hours business faults in Chatswood West, with 90-minute emergency response. | Emergency call-outs in this region use 90-minute emergency response.","90","yes","Northern Sydney & Ryde is currently greater-region wording but may be close enough for owner-approved 60-minute classification.","Owner review: possible 60-minute core override","yes"
"Northern Sydney & Ryde","Ryde","Denistone","2114","/service-areas/northern-sydney-and-ryde/ryde/denistone/","greater","within 90 minutes / 90-minute response","90-minute response for urgent call-outs across greater regions. | For Denistone, emergency call-outs use 90-minute emergency response; call for unsafe faults, or send photos and details for planned work. | Urgent help for partial power loss and tripping circuits and hot outlets and burning smells and after-hours business faults in Denistone, with 90-minute emergency response. | Emergency call-outs in this region use 90-minute emergency response.","90","yes","Northern Sydney & Ryde is currently greater-region wording but may be close enough for owner-approved 60-minute classification.","Owner review: possible 60-minute core override","yes"
"Northern Sydney & Ryde","Ryde","Denistone East","2112","/service-areas/northern-sydney-and-ryde/ryde/denistone-east/","greater","within 90 minutes / 90-minute response","90-minute response for urgent call-outs across greater regions. | Urgent help for partial power loss and tripping circuits and hot outlets and burning smells and after-hours business faults in Denistone East, with 90-minute emergency response. | Emergency call-outs in this region use 90-minute emergency response.","90","yes","Northern Sydney & Ryde is currently greater-region wording but may be close enough for owner-approved 60-minute classification.","Owner review: possible 60-minute core override","yes"
"Northern Sydney & Ryde","Ryde","Denistone West","2114","/service-areas/northern-sydney-and-ryde/ryde/denistone-west/","greater","within 90 minutes / 90-minute response","90-minute response for urgent call-outs across greater regions. | For Denistone West, emergency call-outs use 90-minute emergency response; call for unsafe faults, or send photos and details for planned work. | Urgent help for partial power loss and tripping circuits and hot outlets and burning smells and after-hours business faults in Denistone West, with 90-minute emergency response. | Emergency call-outs in this region use 90-minute emergency response.","90","yes","Northern Sydney & Ryde is currently greater-region wording but may be close enough for owner-approved 60-minute classification.","Owner review: possible 60-minute core override","yes"
"Northern Sydney & Ryde","Ryde","East Ryde","2113","/service-areas/northern-sydney-and-ryde/ryde/east-ryde/","greater","within 90 minutes / 90-minute response","90-minute response for urgent call-outs across greater regions. | Evaready provides 90-minute emergency response for emergency call-outs in this region. | Urgent help for partial power loss and tripping circuits and hot outlets and burning smells and after-hours business faults in East Ryde, with 90-minute emergency response. | Emergency call-outs in this region use 90-minute emergency response.","90","yes","Northern Sydney & Ryde is currently greater-region wording but may be close enough for owner-approved 60-minute classification.","Owner review: possible 60-minute core override","yes"
"Northern Sydney & Ryde","Ryde","Macquarie Park","2113","/service-areas/northern-sydney-and-ryde/ryde/macquarie-park/","greater","within 90 minutes / 90-minute response","90-minute response for urgent call-outs across greater regions. | Urgent help for partial power loss and tripping circuits and hot outlets and burning smells and after-hours business faults in Macquarie Park, with 90-minute emergency response. | Emergency call-outs in this region use 90-minute emergency response.","90","yes","Northern Sydney & Ryde is currently greater-region wording but may be close enough for owner-approved 60-minute classification.","Owner review: possible 60-minute core override","yes"
"Northern Sydney & Ryde","Ryde","Marsfield","2122","/service-areas/northern-sydney-and-ryde/ryde/marsfield/","greater","within 90 minutes / 90-minute response","90-minute response for urgent call-outs across greater regions. | For Marsfield, emergency call-outs use 90-minute emergency response; call for unsafe faults, or send photos and details for planned work. | Urgent help for partial power loss and tripping circuits and hot outlets and burning smells and after-hours business faults in Marsfield, with 90-minute emergency response. | Emergency call-outs in this region use 90-minute emergency response.","90","yes","Northern Sydney & Ryde is currently greater-region wording but may be close enough for owner-approved 60-minute classification.","Owner review: possible 60-minute core override","yes"
"Northern Sydney & Ryde","Ryde","Meadowbank","2114","/service-areas/northern-sydney-and-ryde/ryde/meadowbank/","greater","within 90 minutes / 90-minute response","90-minute response for urgent call-outs across greater regions. | For Meadowbank, emergency call-outs use 90-minute emergency response; call for unsafe faults, or send photos and details for planned work. | Urgent help for partial power loss and tripping circuits and hot outlets and burning smells and after-hours business faults in Meadowbank, with 90-minute emergency response. | Emergency call-outs in this region use 90-minute emergency response.","90","yes","Northern Sydney & Ryde is currently greater-region wording but may be close enough for owner-approved 60-minute classification.","Owner review: possible 60-minute core override","yes"
"Northern Sydney & Ryde","Ryde","North Ryde","2113","/service-areas/northern-sydney-and-ryde/ryde/north-ryde/","greater","within 90 minutes / 90-minute response","90-minute response for urgent call-outs across greater regions. | Urgent help for partial power loss and tripping circuits and hot outlets and burning smells and after-hours business faults in North Ryde, with 90-minute emergency response. | Emergency call-outs in this region use 90-minute emergency response.","90","yes","Northern Sydney & Ryde is currently greater-region wording but may be close enough for owner-approved 60-minute classification.","Owner review: possible 60-minute core override","yes"
"Northern Sydney & Ryde","Ryde","Putney","2112","/service-areas/northern-sydney-and-ryde/ryde/putney/","greater","within 90 minutes / 90-minute response","90-minute response for urgent call-outs across greater regions. | For Putney, emergency call-outs use 90-minute emergency response; call for unsafe faults, or send photos and details for planned work. | Urgent help for partial power loss and tripping circuits and hot outlets and burning smells and after-hours business faults in Putney, with 90-minute emergency response. | Emergency call-outs in this region use 90-minute emergency response.","90","yes","Northern Sydney & Ryde is currently greater-region wording but may be close enough for owner-approved 60-minute classification.","Owner review: possible 60-minute core override","yes"
"Northern Sydney & Ryde","Ryde","Ryde","2112","/service-areas/northern-sydney-and-ryde/ryde/ryde/","greater","within 90 minutes / 90-minute response","90-minute response for urgent call-outs across greater regions. | Urgent help for partial power loss and tripping circuits and hot outlets and burning smells and after-hours business faults in Ryde, with 90-minute emergency response. | Emergency call-outs in this region use 90-minute emergency response.","90","yes","Northern Sydney & Ryde is currently greater-region wording but may be close enough for owner-approved 60-minute classification.","Owner review: possible 60-minute core override","yes"
"Northern Sydney & Ryde","Ryde","Tennyson Point","2111","/service-areas/northern-sydney-and-ryde/ryde/tennyson-point/","greater","within 90 minutes / 90-minute response","90-minute response for urgent call-outs across greater regions. | Urgent help for partial power loss and tripping circuits and hot outlets and burning smells and after-hours business faults in Tennyson Point, with 90-minute emergency response. | Emergency call-outs in this region use 90-minute emergency response.","90","yes","Northern Sydney & Ryde is currently greater-region wording but may be close enough for owner-approved 60-minute classification.","Owner review: possible 60-minute core override","yes"
"Northern Sydney & Ryde","Ryde","West Ryde","2114","/service-areas/northern-sydney-and-ryde/ryde/west-ryde/","greater","within 90 minutes / 90-minute response","90-minute response for urgent call-outs across greater regions. | For West Ryde, emergency call-outs use 90-minute emergency response; call for unsafe faults, or send photos and details for planned work. | Urgent help for partial power loss and tripping circuits and hot outlets and burning smells and after-hours business faults in West Ryde, with 90-minute emergency response. | Emergency call-outs in this region use 90-minute emergency response.","90","yes","Northern Sydney & Ryde is currently greater-region wording but may be close enough for owner-approved 60-minute classification.","Owner review: possible 60-minute core override","yes"
"Northern Sydney & Ryde","Willoughby","Artarmon","2064","/service-areas/northern-sydney-and-ryde/willoughby/artarmon/","greater","within 90 minutes / 90-minute response","90-minute response for urgent call-outs across greater regions. | For Artarmon, emergency call-outs use 90-minute emergency response; call for unsafe faults, or send photos and details for planned work. | Urgent help for partial power loss and tripping circuits and hot outlets and burning smells and after-hours business faults in Artarmon, with 90-minute emergency response. | Emergency call-outs in this region use 90-minute emergency response.","90","yes","Northern Sydney & Ryde is currently greater-region wording but may be close enough for owner-approved 60-minute classification.","Owner review: possible 60-minute core override","yes"
"Northern Sydney & Ryde","Willoughby","Castle Cove","2069","/service-areas/northern-sydney-and-ryde/willoughby/castle-cove/","greater","within 90 minutes / 90-minute response","90-minute response for urgent call-outs across greater regions. | For Castle Cove, emergency call-outs use 90-minute emergency response; call for unsafe faults, or send photos and details for planned work. | Urgent help for partial power loss and tripping circuits and hot outlets and burning smells and after-hours business faults in Castle Cove, with 90-minute emergency response. | Emergency call-outs in this region use 90-minute emergency response.","90","yes","Northern Sydney & Ryde is currently greater-region wording but may be close enough for owner-approved 60-minute classification.","Owner review: possible 60-minute core override","yes"
"Northern Sydney & Ryde","Willoughby","Castlecrag","2068","/service-areas/northern-sydney-and-ryde/willoughby/castlecrag/","greater","within 90 minutes / 90-minute response","90-minute response for urgent call-outs across greater regions. | Urgent help for partial power loss and tripping circuits and hot outlets and burning smells and after-hours business faults in Castlecrag, with 90-minute emergency response. | Emergency call-outs in this region use 90-minute emergency response.","90","yes","Northern Sydney & Ryde is currently greater-region wording but may be close enough for owner-approved 60-minute classification.","Owner review: possible 60-minute core override","yes"
"Northern Sydney & Ryde","Willoughby","Chatswood","2067","/service-areas/northern-sydney-and-ryde/willoughby/chatswood/","greater","within 90 minutes / 90-minute response","90-minute response for urgent call-outs across greater regions. | Urgent help for partial power loss and tripping circuits and hot outlets and burning smells and after-hours business faults in Chatswood, with 90-minute emergency response. | Emergency call-outs in this region use 90-minute emergency response.","90","yes","Northern Sydney & Ryde is currently greater-region wording but may be close enough for owner-approved 60-minute classification.","Owner review: possible 60-minute core override","yes"
"Northern Sydney & Ryde","Willoughby","Middle Cove","2068","/service-areas/northern-sydney-and-ryde/willoughby/middle-cove/","greater","within 90 minutes / 90-minute response","90-minute response for urgent call-outs across greater regions. | Urgent help for partial power loss and tripping circuits and hot outlets and burning smells and after-hours business faults in Middle Cove, with 90-minute emergency response. | Emergency call-outs in this region use 90-minute emergency response.","90","yes","Northern Sydney & Ryde is currently greater-region wording but may be close enough for owner-approved 60-minute classification.","Owner review: possible 60-minute core override","yes"
"Northern Sydney & Ryde","Willoughby","Naremburn","2065","/service-areas/northern-sydney-and-ryde/willoughby/naremburn/","greater","within 90 minutes / 90-minute response","90-minute response for urgent call-outs across greater regions. | Urgent help for partial power loss and tripping circuits and hot outlets and burning smells and after-hours business faults in Naremburn, with 90-minute emergency response. | Emergency call-outs in this region use 90-minute emergency response.","90","yes","Northern Sydney & Ryde is currently greater-region wording but may be close enough for owner-approved 60-minute classification.","Owner review: possible 60-minute core override","yes"
"Northern Sydney & Ryde","Willoughby","North Willoughby","2068","/service-areas/northern-sydney-and-ryde/willoughby/north-willoughby/","greater","within 90 minutes / 90-minute response","90-minute response for urgent call-outs across greater regions. | Urgent help for partial power loss and tripping circuits and hot outlets and burning smells and after-hours business faults in North Willoughby, with 90-minute emergency response. | Emergency call-outs in this region use 90-minute emergency response.","90","yes","Northern Sydney & Ryde is currently greater-region wording but may be close enough for owner-approved 60-minute classification.","Owner review: possible 60-minute core override","yes"
"Northern Sydney & Ryde","Willoughby","Northbridge","2063","/service-areas/northern-sydney-and-ryde/willoughby/northbridge/","greater","within 90 minutes / 90-minute response","90-minute response for urgent call-outs across greater regions. | Evaready provides 90-minute emergency response for emergency call-outs in this region. | Urgent help for partial power loss and tripping circuits and hot outlets and burning smells and after-hours business faults in Northbridge, with 90-minute emergency response. | Emergency call-outs in this region use 90-minute emergency response.","90","yes","Northern Sydney & Ryde is currently greater-region wording but may be close enough for owner-approved 60-minute classification.","Owner review: possible 60-minute core override","yes"
"Northern Sydney & Ryde","Willoughby","Willoughby","2068","/service-areas/northern-sydney-and-ryde/willoughby/willoughby/","greater","within 90 minutes / 90-minute response","90-minute response for urgent call-outs across greater regions. | For Willoughby, emergency call-outs use 90-minute emergency response; call for unsafe faults, or send photos and details for planned work. | Urgent help for partial power loss and tripping circuits and hot outlets and burning smells and after-hours business faults in Willoughby, with 90-minute emergency response. | Emergency call-outs in this region use 90-minute emergency response.","90","yes","Northern Sydney & Ryde is currently greater-region wording but may be close enough for owner-approved 60-minute classification.","Owner review: possible 60-minute core override","yes"
"Northern Sydney & Ryde","Willoughby","Willoughby East","2068","/service-areas/northern-sydney-and-ryde/willoughby/willoughby-east/","greater","within 90 minutes / 90-minute response","90-minute response for urgent call-outs across greater regions. | Urgent help for partial power loss and tripping circuits and hot outlets and burning smells and after-hours business faults in Willoughby East, with 90-minute emergency response. | Emergency call-outs in this region use 90-minute emergency response.","90","yes","Northern Sydney & Ryde is currently greater-region wording but may be close enough for owner-approved 60-minute classification.","Owner review: possible 60-minute core override","yes"
"Northern Beaches","Northern Beaches","Allambie Heights","2100","/service-areas/northern-beaches/northern-beaches/allambie-heights/","greater","within 90 minutes / 90-minute response","90-minute response for urgent call-outs across greater regions. | Urgent help for storm faults, water-affected fittings and tripping circuits and hot outlets and unsafe outdoor power in Allambie Heights, with 90-minute emergency response. | Emergency call-outs in this region use 90-minute emergency response.","90","no","Current response-time wording matches the current region classification.","Keep current greater classification","no"
"Northern Beaches","Northern Beaches","Avalon Beach","2107","/service-areas/northern-beaches/northern-beaches/avalon-beach/","greater","within 90 minutes / 90-minute response","90-minute response for urgent call-outs across greater regions. | Urgent help for storm faults, water-affected fittings and tripping circuits and hot outlets and unsafe outdoor power in Avalon Beach, with 90-minute emergency response. | Emergency call-outs in this region use 90-minute emergency response.","90","no","Current response-time wording matches the current region classification.","Keep current greater classification","no"
"Northern Beaches","Northern Beaches","Balgowlah","2093","/service-areas/northern-beaches/northern-beaches/balgowlah/","greater","within 90 minutes / 90-minute response","90-minute response for urgent call-outs across greater regions. | Evaready provides 90-minute emergency response for emergency call-outs in this region. | Urgent help for storm faults, water-affected fittings and tripping circuits and hot outlets and unsafe outdoor power in Balgowlah, with 90-minute emergency response. | Emergency call-outs in this region use 90-minute emergency response.","90","no","Current response-time wording matches the current region classification.","Keep current greater classification","no"
"Northern Beaches","Northern Beaches","Balgowlah Heights","2093","/service-areas/northern-beaches/northern-beaches/balgowlah-heights/","greater","within 90 minutes / 90-minute response","90-minute response for urgent call-outs across greater regions. | Evaready provides 90-minute emergency response for emergency call-outs in this region. | Urgent help for storm faults, water-affected fittings and tripping circuits and hot outlets and unsafe outdoor power in Balgowlah Heights, with 90-minute emergency response. | Emergency call-outs in this region use 90-minute emergency response.","90","no","Current response-time wording matches the current region classification.","Keep current greater classification","no"
"Northern Beaches","Northern Beaches","Bayview","2104","/service-areas/northern-beaches/northern-beaches/bayview/","greater","within 90 minutes / 90-minute response","90-minute response for urgent call-outs across greater regions. | Urgent help for storm faults, water-affected fittings and tripping circuits and hot outlets and unsafe outdoor power in Bayview, with 90-minute emergency response. | Emergency call-outs in this region use 90-minute emergency response.","90","no","Current response-time wording matches the current region classification.","Keep current greater classification","no"
"Northern Beaches","Northern Beaches","Beacon Hill","2100","/service-areas/northern-beaches/northern-beaches/beacon-hill/","greater","within 90 minutes / 90-minute response","90-minute response for urgent call-outs across greater regions. | Urgent help for storm faults, water-affected fittings and tripping circuits and hot outlets and unsafe outdoor power in Beacon Hill, with 90-minute emergency response. | Emergency call-outs in this region use 90-minute emergency response.","90","no","Current response-time wording matches the current region classification.","Keep current greater classification","no"
"Northern Beaches","Northern Beaches","Belrose","2085","/service-areas/northern-beaches/northern-beaches/belrose/","greater","within 90 minutes / 90-minute response","90-minute response for urgent call-outs across greater regions. | Evaready provides 90-minute emergency response for emergency call-outs in this region. | Urgent help for storm faults, water-affected fittings and tripping circuits and hot outlets and unsafe outdoor power in Belrose, with 90-minute emergency response. | Emergency call-outs in this region use 90-minute emergency response.","90","no","Current response-time wording matches the current region classification.","Keep current greater classification","no"
"Northern Beaches","Northern Beaches","Bilgola Beach","2107","/service-areas/northern-beaches/northern-beaches/bilgola-beach/","greater","within 90 minutes / 90-minute response","90-minute response for urgent call-outs across greater regions. | Urgent help for storm faults, water-affected fittings and tripping circuits and hot outlets and unsafe outdoor power in Bilgola Beach, with 90-minute emergency response. | Emergency call-outs in this region use 90-minute emergency response.","90","no","Current response-time wording matches the current region classification.","Keep current greater classification","no"
"Northern Beaches","Northern Beaches","Bilgola Plateau","2107","/service-areas/northern-beaches/northern-beaches/bilgola-plateau/","greater","within 90 minutes / 90-minute response","90-minute response for urgent call-outs across greater regions. | Evaready provides 90-minute emergency response for emergency call-outs in this region. | Urgent help for storm faults, water-affected fittings and tripping circuits and hot outlets and unsafe outdoor power in Bilgola Plateau, with 90-minute emergency response. | Emergency call-outs in this region use 90-minute emergency response.","90","no","Current response-time wording matches the current region classification.","Keep current greater classification","no"
"Northern Beaches","Northern Beaches","Brookvale","2100","/service-areas/northern-beaches/northern-beaches/brookvale/","greater","within 90 minutes / 90-minute response","90-minute response for urgent call-outs across greater regions. | Evaready provides 90-minute emergency response for emergency call-outs in this region. | Urgent help for storm faults, water-affected fittings and tripping circuits and hot outlets and unsafe outdoor power in Brookvale, with 90-minute emergency response. | Emergency call-outs in this region use 90-minute emergency response.","90","no","Current response-time wording matches the current region classification.","Keep current greater classification","no"
"Northern Beaches","Northern Beaches","Church Point","2105","/service-areas/northern-beaches/northern-beaches/church-point/","greater","within 90 minutes / 90-minute response","90-minute response for urgent call-outs across greater regions. | Evaready provides 90-minute emergency response for emergency call-outs in this region. | Urgent help for storm faults, water-affected fittings and tripping circuits and hot outlets and unsafe outdoor power in Church Point, with 90-minute emergency response. | Emergency call-outs in this region use 90-minute emergency response.","90","no","Current response-time wording matches the current region classification.","Keep current greater classification","no"
"Northern Beaches","Northern Beaches","Clareville","2107","/service-areas/northern-beaches/northern-beaches/clareville/","greater","within 90 minutes / 90-minute response","90-minute response for urgent call-outs across greater regions. | Urgent help for storm faults, water-affected fittings and tripping circuits and hot outlets and unsafe outdoor power in Clareville, with 90-minute emergency response. | Emergency call-outs in this region use 90-minute emergency response.","90","no","Current response-time wording matches the current region classification.","Keep current greater classification","no"
"Northern Beaches","Northern Beaches","Clontarf","2093","/service-areas/northern-beaches/northern-beaches/clontarf/","greater","within 90 minutes / 90-minute response","90-minute response for urgent call-outs across greater regions. | Urgent help for storm faults, water-affected fittings and tripping circuits and hot outlets and unsafe outdoor power in Clontarf, with 90-minute emergency response. | Emergency call-outs in this region use 90-minute emergency response.","90","no","Current response-time wording matches the current region classification.","Keep current greater classification","no"
"Northern Beaches","Northern Beaches","Coasters Retreat","2108","/service-areas/northern-beaches/northern-beaches/coasters-retreat/","greater","within 90 minutes / 90-minute response","90-minute response for urgent call-outs across greater regions. | Urgent help for storm faults, water-affected fittings and tripping circuits and hot outlets and unsafe outdoor power in Coasters Retreat, with 90-minute emergency response. | Emergency call-outs in this region use 90-minute emergency response.","90","no","Current response-time wording matches the current region classification.","Keep current greater classification","no"
"Northern Beaches","Northern Beaches","Collaroy","2097","/service-areas/northern-beaches/northern-beaches/collaroy/","greater","within 90 minutes / 90-minute response","90-minute response for urgent call-outs across greater regions. | Evaready provides 90-minute emergency response for emergency call-outs in this region. | Urgent help for storm faults, water-affected fittings and tripping circuits and hot outlets and unsafe outdoor power in Collaroy, with 90-minute emergency response. | Emergency call-outs in this region use 90-minute emergency response.","90","no","Current response-time wording matches the current region classification.","Keep current greater classification","no"
"Northern Beaches","Northern Beaches","Collaroy Plateau","2097","/service-areas/northern-beaches/northern-beaches/collaroy-plateau/","greater","within 90 minutes / 90-minute response","90-minute response for urgent call-outs across greater regions. | Urgent help for storm faults, water-affected fittings and tripping circuits and hot outlets and unsafe outdoor power in Collaroy Plateau, with 90-minute emergency response. | Emergency call-outs in this region use 90-minute emergency response.","90","no","Current response-time wording matches the current region classification.","Keep current greater classification","no"
"Northern Beaches","Northern Beaches","Cottage Point","2084","/service-areas/northern-beaches/northern-beaches/cottage-point/","greater","within 90 minutes / 90-minute response","90-minute response for urgent call-outs across greater regions. | Urgent help for storm faults, water-affected fittings and tripping circuits and hot outlets and unsafe outdoor power in Cottage Point, with 90-minute emergency response. | Emergency call-outs in this region use 90-minute emergency response.","90","no","Current response-time wording matches the current region classification.","Keep current greater classification","no"
"Northern Beaches","Northern Beaches","Cromer","2099","/service-areas/northern-beaches/northern-beaches/cromer/","greater","within 90 minutes / 90-minute response","90-minute response for urgent call-outs across greater regions. | Evaready provides 90-minute emergency response for emergency call-outs in this region. | Urgent help for storm faults, water-affected fittings and tripping circuits and hot outlets and unsafe outdoor power in Cromer, with 90-minute emergency response. | Emergency call-outs in this region use 90-minute emergency response.","90","no","Current response-time wording matches the current region classification.","Keep current greater classification","no"
"Northern Beaches","Northern Beaches","Curl Curl","2096","/service-areas/northern-beaches/northern-beaches/curl-curl/","greater","within 90 minutes / 90-minute response","90-minute response for urgent call-outs across greater regions. | Urgent help for storm faults, water-affected fittings and tripping circuits and hot outlets and unsafe outdoor power in Curl Curl, with 90-minute emergency response. | Emergency call-outs in this region use 90-minute emergency response.","90","no","Current response-time wording matches the current region classification.","Keep current greater classification","no"
"Northern Beaches","Northern Beaches","Davidson","2085","/service-areas/northern-beaches/northern-beaches/davidson/","greater","within 90 minutes / 90-minute response","90-minute response for urgent call-outs across greater regions. | For Davidson, emergency call-outs use 90-minute emergency response; call for unsafe faults, or send photos and details for planned work. | Urgent help for storm faults, water-affected fittings and tripping circuits and hot outlets and unsafe outdoor power in Davidson, with 90-minute emergency response. | Emergency call-outs in this region use 90-minute emergency response.","90","no","Current response-time wording matches the current region classification.","Keep current greater classification","no"
"Northern Beaches","Northern Beaches","Dee Why","2099","/service-areas/northern-beaches/northern-beaches/dee-why/","greater","within 90 minutes / 90-minute response","90-minute response for urgent call-outs across greater regions. | Urgent help for storm faults, water-affected fittings and tripping circuits and hot outlets and unsafe outdoor power in Dee Why, with 90-minute emergency response. | Emergency call-outs in this region use 90-minute emergency response.","90","no","Current response-time wording matches the current region classification.","Keep current greater classification","no"
"Northern Beaches","Northern Beaches","Duffys Forest","2084","/service-areas/northern-beaches/northern-beaches/duffys-forest/","greater","within 90 minutes / 90-minute response","90-minute response for urgent call-outs across greater regions. | For Duffys Forest, emergency call-outs use 90-minute emergency response; call for unsafe faults, or send photos and details for planned work. | Evaready provides 90-minute emergency response for emergency call-outs in this region. | Urgent help for storm faults, water-affected fittings and tripping circuits and hot outlets and unsafe outdoor power in Duffys Forest, with 90-minute emergency response.","90","no","Current response-time wording matches the current region classification.","Keep current greater classification","no"
"Northern Beaches","Northern Beaches","Elanora Heights","2101","/service-areas/northern-beaches/northern-beaches/elanora-heights/","greater","within 90 minutes / 90-minute response","90-minute response for urgent call-outs across greater regions. | Urgent help for storm faults, water-affected fittings and tripping circuits and hot outlets and unsafe outdoor power in Elanora Heights, with 90-minute emergency response. | Emergency call-outs in this region use 90-minute emergency response.","90","no","Current response-time wording matches the current region classification.","Keep current greater classification","no"
"Northern Beaches","Northern Beaches","Elvina Bay","2105","/service-areas/northern-beaches/northern-beaches/elvina-bay/","greater","within 90 minutes / 90-minute response","90-minute response for urgent call-outs across greater regions. | Urgent help for storm faults, water-affected fittings and tripping circuits and hot outlets and unsafe outdoor power in Elvina Bay, with 90-minute emergency response. | Emergency call-outs in this region use 90-minute emergency response.","90","no","Current response-time wording matches the current region classification.","Keep current greater classification","no"
"Northern Beaches","Northern Beaches","Fairlight","2094","/service-areas/northern-beaches/northern-beaches/fairlight/","greater","within 90 minutes / 90-minute response","90-minute response for urgent call-outs across greater regions. | Urgent help for storm faults, water-affected fittings and tripping circuits and hot outlets and unsafe outdoor power in Fairlight, with 90-minute emergency response. | Emergency call-outs in this region use 90-minute emergency response.","90","no","Current response-time wording matches the current region classification.","Keep current greater classification","no"
"Northern Beaches","Northern Beaches","Forestville","2087","/service-areas/northern-beaches/northern-beaches/forestville/","greater","within 90 minutes / 90-minute response","90-minute response for urgent call-outs across greater regions. | Evaready provides 90-minute emergency response for emergency call-outs in this region. | Urgent help for storm faults, water-affected fittings and tripping circuits and hot outlets and unsafe outdoor power in Forestville, with 90-minute emergency response. | Emergency call-outs in this region use 90-minute emergency response.","90","no","Current response-time wording matches the current region classification.","Keep current greater classification","no"
"Northern Beaches","Northern Beaches","Frenchs Forest","2086","/service-areas/northern-beaches/northern-beaches/frenchs-forest/","greater","within 90 minutes / 90-minute response","90-minute response for urgent call-outs across greater regions. | Urgent help for storm faults, water-affected fittings and tripping circuits and hot outlets and unsafe outdoor power in Frenchs Forest, with 90-minute emergency response. | Emergency call-outs in this region use 90-minute emergency response.","90","no","Current response-time wording matches the current region classification.","Keep current greater classification","no"
"Northern Beaches","Northern Beaches","Freshwater","2096","/service-areas/northern-beaches/northern-beaches/freshwater/","greater","within 90 minutes / 90-minute response","90-minute response for urgent call-outs across greater regions. | Urgent help for storm faults, water-affected fittings and tripping circuits and hot outlets and unsafe outdoor power in Freshwater, with 90-minute emergency response. | Emergency call-outs in this region use 90-minute emergency response.","90","no","Current response-time wording matches the current region classification.","Keep current greater classification","no"
"Northern Beaches","Northern Beaches","Great Mackerel Beach","2108","/service-areas/northern-beaches/northern-beaches/great-mackerel-beach/","greater","within 90 minutes / 90-minute response","90-minute response for urgent call-outs across greater regions. | Evaready provides 90-minute emergency response for emergency call-outs in this region. | Urgent help for storm faults, water-affected fittings and tripping circuits and hot outlets and unsafe outdoor power in Great Mackerel Beach, with 90-minute emergency response. | Emergency call-outs in this region use 90-minute emergency response.","90","no","Current response-time wording matches the current region classification.","Keep current greater classification","no"
"Northern Beaches","Northern Beaches","Ingleside","2101","/service-areas/northern-beaches/northern-beaches/ingleside/","greater","within 90 minutes / 90-minute response","90-minute response for urgent call-outs across greater regions. | Evaready provides 90-minute emergency response for emergency call-outs in this region. | Urgent help for storm faults, water-affected fittings and tripping circuits and hot outlets and unsafe outdoor power in Ingleside, with 90-minute emergency response. | Emergency call-outs in this region use 90-minute emergency response.","90","no","Current response-time wording matches the current region classification.","Keep current greater classification","no"
"Northern Beaches","Northern Beaches","Killarney Heights","2087","/service-areas/northern-beaches/northern-beaches/killarney-heights/","greater","within 90 minutes / 90-minute response","90-minute response for urgent call-outs across greater regions. | Urgent help for storm faults, water-affected fittings and tripping circuits and hot outlets and unsafe outdoor power in Killarney Heights, with 90-minute emergency response. | Emergency call-outs in this region use 90-minute emergency response.","90","no","Current response-time wording matches the current region classification.","Keep current greater classification","no"
"Northern Beaches","Northern Beaches","Ku-Ring-Gai Chase","2084","/service-areas/northern-beaches/northern-beaches/ku-ring-gai-chase/","greater","within 90 minutes / 90-minute response","90-minute response for urgent call-outs across greater regions. | Urgent help for storm faults, water-affected fittings and tripping circuits and hot outlets and unsafe outdoor power in Ku-Ring-Gai Chase, with 90-minute emergency response. | Emergency call-outs in this region use 90-minute emergency response.","90","no","Current response-time wording matches the current region classification.","Keep current greater classification","no"
"Northern Beaches","Northern Beaches","Lovett Bay","2105","/service-areas/northern-beaches/northern-beaches/lovett-bay/","greater","within 90 minutes / 90-minute response","90-minute response for urgent call-outs across greater regions. | Urgent help for storm faults, water-affected fittings and tripping circuits and hot outlets and unsafe outdoor power in Lovett Bay, with 90-minute emergency response. | Emergency call-outs in this region use 90-minute emergency response.","90","no","Current response-time wording matches the current region classification.","Keep current greater classification","no"
"Northern Beaches","Northern Beaches","Manly","2095","/service-areas/northern-beaches/northern-beaches/manly/","greater","within 90 minutes / 90-minute response","90-minute response for urgent call-outs across greater regions. | Urgent help for storm faults, water-affected fittings and tripping circuits and hot outlets and unsafe outdoor power in Manly, with 90-minute emergency response. | Emergency call-outs in this region use 90-minute emergency response.","90","no","Current response-time wording matches the current region classification.","Keep current greater classification","no"
"Northern Beaches","Northern Beaches","Manly Vale","2093","/service-areas/northern-beaches/northern-beaches/manly-vale/","greater","within 90 minutes / 90-minute response","90-minute response for urgent call-outs across greater regions. | Urgent help for storm faults, water-affected fittings and tripping circuits and hot outlets and unsafe outdoor power in Manly Vale, with 90-minute emergency response. | Emergency call-outs in this region use 90-minute emergency response.","90","no","Current response-time wording matches the current region classification.","Keep current greater classification","no"
"Northern Beaches","Northern Beaches","Mona Vale","2103","/service-areas/northern-beaches/northern-beaches/mona-vale/","greater","within 90 minutes / 90-minute response","90-minute response for urgent call-outs across greater regions. | Urgent help for storm faults, water-affected fittings and tripping circuits and hot outlets and unsafe outdoor power in Mona Vale, with 90-minute emergency response. | Emergency call-outs in this region use 90-minute emergency response.","90","no","Current response-time wording matches the current region classification.","Keep current greater classification","no"
"Northern Beaches","Northern Beaches","Morning Bay","2105","/service-areas/northern-beaches/northern-beaches/morning-bay/","greater","within 90 minutes / 90-minute response","90-minute response for urgent call-outs across greater regions. | Evaready provides 90-minute emergency response for emergency call-outs in this region. | Urgent help for storm faults, water-affected fittings and tripping circuits and hot outlets and unsafe outdoor power in Morning Bay, with 90-minute emergency response. | Emergency call-outs in this region use 90-minute emergency response.","90","no","Current response-time wording matches the current region classification.","Keep current greater classification","no"
"Northern Beaches","Northern Beaches","Narrabeen","2101","/service-areas/northern-beaches/northern-beaches/narrabeen/","greater","within 90 minutes / 90-minute response","90-minute response for urgent call-outs across greater regions. | Evaready provides 90-minute emergency response for emergency call-outs in this region. | Urgent help for storm faults, water-affected fittings and tripping circuits and hot outlets and unsafe outdoor power in Narrabeen, with 90-minute emergency response. | Emergency call-outs in this region use 90-minute emergency response.","90","no","Current response-time wording matches the current region classification.","Keep current greater classification","no"
"Northern Beaches","Northern Beaches","Narraweena","2099","/service-areas/northern-beaches/northern-beaches/narraweena/","greater","within 90 minutes / 90-minute response","90-minute response for urgent call-outs across greater regions. | Urgent help for storm faults, water-affected fittings and tripping circuits and hot outlets and unsafe outdoor power in Narraweena, with 90-minute emergency response. | Emergency call-outs in this region use 90-minute emergency response.","90","no","Current response-time wording matches the current region classification.","Keep current greater classification","no"
"Northern Beaches","Northern Beaches","Newport","2106","/service-areas/northern-beaches/northern-beaches/newport/","greater","within 90 minutes / 90-minute response","90-minute response for urgent call-outs across greater regions. | Evaready provides 90-minute emergency response for emergency call-outs in this region. | Urgent help for storm faults, water-affected fittings and tripping circuits and hot outlets and unsafe outdoor power in Newport, with 90-minute emergency response. | Emergency call-outs in this region use 90-minute emergency response.","90","no","Current response-time wording matches the current region classification.","Keep current greater classification","no"
"Northern Beaches","Northern Beaches","North Balgowlah","2093","/service-areas/northern-beaches/northern-beaches/north-balgowlah/","greater","within 90 minutes / 90-minute response","90-minute response for urgent call-outs across greater regions. | Urgent help for storm faults, water-affected fittings and tripping circuits and hot outlets and unsafe outdoor power in North Balgowlah, with 90-minute emergency response. | Emergency call-outs in this region use 90-minute emergency response.","90","no","Current response-time wording matches the current region classification.","Keep current greater classification","no"
"Northern Beaches","Northern Beaches","North Curl Curl","2099","/service-areas/northern-beaches/northern-beaches/north-curl-curl/","greater","within 90 minutes / 90-minute response","90-minute response for urgent call-outs across greater regions. | Evaready provides 90-minute emergency response for emergency call-outs in this region. | Urgent help for storm faults, water-affected fittings and tripping circuits and hot outlets and unsafe outdoor power in North Curl Curl, with 90-minute emergency response. | Emergency call-outs in this region use 90-minute emergency response.","90","no","Current response-time wording matches the current region classification.","Keep current greater classification","no"
"Northern Beaches","Northern Beaches","North Manly","2100","/service-areas/northern-beaches/northern-beaches/north-manly/","greater","within 90 minutes / 90-minute response","90-minute response for urgent call-outs across greater regions. | For North Manly, emergency call-outs use 90-minute emergency response; call for unsafe faults, or send photos and details for planned work. | Evaready provides 90-minute emergency response for emergency call-outs in this region. | Urgent help for storm faults, water-affected fittings and tripping circuits and hot outlets and unsafe outdoor power in North Manly, with 90-minute emergency response.","90","no","Current response-time wording matches the current region classification.","Keep current greater classification","no"
"Northern Beaches","Northern Beaches","North Narrabeen","2101","/service-areas/northern-beaches/northern-beaches/north-narrabeen/","greater","within 90 minutes / 90-minute response","90-minute response for urgent call-outs across greater regions. | Evaready provides 90-minute emergency response for emergency call-outs in this region. | Urgent help for storm faults, water-affected fittings and tripping circuits and hot outlets and unsafe outdoor power in North Narrabeen, with 90-minute emergency response. | Emergency call-outs in this region use 90-minute emergency response.","90","no","Current response-time wording matches the current region classification.","Keep current greater classification","no"
"Northern Beaches","Northern Beaches","Oxford Falls","2100","/service-areas/northern-beaches/northern-beaches/oxford-falls/","greater","within 90 minutes / 90-minute response","90-minute response for urgent call-outs across greater regions. | Urgent help for storm faults, water-affected fittings and tripping circuits and hot outlets and unsafe outdoor power in Oxford Falls, with 90-minute emergency response. | Emergency call-outs in this region use 90-minute emergency response.","90","no","Current response-time wording matches the current region classification.","Keep current greater classification","no"
"Northern Beaches","Northern Beaches","Palm Beach","2108","/service-areas/northern-beaches/northern-beaches/palm-beach/","greater","within 90 minutes / 90-minute response","90-minute response for urgent call-outs across greater regions. | For Palm Beach, emergency call-outs use 90-minute emergency response; call for unsafe faults, or send photos and details for planned work. | Urgent help for storm faults, water-affected fittings and tripping circuits and hot outlets and unsafe outdoor power in Palm Beach, with 90-minute emergency response. | Emergency call-outs in this region use 90-minute emergency response.","90","no","Current response-time wording matches the current region classification.","Keep current greater classification","no"
"Northern Beaches","Northern Beaches","Queenscliff","2096","/service-areas/northern-beaches/northern-beaches/queenscliff/","greater","within 90 minutes / 90-minute response","90-minute response for urgent call-outs across greater regions. | For Queenscliff, emergency call-outs use 90-minute emergency response; call for unsafe faults, or send photos and details for planned work. | Urgent help for storm faults, water-affected fittings and tripping circuits and hot outlets and unsafe outdoor power in Queenscliff, with 90-minute emergency response. | Emergency call-outs in this region use 90-minute emergency response.","90","no","Current response-time wording matches the current region classification.","Keep current greater classification","no"
"Northern Beaches","Northern Beaches","Scotland Island","2105","/service-areas/northern-beaches/northern-beaches/scotland-island/","greater","within 90 minutes / 90-minute response","90-minute response for urgent call-outs across greater regions. | Evaready provides 90-minute emergency response for emergency call-outs in this region. | Urgent help for storm faults, water-affected fittings and tripping circuits and hot outlets and unsafe outdoor power in Scotland Island, with 90-minute emergency response. | Emergency call-outs in this region use 90-minute emergency response.","90","no","Current response-time wording matches the current region classification.","Keep current greater classification","no"
"Northern Beaches","Northern Beaches","Seaforth","2092","/service-areas/northern-beaches/northern-beaches/seaforth/","greater","within 90 minutes / 90-minute response","90-minute response for urgent call-outs across greater regions. | Evaready provides 90-minute emergency response for emergency call-outs in this region. | Urgent help for storm faults, water-affected fittings and tripping circuits and hot outlets and unsafe outdoor power in Seaforth, with 90-minute emergency response. | Emergency call-outs in this region use 90-minute emergency response.","90","no","Current response-time wording matches the current region classification.","Keep current greater classification","no"
"Northern Beaches","Northern Beaches","Terrey Hills","2084","/service-areas/northern-beaches/northern-beaches/terrey-hills/","greater","within 90 minutes / 90-minute response","90-minute response for urgent call-outs across greater regions. | Urgent help for storm faults, water-affected fittings and tripping circuits and hot outlets and unsafe outdoor power in Terrey Hills, with 90-minute emergency response. | Emergency call-outs in this region use 90-minute emergency response.","90","no","Current response-time wording matches the current region classification.","Keep current greater classification","no"
"Northern Beaches","Northern Beaches","Warriewood","2102","/service-areas/northern-beaches/northern-beaches/warriewood/","greater","within 90 minutes / 90-minute response","90-minute response for urgent call-outs across greater regions. | Urgent help for storm faults, water-affected fittings and tripping circuits and hot outlets and unsafe outdoor power in Warriewood, with 90-minute emergency response. | Emergency call-outs in this region use 90-minute emergency response.","90","no","Current response-time wording matches the current region classification.","Keep current greater classification","no"
"Northern Beaches","Northern Beaches","Whale Beach","2107","/service-areas/northern-beaches/northern-beaches/whale-beach/","greater","within 90 minutes / 90-minute response","90-minute response for urgent call-outs across greater regions. | Evaready provides 90-minute emergency response for emergency call-outs in this region. | Urgent help for storm faults, water-affected fittings and tripping circuits and hot outlets and unsafe outdoor power in Whale Beach, with 90-minute emergency response. | Emergency call-outs in this region use 90-minute emergency response.","90","no","Current response-time wording matches the current region classification.","Keep current greater classification","no"
"Northern Beaches","Northern Beaches","Wheeler Heights","2097","/service-areas/northern-beaches/northern-beaches/wheeler-heights/","greater","within 90 minutes / 90-minute response","90-minute response for urgent call-outs across greater regions. | Urgent help for storm faults, water-affected fittings and tripping circuits and hot outlets and unsafe outdoor power in Wheeler Heights, with 90-minute emergency response. | Emergency call-outs in this region use 90-minute emergency response.","90","no","Current response-time wording matches the current region classification.","Keep current greater classification","no"
"Blue Mountains","Blue Mountains","Berambing","2758","/service-areas/blue-mountains/blue-mountains/berambing/","greater","within 90 minutes / 90-minute response","90-minute response for urgent call-outs across greater regions. | Urgent help for storm damage, power loss, tripping safety switches, unsafe outdoor circuits and fallen-line concerns in Berambing, with 90-minute emergency response. | Emergency call-outs in this region use 90-minute emergency response.","90","no","Current response-time wording matches the current region classification.","Keep current greater classification","no"
"Blue Mountains","Blue Mountains","Blaxland","2774","/service-areas/blue-mountains/blue-mountains/blaxland/","greater","within 90 minutes / 90-minute response","90-minute response for urgent call-outs across greater regions. | Urgent help for storm damage, power loss, tripping safety switches, unsafe outdoor circuits and fallen-line concerns in Blaxland, with 90-minute emergency response. | Emergency call-outs in this region use 90-minute emergency response.","90","no","Current response-time wording matches the current region classification.","Keep current greater classification","no"
"Blue Mountains","Blue Mountains","Bullaburra","2784","/service-areas/blue-mountains/blue-mountains/bullaburra/","greater","within 90 minutes / 90-minute response","90-minute response for urgent call-outs across greater regions. | Evaready provides 90-minute emergency response for emergency call-outs in this region. | Urgent help for storm damage, power loss, tripping safety switches, unsafe outdoor circuits and fallen-line concerns in Bullaburra, with 90-minute emergency response. | Emergency call-outs in this region use 90-minute emergency response.","90","no","Current response-time wording matches the current region classification.","Keep current greater classification","no"
"Blue Mountains","Blue Mountains","Faulconbridge","2776","/service-areas/blue-mountains/blue-mountains/faulconbridge/","greater","within 90 minutes / 90-minute response","90-minute response for urgent call-outs across greater regions. | Evaready provides 90-minute emergency response for emergency call-outs in this region. | Urgent help for storm damage, power loss, tripping safety switches, unsafe outdoor circuits and fallen-line concerns in Faulconbridge, with 90-minute emergency response. | Emergency call-outs in this region use 90-minute emergency response.","90","no","Current response-time wording matches the current region classification.","Keep current greater classification","no"
"Blue Mountains","Blue Mountains","Glenbrook","2773","/service-areas/blue-mountains/blue-mountains/glenbrook/","greater","within 90 minutes / 90-minute response","90-minute response for urgent call-outs across greater regions. | Urgent help for storm damage, power loss, tripping safety switches, unsafe outdoor circuits and fallen-line concerns in Glenbrook, with 90-minute emergency response. | Emergency call-outs in this region use 90-minute emergency response.","90","no","Current response-time wording matches the current region classification.","Keep current greater classification","no"
"Blue Mountains","Blue Mountains","Hawkesbury Heights","2777","/service-areas/blue-mountains/blue-mountains/hawkesbury-heights/","greater","within 90 minutes / 90-minute response","90-minute response for urgent call-outs across greater regions. | Evaready provides 90-minute emergency response for emergency call-outs in this region. | Urgent help for storm damage, power loss, tripping safety switches, unsafe outdoor circuits and fallen-line concerns in Hawkesbury Heights, with 90-minute emergency response. | Emergency call-outs in this region use 90-minute emergency response.","90","no","Current response-time wording matches the current region classification.","Keep current greater classification","no"
"Blue Mountains","Blue Mountains","Hazelbrook","2779","/service-areas/blue-mountains/blue-mountains/hazelbrook/","greater","within 90 minutes / 90-minute response","90-minute response for urgent call-outs across greater regions. | For Hazelbrook, emergency call-outs use 90-minute emergency response; call for unsafe faults, or send photos and details for planned work. | Evaready provides 90-minute emergency response for emergency call-outs in this region. | Urgent help for storm damage, power loss, tripping safety switches, unsafe outdoor circuits and fallen-line concerns in Hazelbrook, with 90-minute emergency response.","90","no","Current response-time wording matches the current region classification.","Keep current greater classification","no"
"Blue Mountains","Blue Mountains","Katoomba","2780","/service-areas/blue-mountains/blue-mountains/katoomba/","greater","within 90 minutes / 90-minute response","90-minute response for urgent call-outs across greater regions. | Urgent help for storm damage, power loss, tripping safety switches, unsafe outdoor circuits and fallen-line concerns in Katoomba, with 90-minute emergency response. | Emergency call-outs in this region use 90-minute emergency response.","90","no","Current response-time wording matches the current region classification.","Keep current greater classification","no"
"Blue Mountains","Blue Mountains","Lapstone","2773","/service-areas/blue-mountains/blue-mountains/lapstone/","greater","within 90 minutes / 90-minute response","90-minute response for urgent call-outs across greater regions. | Evaready provides 90-minute emergency response for emergency call-outs in this region. | Urgent help for storm damage, power loss, tripping safety switches, unsafe outdoor circuits and fallen-line concerns in Lapstone, with 90-minute emergency response. | Emergency call-outs in this region use 90-minute emergency response.","90","no","Current response-time wording matches the current region classification.","Keep current greater classification","no"
"Blue Mountains","Blue Mountains","Lawson","2783","/service-areas/blue-mountains/blue-mountains/lawson/","greater","within 90 minutes / 90-minute response","90-minute response for urgent call-outs across greater regions. | Evaready provides 90-minute emergency response for emergency call-outs in this region. | Urgent help for storm damage, power loss, tripping safety switches, unsafe outdoor circuits and fallen-line concerns in Lawson, with 90-minute emergency response. | Emergency call-outs in this region use 90-minute emergency response.","90","no","Current response-time wording matches the current region classification.","Keep current greater classification","no"
"Blue Mountains","Blue Mountains","Leura","2780","/service-areas/blue-mountains/blue-mountains/leura/","greater","within 90 minutes / 90-minute response","90-minute response for urgent call-outs across greater regions. | Urgent help for storm damage, power loss, tripping safety switches, unsafe outdoor circuits and fallen-line concerns in Leura, with 90-minute emergency response. | Emergency call-outs in this region use 90-minute emergency response.","90","no","Current response-time wording matches the current region classification.","Keep current greater classification","no"
"Blue Mountains","Blue Mountains","Linden","2778","/service-areas/blue-mountains/blue-mountains/linden/","greater","within 90 minutes / 90-minute response","90-minute response for urgent call-outs across greater regions. | Urgent help for storm damage, power loss, tripping safety switches, unsafe outdoor circuits and fallen-line concerns in Linden, with 90-minute emergency response. | Emergency call-outs in this region use 90-minute emergency response.","90","no","Current response-time wording matches the current region classification.","Keep current greater classification","no"
"Blue Mountains","Blue Mountains","Mount Riverview","2774","/service-areas/blue-mountains/blue-mountains/mount-riverview/","greater","within 90 minutes / 90-minute response","90-minute response for urgent call-outs across greater regions. | Urgent help for storm damage, power loss, tripping safety switches, unsafe outdoor circuits and fallen-line concerns in Mount Riverview, with 90-minute emergency response. | Emergency call-outs in this region use 90-minute emergency response.","90","no","Current response-time wording matches the current region classification.","Keep current greater classification","no"
"Blue Mountains","Blue Mountains","Springwood","2777","/service-areas/blue-mountains/blue-mountains/springwood/","greater","within 90 minutes / 90-minute response","90-minute response for urgent call-outs across greater regions. | Urgent help for storm damage, power loss, tripping safety switches, unsafe outdoor circuits and fallen-line concerns in Springwood, with 90-minute emergency response. | Emergency call-outs in this region use 90-minute emergency response.","90","no","Current response-time wording matches the current region classification.","Keep current greater classification","no"
"Blue Mountains","Blue Mountains","Sun Valley","2777","/service-areas/blue-mountains/blue-mountains/sun-valley/","greater","within 90 minutes / 90-minute response","90-minute response for urgent call-outs across greater regions. | Evaready provides 90-minute emergency response for emergency call-outs in this region. | Urgent help for storm damage, power loss, tripping safety switches, unsafe outdoor circuits and fallen-line concerns in Sun Valley, with 90-minute emergency response. | Emergency call-outs in this region use 90-minute emergency response.","90","no","Current response-time wording matches the current region classification.","Keep current greater classification","no"
"Blue Mountains","Blue Mountains","Valley Heights","2777","/service-areas/blue-mountains/blue-mountains/valley-heights/","greater","within 90 minutes / 90-minute response","90-minute response for urgent call-outs across greater regions. | Evaready provides 90-minute emergency response for emergency call-outs in this region. | Urgent help for storm damage, power loss, tripping safety switches, unsafe outdoor circuits and fallen-line concerns in Valley Heights, with 90-minute emergency response. | Emergency call-outs in this region use 90-minute emergency response.","90","no","Current response-time wording matches the current region classification.","Keep current greater classification","no"
"Blue Mountains","Blue Mountains","Warrimoo","2774","/service-areas/blue-mountains/blue-mountains/warrimoo/","greater","within 90 minutes / 90-minute response","90-minute response for urgent call-outs across greater regions. | Evaready provides 90-minute emergency response for emergency call-outs in this region. | Urgent help for storm damage, power loss, tripping safety switches, unsafe outdoor circuits and fallen-line concerns in Warrimoo, with 90-minute emergency response. | Emergency call-outs in this region use 90-minute emergency response.","90","no","Current response-time wording matches the current region classification.","Keep current greater classification","no"
"Blue Mountains","Blue Mountains","Wentworth Falls","2782","/service-areas/blue-mountains/blue-mountains/wentworth-falls/","greater","within 90 minutes / 90-minute response","90-minute response for urgent call-outs across greater regions. | Urgent help for storm damage, power loss, tripping safety switches, unsafe outdoor circuits and fallen-line concerns in Wentworth Falls, with 90-minute emergency response. | Emergency call-outs in this region use 90-minute emergency response.","90","no","Current response-time wording matches the current region classification.","Keep current greater classification","no"
"Blue Mountains","Blue Mountains","Winmalee","2777","/service-areas/blue-mountains/blue-mountains/winmalee/","greater","within 90 minutes / 90-minute response","90-minute response for urgent call-outs across greater regions. | Urgent help for storm damage, power loss, tripping safety switches, unsafe outdoor circuits and fallen-line concerns in Winmalee, with 90-minute emergency response. | Emergency call-outs in this region use 90-minute emergency response.","90","no","Current response-time wording matches the current region classification.","Keep current greater classification","no"
"Blue Mountains","Blue Mountains","Woodford","2778","/service-areas/blue-mountains/blue-mountains/woodford/","greater","within 90 minutes / 90-minute response","90-minute response for urgent call-outs across greater regions. | Urgent help for storm damage, power loss, tripping safety switches, unsafe outdoor circuits and fallen-line concerns in Woodford, with 90-minute emergency response. | Emergency call-outs in this region use 90-minute emergency response.","90","no","Current response-time wording matches the current region classification.","Keep current greater classification","no"
"Blue Mountains","Blue Mountains","Yellow Rock","2777","/service-areas/blue-mountains/blue-mountains/yellow-rock/","greater","within 90 minutes / 90-minute response","90-minute response for urgent call-outs across greater regions. | Evaready provides 90-minute emergency response for emergency call-outs in this region. | Urgent help for storm damage, power loss, tripping safety switches, unsafe outdoor circuits and fallen-line concerns in Yellow Rock, with 90-minute emergency response. | Emergency call-outs in this region use 90-minute emergency response.","90","no","Current response-time wording matches the current region classification.","Keep current greater classification","no"
"Wollongong & Illawarra","Minnamurra & Kiama Downs","Bombo","2533","/service-areas/wollongong-and-illawarra/minnamurra-and-kiama-downs/bombo/","greater","within 90 minutes / 90-minute response","90-minute response for urgent call-outs across greater regions. | For Bombo, emergency call-outs use 90-minute emergency response; call for unsafe faults, or send photos and details for planned work. | Urgent help for coastal storm faults, power loss and tripping circuits, hot isolators and water-affected fittings in Bombo, with 90-minute emergency response. | Emergency call-outs in this region use 90-minute emergency response.","90","no","Current response-time wording matches the current region classification.","Keep current greater classification","no"
"Wollongong & Illawarra","Minnamurra & Kiama Downs","Croom","2527","/service-areas/wollongong-and-illawarra/minnamurra-and-kiama-downs/croom/","greater","within 90 minutes / 90-minute response","90-minute response for urgent call-outs across greater regions. | Urgent help for coastal storm faults, power loss and tripping circuits, hot isolators and water-affected fittings in Croom, with 90-minute emergency response. | Emergency call-outs in this region use 90-minute emergency response.","90","no","Current response-time wording matches the current region classification.","Keep current greater classification","no"
"Wollongong & Illawarra","Minnamurra & Kiama Downs","Kiama Downs","2533","/service-areas/wollongong-and-illawarra/minnamurra-and-kiama-downs/kiama-downs/","greater","within 90 minutes / 90-minute response","90-minute response for urgent call-outs across greater regions. | For Kiama Downs, emergency call-outs use 90-minute emergency response; call for unsafe faults, or send photos and details for planned work. | Evaready provides 90-minute emergency response for emergency call-outs in this region. | Urgent help for coastal storm faults, power loss and tripping circuits, hot isolators and water-affected fittings in Kiama Downs, with 90-minute emergency response.","90","no","Current response-time wording matches the current region classification.","Keep current greater classification","no"
"Wollongong & Illawarra","Minnamurra & Kiama Downs","Minnamurra","2533","/service-areas/wollongong-and-illawarra/minnamurra-and-kiama-downs/minnamurra/","greater","within 90 minutes / 90-minute response","90-minute response for urgent call-outs across greater regions. | Urgent help for coastal storm faults, power loss and tripping circuits, hot isolators and water-affected fittings in Minnamurra, with 90-minute emergency response. | Emergency call-outs in this region use 90-minute emergency response.","90","no","Current response-time wording matches the current region classification.","Keep current greater classification","no"
"Wollongong & Illawarra","Shellharbour","Albion Park","2527","/service-areas/wollongong-and-illawarra/shellharbour/albion-park/","greater","within 90 minutes / 90-minute response","90-minute response for urgent call-outs across greater regions. | Urgent help for coastal storm faults, power loss and tripping circuits, hot isolators and water-affected fittings in Albion Park, with 90-minute emergency response. | Emergency call-outs in this region use 90-minute emergency response.","90","no","Current response-time wording matches the current region classification.","Keep current greater classification","no"
"Wollongong & Illawarra","Shellharbour","Albion Park Rail","2527","/service-areas/wollongong-and-illawarra/shellharbour/albion-park-rail/","greater","within 90 minutes / 90-minute response","90-minute response for urgent call-outs across greater regions. | Urgent help for coastal storm faults, power loss and tripping circuits, hot isolators and water-affected fittings in Albion Park Rail, with 90-minute emergency response. | Emergency call-outs in this region use 90-minute emergency response.","90","no","Current response-time wording matches the current region classification.","Keep current greater classification","no"
"Wollongong & Illawarra","Shellharbour","Barrack Heights","2528","/service-areas/wollongong-and-illawarra/shellharbour/barrack-heights/","greater","within 90 minutes / 90-minute response","90-minute response for urgent call-outs across greater regions. | Urgent help for coastal storm faults, power loss and tripping circuits, hot isolators and water-affected fittings in Barrack Heights, with 90-minute emergency response. | Emergency call-outs in this region use 90-minute emergency response.","90","no","Current response-time wording matches the current region classification.","Keep current greater classification","no"
"Wollongong & Illawarra","Shellharbour","Barrack Point","2528","/service-areas/wollongong-and-illawarra/shellharbour/barrack-point/","greater","within 90 minutes / 90-minute response","90-minute response for urgent call-outs across greater regions. | For Barrack Point, emergency call-outs use 90-minute emergency response; call for unsafe faults, or send photos and details for planned work. | Evaready provides 90-minute emergency response for emergency call-outs in this region. | Urgent help for coastal storm faults, power loss and tripping circuits, hot isolators and water-affected fittings in Barrack Point, with 90-minute emergency response.","90","no","Current response-time wording matches the current region classification.","Keep current greater classification","no"
"Wollongong & Illawarra","Shellharbour","Blackbutt","2529","/service-areas/wollongong-and-illawarra/shellharbour/blackbutt/","greater","within 90 minutes / 90-minute response","90-minute response for urgent call-outs across greater regions. | Evaready provides 90-minute emergency response for emergency call-outs in this region. | Urgent help for coastal storm faults, power loss and tripping circuits, hot isolators and water-affected fittings in Blackbutt, with 90-minute emergency response. | Emergency call-outs in this region use 90-minute emergency response.","90","no","Current response-time wording matches the current region classification.","Keep current greater classification","no"
"Wollongong & Illawarra","Shellharbour","Calderwood","2527","/service-areas/wollongong-and-illawarra/shellharbour/calderwood/","greater","within 90 minutes / 90-minute response","90-minute response for urgent call-outs across greater regions. | For Calderwood, emergency call-outs use 90-minute emergency response; call for unsafe faults, or send photos and details for planned work. | Urgent help for coastal storm faults, power loss and tripping circuits, hot isolators and water-affected fittings in Calderwood, with 90-minute emergency response. | Emergency call-outs in this region use 90-minute emergency response.","90","no","Current response-time wording matches the current region classification.","Keep current greater classification","no"
"Wollongong & Illawarra","Shellharbour","Dunmore","2529","/service-areas/wollongong-and-illawarra/shellharbour/dunmore/","greater","within 90 minutes / 90-minute response","90-minute response for urgent call-outs across greater regions. | Urgent help for coastal storm faults, power loss and tripping circuits, hot isolators and water-affected fittings in Dunmore, with 90-minute emergency response. | Emergency call-outs in this region use 90-minute emergency response.","90","no","Current response-time wording matches the current region classification.","Keep current greater classification","no"
"Wollongong & Illawarra","Shellharbour","Flinders","2529","/service-areas/wollongong-and-illawarra/shellharbour/flinders/","greater","within 90 minutes / 90-minute response","90-minute response for urgent call-outs across greater regions. | Urgent help for coastal storm faults, power loss and tripping circuits, hot isolators and water-affected fittings in Flinders, with 90-minute emergency response. | Emergency call-outs in this region use 90-minute emergency response.","90","no","Current response-time wording matches the current region classification.","Keep current greater classification","no"
"Wollongong & Illawarra","Shellharbour","Lake Illawarra","2528","/service-areas/wollongong-and-illawarra/shellharbour/lake-illawarra/","greater","within 90 minutes / 90-minute response","90-minute response for urgent call-outs across greater regions. | Urgent help for coastal storm faults, power loss and tripping circuits, hot isolators and water-affected fittings in Lake Illawarra, with 90-minute emergency response. | Emergency call-outs in this region use 90-minute emergency response.","90","no","Current response-time wording matches the current region classification.","Keep current greater classification","no"
"Wollongong & Illawarra","Shellharbour","Mount Warrigal","2528","/service-areas/wollongong-and-illawarra/shellharbour/mount-warrigal/","greater","within 90 minutes / 90-minute response","90-minute response for urgent call-outs across greater regions. | Evaready provides 90-minute emergency response for emergency call-outs in this region. | Urgent help for coastal storm faults, power loss and tripping circuits, hot isolators and water-affected fittings in Mount Warrigal, with 90-minute emergency response. | Emergency call-outs in this region use 90-minute emergency response.","90","no","Current response-time wording matches the current region classification.","Keep current greater classification","no"
"Wollongong & Illawarra","Shellharbour","North Macquarie","2527","/service-areas/wollongong-and-illawarra/shellharbour/north-macquarie/","greater","within 90 minutes / 90-minute response","90-minute response for urgent call-outs across greater regions. | Urgent help for coastal storm faults, power loss and tripping circuits, hot isolators and water-affected fittings in North Macquarie, with 90-minute emergency response. | Emergency call-outs in this region use 90-minute emergency response.","90","no","Current response-time wording matches the current region classification.","Keep current greater classification","no"
"Wollongong & Illawarra","Shellharbour","Oak Flats","2529","/service-areas/wollongong-and-illawarra/shellharbour/oak-flats/","greater","within 90 minutes / 90-minute response","90-minute response for urgent call-outs across greater regions. | For Oak Flats, emergency call-outs use 90-minute emergency response; call for unsafe faults, or send photos and details for planned work. | Evaready provides 90-minute emergency response for emergency call-outs in this region. | Urgent help for coastal storm faults, power loss and tripping circuits, hot isolators and water-affected fittings in Oak Flats, with 90-minute emergency response.","90","no","Current response-time wording matches the current region classification.","Keep current greater classification","no"
"Wollongong & Illawarra","Shellharbour","Shell Cove","2529","/service-areas/wollongong-and-illawarra/shellharbour/shell-cove/","greater","within 90 minutes / 90-minute response","90-minute response for urgent call-outs across greater regions. | Urgent help for coastal storm faults, power loss and tripping circuits, hot isolators and water-affected fittings in Shell Cove, with 90-minute emergency response. | Emergency call-outs in this region use 90-minute emergency response.","90","no","Current response-time wording matches the current region classification.","Keep current greater classification","no"
"Wollongong & Illawarra","Shellharbour","Shellharbour","2529","/service-areas/wollongong-and-illawarra/shellharbour/shellharbour/","greater","within 90 minutes / 90-minute response","90-minute response for urgent call-outs across greater regions. | Urgent help for coastal storm faults, power loss and tripping circuits, hot isolators and water-affected fittings in Shellharbour, with 90-minute emergency response. | Emergency call-outs in this region use 90-minute emergency response.","90","no","Current response-time wording matches the current region classification.","Keep current greater classification","no"
"Wollongong & Illawarra","Shellharbour","Shellharbour City Centre","2529","/service-areas/wollongong-and-illawarra/shellharbour/shellharbour-city-centre/","greater","within 90 minutes / 90-minute response","90-minute response for urgent call-outs across greater regions. | Urgent help for coastal storm faults, power loss and tripping circuits, hot isolators and water-affected fittings in Shellharbour City Centre, with 90-minute emergency response. | Emergency call-outs in this region use 90-minute emergency response.","90","no","Current response-time wording matches the current region classification.","Keep current greater classification","no"
"Wollongong & Illawarra","Shellharbour","Tullimbar","2527","/service-areas/wollongong-and-illawarra/shellharbour/tullimbar/","greater","within 90 minutes / 90-minute response","90-minute response for urgent call-outs across greater regions. | Evaready provides 90-minute emergency response for emergency call-outs in this region. | Urgent help for coastal storm faults, power loss and tripping circuits, hot isolators and water-affected fittings in Tullimbar, with 90-minute emergency response. | Emergency call-outs in this region use 90-minute emergency response.","90","no","Current response-time wording matches the current region classification.","Keep current greater classification","no"
"Wollongong & Illawarra","Shellharbour","Warilla","2528","/service-areas/wollongong-and-illawarra/shellharbour/warilla/","greater","within 90 minutes / 90-minute response","90-minute response for urgent call-outs across greater regions. | For Warilla, emergency call-outs use 90-minute emergency response; call for unsafe faults, or send photos and details for planned work. | Urgent help for coastal storm faults, power loss and tripping circuits, hot isolators and water-affected fittings in Warilla, with 90-minute emergency response. | Emergency call-outs in this region use 90-minute emergency response.","90","no","Current response-time wording matches the current region classification.","Keep current greater classification","no"
"Wollongong & Illawarra","Wollongong","Austinmer","2515","/service-areas/wollongong-and-illawarra/wollongong/austinmer/","greater","within 90 minutes / 90-minute response","90-minute response for urgent call-outs across greater regions. | Urgent help for coastal storm faults, power loss and tripping circuits, hot isolators and water-affected fittings in Austinmer, with 90-minute emergency response. | Emergency call-outs in this region use 90-minute emergency response.","90","no","Current response-time wording matches the current region classification.","Keep current greater classification","no"
"Wollongong & Illawarra","Wollongong","Avondale","2530","/service-areas/wollongong-and-illawarra/wollongong/avondale/","greater","within 90 minutes / 90-minute response","90-minute response for urgent call-outs across greater regions. | Urgent help for coastal storm faults, power loss and tripping circuits, hot isolators and water-affected fittings in Avondale, with 90-minute emergency response. | Emergency call-outs in this region use 90-minute emergency response.","90","no","Current response-time wording matches the current region classification.","Keep current greater classification","no"
"Wollongong & Illawarra","Wollongong","Balgownie","2519","/service-areas/wollongong-and-illawarra/wollongong/balgownie/","greater","within 90 minutes / 90-minute response","90-minute response for urgent call-outs across greater regions. | Urgent help for coastal storm faults, power loss and tripping circuits, hot isolators and water-affected fittings in Balgownie, with 90-minute emergency response. | Emergency call-outs in this region use 90-minute emergency response.","90","no","Current response-time wording matches the current region classification.","Keep current greater classification","no"
"Wollongong & Illawarra","Wollongong","Bellambi","2518","/service-areas/wollongong-and-illawarra/wollongong/bellambi/","greater","within 90 minutes / 90-minute response","90-minute response for urgent call-outs across greater regions. | Urgent help for coastal storm faults, power loss and tripping circuits, hot isolators and water-affected fittings in Bellambi, with 90-minute emergency response. | Emergency call-outs in this region use 90-minute emergency response.","90","no","Current response-time wording matches the current region classification.","Keep current greater classification","no"
"Wollongong & Illawarra","Wollongong","Berkeley","2506","/service-areas/wollongong-and-illawarra/wollongong/berkeley/","greater","within 90 minutes / 90-minute response","90-minute response for urgent call-outs across greater regions. | For Berkeley, emergency call-outs use 90-minute emergency response; call for unsafe faults, or send photos and details for planned work. | Evaready provides 90-minute emergency response for emergency call-outs in this region. | Urgent help for coastal storm faults, power loss and tripping circuits, hot isolators and water-affected fittings in Berkeley, with 90-minute emergency response.","90","no","Current response-time wording matches the current region classification.","Keep current greater classification","no"
"Wollongong & Illawarra","Wollongong","Brownsville","2530","/service-areas/wollongong-and-illawarra/wollongong/brownsville/","greater","within 90 minutes / 90-minute response","90-minute response for urgent call-outs across greater regions. | For Brownsville, emergency call-outs use 90-minute emergency response; call for unsafe faults, or send photos and details for planned work. | Urgent help for coastal storm faults, power loss and tripping circuits, hot isolators and water-affected fittings in Brownsville, with 90-minute emergency response. | Emergency call-outs in this region use 90-minute emergency response.","90","no","Current response-time wording matches the current region classification.","Keep current greater classification","no"
"Wollongong & Illawarra","Wollongong","Bulli","2516","/service-areas/wollongong-and-illawarra/wollongong/bulli/","greater","within 90 minutes / 90-minute response","90-minute response for urgent call-outs across greater regions. | Urgent help for coastal storm faults, power loss and tripping circuits, hot isolators and water-affected fittings in Bulli, with 90-minute emergency response. | Emergency call-outs in this region use 90-minute emergency response.","90","no","Current response-time wording matches the current region classification.","Keep current greater classification","no"
"Wollongong & Illawarra","Wollongong","Cleveland","2530","/service-areas/wollongong-and-illawarra/wollongong/cleveland/","greater","within 90 minutes / 90-minute response","90-minute response for urgent call-outs across greater regions. | Urgent help for coastal storm faults, power loss and tripping circuits, hot isolators and water-affected fittings in Cleveland, with 90-minute emergency response. | Emergency call-outs in this region use 90-minute emergency response.","90","no","Current response-time wording matches the current region classification.","Keep current greater classification","no"
"Wollongong & Illawarra","Wollongong","Clifton","2515","/service-areas/wollongong-and-illawarra/wollongong/clifton/","greater","within 90 minutes / 90-minute response","90-minute response for urgent call-outs across greater regions. | For Clifton, emergency call-outs use 90-minute emergency response; call for unsafe faults, or send photos and details for planned work. | Urgent help for coastal storm faults, power loss and tripping circuits, hot isolators and water-affected fittings in Clifton, with 90-minute emergency response. | Emergency call-outs in this region use 90-minute emergency response.","90","no","Current response-time wording matches the current region classification.","Keep current greater classification","no"
"Wollongong & Illawarra","Wollongong","Coalcliff","2508","/service-areas/wollongong-and-illawarra/wollongong/coalcliff/","greater","within 90 minutes / 90-minute response","90-minute response for urgent call-outs across greater regions. | Evaready provides 90-minute emergency response for emergency call-outs in this region. | Urgent help for coastal storm faults, power loss and tripping circuits, hot isolators and water-affected fittings in Coalcliff, with 90-minute emergency response. | Emergency call-outs in this region use 90-minute emergency response.","90","no","Current response-time wording matches the current region classification.","Keep current greater classification","no"
"Wollongong & Illawarra","Wollongong","Coledale","2515","/service-areas/wollongong-and-illawarra/wollongong/coledale/","greater","within 90 minutes / 90-minute response","90-minute response for urgent call-outs across greater regions. | For Coledale, emergency call-outs use 90-minute emergency response; call for unsafe faults, or send photos and details for planned work. | Urgent help for coastal storm faults, power loss and tripping circuits, hot isolators and water-affected fittings in Coledale, with 90-minute emergency response. | Emergency call-outs in this region use 90-minute emergency response.","90","no","Current response-time wording matches the current region classification.","Keep current greater classification","no"
"Wollongong & Illawarra","Wollongong","Coniston","2500","/service-areas/wollongong-and-illawarra/wollongong/coniston/","greater","within 90 minutes / 90-minute response","90-minute response for urgent call-outs across greater regions. | Urgent help for coastal storm faults, power loss and tripping circuits, hot isolators and water-affected fittings in Coniston, with 90-minute emergency response. | Emergency call-outs in this region use 90-minute emergency response.","90","no","Current response-time wording matches the current region classification.","Keep current greater classification","no"
"Wollongong & Illawarra","Wollongong","Cordeaux Heights","2526","/service-areas/wollongong-and-illawarra/wollongong/cordeaux-heights/","greater","within 90 minutes / 90-minute response","90-minute response for urgent call-outs across greater regions. | Urgent help for coastal storm faults, power loss and tripping circuits, hot isolators and water-affected fittings in Cordeaux Heights, with 90-minute emergency response. | Emergency call-outs in this region use 90-minute emergency response.","90","no","Current response-time wording matches the current region classification.","Keep current greater classification","no"
"Wollongong & Illawarra","Wollongong","Corrimal","2518","/service-areas/wollongong-and-illawarra/wollongong/corrimal/","greater","within 90 minutes / 90-minute response","90-minute response for urgent call-outs across greater regions. | For Corrimal, emergency call-outs use 90-minute emergency response; call for unsafe faults, or send photos and details for planned work. | Urgent help for coastal storm faults, power loss and tripping circuits, hot isolators and water-affected fittings in Corrimal, with 90-minute emergency response. | Emergency call-outs in this region use 90-minute emergency response.","90","no","Current response-time wording matches the current region classification.","Keep current greater classification","no"
"Wollongong & Illawarra","Wollongong","Cringila","2502","/service-areas/wollongong-and-illawarra/wollongong/cringila/","greater","within 90 minutes / 90-minute response","90-minute response for urgent call-outs across greater regions. | Evaready provides 90-minute emergency response for emergency call-outs in this region. | Urgent help for coastal storm faults, power loss and tripping circuits, hot isolators and water-affected fittings in Cringila, with 90-minute emergency response. | Emergency call-outs in this region use 90-minute emergency response.","90","no","Current response-time wording matches the current region classification.","Keep current greater classification","no"
"Wollongong & Illawarra","Wollongong","Dapto","2530","/service-areas/wollongong-and-illawarra/wollongong/dapto/","greater","within 90 minutes / 90-minute response","90-minute response for urgent call-outs across greater regions. | Urgent help for coastal storm faults, power loss and tripping circuits, hot isolators and water-affected fittings in Dapto, with 90-minute emergency response. | Emergency call-outs in this region use 90-minute emergency response.","90","no","Current response-time wording matches the current region classification.","Keep current greater classification","no"
"Wollongong & Illawarra","Wollongong","Darkes Forest","2508","/service-areas/wollongong-and-illawarra/wollongong/darkes-forest/","greater","within 90 minutes / 90-minute response","90-minute response for urgent call-outs across greater regions. | Urgent help for coastal storm faults, power loss and tripping circuits, hot isolators and water-affected fittings in Darkes Forest, with 90-minute emergency response. | Emergency call-outs in this region use 90-minute emergency response.","90","no","Current response-time wording matches the current region classification.","Keep current greater classification","no"
"Wollongong & Illawarra","Wollongong","Dombarton","2530","/service-areas/wollongong-and-illawarra/wollongong/dombarton/","greater","within 90 minutes / 90-minute response","90-minute response for urgent call-outs across greater regions. | Urgent help for coastal storm faults, power loss and tripping circuits, hot isolators and water-affected fittings in Dombarton, with 90-minute emergency response. | Emergency call-outs in this region use 90-minute emergency response.","90","no","Current response-time wording matches the current region classification.","Keep current greater classification","no"
"Wollongong & Illawarra","Wollongong","East Corrimal","2518","/service-areas/wollongong-and-illawarra/wollongong/east-corrimal/","greater","within 90 minutes / 90-minute response","90-minute response for urgent call-outs across greater regions. | Urgent help for coastal storm faults, power loss and tripping circuits, hot isolators and water-affected fittings in East Corrimal, with 90-minute emergency response. | Emergency call-outs in this region use 90-minute emergency response.","90","no","Current response-time wording matches the current region classification.","Keep current greater classification","no"
"Wollongong & Illawarra","Wollongong","Fairy Meadow","2519","/service-areas/wollongong-and-illawarra/wollongong/fairy-meadow/","greater","within 90 minutes / 90-minute response","90-minute response for urgent call-outs across greater regions. | Urgent help for coastal storm faults, power loss and tripping circuits, hot isolators and water-affected fittings in Fairy Meadow, with 90-minute emergency response. | Emergency call-outs in this region use 90-minute emergency response.","90","no","Current response-time wording matches the current region classification.","Keep current greater classification","no"
"Wollongong & Illawarra","Wollongong","Farmborough Heights","2526","/service-areas/wollongong-and-illawarra/wollongong/farmborough-heights/","greater","within 90 minutes / 90-minute response","90-minute response for urgent call-outs across greater regions. | For Farmborough Heights, emergency call-outs use 90-minute emergency response; call for unsafe faults, or send photos and details for planned work. | Urgent help for coastal storm faults, power loss and tripping circuits, hot isolators and water-affected fittings in Farmborough Heights, with 90-minute emergency response. | Emergency call-outs in this region use 90-minute emergency response.","90","no","Current response-time wording matches the current region classification.","Keep current greater classification","no"
"Wollongong & Illawarra","Wollongong","Fernhill","2519","/service-areas/wollongong-and-illawarra/wollongong/fernhill/","greater","within 90 minutes / 90-minute response","90-minute response for urgent call-outs across greater regions. | For Fernhill, emergency call-outs use 90-minute emergency response; call for unsafe faults, or send photos and details for planned work. | Urgent help for coastal storm faults, power loss and tripping circuits, hot isolators and water-affected fittings in Fernhill, with 90-minute emergency response. | Emergency call-outs in this region use 90-minute emergency response.","90","no","Current response-time wording matches the current region classification.","Keep current greater classification","no"
"Wollongong & Illawarra","Wollongong","Figtree","2525","/service-areas/wollongong-and-illawarra/wollongong/figtree/","greater","within 90 minutes / 90-minute response","90-minute response for urgent call-outs across greater regions. | For Figtree, emergency call-outs use 90-minute emergency response; call for unsafe faults, or send photos and details for planned work. | Urgent help for coastal storm faults, power loss and tripping circuits, hot isolators and water-affected fittings in Figtree, with 90-minute emergency response. | Emergency call-outs in this region use 90-minute emergency response.","90","no","Current response-time wording matches the current region classification.","Keep current greater classification","no"
"Wollongong & Illawarra","Wollongong","Gwynneville","2500","/service-areas/wollongong-and-illawarra/wollongong/gwynneville/","greater","within 90 minutes / 90-minute response","90-minute response for urgent call-outs across greater regions. | For Gwynneville, emergency call-outs use 90-minute emergency response; call for unsafe faults, or send photos and details for planned work. | Urgent help for coastal storm faults, power loss and tripping circuits, hot isolators and water-affected fittings in Gwynneville, with 90-minute emergency response. | Emergency call-outs in this region use 90-minute emergency response.","90","no","Current response-time wording matches the current region classification.","Keep current greater classification","no"
"Wollongong & Illawarra","Wollongong","Haywards Bay","2530","/service-areas/wollongong-and-illawarra/wollongong/haywards-bay/","greater","within 90 minutes / 90-minute response","90-minute response for urgent call-outs across greater regions. | Urgent help for coastal storm faults, power loss and tripping circuits, hot isolators and water-affected fittings in Haywards Bay, with 90-minute emergency response. | Emergency call-outs in this region use 90-minute emergency response.","90","no","Current response-time wording matches the current region classification.","Keep current greater classification","no"
"Wollongong & Illawarra","Wollongong","Helensburgh","2508","/service-areas/wollongong-and-illawarra/wollongong/helensburgh/","greater","within 90 minutes / 90-minute response","90-minute response for urgent call-outs across greater regions. | Urgent help for coastal storm faults, power loss and tripping circuits, hot isolators and water-affected fittings in Helensburgh, with 90-minute emergency response. | Emergency call-outs in this region use 90-minute emergency response.","90","no","Current response-time wording matches the current region classification.","Keep current greater classification","no"
"Wollongong & Illawarra","Wollongong","Horsley","2530","/service-areas/wollongong-and-illawarra/wollongong/horsley/","greater","within 90 minutes / 90-minute response","90-minute response for urgent call-outs across greater regions. | For Horsley, emergency call-outs use 90-minute emergency response; call for unsafe faults, or send photos and details for planned work. | Evaready provides 90-minute emergency response for emergency call-outs in this region. | Urgent help for coastal storm faults, power loss and tripping circuits, hot isolators and water-affected fittings in Horsley, with 90-minute emergency response.","90","no","Current response-time wording matches the current region classification.","Keep current greater classification","no"
"Wollongong & Illawarra","Wollongong","Huntley","2530","/service-areas/wollongong-and-illawarra/wollongong/huntley/","greater","within 90 minutes / 90-minute response","90-minute response for urgent call-outs across greater regions. | Urgent help for coastal storm faults, power loss and tripping circuits, hot isolators and water-affected fittings in Huntley, with 90-minute emergency response. | Emergency call-outs in this region use 90-minute emergency response.","90","no","Current response-time wording matches the current region classification.","Keep current greater classification","no"
"Wollongong & Illawarra","Wollongong","Kanahooka","2530","/service-areas/wollongong-and-illawarra/wollongong/kanahooka/","greater","within 90 minutes / 90-minute response","90-minute response for urgent call-outs across greater regions. | Urgent help for coastal storm faults, power loss and tripping circuits, hot isolators and water-affected fittings in Kanahooka, with 90-minute emergency response. | Emergency call-outs in this region use 90-minute emergency response.","90","no","Current response-time wording matches the current region classification.","Keep current greater classification","no"
"Wollongong & Illawarra","Wollongong","Keiraville","2500","/service-areas/wollongong-and-illawarra/wollongong/keiraville/","greater","within 90 minutes / 90-minute response","90-minute response for urgent call-outs across greater regions. | For Keiraville, emergency call-outs use 90-minute emergency response; call for unsafe faults, or send photos and details for planned work. | Urgent help for coastal storm faults, power loss and tripping circuits, hot isolators and water-affected fittings in Keiraville, with 90-minute emergency response. | Emergency call-outs in this region use 90-minute emergency response.","90","no","Current response-time wording matches the current region classification.","Keep current greater classification","no"
"Wollongong & Illawarra","Wollongong","Kembla Grange","2526","/service-areas/wollongong-and-illawarra/wollongong/kembla-grange/","greater","within 90 minutes / 90-minute response","90-minute response for urgent call-outs across greater regions. | For Kembla Grange, emergency call-outs use 90-minute emergency response; call for unsafe faults, or send photos and details for planned work. | Urgent help for coastal storm faults, power loss and tripping circuits, hot isolators and water-affected fittings in Kembla Grange, with 90-minute emergency response. | Emergency call-outs in this region use 90-minute emergency response.","90","no","Current response-time wording matches the current region classification.","Keep current greater classification","no"
"Wollongong & Illawarra","Wollongong","Kembla Heights","2526","/service-areas/wollongong-and-illawarra/wollongong/kembla-heights/","greater","within 90 minutes / 90-minute response","90-minute response for urgent call-outs across greater regions. | Evaready provides 90-minute emergency response for emergency call-outs in this region. | Urgent help for coastal storm faults, power loss and tripping circuits, hot isolators and water-affected fittings in Kembla Heights, with 90-minute emergency response. | Emergency call-outs in this region use 90-minute emergency response.","90","no","Current response-time wording matches the current region classification.","Keep current greater classification","no"
"Wollongong & Illawarra","Wollongong","Koonawarra","2530","/service-areas/wollongong-and-illawarra/wollongong/koonawarra/","greater","within 90 minutes / 90-minute response","90-minute response for urgent call-outs across greater regions. | Evaready provides 90-minute emergency response for emergency call-outs in this region. | Urgent help for coastal storm faults, power loss and tripping circuits, hot isolators and water-affected fittings in Koonawarra, with 90-minute emergency response. | Emergency call-outs in this region use 90-minute emergency response.","90","no","Current response-time wording matches the current region classification.","Keep current greater classification","no"
"Wollongong & Illawarra","Wollongong","Lake Heights","2502","/service-areas/wollongong-and-illawarra/wollongong/lake-heights/","greater","within 90 minutes / 90-minute response","90-minute response for urgent call-outs across greater regions. | For Lake Heights, emergency call-outs use 90-minute emergency response; call for unsafe faults, or send photos and details for planned work. | Evaready provides 90-minute emergency response for emergency call-outs in this region. | Urgent help for coastal storm faults, power loss and tripping circuits, hot isolators and water-affected fittings in Lake Heights, with 90-minute emergency response.","90","no","Current response-time wording matches the current region classification.","Keep current greater classification","no"
"Wollongong & Illawarra","Wollongong","Lilyvale","2508","/service-areas/wollongong-and-illawarra/wollongong/lilyvale/","greater","within 90 minutes / 90-minute response","90-minute response for urgent call-outs across greater regions. | Urgent help for coastal storm faults, power loss and tripping circuits, hot isolators and water-affected fittings in Lilyvale, with 90-minute emergency response. | Emergency call-outs in this region use 90-minute emergency response.","90","no","Current response-time wording matches the current region classification.","Keep current greater classification","no"
"Wollongong & Illawarra","Wollongong","Maddens Plains","2508","/service-areas/wollongong-and-illawarra/wollongong/maddens-plains/","greater","within 90 minutes / 90-minute response","90-minute response for urgent call-outs across greater regions. | Urgent help for coastal storm faults, power loss and tripping circuits, hot isolators and water-affected fittings in Maddens Plains, with 90-minute emergency response. | Emergency call-outs in this region use 90-minute emergency response.","90","no","Current response-time wording matches the current region classification.","Keep current greater classification","no"
"Wollongong & Illawarra","Wollongong","Mangerton","2500","/service-areas/wollongong-and-illawarra/wollongong/mangerton/","greater","within 90 minutes / 90-minute response","90-minute response for urgent call-outs across greater regions. | For Mangerton, emergency call-outs use 90-minute emergency response; call for unsafe faults, or send photos and details for planned work. | Urgent help for coastal storm faults, power loss and tripping circuits, hot isolators and water-affected fittings in Mangerton, with 90-minute emergency response. | Emergency call-outs in this region use 90-minute emergency response.","90","no","Current response-time wording matches the current region classification.","Keep current greater classification","no"
"Wollongong & Illawarra","Wollongong","Marshall Mount","2530","/service-areas/wollongong-and-illawarra/wollongong/marshall-mount/","greater","within 90 minutes / 90-minute response","90-minute response for urgent call-outs across greater regions. | Urgent help for coastal storm faults, power loss and tripping circuits, hot isolators and water-affected fittings in Marshall Mount, with 90-minute emergency response. | Emergency call-outs in this region use 90-minute emergency response.","90","no","Current response-time wording matches the current region classification.","Keep current greater classification","no"
"Wollongong & Illawarra","Wollongong","Mount Keira","2500","/service-areas/wollongong-and-illawarra/wollongong/mount-keira/","greater","within 90 minutes / 90-minute response","90-minute response for urgent call-outs across greater regions. | Urgent help for coastal storm faults, power loss and tripping circuits, hot isolators and water-affected fittings in Mount Keira, with 90-minute emergency response. | Emergency call-outs in this region use 90-minute emergency response.","90","no","Current response-time wording matches the current region classification.","Keep current greater classification","no"
"Wollongong & Illawarra","Wollongong","Mount Kembla","2526","/service-areas/wollongong-and-illawarra/wollongong/mount-kembla/","greater","within 90 minutes / 90-minute response","90-minute response for urgent call-outs across greater regions. | Urgent help for coastal storm faults, power loss and tripping circuits, hot isolators and water-affected fittings in Mount Kembla, with 90-minute emergency response. | Emergency call-outs in this region use 90-minute emergency response.","90","no","Current response-time wording matches the current region classification.","Keep current greater classification","no"
"Wollongong & Illawarra","Wollongong","Mount Ousley","2519","/service-areas/wollongong-and-illawarra/wollongong/mount-ousley/","greater","within 90 minutes / 90-minute response","90-minute response for urgent call-outs across greater regions. | Urgent help for coastal storm faults, power loss and tripping circuits, hot isolators and water-affected fittings in Mount Ousley, with 90-minute emergency response. | Emergency call-outs in this region use 90-minute emergency response.","90","no","Current response-time wording matches the current region classification.","Keep current greater classification","no"
"Wollongong & Illawarra","Wollongong","Mount Pleasant","2519","/service-areas/wollongong-and-illawarra/wollongong/mount-pleasant/","greater","within 90 minutes / 90-minute response","90-minute response for urgent call-outs across greater regions. | For Mount Pleasant, emergency call-outs use 90-minute emergency response; call for unsafe faults, or send photos and details for planned work. | Urgent help for coastal storm faults, power loss and tripping circuits, hot isolators and water-affected fittings in Mount Pleasant, with 90-minute emergency response. | Emergency call-outs in this region use 90-minute emergency response.","90","no","Current response-time wording matches the current region classification.","Keep current greater classification","no"
"Wollongong & Illawarra","Wollongong","Mount Saint Thomas","2500","/service-areas/wollongong-and-illawarra/wollongong/mount-saint-thomas/","greater","within 90 minutes / 90-minute response","90-minute response for urgent call-outs across greater regions. | Urgent help for coastal storm faults, power loss and tripping circuits, hot isolators and water-affected fittings in Mount Saint Thomas, with 90-minute emergency response. | Emergency call-outs in this region use 90-minute emergency response.","90","no","Current response-time wording matches the current region classification.","Keep current greater classification","no"
"Wollongong & Illawarra","Wollongong","North Wollongong","2500","/service-areas/wollongong-and-illawarra/wollongong/north-wollongong/","greater","within 90 minutes / 90-minute response","90-minute response for urgent call-outs across greater regions. | Urgent help for coastal storm faults, power loss and tripping circuits, hot isolators and water-affected fittings in North Wollongong, with 90-minute emergency response. | Emergency call-outs in this region use 90-minute emergency response.","90","no","Current response-time wording matches the current region classification.","Keep current greater classification","no"
"Wollongong & Illawarra","Wollongong","Otford","2508","/service-areas/wollongong-and-illawarra/wollongong/otford/","greater","within 90 minutes / 90-minute response","90-minute response for urgent call-outs across greater regions. | Urgent help for coastal storm faults, power loss and tripping circuits, hot isolators and water-affected fittings in Otford, with 90-minute emergency response. | Emergency call-outs in this region use 90-minute emergency response.","90","no","Current response-time wording matches the current region classification.","Keep current greater classification","no"
"Wollongong & Illawarra","Wollongong","Port Kembla","2505","/service-areas/wollongong-and-illawarra/wollongong/port-kembla/","greater","within 90 minutes / 90-minute response","90-minute response for urgent call-outs across greater regions. | Urgent help for coastal storm faults, power loss and tripping circuits, hot isolators and water-affected fittings in Port Kembla, with 90-minute emergency response. | Emergency call-outs in this region use 90-minute emergency response.","90","no","Current response-time wording matches the current region classification.","Keep current greater classification","no"
"Wollongong & Illawarra","Wollongong","Primbee","2502","/service-areas/wollongong-and-illawarra/wollongong/primbee/","greater","within 90 minutes / 90-minute response","90-minute response for urgent call-outs across greater regions. | Urgent help for coastal storm faults, power loss and tripping circuits, hot isolators and water-affected fittings in Primbee, with 90-minute emergency response. | Emergency call-outs in this region use 90-minute emergency response.","90","no","Current response-time wording matches the current region classification.","Keep current greater classification","no"
"Wollongong & Illawarra","Wollongong","Russell Vale","2517","/service-areas/wollongong-and-illawarra/wollongong/russell-vale/","greater","within 90 minutes / 90-minute response","90-minute response for urgent call-outs across greater regions. | Urgent help for coastal storm faults, power loss and tripping circuits, hot isolators and water-affected fittings in Russell Vale, with 90-minute emergency response. | Emergency call-outs in this region use 90-minute emergency response.","90","no","Current response-time wording matches the current region classification.","Keep current greater classification","no"
"Wollongong & Illawarra","Wollongong","Scarborough","2515","/service-areas/wollongong-and-illawarra/wollongong/scarborough/","greater","within 90 minutes / 90-minute response","90-minute response for urgent call-outs across greater regions. | Urgent help for coastal storm faults, power loss and tripping circuits, hot isolators and water-affected fittings in Scarborough, with 90-minute emergency response. | Emergency call-outs in this region use 90-minute emergency response.","90","no","Current response-time wording matches the current region classification.","Keep current greater classification","no"
"Wollongong & Illawarra","Wollongong","Stanwell Park","2508","/service-areas/wollongong-and-illawarra/wollongong/stanwell-park/","greater","within 90 minutes / 90-minute response","90-minute response for urgent call-outs across greater regions. | Urgent help for coastal storm faults, power loss and tripping circuits, hot isolators and water-affected fittings in Stanwell Park, with 90-minute emergency response. | Emergency call-outs in this region use 90-minute emergency response.","90","no","Current response-time wording matches the current region classification.","Keep current greater classification","no"
"Wollongong & Illawarra","Wollongong","Stanwell Tops","2508","/service-areas/wollongong-and-illawarra/wollongong/stanwell-tops/","greater","within 90 minutes / 90-minute response","90-minute response for urgent call-outs across greater regions. | For Stanwell Tops, emergency call-outs use 90-minute emergency response; call for unsafe faults, or send photos and details for planned work. | Urgent help for coastal storm faults, power loss and tripping circuits, hot isolators and water-affected fittings in Stanwell Tops, with 90-minute emergency response. | Emergency call-outs in this region use 90-minute emergency response.","90","no","Current response-time wording matches the current region classification.","Keep current greater classification","no"
"Wollongong & Illawarra","Wollongong","Tarrawanna","2518","/service-areas/wollongong-and-illawarra/wollongong/tarrawanna/","greater","within 90 minutes / 90-minute response","90-minute response for urgent call-outs across greater regions. | Urgent help for coastal storm faults, power loss and tripping circuits, hot isolators and water-affected fittings in Tarrawanna, with 90-minute emergency response. | Emergency call-outs in this region use 90-minute emergency response.","90","no","Current response-time wording matches the current region classification.","Keep current greater classification","no"
"Wollongong & Illawarra","Wollongong","Thirroul","2515","/service-areas/wollongong-and-illawarra/wollongong/thirroul/","greater","within 90 minutes / 90-minute response","90-minute response for urgent call-outs across greater regions. | For Thirroul, emergency call-outs use 90-minute emergency response; call for unsafe faults, or send photos and details for planned work. | Evaready provides 90-minute emergency response for emergency call-outs in this region. | Urgent help for coastal storm faults, power loss and tripping circuits, hot isolators and water-affected fittings in Thirroul, with 90-minute emergency response.","90","no","Current response-time wording matches the current region classification.","Keep current greater classification","no"
"Wollongong & Illawarra","Wollongong","Towradgi","2518","/service-areas/wollongong-and-illawarra/wollongong/towradgi/","greater","within 90 minutes / 90-minute response","90-minute response for urgent call-outs across greater regions. | For Towradgi, emergency call-outs use 90-minute emergency response; call for unsafe faults, or send photos and details for planned work. | Urgent help for coastal storm faults, power loss and tripping circuits, hot isolators and water-affected fittings in Towradgi, with 90-minute emergency response. | Emergency call-outs in this region use 90-minute emergency response.","90","no","Current response-time wording matches the current region classification.","Keep current greater classification","no"
"Wollongong & Illawarra","Wollongong","Unanderra","2526","/service-areas/wollongong-and-illawarra/wollongong/unanderra/","greater","within 90 minutes / 90-minute response","90-minute response for urgent call-outs across greater regions. | Urgent help for coastal storm faults, power loss and tripping circuits, hot isolators and water-affected fittings in Unanderra, with 90-minute emergency response. | Emergency call-outs in this region use 90-minute emergency response.","90","no","Current response-time wording matches the current region classification.","Keep current greater classification","no"
"Wollongong & Illawarra","Wollongong","Warrawong","2502","/service-areas/wollongong-and-illawarra/wollongong/warrawong/","greater","within 90 minutes / 90-minute response","90-minute response for urgent call-outs across greater regions. | For Warrawong, emergency call-outs use 90-minute emergency response; call for unsafe faults, or send photos and details for planned work. | Urgent help for coastal storm faults, power loss and tripping circuits, hot isolators and water-affected fittings in Warrawong, with 90-minute emergency response. | Emergency call-outs in this region use 90-minute emergency response.","90","no","Current response-time wording matches the current region classification.","Keep current greater classification","no"
"Wollongong & Illawarra","Wollongong","West Wollongong","2500","/service-areas/wollongong-and-illawarra/wollongong/west-wollongong/","greater","within 90 minutes / 90-minute response","90-minute response for urgent call-outs across greater regions. | Urgent help for coastal storm faults, power loss and tripping circuits, hot isolators and water-affected fittings in West Wollongong, with 90-minute emergency response. | Emergency call-outs in this region use 90-minute emergency response.","90","no","Current response-time wording matches the current region classification.","Keep current greater classification","no"
"Wollongong & Illawarra","Wollongong","Windang","2528","/service-areas/wollongong-and-illawarra/wollongong/windang/","greater","within 90 minutes / 90-minute response","90-minute response for urgent call-outs across greater regions. | For Windang, emergency call-outs use 90-minute emergency response; call for unsafe faults, or send photos and details for planned work. | Evaready provides 90-minute emergency response for emergency call-outs in this region. | Urgent help for coastal storm faults, power loss and tripping circuits, hot isolators and water-affected fittings in Windang, with 90-minute emergency response.","90","no","Current response-time wording matches the current region classification.","Keep current greater classification","no"
"Wollongong & Illawarra","Wollongong","Wollongong","2500","/service-areas/wollongong-and-illawarra/wollongong/wollongong/","greater","within 90 minutes / 90-minute response","90-minute response for urgent call-outs across greater regions. | Urgent help for coastal storm faults, power loss and tripping circuits, hot isolators and water-affected fittings in Wollongong, with 90-minute emergency response. | Emergency call-outs in this region use 90-minute emergency response.","90","no","Current response-time wording matches the current region classification.","Keep current greater classification","no"
"Wollongong & Illawarra","Wollongong","Wombarra","2515","/service-areas/wollongong-and-illawarra/wollongong/wombarra/","greater","within 90 minutes / 90-minute response","90-minute response for urgent call-outs across greater regions. | Urgent help for coastal storm faults, power loss and tripping circuits, hot isolators and water-affected fittings in Wombarra, with 90-minute emergency response. | Emergency call-outs in this region use 90-minute emergency response.","90","no","Current response-time wording matches the current region classification.","Keep current greater classification","no"
"Wollongong & Illawarra","Wollongong","Wongawilli","2530","/service-areas/wollongong-and-illawarra/wollongong/wongawilli/","greater","within 90 minutes / 90-minute response","90-minute response for urgent call-outs across greater regions. | Evaready provides 90-minute emergency response for emergency call-outs in this region. | Urgent help for coastal storm faults, power loss and tripping circuits, hot isolators and water-affected fittings in Wongawilli, with 90-minute emergency response. | Emergency call-outs in this region use 90-minute emergency response.","90","no","Current response-time wording matches the current region classification.","Keep current greater classification","no"
"Wollongong & Illawarra","Wollongong","Woonona","2517","/service-areas/wollongong-and-illawarra/wollongong/woonona/","greater","within 90 minutes / 90-minute response","90-minute response for urgent call-outs across greater regions. | Evaready provides 90-minute emergency response for emergency call-outs in this region. | Urgent help for coastal storm faults, power loss and tripping circuits, hot isolators and water-affected fittings in Woonona, with 90-minute emergency response. | Emergency call-outs in this region use 90-minute emergency response.","90","no","Current response-time wording matches the current region classification.","Keep current greater classification","no"
"Wollongong & Illawarra","Wollongong","Yallah","2530","/service-areas/wollongong-and-illawarra/wollongong/yallah/","greater","within 90 minutes / 90-minute response","90-minute response for urgent call-outs across greater regions. | Urgent help for coastal storm faults, power loss and tripping circuits, hot isolators and water-affected fittings in Yallah, with 90-minute emergency response. | Emergency call-outs in this region use 90-minute emergency response.","90","no","Current response-time wording matches the current region classification.","Keep current greater classification","no"
"Southern Highlands","Wingecarribee","Alpine","2575","/service-areas/southern-highlands/wingecarribee/alpine/","greater","within 90 minutes / 90-minute response","90-minute response for urgent call-outs across greater regions. | Urgent help for storm faults, water-affected fittings, loss of power and hot outlets and repeated safety switch tripping in Alpine, with 90-minute emergency response. | Emergency call-outs in this region use 90-minute emergency response.","90","no","Current response-time wording matches the current region classification.","Keep current greater classification","no"
"Southern Highlands","Wingecarribee","Avoca","2577","/service-areas/southern-highlands/wingecarribee/avoca/","greater","within 90 minutes / 90-minute response","90-minute response for urgent call-outs across greater regions. | Urgent help for storm faults, water-affected fittings, loss of power and hot outlets and repeated safety switch tripping in Avoca, with 90-minute emergency response. | Emergency call-outs in this region use 90-minute emergency response.","90","no","Current response-time wording matches the current region classification.","Keep current greater classification","no"
"Southern Highlands","Wingecarribee","Aylmerton","2575","/service-areas/southern-highlands/wingecarribee/aylmerton/","greater","within 90 minutes / 90-minute response","90-minute response for urgent call-outs across greater regions. | Urgent help for storm faults, water-affected fittings, loss of power and hot outlets and repeated safety switch tripping in Aylmerton, with 90-minute emergency response. | Emergency call-outs in this region use 90-minute emergency response.","90","no","Current response-time wording matches the current region classification.","Keep current greater classification","no"
"Southern Highlands","Wingecarribee","Balaclava","2575","/service-areas/southern-highlands/wingecarribee/balaclava/","greater","within 90 minutes / 90-minute response","90-minute response for urgent call-outs across greater regions. | Urgent help for storm faults, water-affected fittings, loss of power and hot outlets and repeated safety switch tripping in Balaclava, with 90-minute emergency response. | Emergency call-outs in this region use 90-minute emergency response.","90","no","Current response-time wording matches the current region classification.","Keep current greater classification","no"
"Southern Highlands","Wingecarribee","Balmoral","2571","/service-areas/southern-highlands/wingecarribee/balmoral/","greater","within 90 minutes / 90-minute response","90-minute response for urgent call-outs across greater regions. | Evaready provides 90-minute emergency response for emergency call-outs in this region. | Urgent help for storm faults, water-affected fittings, loss of power and hot outlets and repeated safety switch tripping in Balmoral, with 90-minute emergency response. | Emergency call-outs in this region use 90-minute emergency response.","90","no","Current response-time wording matches the current region classification.","Keep current greater classification","no"
"Southern Highlands","Wingecarribee","Bargo","2574","/service-areas/southern-highlands/wingecarribee/bargo/","greater","within 90 minutes / 90-minute response","90-minute response for urgent call-outs across greater regions. | For Bargo, emergency call-outs use 90-minute emergency response; call for unsafe faults, or send photos and details for planned work. | Evaready provides 90-minute emergency response for emergency call-outs in this region. | Urgent help for storm faults, water-affected fittings, loss of power and hot outlets and repeated safety switch tripping in Bargo, with 90-minute emergency response.","90","no","Current response-time wording matches the current region classification.","Keep current greater classification","no"
"Southern Highlands","Wingecarribee","Berrima","2577","/service-areas/southern-highlands/wingecarribee/berrima/","greater","within 90 minutes / 90-minute response","90-minute response for urgent call-outs across greater regions. | Urgent help for storm faults, water-affected fittings, loss of power and hot outlets and repeated safety switch tripping in Berrima, with 90-minute emergency response. | Emergency call-outs in this region use 90-minute emergency response.","90","no","Current response-time wording matches the current region classification.","Keep current greater classification","no"
"Southern Highlands","Wingecarribee","Bowral","2576","/service-areas/southern-highlands/wingecarribee/bowral/","greater","within 90 minutes / 90-minute response","90-minute response for urgent call-outs across greater regions. | For Bowral, emergency call-outs use 90-minute emergency response; call for unsafe faults, or send photos and details for planned work. | Urgent help for storm faults, water-affected fittings, loss of power and hot outlets and repeated safety switch tripping in Bowral, with 90-minute emergency response. | Emergency call-outs in this region use 90-minute emergency response.","90","no","Current response-time wording matches the current region classification.","Keep current greater classification","no"
"Southern Highlands","Wingecarribee","Braemar","2575","/service-areas/southern-highlands/wingecarribee/braemar/","greater","within 90 minutes / 90-minute response","90-minute response for urgent call-outs across greater regions. | Evaready provides 90-minute emergency response for emergency call-outs in this region. | Urgent help for storm faults, water-affected fittings, loss of power and hot outlets and repeated safety switch tripping in Braemar, with 90-minute emergency response. | Emergency call-outs in this region use 90-minute emergency response.","90","no","Current response-time wording matches the current region classification.","Keep current greater classification","no"
"Southern Highlands","Wingecarribee","Burradoo","2576","/service-areas/southern-highlands/wingecarribee/burradoo/","greater","within 90 minutes / 90-minute response","90-minute response for urgent call-outs across greater regions. | Urgent help for storm faults, water-affected fittings, loss of power and hot outlets and repeated safety switch tripping in Burradoo, with 90-minute emergency response. | Emergency call-outs in this region use 90-minute emergency response.","90","no","Current response-time wording matches the current region classification.","Keep current greater classification","no"
"Southern Highlands","Wingecarribee","Burrawang","2577","/service-areas/southern-highlands/wingecarribee/burrawang/","greater","within 90 minutes / 90-minute response","90-minute response for urgent call-outs across greater regions. | For Burrawang, emergency call-outs use 90-minute emergency response; call for unsafe faults, or send photos and details for planned work. | Urgent help for storm faults, water-affected fittings, loss of power and hot outlets and repeated safety switch tripping in Burrawang, with 90-minute emergency response. | Emergency call-outs in this region use 90-minute emergency response.","90","no","Current response-time wording matches the current region classification.","Keep current greater classification","no"
"Southern Highlands","Wingecarribee","Buxton","2571","/service-areas/southern-highlands/wingecarribee/buxton/","greater","within 90 minutes / 90-minute response","90-minute response for urgent call-outs across greater regions. | For Buxton, emergency call-outs use 90-minute emergency response; call for unsafe faults, or send photos and details for planned work. | Urgent help for storm faults, water-affected fittings, loss of power and hot outlets and repeated safety switch tripping in Buxton, with 90-minute emergency response. | Emergency call-outs in this region use 90-minute emergency response.","90","no","Current response-time wording matches the current region classification.","Keep current greater classification","no"
"Southern Highlands","Wingecarribee","Colo Vale","2575","/service-areas/southern-highlands/wingecarribee/colo-vale/","greater","within 90 minutes / 90-minute response","90-minute response for urgent call-outs across greater regions. | Urgent help for storm faults, water-affected fittings, loss of power and hot outlets and repeated safety switch tripping in Colo Vale, with 90-minute emergency response. | Emergency call-outs in this region use 90-minute emergency response.","90","no","Current response-time wording matches the current region classification.","Keep current greater classification","no"
"Southern Highlands","Wingecarribee","East Kangaloon","2576","/service-areas/southern-highlands/wingecarribee/east-kangaloon/","greater","within 90 minutes / 90-minute response","90-minute response for urgent call-outs across greater regions. | Urgent help for storm faults, water-affected fittings, loss of power and hot outlets and repeated safety switch tripping in East Kangaloon, with 90-minute emergency response. | Emergency call-outs in this region use 90-minute emergency response.","90","no","Current response-time wording matches the current region classification.","Keep current greater classification","no"
"Southern Highlands","Wingecarribee","Exeter","2579","/service-areas/southern-highlands/wingecarribee/exeter/","greater","within 90 minutes / 90-minute response","90-minute response for urgent call-outs across greater regions. | For Exeter, emergency call-outs use 90-minute emergency response; call for unsafe faults, or send photos and details for planned work. | Urgent help for storm faults, water-affected fittings, loss of power and hot outlets and repeated safety switch tripping in Exeter, with 90-minute emergency response. | Emergency call-outs in this region use 90-minute emergency response.","90","no","Current response-time wording matches the current region classification.","Keep current greater classification","no"
"Southern Highlands","Wingecarribee","Glenquarry","2576","/service-areas/southern-highlands/wingecarribee/glenquarry/","greater","within 90 minutes / 90-minute response","90-minute response for urgent call-outs across greater regions. | Urgent help for storm faults, water-affected fittings, loss of power and hot outlets and repeated safety switch tripping in Glenquarry, with 90-minute emergency response. | Emergency call-outs in this region use 90-minute emergency response.","90","no","Current response-time wording matches the current region classification.","Keep current greater classification","no"
"Southern Highlands","Wingecarribee","Hill Top","2575","/service-areas/southern-highlands/wingecarribee/hill-top/","greater","within 90 minutes / 90-minute response","90-minute response for urgent call-outs across greater regions. | For Hill Top, emergency call-outs use 90-minute emergency response; call for unsafe faults, or send photos and details for planned work. | Evaready provides 90-minute emergency response for emergency call-outs in this region. | Urgent help for storm faults, water-affected fittings, loss of power and hot outlets and repeated safety switch tripping in Hill Top, with 90-minute emergency response.","90","no","Current response-time wording matches the current region classification.","Keep current greater classification","no"
"Southern Highlands","Wingecarribee","Kangaloon","2576","/service-areas/southern-highlands/wingecarribee/kangaloon/","greater","within 90 minutes / 90-minute response","90-minute response for urgent call-outs across greater regions. | Urgent help for storm faults, water-affected fittings, loss of power and hot outlets and repeated safety switch tripping in Kangaloon, with 90-minute emergency response. | Emergency call-outs in this region use 90-minute emergency response.","90","no","Current response-time wording matches the current region classification.","Keep current greater classification","no"
"Southern Highlands","Wingecarribee","Medway","2577","/service-areas/southern-highlands/wingecarribee/medway/","greater","within 90 minutes / 90-minute response","90-minute response for urgent call-outs across greater regions. | Urgent help for storm faults, water-affected fittings, loss of power and hot outlets and repeated safety switch tripping in Medway, with 90-minute emergency response. | Emergency call-outs in this region use 90-minute emergency response.","90","no","Current response-time wording matches the current region classification.","Keep current greater classification","no"
"Southern Highlands","Wingecarribee","Mittagong","2575","/service-areas/southern-highlands/wingecarribee/mittagong/","greater","within 90 minutes / 90-minute response","90-minute response for urgent call-outs across greater regions. | For Mittagong, emergency call-outs use 90-minute emergency response; call for unsafe faults, or send photos and details for planned work. | Urgent help for storm faults, water-affected fittings, loss of power and hot outlets and repeated safety switch tripping in Mittagong, with 90-minute emergency response. | Emergency call-outs in this region use 90-minute emergency response.","90","no","Current response-time wording matches the current region classification.","Keep current greater classification","no"
"Southern Highlands","Wingecarribee","Moss Vale","2577","/service-areas/southern-highlands/wingecarribee/moss-vale/","greater","within 90 minutes / 90-minute response","90-minute response for urgent call-outs across greater regions. | For Moss Vale, emergency call-outs use 90-minute emergency response; call for unsafe faults, or send photos and details for planned work. | Urgent help for storm faults, water-affected fittings, loss of power and hot outlets and repeated safety switch tripping in Moss Vale, with 90-minute emergency response. | Emergency call-outs in this region use 90-minute emergency response.","90","no","Current response-time wording matches the current region classification.","Keep current greater classification","no"
"Southern Highlands","Wingecarribee","New Berrima","2577","/service-areas/southern-highlands/wingecarribee/new-berrima/","greater","within 90 minutes / 90-minute response","90-minute response for urgent call-outs across greater regions. | Urgent help for storm faults, water-affected fittings, loss of power and hot outlets and repeated safety switch tripping in New Berrima, with 90-minute emergency response. | Emergency call-outs in this region use 90-minute emergency response.","90","no","Current response-time wording matches the current region classification.","Keep current greater classification","no"
"Southern Highlands","Wingecarribee","Renwick","2575","/service-areas/southern-highlands/wingecarribee/renwick/","greater","within 90 minutes / 90-minute response","90-minute response for urgent call-outs across greater regions. | Urgent help for storm faults, water-affected fittings, loss of power and hot outlets and repeated safety switch tripping in Renwick, with 90-minute emergency response. | Emergency call-outs in this region use 90-minute emergency response.","90","no","Current response-time wording matches the current region classification.","Keep current greater classification","no"
"Southern Highlands","Wingecarribee","Sutton Forest","2577","/service-areas/southern-highlands/wingecarribee/sutton-forest/","greater","within 90 minutes / 90-minute response","90-minute response for urgent call-outs across greater regions. | Urgent help for storm faults, water-affected fittings, loss of power and hot outlets and repeated safety switch tripping in Sutton Forest, with 90-minute emergency response. | Emergency call-outs in this region use 90-minute emergency response.","90","no","Current response-time wording matches the current region classification.","Keep current greater classification","no"
"Southern Highlands","Wingecarribee","Welby","2575","/service-areas/southern-highlands/wingecarribee/welby/","greater","within 90 minutes / 90-minute response","90-minute response for urgent call-outs across greater regions. | For Welby, emergency call-outs use 90-minute emergency response; call for unsafe faults, or send photos and details for planned work. | Urgent help for storm faults, water-affected fittings, loss of power and hot outlets and repeated safety switch tripping in Welby, with 90-minute emergency response. | Emergency call-outs in this region use 90-minute emergency response.","90","no","Current response-time wording matches the current region classification.","Keep current greater classification","no"
"Southern Highlands","Wingecarribee","Willow Vale","2575","/service-areas/southern-highlands/wingecarribee/willow-vale/","greater","within 90 minutes / 90-minute response","90-minute response for urgent call-outs across greater regions. | Evaready provides 90-minute emergency response for emergency call-outs in this region. | Urgent help for storm faults, water-affected fittings, loss of power and hot outlets and repeated safety switch tripping in Willow Vale, with 90-minute emergency response. | Emergency call-outs in this region use 90-minute emergency response.","90","no","Current response-time wording matches the current region classification.","Keep current greater classification","no"
"Southern Highlands","Wingecarribee","Woodlands","2575","/service-areas/southern-highlands/wingecarribee/woodlands/","greater","within 90 minutes / 90-minute response","90-minute response for urgent call-outs across greater regions. | For Woodlands, emergency call-outs use 90-minute emergency response; call for unsafe faults, or send photos and details for planned work. | Evaready provides 90-minute emergency response for emergency call-outs in this region. | Urgent help for storm faults, water-affected fittings, loss of power and hot outlets and repeated safety switch tripping in Woodlands, with 90-minute emergency response.","90","no","Current response-time wording matches the current region classification.","Keep current greater classification","no"
"Southern Highlands","Wingecarribee","Yerrinbool","2575","/service-areas/southern-highlands/wingecarribee/yerrinbool/","greater","within 90 minutes / 90-minute response","90-minute response for urgent call-outs across greater regions. | Urgent help for storm faults, water-affected fittings, loss of power and hot outlets and repeated safety switch tripping in Yerrinbool, with 90-minute emergency response. | Emergency call-outs in this region use 90-minute emergency response.","90","no","Current response-time wording matches the current region classification.","Keep current greater classification","no"
"Central Coast South","Central Coast","Alison","2259","/service-areas/central-coast-south/central-coast/alison/","greater","within 90 minutes / 90-minute response","90-minute response for urgent call-outs across greater regions. | Urgent help for storm faults, water-affected fittings, loss of power and hot outlets and repeated safety switch tripping in Alison, with 90-minute emergency response. | Emergency call-outs in this region use 90-minute emergency response.","90","no","Current response-time wording matches the current region classification.","Keep current greater classification","no"
"Central Coast South","Central Coast","Bar Point","2083","/service-areas/central-coast-south/central-coast/bar-point/","greater","within 90 minutes / 90-minute response","90-minute response for urgent call-outs across greater regions. | For Bar Point, emergency call-outs use 90-minute emergency response; call for unsafe faults, or send photos and details for planned work. | Urgent help for storm faults, water-affected fittings, loss of power and hot outlets and repeated safety switch tripping in Bar Point, with 90-minute emergency response. | Emergency call-outs in this region use 90-minute emergency response.","90","no","Current response-time wording matches the current region classification.","Keep current greater classification","no"
"Central Coast South","Central Coast","Blackwall","2256","/service-areas/central-coast-south/central-coast/blackwall/","greater","within 90 minutes / 90-minute response","90-minute response for urgent call-outs across greater regions. | For Blackwall, emergency call-outs use 90-minute emergency response; call for unsafe faults, or send photos and details for planned work. | Urgent help for storm faults, water-affected fittings, loss of power and hot outlets and repeated safety switch tripping in Blackwall, with 90-minute emergency response. | Emergency call-outs in this region use 90-minute emergency response.","90","no","Current response-time wording matches the current region classification.","Keep current greater classification","no"
"Central Coast South","Central Coast","Calga","2250","/service-areas/central-coast-south/central-coast/calga/","greater","within 90 minutes / 90-minute response","90-minute response for urgent call-outs across greater regions. | Urgent help for storm faults, water-affected fittings, loss of power and hot outlets and repeated safety switch tripping in Calga, with 90-minute emergency response. | Emergency call-outs in this region use 90-minute emergency response.","90","no","Current response-time wording matches the current region classification.","Keep current greater classification","no"
"Central Coast South","Central Coast","Central Mangrove","2250","/service-areas/central-coast-south/central-coast/central-mangrove/","greater","within 90 minutes / 90-minute response","90-minute response for urgent call-outs across greater regions. | For Central Mangrove, emergency call-outs use 90-minute emergency response; call for unsafe faults, or send photos and details for planned work. | Evaready provides 90-minute emergency response for emergency call-outs in this region. | Urgent help for storm faults, water-affected fittings, loss of power and hot outlets and repeated safety switch tripping in Central Mangrove, with 90-minute emergency response.","90","no","Current response-time wording matches the current region classification.","Keep current greater classification","no"
"Central Coast South","Central Coast","Cheero Point","2083","/service-areas/central-coast-south/central-coast/cheero-point/","greater","within 90 minutes / 90-minute response","90-minute response for urgent call-outs across greater regions. | Evaready provides 90-minute emergency response for emergency call-outs in this region. | Urgent help for storm faults, water-affected fittings, loss of power and hot outlets and repeated safety switch tripping in Cheero Point, with 90-minute emergency response. | Emergency call-outs in this region use 90-minute emergency response.","90","no","Current response-time wording matches the current region classification.","Keep current greater classification","no"
"Central Coast South","Central Coast","Cogra Bay","2083","/service-areas/central-coast-south/central-coast/cogra-bay/","greater","within 90 minutes / 90-minute response","90-minute response for urgent call-outs across greater regions. | Urgent help for storm faults, water-affected fittings, loss of power and hot outlets and repeated safety switch tripping in Cogra Bay, with 90-minute emergency response. | Emergency call-outs in this region use 90-minute emergency response.","90","no","Current response-time wording matches the current region classification.","Keep current greater classification","no"
"Central Coast South","Central Coast","East Gosford","2250","/service-areas/central-coast-south/central-coast/east-gosford/","greater","within 90 minutes / 90-minute response","90-minute response for urgent call-outs across greater regions. | For East Gosford, emergency call-outs use 90-minute emergency response; call for unsafe faults, or send photos and details for planned work. | Urgent help for storm faults, water-affected fittings, loss of power and hot outlets and repeated safety switch tripping in East Gosford, with 90-minute emergency response. | Emergency call-outs in this region use 90-minute emergency response.","90","no","Current response-time wording matches the current region classification.","Keep current greater classification","no"
"Central Coast South","Central Coast","Erina","2250","/service-areas/central-coast-south/central-coast/erina/","greater","within 90 minutes / 90-minute response","90-minute response for urgent call-outs across greater regions. | Urgent help for storm faults, water-affected fittings, loss of power and hot outlets and repeated safety switch tripping in Erina, with 90-minute emergency response. | Emergency call-outs in this region use 90-minute emergency response.","90","no","Current response-time wording matches the current region classification.","Keep current greater classification","no"
"Central Coast South","Central Coast","Gosford","2250","/service-areas/central-coast-south/central-coast/gosford/","greater","within 90 minutes / 90-minute response","90-minute response for urgent call-outs across greater regions. | Evaready provides 90-minute emergency response for emergency call-outs in this region. | Urgent help for storm faults, water-affected fittings, loss of power and hot outlets and repeated safety switch tripping in Gosford, with 90-minute emergency response. | Emergency call-outs in this region use 90-minute emergency response.","90","no","Current response-time wording matches the current region classification.","Keep current greater classification","no"
"Central Coast South","Central Coast","Green Point","2251","/service-areas/central-coast-south/central-coast/green-point/","greater","within 90 minutes / 90-minute response","90-minute response for urgent call-outs across greater regions. | Urgent help for storm faults, water-affected fittings, loss of power and hot outlets and repeated safety switch tripping in Green Point, with 90-minute emergency response. | Emergency call-outs in this region use 90-minute emergency response.","90","no","Current response-time wording matches the current region classification.","Keep current greater classification","no"
"Central Coast South","Central Coast","Horsfield Bay","2256","/service-areas/central-coast-south/central-coast/horsfield-bay/","greater","within 90 minutes / 90-minute response","90-minute response for urgent call-outs across greater regions. | Evaready provides 90-minute emergency response for emergency call-outs in this region. | Urgent help for storm faults, water-affected fittings, loss of power and hot outlets and repeated safety switch tripping in Horsfield Bay, with 90-minute emergency response. | Emergency call-outs in this region use 90-minute emergency response.","90","no","Current response-time wording matches the current region classification.","Keep current greater classification","no"
"Central Coast South","Central Coast","Kangy Angy","2258","/service-areas/central-coast-south/central-coast/kangy-angy/","greater","within 90 minutes / 90-minute response","90-minute response for urgent call-outs across greater regions. | Urgent help for storm faults, water-affected fittings, loss of power and hot outlets and repeated safety switch tripping in Kangy Angy, with 90-minute emergency response. | Emergency call-outs in this region use 90-minute emergency response.","90","no","Current response-time wording matches the current region classification.","Keep current greater classification","no"
"Central Coast South","Central Coast","Kariong","2250","/service-areas/central-coast-south/central-coast/kariong/","greater","within 90 minutes / 90-minute response","90-minute response for urgent call-outs across greater regions. | Urgent help for storm faults, water-affected fittings, loss of power and hot outlets and repeated safety switch tripping in Kariong, with 90-minute emergency response. | Emergency call-outs in this region use 90-minute emergency response.","90","no","Current response-time wording matches the current region classification.","Keep current greater classification","no"
"Central Coast South","Central Coast","Koolewong","2256","/service-areas/central-coast-south/central-coast/koolewong/","greater","within 90 minutes / 90-minute response","90-minute response for urgent call-outs across greater regions. | For Koolewong, emergency call-outs use 90-minute emergency response; call for unsafe faults, or send photos and details for planned work. | Evaready provides 90-minute emergency response for emergency call-outs in this region. | Urgent help for storm faults, water-affected fittings, loss of power and hot outlets and repeated safety switch tripping in Koolewong, with 90-minute emergency response.","90","no","Current response-time wording matches the current region classification.","Keep current greater classification","no"
"Central Coast South","Central Coast","Mardi","2259","/service-areas/central-coast-south/central-coast/mardi/","greater","within 90 minutes / 90-minute response","90-minute response for urgent call-outs across greater regions. | For Mardi, emergency call-outs use 90-minute emergency response; call for unsafe faults, or send photos and details for planned work. | Urgent help for storm faults, water-affected fittings, loss of power and hot outlets and repeated safety switch tripping in Mardi, with 90-minute emergency response. | Emergency call-outs in this region use 90-minute emergency response.","90","no","Current response-time wording matches the current region classification.","Keep current greater classification","no"
"Central Coast South","Central Coast","Marlow","2775","/service-areas/central-coast-south/central-coast/marlow/","greater","within 90 minutes / 90-minute response","90-minute response for urgent call-outs across greater regions. | Evaready provides 90-minute emergency response for emergency call-outs in this region. | Urgent help for storm faults, water-affected fittings, loss of power and hot outlets and repeated safety switch tripping in Marlow, with 90-minute emergency response. | Emergency call-outs in this region use 90-minute emergency response.","90","no","Current response-time wording matches the current region classification.","Keep current greater classification","no"
"Central Coast South","Central Coast","Mooney Mooney","2083","/service-areas/central-coast-south/central-coast/mooney-mooney/","greater","within 90 minutes / 90-minute response","90-minute response for urgent call-outs across greater regions. | Urgent help for storm faults, water-affected fittings, loss of power and hot outlets and repeated safety switch tripping in Mooney Mooney, with 90-minute emergency response. | Emergency call-outs in this region use 90-minute emergency response.","90","no","Current response-time wording matches the current region classification.","Keep current greater classification","no"
"Central Coast South","Central Coast","Mooney Mooney Creek","2250","/service-areas/central-coast-south/central-coast/mooney-mooney-creek/","greater","within 90 minutes / 90-minute response","90-minute response for urgent call-outs across greater regions. | Urgent help for storm faults, water-affected fittings, loss of power and hot outlets and repeated safety switch tripping in Mooney Mooney Creek, with 90-minute emergency response. | Emergency call-outs in this region use 90-minute emergency response.","90","no","Current response-time wording matches the current region classification.","Keep current greater classification","no"
"Central Coast South","Central Coast","Mount White","2250","/service-areas/central-coast-south/central-coast/mount-white/","greater","within 90 minutes / 90-minute response","90-minute response for urgent call-outs across greater regions. | Urgent help for storm faults, water-affected fittings, loss of power and hot outlets and repeated safety switch tripping in Mount White, with 90-minute emergency response. | Emergency call-outs in this region use 90-minute emergency response.","90","no","Current response-time wording matches the current region classification.","Keep current greater classification","no"
"Central Coast South","Central Coast","Narara","2250","/service-areas/central-coast-south/central-coast/narara/","greater","within 90 minutes / 90-minute response","90-minute response for urgent call-outs across greater regions. | For Narara, emergency call-outs use 90-minute emergency response; call for unsafe faults, or send photos and details for planned work. | Urgent help for storm faults, water-affected fittings, loss of power and hot outlets and repeated safety switch tripping in Narara, with 90-minute emergency response. | Emergency call-outs in this region use 90-minute emergency response.","90","no","Current response-time wording matches the current region classification.","Keep current greater classification","no"
"Central Coast South","Central Coast","Niagara Park","2250","/service-areas/central-coast-south/central-coast/niagara-park/","greater","within 90 minutes / 90-minute response","90-minute response for urgent call-outs across greater regions. | For Niagara Park, emergency call-outs use 90-minute emergency response; call for unsafe faults, or send photos and details for planned work. | Urgent help for storm faults, water-affected fittings, loss of power and hot outlets and repeated safety switch tripping in Niagara Park, with 90-minute emergency response. | Emergency call-outs in this region use 90-minute emergency response.","90","no","Current response-time wording matches the current region classification.","Keep current greater classification","no"
"Central Coast South","Central Coast","North Gosford","2250","/service-areas/central-coast-south/central-coast/north-gosford/","greater","within 90 minutes / 90-minute response","90-minute response for urgent call-outs across greater regions. | Urgent help for storm faults, water-affected fittings, loss of power and hot outlets and repeated safety switch tripping in North Gosford, with 90-minute emergency response. | Emergency call-outs in this region use 90-minute emergency response.","90","no","Current response-time wording matches the current region classification.","Keep current greater classification","no"
"Central Coast South","Central Coast","Palmdale","2258","/service-areas/central-coast-south/central-coast/palmdale/","greater","within 90 minutes / 90-minute response","90-minute response for urgent call-outs across greater regions. | Urgent help for storm faults, water-affected fittings, loss of power and hot outlets and repeated safety switch tripping in Palmdale, with 90-minute emergency response. | Emergency call-outs in this region use 90-minute emergency response.","90","no","Current response-time wording matches the current region classification.","Keep current greater classification","no"
"Central Coast South","Central Coast","Peats Ridge","2250","/service-areas/central-coast-south/central-coast/peats-ridge/","greater","within 90 minutes / 90-minute response","90-minute response for urgent call-outs across greater regions. | For Peats Ridge, emergency call-outs use 90-minute emergency response; call for unsafe faults, or send photos and details for planned work. | Urgent help for storm faults, water-affected fittings, loss of power and hot outlets and repeated safety switch tripping in Peats Ridge, with 90-minute emergency response. | Emergency call-outs in this region use 90-minute emergency response.","90","no","Current response-time wording matches the current region classification.","Keep current greater classification","no"
"Central Coast South","Central Coast","Phegans Bay","2256","/service-areas/central-coast-south/central-coast/phegans-bay/","greater","within 90 minutes / 90-minute response","90-minute response for urgent call-outs across greater regions. | Urgent help for storm faults, water-affected fittings, loss of power and hot outlets and repeated safety switch tripping in Phegans Bay, with 90-minute emergency response. | Emergency call-outs in this region use 90-minute emergency response.","90","no","Current response-time wording matches the current region classification.","Keep current greater classification","no"
"Central Coast South","Central Coast","Point Clare","2250","/service-areas/central-coast-south/central-coast/point-clare/","greater","within 90 minutes / 90-minute response","90-minute response for urgent call-outs across greater regions. | Urgent help for storm faults, water-affected fittings, loss of power and hot outlets and repeated safety switch tripping in Point Clare, with 90-minute emergency response. | Emergency call-outs in this region use 90-minute emergency response.","90","no","Current response-time wording matches the current region classification.","Keep current greater classification","no"
"Central Coast South","Central Coast","Point Frederick","2250","/service-areas/central-coast-south/central-coast/point-frederick/","greater","within 90 minutes / 90-minute response","90-minute response for urgent call-outs across greater regions. | Urgent help for storm faults, water-affected fittings, loss of power and hot outlets and repeated safety switch tripping in Point Frederick, with 90-minute emergency response. | Emergency call-outs in this region use 90-minute emergency response.","90","no","Current response-time wording matches the current region classification.","Keep current greater classification","no"
"Central Coast South","Central Coast","Somersby","2250","/service-areas/central-coast-south/central-coast/somersby/","greater","within 90 minutes / 90-minute response","90-minute response for urgent call-outs across greater regions. | Evaready provides 90-minute emergency response for emergency call-outs in this region. | Urgent help for storm faults, water-affected fittings, loss of power and hot outlets and repeated safety switch tripping in Somersby, with 90-minute emergency response. | Emergency call-outs in this region use 90-minute emergency response.","90","no","Current response-time wording matches the current region classification.","Keep current greater classification","no"
"Central Coast South","Central Coast","Springfield","2250","/service-areas/central-coast-south/central-coast/springfield/","greater","within 90 minutes / 90-minute response","90-minute response for urgent call-outs across greater regions. | Urgent help for storm faults, water-affected fittings, loss of power and hot outlets and repeated safety switch tripping in Springfield, with 90-minute emergency response. | Emergency call-outs in this region use 90-minute emergency response.","90","no","Current response-time wording matches the current region classification.","Keep current greater classification","no"
"Central Coast South","Central Coast","Tascott","2250","/service-areas/central-coast-south/central-coast/tascott/","greater","within 90 minutes / 90-minute response","90-minute response for urgent call-outs across greater regions. | Urgent help for storm faults, water-affected fittings, loss of power and hot outlets and repeated safety switch tripping in Tascott, with 90-minute emergency response. | Emergency call-outs in this region use 90-minute emergency response.","90","no","Current response-time wording matches the current region classification.","Keep current greater classification","no"
"Central Coast South","Central Coast","Tuggerah","2259","/service-areas/central-coast-south/central-coast/tuggerah/","greater","within 90 minutes / 90-minute response","90-minute response for urgent call-outs across greater regions. | Evaready provides 90-minute emergency response for emergency call-outs in this region. | Urgent help for storm faults, water-affected fittings, loss of power and hot outlets and repeated safety switch tripping in Tuggerah, with 90-minute emergency response. | Emergency call-outs in this region use 90-minute emergency response.","90","no","Current response-time wording matches the current region classification.","Keep current greater classification","no"
"Central Coast South","Central Coast","Wendoree Park","2250","/service-areas/central-coast-south/central-coast/wendoree-park/","greater","within 90 minutes / 90-minute response","90-minute response for urgent call-outs across greater regions. | Evaready provides 90-minute emergency response for emergency call-outs in this region. | Urgent help for storm faults, water-affected fittings, loss of power and hot outlets and repeated safety switch tripping in Wendoree Park, with 90-minute emergency response. | Emergency call-outs in this region use 90-minute emergency response.","90","no","Current response-time wording matches the current region classification.","Keep current greater classification","no"
"Central Coast South","Central Coast","West Gosford","2250","/service-areas/central-coast-south/central-coast/west-gosford/","greater","within 90 minutes / 90-minute response","90-minute response for urgent call-outs across greater regions. | For West Gosford, emergency call-outs use 90-minute emergency response; call for unsafe faults, or send photos and details for planned work. | Urgent help for storm faults, water-affected fittings, loss of power and hot outlets and repeated safety switch tripping in West Gosford, with 90-minute emergency response. | Emergency call-outs in this region use 90-minute emergency response.","90","no","Current response-time wording matches the current region classification.","Keep current greater classification","no"
"Central Coast South","Central Coast","Woy Woy","2256","/service-areas/central-coast-south/central-coast/woy-woy/","greater","within 90 minutes / 90-minute response","90-minute response for urgent call-outs across greater regions. | For Woy Woy, emergency call-outs use 90-minute emergency response; call for unsafe faults, or send photos and details for planned work. | Urgent help for storm faults, water-affected fittings, loss of power and hot outlets and repeated safety switch tripping in Woy Woy, with 90-minute emergency response. | Emergency call-outs in this region use 90-minute emergency response.","90","no","Current response-time wording matches the current region classification.","Keep current greater classification","no"
"Central Coast South","Central Coast","Woy Woy Bay","2256","/service-areas/central-coast-south/central-coast/woy-woy-bay/","greater","within 90 minutes / 90-minute response","90-minute response for urgent call-outs across greater regions. | Urgent help for storm faults, water-affected fittings, loss of power and hot outlets and repeated safety switch tripping in Woy Woy Bay, with 90-minute emergency response. | Emergency call-outs in this region use 90-minute emergency response.","90","no","Current response-time wording matches the current region classification.","Keep current greater classification","no"
"Central Coast South","Central Coast","Wyoming","2250","/service-areas/central-coast-south/central-coast/wyoming/","greater","within 90 minutes / 90-minute response","90-minute response for urgent call-outs across greater regions. | Urgent help for storm faults, water-affected fittings, loss of power and hot outlets and repeated safety switch tripping in Wyoming, with 90-minute emergency response. | Emergency call-outs in this region use 90-minute emergency response.","90","no","Current response-time wording matches the current region classification.","Keep current greater classification","no"
