route,viewport,httpStatus,heroType,hasHero,expectedVan,vanPresent,heroWidth,heroHeight,beforeHasVan,beforeOpacity,beforeBackgroundSize,beforeBackgroundPosition,homeImageLoaded,overflowX,issue
/,desktop-1440,200,home,yes,yes,yes,1440,1260,no,1,auto,0% 0%,yes,no,
/,mobile-390,200,home,yes,yes,yes,390,1155,no,1,auto,0% 0%,yes,no,
/about,desktop-1440,200,internal,yes,yes,yes,1440,874,yes,1,cover,100% 50%,no,no,
/about,mobile-390,200,internal,yes,yes,yes,390,925,yes,1,contain,100% 0%,no,no,
/contact,desktop-1440,200,internal,yes,yes,yes,1440,726,yes,1,cover,100% 50%,no,no,
/contact,mobile-390,200,internal,yes,yes,yes,390,1145,yes,1,contain,100% 0%,no,no,
/electrical-faults,desktop-1440,200,internal,yes,yes,yes,1440,842,yes,1,cover,100% 50%,no,no,
/electrical-faults,mobile-390,200,internal,yes,yes,yes,390,1201,yes,1,contain,100% 0%,no,no,
/electrical-faults/burning-smell-from-outlet,desktop-1440,200,internal,yes,yes,yes,1440,630,yes,1,cover,100% 50%,no,no,
/electrical-faults/burning-smell-from-outlet,mobile-390,200,internal,yes,yes,yes,390,1075,yes,1,contain,100% 0%,no,no,
/electrical-faults/burning-smell-from-switchboard,desktop-1440,200,internal,yes,yes,yes,1440,720,yes,1,cover,100% 50%,no,no,
/electrical-faults/burning-smell-from-switchboard,mobile-390,200,internal,yes,yes,yes,390,1075,yes,1,contain,100% 0%,no,no,
/electrical-faults/circuit-breaker-keeps-tripping,desktop-1440,200,internal,yes,yes,yes,1440,630,yes,1,cover,100% 50%,no,no,
/electrical-faults/circuit-breaker-keeps-tripping,mobile-390,200,internal,yes,yes,yes,390,1015,yes,1,contain,100% 0%,no,no,
/electrical-faults/electric-shock-from-outlet,desktop-1440,200,internal,yes,yes,yes,1440,630,yes,1,cover,100% 50%,no,no,
/electrical-faults/electric-shock-from-outlet,mobile-390,200,internal,yes,yes,yes,390,1060,yes,1,contain,100% 0%,no,no,
/electrical-faults/hot-power-point,desktop-1440,200,internal,yes,yes,yes,1440,614,yes,1,cover,100% 50%,no,no,
/electrical-faults/hot-power-point,mobile-390,200,internal,yes,yes,yes,390,942,yes,1,contain,100% 0%,no,no,
/electrical-faults/lights-flickering,desktop-1440,200,internal,yes,yes,yes,1440,651,yes,1,cover,100% 50%,no,no,
/electrical-faults/lights-flickering,mobile-390,200,internal,yes,yes,yes,390,979,yes,1,contain,100% 0%,no,no,
/electrical-faults/no-power-in-one-room,desktop-1440,200,internal,yes,yes,yes,1440,630,yes,1,cover,100% 50%,no,no,
/electrical-faults/no-power-in-one-room,mobile-390,200,internal,yes,yes,yes,390,1015,yes,1,contain,100% 0%,no,no,
/electrical-faults/no-power-to-house,desktop-1440,200,internal,yes,yes,yes,1440,630,yes,1,cover,100% 50%,no,no,
/electrical-faults/no-power-to-house,mobile-390,200,internal,yes,yes,yes,390,1002,yes,1,contain,100% 0%,no,no,
/electrical-faults/power-outage-after-storm,desktop-1440,200,internal,yes,yes,yes,1440,630,yes,1,cover,100% 50%,no,no,
/electrical-faults/power-outage-after-storm,mobile-390,200,internal,yes,yes,yes,390,1015,yes,1,contain,100% 0%,no,no,
/electrical-faults/power-point-sparking,desktop-1440,200,internal,yes,yes,yes,1440,630,yes,1,cover,100% 50%,no,no,
/electrical-faults/power-point-sparking,mobile-390,200,internal,yes,yes,yes,390,1038,yes,1,contain,100% 0%,no,no,
/electrical-faults/power-surge-damage,desktop-1440,200,internal,yes,yes,yes,1440,689,yes,1,cover,100% 50%,no,no,
/electrical-faults/power-surge-damage,mobile-390,200,internal,yes,yes,yes,390,1128,yes,1,contain,100% 0%,no,no,
/electrical-faults/rcd-trips-when-raining,desktop-1440,200,internal,yes,yes,yes,1440,630,yes,1,cover,100% 50%,no,no,
/electrical-faults/rcd-trips-when-raining,mobile-390,200,internal,yes,yes,yes,390,1075,yes,1,contain,100% 0%,no,no,
/electrical-faults/safety-switch-keeps-tripping,desktop-1440,200,internal,yes,yes,yes,1440,651,yes,1,cover,100% 50%,no,no,
/electrical-faults/safety-switch-keeps-tripping,mobile-390,200,internal,yes,yes,yes,390,1113,yes,1,contain,100% 0%,no,no,
/electrical-faults/safety-switch-trips-at-night,desktop-1440,200,internal,yes,yes,yes,1440,689,yes,1,cover,100% 50%,no,no,
/electrical-faults/safety-switch-trips-at-night,mobile-390,200,internal,yes,yes,yes,390,1173,yes,1,contain,100% 0%,no,no,
/electrical-faults/smoke-from-electrical-panel,desktop-1440,200,internal,yes,yes,yes,1440,630,yes,1,cover,100% 50%,no,no,
/electrical-faults/smoke-from-electrical-panel,mobile-390,200,internal,yes,yes,yes,390,1060,yes,1,contain,100% 0%,no,no,
/emergency-electrician-sydney,desktop-1440,200,internal,yes,yes,yes,1440,1236,yes,1,cover,100% 50%,no,no,
/emergency-electrician-sydney,mobile-390,200,internal,yes,yes,yes,390,2067,yes,1,contain,100% 0%,no,no,
/level-2-electrician-sydney,desktop-1440,200,internal,yes,yes,yes,1440,1416,yes,1,cover,100% 50%,no,no,
/level-2-electrician-sydney,mobile-390,200,internal,yes,yes,yes,390,2613,yes,1,contain,100% 0%,no,no,
/privacy-policy,desktop-1440,200,none,no,no,no,0,0,no,,,,no,no,
/privacy-policy,mobile-390,200,none,no,no,no,0,0,no,,,,no,no,
/service-areas,desktop-1440,200,internal,yes,yes,yes,1440,1480,yes,1,cover,100% 50%,no,no,
/service-areas,mobile-390,200,internal,yes,yes,yes,390,2240,yes,1,contain,100% 0%,no,no,
/service-areas/blue-mountains,desktop-1440,200,internal,yes,yes,yes,1440,1188,yes,1,cover,100% 50%,no,no,
/service-areas/blue-mountains,mobile-390,200,internal,yes,yes,yes,390,1206,yes,1,contain,100% 0%,no,no,
/service-areas/blue-mountains/blue-mountains,desktop-1440,200,internal,yes,yes,yes,1440,950,yes,1,cover,100% 50%,no,no,
/service-areas/blue-mountains/blue-mountains,mobile-390,200,internal,yes,yes,yes,390,861,yes,1,contain,100% 0%,no,no,
/service-areas/blue-mountains/blue-mountains/berambing,desktop-1440,200,internal,yes,yes,yes,1440,1042,yes,1,cover,100% 50%,no,no,
/service-areas/blue-mountains/blue-mountains/berambing,mobile-390,200,internal,yes,yes,yes,390,1303,yes,1,contain,100% 0%,no,no,
/service-areas/blue-mountains/blue-mountains/blaxland,desktop-1440,200,internal,yes,yes,yes,1440,1070,yes,1,cover,100% 50%,no,no,
/service-areas/blue-mountains/blue-mountains/blaxland,mobile-390,200,internal,yes,yes,yes,390,1348,yes,1,contain,100% 0%,no,no,
/service-areas/blue-mountains/blue-mountains/bullaburra,desktop-1440,200,internal,yes,yes,yes,1440,1070,yes,1,cover,100% 50%,no,no,
/service-areas/blue-mountains/blue-mountains/bullaburra,mobile-390,200,internal,yes,yes,yes,390,1348,yes,1,contain,100% 0%,no,no,
/service-areas/blue-mountains/blue-mountains/faulconbridge,desktop-1440,200,internal,yes,yes,yes,1440,1010,yes,1,cover,100% 50%,no,no,
/service-areas/blue-mountains/blue-mountains/faulconbridge,mobile-390,200,internal,yes,yes,yes,390,1272,yes,1,contain,100% 0%,no,no,
/service-areas/blue-mountains/blue-mountains/glenbrook,desktop-1440,200,internal,yes,yes,yes,1440,1010,yes,1,cover,100% 50%,no,no,
/service-areas/blue-mountains/blue-mountains/glenbrook,mobile-390,200,internal,yes,yes,yes,390,1236,yes,1,contain,100% 0%,no,no,
/service-areas/blue-mountains/blue-mountains/hawkesbury-heights,desktop-1440,200,internal,yes,yes,yes,1440,1082,yes,1,cover,100% 50%,no,no,
/service-areas/blue-mountains/blue-mountains/hawkesbury-heights,mobile-390,200,internal,yes,yes,yes,390,1272,yes,1,contain,100% 0%,no,no,
/service-areas/blue-mountains/blue-mountains/hazelbrook,desktop-1440,200,internal,yes,yes,yes,1440,950,yes,1,cover,100% 50%,no,no,
/service-areas/blue-mountains/blue-mountains/hazelbrook,mobile-390,200,internal,yes,yes,yes,390,1168,yes,1,contain,100% 0%,no,no,
/service-areas/blue-mountains/blue-mountains/katoomba,desktop-1440,200,internal,yes,yes,yes,1440,922,yes,1,cover,100% 50%,no,no,
/service-areas/blue-mountains/blue-mountains/katoomba,mobile-390,200,internal,yes,yes,yes,390,1123,yes,1,contain,100% 0%,no,no,
/service-areas/blue-mountains/blue-mountains/lapstone,desktop-1440,200,internal,yes,yes,yes,1440,1070,yes,1,cover,100% 50%,no,no,
/service-areas/blue-mountains/blue-mountains/lapstone,mobile-390,200,internal,yes,yes,yes,390,1348,yes,1,contain,100% 0%,no,no,
/service-areas/blue-mountains/blue-mountains/lawson,desktop-1440,200,internal,yes,yes,yes,1440,1042,yes,1,cover,100% 50%,no,no,
/service-areas/blue-mountains/blue-mountains/lawson,mobile-390,200,internal,yes,yes,yes,390,1281,yes,1,contain,100% 0%,no,no,
/service-areas/blue-mountains/blue-mountains/leura,desktop-1440,200,internal,yes,yes,yes,1440,938,yes,1,cover,100% 50%,no,no,
/service-areas/blue-mountains/blue-mountains/leura,mobile-390,200,internal,yes,yes,yes,390,1236,yes,1,contain,100% 0%,no,no,
/service-areas/blue-mountains/blue-mountains/linden,desktop-1440,200,internal,yes,yes,yes,1440,970,yes,1,cover,100% 50%,no,no,
/service-areas/blue-mountains/blue-mountains/linden,mobile-390,200,internal,yes,yes,yes,390,1281,yes,1,contain,100% 0%,no,no,
/service-areas/blue-mountains/blue-mountains/mount-riverview,desktop-1440,200,internal,yes,yes,yes,1440,1042,yes,1,cover,100% 50%,no,no,
/service-areas/blue-mountains/blue-mountains/mount-riverview,mobile-390,200,internal,yes,yes,yes,390,1281,yes,1,contain,100% 0%,no,no,
/service-areas/blue-mountains/blue-mountains/springwood,desktop-1440,200,internal,yes,yes,yes,1440,922,yes,1,cover,100% 50%,no,no,
/service-areas/blue-mountains/blue-mountains/springwood,mobile-390,200,internal,yes,yes,yes,390,1123,yes,1,contain,100% 0%,no,no,
/service-areas/blue-mountains/blue-mountains/sun-valley,desktop-1440,200,internal,yes,yes,yes,1440,1070,yes,1,cover,100% 50%,no,no,
/service-areas/blue-mountains/blue-mountains/sun-valley,mobile-390,200,internal,yes,yes,yes,390,1348,yes,1,contain,100% 0%,no,no,
/service-areas/blue-mountains/blue-mountains/valley-heights,desktop-1440,200,internal,yes,yes,yes,1440,1010,yes,1,cover,100% 50%,no,no,
/service-areas/blue-mountains/blue-mountains/valley-heights,mobile-390,200,internal,yes,yes,yes,390,1236,yes,1,contain,100% 0%,no,no,
/service-areas/blue-mountains/blue-mountains/warrimoo,desktop-1440,200,internal,yes,yes,yes,1440,1010,yes,1,cover,100% 50%,no,no,
/service-areas/blue-mountains/blue-mountains/warrimoo,mobile-390,200,internal,yes,yes,yes,390,1236,yes,1,contain,100% 0%,no,no,
/service-areas/blue-mountains/blue-mountains/wentworth-falls,desktop-1440,200,internal,yes,yes,yes,1440,1102,yes,1,cover,100% 50%,no,no,
/service-areas/blue-mountains/blue-mountains/wentworth-falls,mobile-390,200,internal,yes,yes,yes,390,1407,yes,1,contain,100% 0%,no,no,
/service-areas/blue-mountains/blue-mountains/winmalee,desktop-1440,200,internal,yes,yes,yes,1440,1070,yes,1,cover,100% 50%,no,no,
/service-areas/blue-mountains/blue-mountains/winmalee,mobile-390,200,internal,yes,yes,yes,390,1348,yes,1,contain,100% 0%,no,no,
/service-areas/blue-mountains/blue-mountains/woodford,desktop-1440,200,internal,yes,yes,yes,1440,1042,yes,1,cover,100% 50%,no,no,
/service-areas/blue-mountains/blue-mountains/woodford,mobile-390,200,internal,yes,yes,yes,390,1258,yes,1,contain,100% 0%,no,no,
/service-areas/blue-mountains/blue-mountains/yellow-rock,desktop-1440,200,internal,yes,yes,yes,1440,1070,yes,1,cover,100% 50%,no,no,
/service-areas/blue-mountains/blue-mountains/yellow-rock,mobile-390,200,internal,yes,yes,yes,390,1348,yes,1,contain,100% 0%,no,no,
/service-areas/canterbury-bankstown-and-inner-south-west,desktop-1440,200,internal,yes,yes,yes,1440,1144,yes,1,cover,100% 50%,no,no,
/service-areas/canterbury-bankstown-and-inner-south-west,mobile-390,200,internal,yes,yes,yes,390,1121,yes,1,contain,100% 0%,no,no,
/service-areas/canterbury-bankstown-and-inner-south-west/canterbury-bankstown,desktop-1440,200,internal,yes,yes,yes,1440,950,yes,1,cover,100% 50%,no,no,
/service-areas/canterbury-bankstown-and-inner-south-west/canterbury-bankstown,mobile-390,200,internal,yes,yes,yes,390,852,yes,1,contain,100% 0%,no,no,
/service-areas/canterbury-bankstown-and-inner-south-west/canterbury-bankstown/bankstown,desktop-1440,200,internal,yes,yes,yes,1440,982,yes,1,cover,100% 50%,no,no,
/service-areas/canterbury-bankstown-and-inner-south-west/canterbury-bankstown/bankstown,mobile-390,200,internal,yes,yes,yes,390,1207,yes,1,contain,100% 0%,no,no,
/service-areas/canterbury-bankstown-and-inner-south-west/canterbury-bankstown/bass-hill,desktop-1440,200,internal,yes,yes,yes,1440,978,yes,1,cover,100% 50%,no,no,
/service-areas/canterbury-bankstown-and-inner-south-west/canterbury-bankstown/bass-hill,mobile-390,200,internal,yes,yes,yes,390,1229,yes,1,contain,100% 0%,no,no,
/service-areas/canterbury-bankstown-and-inner-south-west/canterbury-bankstown/belfield,desktop-1440,200,internal,yes,yes,yes,1440,982,yes,1,cover,100% 50%,no,no,
/service-areas/canterbury-bankstown-and-inner-south-west/canterbury-bankstown/belfield,mobile-390,200,internal,yes,yes,yes,390,1229,yes,1,contain,100% 0%,no,no,
/service-areas/canterbury-bankstown-and-inner-south-west/canterbury-bankstown/belmore,desktop-1440,200,internal,yes,yes,yes,1440,950,yes,1,cover,100% 50%,no,no,
/service-areas/canterbury-bankstown-and-inner-south-west/canterbury-bankstown/belmore,mobile-390,200,internal,yes,yes,yes,390,1162,yes,1,contain,100% 0%,no,no,
/service-areas/canterbury-bankstown-and-inner-south-west/canterbury-bankstown/beverly-hills,desktop-1440,200,internal,yes,yes,yes,1440,950,yes,1,cover,100% 50%,no,no,
/service-areas/canterbury-bankstown-and-inner-south-west/canterbury-bankstown/beverly-hills,mobile-390,200,internal,yes,yes,yes,390,1162,yes,1,contain,100% 0%,no,no,
/service-areas/canterbury-bankstown-and-inner-south-west/canterbury-bankstown/birrong,desktop-1440,200,internal,yes,yes,yes,1440,982,yes,1,cover,100% 50%,no,no,
/service-areas/canterbury-bankstown-and-inner-south-west/canterbury-bankstown/birrong,mobile-390,200,internal,yes,yes,yes,390,1229,yes,1,contain,100% 0%,no,no,
/service-areas/canterbury-bankstown-and-inner-south-west/canterbury-bankstown/campsie,desktop-1440,200,internal,yes,yes,yes,1440,982,yes,1,cover,100% 50%,no,no,
/service-areas/canterbury-bankstown-and-inner-south-west/canterbury-bankstown/campsie,mobile-390,200,internal,yes,yes,yes,390,1229,yes,1,contain,100% 0%,no,no,
/service-areas/canterbury-bankstown-and-inner-south-west/canterbury-bankstown/canterbury,desktop-1440,200,internal,yes,yes,yes,1440,978,yes,1,cover,100% 50%,no,no,
/service-areas/canterbury-bankstown-and-inner-south-west/canterbury-bankstown/canterbury,mobile-390,200,internal,yes,yes,yes,390,1229,yes,1,contain,100% 0%,no,no,
/service-areas/canterbury-bankstown-and-inner-south-west/canterbury-bankstown/chester-hill,desktop-1440,200,internal,yes,yes,yes,1440,978,yes,1,cover,100% 50%,no,no,
/service-areas/canterbury-bankstown-and-inner-south-west/canterbury-bankstown/chester-hill,mobile-390,200,internal,yes,yes,yes,390,1229,yes,1,contain,100% 0%,no,no,
/service-areas/canterbury-bankstown-and-inner-south-west/canterbury-bankstown/clemton-park,desktop-1440,200,internal,yes,yes,yes,1440,1010,yes,1,cover,100% 50%,no,no,
/service-areas/canterbury-bankstown-and-inner-south-west/canterbury-bankstown/clemton-park,mobile-390,200,internal,yes,yes,yes,390,1297,yes,1,contain,100% 0%,no,no,
/service-areas/canterbury-bankstown-and-inner-south-west/canterbury-bankstown/condell-park,desktop-1440,200,internal,yes,yes,yes,1440,1038,yes,1,cover,100% 50%,no,no,
/service-areas/canterbury-bankstown-and-inner-south-west/canterbury-bankstown/condell-park,mobile-390,200,internal,yes,yes,yes,390,1297,yes,1,contain,100% 0%,no,no,
/service-areas/canterbury-bankstown-and-inner-south-west/canterbury-bankstown/earlwood,desktop-1440,200,internal,yes,yes,yes,1440,1038,yes,1,cover,100% 50%,no,no,
/service-areas/canterbury-bankstown-and-inner-south-west/canterbury-bankstown/earlwood,mobile-390,200,internal,yes,yes,yes,390,1297,yes,1,contain,100% 0%,no,no,
/service-areas/canterbury-bankstown-and-inner-south-west/canterbury-bankstown/east-hills,desktop-1440,200,internal,yes,yes,yes,1440,982,yes,1,cover,100% 50%,no,no,
/service-areas/canterbury-bankstown-and-inner-south-west/canterbury-bankstown/east-hills,mobile-390,200,internal,yes,yes,yes,390,1229,yes,1,contain,100% 0%,no,no,
/service-areas/canterbury-bankstown-and-inner-south-west/canterbury-bankstown/georges-hall,desktop-1440,200,internal,yes,yes,yes,1440,978,yes,1,cover,100% 50%,no,no,
/service-areas/canterbury-bankstown-and-inner-south-west/canterbury-bankstown/georges-hall,mobile-390,200,internal,yes,yes,yes,390,1229,yes,1,contain,100% 0%,no,no,
/service-areas/canterbury-bankstown-and-inner-south-west/canterbury-bankstown/greenacre,desktop-1440,200,internal,yes,yes,yes,1440,1038,yes,1,cover,100% 50%,no,no,
/service-areas/canterbury-bankstown-and-inner-south-west/canterbury-bankstown/greenacre,mobile-390,200,internal,yes,yes,yes,390,1297,yes,1,contain,100% 0%,no,no,
/service-areas/canterbury-bankstown-and-inner-south-west/canterbury-bankstown/kingsgrove,desktop-1440,200,internal,yes,yes,yes,1440,982,yes,1,cover,100% 50%,no,no,
/service-areas/canterbury-bankstown-and-inner-south-west/canterbury-bankstown/kingsgrove,mobile-390,200,internal,yes,yes,yes,390,1229,yes,1,contain,100% 0%,no,no,
/service-areas/canterbury-bankstown-and-inner-south-west/canterbury-bankstown/lakemba,desktop-1440,200,internal,yes,yes,yes,1440,982,yes,1,cover,100% 50%,no,no,
/service-areas/canterbury-bankstown-and-inner-south-west/canterbury-bankstown/lakemba,mobile-390,200,internal,yes,yes,yes,390,1229,yes,1,contain,100% 0%,no,no,
/service-areas/canterbury-bankstown-and-inner-south-west/canterbury-bankstown/lansdowne,desktop-1440,200,internal,yes,yes,yes,1440,1038,yes,1,cover,100% 50%,no,no,
/service-areas/canterbury-bankstown-and-inner-south-west/canterbury-bankstown/lansdowne,mobile-390,200,internal,yes,yes,yes,390,1297,yes,1,contain,100% 0%,no,no,
/service-areas/canterbury-bankstown-and-inner-south-west/canterbury-bankstown/milperra,desktop-1440,200,internal,yes,yes,yes,1440,950,yes,1,cover,100% 50%,no,no,
/service-areas/canterbury-bankstown-and-inner-south-west/canterbury-bankstown/milperra,mobile-390,200,internal,yes,yes,yes,390,1162,yes,1,contain,100% 0%,no,no,
/service-areas/canterbury-bankstown-and-inner-south-west/canterbury-bankstown/mount-lewis,desktop-1440,200,internal,yes,yes,yes,1440,950,yes,1,cover,100% 50%,no,no,
/service-areas/canterbury-bankstown-and-inner-south-west/canterbury-bankstown/mount-lewis,mobile-390,200,internal,yes,yes,yes,390,1162,yes,1,contain,100% 0%,no,no,
/service-areas/canterbury-bankstown-and-inner-south-west/canterbury-bankstown/narwee,desktop-1440,200,internal,yes,yes,yes,1440,950,yes,1,cover,100% 50%,no,no,
/service-areas/canterbury-bankstown-and-inner-south-west/canterbury-bankstown/narwee,mobile-390,200,internal,yes,yes,yes,390,1162,yes,1,contain,100% 0%,no,no,
/service-areas/canterbury-bankstown-and-inner-south-west/canterbury-bankstown/padstow,desktop-1440,200,internal,yes,yes,yes,1440,890,yes,1,cover,100% 50%,no,no,
/service-areas/canterbury-bankstown-and-inner-south-west/canterbury-bankstown/padstow,mobile-390,200,internal,yes,yes,yes,390,1094,yes,1,contain,100% 0%,no,no,
/service-areas/canterbury-bankstown-and-inner-south-west/canterbury-bankstown/padstow-heights,desktop-1440,200,internal,yes,yes,yes,1440,950,yes,1,cover,100% 50%,no,no,
/service-areas/canterbury-bankstown-and-inner-south-west/canterbury-bankstown/padstow-heights,mobile-390,200,internal,yes,yes,yes,390,1198,yes,1,contain,100% 0%,no,no,
/service-areas/canterbury-bankstown-and-inner-south-west/canterbury-bankstown/panania,desktop-1440,200,internal,yes,yes,yes,1440,922,yes,1,cover,100% 50%,no,no,
/service-areas/canterbury-bankstown-and-inner-south-west/canterbury-bankstown/panania,mobile-390,200,internal,yes,yes,yes,390,1139,yes,1,contain,100% 0%,no,no,
/service-areas/canterbury-bankstown-and-inner-south-west/canterbury-bankstown/picnic-point,desktop-1440,200,internal,yes,yes,yes,1440,950,yes,1,cover,100% 50%,no,no,
/service-areas/canterbury-bankstown-and-inner-south-west/canterbury-bankstown/picnic-point,mobile-390,200,internal,yes,yes,yes,390,1162,yes,1,contain,100% 0%,no,no,
/service-areas/canterbury-bankstown-and-inner-south-west/canterbury-bankstown/potts-hill,desktop-1440,200,internal,yes,yes,yes,1440,978,yes,1,cover,100% 50%,no,no,
/service-areas/canterbury-bankstown-and-inner-south-west/canterbury-bankstown/potts-hill,mobile-390,200,internal,yes,yes,yes,390,1229,yes,1,contain,100% 0%,no,no,
/service-areas/canterbury-bankstown-and-inner-south-west/canterbury-bankstown/punchbowl,desktop-1440,200,internal,yes,yes,yes,1440,982,yes,1,cover,100% 50%,no,no,
/service-areas/canterbury-bankstown-and-inner-south-west/canterbury-bankstown/punchbowl,mobile-390,200,internal,yes,yes,yes,390,1229,yes,1,contain,100% 0%,no,no,
/service-areas/canterbury-bankstown-and-inner-south-west/canterbury-bankstown/revesby,desktop-1440,200,internal,yes,yes,yes,1440,922,yes,1,cover,100% 50%,no,no,
/service-areas/canterbury-bankstown-and-inner-south-west/canterbury-bankstown/revesby,mobile-390,200,internal,yes,yes,yes,390,1117,yes,1,contain,100% 0%,no,no,
/service-areas/canterbury-bankstown-and-inner-south-west/canterbury-bankstown/revesby-heights,desktop-1440,200,internal,yes,yes,yes,1440,1010,yes,1,cover,100% 50%,no,no,
/service-areas/canterbury-bankstown-and-inner-south-west/canterbury-bankstown/revesby-heights,mobile-390,200,internal,yes,yes,yes,390,1288,yes,1,contain,100% 0%,no,no,
/service-areas/canterbury-bankstown-and-inner-south-west/canterbury-bankstown/riverwood,desktop-1440,200,internal,yes,yes,yes,1440,978,yes,1,cover,100% 50%,no,no,
/service-areas/canterbury-bankstown-and-inner-south-west/canterbury-bankstown/riverwood,mobile-390,200,internal,yes,yes,yes,390,1229,yes,1,contain,100% 0%,no,no,
/service-areas/canterbury-bankstown-and-inner-south-west/canterbury-bankstown/roselands,desktop-1440,200,internal,yes,yes,yes,1440,978,yes,1,cover,100% 50%,no,no,
/service-areas/canterbury-bankstown-and-inner-south-west/canterbury-bankstown/roselands,mobile-390,200,internal,yes,yes,yes,390,1229,yes,1,contain,100% 0%,no,no,
/service-areas/canterbury-bankstown-and-inner-south-west/canterbury-bankstown/sefton,desktop-1440,200,internal,yes,yes,yes,1440,878,yes,1,cover,100% 50%,no,no,
/service-areas/canterbury-bankstown-and-inner-south-west/canterbury-bankstown/sefton,mobile-390,200,internal,yes,yes,yes,390,1162,yes,1,contain,100% 0%,no,no,
/service-areas/canterbury-bankstown-and-inner-south-west/canterbury-bankstown/villawood,desktop-1440,200,internal,yes,yes,yes,1440,978,yes,1,cover,100% 50%,no,no,
/service-areas/canterbury-bankstown-and-inner-south-west/canterbury-bankstown/villawood,mobile-390,200,internal,yes,yes,yes,390,1229,yes,1,contain,100% 0%,no,no,
/service-areas/canterbury-bankstown-and-inner-south-west/canterbury-bankstown/wiley-park,desktop-1440,200,internal,yes,yes,yes,1440,950,yes,1,cover,100% 50%,no,no,
/service-areas/canterbury-bankstown-and-inner-south-west/canterbury-bankstown/wiley-park,mobile-390,200,internal,yes,yes,yes,390,1162,yes,1,contain,100% 0%,no,no,
/service-areas/canterbury-bankstown-and-inner-south-west/canterbury-bankstown/yagoona,desktop-1440,200,internal,yes,yes,yes,1440,950,yes,1,cover,100% 50%,no,no,
/service-areas/canterbury-bankstown-and-inner-south-west/canterbury-bankstown/yagoona,mobile-390,200,internal,yes,yes,yes,390,1162,yes,1,contain,100% 0%,no,no,
/service-areas/central-coast-south,desktop-1440,200,internal,yes,yes,yes,1440,1188,yes,1,cover,100% 50%,no,no,
/service-areas/central-coast-south,mobile-390,200,internal,yes,yes,yes,390,1251,yes,1,contain,100% 0%,no,no,
/service-areas/central-coast-south/central-coast,desktop-1440,200,internal,yes,yes,yes,1440,950,yes,1,cover,100% 50%,no,no,
/service-areas/central-coast-south/central-coast,mobile-390,200,internal,yes,yes,yes,390,839,yes,1,contain,100% 0%,no,no,
/service-areas/central-coast-south/central-coast/alison,desktop-1440,200,internal,yes,yes,yes,1440,938,yes,1,cover,100% 50%,no,no,
/service-areas/central-coast-south/central-coast/alison,mobile-390,200,internal,yes,yes,yes,390,1213,yes,1,contain,100% 0%,no,no,
/service-areas/central-coast-south/central-coast/bar-point,desktop-1440,200,internal,yes,yes,yes,1440,950,yes,1,cover,100% 50%,no,no,
/service-areas/central-coast-south/central-coast/bar-point,mobile-390,200,internal,yes,yes,yes,390,1168,yes,1,contain,100% 0%,no,no,
/service-areas/central-coast-south/central-coast/blackwall,desktop-1440,200,internal,yes,yes,yes,1440,950,yes,1,cover,100% 50%,no,no,
/service-areas/central-coast-south/central-coast/blackwall,mobile-390,200,internal,yes,yes,yes,390,1168,yes,1,contain,100% 0%,no,no,
/service-areas/central-coast-south/central-coast/calga,desktop-1440,200,internal,yes,yes,yes,1440,938,yes,1,cover,100% 50%,no,no,
/service-areas/central-coast-south/central-coast/calga,mobile-390,200,internal,yes,yes,yes,390,1213,yes,1,contain,100% 0%,no,no,
/service-areas/central-coast-south/central-coast/central-mangrove,desktop-1440,200,internal,yes,yes,yes,1440,982,yes,1,cover,100% 50%,no,no,
/service-areas/central-coast-south/central-coast/central-mangrove,mobile-390,200,internal,yes,yes,yes,390,1168,yes,1,contain,100% 0%,no,no,
/service-areas/central-coast-south/central-coast/cheero-point,desktop-1440,200,internal,yes,yes,yes,1440,1070,yes,1,cover,100% 50%,no,no,
/service-areas/central-coast-south/central-coast/cheero-point,mobile-390,200,internal,yes,yes,yes,390,1303,yes,1,contain,100% 0%,no,no,
/service-areas/central-coast-south/central-coast/cogra-bay,desktop-1440,200,internal,yes,yes,yes,1440,1010,yes,1,cover,100% 50%,no,no,
/service-areas/central-coast-south/central-coast/cogra-bay,mobile-390,200,internal,yes,yes,yes,390,1236,yes,1,contain,100% 0%,no,no,
/service-areas/central-coast-south/central-coast/east-gosford,desktop-1440,200,internal,yes,yes,yes,1440,982,yes,1,cover,100% 50%,no,no,
/service-areas/central-coast-south/central-coast/east-gosford,mobile-390,200,internal,yes,yes,yes,390,1168,yes,1,contain,100% 0%,no,no,
/service-areas/central-coast-south/central-coast/erina,desktop-1440,200,internal,yes,yes,yes,1440,938,yes,1,cover,100% 50%,no,no,
/service-areas/central-coast-south/central-coast/erina,mobile-390,200,internal,yes,yes,yes,390,1213,yes,1,contain,100% 0%,no,no,
/service-areas/central-coast-south/central-coast/gosford,desktop-1440,200,internal,yes,yes,yes,1440,922,yes,1,cover,100% 50%,no,no,
/service-areas/central-coast-south/central-coast/gosford,mobile-390,200,internal,yes,yes,yes,390,1101,yes,1,contain,100% 0%,no,no,
/service-areas/central-coast-south/central-coast/green-point,desktop-1440,200,internal,yes,yes,yes,1440,1010,yes,1,cover,100% 50%,no,no,
/service-areas/central-coast-south/central-coast/green-point,mobile-390,200,internal,yes,yes,yes,390,1213,yes,1,contain,100% 0%,no,no,
/service-areas/central-coast-south/central-coast/horsfield-bay,desktop-1440,200,internal,yes,yes,yes,1440,1070,yes,1,cover,100% 50%,no,no,
/service-areas/central-coast-south/central-coast/horsfield-bay,mobile-390,200,internal,yes,yes,yes,390,1303,yes,1,contain,100% 0%,no,no,
/service-areas/central-coast-south/central-coast/kangy-angy,desktop-1440,200,internal,yes,yes,yes,1440,1070,yes,1,cover,100% 50%,no,no,
/service-areas/central-coast-south/central-coast/kangy-angy,mobile-390,200,internal,yes,yes,yes,390,1326,yes,1,contain,100% 0%,no,no,
/service-areas/central-coast-south/central-coast/kariong,desktop-1440,200,internal,yes,yes,yes,1440,1070,yes,1,cover,100% 50%,no,no,
/service-areas/central-coast-south/central-coast/kariong,mobile-390,200,internal,yes,yes,yes,390,1326,yes,1,contain,100% 0%,no,no,
/service-areas/central-coast-south/central-coast/koolewong,desktop-1440,200,internal,yes,yes,yes,1440,950,yes,1,cover,100% 50%,no,no,
/service-areas/central-coast-south/central-coast/koolewong,mobile-390,200,internal,yes,yes,yes,390,1168,yes,1,contain,100% 0%,no,no,
/service-areas/central-coast-south/central-coast/mardi,desktop-1440,200,internal,yes,yes,yes,1440,878,yes,1,cover,100% 50%,no,no,
/service-areas/central-coast-south/central-coast/mardi,mobile-390,200,internal,yes,yes,yes,390,1168,yes,1,contain,100% 0%,no,no,
/service-areas/central-coast-south/central-coast/marlow,desktop-1440,200,internal,yes,yes,yes,1440,1070,yes,1,cover,100% 50%,no,no,
/service-areas/central-coast-south/central-coast/marlow,mobile-390,200,internal,yes,yes,yes,390,1326,yes,1,contain,100% 0%,no,no,
/service-areas/central-coast-south/central-coast/mooney-mooney,desktop-1440,200,internal,yes,yes,yes,1440,1070,yes,1,cover,100% 50%,no,no,
/service-areas/central-coast-south/central-coast/mooney-mooney,mobile-390,200,internal,yes,yes,yes,390,1348,yes,1,contain,100% 0%,no,no,
/service-areas/central-coast-south/central-coast/mooney-mooney-creek,desktop-1440,200,internal,yes,yes,yes,1440,1070,yes,1,cover,100% 50%,no,no,
/service-areas/central-coast-south/central-coast/mooney-mooney-creek,mobile-390,200,internal,yes,yes,yes,390,1362,yes,1,contain,100% 0%,no,no,
/service-areas/central-coast-south/central-coast/mount-white,desktop-1440,200,internal,yes,yes,yes,1440,1070,yes,1,cover,100% 50%,no,no,
/service-areas/central-coast-south/central-coast/mount-white,mobile-390,200,internal,yes,yes,yes,390,1303,yes,1,contain,100% 0%,no,no,
/service-areas/central-coast-south/central-coast/narara,desktop-1440,200,internal,yes,yes,yes,1440,950,yes,1,cover,100% 50%,no,no,
/service-areas/central-coast-south/central-coast/narara,mobile-390,200,internal,yes,yes,yes,390,1168,yes,1,contain,100% 0%,no,no,
/service-areas/central-coast-south/central-coast/niagara-park,desktop-1440,200,internal,yes,yes,yes,1440,982,yes,1,cover,100% 50%,no,no,
/service-areas/central-coast-south/central-coast/niagara-park,mobile-390,200,internal,yes,yes,yes,390,1168,yes,1,contain,100% 0%,no,no,
/service-areas/central-coast-south/central-coast/north-gosford,desktop-1440,200,internal,yes,yes,yes,1440,1098,yes,1,cover,100% 50%,no,no,
/service-areas/central-coast-south/central-coast/north-gosford,mobile-390,200,internal,yes,yes,yes,390,1371,yes,1,contain,100% 0%,no,no,
/service-areas/central-coast-south/central-coast/palmdale,desktop-1440,200,internal,yes,yes,yes,1440,1010,yes,1,cover,100% 50%,no,no,
/service-areas/central-coast-south/central-coast/palmdale,mobile-390,200,internal,yes,yes,yes,390,1236,yes,1,contain,100% 0%,no,no,
/service-areas/central-coast-south/central-coast/peats-ridge,desktop-1440,200,internal,yes,yes,yes,1440,950,yes,1,cover,100% 50%,no,no,
/service-areas/central-coast-south/central-coast/peats-ridge,mobile-390,200,internal,yes,yes,yes,390,1168,yes,1,contain,100% 0%,no,no,
/service-areas/central-coast-south/central-coast/phegans-bay,desktop-1440,200,internal,yes,yes,yes,1440,1042,yes,1,cover,100% 50%,no,no,
/service-areas/central-coast-south/central-coast/phegans-bay,mobile-390,200,internal,yes,yes,yes,390,1303,yes,1,contain,100% 0%,no,no,
/service-areas/central-coast-south/central-coast/point-clare,desktop-1440,200,internal,yes,yes,yes,1440,1070,yes,1,cover,100% 50%,no,no,
/service-areas/central-coast-south/central-coast/point-clare,mobile-390,200,internal,yes,yes,yes,390,1348,yes,1,contain,100% 0%,no,no,
/service-areas/central-coast-south/central-coast/point-frederick,desktop-1440,200,internal,yes,yes,yes,1440,1010,yes,1,cover,100% 50%,no,no,
/service-areas/central-coast-south/central-coast/point-frederick,mobile-390,200,internal,yes,yes,yes,390,1236,yes,1,contain,100% 0%,no,no,
/service-areas/central-coast-south/central-coast/somersby,desktop-1440,200,internal,yes,yes,yes,1440,1130,yes,1,cover,100% 50%,no,no,
/service-areas/central-coast-south/central-coast/somersby,mobile-390,200,internal,yes,yes,yes,390,1371,yes,1,contain,100% 0%,no,no,
/service-areas/central-coast-south/central-coast/springfield,desktop-1440,200,internal,yes,yes,yes,1440,1070,yes,1,cover,100% 50%,no,no,
/service-areas/central-coast-south/central-coast/springfield,mobile-390,200,internal,yes,yes,yes,390,1348,yes,1,contain,100% 0%,no,no,
/service-areas/central-coast-south/central-coast/tascott,desktop-1440,200,internal,yes,yes,yes,1440,1070,yes,1,cover,100% 50%,no,no,
/service-areas/central-coast-south/central-coast/tascott,mobile-390,200,internal,yes,yes,yes,390,1348,yes,1,contain,100% 0%,no,no,
/service-areas/central-coast-south/central-coast/tuggerah,desktop-1440,200,internal,yes,yes,yes,1440,1010,yes,1,cover,100% 50%,no,no,
/service-areas/central-coast-south/central-coast/tuggerah,mobile-390,200,internal,yes,yes,yes,390,1213,yes,1,contain,100% 0%,no,no,
/service-areas/central-coast-south/central-coast/wendoree-park,desktop-1440,200,internal,yes,yes,yes,1440,1102,yes,1,cover,100% 50%,no,no,
/service-areas/central-coast-south/central-coast/wendoree-park,mobile-390,200,internal,yes,yes,yes,390,1407,yes,1,contain,100% 0%,no,no,
/service-areas/central-coast-south/central-coast/west-gosford,desktop-1440,200,internal,yes,yes,yes,1440,982,yes,1,cover,100% 50%,no,no,
/service-areas/central-coast-south/central-coast/west-gosford,mobile-390,200,internal,yes,yes,yes,390,1168,yes,1,contain,100% 0%,no,no,
/service-areas/central-coast-south/central-coast/woy-woy,desktop-1440,200,internal,yes,yes,yes,1440,950,yes,1,cover,100% 50%,no,no,
/service-areas/central-coast-south/central-coast/woy-woy,mobile-390,200,internal,yes,yes,yes,390,1168,yes,1,contain,100% 0%,no,no,
/service-areas/central-coast-south/central-coast/woy-woy-bay,desktop-1440,200,internal,yes,yes,yes,1440,1010,yes,1,cover,100% 50%,no,no,
/service-areas/central-coast-south/central-coast/woy-woy-bay,mobile-390,200,internal,yes,yes,yes,390,1213,yes,1,contain,100% 0%,no,no,
/service-areas/central-coast-south/central-coast/wyoming,desktop-1440,200,internal,yes,yes,yes,1440,1070,yes,1,cover,100% 50%,no,no,
/service-areas/central-coast-south/central-coast/wyoming,mobile-390,200,internal,yes,yes,yes,390,1326,yes,1,contain,100% 0%,no,no,
/service-areas/hills-hawkesbury-and-hornsby,desktop-1440,200,internal,yes,yes,yes,1440,1156,yes,1,cover,100% 50%,no,no,
/service-areas/hills-hawkesbury-and-hornsby,mobile-390,200,internal,yes,yes,yes,390,1197,yes,1,contain,100% 0%,no,no,
/service-areas/hills-hawkesbury-and-hornsby/hawkesbury,desktop-1440,200,internal,yes,yes,yes,1440,950,yes,1,cover,100% 50%,no,no,
/service-areas/hills-hawkesbury-and-hornsby/hawkesbury,mobile-390,200,internal,yes,yes,yes,390,861,yes,1,contain,100% 0%,no,no,
/service-areas/hills-hawkesbury-and-hornsby/hawkesbury/agnes-banks,desktop-1440,200,internal,yes,yes,yes,1440,1010,yes,1,cover,100% 50%,no,no,
/service-areas/hills-hawkesbury-and-hornsby/hawkesbury/agnes-banks,mobile-390,200,internal,yes,yes,yes,390,1191,yes,1,contain,100% 0%,no,no,
/service-areas/hills-hawkesbury-and-hornsby/hawkesbury/bilpin,desktop-1440,200,internal,yes,yes,yes,1440,938,yes,1,cover,100% 50%,no,no,
/service-areas/hills-hawkesbury-and-hornsby/hawkesbury/bilpin,mobile-390,200,internal,yes,yes,yes,390,1213,yes,1,contain,100% 0%,no,no,
/service-areas/hills-hawkesbury-and-hornsby/hawkesbury/blaxlands-ridge,desktop-1440,200,internal,yes,yes,yes,1440,1010,yes,1,cover,100% 50%,no,no,
/service-areas/hills-hawkesbury-and-hornsby/hawkesbury/blaxlands-ridge,mobile-390,200,internal,yes,yes,yes,390,1272,yes,1,contain,100% 0%,no,no,
/service-areas/hills-hawkesbury-and-hornsby/hawkesbury/bligh-park,desktop-1440,200,internal,yes,yes,yes,1440,1042,yes,1,cover,100% 50%,no,no,
/service-areas/hills-hawkesbury-and-hornsby/hawkesbury/bligh-park,mobile-390,200,internal,yes,yes,yes,390,1303,yes,1,contain,100% 0%,no,no,
/service-areas/hills-hawkesbury-and-hornsby/hawkesbury/bowen-mountain,desktop-1440,200,internal,yes,yes,yes,1440,1042,yes,1,cover,100% 50%,no,no,
/service-areas/hills-hawkesbury-and-hornsby/hawkesbury/bowen-mountain,mobile-390,200,internal,yes,yes,yes,390,1303,yes,1,contain,100% 0%,no,no,
/service-areas/hills-hawkesbury-and-hornsby/hawkesbury/clarendon,desktop-1440,200,internal,yes,yes,yes,1440,1010,yes,1,cover,100% 50%,no,no,
/service-areas/hills-hawkesbury-and-hornsby/hawkesbury/clarendon,mobile-390,200,internal,yes,yes,yes,390,1236,yes,1,contain,100% 0%,no,no,
/service-areas/hills-hawkesbury-and-hornsby/hawkesbury/cornwallis,desktop-1440,200,internal,yes,yes,yes,1440,1042,yes,1,cover,100% 50%,no,no,
/service-areas/hills-hawkesbury-and-hornsby/hawkesbury/cornwallis,mobile-390,200,internal,yes,yes,yes,390,1258,yes,1,contain,100% 0%,no,no,
/service-areas/hills-hawkesbury-and-hornsby/hawkesbury/cumberland-reach,desktop-1440,200,internal,yes,yes,yes,1440,1070,yes,1,cover,100% 50%,no,no,
/service-areas/hills-hawkesbury-and-hornsby/hawkesbury/cumberland-reach,mobile-390,200,internal,yes,yes,yes,390,1339,yes,1,contain,100% 0%,no,no,
/service-areas/hills-hawkesbury-and-hornsby/hawkesbury/east-kurrajong,desktop-1440,200,internal,yes,yes,yes,1440,1010,yes,1,cover,100% 50%,no,no,
/service-areas/hills-hawkesbury-and-hornsby/hawkesbury/east-kurrajong,mobile-390,200,internal,yes,yes,yes,390,1236,yes,1,contain,100% 0%,no,no,
/service-areas/hills-hawkesbury-and-hornsby/hawkesbury/ebenezer,desktop-1440,200,internal,yes,yes,yes,1440,950,yes,1,cover,100% 50%,no,no,
/service-areas/hills-hawkesbury-and-hornsby/hawkesbury/ebenezer,mobile-390,200,internal,yes,yes,yes,390,1191,yes,1,contain,100% 0%,no,no,
/service-areas/hills-hawkesbury-and-hornsby/hawkesbury/freemans-reach,desktop-1440,200,internal,yes,yes,yes,1440,1010,yes,1,cover,100% 50%,no,no,
/service-areas/hills-hawkesbury-and-hornsby/hawkesbury/freemans-reach,mobile-390,200,internal,yes,yes,yes,390,1227,yes,1,contain,100% 0%,no,no,
/service-areas/hills-hawkesbury-and-hornsby/hawkesbury/glossodia,desktop-1440,200,internal,yes,yes,yes,1440,1042,yes,1,cover,100% 50%,no,no,
/service-areas/hills-hawkesbury-and-hornsby/hawkesbury/glossodia,mobile-390,200,internal,yes,yes,yes,390,1303,yes,1,contain,100% 0%,no,no,
/service-areas/hills-hawkesbury-and-hornsby/hawkesbury/grose-vale,desktop-1440,200,internal,yes,yes,yes,1440,1042,yes,1,cover,100% 50%,no,no,
/service-areas/hills-hawkesbury-and-hornsby/hawkesbury/grose-vale,mobile-390,200,internal,yes,yes,yes,390,1281,yes,1,contain,100% 0%,no,no,
/service-areas/hills-hawkesbury-and-hornsby/hawkesbury/grose-wold,desktop-1440,200,internal,yes,yes,yes,1440,1010,yes,1,cover,100% 50%,no,no,
/service-areas/hills-hawkesbury-and-hornsby/hawkesbury/grose-wold,mobile-390,200,internal,yes,yes,yes,390,1236,yes,1,contain,100% 0%,no,no,
/service-areas/hills-hawkesbury-and-hornsby/hawkesbury/hobartville,desktop-1440,200,internal,yes,yes,yes,1440,950,yes,1,cover,100% 50%,no,no,
/service-areas/hills-hawkesbury-and-hornsby/hawkesbury/hobartville,mobile-390,200,internal,yes,yes,yes,390,1191,yes,1,contain,100% 0%,no,no,
/service-areas/hills-hawkesbury-and-hornsby/hawkesbury/kurmond,desktop-1440,200,internal,yes,yes,yes,1440,1042,yes,1,cover,100% 50%,no,no,
/service-areas/hills-hawkesbury-and-hornsby/hawkesbury/kurmond,mobile-390,200,internal,yes,yes,yes,390,1281,yes,1,contain,100% 0%,no,no,
/service-areas/hills-hawkesbury-and-hornsby/hawkesbury/kurrajong,desktop-1440,200,internal,yes,yes,yes,1440,950,yes,1,cover,100% 50%,no,no,
/service-areas/hills-hawkesbury-and-hornsby/hawkesbury/kurrajong,mobile-390,200,internal,yes,yes,yes,390,1191,yes,1,contain,100% 0%,no,no,
/service-areas/hills-hawkesbury-and-hornsby/hawkesbury/kurrajong-heights,desktop-1440,200,internal,yes,yes,yes,1440,1010,yes,1,cover,100% 50%,no,no,
/service-areas/hills-hawkesbury-and-hornsby/hawkesbury/kurrajong-heights,mobile-390,200,internal,yes,yes,yes,390,1227,yes,1,contain,100% 0%,no,no,
/service-areas/hills-hawkesbury-and-hornsby/hawkesbury/kurrajong-hills,desktop-1440,200,internal,yes,yes,yes,1440,1070,yes,1,cover,100% 50%,no,no,
/service-areas/hills-hawkesbury-and-hornsby/hawkesbury/kurrajong-hills,mobile-390,200,internal,yes,yes,yes,390,1339,yes,1,contain,100% 0%,no,no,
/service-areas/hills-hawkesbury-and-hornsby/hawkesbury/mcgraths-hill,desktop-1440,200,internal,yes,yes,yes,1440,1042,yes,1,cover,100% 50%,no,no,
/service-areas/hills-hawkesbury-and-hornsby/hawkesbury/mcgraths-hill,mobile-390,200,internal,yes,yes,yes,390,1303,yes,1,contain,100% 0%,no,no,
/service-areas/hills-hawkesbury-and-hornsby/hawkesbury/mulgrave,desktop-1440,200,internal,yes,yes,yes,1440,950,yes,1,cover,100% 50%,no,no,
/service-areas/hills-hawkesbury-and-hornsby/hawkesbury/mulgrave,mobile-390,200,internal,yes,yes,yes,390,1191,yes,1,contain,100% 0%,no,no,
/service-areas/hills-hawkesbury-and-hornsby/hawkesbury/north-richmond,desktop-1440,200,internal,yes,yes,yes,1440,1010,yes,1,cover,100% 50%,no,no,
/service-areas/hills-hawkesbury-and-hornsby/hawkesbury/north-richmond,mobile-390,200,internal,yes,yes,yes,390,1236,yes,1,contain,100% 0%,no,no,
/service-areas/hills-hawkesbury-and-hornsby/hawkesbury/oakville,desktop-1440,200,internal,yes,yes,yes,1440,950,yes,1,cover,100% 50%,no,no,
/service-areas/hills-hawkesbury-and-hornsby/hawkesbury/oakville,mobile-390,200,internal,yes,yes,yes,390,1191,yes,1,contain,100% 0%,no,no,
/service-areas/hills-hawkesbury-and-hornsby/hawkesbury/pitt-town,desktop-1440,200,internal,yes,yes,yes,1440,1010,yes,1,cover,100% 50%,no,no,
/service-areas/hills-hawkesbury-and-hornsby/hawkesbury/pitt-town,mobile-390,200,internal,yes,yes,yes,390,1236,yes,1,contain,100% 0%,no,no,
/service-areas/hills-hawkesbury-and-hornsby/hawkesbury/pitt-town-bottoms,desktop-1440,200,internal,yes,yes,yes,1440,1010,yes,1,cover,100% 50%,no,no,
/service-areas/hills-hawkesbury-and-hornsby/hawkesbury/pitt-town-bottoms,mobile-390,200,internal,yes,yes,yes,390,1272,yes,1,contain,100% 0%,no,no,
/service-areas/hills-hawkesbury-and-hornsby/hawkesbury/richmond,desktop-1440,200,internal,yes,yes,yes,1440,1042,yes,1,cover,100% 50%,no,no,
/service-areas/hills-hawkesbury-and-hornsby/hawkesbury/richmond,mobile-390,200,internal,yes,yes,yes,390,1281,yes,1,contain,100% 0%,no,no,
/service-areas/hills-hawkesbury-and-hornsby/hawkesbury/richmond-lowlands,desktop-1440,200,internal,yes,yes,yes,1440,1042,yes,1,cover,100% 50%,no,no,
/service-areas/hills-hawkesbury-and-hornsby/hawkesbury/richmond-lowlands,mobile-390,200,internal,yes,yes,yes,390,1339,yes,1,contain,100% 0%,no,no,
/service-areas/hills-hawkesbury-and-hornsby/hawkesbury/sackville,desktop-1440,200,internal,yes,yes,yes,1440,950,yes,1,cover,100% 50%,no,no,
/service-areas/hills-hawkesbury-and-hornsby/hawkesbury/sackville,mobile-390,200,internal,yes,yes,yes,390,1191,yes,1,contain,100% 0%,no,no,
/service-areas/hills-hawkesbury-and-hornsby/hawkesbury/scheyville,desktop-1440,200,internal,yes,yes,yes,1440,1042,yes,1,cover,100% 50%,no,no,
/service-areas/hills-hawkesbury-and-hornsby/hawkesbury/scheyville,mobile-390,200,internal,yes,yes,yes,390,1303,yes,1,contain,100% 0%,no,no,
/service-areas/hills-hawkesbury-and-hornsby/hawkesbury/south-windsor,desktop-1440,200,internal,yes,yes,yes,1440,1010,yes,1,cover,100% 50%,no,no,
/service-areas/hills-hawkesbury-and-hornsby/hawkesbury/south-windsor,mobile-390,200,internal,yes,yes,yes,390,1191,yes,1,contain,100% 0%,no,no,
/service-areas/hills-hawkesbury-and-hornsby/hawkesbury/tennyson,desktop-1440,200,internal,yes,yes,yes,1440,1042,yes,1,cover,100% 50%,no,no,
/service-areas/hills-hawkesbury-and-hornsby/hawkesbury/tennyson,mobile-390,200,internal,yes,yes,yes,390,1303,yes,1,contain,100% 0%,no,no,
/service-areas/hills-hawkesbury-and-hornsby/hawkesbury/the-slopes,desktop-1440,200,internal,yes,yes,yes,1440,950,yes,1,cover,100% 50%,no,no,
/service-areas/hills-hawkesbury-and-hornsby/hawkesbury/the-slopes,mobile-390,200,internal,yes,yes,yes,390,1191,yes,1,contain,100% 0%,no,no,
/service-areas/hills-hawkesbury-and-hornsby/hawkesbury/vineyard,desktop-1440,200,internal,yes,yes,yes,1440,1042,yes,1,cover,100% 50%,no,no,
/service-areas/hills-hawkesbury-and-hornsby/hawkesbury/vineyard,mobile-390,200,internal,yes,yes,yes,390,1303,yes,1,contain,100% 0%,no,no,
/service-areas/hills-hawkesbury-and-hornsby/hawkesbury/wheeny-creek,desktop-1440,200,internal,yes,yes,yes,1440,1070,yes,1,cover,100% 50%,no,no,
/service-areas/hills-hawkesbury-and-hornsby/hawkesbury/wheeny-creek,mobile-390,200,internal,yes,yes,yes,390,1303,yes,1,contain,100% 0%,no,no,
/service-areas/hills-hawkesbury-and-hornsby/hawkesbury/wilberforce,desktop-1440,200,internal,yes,yes,yes,1440,1042,yes,1,cover,100% 50%,no,no,
/service-areas/hills-hawkesbury-and-hornsby/hawkesbury/wilberforce,mobile-390,200,internal,yes,yes,yes,390,1303,yes,1,contain,100% 0%,no,no,
/service-areas/hills-hawkesbury-and-hornsby/hawkesbury/windsor,desktop-1440,200,internal,yes,yes,yes,1440,1010,yes,1,cover,100% 50%,no,no,
/service-areas/hills-hawkesbury-and-hornsby/hawkesbury/windsor,mobile-390,200,internal,yes,yes,yes,390,1236,yes,1,contain,100% 0%,no,no,
/service-areas/hills-hawkesbury-and-hornsby/hawkesbury/windsor-downs,desktop-1440,200,internal,yes,yes,yes,1440,1070,yes,1,cover,100% 50%,no,no,
/service-areas/hills-hawkesbury-and-hornsby/hawkesbury/windsor-downs,mobile-390,200,internal,yes,yes,yes,390,1326,yes,1,contain,100% 0%,no,no,
/service-areas/hills-hawkesbury-and-hornsby/hawkesbury/yarramundi,desktop-1440,200,internal,yes,yes,yes,1440,1070,yes,1,cover,100% 50%,no,no,
/service-areas/hills-hawkesbury-and-hornsby/hawkesbury/yarramundi,mobile-390,200,internal,yes,yes,yes,390,1326,yes,1,contain,100% 0%,no,no,
/service-areas/hills-hawkesbury-and-hornsby/hills-district,desktop-1440,200,internal,yes,yes,yes,1440,950,yes,1,cover,100% 50%,no,no,
/service-areas/hills-hawkesbury-and-hornsby/hills-district,mobile-390,200,internal,yes,yes,yes,390,884,yes,1,contain,100% 0%,no,no,
/service-areas/hills-hawkesbury-and-hornsby/hills-district/annangrove,desktop-1440,200,internal,yes,yes,yes,1440,1010,yes,1,cover,100% 50%,no,no,
/service-areas/hills-hawkesbury-and-hornsby/hills-district/annangrove,mobile-390,200,internal,yes,yes,yes,390,1236,yes,1,contain,100% 0%,no,no,
/service-areas/hills-hawkesbury-and-hornsby/hills-district/baulkham-hills,desktop-1440,200,internal,yes,yes,yes,1440,890,yes,1,cover,100% 50%,no,no,
/service-areas/hills-hawkesbury-and-hornsby/hills-district/baulkham-hills,mobile-390,200,internal,yes,yes,yes,390,1137,yes,1,contain,100% 0%,no,no,
/service-areas/hills-hawkesbury-and-hornsby/hills-district/beaumont-hills,desktop-1440,200,internal,yes,yes,yes,1440,1010,yes,1,cover,100% 50%,no,no,
/service-areas/hills-hawkesbury-and-hornsby/hills-district/beaumont-hills,mobile-390,200,internal,yes,yes,yes,390,1227,yes,1,contain,100% 0%,no,no,
/service-areas/hills-hawkesbury-and-hornsby/hills-district/bella-vista,desktop-1440,200,internal,yes,yes,yes,1440,1042,yes,1,cover,100% 50%,no,no,
/service-areas/hills-hawkesbury-and-hornsby/hills-district/bella-vista,mobile-390,200,internal,yes,yes,yes,390,1303,yes,1,contain,100% 0%,no,no,
/service-areas/hills-hawkesbury-and-hornsby/hills-district/box-hill,desktop-1440,200,internal,yes,yes,yes,1440,950,yes,1,cover,100% 50%,no,no,
/service-areas/hills-hawkesbury-and-hornsby/hills-district/box-hill,mobile-390,200,internal,yes,yes,yes,390,1191,yes,1,contain,100% 0%,no,no,
/service-areas/hills-hawkesbury-and-hornsby/hills-district/castle-hill,desktop-1440,200,internal,yes,yes,yes,1440,922,yes,1,cover,100% 50%,no,no,
/service-areas/hills-hawkesbury-and-hornsby/hills-district/castle-hill,mobile-390,200,internal,yes,yes,yes,390,1101,yes,1,contain,100% 0%,no,no,
/service-areas/hills-hawkesbury-and-hornsby/hills-district/cattai,desktop-1440,200,internal,yes,yes,yes,1440,998,yes,1,cover,100% 50%,no,no,
/service-areas/hills-hawkesbury-and-hornsby/hills-district/cattai,mobile-390,200,internal,yes,yes,yes,390,1326,yes,1,contain,100% 0%,no,no,
/service-areas/hills-hawkesbury-and-hornsby/hills-district/dural,desktop-1440,200,internal,yes,yes,yes,1440,878,yes,1,cover,100% 50%,no,no,
/service-areas/hills-hawkesbury-and-hornsby/hills-district/dural,mobile-390,200,internal,yes,yes,yes,390,1191,yes,1,contain,100% 0%,no,no,
/service-areas/hills-hawkesbury-and-hornsby/hills-district/glenhaven,desktop-1440,200,internal,yes,yes,yes,1440,1070,yes,1,cover,100% 50%,no,no,
/service-areas/hills-hawkesbury-and-hornsby/hills-district/glenhaven,mobile-390,200,internal,yes,yes,yes,390,1348,yes,1,contain,100% 0%,no,no,
/service-areas/hills-hawkesbury-and-hornsby/hills-district/glenorie,desktop-1440,200,internal,yes,yes,yes,1440,1010,yes,1,cover,100% 50%,no,no,
/service-areas/hills-hawkesbury-and-hornsby/hills-district/glenorie,mobile-390,200,internal,yes,yes,yes,390,1236,yes,1,contain,100% 0%,no,no,
/service-areas/hills-hawkesbury-and-hornsby/hills-district/kellyville,desktop-1440,200,internal,yes,yes,yes,1440,890,yes,1,cover,100% 50%,no,no,
/service-areas/hills-hawkesbury-and-hornsby/hills-district/kellyville,mobile-390,200,internal,yes,yes,yes,390,1101,yes,1,contain,100% 0%,no,no,
/service-areas/hills-hawkesbury-and-hornsby/hills-district/kenthurst,desktop-1440,200,internal,yes,yes,yes,1440,950,yes,1,cover,100% 50%,no,no,
/service-areas/hills-hawkesbury-and-hornsby/hills-district/kenthurst,mobile-390,200,internal,yes,yes,yes,390,1191,yes,1,contain,100% 0%,no,no,
/service-areas/hills-hawkesbury-and-hornsby/hills-district/lower-portland,desktop-1440,200,internal,yes,yes,yes,1440,1042,yes,1,cover,100% 50%,no,no,
/service-areas/hills-hawkesbury-and-hornsby/hills-district/lower-portland,mobile-390,200,internal,yes,yes,yes,390,1303,yes,1,contain,100% 0%,no,no,
/service-areas/hills-hawkesbury-and-hornsby/hills-district/maraylya,desktop-1440,200,internal,yes,yes,yes,1440,950,yes,1,cover,100% 50%,no,no,
/service-areas/hills-hawkesbury-and-hornsby/hills-district/maraylya,mobile-390,200,internal,yes,yes,yes,390,1191,yes,1,contain,100% 0%,no,no,
/service-areas/hills-hawkesbury-and-hornsby/hills-district/maroota,desktop-1440,200,internal,yes,yes,yes,1440,1010,yes,1,cover,100% 50%,no,no,
/service-areas/hills-hawkesbury-and-hornsby/hills-district/maroota,mobile-390,200,internal,yes,yes,yes,390,1236,yes,1,contain,100% 0%,no,no,
/service-areas/hills-hawkesbury-and-hornsby/hills-district/middle-dural,desktop-1440,200,internal,yes,yes,yes,1440,1010,yes,1,cover,100% 50%,no,no,
/service-areas/hills-hawkesbury-and-hornsby/hills-district/middle-dural,mobile-390,200,internal,yes,yes,yes,390,1236,yes,1,contain,100% 0%,no,no,
/service-areas/hills-hawkesbury-and-hornsby/hills-district/nelson,desktop-1440,200,internal,yes,yes,yes,1440,1010,yes,1,cover,100% 50%,no,no,
/service-areas/hills-hawkesbury-and-hornsby/hills-district/nelson,mobile-390,200,internal,yes,yes,yes,390,1236,yes,1,contain,100% 0%,no,no,
/service-areas/hills-hawkesbury-and-hornsby/hills-district/rouse-hill,desktop-1440,200,internal,yes,yes,yes,1440,890,yes,1,cover,100% 50%,no,no,
/service-areas/hills-hawkesbury-and-hornsby/hills-district/rouse-hill,mobile-390,200,internal,yes,yes,yes,390,1101,yes,1,contain,100% 0%,no,no,
/service-areas/hills-hawkesbury-and-hornsby/hills-district/sackville-north,desktop-1440,200,internal,yes,yes,yes,1440,1070,yes,1,cover,100% 50%,no,no,
/service-areas/hills-hawkesbury-and-hornsby/hills-district/sackville-north,mobile-390,200,internal,yes,yes,yes,390,1362,yes,1,contain,100% 0%,no,no,
/service-areas/hills-hawkesbury-and-hornsby/hills-district/south-maroota,desktop-1440,200,internal,yes,yes,yes,1440,1042,yes,1,cover,100% 50%,no,no,
/service-areas/hills-hawkesbury-and-hornsby/hills-district/south-maroota,mobile-390,200,internal,yes,yes,yes,390,1281,yes,1,contain,100% 0%,no,no,
/service-areas/hills-hawkesbury-and-hornsby/hills-district/west-pennant-hills,desktop-1440,200,internal,yes,yes,yes,1440,1010,yes,1,cover,100% 50%,no,no,
/service-areas/hills-hawkesbury-and-hornsby/hills-district/west-pennant-hills,mobile-390,200,internal,yes,yes,yes,390,1213,yes,1,contain,100% 0%,no,no,
/service-areas/hills-hawkesbury-and-hornsby/hills-district/winston-hills,desktop-1440,200,internal,yes,yes,yes,1440,1010,yes,1,cover,100% 50%,no,no,
/service-areas/hills-hawkesbury-and-hornsby/hills-district/winston-hills,mobile-390,200,internal,yes,yes,yes,390,1191,yes,1,contain,100% 0%,no,no,
/service-areas/hills-hawkesbury-and-hornsby/hills-district/wisemans-ferry,desktop-1440,200,internal,yes,yes,yes,1440,1010,yes,1,cover,100% 50%,no,no,
/service-areas/hills-hawkesbury-and-hornsby/hills-district/wisemans-ferry,mobile-390,200,internal,yes,yes,yes,390,1272,yes,1,contain,100% 0%,no,no,
/service-areas/hills-hawkesbury-and-hornsby/hornsby,desktop-1440,200,internal,yes,yes,yes,1440,878,yes,1,cover,100% 50%,no,no,
/service-areas/hills-hawkesbury-and-hornsby/hornsby,mobile-390,200,internal,yes,yes,yes,390,884,yes,1,contain,100% 0%,no,no,
/service-areas/hills-hawkesbury-and-hornsby/hornsby/arcadia,desktop-1440,200,internal,yes,yes,yes,1440,1042,yes,1,cover,100% 50%,no,no,
/service-areas/hills-hawkesbury-and-hornsby/hornsby/arcadia,mobile-390,200,internal,yes,yes,yes,390,1303,yes,1,contain,100% 0%,no,no,
/service-areas/hills-hawkesbury-and-hornsby/hornsby/asquith,desktop-1440,200,internal,yes,yes,yes,1440,1070,yes,1,cover,100% 50%,no,no,
/service-areas/hills-hawkesbury-and-hornsby/hornsby/asquith,mobile-390,200,internal,yes,yes,yes,390,1303,yes,1,contain,100% 0%,no,no,
/service-areas/hills-hawkesbury-and-hornsby/hornsby/beecroft,desktop-1440,200,internal,yes,yes,yes,1440,1010,yes,1,cover,100% 50%,no,no,
/service-areas/hills-hawkesbury-and-hornsby/hornsby/beecroft,mobile-390,200,internal,yes,yes,yes,390,1236,yes,1,contain,100% 0%,no,no,
/service-areas/hills-hawkesbury-and-hornsby/hornsby/berowra,desktop-1440,200,internal,yes,yes,yes,1440,1070,yes,1,cover,100% 50%,no,no,
/service-areas/hills-hawkesbury-and-hornsby/hornsby/berowra,mobile-390,200,internal,yes,yes,yes,390,1326,yes,1,contain,100% 0%,no,no,
/service-areas/hills-hawkesbury-and-hornsby/hornsby/berowra-creek,desktop-1440,200,internal,yes,yes,yes,1440,1010,yes,1,cover,100% 50%,no,no,
/service-areas/hills-hawkesbury-and-hornsby/hornsby/berowra-creek,mobile-390,200,internal,yes,yes,yes,390,1249,yes,1,contain,100% 0%,no,no,
/service-areas/hills-hawkesbury-and-hornsby/hornsby/berowra-heights,desktop-1440,200,internal,yes,yes,yes,1440,1070,yes,1,cover,100% 50%,no,no,
/service-areas/hills-hawkesbury-and-hornsby/hornsby/berowra-heights,mobile-390,200,internal,yes,yes,yes,390,1362,yes,1,contain,100% 0%,no,no,
/service-areas/hills-hawkesbury-and-hornsby/hornsby/berowra-waters,desktop-1440,200,internal,yes,yes,yes,1440,1010,yes,1,cover,100% 50%,no,no,
/service-areas/hills-hawkesbury-and-hornsby/hornsby/berowra-waters,mobile-390,200,internal,yes,yes,yes,390,1227,yes,1,contain,100% 0%,no,no,
/service-areas/hills-hawkesbury-and-hornsby/hornsby/berrilee,desktop-1440,200,internal,yes,yes,yes,1440,1042,yes,1,cover,100% 50%,no,no,
/service-areas/hills-hawkesbury-and-hornsby/hornsby/berrilee,mobile-390,200,internal,yes,yes,yes,390,1303,yes,1,contain,100% 0%,no,no,
/service-areas/hills-hawkesbury-and-hornsby/hornsby/brooklyn,desktop-1440,200,internal,yes,yes,yes,1440,950,yes,1,cover,100% 50%,no,no,
/service-areas/hills-hawkesbury-and-hornsby/hornsby/brooklyn,mobile-390,200,internal,yes,yes,yes,390,1191,yes,1,contain,100% 0%,no,no,
/service-areas/hills-hawkesbury-and-hornsby/hornsby/canoelands,desktop-1440,200,internal,yes,yes,yes,1440,1070,yes,1,cover,100% 50%,no,no,
/service-areas/hills-hawkesbury-and-hornsby/hornsby/canoelands,mobile-390,200,internal,yes,yes,yes,390,1303,yes,1,contain,100% 0%,no,no,
/service-areas/hills-hawkesbury-and-hornsby/hornsby/cheltenham,desktop-1440,200,internal,yes,yes,yes,1440,1070,yes,1,cover,100% 50%,no,no,
/service-areas/hills-hawkesbury-and-hornsby/hornsby/cheltenham,mobile-390,200,internal,yes,yes,yes,390,1303,yes,1,contain,100% 0%,no,no,
/service-areas/hills-hawkesbury-and-hornsby/hornsby/cherrybrook,desktop-1440,200,internal,yes,yes,yes,1440,1070,yes,1,cover,100% 50%,no,no,
/service-areas/hills-hawkesbury-and-hornsby/hornsby/cherrybrook,mobile-390,200,internal,yes,yes,yes,390,1303,yes,1,contain,100% 0%,no,no,
/service-areas/hills-hawkesbury-and-hornsby/hornsby/cowan,desktop-1440,200,internal,yes,yes,yes,1440,938,yes,1,cover,100% 50%,no,no,
/service-areas/hills-hawkesbury-and-hornsby/hornsby/cowan,mobile-390,200,internal,yes,yes,yes,390,1213,yes,1,contain,100% 0%,no,no,
/service-areas/hills-hawkesbury-and-hornsby/hornsby/dangar-island,desktop-1440,200,internal,yes,yes,yes,1440,1010,yes,1,cover,100% 50%,no,no,
/service-areas/hills-hawkesbury-and-hornsby/hornsby/dangar-island,mobile-390,200,internal,yes,yes,yes,390,1191,yes,1,contain,100% 0%,no,no,
/service-areas/hills-hawkesbury-and-hornsby/hornsby/fiddletown,desktop-1440,200,internal,yes,yes,yes,1440,950,yes,1,cover,100% 50%,no,no,
/service-areas/hills-hawkesbury-and-hornsby/hornsby/fiddletown,mobile-390,200,internal,yes,yes,yes,390,1191,yes,1,contain,100% 0%,no,no,
/service-areas/hills-hawkesbury-and-hornsby/hornsby/forest-glen,desktop-1440,200,internal,yes,yes,yes,1440,1070,yes,1,cover,100% 50%,no,no,
/service-areas/hills-hawkesbury-and-hornsby/hornsby/forest-glen,mobile-390,200,internal,yes,yes,yes,390,1326,yes,1,contain,100% 0%,no,no,
/service-areas/hills-hawkesbury-and-hornsby/hornsby/galston,desktop-1440,200,internal,yes,yes,yes,1440,950,yes,1,cover,100% 50%,no,no,
/service-areas/hills-hawkesbury-and-hornsby/hornsby/galston,mobile-390,200,internal,yes,yes,yes,390,1191,yes,1,contain,100% 0%,no,no,
/service-areas/hills-hawkesbury-and-hornsby/hornsby/hornsby,desktop-1440,200,internal,yes,yes,yes,1440,890,yes,1,cover,100% 50%,no,no,
/service-areas/hills-hawkesbury-and-hornsby/hornsby/hornsby,mobile-390,200,internal,yes,yes,yes,390,1101,yes,1,contain,100% 0%,no,no,
/service-areas/hills-hawkesbury-and-hornsby/hornsby/hornsby-heights,desktop-1440,200,internal,yes,yes,yes,1440,1070,yes,1,cover,100% 50%,no,no,
/service-areas/hills-hawkesbury-and-hornsby/hornsby/hornsby-heights,mobile-390,200,internal,yes,yes,yes,390,1362,yes,1,contain,100% 0%,no,no,
/service-areas/hills-hawkesbury-and-hornsby/hornsby/milsons-passage,desktop-1440,200,internal,yes,yes,yes,1440,1070,yes,1,cover,100% 50%,no,no,
/service-areas/hills-hawkesbury-and-hornsby/hornsby/milsons-passage,mobile-390,200,internal,yes,yes,yes,390,1303,yes,1,contain,100% 0%,no,no,
/service-areas/hills-hawkesbury-and-hornsby/hornsby/mount-colah,desktop-1440,200,internal,yes,yes,yes,1440,1010,yes,1,cover,100% 50%,no,no,
/service-areas/hills-hawkesbury-and-hornsby/hornsby/mount-colah,mobile-390,200,internal,yes,yes,yes,390,1191,yes,1,contain,100% 0%,no,no,
/service-areas/hills-hawkesbury-and-hornsby/hornsby/mount-kuring-gai,desktop-1440,200,internal,yes,yes,yes,1440,1010,yes,1,cover,100% 50%,no,no,
/service-areas/hills-hawkesbury-and-hornsby/hornsby/mount-kuring-gai,mobile-390,200,internal,yes,yes,yes,390,1213,yes,1,contain,100% 0%,no,no,
/service-areas/hills-hawkesbury-and-hornsby/hornsby/normanhurst,desktop-1440,200,internal,yes,yes,yes,1440,1070,yes,1,cover,100% 50%,no,no,
/service-areas/hills-hawkesbury-and-hornsby/hornsby/normanhurst,mobile-390,200,internal,yes,yes,yes,390,1303,yes,1,contain,100% 0%,no,no,
/service-areas/hills-hawkesbury-and-hornsby/hornsby/north-epping,desktop-1440,200,internal,yes,yes,yes,1440,1042,yes,1,cover,100% 50%,no,no,
/service-areas/hills-hawkesbury-and-hornsby/hornsby/north-epping,mobile-390,200,internal,yes,yes,yes,390,1303,yes,1,contain,100% 0%,no,no,
/service-areas/hills-hawkesbury-and-hornsby/hornsby/pennant-hills,desktop-1440,200,internal,yes,yes,yes,1440,1070,yes,1,cover,100% 50%,no,no,
/service-areas/hills-hawkesbury-and-hornsby/hornsby/pennant-hills,mobile-390,200,internal,yes,yes,yes,390,1371,yes,1,contain,100% 0%,no,no,
/service-areas/hills-hawkesbury-and-hornsby/hornsby/thornleigh,desktop-1440,200,internal,yes,yes,yes,1440,1070,yes,1,cover,100% 50%,no,no,
/service-areas/hills-hawkesbury-and-hornsby/hornsby/thornleigh,mobile-390,200,internal,yes,yes,yes,390,1303,yes,1,contain,100% 0%,no,no,
/service-areas/hills-hawkesbury-and-hornsby/hornsby/wahroonga,desktop-1440,200,internal,yes,yes,yes,1440,1010,yes,1,cover,100% 50%,no,no,
/service-areas/hills-hawkesbury-and-hornsby/hornsby/wahroonga,mobile-390,200,internal,yes,yes,yes,390,1236,yes,1,contain,100% 0%,no,no,
/service-areas/hills-hawkesbury-and-hornsby/hornsby/waitara,desktop-1440,200,internal,yes,yes,yes,1440,1070,yes,1,cover,100% 50%,no,no,
/service-areas/hills-hawkesbury-and-hornsby/hornsby/waitara,mobile-390,200,internal,yes,yes,yes,390,1303,yes,1,contain,100% 0%,no,no,
/service-areas/hills-hawkesbury-and-hornsby/hornsby/westleigh,desktop-1440,200,internal,yes,yes,yes,1440,1010,yes,1,cover,100% 50%,no,no,
/service-areas/hills-hawkesbury-and-hornsby/hornsby/westleigh,mobile-390,200,internal,yes,yes,yes,390,1213,yes,1,contain,100% 0%,no,no,
/service-areas/inner-west-burwood-and-canada-bay,desktop-1440,200,internal,yes,yes,yes,1440,1160,yes,1,cover,100% 50%,no,no,
/service-areas/inner-west-burwood-and-canada-bay,mobile-390,200,internal,yes,yes,yes,390,1197,yes,1,contain,100% 0%,no,no,
/service-areas/inner-west-burwood-and-canada-bay/burwood,desktop-1440,200,internal,yes,yes,yes,1440,850,yes,1,cover,100% 50%,no,no,
/service-areas/inner-west-burwood-and-canada-bay/burwood,mobile-390,200,internal,yes,yes,yes,390,839,yes,1,contain,100% 0%,no,no,
/service-areas/inner-west-burwood-and-canada-bay/burwood/burwood,desktop-1440,200,internal,yes,yes,yes,1440,1178,yes,1,cover,100% 50%,no,no,
/service-areas/inner-west-burwood-and-canada-bay/burwood/burwood,mobile-390,200,internal,yes,yes,yes,390,1393,yes,1,contain,100% 0%,no,no,
/service-areas/inner-west-burwood-and-canada-bay/burwood/burwood-heights,desktop-1440,200,internal,yes,yes,yes,1440,1038,yes,1,cover,100% 50%,no,no,
/service-areas/inner-west-burwood-and-canada-bay/burwood/burwood-heights,mobile-390,200,internal,yes,yes,yes,390,1317,yes,1,contain,100% 0%,no,no,
/service-areas/inner-west-burwood-and-canada-bay/burwood/enfield,desktop-1440,200,internal,yes,yes,yes,1440,950,yes,1,cover,100% 50%,no,no,
/service-areas/inner-west-burwood-and-canada-bay/burwood/enfield,mobile-390,200,internal,yes,yes,yes,390,1146,yes,1,contain,100% 0%,no,no,
/service-areas/inner-west-burwood-and-canada-bay/burwood/strathfield,desktop-1440,200,internal,yes,yes,yes,1440,922,yes,1,cover,100% 50%,no,no,
/service-areas/inner-west-burwood-and-canada-bay/burwood/strathfield,mobile-390,200,internal,yes,yes,yes,390,1101,yes,1,contain,100% 0%,no,no,
/service-areas/inner-west-burwood-and-canada-bay/canada-bay,desktop-1440,200,internal,yes,yes,yes,1440,878,yes,1,cover,100% 50%,no,no,
/service-areas/inner-west-burwood-and-canada-bay/canada-bay,mobile-390,200,internal,yes,yes,yes,390,884,yes,1,contain,100% 0%,no,no,
/service-areas/inner-west-burwood-and-canada-bay/canada-bay/abbotsford,desktop-1440,200,internal,yes,yes,yes,1440,950,yes,1,cover,100% 50%,no,no,
/service-areas/inner-west-burwood-and-canada-bay/canada-bay/abbotsford,mobile-390,200,internal,yes,yes,yes,390,1146,yes,1,contain,100% 0%,no,no,
/service-areas/inner-west-burwood-and-canada-bay/canada-bay/breakfast-point,desktop-1440,200,internal,yes,yes,yes,1440,950,yes,1,cover,100% 50%,no,no,
/service-areas/inner-west-burwood-and-canada-bay/canada-bay/breakfast-point,mobile-390,200,internal,yes,yes,yes,390,1204,yes,1,contain,100% 0%,no,no,
/service-areas/inner-west-burwood-and-canada-bay/canada-bay/cabarita,desktop-1440,200,internal,yes,yes,yes,1440,950,yes,1,cover,100% 50%,no,no,
/service-areas/inner-west-burwood-and-canada-bay/canada-bay/cabarita,mobile-390,200,internal,yes,yes,yes,390,1146,yes,1,contain,100% 0%,no,no,
/service-areas/inner-west-burwood-and-canada-bay/canada-bay/canada-bay,desktop-1440,200,internal,yes,yes,yes,1440,978,yes,1,cover,100% 50%,no,no,
/service-areas/inner-west-burwood-and-canada-bay/canada-bay/canada-bay,mobile-390,200,internal,yes,yes,yes,390,1191,yes,1,contain,100% 0%,no,no,
/service-areas/inner-west-burwood-and-canada-bay/canada-bay/chiswick,desktop-1440,200,internal,yes,yes,yes,1440,1042,yes,1,cover,100% 50%,no,no,
/service-areas/inner-west-burwood-and-canada-bay/canada-bay/chiswick,mobile-390,200,internal,yes,yes,yes,390,1281,yes,1,contain,100% 0%,no,no,
/service-areas/inner-west-burwood-and-canada-bay/canada-bay/concord,desktop-1440,200,internal,yes,yes,yes,1440,1178,yes,1,cover,100% 50%,no,no,
/service-areas/inner-west-burwood-and-canada-bay/canada-bay/concord,mobile-390,200,internal,yes,yes,yes,390,1393,yes,1,contain,100% 0%,no,no,
/service-areas/inner-west-burwood-and-canada-bay/canada-bay/concord-west,desktop-1440,200,internal,yes,yes,yes,1440,978,yes,1,cover,100% 50%,no,no,
/service-areas/inner-west-burwood-and-canada-bay/canada-bay/concord-west,mobile-390,200,internal,yes,yes,yes,390,1191,yes,1,contain,100% 0%,no,no,
/service-areas/inner-west-burwood-and-canada-bay/canada-bay/drummoyne,desktop-1440,200,internal,yes,yes,yes,1440,978,yes,1,cover,100% 50%,no,no,
/service-areas/inner-west-burwood-and-canada-bay/canada-bay/drummoyne,mobile-390,200,internal,yes,yes,yes,390,1191,yes,1,contain,100% 0%,no,no,
/service-areas/inner-west-burwood-and-canada-bay/canada-bay/five-dock,desktop-1440,200,internal,yes,yes,yes,1440,1146,yes,1,cover,100% 50%,no,no,
/service-areas/inner-west-burwood-and-canada-bay/canada-bay/five-dock,mobile-390,200,internal,yes,yes,yes,390,1371,yes,1,contain,100% 0%,no,no,
/service-areas/inner-west-burwood-and-canada-bay/canada-bay/liberty-grove,desktop-1440,200,internal,yes,yes,yes,1440,978,yes,1,cover,100% 50%,no,no,
/service-areas/inner-west-burwood-and-canada-bay/canada-bay/liberty-grove,mobile-390,200,internal,yes,yes,yes,390,1191,yes,1,contain,100% 0%,no,no,
/service-areas/inner-west-burwood-and-canada-bay/canada-bay/mortlake,desktop-1440,200,internal,yes,yes,yes,1440,978,yes,1,cover,100% 50%,no,no,
/service-areas/inner-west-burwood-and-canada-bay/canada-bay/mortlake,mobile-390,200,internal,yes,yes,yes,390,1213,yes,1,contain,100% 0%,no,no,
/service-areas/inner-west-burwood-and-canada-bay/canada-bay/north-strathfield,desktop-1440,200,internal,yes,yes,yes,1440,978,yes,1,cover,100% 50%,no,no,
/service-areas/inner-west-burwood-and-canada-bay/canada-bay/north-strathfield,mobile-390,200,internal,yes,yes,yes,390,1191,yes,1,contain,100% 0%,no,no,
/service-areas/inner-west-burwood-and-canada-bay/canada-bay/rhodes,desktop-1440,200,internal,yes,yes,yes,1440,1042,yes,1,cover,100% 50%,no,no,
/service-areas/inner-west-burwood-and-canada-bay/canada-bay/rhodes,mobile-390,200,internal,yes,yes,yes,390,1303,yes,1,contain,100% 0%,no,no,
/service-areas/inner-west-burwood-and-canada-bay/canada-bay/rodd-point,desktop-1440,200,internal,yes,yes,yes,1440,1070,yes,1,cover,100% 50%,no,no,
/service-areas/inner-west-burwood-and-canada-bay/canada-bay/rodd-point,mobile-390,200,internal,yes,yes,yes,390,1303,yes,1,contain,100% 0%,no,no,
/service-areas/inner-west-burwood-and-canada-bay/canada-bay/russell-lea,desktop-1440,200,internal,yes,yes,yes,1440,1070,yes,1,cover,100% 50%,no,no,
/service-areas/inner-west-burwood-and-canada-bay/canada-bay/russell-lea,mobile-390,200,internal,yes,yes,yes,390,1281,yes,1,contain,100% 0%,no,no,
/service-areas/inner-west-burwood-and-canada-bay/canada-bay/wareemba,desktop-1440,200,internal,yes,yes,yes,1440,1010,yes,1,cover,100% 50%,no,no,
/service-areas/inner-west-burwood-and-canada-bay/canada-bay/wareemba,mobile-390,200,internal,yes,yes,yes,390,1281,yes,1,contain,100% 0%,no,no,
/service-areas/inner-west-burwood-and-canada-bay/inner-west,desktop-1440,200,internal,yes,yes,yes,1440,878,yes,1,cover,100% 50%,no,no,
/service-areas/inner-west-burwood-and-canada-bay/inner-west,mobile-390,200,internal,yes,yes,yes,390,861,yes,1,contain,100% 0%,no,no,
/service-areas/inner-west-burwood-and-canada-bay/inner-west/annandale,desktop-1440,200,internal,yes,yes,yes,1440,950,yes,1,cover,100% 50%,no,no,
/service-areas/inner-west-burwood-and-canada-bay/inner-west/annandale,mobile-390,200,internal,yes,yes,yes,390,1146,yes,1,contain,100% 0%,no,no,
/service-areas/inner-west-burwood-and-canada-bay/inner-west/ashbury,desktop-1440,200,internal,yes,yes,yes,1440,1010,yes,1,cover,100% 50%,no,no,
/service-areas/inner-west-burwood-and-canada-bay/inner-west/ashbury,mobile-390,200,internal,yes,yes,yes,390,1258,yes,1,contain,100% 0%,no,no,
/service-areas/inner-west-burwood-and-canada-bay/inner-west/ashfield,desktop-1440,200,internal,yes,yes,yes,1440,890,yes,1,cover,100% 50%,no,no,
/service-areas/inner-west-burwood-and-canada-bay/inner-west/ashfield,mobile-390,200,internal,yes,yes,yes,390,1078,yes,1,contain,100% 0%,no,no,
/service-areas/inner-west-burwood-and-canada-bay/inner-west/balmain,desktop-1440,200,internal,yes,yes,yes,1440,1070,yes,1,cover,100% 50%,no,no,
/service-areas/inner-west-burwood-and-canada-bay/inner-west/balmain,mobile-390,200,internal,yes,yes,yes,390,1326,yes,1,contain,100% 0%,no,no,
/service-areas/inner-west-burwood-and-canada-bay/inner-west/balmain-east,desktop-1440,200,internal,yes,yes,yes,1440,950,yes,1,cover,100% 50%,no,no,
/service-areas/inner-west-burwood-and-canada-bay/inner-west/balmain-east,mobile-390,200,internal,yes,yes,yes,390,1191,yes,1,contain,100% 0%,no,no,
/service-areas/inner-west-burwood-and-canada-bay/inner-west/birchgrove,desktop-1440,200,internal,yes,yes,yes,1440,978,yes,1,cover,100% 50%,no,no,
/service-areas/inner-west-burwood-and-canada-bay/inner-west/birchgrove,mobile-390,200,internal,yes,yes,yes,390,1191,yes,1,contain,100% 0%,no,no,
/service-areas/inner-west-burwood-and-canada-bay/inner-west/camperdown,desktop-1440,200,internal,yes,yes,yes,1440,922,yes,1,cover,100% 50%,no,no,
/service-areas/inner-west-burwood-and-canada-bay/inner-west/camperdown,mobile-390,200,internal,yes,yes,yes,390,1101,yes,1,contain,100% 0%,no,no,
/service-areas/inner-west-burwood-and-canada-bay/inner-west/croydon,desktop-1440,200,internal,yes,yes,yes,1440,978,yes,1,cover,100% 50%,no,no,
/service-areas/inner-west-burwood-and-canada-bay/inner-west/croydon,mobile-390,200,internal,yes,yes,yes,390,1191,yes,1,contain,100% 0%,no,no,
/service-areas/inner-west-burwood-and-canada-bay/inner-west/croydon-park,desktop-1440,200,internal,yes,yes,yes,1440,1038,yes,1,cover,100% 50%,no,no,
/service-areas/inner-west-burwood-and-canada-bay/inner-west/croydon-park,mobile-390,200,internal,yes,yes,yes,390,1303,yes,1,contain,100% 0%,no,no,
/service-areas/inner-west-burwood-and-canada-bay/inner-west/dulwich-hill,desktop-1440,200,internal,yes,yes,yes,1440,1010,yes,1,cover,100% 50%,no,no,
/service-areas/inner-west-burwood-and-canada-bay/inner-west/dulwich-hill,mobile-390,200,internal,yes,yes,yes,390,1258,yes,1,contain,100% 0%,no,no,
/service-areas/inner-west-burwood-and-canada-bay/inner-west/enmore,desktop-1440,200,internal,yes,yes,yes,1440,1010,yes,1,cover,100% 50%,no,no,
/service-areas/inner-west-burwood-and-canada-bay/inner-west/enmore,mobile-390,200,internal,yes,yes,yes,390,1281,yes,1,contain,100% 0%,no,no,
/service-areas/inner-west-burwood-and-canada-bay/inner-west/haberfield,desktop-1440,200,internal,yes,yes,yes,1440,1038,yes,1,cover,100% 50%,no,no,
/service-areas/inner-west-burwood-and-canada-bay/inner-west/haberfield,mobile-390,200,internal,yes,yes,yes,390,1303,yes,1,contain,100% 0%,no,no,
/service-areas/inner-west-burwood-and-canada-bay/inner-west/hurlstone-park,desktop-1440,200,internal,yes,yes,yes,1440,1010,yes,1,cover,100% 50%,no,no,
/service-areas/inner-west-burwood-and-canada-bay/inner-west/hurlstone-park,mobile-390,200,internal,yes,yes,yes,390,1294,yes,1,contain,100% 0%,no,no,
/service-areas/inner-west-burwood-and-canada-bay/inner-west/leichhardt,desktop-1440,200,internal,yes,yes,yes,1440,922,yes,1,cover,100% 50%,no,no,
/service-areas/inner-west-burwood-and-canada-bay/inner-west/leichhardt,mobile-390,200,internal,yes,yes,yes,390,1101,yes,1,contain,100% 0%,no,no,
/service-areas/inner-west-burwood-and-canada-bay/inner-west/lewisham,desktop-1440,200,internal,yes,yes,yes,1440,950,yes,1,cover,100% 50%,no,no,
/service-areas/inner-west-burwood-and-canada-bay/inner-west/lewisham,mobile-390,200,internal,yes,yes,yes,390,1146,yes,1,contain,100% 0%,no,no,
/service-areas/inner-west-burwood-and-canada-bay/inner-west/lilyfield,desktop-1440,200,internal,yes,yes,yes,1440,950,yes,1,cover,100% 50%,no,no,
/service-areas/inner-west-burwood-and-canada-bay/inner-west/lilyfield,mobile-390,200,internal,yes,yes,yes,390,1146,yes,1,contain,100% 0%,no,no,
/service-areas/inner-west-burwood-and-canada-bay/inner-west/marrickville,desktop-1440,200,internal,yes,yes,yes,1440,1178,yes,1,cover,100% 50%,no,no,
/service-areas/inner-west-burwood-and-canada-bay/inner-west/marrickville,mobile-390,200,internal,yes,yes,yes,390,1438,yes,1,contain,100% 0%,no,no,
/service-areas/inner-west-burwood-and-canada-bay/inner-west/newtown,desktop-1440,200,internal,yes,yes,yes,1440,1146,yes,1,cover,100% 50%,no,no,
/service-areas/inner-west-burwood-and-canada-bay/inner-west/newtown,mobile-390,200,internal,yes,yes,yes,390,1393,yes,1,contain,100% 0%,no,no,
/service-areas/inner-west-burwood-and-canada-bay/inner-west/petersham,desktop-1440,200,internal,yes,yes,yes,1440,1070,yes,1,cover,100% 50%,no,no,
/service-areas/inner-west-burwood-and-canada-bay/inner-west/petersham,mobile-390,200,internal,yes,yes,yes,390,1303,yes,1,contain,100% 0%,no,no,
/service-areas/inner-west-burwood-and-canada-bay/inner-west/rozelle,desktop-1440,200,internal,yes,yes,yes,1440,1010,yes,1,cover,100% 50%,no,no,
/service-areas/inner-west-burwood-and-canada-bay/inner-west/rozelle,mobile-390,200,internal,yes,yes,yes,390,1281,yes,1,contain,100% 0%,no,no,
/service-areas/inner-west-burwood-and-canada-bay/inner-west/st-peters,desktop-1440,200,internal,yes,yes,yes,1440,950,yes,1,cover,100% 50%,no,no,
/service-areas/inner-west-burwood-and-canada-bay/inner-west/st-peters,mobile-390,200,internal,yes,yes,yes,390,1146,yes,1,contain,100% 0%,no,no,
/service-areas/inner-west-burwood-and-canada-bay/inner-west/stanmore,desktop-1440,200,internal,yes,yes,yes,1440,1010,yes,1,cover,100% 50%,no,no,
/service-areas/inner-west-burwood-and-canada-bay/inner-west/stanmore,mobile-390,200,internal,yes,yes,yes,390,1281,yes,1,contain,100% 0%,no,no,
/service-areas/inner-west-burwood-and-canada-bay/inner-west/summer-hill,desktop-1440,200,internal,yes,yes,yes,1440,950,yes,1,cover,100% 50%,no,no,
/service-areas/inner-west-burwood-and-canada-bay/inner-west/summer-hill,mobile-390,200,internal,yes,yes,yes,390,1146,yes,1,contain,100% 0%,no,no,
/service-areas/inner-west-burwood-and-canada-bay/inner-west/sydenham,desktop-1440,200,internal,yes,yes,yes,1440,1042,yes,1,cover,100% 50%,no,no,
/service-areas/inner-west-burwood-and-canada-bay/inner-west/sydenham,mobile-390,200,internal,yes,yes,yes,390,1281,yes,1,contain,100% 0%,no,no,
/service-areas/inner-west-burwood-and-canada-bay/inner-west/tempe,desktop-1440,200,internal,yes,yes,yes,1440,906,yes,1,cover,100% 50%,no,no,
/service-areas/inner-west-burwood-and-canada-bay/inner-west/tempe,mobile-390,200,internal,yes,yes,yes,390,1191,yes,1,contain,100% 0%,no,no,
/service-areas/inner-west-burwood-and-canada-bay/strathfield,desktop-1440,200,internal,yes,yes,yes,1440,878,yes,1,cover,100% 50%,no,no,
/service-areas/inner-west-burwood-and-canada-bay/strathfield,mobile-390,200,internal,yes,yes,yes,390,884,yes,1,contain,100% 0%,no,no,
/service-areas/inner-west-burwood-and-canada-bay/strathfield/homebush,desktop-1440,200,internal,yes,yes,yes,1440,1178,yes,1,cover,100% 50%,no,no,
/service-areas/inner-west-burwood-and-canada-bay/strathfield/homebush,mobile-390,200,internal,yes,yes,yes,390,1438,yes,1,contain,100% 0%,no,no,
/service-areas/inner-west-burwood-and-canada-bay/strathfield/homebush-west,desktop-1440,200,internal,yes,yes,yes,1440,950,yes,1,cover,100% 50%,no,no,
/service-areas/inner-west-burwood-and-canada-bay/strathfield/homebush-west,mobile-390,200,internal,yes,yes,yes,390,1204,yes,1,contain,100% 0%,no,no,
/service-areas/inner-west-burwood-and-canada-bay/strathfield/strathfield-south,desktop-1440,200,internal,yes,yes,yes,1440,1098,yes,1,cover,100% 50%,no,no,
/service-areas/inner-west-burwood-and-canada-bay/strathfield/strathfield-south,mobile-390,200,internal,yes,yes,yes,390,1407,yes,1,contain,100% 0%,no,no,
/service-areas/liverpool-and-fairfield,desktop-1440,200,internal,yes,yes,yes,1440,1072,yes,1,cover,100% 50%,no,no,
/service-areas/liverpool-and-fairfield,mobile-390,200,internal,yes,yes,yes,390,1094,yes,1,contain,100% 0%,no,no,
/service-areas/liverpool-and-fairfield/fairfield,desktop-1440,200,internal,yes,yes,yes,1440,850,yes,1,cover,100% 50%,no,no,
/service-areas/liverpool-and-fairfield/fairfield,mobile-390,200,internal,yes,yes,yes,390,758,yes,1,contain,100% 0%,no,no,
/service-areas/liverpool-and-fairfield/fairfield/abbotsbury,desktop-1440,200,internal,yes,yes,yes,1440,950,yes,1,cover,100% 50%,no,no,
/service-areas/liverpool-and-fairfield/fairfield/abbotsbury,mobile-390,200,internal,yes,yes,yes,390,1168,yes,1,contain,100% 0%,no,no,
/service-areas/liverpool-and-fairfield/fairfield/bonnyrigg,desktop-1440,200,internal,yes,yes,yes,1440,950,yes,1,cover,100% 50%,no,no,
/service-areas/liverpool-and-fairfield/fairfield/bonnyrigg,mobile-390,200,internal,yes,yes,yes,390,1191,yes,1,contain,100% 0%,no,no,
/service-areas/liverpool-and-fairfield/fairfield/bonnyrigg-heights,desktop-1440,200,internal,yes,yes,yes,1440,950,yes,1,cover,100% 50%,no,no,
/service-areas/liverpool-and-fairfield/fairfield/bonnyrigg-heights,mobile-390,200,internal,yes,yes,yes,390,1227,yes,1,contain,100% 0%,no,no,
/service-areas/liverpool-and-fairfield/fairfield/bossley-park,desktop-1440,200,internal,yes,yes,yes,1440,950,yes,1,cover,100% 50%,no,no,
/service-areas/liverpool-and-fairfield/fairfield/bossley-park,mobile-390,200,internal,yes,yes,yes,390,1168,yes,1,contain,100% 0%,no,no,
/service-areas/liverpool-and-fairfield/fairfield/cabramatta,desktop-1440,200,internal,yes,yes,yes,1440,1114,yes,1,cover,100% 50%,no,no,
/service-areas/liverpool-and-fairfield/fairfield/cabramatta,mobile-390,200,internal,yes,yes,yes,390,1348,yes,1,contain,100% 0%,no,no,
/service-areas/liverpool-and-fairfield/fairfield/cabramatta-west,desktop-1440,200,internal,yes,yes,yes,1440,1010,yes,1,cover,100% 50%,no,no,
/service-areas/liverpool-and-fairfield/fairfield/cabramatta-west,mobile-390,200,internal,yes,yes,yes,390,1317,yes,1,contain,100% 0%,no,no,
/service-areas/liverpool-and-fairfield/fairfield/canley-heights,desktop-1440,200,internal,yes,yes,yes,1440,982,yes,1,cover,100% 50%,no,no,
/service-areas/liverpool-and-fairfield/fairfield/canley-heights,mobile-390,200,internal,yes,yes,yes,390,1213,yes,1,contain,100% 0%,no,no,
/service-areas/liverpool-and-fairfield/fairfield/canley-vale,desktop-1440,200,internal,yes,yes,yes,1440,950,yes,1,cover,100% 50%,no,no,
/service-areas/liverpool-and-fairfield/fairfield/canley-vale,mobile-390,200,internal,yes,yes,yes,390,1191,yes,1,contain,100% 0%,no,no,
/service-areas/liverpool-and-fairfield/fairfield/carramar,desktop-1440,200,internal,yes,yes,yes,1440,950,yes,1,cover,100% 50%,no,no,
/service-areas/liverpool-and-fairfield/fairfield/carramar,mobile-390,200,internal,yes,yes,yes,390,1191,yes,1,contain,100% 0%,no,no,
/service-areas/liverpool-and-fairfield/fairfield/cecil-park,desktop-1440,200,internal,yes,yes,yes,1440,982,yes,1,cover,100% 50%,no,no,
/service-areas/liverpool-and-fairfield/fairfield/cecil-park,mobile-390,200,internal,yes,yes,yes,390,1236,yes,1,contain,100% 0%,no,no,
/service-areas/liverpool-and-fairfield/fairfield/edensor-park,desktop-1440,200,internal,yes,yes,yes,1440,950,yes,1,cover,100% 50%,no,no,
/service-areas/liverpool-and-fairfield/fairfield/edensor-park,mobile-390,200,internal,yes,yes,yes,390,1168,yes,1,contain,100% 0%,no,no,
/service-areas/liverpool-and-fairfield/fairfield/fairfield,desktop-1440,200,internal,yes,yes,yes,1440,1146,yes,1,cover,100% 50%,no,no,
/service-areas/liverpool-and-fairfield/fairfield/fairfield,mobile-390,200,internal,yes,yes,yes,390,1371,yes,1,contain,100% 0%,no,no,
/service-areas/liverpool-and-fairfield/fairfield/fairfield-east,desktop-1440,200,internal,yes,yes,yes,1440,982,yes,1,cover,100% 50%,no,no,
/service-areas/liverpool-and-fairfield/fairfield/fairfield-east,mobile-390,200,internal,yes,yes,yes,390,1236,yes,1,contain,100% 0%,no,no,
/service-areas/liverpool-and-fairfield/fairfield/fairfield-heights,desktop-1440,200,internal,yes,yes,yes,1440,1010,yes,1,cover,100% 50%,no,no,
/service-areas/liverpool-and-fairfield/fairfield/fairfield-heights,mobile-390,200,internal,yes,yes,yes,390,1258,yes,1,contain,100% 0%,no,no,
/service-areas/liverpool-and-fairfield/fairfield/fairfield-west,desktop-1440,200,internal,yes,yes,yes,1440,982,yes,1,cover,100% 50%,no,no,
/service-areas/liverpool-and-fairfield/fairfield/fairfield-west,mobile-390,200,internal,yes,yes,yes,390,1236,yes,1,contain,100% 0%,no,no,
/service-areas/liverpool-and-fairfield/fairfield/greenfield-park,desktop-1440,200,internal,yes,yes,yes,1440,950,yes,1,cover,100% 50%,no,no,
/service-areas/liverpool-and-fairfield/fairfield/greenfield-park,mobile-390,200,internal,yes,yes,yes,390,1227,yes,1,contain,100% 0%,no,no,
/service-areas/liverpool-and-fairfield/fairfield/horsley-park,desktop-1440,200,internal,yes,yes,yes,1440,982,yes,1,cover,100% 50%,no,no,
/service-areas/liverpool-and-fairfield/fairfield/horsley-park,mobile-390,200,internal,yes,yes,yes,390,1236,yes,1,contain,100% 0%,no,no,
/service-areas/liverpool-and-fairfield/fairfield/lansvale,desktop-1440,200,internal,yes,yes,yes,1440,982,yes,1,cover,100% 50%,no,no,
/service-areas/liverpool-and-fairfield/fairfield/lansvale,mobile-390,200,internal,yes,yes,yes,390,1213,yes,1,contain,100% 0%,no,no,
/service-areas/liverpool-and-fairfield/fairfield/mount-pritchard,desktop-1440,200,internal,yes,yes,yes,1440,950,yes,1,cover,100% 50%,no,no,
/service-areas/liverpool-and-fairfield/fairfield/mount-pritchard,mobile-390,200,internal,yes,yes,yes,390,1168,yes,1,contain,100% 0%,no,no,
/service-areas/liverpool-and-fairfield/fairfield/old-guildford,desktop-1440,200,internal,yes,yes,yes,1440,950,yes,1,cover,100% 50%,no,no,
/service-areas/liverpool-and-fairfield/fairfield/old-guildford,mobile-390,200,internal,yes,yes,yes,390,1191,yes,1,contain,100% 0%,no,no,
/service-areas/liverpool-and-fairfield/fairfield/prairiewood,desktop-1440,200,internal,yes,yes,yes,1440,950,yes,1,cover,100% 50%,no,no,
/service-areas/liverpool-and-fairfield/fairfield/prairiewood,mobile-390,200,internal,yes,yes,yes,390,1168,yes,1,contain,100% 0%,no,no,
/service-areas/liverpool-and-fairfield/fairfield/smithfield,desktop-1440,200,internal,yes,yes,yes,1440,950,yes,1,cover,100% 50%,no,no,
/service-areas/liverpool-and-fairfield/fairfield/smithfield,mobile-390,200,internal,yes,yes,yes,390,1191,yes,1,contain,100% 0%,no,no,
/service-areas/liverpool-and-fairfield/fairfield/st-johns-park,desktop-1440,200,internal,yes,yes,yes,1440,950,yes,1,cover,100% 50%,no,no,
/service-areas/liverpool-and-fairfield/fairfield/st-johns-park,mobile-390,200,internal,yes,yes,yes,390,1168,yes,1,contain,100% 0%,no,no,
/service-areas/liverpool-and-fairfield/fairfield/wakeley,desktop-1440,200,internal,yes,yes,yes,1440,950,yes,1,cover,100% 50%,no,no,
/service-areas/liverpool-and-fairfield/fairfield/wakeley,mobile-390,200,internal,yes,yes,yes,390,1191,yes,1,contain,100% 0%,no,no,
/service-areas/liverpool-and-fairfield/fairfield/wetherill-park,desktop-1440,200,internal,yes,yes,yes,1440,1070,yes,1,cover,100% 50%,no,no,
/service-areas/liverpool-and-fairfield/fairfield/wetherill-park,mobile-390,200,internal,yes,yes,yes,390,1303,yes,1,contain,100% 0%,no,no,
/service-areas/liverpool-and-fairfield/fairfield/yennora,desktop-1440,200,internal,yes,yes,yes,1440,950,yes,1,cover,100% 50%,no,no,
/service-areas/liverpool-and-fairfield/fairfield/yennora,mobile-390,200,internal,yes,yes,yes,390,1191,yes,1,contain,100% 0%,no,no,
/service-areas/liverpool-and-fairfield/liverpool,desktop-1440,200,internal,yes,yes,yes,1440,850,yes,1,cover,100% 50%,no,no,
/service-areas/liverpool-and-fairfield/liverpool,mobile-390,200,internal,yes,yes,yes,390,771,yes,1,contain,100% 0%,no,no,
/service-areas/liverpool-and-fairfield/liverpool/ashcroft,desktop-1440,200,internal,yes,yes,yes,1440,950,yes,1,cover,100% 50%,no,no,
/service-areas/liverpool-and-fairfield/liverpool/ashcroft,mobile-390,200,internal,yes,yes,yes,390,1191,yes,1,contain,100% 0%,no,no,
/service-areas/liverpool-and-fairfield/liverpool/austral,desktop-1440,200,internal,yes,yes,yes,1440,1038,yes,1,cover,100% 50%,no,no,
/service-areas/liverpool-and-fairfield/liverpool/austral,mobile-390,200,internal,yes,yes,yes,390,1281,yes,1,contain,100% 0%,no,no,
/service-areas/liverpool-and-fairfield/liverpool/badgerys-creek,desktop-1440,200,internal,yes,yes,yes,1440,950,yes,1,cover,100% 50%,no,no,
/service-areas/liverpool-and-fairfield/liverpool/badgerys-creek,mobile-390,200,internal,yes,yes,yes,390,1227,yes,1,contain,100% 0%,no,no,
/service-areas/liverpool-and-fairfield/liverpool/busby,desktop-1440,200,internal,yes,yes,yes,1440,878,yes,1,cover,100% 50%,no,no,
/service-areas/liverpool-and-fairfield/liverpool/busby,mobile-390,200,internal,yes,yes,yes,390,1191,yes,1,contain,100% 0%,no,no,
/service-areas/liverpool-and-fairfield/liverpool/carnes-hill,desktop-1440,200,internal,yes,yes,yes,1440,950,yes,1,cover,100% 50%,no,no,
/service-areas/liverpool-and-fairfield/liverpool/carnes-hill,mobile-390,200,internal,yes,yes,yes,390,1168,yes,1,contain,100% 0%,no,no,
/service-areas/liverpool-and-fairfield/liverpool/cartwright,desktop-1440,200,internal,yes,yes,yes,1440,950,yes,1,cover,100% 50%,no,no,
/service-areas/liverpool-and-fairfield/liverpool/cartwright,mobile-390,200,internal,yes,yes,yes,390,1168,yes,1,contain,100% 0%,no,no,
/service-areas/liverpool-and-fairfield/liverpool/casula,desktop-1440,200,internal,yes,yes,yes,1440,878,yes,1,cover,100% 50%,no,no,
/service-areas/liverpool-and-fairfield/liverpool/casula,mobile-390,200,internal,yes,yes,yes,390,1191,yes,1,contain,100% 0%,no,no,
/service-areas/liverpool-and-fairfield/liverpool/cecil-hills,desktop-1440,200,internal,yes,yes,yes,1440,950,yes,1,cover,100% 50%,no,no,
/service-areas/liverpool-and-fairfield/liverpool/cecil-hills,mobile-390,200,internal,yes,yes,yes,390,1168,yes,1,contain,100% 0%,no,no,
/service-areas/liverpool-and-fairfield/liverpool/chipping-norton,desktop-1440,200,internal,yes,yes,yes,1440,950,yes,1,cover,100% 50%,no,no,
/service-areas/liverpool-and-fairfield/liverpool/chipping-norton,mobile-390,200,internal,yes,yes,yes,390,1204,yes,1,contain,100% 0%,no,no,
/service-areas/liverpool-and-fairfield/liverpool/edmondson-park,desktop-1440,200,internal,yes,yes,yes,1440,950,yes,1,cover,100% 50%,no,no,
/service-areas/liverpool-and-fairfield/liverpool/edmondson-park,mobile-390,200,internal,yes,yes,yes,390,1204,yes,1,contain,100% 0%,no,no,
/service-areas/liverpool-and-fairfield/liverpool/elizabeth-hills,desktop-1440,200,internal,yes,yes,yes,1440,1010,yes,1,cover,100% 50%,no,no,
/service-areas/liverpool-and-fairfield/liverpool/elizabeth-hills,mobile-390,200,internal,yes,yes,yes,390,1317,yes,1,contain,100% 0%,no,no,
/service-areas/liverpool-and-fairfield/liverpool/green-valley,desktop-1440,200,internal,yes,yes,yes,1440,950,yes,1,cover,100% 50%,no,no,
/service-areas/liverpool-and-fairfield/liverpool/green-valley,mobile-390,200,internal,yes,yes,yes,390,1191,yes,1,contain,100% 0%,no,no,
/service-areas/liverpool-and-fairfield/liverpool/greendale,desktop-1440,200,internal,yes,yes,yes,1440,950,yes,1,cover,100% 50%,no,no,
/service-areas/liverpool-and-fairfield/liverpool/greendale,mobile-390,200,internal,yes,yes,yes,390,1168,yes,1,contain,100% 0%,no,no,
/service-areas/liverpool-and-fairfield/liverpool/hammondville,desktop-1440,200,internal,yes,yes,yes,1440,950,yes,1,cover,100% 50%,no,no,
/service-areas/liverpool-and-fairfield/liverpool/hammondville,mobile-390,200,internal,yes,yes,yes,390,1227,yes,1,contain,100% 0%,no,no,
/service-areas/liverpool-and-fairfield/liverpool/heckenberg,desktop-1440,200,internal,yes,yes,yes,1440,950,yes,1,cover,100% 50%,no,no,
/service-areas/liverpool-and-fairfield/liverpool/heckenberg,mobile-390,200,internal,yes,yes,yes,390,1191,yes,1,contain,100% 0%,no,no,
/service-areas/liverpool-and-fairfield/liverpool/hinchinbrook,desktop-1440,200,internal,yes,yes,yes,1440,1010,yes,1,cover,100% 50%,no,no,
/service-areas/liverpool-and-fairfield/liverpool/hinchinbrook,mobile-390,200,internal,yes,yes,yes,390,1281,yes,1,contain,100% 0%,no,no,
/service-areas/liverpool-and-fairfield/liverpool/horningsea-park,desktop-1440,200,internal,yes,yes,yes,1440,1010,yes,1,cover,100% 50%,no,no,
/service-areas/liverpool-and-fairfield/liverpool/horningsea-park,mobile-390,200,internal,yes,yes,yes,390,1317,yes,1,contain,100% 0%,no,no,
/service-areas/liverpool-and-fairfield/liverpool/hoxton-park,desktop-1440,200,internal,yes,yes,yes,1440,950,yes,1,cover,100% 50%,no,no,
/service-areas/liverpool-and-fairfield/liverpool/hoxton-park,mobile-390,200,internal,yes,yes,yes,390,1191,yes,1,contain,100% 0%,no,no,
/service-areas/liverpool-and-fairfield/liverpool/kemps-creek,desktop-1440,200,internal,yes,yes,yes,1440,950,yes,1,cover,100% 50%,no,no,
/service-areas/liverpool-and-fairfield/liverpool/kemps-creek,mobile-390,200,internal,yes,yes,yes,390,1168,yes,1,contain,100% 0%,no,no,
/service-areas/liverpool-and-fairfield/liverpool/liverpool,desktop-1440,200,internal,yes,yes,yes,1440,922,yes,1,cover,100% 50%,no,no,
/service-areas/liverpool-and-fairfield/liverpool/liverpool,mobile-390,200,internal,yes,yes,yes,390,1123,yes,1,contain,100% 0%,no,no,
/service-areas/liverpool-and-fairfield/liverpool/luddenham,desktop-1440,200,internal,yes,yes,yes,1440,1014,yes,1,cover,100% 50%,no,no,
/service-areas/liverpool-and-fairfield/liverpool/luddenham,mobile-390,200,internal,yes,yes,yes,390,1236,yes,1,contain,100% 0%,no,no,
/service-areas/liverpool-and-fairfield/liverpool/lurnea,desktop-1440,200,internal,yes,yes,yes,1440,1010,yes,1,cover,100% 50%,no,no,
/service-areas/liverpool-and-fairfield/liverpool/lurnea,mobile-390,200,internal,yes,yes,yes,390,1281,yes,1,contain,100% 0%,no,no,
/service-areas/liverpool-and-fairfield/liverpool/middleton-grange,desktop-1440,200,internal,yes,yes,yes,1440,982,yes,1,cover,100% 50%,no,no,
/service-areas/liverpool-and-fairfield/liverpool/middleton-grange,mobile-390,200,internal,yes,yes,yes,390,1249,yes,1,contain,100% 0%,no,no,
/service-areas/liverpool-and-fairfield/liverpool/miller,desktop-1440,200,internal,yes,yes,yes,1440,878,yes,1,cover,100% 50%,no,no,
/service-areas/liverpool-and-fairfield/liverpool/miller,mobile-390,200,internal,yes,yes,yes,390,1191,yes,1,contain,100% 0%,no,no,
/service-areas/liverpool-and-fairfield/liverpool/moorebank,desktop-1440,200,internal,yes,yes,yes,1440,1146,yes,1,cover,100% 50%,no,no,
/service-areas/liverpool-and-fairfield/liverpool/moorebank,mobile-390,200,internal,yes,yes,yes,390,1393,yes,1,contain,100% 0%,no,no,
/service-areas/liverpool-and-fairfield/liverpool/pleasure-point,desktop-1440,200,internal,yes,yes,yes,1440,950,yes,1,cover,100% 50%,no,no,
/service-areas/liverpool-and-fairfield/liverpool/pleasure-point,mobile-390,200,internal,yes,yes,yes,390,1204,yes,1,contain,100% 0%,no,no,
/service-areas/liverpool-and-fairfield/liverpool/prestons,desktop-1440,200,internal,yes,yes,yes,1440,1146,yes,1,cover,100% 50%,no,no,
/service-areas/liverpool-and-fairfield/liverpool/prestons,mobile-390,200,internal,yes,yes,yes,390,1371,yes,1,contain,100% 0%,no,no,
/service-areas/liverpool-and-fairfield/liverpool/sadleir,desktop-1440,200,internal,yes,yes,yes,1440,982,yes,1,cover,100% 50%,no,no,
/service-areas/liverpool-and-fairfield/liverpool/sadleir,mobile-390,200,internal,yes,yes,yes,390,1191,yes,1,contain,100% 0%,no,no,
/service-areas/liverpool-and-fairfield/liverpool/voyager-point,desktop-1440,200,internal,yes,yes,yes,1440,982,yes,1,cover,100% 50%,no,no,
/service-areas/liverpool-and-fairfield/liverpool/voyager-point,mobile-390,200,internal,yes,yes,yes,390,1236,yes,1,contain,100% 0%,no,no,
/service-areas/liverpool-and-fairfield/liverpool/wallacia,desktop-1440,200,internal,yes,yes,yes,1440,950,yes,1,cover,100% 50%,no,no,
/service-areas/liverpool-and-fairfield/liverpool/wallacia,mobile-390,200,internal,yes,yes,yes,390,1168,yes,1,contain,100% 0%,no,no,
/service-areas/liverpool-and-fairfield/liverpool/warwick-farm,desktop-1440,200,internal,yes,yes,yes,1440,950,yes,1,cover,100% 50%,no,no,
/service-areas/liverpool-and-fairfield/liverpool/warwick-farm,mobile-390,200,internal,yes,yes,yes,390,1227,yes,1,contain,100% 0%,no,no,
/service-areas/liverpool-and-fairfield/liverpool/wattle-grove,desktop-1440,200,internal,yes,yes,yes,1440,950,yes,1,cover,100% 50%,no,no,
/service-areas/liverpool-and-fairfield/liverpool/wattle-grove,mobile-390,200,internal,yes,yes,yes,390,1168,yes,1,contain,100% 0%,no,no,
/service-areas/liverpool-and-fairfield/liverpool/west-hoxton,desktop-1440,200,internal,yes,yes,yes,1440,950,yes,1,cover,100% 50%,no,no,
/service-areas/liverpool-and-fairfield/liverpool/west-hoxton,mobile-390,200,internal,yes,yes,yes,390,1168,yes,1,contain,100% 0%,no,no,
/service-areas/macarthur-camden-and-wollondilly,desktop-1440,200,internal,yes,yes,yes,1440,1128,yes,1,cover,100% 50%,no,no,
/service-areas/macarthur-camden-and-wollondilly,mobile-390,200,internal,yes,yes,yes,390,1211,yes,1,contain,100% 0%,no,no,
/service-areas/macarthur-camden-and-wollondilly/camden,desktop-1440,200,internal,yes,yes,yes,1440,850,yes,1,cover,100% 50%,no,no,
/service-areas/macarthur-camden-and-wollondilly/camden,mobile-390,200,internal,yes,yes,yes,390,861,yes,1,contain,100% 0%,no,no,
/service-areas/macarthur-camden-and-wollondilly/camden/bringelly,desktop-1440,200,internal,yes,yes,yes,1440,982,yes,1,cover,100% 50%,no,no,
/service-areas/macarthur-camden-and-wollondilly/camden/bringelly,mobile-390,200,internal,yes,yes,yes,390,1213,yes,1,contain,100% 0%,no,no,
/service-areas/macarthur-camden-and-wollondilly/camden/camden,desktop-1440,200,internal,yes,yes,yes,1440,1010,yes,1,cover,100% 50%,no,no,
/service-areas/macarthur-camden-and-wollondilly/camden/camden,mobile-390,200,internal,yes,yes,yes,390,1236,yes,1,contain,100% 0%,no,no,
/service-areas/macarthur-camden-and-wollondilly/camden/camden-south,desktop-1440,200,internal,yes,yes,yes,1440,1010,yes,1,cover,100% 50%,no,no,
/service-areas/macarthur-camden-and-wollondilly/camden/camden-south,mobile-390,200,internal,yes,yes,yes,390,1249,yes,1,contain,100% 0%,no,no,
/service-areas/macarthur-camden-and-wollondilly/camden/catherine-field,desktop-1440,200,internal,yes,yes,yes,1440,1010,yes,1,cover,100% 50%,no,no,
/service-areas/macarthur-camden-and-wollondilly/camden/catherine-field,mobile-390,200,internal,yes,yes,yes,390,1249,yes,1,contain,100% 0%,no,no,
/service-areas/macarthur-camden-and-wollondilly/camden/cawdor,desktop-1440,200,internal,yes,yes,yes,1440,982,yes,1,cover,100% 50%,no,no,
/service-areas/macarthur-camden-and-wollondilly/camden/cawdor,mobile-390,200,internal,yes,yes,yes,390,1213,yes,1,contain,100% 0%,no,no,
/service-areas/macarthur-camden-and-wollondilly/camden/cobbitty,desktop-1440,200,internal,yes,yes,yes,1440,1042,yes,1,cover,100% 50%,no,no,
/service-areas/macarthur-camden-and-wollondilly/camden/cobbitty,mobile-390,200,internal,yes,yes,yes,390,1281,yes,1,contain,100% 0%,no,no,
/service-areas/macarthur-camden-and-wollondilly/camden/currans-hill,desktop-1440,200,internal,yes,yes,yes,1440,978,yes,1,cover,100% 50%,no,no,
/service-areas/macarthur-camden-and-wollondilly/camden/currans-hill,mobile-390,200,internal,yes,yes,yes,390,1191,yes,1,contain,100% 0%,no,no,
/service-areas/macarthur-camden-and-wollondilly/camden/elderslie,desktop-1440,200,internal,yes,yes,yes,1440,982,yes,1,cover,100% 50%,no,no,
/service-areas/macarthur-camden-and-wollondilly/camden/elderslie,mobile-390,200,internal,yes,yes,yes,390,1213,yes,1,contain,100% 0%,no,no,
/service-areas/macarthur-camden-and-wollondilly/camden/ellis-lane,desktop-1440,200,internal,yes,yes,yes,1440,982,yes,1,cover,100% 50%,no,no,
/service-areas/macarthur-camden-and-wollondilly/camden/ellis-lane,mobile-390,200,internal,yes,yes,yes,390,1213,yes,1,contain,100% 0%,no,no,
/service-areas/macarthur-camden-and-wollondilly/camden/gledswood-hills,desktop-1440,200,internal,yes,yes,yes,1440,1042,yes,1,cover,100% 50%,no,no,
/service-areas/macarthur-camden-and-wollondilly/camden/gledswood-hills,mobile-390,200,internal,yes,yes,yes,390,1339,yes,1,contain,100% 0%,no,no,
/service-areas/macarthur-camden-and-wollondilly/camden/grasmere,desktop-1440,200,internal,yes,yes,yes,1440,982,yes,1,cover,100% 50%,no,no,
/service-areas/macarthur-camden-and-wollondilly/camden/grasmere,mobile-390,200,internal,yes,yes,yes,390,1213,yes,1,contain,100% 0%,no,no,
/service-areas/macarthur-camden-and-wollondilly/camden/gregory-hills,desktop-1440,200,internal,yes,yes,yes,1440,1010,yes,1,cover,100% 50%,no,no,
/service-areas/macarthur-camden-and-wollondilly/camden/gregory-hills,mobile-390,200,internal,yes,yes,yes,390,1191,yes,1,contain,100% 0%,no,no,
/service-areas/macarthur-camden-and-wollondilly/camden/harrington-park,desktop-1440,200,internal,yes,yes,yes,1440,1042,yes,1,cover,100% 50%,no,no,
/service-areas/macarthur-camden-and-wollondilly/camden/harrington-park,mobile-390,200,internal,yes,yes,yes,390,1294,yes,1,contain,100% 0%,no,no,
/service-areas/macarthur-camden-and-wollondilly/camden/kirkham,desktop-1440,200,internal,yes,yes,yes,1440,982,yes,1,cover,100% 50%,no,no,
/service-areas/macarthur-camden-and-wollondilly/camden/kirkham,mobile-390,200,internal,yes,yes,yes,390,1213,yes,1,contain,100% 0%,no,no,
/service-areas/macarthur-camden-and-wollondilly/camden/leppington,desktop-1440,200,internal,yes,yes,yes,1440,1070,yes,1,cover,100% 50%,no,no,
/service-areas/macarthur-camden-and-wollondilly/camden/leppington,mobile-390,200,internal,yes,yes,yes,390,1326,yes,1,contain,100% 0%,no,no,
/service-areas/macarthur-camden-and-wollondilly/camden/mount-annan,desktop-1440,200,internal,yes,yes,yes,1440,1070,yes,1,cover,100% 50%,no,no,
/service-areas/macarthur-camden-and-wollondilly/camden/mount-annan,mobile-390,200,internal,yes,yes,yes,390,1281,yes,1,contain,100% 0%,no,no,
/service-areas/macarthur-camden-and-wollondilly/camden/narellan,desktop-1440,200,internal,yes,yes,yes,1440,890,yes,1,cover,100% 50%,no,no,
/service-areas/macarthur-camden-and-wollondilly/camden/narellan,mobile-390,200,internal,yes,yes,yes,390,1101,yes,1,contain,100% 0%,no,no,
/service-areas/macarthur-camden-and-wollondilly/camden/narellan-vale,desktop-1440,200,internal,yes,yes,yes,1440,1042,yes,1,cover,100% 50%,no,no,
/service-areas/macarthur-camden-and-wollondilly/camden/narellan-vale,mobile-390,200,internal,yes,yes,yes,390,1236,yes,1,contain,100% 0%,no,no,
/service-areas/macarthur-camden-and-wollondilly/camden/oran-park,desktop-1440,200,internal,yes,yes,yes,1440,1042,yes,1,cover,100% 50%,no,no,
/service-areas/macarthur-camden-and-wollondilly/camden/oran-park,mobile-390,200,internal,yes,yes,yes,390,1281,yes,1,contain,100% 0%,no,no,
/service-areas/macarthur-camden-and-wollondilly/camden/rossmore,desktop-1440,200,internal,yes,yes,yes,1440,978,yes,1,cover,100% 50%,no,no,
/service-areas/macarthur-camden-and-wollondilly/camden/rossmore,mobile-390,200,internal,yes,yes,yes,390,1191,yes,1,contain,100% 0%,no,no,
/service-areas/macarthur-camden-and-wollondilly/camden/smeaton-grange,desktop-1440,200,internal,yes,yes,yes,1440,1010,yes,1,cover,100% 50%,no,no,
/service-areas/macarthur-camden-and-wollondilly/camden/smeaton-grange,mobile-390,200,internal,yes,yes,yes,390,1249,yes,1,contain,100% 0%,no,no,
/service-areas/macarthur-camden-and-wollondilly/camden/spring-farm,desktop-1440,200,internal,yes,yes,yes,1440,1042,yes,1,cover,100% 50%,no,no,
/service-areas/macarthur-camden-and-wollondilly/camden/spring-farm,mobile-390,200,internal,yes,yes,yes,390,1281,yes,1,contain,100% 0%,no,no,
/service-areas/macarthur-camden-and-wollondilly/campbelltown,desktop-1440,200,internal,yes,yes,yes,1440,950,yes,1,cover,100% 50%,no,no,
/service-areas/macarthur-camden-and-wollondilly/campbelltown,mobile-390,200,internal,yes,yes,yes,390,861,yes,1,contain,100% 0%,no,no,
/service-areas/macarthur-camden-and-wollondilly/campbelltown/airds,desktop-1440,200,internal,yes,yes,yes,1440,906,yes,1,cover,100% 50%,no,no,
/service-areas/macarthur-camden-and-wollondilly/campbelltown/airds,mobile-390,200,internal,yes,yes,yes,390,1191,yes,1,contain,100% 0%,no,no,
/service-areas/macarthur-camden-and-wollondilly/campbelltown/ambarvale,desktop-1440,200,internal,yes,yes,yes,1440,1042,yes,1,cover,100% 50%,no,no,
/service-areas/macarthur-camden-and-wollondilly/campbelltown/ambarvale,mobile-390,200,internal,yes,yes,yes,390,1258,yes,1,contain,100% 0%,no,no,
/service-areas/macarthur-camden-and-wollondilly/campbelltown/bardia,desktop-1440,200,internal,yes,yes,yes,1440,938,yes,1,cover,100% 50%,no,no,
/service-areas/macarthur-camden-and-wollondilly/campbelltown/bardia,mobile-390,200,internal,yes,yes,yes,390,1258,yes,1,contain,100% 0%,no,no,
/service-areas/macarthur-camden-and-wollondilly/campbelltown/blair-athol,desktop-1440,200,internal,yes,yes,yes,1440,1010,yes,1,cover,100% 50%,no,no,
/service-areas/macarthur-camden-and-wollondilly/campbelltown/blair-athol,mobile-390,200,internal,yes,yes,yes,390,1258,yes,1,contain,100% 0%,no,no,
/service-areas/macarthur-camden-and-wollondilly/campbelltown/blairmount,desktop-1440,200,internal,yes,yes,yes,1440,982,yes,1,cover,100% 50%,no,no,
/service-areas/macarthur-camden-and-wollondilly/campbelltown/blairmount,mobile-390,200,internal,yes,yes,yes,390,1213,yes,1,contain,100% 0%,no,no,
/service-areas/macarthur-camden-and-wollondilly/campbelltown/bow-bowing,desktop-1440,200,internal,yes,yes,yes,1440,1070,yes,1,cover,100% 50%,no,no,
/service-areas/macarthur-camden-and-wollondilly/campbelltown/bow-bowing,mobile-390,200,internal,yes,yes,yes,390,1281,yes,1,contain,100% 0%,no,no,
/service-areas/macarthur-camden-and-wollondilly/campbelltown/bradbury,desktop-1440,200,internal,yes,yes,yes,1440,982,yes,1,cover,100% 50%,no,no,
/service-areas/macarthur-camden-and-wollondilly/campbelltown/bradbury,mobile-390,200,internal,yes,yes,yes,390,1213,yes,1,contain,100% 0%,no,no,
/service-areas/macarthur-camden-and-wollondilly/campbelltown/campbelltown,desktop-1440,200,internal,yes,yes,yes,1440,922,yes,1,cover,100% 50%,no,no,
/service-areas/macarthur-camden-and-wollondilly/campbelltown/campbelltown,mobile-390,200,internal,yes,yes,yes,390,1137,yes,1,contain,100% 0%,no,no,
/service-areas/macarthur-camden-and-wollondilly/campbelltown/claymore,desktop-1440,200,internal,yes,yes,yes,1440,1070,yes,1,cover,100% 50%,no,no,
/service-areas/macarthur-camden-and-wollondilly/campbelltown/claymore,mobile-390,200,internal,yes,yes,yes,390,1281,yes,1,contain,100% 0%,no,no,
/service-areas/macarthur-camden-and-wollondilly/campbelltown/denham-court,desktop-1440,200,internal,yes,yes,yes,1440,1010,yes,1,cover,100% 50%,no,no,
/service-areas/macarthur-camden-and-wollondilly/campbelltown/denham-court,mobile-390,200,internal,yes,yes,yes,390,1249,yes,1,contain,100% 0%,no,no,
/service-areas/macarthur-camden-and-wollondilly/campbelltown/eagle-vale,desktop-1440,200,internal,yes,yes,yes,1440,1042,yes,1,cover,100% 50%,no,no,
/service-areas/macarthur-camden-and-wollondilly/campbelltown/eagle-vale,mobile-390,200,internal,yes,yes,yes,390,1258,yes,1,contain,100% 0%,no,no,
/service-areas/macarthur-camden-and-wollondilly/campbelltown/englorie-park,desktop-1440,200,internal,yes,yes,yes,1440,1010,yes,1,cover,100% 50%,no,no,
/service-areas/macarthur-camden-and-wollondilly/campbelltown/englorie-park,mobile-390,200,internal,yes,yes,yes,390,1213,yes,1,contain,100% 0%,no,no,
/service-areas/macarthur-camden-and-wollondilly/campbelltown/eschol-park,desktop-1440,200,internal,yes,yes,yes,1440,1042,yes,1,cover,100% 50%,no,no,
/service-areas/macarthur-camden-and-wollondilly/campbelltown/eschol-park,mobile-390,200,internal,yes,yes,yes,390,1258,yes,1,contain,100% 0%,no,no,
/service-areas/macarthur-camden-and-wollondilly/campbelltown/gilead,desktop-1440,200,internal,yes,yes,yes,1440,910,yes,1,cover,100% 50%,no,no,
/service-areas/macarthur-camden-and-wollondilly/campbelltown/gilead,mobile-390,200,internal,yes,yes,yes,390,1213,yes,1,contain,100% 0%,no,no,
/service-areas/macarthur-camden-and-wollondilly/campbelltown/glen-alpine,desktop-1440,200,internal,yes,yes,yes,1440,1070,yes,1,cover,100% 50%,no,no,
/service-areas/macarthur-camden-and-wollondilly/campbelltown/glen-alpine,mobile-390,200,internal,yes,yes,yes,390,1303,yes,1,contain,100% 0%,no,no,
/service-areas/macarthur-camden-and-wollondilly/campbelltown/glenfield,desktop-1440,200,internal,yes,yes,yes,1440,1042,yes,1,cover,100% 50%,no,no,
/service-areas/macarthur-camden-and-wollondilly/campbelltown/glenfield,mobile-390,200,internal,yes,yes,yes,390,1258,yes,1,contain,100% 0%,no,no,
/service-areas/macarthur-camden-and-wollondilly/campbelltown/holsworthy,desktop-1440,200,internal,yes,yes,yes,1440,1010,yes,1,cover,100% 50%,no,no,
/service-areas/macarthur-camden-and-wollondilly/campbelltown/holsworthy,mobile-390,200,internal,yes,yes,yes,390,1213,yes,1,contain,100% 0%,no,no,
/service-areas/macarthur-camden-and-wollondilly/campbelltown/ingleburn,desktop-1440,200,internal,yes,yes,yes,1440,1042,yes,1,cover,100% 50%,no,no,
/service-areas/macarthur-camden-and-wollondilly/campbelltown/ingleburn,mobile-390,200,internal,yes,yes,yes,390,1281,yes,1,contain,100% 0%,no,no,
/service-areas/macarthur-camden-and-wollondilly/campbelltown/kearns,desktop-1440,200,internal,yes,yes,yes,1440,978,yes,1,cover,100% 50%,no,no,
/service-areas/macarthur-camden-and-wollondilly/campbelltown/kearns,mobile-390,200,internal,yes,yes,yes,390,1191,yes,1,contain,100% 0%,no,no,
/service-areas/macarthur-camden-and-wollondilly/campbelltown/kentlyn,desktop-1440,200,internal,yes,yes,yes,1440,1042,yes,1,cover,100% 50%,no,no,
/service-areas/macarthur-camden-and-wollondilly/campbelltown/kentlyn,mobile-390,200,internal,yes,yes,yes,390,1258,yes,1,contain,100% 0%,no,no,
/service-areas/macarthur-camden-and-wollondilly/campbelltown/leumeah,desktop-1440,200,internal,yes,yes,yes,1440,982,yes,1,cover,100% 50%,no,no,
/service-areas/macarthur-camden-and-wollondilly/campbelltown/leumeah,mobile-390,200,internal,yes,yes,yes,390,1191,yes,1,contain,100% 0%,no,no,
/service-areas/macarthur-camden-and-wollondilly/campbelltown/long-point,desktop-1440,200,internal,yes,yes,yes,1440,1042,yes,1,cover,100% 50%,no,no,
/service-areas/macarthur-camden-and-wollondilly/campbelltown/long-point,mobile-390,200,internal,yes,yes,yes,390,1258,yes,1,contain,100% 0%,no,no,
/service-areas/macarthur-camden-and-wollondilly/campbelltown/macquarie-fields,desktop-1440,200,internal,yes,yes,yes,1440,1070,yes,1,cover,100% 50%,no,no,
/service-areas/macarthur-camden-and-wollondilly/campbelltown/macquarie-fields,mobile-390,200,internal,yes,yes,yes,390,1339,yes,1,contain,100% 0%,no,no,
/service-areas/macarthur-camden-and-wollondilly/campbelltown/macquarie-links,desktop-1440,200,internal,yes,yes,yes,1440,1042,yes,1,cover,100% 50%,no,no,
/service-areas/macarthur-camden-and-wollondilly/campbelltown/macquarie-links,mobile-390,200,internal,yes,yes,yes,390,1339,yes,1,contain,100% 0%,no,no,
/service-areas/macarthur-camden-and-wollondilly/campbelltown/menangle-park,desktop-1440,200,internal,yes,yes,yes,1440,982,yes,1,cover,100% 50%,no,no,
/service-areas/macarthur-camden-and-wollondilly/campbelltown/menangle-park,mobile-390,200,internal,yes,yes,yes,390,1249,yes,1,contain,100% 0%,no,no,
/service-areas/macarthur-camden-and-wollondilly/campbelltown/minto,desktop-1440,200,internal,yes,yes,yes,1440,938,yes,1,cover,100% 50%,no,no,
/service-areas/macarthur-camden-and-wollondilly/campbelltown/minto,mobile-390,200,internal,yes,yes,yes,390,1281,yes,1,contain,100% 0%,no,no,
/service-areas/macarthur-camden-and-wollondilly/campbelltown/minto-heights,desktop-1440,200,internal,yes,yes,yes,1440,1070,yes,1,cover,100% 50%,no,no,
/service-areas/macarthur-camden-and-wollondilly/campbelltown/minto-heights,mobile-390,200,internal,yes,yes,yes,390,1303,yes,1,contain,100% 0%,no,no,
/service-areas/macarthur-camden-and-wollondilly/campbelltown/raby,desktop-1440,200,internal,yes,yes,yes,1440,938,yes,1,cover,100% 50%,no,no,
/service-areas/macarthur-camden-and-wollondilly/campbelltown/raby,mobile-390,200,internal,yes,yes,yes,390,1213,yes,1,contain,100% 0%,no,no,
/service-areas/macarthur-camden-and-wollondilly/campbelltown/rosemeadow,desktop-1440,200,internal,yes,yes,yes,1440,1042,yes,1,cover,100% 50%,no,no,
/service-areas/macarthur-camden-and-wollondilly/campbelltown/rosemeadow,mobile-390,200,internal,yes,yes,yes,390,1258,yes,1,contain,100% 0%,no,no,
/service-areas/macarthur-camden-and-wollondilly/campbelltown/ruse,desktop-1440,200,internal,yes,yes,yes,1440,998,yes,1,cover,100% 50%,no,no,
/service-areas/macarthur-camden-and-wollondilly/campbelltown/ruse,mobile-390,200,internal,yes,yes,yes,390,1303,yes,1,contain,100% 0%,no,no,
/service-areas/macarthur-camden-and-wollondilly/campbelltown/st-andrews,desktop-1440,200,internal,yes,yes,yes,1440,1042,yes,1,cover,100% 50%,no,no,
/service-areas/macarthur-camden-and-wollondilly/campbelltown/st-andrews,mobile-390,200,internal,yes,yes,yes,390,1258,yes,1,contain,100% 0%,no,no,
/service-areas/macarthur-camden-and-wollondilly/campbelltown/st-helens-park,desktop-1440,200,internal,yes,yes,yes,1440,1010,yes,1,cover,100% 50%,no,no,
/service-areas/macarthur-camden-and-wollondilly/campbelltown/st-helens-park,mobile-390,200,internal,yes,yes,yes,390,1213,yes,1,contain,100% 0%,no,no,
/service-areas/macarthur-camden-and-wollondilly/campbelltown/varroville,desktop-1440,200,internal,yes,yes,yes,1440,1070,yes,1,cover,100% 50%,no,no,
/service-areas/macarthur-camden-and-wollondilly/campbelltown/varroville,mobile-390,200,internal,yes,yes,yes,390,1326,yes,1,contain,100% 0%,no,no,
/service-areas/macarthur-camden-and-wollondilly/campbelltown/wedderburn,desktop-1440,200,internal,yes,yes,yes,1440,982,yes,1,cover,100% 50%,no,no,
/service-areas/macarthur-camden-and-wollondilly/campbelltown/wedderburn,mobile-390,200,internal,yes,yes,yes,390,1213,yes,1,contain,100% 0%,no,no,
/service-areas/macarthur-camden-and-wollondilly/campbelltown/woodbine,desktop-1440,200,internal,yes,yes,yes,1440,978,yes,1,cover,100% 50%,no,no,
/service-areas/macarthur-camden-and-wollondilly/campbelltown/woodbine,mobile-390,200,internal,yes,yes,yes,390,1191,yes,1,contain,100% 0%,no,no,
/service-areas/macarthur-camden-and-wollondilly/campbelltown/woronora-dam,desktop-1440,200,internal,yes,yes,yes,1440,1010,yes,1,cover,100% 50%,no,no,
/service-areas/macarthur-camden-and-wollondilly/campbelltown/woronora-dam,mobile-390,200,internal,yes,yes,yes,390,1249,yes,1,contain,100% 0%,no,no,
/service-areas/macarthur-camden-and-wollondilly/wollondilly,desktop-1440,200,internal,yes,yes,yes,1440,878,yes,1,cover,100% 50%,no,no,
/service-areas/macarthur-camden-and-wollondilly/wollondilly,mobile-390,200,internal,yes,yes,yes,390,884,yes,1,contain,100% 0%,no,no,
/service-areas/macarthur-camden-and-wollondilly/wollondilly/appin,desktop-1440,200,internal,yes,yes,yes,1440,906,yes,1,cover,100% 50%,no,no,
/service-areas/macarthur-camden-and-wollondilly/wollondilly/appin,mobile-390,200,internal,yes,yes,yes,390,1191,yes,1,contain,100% 0%,no,no,
/service-areas/macarthur-camden-and-wollondilly/wollondilly/belimbla-park,desktop-1440,200,internal,yes,yes,yes,1440,1042,yes,1,cover,100% 50%,no,no,
/service-areas/macarthur-camden-and-wollondilly/wollondilly/belimbla-park,mobile-390,200,internal,yes,yes,yes,390,1303,yes,1,contain,100% 0%,no,no,
/service-areas/macarthur-camden-and-wollondilly/wollondilly/brownlow-hill,desktop-1440,200,internal,yes,yes,yes,1440,1010,yes,1,cover,100% 50%,no,no,
/service-areas/macarthur-camden-and-wollondilly/wollondilly/brownlow-hill,mobile-390,200,internal,yes,yes,yes,390,1281,yes,1,contain,100% 0%,no,no,
/service-areas/macarthur-camden-and-wollondilly/wollondilly/camden-park,desktop-1440,200,internal,yes,yes,yes,1440,1042,yes,1,cover,100% 50%,no,no,
/service-areas/macarthur-camden-and-wollondilly/wollondilly/camden-park,mobile-390,200,internal,yes,yes,yes,390,1281,yes,1,contain,100% 0%,no,no,
/service-areas/macarthur-camden-and-wollondilly/wollondilly/cataract,desktop-1440,200,internal,yes,yes,yes,1440,1042,yes,1,cover,100% 50%,no,no,
/service-areas/macarthur-camden-and-wollondilly/wollondilly/cataract,mobile-390,200,internal,yes,yes,yes,390,1303,yes,1,contain,100% 0%,no,no,
/service-areas/macarthur-camden-and-wollondilly/wollondilly/couridjah,desktop-1440,200,internal,yes,yes,yes,1440,978,yes,1,cover,100% 50%,no,no,
/service-areas/macarthur-camden-and-wollondilly/wollondilly/couridjah,mobile-390,200,internal,yes,yes,yes,390,1191,yes,1,contain,100% 0%,no,no,
/service-areas/macarthur-camden-and-wollondilly/wollondilly/douglas-park,desktop-1440,200,internal,yes,yes,yes,1440,1042,yes,1,cover,100% 50%,no,no,
/service-areas/macarthur-camden-and-wollondilly/wollondilly/douglas-park,mobile-390,200,internal,yes,yes,yes,390,1281,yes,1,contain,100% 0%,no,no,
/service-areas/macarthur-camden-and-wollondilly/wollondilly/glenmore,desktop-1440,200,internal,yes,yes,yes,1440,1042,yes,1,cover,100% 50%,no,no,
/service-areas/macarthur-camden-and-wollondilly/wollondilly/glenmore,mobile-390,200,internal,yes,yes,yes,390,1258,yes,1,contain,100% 0%,no,no,
/service-areas/macarthur-camden-and-wollondilly/wollondilly/lakesland,desktop-1440,200,internal,yes,yes,yes,1440,978,yes,1,cover,100% 50%,no,no,
/service-areas/macarthur-camden-and-wollondilly/wollondilly/lakesland,mobile-390,200,internal,yes,yes,yes,390,1191,yes,1,contain,100% 0%,no,no,
/service-areas/macarthur-camden-and-wollondilly/wollondilly/maldon,desktop-1440,200,internal,yes,yes,yes,1440,978,yes,1,cover,100% 50%,no,no,
/service-areas/macarthur-camden-and-wollondilly/wollondilly/maldon,mobile-390,200,internal,yes,yes,yes,390,1191,yes,1,contain,100% 0%,no,no,
/service-areas/macarthur-camden-and-wollondilly/wollondilly/menangle,desktop-1440,200,internal,yes,yes,yes,1440,1070,yes,1,cover,100% 50%,no,no,
/service-areas/macarthur-camden-and-wollondilly/wollondilly/menangle,mobile-390,200,internal,yes,yes,yes,390,1281,yes,1,contain,100% 0%,no,no,
/service-areas/macarthur-camden-and-wollondilly/wollondilly/mount-hunter,desktop-1440,200,internal,yes,yes,yes,1440,1010,yes,1,cover,100% 50%,no,no,
/service-areas/macarthur-camden-and-wollondilly/wollondilly/mount-hunter,mobile-390,200,internal,yes,yes,yes,390,1191,yes,1,contain,100% 0%,no,no,
/service-areas/macarthur-camden-and-wollondilly/wollondilly/mowbray-park,desktop-1440,200,internal,yes,yes,yes,1440,1010,yes,1,cover,100% 50%,no,no,
/service-areas/macarthur-camden-and-wollondilly/wollondilly/mowbray-park,mobile-390,200,internal,yes,yes,yes,390,1249,yes,1,contain,100% 0%,no,no,
/service-areas/macarthur-camden-and-wollondilly/wollondilly/nattai,desktop-1440,200,internal,yes,yes,yes,1440,970,yes,1,cover,100% 50%,no,no,
/service-areas/macarthur-camden-and-wollondilly/wollondilly/nattai,mobile-390,200,internal,yes,yes,yes,390,1303,yes,1,contain,100% 0%,no,no,
/service-areas/macarthur-camden-and-wollondilly/wollondilly/oakdale,desktop-1440,200,internal,yes,yes,yes,1440,978,yes,1,cover,100% 50%,no,no,
/service-areas/macarthur-camden-and-wollondilly/wollondilly/oakdale,mobile-390,200,internal,yes,yes,yes,390,1191,yes,1,contain,100% 0%,no,no,
/service-areas/macarthur-camden-and-wollondilly/wollondilly/orangeville,desktop-1440,200,internal,yes,yes,yes,1440,1010,yes,1,cover,100% 50%,no,no,
/service-areas/macarthur-camden-and-wollondilly/wollondilly/orangeville,mobile-390,200,internal,yes,yes,yes,390,1213,yes,1,contain,100% 0%,no,no,
/service-areas/macarthur-camden-and-wollondilly/wollondilly/pheasants-nest,desktop-1440,200,internal,yes,yes,yes,1440,1070,yes,1,cover,100% 50%,no,no,
/service-areas/macarthur-camden-and-wollondilly/wollondilly/pheasants-nest,mobile-390,200,internal,yes,yes,yes,390,1362,yes,1,contain,100% 0%,no,no,
/service-areas/macarthur-camden-and-wollondilly/wollondilly/picton,desktop-1440,200,internal,yes,yes,yes,1440,938,yes,1,cover,100% 50%,no,no,
/service-areas/macarthur-camden-and-wollondilly/wollondilly/picton,mobile-390,200,internal,yes,yes,yes,390,1213,yes,1,contain,100% 0%,no,no,
/service-areas/macarthur-camden-and-wollondilly/wollondilly/razorback,desktop-1440,200,internal,yes,yes,yes,1440,1042,yes,1,cover,100% 50%,no,no,
/service-areas/macarthur-camden-and-wollondilly/wollondilly/razorback,mobile-390,200,internal,yes,yes,yes,390,1281,yes,1,contain,100% 0%,no,no,
/service-areas/macarthur-camden-and-wollondilly/wollondilly/silverdale,desktop-1440,200,internal,yes,yes,yes,1440,1070,yes,1,cover,100% 50%,no,no,
/service-areas/macarthur-camden-and-wollondilly/wollondilly/silverdale,mobile-390,200,internal,yes,yes,yes,390,1303,yes,1,contain,100% 0%,no,no,
/service-areas/macarthur-camden-and-wollondilly/wollondilly/tahmoor,desktop-1440,200,internal,yes,yes,yes,1440,978,yes,1,cover,100% 50%,no,no,
/service-areas/macarthur-camden-and-wollondilly/wollondilly/tahmoor,mobile-390,200,internal,yes,yes,yes,390,1191,yes,1,contain,100% 0%,no,no,
/service-areas/macarthur-camden-and-wollondilly/wollondilly/the-oaks,desktop-1440,200,internal,yes,yes,yes,1440,978,yes,1,cover,100% 50%,no,no,
/service-areas/macarthur-camden-and-wollondilly/wollondilly/the-oaks,mobile-390,200,internal,yes,yes,yes,390,1191,yes,1,contain,100% 0%,no,no,
/service-areas/macarthur-camden-and-wollondilly/wollondilly/theresa-park,desktop-1440,200,internal,yes,yes,yes,1440,1010,yes,1,cover,100% 50%,no,no,
/service-areas/macarthur-camden-and-wollondilly/wollondilly/theresa-park,mobile-390,200,internal,yes,yes,yes,390,1191,yes,1,contain,100% 0%,no,no,
/service-areas/macarthur-camden-and-wollondilly/wollondilly/thirlmere,desktop-1440,200,internal,yes,yes,yes,1440,1010,yes,1,cover,100% 50%,no,no,
/service-areas/macarthur-camden-and-wollondilly/wollondilly/thirlmere,mobile-390,200,internal,yes,yes,yes,390,1213,yes,1,contain,100% 0%,no,no,
/service-areas/macarthur-camden-and-wollondilly/wollondilly/warragamba,desktop-1440,200,internal,yes,yes,yes,1440,1010,yes,1,cover,100% 50%,no,no,
/service-areas/macarthur-camden-and-wollondilly/wollondilly/warragamba,mobile-390,200,internal,yes,yes,yes,390,1213,yes,1,contain,100% 0%,no,no,
/service-areas/macarthur-camden-and-wollondilly/wollondilly/werombi,desktop-1440,200,internal,yes,yes,yes,1440,1070,yes,1,cover,100% 50%,no,no,
/service-areas/macarthur-camden-and-wollondilly/wollondilly/werombi,mobile-390,200,internal,yes,yes,yes,390,1303,yes,1,contain,100% 0%,no,no,
/service-areas/macarthur-camden-and-wollondilly/wollondilly/wilton,desktop-1440,200,internal,yes,yes,yes,1440,998,yes,1,cover,100% 50%,no,no,
/service-areas/macarthur-camden-and-wollondilly/wollondilly/wilton,mobile-390,200,internal,yes,yes,yes,390,1303,yes,1,contain,100% 0%,no,no,
/service-areas/macarthur-camden-and-wollondilly/wollondilly/yanderra,desktop-1440,200,internal,yes,yes,yes,1440,1010,yes,1,cover,100% 50%,no,no,
/service-areas/macarthur-camden-and-wollondilly/wollondilly/yanderra,mobile-390,200,internal,yes,yes,yes,390,1213,yes,1,contain,100% 0%,no,no,
/service-areas/northern-beaches,desktop-1440,200,internal,yes,yes,yes,1440,1184,yes,1,cover,100% 50%,no,no,
/service-areas/northern-beaches,mobile-390,200,internal,yes,yes,yes,390,1229,yes,1,contain,100% 0%,no,no,
/service-areas/northern-beaches/northern-beaches,desktop-1440,200,internal,yes,yes,yes,1440,978,yes,1,cover,100% 50%,no,no,
/service-areas/northern-beaches/northern-beaches,mobile-390,200,internal,yes,yes,yes,390,884,yes,1,contain,100% 0%,no,no,
/service-areas/northern-beaches/northern-beaches/allambie-heights,desktop-1440,200,internal,yes,yes,yes,1440,1070,yes,1,cover,100% 50%,no,no,
/service-areas/northern-beaches/northern-beaches/allambie-heights,mobile-390,200,internal,yes,yes,yes,390,1384,yes,1,contain,100% 0%,no,no,
/service-areas/northern-beaches/northern-beaches/avalon-beach,desktop-1440,200,internal,yes,yes,yes,1440,1010,yes,1,cover,100% 50%,no,no,
/service-areas/northern-beaches/northern-beaches/avalon-beach,mobile-390,200,internal,yes,yes,yes,390,1236,yes,1,contain,100% 0%,no,no,
/service-areas/northern-beaches/northern-beaches/balgowlah,desktop-1440,200,internal,yes,yes,yes,1440,1042,yes,1,cover,100% 50%,no,no,
/service-areas/northern-beaches/northern-beaches/balgowlah,mobile-390,200,internal,yes,yes,yes,390,1303,yes,1,contain,100% 0%,no,no,
/service-areas/northern-beaches/northern-beaches/balgowlah-heights,desktop-1440,200,internal,yes,yes,yes,1440,1070,yes,1,cover,100% 50%,no,no,
/service-areas/northern-beaches/northern-beaches/balgowlah-heights,mobile-390,200,internal,yes,yes,yes,390,1407,yes,1,contain,100% 0%,no,no,
/service-areas/northern-beaches/northern-beaches/bayview,desktop-1440,200,internal,yes,yes,yes,1440,1010,yes,1,cover,100% 50%,no,no,
/service-areas/northern-beaches/northern-beaches/bayview,mobile-390,200,internal,yes,yes,yes,390,1236,yes,1,contain,100% 0%,no,no,
/service-areas/northern-beaches/northern-beaches/beacon-hill,desktop-1440,200,internal,yes,yes,yes,1440,1010,yes,1,cover,100% 50%,no,no,
/service-areas/northern-beaches/northern-beaches/beacon-hill,mobile-390,200,internal,yes,yes,yes,390,1236,yes,1,contain,100% 0%,no,no,
/service-areas/northern-beaches/northern-beaches/belrose,desktop-1440,200,internal,yes,yes,yes,1440,1042,yes,1,cover,100% 50%,no,no,
/service-areas/northern-beaches/northern-beaches/belrose,mobile-390,200,internal,yes,yes,yes,390,1303,yes,1,contain,100% 0%,no,no,
/service-areas/northern-beaches/northern-beaches/bilgola-beach,desktop-1440,200,internal,yes,yes,yes,1440,1070,yes,1,cover,100% 50%,no,no,
/service-areas/northern-beaches/northern-beaches/bilgola-beach,mobile-390,200,internal,yes,yes,yes,390,1303,yes,1,contain,100% 0%,no,no,
/service-areas/northern-beaches/northern-beaches/bilgola-plateau,desktop-1440,200,internal,yes,yes,yes,1440,1070,yes,1,cover,100% 50%,no,no,
/service-areas/northern-beaches/northern-beaches/bilgola-plateau,mobile-390,200,internal,yes,yes,yes,390,1371,yes,1,contain,100% 0%,no,no,
/service-areas/northern-beaches/northern-beaches/brookvale,desktop-1440,200,internal,yes,yes,yes,1440,1242,yes,1,cover,100% 50%,no,no,
/service-areas/northern-beaches/northern-beaches/brookvale,mobile-390,200,internal,yes,yes,yes,390,1506,yes,1,contain,100% 0%,no,no,
/service-areas/northern-beaches/northern-beaches/church-point,desktop-1440,200,internal,yes,yes,yes,1440,1010,yes,1,cover,100% 50%,no,no,
/service-areas/northern-beaches/northern-beaches/church-point,mobile-390,200,internal,yes,yes,yes,390,1236,yes,1,contain,100% 0%,no,no,
/service-areas/northern-beaches/northern-beaches/clareville,desktop-1440,200,internal,yes,yes,yes,1440,1010,yes,1,cover,100% 50%,no,no,
/service-areas/northern-beaches/northern-beaches/clareville,mobile-390,200,internal,yes,yes,yes,390,1236,yes,1,contain,100% 0%,no,no,
/service-areas/northern-beaches/northern-beaches/clontarf,desktop-1440,200,internal,yes,yes,yes,1440,1098,yes,1,cover,100% 50%,no,no,
/service-areas/northern-beaches/northern-beaches/clontarf,mobile-390,200,internal,yes,yes,yes,390,1371,yes,1,contain,100% 0%,no,no,
/service-areas/northern-beaches/northern-beaches/coasters-retreat,desktop-1440,200,internal,yes,yes,yes,1440,1010,yes,1,cover,100% 50%,no,no,
/service-areas/northern-beaches/northern-beaches/coasters-retreat,mobile-390,200,internal,yes,yes,yes,390,1272,yes,1,contain,100% 0%,no,no,
/service-areas/northern-beaches/northern-beaches/collaroy,desktop-1440,200,internal,yes,yes,yes,1440,1070,yes,1,cover,100% 50%,no,no,
/service-areas/northern-beaches/northern-beaches/collaroy,mobile-390,200,internal,yes,yes,yes,390,1371,yes,1,contain,100% 0%,no,no,
/service-areas/northern-beaches/northern-beaches/collaroy-plateau,desktop-1440,200,internal,yes,yes,yes,1440,1070,yes,1,cover,100% 50%,no,no,
/service-areas/northern-beaches/northern-beaches/collaroy-plateau,mobile-390,200,internal,yes,yes,yes,390,1407,yes,1,contain,100% 0%,no,no,
/service-areas/northern-beaches/northern-beaches/cottage-point,desktop-1440,200,internal,yes,yes,yes,1440,1010,yes,1,cover,100% 50%,no,no,
/service-areas/northern-beaches/northern-beaches/cottage-point,mobile-390,200,internal,yes,yes,yes,390,1236,yes,1,contain,100% 0%,no,no,
/service-areas/northern-beaches/northern-beaches/cromer,desktop-1440,200,internal,yes,yes,yes,1440,1042,yes,1,cover,100% 50%,no,no,
/service-areas/northern-beaches/northern-beaches/cromer,mobile-390,200,internal,yes,yes,yes,390,1303,yes,1,contain,100% 0%,no,no,
/service-areas/northern-beaches/northern-beaches/curl-curl,desktop-1440,200,internal,yes,yes,yes,1440,1010,yes,1,cover,100% 50%,no,no,
/service-areas/northern-beaches/northern-beaches/curl-curl,mobile-390,200,internal,yes,yes,yes,390,1236,yes,1,contain,100% 0%,no,no,
/service-areas/northern-beaches/northern-beaches/davidson,desktop-1440,200,internal,yes,yes,yes,1440,950,yes,1,cover,100% 50%,no,no,
/service-areas/northern-beaches/northern-beaches/davidson,mobile-390,200,internal,yes,yes,yes,390,1191,yes,1,contain,100% 0%,no,no,
/service-areas/northern-beaches/northern-beaches/dee-why,desktop-1440,200,internal,yes,yes,yes,1440,922,yes,1,cover,100% 50%,no,no,
/service-areas/northern-beaches/northern-beaches/dee-why,mobile-390,200,internal,yes,yes,yes,390,1101,yes,1,contain,100% 0%,no,no,
/service-areas/northern-beaches/northern-beaches/duffys-forest,desktop-1440,200,internal,yes,yes,yes,1440,982,yes,1,cover,100% 50%,no,no,
/service-areas/northern-beaches/northern-beaches/duffys-forest,mobile-390,200,internal,yes,yes,yes,390,1191,yes,1,contain,100% 0%,no,no,
/service-areas/northern-beaches/northern-beaches/elanora-heights,desktop-1440,200,internal,yes,yes,yes,1440,1042,yes,1,cover,100% 50%,no,no,
/service-areas/northern-beaches/northern-beaches/elanora-heights,mobile-390,200,internal,yes,yes,yes,390,1303,yes,1,contain,100% 0%,no,no,
/service-areas/northern-beaches/northern-beaches/elvina-bay,desktop-1440,200,internal,yes,yes,yes,1440,1070,yes,1,cover,100% 50%,no,no,
/service-areas/northern-beaches/northern-beaches/elvina-bay,mobile-390,200,internal,yes,yes,yes,390,1326,yes,1,contain,100% 0%,no,no,
/service-areas/northern-beaches/northern-beaches/fairlight,desktop-1440,200,internal,yes,yes,yes,1440,1070,yes,1,cover,100% 50%,no,no,
/service-areas/northern-beaches/northern-beaches/fairlight,mobile-390,200,internal,yes,yes,yes,390,1348,yes,1,contain,100% 0%,no,no,
/service-areas/northern-beaches/northern-beaches/forestville,desktop-1440,200,internal,yes,yes,yes,1440,1042,yes,1,cover,100% 50%,no,no,
/service-areas/northern-beaches/northern-beaches/forestville,mobile-390,200,internal,yes,yes,yes,390,1281,yes,1,contain,100% 0%,no,no,
/service-areas/northern-beaches/northern-beaches/frenchs-forest,desktop-1440,200,internal,yes,yes,yes,1440,1070,yes,1,cover,100% 50%,no,no,
/service-areas/northern-beaches/northern-beaches/frenchs-forest,mobile-390,200,internal,yes,yes,yes,390,1326,yes,1,contain,100% 0%,no,no,
/service-areas/northern-beaches/northern-beaches/freshwater,desktop-1440,200,internal,yes,yes,yes,1440,1070,yes,1,cover,100% 50%,no,no,
/service-areas/northern-beaches/northern-beaches/freshwater,mobile-390,200,internal,yes,yes,yes,390,1281,yes,1,contain,100% 0%,no,no,
/service-areas/northern-beaches/northern-beaches/great-mackerel-beach,desktop-1440,200,internal,yes,yes,yes,1440,1070,yes,1,cover,100% 50%,no,no,
/service-areas/northern-beaches/northern-beaches/great-mackerel-beach,mobile-390,200,internal,yes,yes,yes,390,1362,yes,1,contain,100% 0%,no,no,
/service-areas/northern-beaches/northern-beaches/ingleside,desktop-1440,200,internal,yes,yes,yes,1440,1070,yes,1,cover,100% 50%,no,no,
/service-areas/northern-beaches/northern-beaches/ingleside,mobile-390,200,internal,yes,yes,yes,390,1371,yes,1,contain,100% 0%,no,no,
/service-areas/northern-beaches/northern-beaches/killarney-heights,desktop-1440,200,internal,yes,yes,yes,1440,1042,yes,1,cover,100% 50%,no,no,
/service-areas/northern-beaches/northern-beaches/killarney-heights,mobile-390,200,internal,yes,yes,yes,390,1317,yes,1,contain,100% 0%,no,no,
/service-areas/northern-beaches/northern-beaches/ku-ring-gai-chase,desktop-1440,200,internal,yes,yes,yes,1440,1070,yes,1,cover,100% 50%,no,no,
/service-areas/northern-beaches/northern-beaches/ku-ring-gai-chase,mobile-390,200,internal,yes,yes,yes,390,1407,yes,1,contain,100% 0%,no,no,
/service-areas/northern-beaches/northern-beaches/lovett-bay,desktop-1440,200,internal,yes,yes,yes,1440,1070,yes,1,cover,100% 50%,no,no,
/service-areas/northern-beaches/northern-beaches/lovett-bay,mobile-390,200,internal,yes,yes,yes,390,1326,yes,1,contain,100% 0%,no,no,
/service-areas/northern-beaches/northern-beaches/manly,desktop-1440,200,internal,yes,yes,yes,1440,850,yes,1,cover,100% 50%,no,no,
/service-areas/northern-beaches/northern-beaches/manly,mobile-390,200,internal,yes,yes,yes,390,1101,yes,1,contain,100% 0%,no,no,
/service-areas/northern-beaches/northern-beaches/manly-vale,desktop-1440,200,internal,yes,yes,yes,1440,1010,yes,1,cover,100% 50%,no,no,
/service-areas/northern-beaches/northern-beaches/manly-vale,mobile-390,200,internal,yes,yes,yes,390,1236,yes,1,contain,100% 0%,no,no,
/service-areas/northern-beaches/northern-beaches/mona-vale,desktop-1440,200,internal,yes,yes,yes,1440,1042,yes,1,cover,100% 50%,no,no,
/service-areas/northern-beaches/northern-beaches/mona-vale,mobile-390,200,internal,yes,yes,yes,390,1303,yes,1,contain,100% 0%,no,no,
/service-areas/northern-beaches/northern-beaches/morning-bay,desktop-1440,200,internal,yes,yes,yes,1440,1098,yes,1,cover,100% 50%,no,no,
/service-areas/northern-beaches/northern-beaches/morning-bay,mobile-390,200,internal,yes,yes,yes,390,1371,yes,1,contain,100% 0%,no,no,
/service-areas/northern-beaches/northern-beaches/narrabeen,desktop-1440,200,internal,yes,yes,yes,1440,1098,yes,1,cover,100% 50%,no,no,
/service-areas/northern-beaches/northern-beaches/narrabeen,mobile-390,200,internal,yes,yes,yes,390,1371,yes,1,contain,100% 0%,no,no,
/service-areas/northern-beaches/northern-beaches/narraweena,desktop-1440,200,internal,yes,yes,yes,1440,1010,yes,1,cover,100% 50%,no,no,
/service-areas/northern-beaches/northern-beaches/narraweena,mobile-390,200,internal,yes,yes,yes,390,1236,yes,1,contain,100% 0%,no,no,
/service-areas/northern-beaches/northern-beaches/newport,desktop-1440,200,internal,yes,yes,yes,1440,1070,yes,1,cover,100% 50%,no,no,
/service-areas/northern-beaches/northern-beaches/newport,mobile-390,200,internal,yes,yes,yes,390,1393,yes,1,contain,100% 0%,no,no,
/service-areas/northern-beaches/northern-beaches/north-balgowlah,desktop-1440,200,internal,yes,yes,yes,1440,1070,yes,1,cover,100% 50%,no,no,
/service-areas/northern-beaches/northern-beaches/north-balgowlah,mobile-390,200,internal,yes,yes,yes,390,1371,yes,1,contain,100% 0%,no,no,
/service-areas/northern-beaches/northern-beaches/north-curl-curl,desktop-1440,200,internal,yes,yes,yes,1440,1010,yes,1,cover,100% 50%,no,no,
/service-areas/northern-beaches/northern-beaches/north-curl-curl,mobile-390,200,internal,yes,yes,yes,390,1236,yes,1,contain,100% 0%,no,no,
/service-areas/northern-beaches/northern-beaches/north-manly,desktop-1440,200,internal,yes,yes,yes,1440,950,yes,1,cover,100% 50%,no,no,
/service-areas/northern-beaches/northern-beaches/north-manly,mobile-390,200,internal,yes,yes,yes,390,1191,yes,1,contain,100% 0%,no,no,
/service-areas/northern-beaches/northern-beaches/north-narrabeen,desktop-1440,200,internal,yes,yes,yes,1440,1042,yes,1,cover,100% 50%,no,no,
/service-areas/northern-beaches/northern-beaches/north-narrabeen,mobile-390,200,internal,yes,yes,yes,390,1281,yes,1,contain,100% 0%,no,no,
/service-areas/northern-beaches/northern-beaches/oxford-falls,desktop-1440,200,internal,yes,yes,yes,1440,1010,yes,1,cover,100% 50%,no,no,
/service-areas/northern-beaches/northern-beaches/oxford-falls,mobile-390,200,internal,yes,yes,yes,390,1236,yes,1,contain,100% 0%,no,no,
/service-areas/northern-beaches/northern-beaches/palm-beach,desktop-1440,200,internal,yes,yes,yes,1440,950,yes,1,cover,100% 50%,no,no,
/service-areas/northern-beaches/northern-beaches/palm-beach,mobile-390,200,internal,yes,yes,yes,390,1191,yes,1,contain,100% 0%,no,no,
/service-areas/northern-beaches/northern-beaches/queenscliff,desktop-1440,200,internal,yes,yes,yes,1440,950,yes,1,cover,100% 50%,no,no,
/service-areas/northern-beaches/northern-beaches/queenscliff,mobile-390,200,internal,yes,yes,yes,390,1191,yes,1,contain,100% 0%,no,no,
/service-areas/northern-beaches/northern-beaches/scotland-island,desktop-1440,200,internal,yes,yes,yes,1440,1070,yes,1,cover,100% 50%,no,no,
/service-areas/northern-beaches/northern-beaches/scotland-island,mobile-390,200,internal,yes,yes,yes,390,1362,yes,1,contain,100% 0%,no,no,
/service-areas/northern-beaches/northern-beaches/seaforth,desktop-1440,200,internal,yes,yes,yes,1440,1042,yes,1,cover,100% 50%,no,no,
/service-areas/northern-beaches/northern-beaches/seaforth,mobile-390,200,internal,yes,yes,yes,390,1303,yes,1,contain,100% 0%,no,no,
/service-areas/northern-beaches/northern-beaches/terrey-hills,desktop-1440,200,internal,yes,yes,yes,1440,1042,yes,1,cover,100% 50%,no,no,
/service-areas/northern-beaches/northern-beaches/terrey-hills,mobile-390,200,internal,yes,yes,yes,390,1303,yes,1,contain,100% 0%,no,no,
/service-areas/northern-beaches/northern-beaches/warriewood,desktop-1440,200,internal,yes,yes,yes,1440,1010,yes,1,cover,100% 50%,no,no,
/service-areas/northern-beaches/northern-beaches/warriewood,mobile-390,200,internal,yes,yes,yes,390,1236,yes,1,contain,100% 0%,no,no,
/service-areas/northern-beaches/northern-beaches/whale-beach,desktop-1440,200,internal,yes,yes,yes,1440,1010,yes,1,cover,100% 50%,no,no,
/service-areas/northern-beaches/northern-beaches/whale-beach,mobile-390,200,internal,yes,yes,yes,390,1236,yes,1,contain,100% 0%,no,no,
/service-areas/northern-beaches/northern-beaches/wheeler-heights,desktop-1440,200,internal,yes,yes,yes,1440,1070,yes,1,cover,100% 50%,no,no,
/service-areas/northern-beaches/northern-beaches/wheeler-heights,mobile-390,200,internal,yes,yes,yes,390,1339,yes,1,contain,100% 0%,no,no,
/service-areas/northern-sydney-and-ryde,desktop-1440,200,internal,yes,yes,yes,1440,1156,yes,1,cover,100% 50%,no,no,
/service-areas/northern-sydney-and-ryde,mobile-390,200,internal,yes,yes,yes,390,1206,yes,1,contain,100% 0%,no,no,
/service-areas/northern-sydney-and-ryde/hunters-hill,desktop-1440,200,internal,yes,yes,yes,1440,906,yes,1,cover,100% 50%,no,no,
/service-areas/northern-sydney-and-ryde/hunters-hill,mobile-390,200,internal,yes,yes,yes,390,884,yes,1,contain,100% 0%,no,no,
/service-areas/northern-sydney-and-ryde/hunters-hill/gladesville,desktop-1440,200,internal,yes,yes,yes,1440,950,yes,1,cover,100% 50%,no,no,
/service-areas/northern-sydney-and-ryde/hunters-hill/gladesville,mobile-390,200,internal,yes,yes,yes,390,1146,yes,1,contain,100% 0%,no,no,
/service-areas/northern-sydney-and-ryde/hunters-hill/henley,desktop-1440,200,internal,yes,yes,yes,1440,1010,yes,1,cover,100% 50%,no,no,
/service-areas/northern-sydney-and-ryde/hunters-hill/henley,mobile-390,200,internal,yes,yes,yes,390,1213,yes,1,contain,100% 0%,no,no,
/service-areas/northern-sydney-and-ryde/hunters-hill/hunters-hill,desktop-1440,200,internal,yes,yes,yes,1440,950,yes,1,cover,100% 50%,no,no,
/service-areas/northern-sydney-and-ryde/hunters-hill/hunters-hill,mobile-390,200,internal,yes,yes,yes,390,1146,yes,1,contain,100% 0%,no,no,
/service-areas/northern-sydney-and-ryde/hunters-hill/huntleys-cove,desktop-1440,200,internal,yes,yes,yes,1440,1102,yes,1,cover,100% 50%,no,no,
/service-areas/northern-sydney-and-ryde/hunters-hill/huntleys-cove,mobile-390,200,internal,yes,yes,yes,390,1407,yes,1,contain,100% 0%,no,no,
/service-areas/northern-sydney-and-ryde/hunters-hill/huntleys-point,desktop-1440,200,internal,yes,yes,yes,1440,1102,yes,1,cover,100% 50%,no,no,
/service-areas/northern-sydney-and-ryde/hunters-hill/huntleys-point,mobile-390,200,internal,yes,yes,yes,390,1384,yes,1,contain,100% 0%,no,no,
/service-areas/northern-sydney-and-ryde/hunters-hill/woolwich,desktop-1440,200,internal,yes,yes,yes,1440,950,yes,1,cover,100% 50%,no,no,
/service-areas/northern-sydney-and-ryde/hunters-hill/woolwich,mobile-390,200,internal,yes,yes,yes,390,1146,yes,1,contain,100% 0%,no,no,
/service-areas/northern-sydney-and-ryde/ku-ring-gai,desktop-1440,200,internal,yes,yes,yes,1440,822,yes,1,cover,100% 50%,no,no,
/service-areas/northern-sydney-and-ryde/ku-ring-gai,mobile-390,200,internal,yes,yes,yes,390,771,yes,1,contain,100% 0%,no,no,
/service-areas/northern-sydney-and-ryde/ku-ring-gai/east-killara,desktop-1440,200,internal,yes,yes,yes,1440,982,yes,1,cover,100% 50%,no,no,
/service-areas/northern-sydney-and-ryde/ku-ring-gai/east-killara,mobile-390,200,internal,yes,yes,yes,390,1191,yes,1,contain,100% 0%,no,no,
/service-areas/northern-sydney-and-ryde/ku-ring-gai/east-lindfield,desktop-1440,200,internal,yes,yes,yes,1440,982,yes,1,cover,100% 50%,no,no,
/service-areas/northern-sydney-and-ryde/ku-ring-gai/east-lindfield,mobile-390,200,internal,yes,yes,yes,390,1146,yes,1,contain,100% 0%,no,no,
/service-areas/northern-sydney-and-ryde/ku-ring-gai/gordon,desktop-1440,200,internal,yes,yes,yes,1440,982,yes,1,cover,100% 50%,no,no,
/service-areas/northern-sydney-and-ryde/ku-ring-gai/gordon,mobile-390,200,internal,yes,yes,yes,390,1191,yes,1,contain,100% 0%,no,no,
/service-areas/northern-sydney-and-ryde/ku-ring-gai/killara,desktop-1440,200,internal,yes,yes,yes,1440,910,yes,1,cover,100% 50%,no,no,
/service-areas/northern-sydney-and-ryde/ku-ring-gai/killara,mobile-390,200,internal,yes,yes,yes,390,1191,yes,1,contain,100% 0%,no,no,
/service-areas/northern-sydney-and-ryde/ku-ring-gai/lindfield,desktop-1440,200,internal,yes,yes,yes,1440,982,yes,1,cover,100% 50%,no,no,
/service-areas/northern-sydney-and-ryde/ku-ring-gai/lindfield,mobile-390,200,internal,yes,yes,yes,390,1191,yes,1,contain,100% 0%,no,no,
/service-areas/northern-sydney-and-ryde/ku-ring-gai/north-turramurra,desktop-1440,200,internal,yes,yes,yes,1440,982,yes,1,cover,100% 50%,no,no,
/service-areas/northern-sydney-and-ryde/ku-ring-gai/north-turramurra,mobile-390,200,internal,yes,yes,yes,390,1191,yes,1,contain,100% 0%,no,no,
/service-areas/northern-sydney-and-ryde/ku-ring-gai/north-wahroonga,desktop-1440,200,internal,yes,yes,yes,1440,982,yes,1,cover,100% 50%,no,no,
/service-areas/northern-sydney-and-ryde/ku-ring-gai/north-wahroonga,mobile-390,200,internal,yes,yes,yes,390,1191,yes,1,contain,100% 0%,no,no,
/service-areas/northern-sydney-and-ryde/ku-ring-gai/pymble,desktop-1440,200,internal,yes,yes,yes,1440,982,yes,1,cover,100% 50%,no,no,
/service-areas/northern-sydney-and-ryde/ku-ring-gai/pymble,mobile-390,200,internal,yes,yes,yes,390,1191,yes,1,contain,100% 0%,no,no,
/service-areas/northern-sydney-and-ryde/ku-ring-gai/roseville,desktop-1440,200,internal,yes,yes,yes,1440,1010,yes,1,cover,100% 50%,no,no,
/service-areas/northern-sydney-and-ryde/ku-ring-gai/roseville,mobile-390,200,internal,yes,yes,yes,390,1236,yes,1,contain,100% 0%,no,no,
/service-areas/northern-sydney-and-ryde/ku-ring-gai/roseville-chase,desktop-1440,200,internal,yes,yes,yes,1440,1010,yes,1,cover,100% 50%,no,no,
/service-areas/northern-sydney-and-ryde/ku-ring-gai/roseville-chase,mobile-390,200,internal,yes,yes,yes,390,1272,yes,1,contain,100% 0%,no,no,
/service-areas/northern-sydney-and-ryde/ku-ring-gai/south-turramurra,desktop-1440,200,internal,yes,yes,yes,1440,1010,yes,1,cover,100% 50%,no,no,
/service-areas/northern-sydney-and-ryde/ku-ring-gai/south-turramurra,mobile-390,200,internal,yes,yes,yes,390,1236,yes,1,contain,100% 0%,no,no,
/service-areas/northern-sydney-and-ryde/ku-ring-gai/st-ives,desktop-1440,200,internal,yes,yes,yes,1440,910,yes,1,cover,100% 50%,no,no,
/service-areas/northern-sydney-and-ryde/ku-ring-gai/st-ives,mobile-390,200,internal,yes,yes,yes,390,1191,yes,1,contain,100% 0%,no,no,
/service-areas/northern-sydney-and-ryde/ku-ring-gai/st-ives-chase,desktop-1440,200,internal,yes,yes,yes,1440,982,yes,1,cover,100% 50%,no,no,
/service-areas/northern-sydney-and-ryde/ku-ring-gai/st-ives-chase,mobile-390,200,internal,yes,yes,yes,390,1191,yes,1,contain,100% 0%,no,no,
/service-areas/northern-sydney-and-ryde/ku-ring-gai/turramurra,desktop-1440,200,internal,yes,yes,yes,1440,982,yes,1,cover,100% 50%,no,no,
/service-areas/northern-sydney-and-ryde/ku-ring-gai/turramurra,mobile-390,200,internal,yes,yes,yes,390,1191,yes,1,contain,100% 0%,no,no,
/service-areas/northern-sydney-and-ryde/ku-ring-gai/warrawee,desktop-1440,200,internal,yes,yes,yes,1440,982,yes,1,cover,100% 50%,no,no,
/service-areas/northern-sydney-and-ryde/ku-ring-gai/warrawee,mobile-390,200,internal,yes,yes,yes,390,1191,yes,1,contain,100% 0%,no,no,
/service-areas/northern-sydney-and-ryde/ku-ring-gai/west-pymble,desktop-1440,200,internal,yes,yes,yes,1440,982,yes,1,cover,100% 50%,no,no,
/service-areas/northern-sydney-and-ryde/ku-ring-gai/west-pymble,mobile-390,200,internal,yes,yes,yes,390,1191,yes,1,contain,100% 0%,no,no,
/service-areas/northern-sydney-and-ryde/lane-cove,desktop-1440,200,internal,yes,yes,yes,1440,822,yes,1,cover,100% 50%,no,no,
/service-areas/northern-sydney-and-ryde/lane-cove,mobile-390,200,internal,yes,yes,yes,390,794,yes,1,contain,100% 0%,no,no,
/service-areas/northern-sydney-and-ryde/lane-cove/greenwich,desktop-1440,200,internal,yes,yes,yes,1440,982,yes,1,cover,100% 50%,no,no,
/service-areas/northern-sydney-and-ryde/lane-cove/greenwich,mobile-390,200,internal,yes,yes,yes,390,1191,yes,1,contain,100% 0%,no,no,
/service-areas/northern-sydney-and-ryde/lane-cove/lane-cove,desktop-1440,200,internal,yes,yes,yes,1440,982,yes,1,cover,100% 50%,no,no,
/service-areas/northern-sydney-and-ryde/lane-cove/lane-cove,mobile-390,200,internal,yes,yes,yes,390,1191,yes,1,contain,100% 0%,no,no,
/service-areas/northern-sydney-and-ryde/lane-cove/lane-cove-north,desktop-1440,200,internal,yes,yes,yes,1440,982,yes,1,cover,100% 50%,no,no,
/service-areas/northern-sydney-and-ryde/lane-cove/lane-cove-north,mobile-390,200,internal,yes,yes,yes,390,1146,yes,1,contain,100% 0%,no,no,
/service-areas/northern-sydney-and-ryde/lane-cove/lane-cove-west,desktop-1440,200,internal,yes,yes,yes,1440,1010,yes,1,cover,100% 50%,no,no,
/service-areas/northern-sydney-and-ryde/lane-cove/lane-cove-west,mobile-390,200,internal,yes,yes,yes,390,1258,yes,1,contain,100% 0%,no,no,
/service-areas/northern-sydney-and-ryde/lane-cove/linley-point,desktop-1440,200,internal,yes,yes,yes,1440,950,yes,1,cover,100% 50%,no,no,
/service-areas/northern-sydney-and-ryde/lane-cove/linley-point,mobile-390,200,internal,yes,yes,yes,390,1146,yes,1,contain,100% 0%,no,no,
/service-areas/northern-sydney-and-ryde/lane-cove/longueville,desktop-1440,200,internal,yes,yes,yes,1440,1010,yes,1,cover,100% 50%,no,no,
/service-areas/northern-sydney-and-ryde/lane-cove/longueville,mobile-390,200,internal,yes,yes,yes,390,1258,yes,1,contain,100% 0%,no,no,
/service-areas/northern-sydney-and-ryde/lane-cove/northwood,desktop-1440,200,internal,yes,yes,yes,1440,982,yes,1,cover,100% 50%,no,no,
/service-areas/northern-sydney-and-ryde/lane-cove/northwood,mobile-390,200,internal,yes,yes,yes,390,1213,yes,1,contain,100% 0%,no,no,
/service-areas/northern-sydney-and-ryde/lane-cove/riverview,desktop-1440,200,internal,yes,yes,yes,1440,982,yes,1,cover,100% 50%,no,no,
/service-areas/northern-sydney-and-ryde/lane-cove/riverview,mobile-390,200,internal,yes,yes,yes,390,1213,yes,1,contain,100% 0%,no,no,
/service-areas/northern-sydney-and-ryde/lane-cove/st-leonards,desktop-1440,200,internal,yes,yes,yes,1440,1010,yes,1,cover,100% 50%,no,no,
/service-areas/northern-sydney-and-ryde/lane-cove/st-leonards,mobile-390,200,internal,yes,yes,yes,390,1258,yes,1,contain,100% 0%,no,no,
/service-areas/northern-sydney-and-ryde/mosman,desktop-1440,200,internal,yes,yes,yes,1440,790,yes,1,cover,100% 50%,no,no,
/service-areas/northern-sydney-and-ryde/mosman,mobile-390,200,internal,yes,yes,yes,390,749,yes,1,contain,100% 0%,no,no,
/service-areas/northern-sydney-and-ryde/mosman/mosman,desktop-1440,200,internal,yes,yes,yes,1440,982,yes,1,cover,100% 50%,no,no,
/service-areas/northern-sydney-and-ryde/mosman/mosman,mobile-390,200,internal,yes,yes,yes,390,1191,yes,1,contain,100% 0%,no,no,
/service-areas/northern-sydney-and-ryde/north-sydney,desktop-1440,200,internal,yes,yes,yes,1440,894,yes,1,cover,100% 50%,no,no,
/service-areas/northern-sydney-and-ryde/north-sydney,mobile-390,200,internal,yes,yes,yes,390,749,yes,1,contain,100% 0%,no,no,
/service-areas/northern-sydney-and-ryde/north-sydney/cammeray,desktop-1440,200,internal,yes,yes,yes,1440,954,yes,1,cover,100% 50%,no,no,
/service-areas/northern-sydney-and-ryde/north-sydney/cammeray,mobile-390,200,internal,yes,yes,yes,390,1168,yes,1,contain,100% 0%,no,no,
/service-areas/northern-sydney-and-ryde/north-sydney/cremorne,desktop-1440,200,internal,yes,yes,yes,1440,1010,yes,1,cover,100% 50%,no,no,
/service-areas/northern-sydney-and-ryde/north-sydney/cremorne,mobile-390,200,internal,yes,yes,yes,390,1258,yes,1,contain,100% 0%,no,no,
/service-areas/northern-sydney-and-ryde/north-sydney/cremorne-point,desktop-1440,200,internal,yes,yes,yes,1440,982,yes,1,cover,100% 50%,no,no,
/service-areas/northern-sydney-and-ryde/north-sydney/cremorne-point,mobile-390,200,internal,yes,yes,yes,390,1227,yes,1,contain,100% 0%,no,no,
/service-areas/northern-sydney-and-ryde/north-sydney/crows-nest,desktop-1440,200,internal,yes,yes,yes,1440,982,yes,1,cover,100% 50%,no,no,
/service-areas/northern-sydney-and-ryde/north-sydney/crows-nest,mobile-390,200,internal,yes,yes,yes,390,1168,yes,1,contain,100% 0%,no,no,
/service-areas/northern-sydney-and-ryde/north-sydney/kirribilli,desktop-1440,200,internal,yes,yes,yes,1440,982,yes,1,cover,100% 50%,no,no,
/service-areas/northern-sydney-and-ryde/north-sydney/kirribilli,mobile-390,200,internal,yes,yes,yes,390,1191,yes,1,contain,100% 0%,no,no,
/service-areas/northern-sydney-and-ryde/north-sydney/kurraba-point,desktop-1440,200,internal,yes,yes,yes,1440,982,yes,1,cover,100% 50%,no,no,
/service-areas/northern-sydney-and-ryde/north-sydney/kurraba-point,mobile-390,200,internal,yes,yes,yes,390,1191,yes,1,contain,100% 0%,no,no,
/service-areas/northern-sydney-and-ryde/north-sydney/lavender-bay,desktop-1440,200,internal,yes,yes,yes,1440,982,yes,1,cover,100% 50%,no,no,
/service-areas/northern-sydney-and-ryde/north-sydney/lavender-bay,mobile-390,200,internal,yes,yes,yes,390,1191,yes,1,contain,100% 0%,no,no,
/service-areas/northern-sydney-and-ryde/north-sydney/mcmahons-point,desktop-1440,200,internal,yes,yes,yes,1440,982,yes,1,cover,100% 50%,no,no,
/service-areas/northern-sydney-and-ryde/north-sydney/mcmahons-point,mobile-390,200,internal,yes,yes,yes,390,1204,yes,1,contain,100% 0%,no,no,
/service-areas/northern-sydney-and-ryde/north-sydney/milsons-point,desktop-1440,200,internal,yes,yes,yes,1440,1010,yes,1,cover,100% 50%,no,no,
/service-areas/northern-sydney-and-ryde/north-sydney/milsons-point,mobile-390,200,internal,yes,yes,yes,390,1258,yes,1,contain,100% 0%,no,no,
/service-areas/northern-sydney-and-ryde/north-sydney/neutral-bay,desktop-1440,200,internal,yes,yes,yes,1440,982,yes,1,cover,100% 50%,no,no,
/service-areas/northern-sydney-and-ryde/north-sydney/neutral-bay,mobile-390,200,internal,yes,yes,yes,390,1191,yes,1,contain,100% 0%,no,no,
/service-areas/northern-sydney-and-ryde/north-sydney/north-sydney,desktop-1440,200,internal,yes,yes,yes,1440,922,yes,1,cover,100% 50%,no,no,
/service-areas/northern-sydney-and-ryde/north-sydney/north-sydney,mobile-390,200,internal,yes,yes,yes,390,1101,yes,1,contain,100% 0%,no,no,
/service-areas/northern-sydney-and-ryde/north-sydney/waverton,desktop-1440,200,internal,yes,yes,yes,1440,1010,yes,1,cover,100% 50%,no,no,
/service-areas/northern-sydney-and-ryde/north-sydney/waverton,mobile-390,200,internal,yes,yes,yes,390,1258,yes,1,contain,100% 0%,no,no,
/service-areas/northern-sydney-and-ryde/north-sydney/wollstonecraft,desktop-1440,200,internal,yes,yes,yes,1440,982,yes,1,cover,100% 50%,no,no,
/service-areas/northern-sydney-and-ryde/north-sydney/wollstonecraft,mobile-390,200,internal,yes,yes,yes,390,1227,yes,1,contain,100% 0%,no,no,
/service-areas/northern-sydney-and-ryde/ryde,desktop-1440,200,internal,yes,yes,yes,1440,822,yes,1,cover,100% 50%,no,no,
/service-areas/northern-sydney-and-ryde/ryde,mobile-390,200,internal,yes,yes,yes,390,713,yes,1,contain,100% 0%,no,no,
/service-areas/northern-sydney-and-ryde/ryde/chatswood-west,desktop-1440,200,internal,yes,yes,yes,1440,954,yes,1,cover,100% 50%,no,no,
/service-areas/northern-sydney-and-ryde/ryde/chatswood-west,mobile-390,200,internal,yes,yes,yes,390,1227,yes,1,contain,100% 0%,no,no,
/service-areas/northern-sydney-and-ryde/ryde/denistone,desktop-1440,200,internal,yes,yes,yes,1440,950,yes,1,cover,100% 50%,no,no,
/service-areas/northern-sydney-and-ryde/ryde/denistone,mobile-390,200,internal,yes,yes,yes,390,1146,yes,1,contain,100% 0%,no,no,
/service-areas/northern-sydney-and-ryde/ryde/denistone-east,desktop-1440,200,internal,yes,yes,yes,1440,1010,yes,1,cover,100% 50%,no,no,
/service-areas/northern-sydney-and-ryde/ryde/denistone-east,mobile-390,200,internal,yes,yes,yes,390,1294,yes,1,contain,100% 0%,no,no,
/service-areas/northern-sydney-and-ryde/ryde/denistone-west,desktop-1440,200,internal,yes,yes,yes,1440,982,yes,1,cover,100% 50%,no,no,
/service-areas/northern-sydney-and-ryde/ryde/denistone-west,mobile-390,200,internal,yes,yes,yes,390,1204,yes,1,contain,100% 0%,no,no,
/service-areas/northern-sydney-and-ryde/ryde/east-ryde,desktop-1440,200,internal,yes,yes,yes,1440,1010,yes,1,cover,100% 50%,no,no,
/service-areas/northern-sydney-and-ryde/ryde/east-ryde,mobile-390,200,internal,yes,yes,yes,390,1258,yes,1,contain,100% 0%,no,no,
/service-areas/northern-sydney-and-ryde/ryde/macquarie-park,desktop-1440,200,internal,yes,yes,yes,1440,890,yes,1,cover,100% 50%,no,no,
/service-areas/northern-sydney-and-ryde/ryde/macquarie-park,mobile-390,200,internal,yes,yes,yes,390,1137,yes,1,contain,100% 0%,no,no,
/service-areas/northern-sydney-and-ryde/ryde/marsfield,desktop-1440,200,internal,yes,yes,yes,1440,950,yes,1,cover,100% 50%,no,no,
/service-areas/northern-sydney-and-ryde/ryde/marsfield,mobile-390,200,internal,yes,yes,yes,390,1146,yes,1,contain,100% 0%,no,no,
/service-areas/northern-sydney-and-ryde/ryde/meadowbank,desktop-1440,200,internal,yes,yes,yes,1440,982,yes,1,cover,100% 50%,no,no,
/service-areas/northern-sydney-and-ryde/ryde/meadowbank,mobile-390,200,internal,yes,yes,yes,390,1168,yes,1,contain,100% 0%,no,no,
/service-areas/northern-sydney-and-ryde/ryde/north-ryde,desktop-1440,200,internal,yes,yes,yes,1440,1010,yes,1,cover,100% 50%,no,no,
/service-areas/northern-sydney-and-ryde/ryde/north-ryde,mobile-390,200,internal,yes,yes,yes,390,1258,yes,1,contain,100% 0%,no,no,
/service-areas/northern-sydney-and-ryde/ryde/putney,desktop-1440,200,internal,yes,yes,yes,1440,950,yes,1,cover,100% 50%,no,no,
/service-areas/northern-sydney-and-ryde/ryde/putney,mobile-390,200,internal,yes,yes,yes,390,1146,yes,1,contain,100% 0%,no,no,
/service-areas/northern-sydney-and-ryde/ryde/ryde,desktop-1440,200,internal,yes,yes,yes,1440,818,yes,1,cover,100% 50%,no,no,
/service-areas/northern-sydney-and-ryde/ryde/ryde,mobile-390,200,internal,yes,yes,yes,390,1101,yes,1,contain,100% 0%,no,no,
/service-areas/northern-sydney-and-ryde/ryde/tennyson-point,desktop-1440,200,internal,yes,yes,yes,1440,1010,yes,1,cover,100% 50%,no,no,
/service-areas/northern-sydney-and-ryde/ryde/tennyson-point,mobile-390,200,internal,yes,yes,yes,390,1294,yes,1,contain,100% 0%,no,no,
/service-areas/northern-sydney-and-ryde/ryde/west-ryde,desktop-1440,200,internal,yes,yes,yes,1440,950,yes,1,cover,100% 50%,no,no,
/service-areas/northern-sydney-and-ryde/ryde/west-ryde,mobile-390,200,internal,yes,yes,yes,390,1146,yes,1,contain,100% 0%,no,no,
/service-areas/northern-sydney-and-ryde/willoughby,desktop-1440,200,internal,yes,yes,yes,1440,822,yes,1,cover,100% 50%,no,no,
/service-areas/northern-sydney-and-ryde/willoughby,mobile-390,200,internal,yes,yes,yes,390,749,yes,1,contain,100% 0%,no,no,
/service-areas/northern-sydney-and-ryde/willoughby/artarmon,desktop-1440,200,internal,yes,yes,yes,1440,950,yes,1,cover,100% 50%,no,no,
/service-areas/northern-sydney-and-ryde/willoughby/artarmon,mobile-390,200,internal,yes,yes,yes,390,1146,yes,1,contain,100% 0%,no,no,
/service-areas/northern-sydney-and-ryde/willoughby/castle-cove,desktop-1440,200,internal,yes,yes,yes,1440,950,yes,1,cover,100% 50%,no,no,
/service-areas/northern-sydney-and-ryde/willoughby/castle-cove,mobile-390,200,internal,yes,yes,yes,390,1146,yes,1,contain,100% 0%,no,no,
/service-areas/northern-sydney-and-ryde/willoughby/castlecrag,desktop-1440,200,internal,yes,yes,yes,1440,1010,yes,1,cover,100% 50%,no,no,
/service-areas/northern-sydney-and-ryde/willoughby/castlecrag,mobile-390,200,internal,yes,yes,yes,390,1236,yes,1,contain,100% 0%,no,no,
/service-areas/northern-sydney-and-ryde/willoughby/chatswood,desktop-1440,200,internal,yes,yes,yes,1440,922,yes,1,cover,100% 50%,no,no,
/service-areas/northern-sydney-and-ryde/willoughby/chatswood,mobile-390,200,internal,yes,yes,yes,390,1078,yes,1,contain,100% 0%,no,no,
/service-areas/northern-sydney-and-ryde/willoughby/middle-cove,desktop-1440,200,internal,yes,yes,yes,1440,1010,yes,1,cover,100% 50%,no,no,
/service-areas/northern-sydney-and-ryde/willoughby/middle-cove,mobile-390,200,internal,yes,yes,yes,390,1236,yes,1,contain,100% 0%,no,no,
/service-areas/northern-sydney-and-ryde/willoughby/naremburn,desktop-1440,200,internal,yes,yes,yes,1440,982,yes,1,cover,100% 50%,no,no,
/service-areas/northern-sydney-and-ryde/willoughby/naremburn,mobile-390,200,internal,yes,yes,yes,390,1191,yes,1,contain,100% 0%,no,no,
/service-areas/northern-sydney-and-ryde/willoughby/north-willoughby,desktop-1440,200,internal,yes,yes,yes,1440,982,yes,1,cover,100% 50%,no,no,
/service-areas/northern-sydney-and-ryde/willoughby/north-willoughby,mobile-390,200,internal,yes,yes,yes,390,1191,yes,1,contain,100% 0%,no,no,
/service-areas/northern-sydney-and-ryde/willoughby/northbridge,desktop-1440,200,internal,yes,yes,yes,1440,982,yes,1,cover,100% 50%,no,no,
/service-areas/northern-sydney-and-ryde/willoughby/northbridge,mobile-390,200,internal,yes,yes,yes,390,1191,yes,1,contain,100% 0%,no,no,
/service-areas/northern-sydney-and-ryde/willoughby/willoughby,desktop-1440,200,internal,yes,yes,yes,1440,950,yes,1,cover,100% 50%,no,no,
/service-areas/northern-sydney-and-ryde/willoughby/willoughby,mobile-390,200,internal,yes,yes,yes,390,1146,yes,1,contain,100% 0%,no,no,
/service-areas/northern-sydney-and-ryde/willoughby/willoughby-east,desktop-1440,200,internal,yes,yes,yes,1440,982,yes,1,cover,100% 50%,no,no,
/service-areas/northern-sydney-and-ryde/willoughby/willoughby-east,mobile-390,200,internal,yes,yes,yes,390,1227,yes,1,contain,100% 0%,no,no,
/service-areas/parramatta-and-cumberland,desktop-1440,200,internal,yes,yes,yes,1440,1188,yes,1,cover,100% 50%,no,no,
/service-areas/parramatta-and-cumberland,mobile-390,200,internal,yes,yes,yes,390,1265,yes,1,contain,100% 0%,no,no,
/service-areas/parramatta-and-cumberland/cumberland,desktop-1440,200,internal,yes,yes,yes,1440,906,yes,1,cover,100% 50%,no,no,
/service-areas/parramatta-and-cumberland/cumberland,mobile-390,200,internal,yes,yes,yes,390,861,yes,1,contain,100% 0%,no,no,
/service-areas/parramatta-and-cumberland/cumberland/auburn,desktop-1440,200,internal,yes,yes,yes,1440,1178,yes,1,cover,100% 50%,no,no,
/service-areas/parramatta-and-cumberland/cumberland/auburn,mobile-390,200,internal,yes,yes,yes,390,1416,yes,1,contain,100% 0%,no,no,
/service-areas/parramatta-and-cumberland/cumberland/berala,desktop-1440,200,internal,yes,yes,yes,1440,878,yes,1,cover,100% 50%,no,no,
/service-areas/parramatta-and-cumberland/cumberland/berala,mobile-390,200,internal,yes,yes,yes,390,1146,yes,1,contain,100% 0%,no,no,
/service-areas/parramatta-and-cumberland/cumberland/girraween,desktop-1440,200,internal,yes,yes,yes,1440,950,yes,1,cover,100% 50%,no,no,
/service-areas/parramatta-and-cumberland/cumberland/girraween,mobile-390,200,internal,yes,yes,yes,390,1146,yes,1,contain,100% 0%,no,no,
/service-areas/parramatta-and-cumberland/cumberland/greystanes,desktop-1440,200,internal,yes,yes,yes,1440,978,yes,1,cover,100% 50%,no,no,
/service-areas/parramatta-and-cumberland/cumberland/greystanes,mobile-390,200,internal,yes,yes,yes,390,1191,yes,1,contain,100% 0%,no,no,
/service-areas/parramatta-and-cumberland/cumberland/guildford,desktop-1440,200,internal,yes,yes,yes,1440,950,yes,1,cover,100% 50%,no,no,
/service-areas/parramatta-and-cumberland/cumberland/guildford,mobile-390,200,internal,yes,yes,yes,390,1146,yes,1,contain,100% 0%,no,no,
/service-areas/parramatta-and-cumberland/cumberland/guildford-west,desktop-1440,200,internal,yes,yes,yes,1440,1070,yes,1,cover,100% 50%,no,no,
/service-areas/parramatta-and-cumberland/cumberland/guildford-west,mobile-390,200,internal,yes,yes,yes,390,1317,yes,1,contain,100% 0%,no,no,
/service-areas/parramatta-and-cumberland/cumberland/holroyd,desktop-1440,200,internal,yes,yes,yes,1440,978,yes,1,cover,100% 50%,no,no,
/service-areas/parramatta-and-cumberland/cumberland/holroyd,mobile-390,200,internal,yes,yes,yes,390,1191,yes,1,contain,100% 0%,no,no,
/service-areas/parramatta-and-cumberland/cumberland/lidcombe,desktop-1440,200,internal,yes,yes,yes,1440,1178,yes,1,cover,100% 50%,no,no,
/service-areas/parramatta-and-cumberland/cumberland/lidcombe,mobile-390,200,internal,yes,yes,yes,390,1416,yes,1,contain,100% 0%,no,no,
/service-areas/parramatta-and-cumberland/cumberland/merrylands,desktop-1440,200,internal,yes,yes,yes,1440,978,yes,1,cover,100% 50%,no,no,
/service-areas/parramatta-and-cumberland/cumberland/merrylands,mobile-390,200,internal,yes,yes,yes,390,1191,yes,1,contain,100% 0%,no,no,
/service-areas/parramatta-and-cumberland/cumberland/merrylands-west,desktop-1440,200,internal,yes,yes,yes,1440,1070,yes,1,cover,100% 50%,no,no,
/service-areas/parramatta-and-cumberland/cumberland/merrylands-west,mobile-390,200,internal,yes,yes,yes,390,1339,yes,1,contain,100% 0%,no,no,
/service-areas/parramatta-and-cumberland/cumberland/pemulwuy,desktop-1440,200,internal,yes,yes,yes,1440,950,yes,1,cover,100% 50%,no,no,
/service-areas/parramatta-and-cumberland/cumberland/pemulwuy,mobile-390,200,internal,yes,yes,yes,390,1191,yes,1,contain,100% 0%,no,no,
/service-areas/parramatta-and-cumberland/cumberland/pendle-hill,desktop-1440,200,internal,yes,yes,yes,1440,1070,yes,1,cover,100% 50%,no,no,
/service-areas/parramatta-and-cumberland/cumberland/pendle-hill,mobile-390,200,internal,yes,yes,yes,390,1303,yes,1,contain,100% 0%,no,no,
/service-areas/parramatta-and-cumberland/cumberland/regents-park,desktop-1440,200,internal,yes,yes,yes,1440,1070,yes,1,cover,100% 50%,no,no,
/service-areas/parramatta-and-cumberland/cumberland/regents-park,mobile-390,200,internal,yes,yes,yes,390,1303,yes,1,contain,100% 0%,no,no,
/service-areas/parramatta-and-cumberland/cumberland/rookwood,desktop-1440,200,internal,yes,yes,yes,1440,1042,yes,1,cover,100% 50%,no,no,
/service-areas/parramatta-and-cumberland/cumberland/rookwood,mobile-390,200,internal,yes,yes,yes,390,1281,yes,1,contain,100% 0%,no,no,
/service-areas/parramatta-and-cumberland/cumberland/south-granville,desktop-1440,200,internal,yes,yes,yes,1440,1070,yes,1,cover,100% 50%,no,no,
/service-areas/parramatta-and-cumberland/cumberland/south-granville,mobile-390,200,internal,yes,yes,yes,390,1326,yes,1,contain,100% 0%,no,no,
/service-areas/parramatta-and-cumberland/cumberland/south-wentworthville,desktop-1440,200,internal,yes,yes,yes,1440,1010,yes,1,cover,100% 50%,no,no,
/service-areas/parramatta-and-cumberland/cumberland/south-wentworthville,mobile-390,200,internal,yes,yes,yes,390,1317,yes,1,contain,100% 0%,no,no,
/service-areas/parramatta-and-cumberland/cumberland/wentworthville,desktop-1440,200,internal,yes,yes,yes,1440,950,yes,1,cover,100% 50%,no,no,
/service-areas/parramatta-and-cumberland/cumberland/wentworthville,mobile-390,200,internal,yes,yes,yes,390,1204,yes,1,contain,100% 0%,no,no,
/service-areas/parramatta-and-cumberland/cumberland/westmead,desktop-1440,200,internal,yes,yes,yes,1440,1074,yes,1,cover,100% 50%,no,no,
/service-areas/parramatta-and-cumberland/cumberland/westmead,mobile-390,200,internal,yes,yes,yes,390,1326,yes,1,contain,100% 0%,no,no,
/service-areas/parramatta-and-cumberland/cumberland/woodpark,desktop-1440,200,internal,yes,yes,yes,1440,950,yes,1,cover,100% 50%,no,no,
/service-areas/parramatta-and-cumberland/cumberland/woodpark,mobile-390,200,internal,yes,yes,yes,390,1146,yes,1,contain,100% 0%,no,no,
/service-areas/parramatta-and-cumberland/parramatta,desktop-1440,200,internal,yes,yes,yes,1440,906,yes,1,cover,100% 50%,no,no,
/service-areas/parramatta-and-cumberland/parramatta,mobile-390,200,internal,yes,yes,yes,390,861,yes,1,contain,100% 0%,no,no,
/service-areas/parramatta-and-cumberland/parramatta/carlingford,desktop-1440,200,internal,yes,yes,yes,1440,1042,yes,1,cover,100% 50%,no,no,
/service-areas/parramatta-and-cumberland/parramatta/carlingford,mobile-390,200,internal,yes,yes,yes,390,1281,yes,1,contain,100% 0%,no,no,
/service-areas/parramatta-and-cumberland/parramatta/clyde,desktop-1440,200,internal,yes,yes,yes,1440,970,yes,1,cover,100% 50%,no,no,
/service-areas/parramatta-and-cumberland/parramatta/clyde,mobile-390,200,internal,yes,yes,yes,390,1303,yes,1,contain,100% 0%,no,no,
/service-areas/parramatta-and-cumberland/parramatta/constitution-hill,desktop-1440,200,internal,yes,yes,yes,1440,1070,yes,1,cover,100% 50%,no,no,
/service-areas/parramatta-and-cumberland/parramatta/constitution-hill,mobile-390,200,internal,yes,yes,yes,390,1339,yes,1,contain,100% 0%,no,no,
/service-areas/parramatta-and-cumberland/parramatta/dundas,desktop-1440,200,internal,yes,yes,yes,1440,1070,yes,1,cover,100% 50%,no,no,
/service-areas/parramatta-and-cumberland/parramatta/dundas,mobile-390,200,internal,yes,yes,yes,390,1303,yes,1,contain,100% 0%,no,no,
/service-areas/parramatta-and-cumberland/parramatta/dundas-valley,desktop-1440,200,internal,yes,yes,yes,1440,950,yes,1,cover,100% 50%,no,no,
/service-areas/parramatta-and-cumberland/parramatta/dundas-valley,mobile-390,200,internal,yes,yes,yes,390,1146,yes,1,contain,100% 0%,no,no,
/service-areas/parramatta-and-cumberland/parramatta/eastwood,desktop-1440,200,internal,yes,yes,yes,1440,950,yes,1,cover,100% 50%,no,no,
/service-areas/parramatta-and-cumberland/parramatta/eastwood,mobile-390,200,internal,yes,yes,yes,390,1191,yes,1,contain,100% 0%,no,no,
/service-areas/parramatta-and-cumberland/parramatta/epping,desktop-1440,200,internal,yes,yes,yes,1440,1026,yes,1,cover,100% 50%,no,no,
/service-areas/parramatta-and-cumberland/parramatta/epping,mobile-390,200,internal,yes,yes,yes,390,1348,yes,1,contain,100% 0%,no,no,
/service-areas/parramatta-and-cumberland/parramatta/ermington,desktop-1440,200,internal,yes,yes,yes,1440,1070,yes,1,cover,100% 50%,no,no,
/service-areas/parramatta-and-cumberland/parramatta/ermington,mobile-390,200,internal,yes,yes,yes,390,1281,yes,1,contain,100% 0%,no,no,
/service-areas/parramatta-and-cumberland/parramatta/granville,desktop-1440,200,internal,yes,yes,yes,1440,1210,yes,1,cover,100% 50%,no,no,
/service-areas/parramatta-and-cumberland/parramatta/granville,mobile-390,200,internal,yes,yes,yes,390,1438,yes,1,contain,100% 0%,no,no,
/service-areas/parramatta-and-cumberland/parramatta/harris-park,desktop-1440,200,internal,yes,yes,yes,1440,1070,yes,1,cover,100% 50%,no,no,
/service-areas/parramatta-and-cumberland/parramatta/harris-park,mobile-390,200,internal,yes,yes,yes,390,1326,yes,1,contain,100% 0%,no,no,
/service-areas/parramatta-and-cumberland/parramatta/mays-hill,desktop-1440,200,internal,yes,yes,yes,1440,950,yes,1,cover,100% 50%,no,no,
/service-areas/parramatta-and-cumberland/parramatta/mays-hill,mobile-390,200,internal,yes,yes,yes,390,1146,yes,1,contain,100% 0%,no,no,
/service-areas/parramatta-and-cumberland/parramatta/melrose-park,desktop-1440,200,internal,yes,yes,yes,1440,1070,yes,1,cover,100% 50%,no,no,
/service-areas/parramatta-and-cumberland/parramatta/melrose-park,mobile-390,200,internal,yes,yes,yes,390,1303,yes,1,contain,100% 0%,no,no,
/service-areas/parramatta-and-cumberland/parramatta/newington,desktop-1440,200,internal,yes,yes,yes,1440,1070,yes,1,cover,100% 50%,no,no,
/service-areas/parramatta-and-cumberland/parramatta/newington,mobile-390,200,internal,yes,yes,yes,390,1348,yes,1,contain,100% 0%,no,no,
/service-areas/parramatta-and-cumberland/parramatta/north-parramatta,desktop-1440,200,internal,yes,yes,yes,1440,1098,yes,1,cover,100% 50%,no,no,
/service-areas/parramatta-and-cumberland/parramatta/north-parramatta,mobile-390,200,internal,yes,yes,yes,390,1371,yes,1,contain,100% 0%,no,no,
/service-areas/parramatta-and-cumberland/parramatta/north-rocks,desktop-1440,200,internal,yes,yes,yes,1440,1070,yes,1,cover,100% 50%,no,no,
/service-areas/parramatta-and-cumberland/parramatta/north-rocks,mobile-390,200,internal,yes,yes,yes,390,1326,yes,1,contain,100% 0%,no,no,
/service-areas/parramatta-and-cumberland/parramatta/northmead,desktop-1440,200,internal,yes,yes,yes,1440,1070,yes,1,cover,100% 50%,no,no,
/service-areas/parramatta-and-cumberland/parramatta/northmead,mobile-390,200,internal,yes,yes,yes,390,1326,yes,1,contain,100% 0%,no,no,
/service-areas/parramatta-and-cumberland/parramatta/oatlands,desktop-1440,200,internal,yes,yes,yes,1440,1070,yes,1,cover,100% 50%,no,no,
/service-areas/parramatta-and-cumberland/parramatta/oatlands,mobile-390,200,internal,yes,yes,yes,390,1348,yes,1,contain,100% 0%,no,no,
/service-areas/parramatta-and-cumberland/parramatta/old-toongabbie,desktop-1440,200,internal,yes,yes,yes,1440,950,yes,1,cover,100% 50%,no,no,
/service-areas/parramatta-and-cumberland/parramatta/old-toongabbie,mobile-390,200,internal,yes,yes,yes,390,1146,yes,1,contain,100% 0%,no,no,
/service-areas/parramatta-and-cumberland/parramatta/parramatta,desktop-1440,200,internal,yes,yes,yes,1440,922,yes,1,cover,100% 50%,no,no,
/service-areas/parramatta-and-cumberland/parramatta/parramatta,mobile-390,200,internal,yes,yes,yes,390,1101,yes,1,contain,100% 0%,no,no,
/service-areas/parramatta-and-cumberland/parramatta/rosehill,desktop-1440,200,internal,yes,yes,yes,1440,950,yes,1,cover,100% 50%,no,no,
/service-areas/parramatta-and-cumberland/parramatta/rosehill,mobile-390,200,internal,yes,yes,yes,390,1146,yes,1,contain,100% 0%,no,no,
/service-areas/parramatta-and-cumberland/parramatta/rydalmere,desktop-1440,200,internal,yes,yes,yes,1440,1042,yes,1,cover,100% 50%,no,no,
/service-areas/parramatta-and-cumberland/parramatta/rydalmere,mobile-390,200,internal,yes,yes,yes,390,1303,yes,1,contain,100% 0%,no,no,
/service-areas/parramatta-and-cumberland/parramatta/silverwater,desktop-1440,200,internal,yes,yes,yes,1440,950,yes,1,cover,100% 50%,no,no,
/service-areas/parramatta-and-cumberland/parramatta/silverwater,mobile-390,200,internal,yes,yes,yes,390,1146,yes,1,contain,100% 0%,no,no,
/service-areas/parramatta-and-cumberland/parramatta/sydney-olympic-park,desktop-1440,200,internal,yes,yes,yes,1440,1070,yes,1,cover,100% 50%,no,no,
/service-areas/parramatta-and-cumberland/parramatta/sydney-olympic-park,mobile-390,200,internal,yes,yes,yes,390,1371,yes,1,contain,100% 0%,no,no,
/service-areas/parramatta-and-cumberland/parramatta/telopea,desktop-1440,200,internal,yes,yes,yes,1440,950,yes,1,cover,100% 50%,no,no,
/service-areas/parramatta-and-cumberland/parramatta/telopea,mobile-390,200,internal,yes,yes,yes,390,1146,yes,1,contain,100% 0%,no,no,
/service-areas/parramatta-and-cumberland/parramatta/wentworth-point,desktop-1440,200,internal,yes,yes,yes,1440,1098,yes,1,cover,100% 50%,no,no,
/service-areas/parramatta-and-cumberland/parramatta/wentworth-point,mobile-390,200,internal,yes,yes,yes,390,1429,yes,1,contain,100% 0%,no,no,
/service-areas/southern-highlands,desktop-1440,200,internal,yes,yes,yes,1440,1188,yes,1,cover,100% 50%,no,no,
/service-areas/southern-highlands,mobile-390,200,internal,yes,yes,yes,390,1287,yes,1,contain,100% 0%,no,no,
/service-areas/southern-highlands/wingecarribee,desktop-1440,200,internal,yes,yes,yes,1440,978,yes,1,cover,100% 50%,no,no,
/service-areas/southern-highlands/wingecarribee,mobile-390,200,internal,yes,yes,yes,390,861,yes,1,contain,100% 0%,no,no,
/service-areas/southern-highlands/wingecarribee/alpine,desktop-1440,200,internal,yes,yes,yes,1440,938,yes,1,cover,100% 50%,no,no,
/service-areas/southern-highlands/wingecarribee/alpine,mobile-390,200,internal,yes,yes,yes,390,1213,yes,1,contain,100% 0%,no,no,
/service-areas/southern-highlands/wingecarribee/avoca,desktop-1440,200,internal,yes,yes,yes,1440,938,yes,1,cover,100% 50%,no,no,
/service-areas/southern-highlands/wingecarribee/avoca,mobile-390,200,internal,yes,yes,yes,390,1213,yes,1,contain,100% 0%,no,no,
/service-areas/southern-highlands/wingecarribee/aylmerton,desktop-1440,200,internal,yes,yes,yes,1440,1010,yes,1,cover,100% 50%,no,no,
/service-areas/southern-highlands/wingecarribee/aylmerton,mobile-390,200,internal,yes,yes,yes,390,1213,yes,1,contain,100% 0%,no,no,
/service-areas/southern-highlands/wingecarribee/balaclava,desktop-1440,200,internal,yes,yes,yes,1440,1070,yes,1,cover,100% 50%,no,no,
/service-areas/southern-highlands/wingecarribee/balaclava,mobile-390,200,internal,yes,yes,yes,390,1348,yes,1,contain,100% 0%,no,no,
/service-areas/southern-highlands/wingecarribee/balmoral,desktop-1440,200,internal,yes,yes,yes,1440,1070,yes,1,cover,100% 50%,no,no,
/service-areas/southern-highlands/wingecarribee/balmoral,mobile-390,200,internal,yes,yes,yes,390,1303,yes,1,contain,100% 0%,no,no,
/service-areas/southern-highlands/wingecarribee/bargo,desktop-1440,200,internal,yes,yes,yes,1440,878,yes,1,cover,100% 50%,no,no,
/service-areas/southern-highlands/wingecarribee/bargo,mobile-390,200,internal,yes,yes,yes,390,1168,yes,1,contain,100% 0%,no,no,
/service-areas/southern-highlands/wingecarribee/berrima,desktop-1440,200,internal,yes,yes,yes,1440,1042,yes,1,cover,100% 50%,no,no,
/service-areas/southern-highlands/wingecarribee/berrima,mobile-390,200,internal,yes,yes,yes,390,1281,yes,1,contain,100% 0%,no,no,
/service-areas/southern-highlands/wingecarribee/bowral,desktop-1440,200,internal,yes,yes,yes,1440,950,yes,1,cover,100% 50%,no,no,
/service-areas/southern-highlands/wingecarribee/bowral,mobile-390,200,internal,yes,yes,yes,390,1168,yes,1,contain,100% 0%,no,no,
/service-areas/southern-highlands/wingecarribee/braemar,desktop-1440,200,internal,yes,yes,yes,1440,1042,yes,1,cover,100% 50%,no,no,
/service-areas/southern-highlands/wingecarribee/braemar,mobile-390,200,internal,yes,yes,yes,390,1326,yes,1,contain,100% 0%,no,no,
/service-areas/southern-highlands/wingecarribee/burradoo,desktop-1440,200,internal,yes,yes,yes,1440,1070,yes,1,cover,100% 50%,no,no,
/service-areas/southern-highlands/wingecarribee/burradoo,mobile-390,200,internal,yes,yes,yes,390,1371,yes,1,contain,100% 0%,no,no,
/service-areas/southern-highlands/wingecarribee/burrawang,desktop-1440,200,internal,yes,yes,yes,1440,950,yes,1,cover,100% 50%,no,no,
/service-areas/southern-highlands/wingecarribee/burrawang,mobile-390,200,internal,yes,yes,yes,390,1168,yes,1,contain,100% 0%,no,no,
/service-areas/southern-highlands/wingecarribee/buxton,desktop-1440,200,internal,yes,yes,yes,1440,950,yes,1,cover,100% 50%,no,no,
/service-areas/southern-highlands/wingecarribee/buxton,mobile-390,200,internal,yes,yes,yes,390,1168,yes,1,contain,100% 0%,no,no,
/service-areas/southern-highlands/wingecarribee/colo-vale,desktop-1440,200,internal,yes,yes,yes,1440,1042,yes,1,cover,100% 50%,no,no,
/service-areas/southern-highlands/wingecarribee/colo-vale,mobile-390,200,internal,yes,yes,yes,390,1258,yes,1,contain,100% 0%,no,no,
/service-areas/southern-highlands/wingecarribee/east-kangaloon,desktop-1440,200,internal,yes,yes,yes,1440,1042,yes,1,cover,100% 50%,no,no,
/service-areas/southern-highlands/wingecarribee/east-kangaloon,mobile-390,200,internal,yes,yes,yes,390,1303,yes,1,contain,100% 0%,no,no,
/service-areas/southern-highlands/wingecarribee/exeter,desktop-1440,200,internal,yes,yes,yes,1440,878,yes,1,cover,100% 50%,no,no,
/service-areas/southern-highlands/wingecarribee/exeter,mobile-390,200,internal,yes,yes,yes,390,1168,yes,1,contain,100% 0%,no,no,
/service-areas/southern-highlands/wingecarribee/glenquarry,desktop-1440,200,internal,yes,yes,yes,1440,1042,yes,1,cover,100% 50%,no,no,
/service-areas/southern-highlands/wingecarribee/glenquarry,mobile-390,200,internal,yes,yes,yes,390,1281,yes,1,contain,100% 0%,no,no,
/service-areas/southern-highlands/wingecarribee/hill-top,desktop-1440,200,internal,yes,yes,yes,1440,950,yes,1,cover,100% 50%,no,no,
/service-areas/southern-highlands/wingecarribee/hill-top,mobile-390,200,internal,yes,yes,yes,390,1168,yes,1,contain,100% 0%,no,no,
/service-areas/southern-highlands/wingecarribee/kangaloon,desktop-1440,200,internal,yes,yes,yes,1440,1042,yes,1,cover,100% 50%,no,no,
/service-areas/southern-highlands/wingecarribee/kangaloon,mobile-390,200,internal,yes,yes,yes,390,1303,yes,1,contain,100% 0%,no,no,
/service-areas/southern-highlands/wingecarribee/medway,desktop-1440,200,internal,yes,yes,yes,1440,1010,yes,1,cover,100% 50%,no,no,
/service-areas/southern-highlands/wingecarribee/medway,mobile-390,200,internal,yes,yes,yes,390,1213,yes,1,contain,100% 0%,no,no,
/service-areas/southern-highlands/wingecarribee/mittagong,desktop-1440,200,internal,yes,yes,yes,1440,950,yes,1,cover,100% 50%,no,no,
/service-areas/southern-highlands/wingecarribee/mittagong,mobile-390,200,internal,yes,yes,yes,390,1168,yes,1,contain,100% 0%,no,no,
/service-areas/southern-highlands/wingecarribee/moss-vale,desktop-1440,200,internal,yes,yes,yes,1440,950,yes,1,cover,100% 50%,no,no,
/service-areas/southern-highlands/wingecarribee/moss-vale,mobile-390,200,internal,yes,yes,yes,390,1168,yes,1,contain,100% 0%,no,no,
/service-areas/southern-highlands/wingecarribee/new-berrima,desktop-1440,200,internal,yes,yes,yes,1440,1042,yes,1,cover,100% 50%,no,no,
/service-areas/southern-highlands/wingecarribee/new-berrima,mobile-390,200,internal,yes,yes,yes,390,1326,yes,1,contain,100% 0%,no,no,
/service-areas/southern-highlands/wingecarribee/renwick,desktop-1440,200,internal,yes,yes,yes,1440,1010,yes,1,cover,100% 50%,no,no,
/service-areas/southern-highlands/wingecarribee/renwick,mobile-390,200,internal,yes,yes,yes,390,1213,yes,1,contain,100% 0%,no,no,
/service-areas/southern-highlands/wingecarribee/sutton-forest,desktop-1440,200,internal,yes,yes,yes,1440,1070,yes,1,cover,100% 50%,no,no,
/service-areas/southern-highlands/wingecarribee/sutton-forest,mobile-390,200,internal,yes,yes,yes,390,1371,yes,1,contain,100% 0%,no,no,
/service-areas/southern-highlands/wingecarribee/welby,desktop-1440,200,internal,yes,yes,yes,1440,878,yes,1,cover,100% 50%,no,no,
/service-areas/southern-highlands/wingecarribee/welby,mobile-390,200,internal,yes,yes,yes,390,1168,yes,1,contain,100% 0%,no,no,
/service-areas/southern-highlands/wingecarribee/willow-vale,desktop-1440,200,internal,yes,yes,yes,1440,1042,yes,1,cover,100% 50%,no,no,
/service-areas/southern-highlands/wingecarribee/willow-vale,mobile-390,200,internal,yes,yes,yes,390,1303,yes,1,contain,100% 0%,no,no,
/service-areas/southern-highlands/wingecarribee/woodlands,desktop-1440,200,internal,yes,yes,yes,1440,950,yes,1,cover,100% 50%,no,no,
/service-areas/southern-highlands/wingecarribee/woodlands,mobile-390,200,internal,yes,yes,yes,390,1168,yes,1,contain,100% 0%,no,no,
/service-areas/southern-highlands/wingecarribee/yerrinbool,desktop-1440,200,internal,yes,yes,yes,1440,1102,yes,1,cover,100% 50%,no,no,
/service-areas/southern-highlands/wingecarribee/yerrinbool,mobile-390,200,internal,yes,yes,yes,390,1371,yes,1,contain,100% 0%,no,no,
/service-areas/st-george-and-bayside,desktop-1440,200,internal,yes,yes,yes,1440,1072,yes,1,cover,100% 50%,no,no,
/service-areas/st-george-and-bayside,mobile-390,200,internal,yes,yes,yes,390,1071,yes,1,contain,100% 0%,no,no,
/service-areas/st-george-and-bayside/bayside-and-airport,desktop-1440,200,internal,yes,yes,yes,1440,922,yes,1,cover,100% 50%,no,no,
/service-areas/st-george-and-bayside/bayside-and-airport,mobile-390,200,internal,yes,yes,yes,390,794,yes,1,contain,100% 0%,no,no,
/service-areas/st-george-and-bayside/bayside-and-airport/banksmeadow,desktop-1440,200,internal,yes,yes,yes,1440,950,yes,1,cover,100% 50%,no,no,
/service-areas/st-george-and-bayside/bayside-and-airport/banksmeadow,mobile-390,200,internal,yes,yes,yes,390,1204,yes,1,contain,100% 0%,no,no,
/service-areas/st-george-and-bayside/bayside-and-airport/botany,desktop-1440,200,internal,yes,yes,yes,1440,950,yes,1,cover,100% 50%,no,no,
/service-areas/st-george-and-bayside/bayside-and-airport/botany,mobile-390,200,internal,yes,yes,yes,390,1146,yes,1,contain,100% 0%,no,no,
/service-areas/st-george-and-bayside/bayside-and-airport/daceyville,desktop-1440,200,internal,yes,yes,yes,1440,982,yes,1,cover,100% 50%,no,no,
/service-areas/st-george-and-bayside/bayside-and-airport/daceyville,mobile-390,200,internal,yes,yes,yes,390,1213,yes,1,contain,100% 0%,no,no,
/service-areas/st-george-and-bayside/bayside-and-airport/eastgardens,desktop-1440,200,internal,yes,yes,yes,1440,1010,yes,1,cover,100% 50%,no,no,
/service-areas/st-george-and-bayside/bayside-and-airport/eastgardens,mobile-390,200,internal,yes,yes,yes,390,1236,yes,1,contain,100% 0%,no,no,
/service-areas/st-george-and-bayside/bayside-and-airport/eastlakes,desktop-1440,200,internal,yes,yes,yes,1440,978,yes,1,cover,100% 50%,no,no,
/service-areas/st-george-and-bayside/bayside-and-airport/eastlakes,mobile-390,200,internal,yes,yes,yes,390,1191,yes,1,contain,100% 0%,no,no,
/service-areas/st-george-and-bayside/bayside-and-airport/hillsdale,desktop-1440,200,internal,yes,yes,yes,1440,950,yes,1,cover,100% 50%,no,no,
/service-areas/st-george-and-bayside/bayside-and-airport/hillsdale,mobile-390,200,internal,yes,yes,yes,390,1168,yes,1,contain,100% 0%,no,no,
/service-areas/st-george-and-bayside/bayside-and-airport/mascot,desktop-1440,200,internal,yes,yes,yes,1440,1146,yes,1,cover,100% 50%,no,no,
/service-areas/st-george-and-bayside/bayside-and-airport/mascot,mobile-390,200,internal,yes,yes,yes,390,1371,yes,1,contain,100% 0%,no,no,
/service-areas/st-george-and-bayside/bayside-and-airport/pagewood,desktop-1440,200,internal,yes,yes,yes,1440,982,yes,1,cover,100% 50%,no,no,
/service-areas/st-george-and-bayside/bayside-and-airport/pagewood,mobile-390,200,internal,yes,yes,yes,390,1213,yes,1,contain,100% 0%,no,no,
/service-areas/st-george-and-bayside/bayside-and-airport/rosebery,desktop-1440,200,internal,yes,yes,yes,1440,950,yes,1,cover,100% 50%,no,no,
/service-areas/st-george-and-bayside/bayside-and-airport/rosebery,mobile-390,200,internal,yes,yes,yes,390,1168,yes,1,contain,100% 0%,no,no,
/service-areas/st-george-and-bayside/georges-river,desktop-1440,200,internal,yes,yes,yes,1440,922,yes,1,cover,100% 50%,no,no,
/service-areas/st-george-and-bayside/georges-river,mobile-390,200,internal,yes,yes,yes,390,794,yes,1,contain,100% 0%,no,no,
/service-areas/st-george-and-bayside/georges-river/allawah,desktop-1440,200,internal,yes,yes,yes,1440,982,yes,1,cover,100% 50%,no,no,
/service-areas/st-george-and-bayside/georges-river/allawah,mobile-390,200,internal,yes,yes,yes,390,1191,yes,1,contain,100% 0%,no,no,
/service-areas/st-george-and-bayside/georges-river/beverley-park,desktop-1440,200,internal,yes,yes,yes,1440,950,yes,1,cover,100% 50%,no,no,
/service-areas/st-george-and-bayside/georges-river/beverley-park,mobile-390,200,internal,yes,yes,yes,390,1168,yes,1,contain,100% 0%,no,no,
/service-areas/st-george-and-bayside/georges-river/blakehurst,desktop-1440,200,internal,yes,yes,yes,1440,950,yes,1,cover,100% 50%,no,no,
/service-areas/st-george-and-bayside/georges-river/blakehurst,mobile-390,200,internal,yes,yes,yes,390,1191,yes,1,contain,100% 0%,no,no,
/service-areas/st-george-and-bayside/georges-river/carlton,desktop-1440,200,internal,yes,yes,yes,1440,1010,yes,1,cover,100% 50%,no,no,
/service-areas/st-george-and-bayside/georges-river/carlton,mobile-390,200,internal,yes,yes,yes,390,1258,yes,1,contain,100% 0%,no,no,
/service-areas/st-george-and-bayside/georges-river/carss-park,desktop-1440,200,internal,yes,yes,yes,1440,950,yes,1,cover,100% 50%,no,no,
/service-areas/st-george-and-bayside/georges-river/carss-park,mobile-390,200,internal,yes,yes,yes,390,1191,yes,1,contain,100% 0%,no,no,
/service-areas/st-george-and-bayside/georges-river/connells-point,desktop-1440,200,internal,yes,yes,yes,1440,1042,yes,1,cover,100% 50%,no,no,
/service-areas/st-george-and-bayside/georges-river/connells-point,mobile-390,200,internal,yes,yes,yes,390,1317,yes,1,contain,100% 0%,no,no,
/service-areas/st-george-and-bayside/georges-river/hurstville,desktop-1440,200,internal,yes,yes,yes,1440,1146,yes,1,cover,100% 50%,no,no,
/service-areas/st-george-and-bayside/georges-river/hurstville,mobile-390,200,internal,yes,yes,yes,390,1371,yes,1,contain,100% 0%,no,no,
/service-areas/st-george-and-bayside/georges-river/hurstville-grove,desktop-1440,200,internal,yes,yes,yes,1440,1010,yes,1,cover,100% 50%,no,no,
/service-areas/st-george-and-bayside/georges-river/hurstville-grove,mobile-390,200,internal,yes,yes,yes,390,1294,yes,1,contain,100% 0%,no,no,
/service-areas/st-george-and-bayside/georges-river/kogarah,desktop-1440,200,internal,yes,yes,yes,1440,1114,yes,1,cover,100% 50%,no,no,
/service-areas/st-george-and-bayside/georges-river/kogarah,mobile-390,200,internal,yes,yes,yes,390,1348,yes,1,contain,100% 0%,no,no,
/service-areas/st-george-and-bayside/georges-river/kogarah-bay,desktop-1440,200,internal,yes,yes,yes,1440,1010,yes,1,cover,100% 50%,no,no,
/service-areas/st-george-and-bayside/georges-river/kogarah-bay,mobile-390,200,internal,yes,yes,yes,390,1281,yes,1,contain,100% 0%,no,no,
/service-areas/st-george-and-bayside/georges-river/kyle-bay,desktop-1440,200,internal,yes,yes,yes,1440,982,yes,1,cover,100% 50%,no,no,
/service-areas/st-george-and-bayside/georges-river/kyle-bay,mobile-390,200,internal,yes,yes,yes,390,1213,yes,1,contain,100% 0%,no,no,
/service-areas/st-george-and-bayside/georges-river/lugarno,desktop-1440,200,internal,yes,yes,yes,1440,950,yes,1,cover,100% 50%,no,no,
/service-areas/st-george-and-bayside/georges-river/lugarno,mobile-390,200,internal,yes,yes,yes,390,1191,yes,1,contain,100% 0%,no,no,
/service-areas/st-george-and-bayside/georges-river/mortdale,desktop-1440,200,internal,yes,yes,yes,1440,1010,yes,1,cover,100% 50%,no,no,
/service-areas/st-george-and-bayside/georges-river/mortdale,mobile-390,200,internal,yes,yes,yes,390,1258,yes,1,contain,100% 0%,no,no,
/service-areas/st-george-and-bayside/georges-river/oatley,desktop-1440,200,internal,yes,yes,yes,1440,878,yes,1,cover,100% 50%,no,no,
/service-areas/st-george-and-bayside/georges-river/oatley,mobile-390,200,internal,yes,yes,yes,390,1146,yes,1,contain,100% 0%,no,no,
/service-areas/st-george-and-bayside/georges-river/peakhurst,desktop-1440,200,internal,yes,yes,yes,1440,950,yes,1,cover,100% 50%,no,no,
/service-areas/st-george-and-bayside/georges-river/peakhurst,mobile-390,200,internal,yes,yes,yes,390,1168,yes,1,contain,100% 0%,no,no,
/service-areas/st-george-and-bayside/georges-river/peakhurst-heights,desktop-1440,200,internal,yes,yes,yes,1440,950,yes,1,cover,100% 50%,no,no,
/service-areas/st-george-and-bayside/georges-river/peakhurst-heights,mobile-390,200,internal,yes,yes,yes,390,1204,yes,1,contain,100% 0%,no,no,
/service-areas/st-george-and-bayside/georges-river/penshurst,desktop-1440,200,internal,yes,yes,yes,1440,950,yes,1,cover,100% 50%,no,no,
/service-areas/st-george-and-bayside/georges-river/penshurst,mobile-390,200,internal,yes,yes,yes,390,1191,yes,1,contain,100% 0%,no,no,
/service-areas/st-george-and-bayside/georges-river/ramsgate,desktop-1440,200,internal,yes,yes,yes,1440,1010,yes,1,cover,100% 50%,no,no,
/service-areas/st-george-and-bayside/georges-river/ramsgate,mobile-390,200,internal,yes,yes,yes,390,1258,yes,1,contain,100% 0%,no,no,
/service-areas/st-george-and-bayside/georges-river/sans-souci,desktop-1440,200,internal,yes,yes,yes,1440,982,yes,1,cover,100% 50%,no,no,
/service-areas/st-george-and-bayside/georges-river/sans-souci,mobile-390,200,internal,yes,yes,yes,390,1236,yes,1,contain,100% 0%,no,no,
/service-areas/st-george-and-bayside/georges-river/south-hurstville,desktop-1440,200,internal,yes,yes,yes,1440,950,yes,1,cover,100% 50%,no,no,
/service-areas/st-george-and-bayside/georges-river/south-hurstville,mobile-390,200,internal,yes,yes,yes,390,1191,yes,1,contain,100% 0%,no,no,
/service-areas/st-george-and-bayside/rockdale-and-bexley,desktop-1440,200,internal,yes,yes,yes,1440,922,yes,1,cover,100% 50%,no,no,
/service-areas/st-george-and-bayside/rockdale-and-bexley,mobile-390,200,internal,yes,yes,yes,390,794,yes,1,contain,100% 0%,no,no,
/service-areas/st-george-and-bayside/rockdale-and-bexley/arncliffe,desktop-1440,200,internal,yes,yes,yes,1440,1038,yes,1,cover,100% 50%,no,no,
/service-areas/st-george-and-bayside/rockdale-and-bexley/arncliffe,mobile-390,200,internal,yes,yes,yes,390,1303,yes,1,contain,100% 0%,no,no,
/service-areas/st-george-and-bayside/rockdale-and-bexley/banksia,desktop-1440,200,internal,yes,yes,yes,1440,1010,yes,1,cover,100% 50%,no,no,
/service-areas/st-george-and-bayside/rockdale-and-bexley/banksia,mobile-390,200,internal,yes,yes,yes,390,1258,yes,1,contain,100% 0%,no,no,
/service-areas/st-george-and-bayside/rockdale-and-bexley/bardwell-park,desktop-1440,200,internal,yes,yes,yes,1440,1010,yes,1,cover,100% 50%,no,no,
/service-areas/st-george-and-bayside/rockdale-and-bexley/bardwell-park,mobile-390,200,internal,yes,yes,yes,390,1272,yes,1,contain,100% 0%,no,no,
/service-areas/st-george-and-bayside/rockdale-and-bexley/bardwell-valley,desktop-1440,200,internal,yes,yes,yes,1440,982,yes,1,cover,100% 50%,no,no,
/service-areas/st-george-and-bayside/rockdale-and-bexley/bardwell-valley,mobile-390,200,internal,yes,yes,yes,390,1249,yes,1,contain,100% 0%,no,no,
/service-areas/st-george-and-bayside/rockdale-and-bexley/bexley,desktop-1440,200,internal,yes,yes,yes,1440,878,yes,1,cover,100% 50%,no,no,
/service-areas/st-george-and-bayside/rockdale-and-bexley/bexley,mobile-390,200,internal,yes,yes,yes,390,1191,yes,1,contain,100% 0%,no,no,
/service-areas/st-george-and-bayside/rockdale-and-bexley/bexley-north,desktop-1440,200,internal,yes,yes,yes,1440,982,yes,1,cover,100% 50%,no,no,
/service-areas/st-george-and-bayside/rockdale-and-bexley/bexley-north,mobile-390,200,internal,yes,yes,yes,390,1236,yes,1,contain,100% 0%,no,no,
/service-areas/st-george-and-bayside/rockdale-and-bexley/brighton-le-sands,desktop-1440,200,internal,yes,yes,yes,1440,978,yes,1,cover,100% 50%,no,no,
/service-areas/st-george-and-bayside/rockdale-and-bexley/brighton-le-sands,mobile-390,200,internal,yes,yes,yes,390,1249,yes,1,contain,100% 0%,no,no,
/service-areas/st-george-and-bayside/rockdale-and-bexley/dolls-point,desktop-1440,200,internal,yes,yes,yes,1440,950,yes,1,cover,100% 50%,no,no,
/service-areas/st-george-and-bayside/rockdale-and-bexley/dolls-point,mobile-390,200,internal,yes,yes,yes,390,1168,yes,1,contain,100% 0%,no,no,
/service-areas/st-george-and-bayside/rockdale-and-bexley/kyeemagh,desktop-1440,200,internal,yes,yes,yes,1440,950,yes,1,cover,100% 50%,no,no,
/service-areas/st-george-and-bayside/rockdale-and-bexley/kyeemagh,mobile-390,200,internal,yes,yes,yes,390,1168,yes,1,contain,100% 0%,no,no,
/service-areas/st-george-and-bayside/rockdale-and-bexley/monterey,desktop-1440,200,internal,yes,yes,yes,1440,950,yes,1,cover,100% 50%,no,no,
/service-areas/st-george-and-bayside/rockdale-and-bexley/monterey,mobile-390,200,internal,yes,yes,yes,390,1191,yes,1,contain,100% 0%,no,no,
/service-areas/st-george-and-bayside/rockdale-and-bexley/ramsgate-beach,desktop-1440,200,internal,yes,yes,yes,1440,950,yes,1,cover,100% 50%,no,no,
/service-areas/st-george-and-bayside/rockdale-and-bexley/ramsgate-beach,mobile-390,200,internal,yes,yes,yes,390,1204,yes,1,contain,100% 0%,no,no,
/service-areas/st-george-and-bayside/rockdale-and-bexley/rockdale,desktop-1440,200,internal,yes,yes,yes,1440,982,yes,1,cover,100% 50%,no,no,
/service-areas/st-george-and-bayside/rockdale-and-bexley/rockdale,mobile-390,200,internal,yes,yes,yes,390,1213,yes,1,contain,100% 0%,no,no,
/service-areas/st-george-and-bayside/rockdale-and-bexley/sandringham,desktop-1440,200,internal,yes,yes,yes,1440,978,yes,1,cover,100% 50%,no,no,
/service-areas/st-george-and-bayside/rockdale-and-bexley/sandringham,mobile-390,200,internal,yes,yes,yes,390,1191,yes,1,contain,100% 0%,no,no,
/service-areas/st-george-and-bayside/rockdale-and-bexley/turrella,desktop-1440,200,internal,yes,yes,yes,1440,1042,yes,1,cover,100% 50%,no,no,
/service-areas/st-george-and-bayside/rockdale-and-bexley/turrella,mobile-390,200,internal,yes,yes,yes,390,1236,yes,1,contain,100% 0%,no,no,
/service-areas/st-george-and-bayside/rockdale-and-bexley/wolli-creek,desktop-1440,200,internal,yes,yes,yes,1440,1070,yes,1,cover,100% 50%,no,no,
/service-areas/st-george-and-bayside/rockdale-and-bexley/wolli-creek,mobile-390,200,internal,yes,yes,yes,390,1303,yes,1,contain,100% 0%,no,no,
/service-areas/sutherland-shire,desktop-1440,200,internal,yes,yes,yes,1440,1100,yes,1,cover,100% 50%,no,no,
/service-areas/sutherland-shire,mobile-390,200,internal,yes,yes,yes,390,1094,yes,1,contain,100% 0%,no,no,
/service-areas/sutherland-shire/sutherland-shire,desktop-1440,200,internal,yes,yes,yes,1440,922,yes,1,cover,100% 50%,no,no,
/service-areas/sutherland-shire/sutherland-shire,mobile-390,200,internal,yes,yes,yes,390,794,yes,1,contain,100% 0%,no,no,
/service-areas/sutherland-shire/sutherland-shire/alfords-point,desktop-1440,200,internal,yes,yes,yes,1440,1010,yes,1,cover,100% 50%,no,no,
/service-areas/sutherland-shire/sutherland-shire/alfords-point,mobile-390,200,internal,yes,yes,yes,390,1236,yes,1,contain,100% 0%,no,no,
/service-areas/sutherland-shire/sutherland-shire/bangor,desktop-1440,200,internal,yes,yes,yes,1440,1010,yes,1,cover,100% 50%,no,no,
/service-areas/sutherland-shire/sutherland-shire/bangor,mobile-390,200,internal,yes,yes,yes,390,1258,yes,1,contain,100% 0%,no,no,
/service-areas/sutherland-shire/sutherland-shire/barden-ridge,desktop-1440,200,internal,yes,yes,yes,1440,1010,yes,1,cover,100% 50%,no,no,
/service-areas/sutherland-shire/sutherland-shire/barden-ridge,mobile-390,200,internal,yes,yes,yes,390,1281,yes,1,contain,100% 0%,no,no,
/service-areas/sutherland-shire/sutherland-shire/bonnet-bay,desktop-1440,200,internal,yes,yes,yes,1440,950,yes,1,cover,100% 50%,no,no,
/service-areas/sutherland-shire/sutherland-shire/bonnet-bay,mobile-390,200,internal,yes,yes,yes,390,1191,yes,1,contain,100% 0%,no,no,
/service-areas/sutherland-shire/sutherland-shire/bundeena,desktop-1440,200,internal,yes,yes,yes,1440,982,yes,1,cover,100% 50%,no,no,
/service-areas/sutherland-shire/sutherland-shire/bundeena,mobile-390,200,internal,yes,yes,yes,390,1236,yes,1,contain,100% 0%,no,no,
/service-areas/sutherland-shire/sutherland-shire/burraneer,desktop-1440,200,internal,yes,yes,yes,1440,950,yes,1,cover,100% 50%,no,no,
/service-areas/sutherland-shire/sutherland-shire/burraneer,mobile-390,200,internal,yes,yes,yes,390,1146,yes,1,contain,100% 0%,no,no,
/service-areas/sutherland-shire/sutherland-shire/caringbah,desktop-1440,200,internal,yes,yes,yes,1440,950,yes,1,cover,100% 50%,no,no,
/service-areas/sutherland-shire/sutherland-shire/caringbah,mobile-390,200,internal,yes,yes,yes,390,1146,yes,1,contain,100% 0%,no,no,
/service-areas/sutherland-shire/sutherland-shire/caringbah-south,desktop-1440,200,internal,yes,yes,yes,1440,1010,yes,1,cover,100% 50%,no,no,
/service-areas/sutherland-shire/sutherland-shire/caringbah-south,mobile-390,200,internal,yes,yes,yes,390,1317,yes,1,contain,100% 0%,no,no,
/service-areas/sutherland-shire/sutherland-shire/como,desktop-1440,200,internal,yes,yes,yes,1440,878,yes,1,cover,100% 50%,no,no,
/service-areas/sutherland-shire/sutherland-shire/como,mobile-390,200,internal,yes,yes,yes,390,1146,yes,1,contain,100% 0%,no,no,
/service-areas/sutherland-shire/sutherland-shire/cronulla,desktop-1440,200,internal,yes,yes,yes,1440,922,yes,1,cover,100% 50%,no,no,
/service-areas/sutherland-shire/sutherland-shire/cronulla,mobile-390,200,internal,yes,yes,yes,390,1101,yes,1,contain,100% 0%,no,no,
/service-areas/sutherland-shire/sutherland-shire/dolans-bay,desktop-1440,200,internal,yes,yes,yes,1440,1010,yes,1,cover,100% 50%,no,no,
/service-areas/sutherland-shire/sutherland-shire/dolans-bay,mobile-390,200,internal,yes,yes,yes,390,1281,yes,1,contain,100% 0%,no,no,
/service-areas/sutherland-shire/sutherland-shire/engadine,desktop-1440,200,internal,yes,yes,yes,1440,950,yes,1,cover,100% 50%,no,no,
/service-areas/sutherland-shire/sutherland-shire/engadine,mobile-390,200,internal,yes,yes,yes,390,1146,yes,1,contain,100% 0%,no,no,
/service-areas/sutherland-shire/sutherland-shire/grays-point,desktop-1440,200,internal,yes,yes,yes,1440,950,yes,1,cover,100% 50%,no,no,
/service-areas/sutherland-shire/sutherland-shire/grays-point,mobile-390,200,internal,yes,yes,yes,390,1191,yes,1,contain,100% 0%,no,no,
/service-areas/sutherland-shire/sutherland-shire/greenhills-beach,desktop-1440,200,internal,yes,yes,yes,1440,982,yes,1,cover,100% 50%,no,no,
/service-areas/sutherland-shire/sutherland-shire/greenhills-beach,mobile-390,200,internal,yes,yes,yes,390,1272,yes,1,contain,100% 0%,no,no,
/service-areas/sutherland-shire/sutherland-shire/gymea,desktop-1440,200,internal,yes,yes,yes,1440,950,yes,1,cover,100% 50%,no,no,
/service-areas/sutherland-shire/sutherland-shire/gymea,mobile-390,200,internal,yes,yes,yes,390,1191,yes,1,contain,100% 0%,no,no,
/service-areas/sutherland-shire/sutherland-shire/gymea-bay,desktop-1440,200,internal,yes,yes,yes,1440,950,yes,1,cover,100% 50%,no,no,
/service-areas/sutherland-shire/sutherland-shire/gymea-bay,mobile-390,200,internal,yes,yes,yes,390,1146,yes,1,contain,100% 0%,no,no,
/service-areas/sutherland-shire/sutherland-shire/heathcote,desktop-1440,200,internal,yes,yes,yes,1440,1010,yes,1,cover,100% 50%,no,no,
/service-areas/sutherland-shire/sutherland-shire/heathcote,mobile-390,200,internal,yes,yes,yes,390,1281,yes,1,contain,100% 0%,no,no,
/service-areas/sutherland-shire/sutherland-shire/illawong,desktop-1440,200,internal,yes,yes,yes,1440,982,yes,1,cover,100% 50%,no,no,
/service-areas/sutherland-shire/sutherland-shire/illawong,mobile-390,200,internal,yes,yes,yes,390,1191,yes,1,contain,100% 0%,no,no,
/service-areas/sutherland-shire/sutherland-shire/jannali,desktop-1440,200,internal,yes,yes,yes,1440,1010,yes,1,cover,100% 50%,no,no,
/service-areas/sutherland-shire/sutherland-shire/jannali,mobile-390,200,internal,yes,yes,yes,390,1258,yes,1,contain,100% 0%,no,no,
/service-areas/sutherland-shire/sutherland-shire/kangaroo-point,desktop-1440,200,internal,yes,yes,yes,1440,950,yes,1,cover,100% 50%,no,no,
/service-areas/sutherland-shire/sutherland-shire/kangaroo-point,mobile-390,200,internal,yes,yes,yes,390,1227,yes,1,contain,100% 0%,no,no,
/service-areas/sutherland-shire/sutherland-shire/kareela,desktop-1440,200,internal,yes,yes,yes,1440,950,yes,1,cover,100% 50%,no,no,
/service-areas/sutherland-shire/sutherland-shire/kareela,mobile-390,200,internal,yes,yes,yes,390,1146,yes,1,contain,100% 0%,no,no,
/service-areas/sutherland-shire/sutherland-shire/kirrawee,desktop-1440,200,internal,yes,yes,yes,1440,950,yes,1,cover,100% 50%,no,no,
/service-areas/sutherland-shire/sutherland-shire/kirrawee,mobile-390,200,internal,yes,yes,yes,390,1146,yes,1,contain,100% 0%,no,no,
/service-areas/sutherland-shire/sutherland-shire/kurnell,desktop-1440,200,internal,yes,yes,yes,1440,982,yes,1,cover,100% 50%,no,no,
/service-areas/sutherland-shire/sutherland-shire/kurnell,mobile-390,200,internal,yes,yes,yes,390,1236,yes,1,contain,100% 0%,no,no,
/service-areas/sutherland-shire/sutherland-shire/lilli-pilli,desktop-1440,200,internal,yes,yes,yes,1440,1010,yes,1,cover,100% 50%,no,no,
/service-areas/sutherland-shire/sutherland-shire/lilli-pilli,mobile-390,200,internal,yes,yes,yes,390,1281,yes,1,contain,100% 0%,no,no,
/service-areas/sutherland-shire/sutherland-shire/loftus,desktop-1440,200,internal,yes,yes,yes,1440,878,yes,1,cover,100% 50%,no,no,
/service-areas/sutherland-shire/sutherland-shire/loftus,mobile-390,200,internal,yes,yes,yes,390,1191,yes,1,contain,100% 0%,no,no,
/service-areas/sutherland-shire/sutherland-shire/maianbar,desktop-1440,200,internal,yes,yes,yes,1440,982,yes,1,cover,100% 50%,no,no,
/service-areas/sutherland-shire/sutherland-shire/maianbar,mobile-390,200,internal,yes,yes,yes,390,1213,yes,1,contain,100% 0%,no,no,
/service-areas/sutherland-shire/sutherland-shire/menai,desktop-1440,200,internal,yes,yes,yes,1440,910,yes,1,cover,100% 50%,no,no,
/service-areas/sutherland-shire/sutherland-shire/menai,mobile-390,200,internal,yes,yes,yes,390,1213,yes,1,contain,100% 0%,no,no,
/service-areas/sutherland-shire/sutherland-shire/miranda,desktop-1440,200,internal,yes,yes,yes,1440,922,yes,1,cover,100% 50%,no,no,
/service-areas/sutherland-shire/sutherland-shire/miranda,mobile-390,200,internal,yes,yes,yes,390,1101,yes,1,contain,100% 0%,no,no,
/service-areas/sutherland-shire/sutherland-shire/oyster-bay,desktop-1440,200,internal,yes,yes,yes,1440,950,yes,1,cover,100% 50%,no,no,
/service-areas/sutherland-shire/sutherland-shire/oyster-bay,mobile-390,200,internal,yes,yes,yes,390,1146,yes,1,contain,100% 0%,no,no,
/service-areas/sutherland-shire/sutherland-shire/port-hacking,desktop-1440,200,internal,yes,yes,yes,1440,1010,yes,1,cover,100% 50%,no,no,
/service-areas/sutherland-shire/sutherland-shire/port-hacking,mobile-390,200,internal,yes,yes,yes,390,1258,yes,1,contain,100% 0%,no,no,
/service-areas/sutherland-shire/sutherland-shire/royal-national-park,desktop-1440,200,internal,yes,yes,yes,1440,1042,yes,1,cover,100% 50%,no,no,
/service-areas/sutherland-shire/sutherland-shire/royal-national-park,mobile-390,200,internal,yes,yes,yes,390,1281,yes,1,contain,100% 0%,no,no,
/service-areas/sutherland-shire/sutherland-shire/sandy-point,desktop-1440,200,internal,yes,yes,yes,1440,982,yes,1,cover,100% 50%,no,no,
/service-areas/sutherland-shire/sutherland-shire/sandy-point,mobile-390,200,internal,yes,yes,yes,390,1213,yes,1,contain,100% 0%,no,no,
/service-areas/sutherland-shire/sutherland-shire/sutherland,desktop-1440,200,internal,yes,yes,yes,1440,1114,yes,1,cover,100% 50%,no,no,
/service-areas/sutherland-shire/sutherland-shire/sutherland,mobile-390,200,internal,yes,yes,yes,390,1348,yes,1,contain,100% 0%,no,no,
/service-areas/sutherland-shire/sutherland-shire/sylvania,desktop-1440,200,internal,yes,yes,yes,1440,978,yes,1,cover,100% 50%,no,no,
/service-areas/sutherland-shire/sutherland-shire/sylvania,mobile-390,200,internal,yes,yes,yes,390,1191,yes,1,contain,100% 0%,no,no,
/service-areas/sutherland-shire/sutherland-shire/sylvania-waters,desktop-1440,200,internal,yes,yes,yes,1440,950,yes,1,cover,100% 50%,no,no,
/service-areas/sutherland-shire/sutherland-shire/sylvania-waters,mobile-390,200,internal,yes,yes,yes,390,1227,yes,1,contain,100% 0%,no,no,
/service-areas/sutherland-shire/sutherland-shire/taren-point,desktop-1440,200,internal,yes,yes,yes,1440,1010,yes,1,cover,100% 50%,no,no,
/service-areas/sutherland-shire/sutherland-shire/taren-point,mobile-390,200,internal,yes,yes,yes,390,1213,yes,1,contain,100% 0%,no,no,
/service-areas/sutherland-shire/sutherland-shire/waterfall,desktop-1440,200,internal,yes,yes,yes,1440,950,yes,1,cover,100% 50%,no,no,
/service-areas/sutherland-shire/sutherland-shire/waterfall,mobile-390,200,internal,yes,yes,yes,390,1146,yes,1,contain,100% 0%,no,no,
/service-areas/sutherland-shire/sutherland-shire/woolooware,desktop-1440,200,internal,yes,yes,yes,1440,950,yes,1,cover,100% 50%,no,no,
/service-areas/sutherland-shire/sutherland-shire/woolooware,mobile-390,200,internal,yes,yes,yes,390,1146,yes,1,contain,100% 0%,no,no,
/service-areas/sutherland-shire/sutherland-shire/woronora,desktop-1440,200,internal,yes,yes,yes,1440,950,yes,1,cover,100% 50%,no,no,
/service-areas/sutherland-shire/sutherland-shire/woronora,mobile-390,200,internal,yes,yes,yes,390,1191,yes,1,contain,100% 0%,no,no,
/service-areas/sutherland-shire/sutherland-shire/woronora-heights,desktop-1440,200,internal,yes,yes,yes,1440,1042,yes,1,cover,100% 50%,no,no,
/service-areas/sutherland-shire/sutherland-shire/woronora-heights,mobile-390,200,internal,yes,yes,yes,390,1317,yes,1,contain,100% 0%,no,no,
/service-areas/sutherland-shire/sutherland-shire/yarrawarrah,desktop-1440,200,internal,yes,yes,yes,1440,950,yes,1,cover,100% 50%,no,no,
/service-areas/sutherland-shire/sutherland-shire/yarrawarrah,mobile-390,200,internal,yes,yes,yes,390,1146,yes,1,contain,100% 0%,no,no,
/service-areas/sutherland-shire/sutherland-shire/yowie-bay,desktop-1440,200,internal,yes,yes,yes,1440,982,yes,1,cover,100% 50%,no,no,
/service-areas/sutherland-shire/sutherland-shire/yowie-bay,mobile-390,200,internal,yes,yes,yes,390,1213,yes,1,contain,100% 0%,no,no,
/service-areas/sydney-city-and-eastern-suburbs,desktop-1440,200,internal,yes,yes,yes,1440,1156,yes,1,cover,100% 50%,no,no,
/service-areas/sydney-city-and-eastern-suburbs,mobile-390,200,internal,yes,yes,yes,390,1197,yes,1,contain,100% 0%,no,no,
/service-areas/sydney-city-and-eastern-suburbs/randwick,desktop-1440,200,internal,yes,yes,yes,1440,878,yes,1,cover,100% 50%,no,no,
/service-areas/sydney-city-and-eastern-suburbs/randwick,mobile-390,200,internal,yes,yes,yes,390,861,yes,1,contain,100% 0%,no,no,
/service-areas/sydney-city-and-eastern-suburbs/randwick/centennial-park,desktop-1440,200,internal,yes,yes,yes,1440,978,yes,1,cover,100% 50%,no,no,
/service-areas/sydney-city-and-eastern-suburbs/randwick/centennial-park,mobile-390,200,internal,yes,yes,yes,390,1227,yes,1,contain,100% 0%,no,no,
/service-areas/sydney-city-and-eastern-suburbs/randwick/chifley,desktop-1440,200,internal,yes,yes,yes,1440,1038,yes,1,cover,100% 50%,no,no,
/service-areas/sydney-city-and-eastern-suburbs/randwick/chifley,mobile-390,200,internal,yes,yes,yes,390,1303,yes,1,contain,100% 0%,no,no,
/service-areas/sydney-city-and-eastern-suburbs/randwick/clovelly,desktop-1440,200,internal,yes,yes,yes,1440,1038,yes,1,cover,100% 50%,no,no,
/service-areas/sydney-city-and-eastern-suburbs/randwick/clovelly,mobile-390,200,internal,yes,yes,yes,390,1303,yes,1,contain,100% 0%,no,no,
/service-areas/sydney-city-and-eastern-suburbs/randwick/coogee,desktop-1440,200,internal,yes,yes,yes,1440,922,yes,1,cover,100% 50%,no,no,
/service-areas/sydney-city-and-eastern-suburbs/randwick/coogee,mobile-390,200,internal,yes,yes,yes,390,1123,yes,1,contain,100% 0%,no,no,
/service-areas/sydney-city-and-eastern-suburbs/randwick/kensington,desktop-1440,200,internal,yes,yes,yes,1440,1070,yes,1,cover,100% 50%,no,no,
/service-areas/sydney-city-and-eastern-suburbs/randwick/kensington,mobile-390,200,internal,yes,yes,yes,390,1326,yes,1,contain,100% 0%,no,no,
/service-areas/sydney-city-and-eastern-suburbs/randwick/kingsford,desktop-1440,200,internal,yes,yes,yes,1440,978,yes,1,cover,100% 50%,no,no,
/service-areas/sydney-city-and-eastern-suburbs/randwick/kingsford,mobile-390,200,internal,yes,yes,yes,390,1191,yes,1,contain,100% 0%,no,no,
/service-areas/sydney-city-and-eastern-suburbs/randwick/la-perouse,desktop-1440,200,internal,yes,yes,yes,1440,1070,yes,1,cover,100% 50%,no,no,
/service-areas/sydney-city-and-eastern-suburbs/randwick/la-perouse,mobile-390,200,internal,yes,yes,yes,390,1303,yes,1,contain,100% 0%,no,no,
/service-areas/sydney-city-and-eastern-suburbs/randwick/little-bay,desktop-1440,200,internal,yes,yes,yes,1440,950,yes,1,cover,100% 50%,no,no,
/service-areas/sydney-city-and-eastern-suburbs/randwick/little-bay,mobile-390,200,internal,yes,yes,yes,390,1191,yes,1,contain,100% 0%,no,no,
/service-areas/sydney-city-and-eastern-suburbs/randwick/malabar,desktop-1440,200,internal,yes,yes,yes,1440,978,yes,1,cover,100% 50%,no,no,
/service-areas/sydney-city-and-eastern-suburbs/randwick/malabar,mobile-390,200,internal,yes,yes,yes,390,1191,yes,1,contain,100% 0%,no,no,
/service-areas/sydney-city-and-eastern-suburbs/randwick/maroubra,desktop-1440,200,internal,yes,yes,yes,1440,890,yes,1,cover,100% 50%,no,no,
/service-areas/sydney-city-and-eastern-suburbs/randwick/maroubra,mobile-390,200,internal,yes,yes,yes,390,1101,yes,1,contain,100% 0%,no,no,
/service-areas/sydney-city-and-eastern-suburbs/randwick/matraville,desktop-1440,200,internal,yes,yes,yes,1440,1070,yes,1,cover,100% 50%,no,no,
/service-areas/sydney-city-and-eastern-suburbs/randwick/matraville,mobile-390,200,internal,yes,yes,yes,390,1303,yes,1,contain,100% 0%,no,no,
/service-areas/sydney-city-and-eastern-suburbs/randwick/phillip-bay,desktop-1440,200,internal,yes,yes,yes,1440,978,yes,1,cover,100% 50%,no,no,
/service-areas/sydney-city-and-eastern-suburbs/randwick/phillip-bay,mobile-390,200,internal,yes,yes,yes,390,1213,yes,1,contain,100% 0%,no,no,
/service-areas/sydney-city-and-eastern-suburbs/randwick/randwick,desktop-1440,200,internal,yes,yes,yes,1440,1210,yes,1,cover,100% 50%,no,no,
/service-areas/sydney-city-and-eastern-suburbs/randwick/randwick,mobile-390,200,internal,yes,yes,yes,390,1483,yes,1,contain,100% 0%,no,no,
/service-areas/sydney-city-and-eastern-suburbs/randwick/south-coogee,desktop-1440,200,internal,yes,yes,yes,1440,1070,yes,1,cover,100% 50%,no,no,
/service-areas/sydney-city-and-eastern-suburbs/randwick/south-coogee,mobile-390,200,internal,yes,yes,yes,390,1303,yes,1,contain,100% 0%,no,no,
/service-areas/sydney-city-and-eastern-suburbs/sydney,desktop-1440,200,internal,yes,yes,yes,1440,878,yes,1,cover,100% 50%,no,no,
/service-areas/sydney-city-and-eastern-suburbs/sydney,mobile-390,200,internal,yes,yes,yes,390,848,yes,1,contain,100% 0%,no,no,
/service-areas/sydney-city-and-eastern-suburbs/sydney/alexandria,desktop-1440,200,internal,yes,yes,yes,1440,1178,yes,1,cover,100% 50%,no,no,
/service-areas/sydney-city-and-eastern-suburbs/sydney/alexandria,mobile-390,200,internal,yes,yes,yes,390,1393,yes,1,contain,100% 0%,no,no,
/service-areas/sydney-city-and-eastern-suburbs/sydney/barangaroo,desktop-1440,200,internal,yes,yes,yes,1440,1070,yes,1,cover,100% 50%,no,no,
/service-areas/sydney-city-and-eastern-suburbs/sydney/barangaroo,mobile-390,200,internal,yes,yes,yes,390,1303,yes,1,contain,100% 0%,no,no,
/service-areas/sydney-city-and-eastern-suburbs/sydney/beaconsfield,desktop-1440,200,internal,yes,yes,yes,1440,1038,yes,1,cover,100% 50%,no,no,
/service-areas/sydney-city-and-eastern-suburbs/sydney/beaconsfield,mobile-390,200,internal,yes,yes,yes,390,1303,yes,1,contain,100% 0%,no,no,
/service-areas/sydney-city-and-eastern-suburbs/sydney/chippendale,desktop-1440,200,internal,yes,yes,yes,1440,978,yes,1,cover,100% 50%,no,no,
/service-areas/sydney-city-and-eastern-suburbs/sydney/chippendale,mobile-390,200,internal,yes,yes,yes,390,1191,yes,1,contain,100% 0%,no,no,
/service-areas/sydney-city-and-eastern-suburbs/sydney/darlinghurst,desktop-1440,200,internal,yes,yes,yes,1440,978,yes,1,cover,100% 50%,no,no,
/service-areas/sydney-city-and-eastern-suburbs/sydney/darlinghurst,mobile-390,200,internal,yes,yes,yes,390,1213,yes,1,contain,100% 0%,no,no,
/service-areas/sydney-city-and-eastern-suburbs/sydney/darlington,desktop-1440,200,internal,yes,yes,yes,1440,1010,yes,1,cover,100% 50%,no,no,
/service-areas/sydney-city-and-eastern-suburbs/sydney/darlington,mobile-390,200,internal,yes,yes,yes,390,1258,yes,1,contain,100% 0%,no,no,
/service-areas/sydney-city-and-eastern-suburbs/sydney/dawes-point,desktop-1440,200,internal,yes,yes,yes,1440,1070,yes,1,cover,100% 50%,no,no,
/service-areas/sydney-city-and-eastern-suburbs/sydney/dawes-point,mobile-390,200,internal,yes,yes,yes,390,1326,yes,1,contain,100% 0%,no,no,
/service-areas/sydney-city-and-eastern-suburbs/sydney/elizabeth-bay,desktop-1440,200,internal,yes,yes,yes,1440,978,yes,1,cover,100% 50%,no,no,
/service-areas/sydney-city-and-eastern-suburbs/sydney/elizabeth-bay,mobile-390,200,internal,yes,yes,yes,390,1213,yes,1,contain,100% 0%,no,no,
/service-areas/sydney-city-and-eastern-suburbs/sydney/erskineville,desktop-1440,200,internal,yes,yes,yes,1440,978,yes,1,cover,100% 50%,no,no,
/service-areas/sydney-city-and-eastern-suburbs/sydney/erskineville,mobile-390,200,internal,yes,yes,yes,390,1213,yes,1,contain,100% 0%,no,no,
/service-areas/sydney-city-and-eastern-suburbs/sydney/eveleigh,desktop-1440,200,internal,yes,yes,yes,1440,978,yes,1,cover,100% 50%,no,no,
/service-areas/sydney-city-and-eastern-suburbs/sydney/eveleigh,mobile-390,200,internal,yes,yes,yes,390,1191,yes,1,contain,100% 0%,no,no,
/service-areas/sydney-city-and-eastern-suburbs/sydney/forest-lodge,desktop-1440,200,internal,yes,yes,yes,1440,1070,yes,1,cover,100% 50%,no,no,
/service-areas/sydney-city-and-eastern-suburbs/sydney/forest-lodge,mobile-390,200,internal,yes,yes,yes,390,1303,yes,1,contain,100% 0%,no,no,
/service-areas/sydney-city-and-eastern-suburbs/sydney/glebe,desktop-1440,200,internal,yes,yes,yes,1440,906,yes,1,cover,100% 50%,no,no,
/service-areas/sydney-city-and-eastern-suburbs/sydney/glebe,mobile-390,200,internal,yes,yes,yes,390,1191,yes,1,contain,100% 0%,no,no,
/service-areas/sydney-city-and-eastern-suburbs/sydney/haymarket,desktop-1440,200,internal,yes,yes,yes,1440,978,yes,1,cover,100% 50%,no,no,
/service-areas/sydney-city-and-eastern-suburbs/sydney/haymarket,mobile-390,200,internal,yes,yes,yes,390,1213,yes,1,contain,100% 0%,no,no,
/service-areas/sydney-city-and-eastern-suburbs/sydney/millers-point,desktop-1440,200,internal,yes,yes,yes,1440,978,yes,1,cover,100% 50%,no,no,
/service-areas/sydney-city-and-eastern-suburbs/sydney/millers-point,mobile-390,200,internal,yes,yes,yes,390,1191,yes,1,contain,100% 0%,no,no,
/service-areas/sydney-city-and-eastern-suburbs/sydney/moore-park,desktop-1440,200,internal,yes,yes,yes,1440,978,yes,1,cover,100% 50%,no,no,
/service-areas/sydney-city-and-eastern-suburbs/sydney/moore-park,mobile-390,200,internal,yes,yes,yes,390,1191,yes,1,contain,100% 0%,no,no,
/service-areas/sydney-city-and-eastern-suburbs/sydney/paddington,desktop-1440,200,internal,yes,yes,yes,1440,978,yes,1,cover,100% 50%,no,no,
/service-areas/sydney-city-and-eastern-suburbs/sydney/paddington,mobile-390,200,internal,yes,yes,yes,390,1191,yes,1,contain,100% 0%,no,no,
/service-areas/sydney-city-and-eastern-suburbs/sydney/potts-point,desktop-1440,200,internal,yes,yes,yes,1440,1070,yes,1,cover,100% 50%,no,no,
/service-areas/sydney-city-and-eastern-suburbs/sydney/potts-point,mobile-390,200,internal,yes,yes,yes,390,1303,yes,1,contain,100% 0%,no,no,
/service-areas/sydney-city-and-eastern-suburbs/sydney/pyrmont,desktop-1440,200,internal,yes,yes,yes,1440,1070,yes,1,cover,100% 50%,no,no,
/service-areas/sydney-city-and-eastern-suburbs/sydney/pyrmont,mobile-390,200,internal,yes,yes,yes,390,1303,yes,1,contain,100% 0%,no,no,
/service-areas/sydney-city-and-eastern-suburbs/sydney/redfern,desktop-1440,200,internal,yes,yes,yes,1440,1070,yes,1,cover,100% 50%,no,no,
/service-areas/sydney-city-and-eastern-suburbs/sydney/redfern,mobile-390,200,internal,yes,yes,yes,390,1303,yes,1,contain,100% 0%,no,no,
/service-areas/sydney-city-and-eastern-suburbs/sydney/rushcutters-bay,desktop-1440,200,internal,yes,yes,yes,1440,978,yes,1,cover,100% 50%,no,no,
/service-areas/sydney-city-and-eastern-suburbs/sydney/rushcutters-bay,mobile-390,200,internal,yes,yes,yes,390,1249,yes,1,contain,100% 0%,no,no,
/service-areas/sydney-city-and-eastern-suburbs/sydney/surry-hills,desktop-1440,200,internal,yes,yes,yes,1440,1146,yes,1,cover,100% 50%,no,no,
/service-areas/sydney-city-and-eastern-suburbs/sydney/surry-hills,mobile-390,200,internal,yes,yes,yes,390,1393,yes,1,contain,100% 0%,no,no,
/service-areas/sydney-city-and-eastern-suburbs/sydney/sydney,desktop-1440,200,internal,yes,yes,yes,1440,1070,yes,1,cover,100% 50%,no,no,
/service-areas/sydney-city-and-eastern-suburbs/sydney/sydney,mobile-390,200,internal,yes,yes,yes,390,1303,yes,1,contain,100% 0%,no,no,
/service-areas/sydney-city-and-eastern-suburbs/sydney/the-rocks,desktop-1440,200,internal,yes,yes,yes,1440,978,yes,1,cover,100% 50%,no,no,
/service-areas/sydney-city-and-eastern-suburbs/sydney/the-rocks,mobile-390,200,internal,yes,yes,yes,390,1191,yes,1,contain,100% 0%,no,no,
/service-areas/sydney-city-and-eastern-suburbs/sydney/ultimo,desktop-1440,200,internal,yes,yes,yes,1440,906,yes,1,cover,100% 50%,no,no,
/service-areas/sydney-city-and-eastern-suburbs/sydney/ultimo,mobile-390,200,internal,yes,yes,yes,390,1191,yes,1,contain,100% 0%,no,no,
/service-areas/sydney-city-and-eastern-suburbs/sydney/waterloo,desktop-1440,200,internal,yes,yes,yes,1440,1070,yes,1,cover,100% 50%,no,no,
/service-areas/sydney-city-and-eastern-suburbs/sydney/waterloo,mobile-390,200,internal,yes,yes,yes,390,1303,yes,1,contain,100% 0%,no,no,
/service-areas/sydney-city-and-eastern-suburbs/sydney/woolloomooloo,desktop-1440,200,internal,yes,yes,yes,1440,1070,yes,1,cover,100% 50%,no,no,
/service-areas/sydney-city-and-eastern-suburbs/sydney/woolloomooloo,mobile-390,200,internal,yes,yes,yes,390,1384,yes,1,contain,100% 0%,no,no,
/service-areas/sydney-city-and-eastern-suburbs/sydney/zetland,desktop-1440,200,internal,yes,yes,yes,1440,1178,yes,1,cover,100% 50%,no,no,
/service-areas/sydney-city-and-eastern-suburbs/sydney/zetland,mobile-390,200,internal,yes,yes,yes,390,1438,yes,1,contain,100% 0%,no,no,
/service-areas/sydney-city-and-eastern-suburbs/waverley,desktop-1440,200,internal,yes,yes,yes,1440,906,yes,1,cover,100% 50%,no,no,
/service-areas/sydney-city-and-eastern-suburbs/waverley,mobile-390,200,internal,yes,yes,yes,390,884,yes,1,contain,100% 0%,no,no,
/service-areas/sydney-city-and-eastern-suburbs/waverley/bondi,desktop-1440,200,internal,yes,yes,yes,1440,1106,yes,1,cover,100% 50%,no,no,
/service-areas/sydney-city-and-eastern-suburbs/waverley/bondi,mobile-390,200,internal,yes,yes,yes,390,1438,yes,1,contain,100% 0%,no,no,
/service-areas/sydney-city-and-eastern-suburbs/waverley/bondi-beach,desktop-1440,200,internal,yes,yes,yes,1440,978,yes,1,cover,100% 50%,no,no,
/service-areas/sydney-city-and-eastern-suburbs/waverley/bondi-beach,mobile-390,200,internal,yes,yes,yes,390,1213,yes,1,contain,100% 0%,no,no,
/service-areas/sydney-city-and-eastern-suburbs/waverley/bondi-junction,desktop-1440,200,internal,yes,yes,yes,1440,1178,yes,1,cover,100% 50%,no,no,
/service-areas/sydney-city-and-eastern-suburbs/waverley/bondi-junction,mobile-390,200,internal,yes,yes,yes,390,1416,yes,1,contain,100% 0%,no,no,
/service-areas/sydney-city-and-eastern-suburbs/waverley/bronte,desktop-1440,200,internal,yes,yes,yes,1440,906,yes,1,cover,100% 50%,no,no,
/service-areas/sydney-city-and-eastern-suburbs/waverley/bronte,mobile-390,200,internal,yes,yes,yes,390,1191,yes,1,contain,100% 0%,no,no,
/service-areas/sydney-city-and-eastern-suburbs/waverley/dover-heights,desktop-1440,200,internal,yes,yes,yes,1440,1070,yes,1,cover,100% 50%,no,no,
/service-areas/sydney-city-and-eastern-suburbs/waverley/dover-heights,mobile-390,200,internal,yes,yes,yes,390,1326,yes,1,contain,100% 0%,no,no,
/service-areas/sydney-city-and-eastern-suburbs/waverley/north-bondi,desktop-1440,200,internal,yes,yes,yes,1440,978,yes,1,cover,100% 50%,no,no,
/service-areas/sydney-city-and-eastern-suburbs/waverley/north-bondi,mobile-390,200,internal,yes,yes,yes,390,1191,yes,1,contain,100% 0%,no,no,
/service-areas/sydney-city-and-eastern-suburbs/waverley/queens-park,desktop-1440,200,internal,yes,yes,yes,1440,1042,yes,1,cover,100% 50%,no,no,
/service-areas/sydney-city-and-eastern-suburbs/waverley/queens-park,mobile-390,200,internal,yes,yes,yes,390,1303,yes,1,contain,100% 0%,no,no,
/service-areas/sydney-city-and-eastern-suburbs/waverley/rose-bay,desktop-1440,200,internal,yes,yes,yes,1440,1070,yes,1,cover,100% 50%,no,no,
/service-areas/sydney-city-and-eastern-suburbs/waverley/rose-bay,mobile-390,200,internal,yes,yes,yes,390,1303,yes,1,contain,100% 0%,no,no,
/service-areas/sydney-city-and-eastern-suburbs/waverley/tamarama,desktop-1440,200,internal,yes,yes,yes,1440,1070,yes,1,cover,100% 50%,no,no,
/service-areas/sydney-city-and-eastern-suburbs/waverley/tamarama,mobile-390,200,internal,yes,yes,yes,390,1371,yes,1,contain,100% 0%,no,no,
/service-areas/sydney-city-and-eastern-suburbs/waverley/vaucluse,desktop-1440,200,internal,yes,yes,yes,1440,1070,yes,1,cover,100% 50%,no,no,
/service-areas/sydney-city-and-eastern-suburbs/waverley/vaucluse,mobile-390,200,internal,yes,yes,yes,390,1303,yes,1,contain,100% 0%,no,no,
/service-areas/sydney-city-and-eastern-suburbs/waverley/waverley,desktop-1440,200,internal,yes,yes,yes,1440,978,yes,1,cover,100% 50%,no,no,
/service-areas/sydney-city-and-eastern-suburbs/waverley/waverley,mobile-390,200,internal,yes,yes,yes,390,1191,yes,1,contain,100% 0%,no,no,
/service-areas/sydney-city-and-eastern-suburbs/woollahra,desktop-1440,200,internal,yes,yes,yes,1440,906,yes,1,cover,100% 50%,no,no,
/service-areas/sydney-city-and-eastern-suburbs/woollahra,mobile-390,200,internal,yes,yes,yes,390,906,yes,1,contain,100% 0%,no,no,
/service-areas/sydney-city-and-eastern-suburbs/woollahra/bellevue-hill,desktop-1440,200,internal,yes,yes,yes,1440,978,yes,1,cover,100% 50%,no,no,
/service-areas/sydney-city-and-eastern-suburbs/woollahra/bellevue-hill,mobile-390,200,internal,yes,yes,yes,390,1191,yes,1,contain,100% 0%,no,no,
/service-areas/sydney-city-and-eastern-suburbs/woollahra/darling-point,desktop-1440,200,internal,yes,yes,yes,1440,1070,yes,1,cover,100% 50%,no,no,
/service-areas/sydney-city-and-eastern-suburbs/woollahra/darling-point,mobile-390,200,internal,yes,yes,yes,390,1348,yes,1,contain,100% 0%,no,no,
/service-areas/sydney-city-and-eastern-suburbs/woollahra/double-bay,desktop-1440,200,internal,yes,yes,yes,1440,1102,yes,1,cover,100% 50%,no,no,
/service-areas/sydney-city-and-eastern-suburbs/woollahra/double-bay,mobile-390,200,internal,yes,yes,yes,390,1371,yes,1,contain,100% 0%,no,no,
/service-areas/sydney-city-and-eastern-suburbs/woollahra/edgecliff,desktop-1440,200,internal,yes,yes,yes,1440,978,yes,1,cover,100% 50%,no,no,
/service-areas/sydney-city-and-eastern-suburbs/woollahra/edgecliff,mobile-390,200,internal,yes,yes,yes,390,1191,yes,1,contain,100% 0%,no,no,
/service-areas/sydney-city-and-eastern-suburbs/woollahra/point-piper,desktop-1440,200,internal,yes,yes,yes,1440,1070,yes,1,cover,100% 50%,no,no,
/service-areas/sydney-city-and-eastern-suburbs/woollahra/point-piper,mobile-390,200,internal,yes,yes,yes,390,1326,yes,1,contain,100% 0%,no,no,
/service-areas/sydney-city-and-eastern-suburbs/woollahra/watsons-bay,desktop-1440,200,internal,yes,yes,yes,1440,1074,yes,1,cover,100% 50%,no,no,
/service-areas/sydney-city-and-eastern-suburbs/woollahra/watsons-bay,mobile-390,200,internal,yes,yes,yes,390,1326,yes,1,contain,100% 0%,no,no,
/service-areas/sydney-city-and-eastern-suburbs/woollahra/woollahra,desktop-1440,200,internal,yes,yes,yes,1440,1098,yes,1,cover,100% 50%,no,no,
/service-areas/sydney-city-and-eastern-suburbs/woollahra/woollahra,mobile-390,200,internal,yes,yes,yes,390,1393,yes,1,contain,100% 0%,no,no,
/service-areas/western-sydney-and-nepean,desktop-1440,200,internal,yes,yes,yes,1440,1156,yes,1,cover,100% 50%,no,no,
/service-areas/western-sydney-and-nepean,mobile-390,200,internal,yes,yes,yes,390,1206,yes,1,contain,100% 0%,no,no,
/service-areas/western-sydney-and-nepean/blacktown,desktop-1440,200,internal,yes,yes,yes,1440,878,yes,1,cover,100% 50%,no,no,
/service-areas/western-sydney-and-nepean/blacktown,mobile-390,200,internal,yes,yes,yes,390,884,yes,1,contain,100% 0%,no,no,
/service-areas/western-sydney-and-nepean/blacktown/acacia-gardens,desktop-1440,200,internal,yes,yes,yes,1440,1070,yes,1,cover,100% 50%,no,no,
/service-areas/western-sydney-and-nepean/blacktown/acacia-gardens,mobile-390,200,internal,yes,yes,yes,390,1326,yes,1,contain,100% 0%,no,no,
/service-areas/western-sydney-and-nepean/blacktown/arndell-park,desktop-1440,200,internal,yes,yes,yes,1440,1042,yes,1,cover,100% 50%,no,no,
/service-areas/western-sydney-and-nepean/blacktown/arndell-park,mobile-390,200,internal,yes,yes,yes,390,1303,yes,1,contain,100% 0%,no,no,
/service-areas/western-sydney-and-nepean/blacktown/bidwill,desktop-1440,200,internal,yes,yes,yes,1440,998,yes,1,cover,100% 50%,no,no,
/service-areas/western-sydney-and-nepean/blacktown/bidwill,mobile-390,200,internal,yes,yes,yes,390,1303,yes,1,contain,100% 0%,no,no,
/service-areas/western-sydney-and-nepean/blacktown/blackett,desktop-1440,200,internal,yes,yes,yes,1440,1042,yes,1,cover,100% 50%,no,no,
/service-areas/western-sydney-and-nepean/blacktown/blackett,mobile-390,200,internal,yes,yes,yes,390,1303,yes,1,contain,100% 0%,no,no,
/service-areas/western-sydney-and-nepean/blacktown/blacktown,desktop-1440,200,internal,yes,yes,yes,1440,922,yes,1,cover,100% 50%,no,no,
/service-areas/western-sydney-and-nepean/blacktown/blacktown,mobile-390,200,internal,yes,yes,yes,390,1101,yes,1,contain,100% 0%,no,no,
/service-areas/western-sydney-and-nepean/blacktown/bungarribee,desktop-1440,200,internal,yes,yes,yes,1440,1070,yes,1,cover,100% 50%,no,no,
/service-areas/western-sydney-and-nepean/blacktown/bungarribee,mobile-390,200,internal,yes,yes,yes,390,1348,yes,1,contain,100% 0%,no,no,
/service-areas/western-sydney-and-nepean/blacktown/colebee,desktop-1440,200,internal,yes,yes,yes,1440,1070,yes,1,cover,100% 50%,no,no,
/service-areas/western-sydney-and-nepean/blacktown/colebee,mobile-390,200,internal,yes,yes,yes,390,1326,yes,1,contain,100% 0%,no,no,
/service-areas/western-sydney-and-nepean/blacktown/dean-park,desktop-1440,200,internal,yes,yes,yes,1440,950,yes,1,cover,100% 50%,no,no,
/service-areas/western-sydney-and-nepean/blacktown/dean-park,mobile-390,200,internal,yes,yes,yes,390,1191,yes,1,contain,100% 0%,no,no,
/service-areas/western-sydney-and-nepean/blacktown/dharruk,desktop-1440,200,internal,yes,yes,yes,1440,1042,yes,1,cover,100% 50%,no,no,
/service-areas/western-sydney-and-nepean/blacktown/dharruk,mobile-390,200,internal,yes,yes,yes,390,1281,yes,1,contain,100% 0%,no,no,
/service-areas/western-sydney-and-nepean/blacktown/doonside,desktop-1440,200,internal,yes,yes,yes,1440,950,yes,1,cover,100% 50%,no,no,
/service-areas/western-sydney-and-nepean/blacktown/doonside,mobile-390,200,internal,yes,yes,yes,390,1191,yes,1,contain,100% 0%,no,no,
/service-areas/western-sydney-and-nepean/blacktown/eastern-creek,desktop-1440,200,internal,yes,yes,yes,1440,1010,yes,1,cover,100% 50%,no,no,
/service-areas/western-sydney-and-nepean/blacktown/eastern-creek,mobile-390,200,internal,yes,yes,yes,390,1191,yes,1,contain,100% 0%,no,no,
/service-areas/western-sydney-and-nepean/blacktown/emerton,desktop-1440,200,internal,yes,yes,yes,1440,1042,yes,1,cover,100% 50%,no,no,
/service-areas/western-sydney-and-nepean/blacktown/emerton,mobile-390,200,internal,yes,yes,yes,390,1303,yes,1,contain,100% 0%,no,no,
/service-areas/western-sydney-and-nepean/blacktown/glendenning,desktop-1440,200,internal,yes,yes,yes,1440,1070,yes,1,cover,100% 50%,no,no,
/service-areas/western-sydney-and-nepean/blacktown/glendenning,mobile-390,200,internal,yes,yes,yes,390,1348,yes,1,contain,100% 0%,no,no,
/service-areas/western-sydney-and-nepean/blacktown/glenwood,desktop-1440,200,internal,yes,yes,yes,1440,1070,yes,1,cover,100% 50%,no,no,
/service-areas/western-sydney-and-nepean/blacktown/glenwood,mobile-390,200,internal,yes,yes,yes,390,1326,yes,1,contain,100% 0%,no,no,
/service-areas/western-sydney-and-nepean/blacktown/hassall-grove,desktop-1440,200,internal,yes,yes,yes,1440,1010,yes,1,cover,100% 50%,no,no,
/service-areas/western-sydney-and-nepean/blacktown/hassall-grove,mobile-390,200,internal,yes,yes,yes,390,1191,yes,1,contain,100% 0%,no,no,
/service-areas/western-sydney-and-nepean/blacktown/hebersham,desktop-1440,200,internal,yes,yes,yes,1440,950,yes,1,cover,100% 50%,no,no,
/service-areas/western-sydney-and-nepean/blacktown/hebersham,mobile-390,200,internal,yes,yes,yes,390,1191,yes,1,contain,100% 0%,no,no,
/service-areas/western-sydney-and-nepean/blacktown/kellyville-ridge,desktop-1440,200,internal,yes,yes,yes,1440,1010,yes,1,cover,100% 50%,no,no,
/service-areas/western-sydney-and-nepean/blacktown/kellyville-ridge,mobile-390,200,internal,yes,yes,yes,390,1272,yes,1,contain,100% 0%,no,no,
/service-areas/western-sydney-and-nepean/blacktown/kings-langley,desktop-1440,200,internal,yes,yes,yes,1440,1010,yes,1,cover,100% 50%,no,no,
/service-areas/western-sydney-and-nepean/blacktown/kings-langley,mobile-390,200,internal,yes,yes,yes,390,1191,yes,1,contain,100% 0%,no,no,
/service-areas/western-sydney-and-nepean/blacktown/kings-park,desktop-1440,200,internal,yes,yes,yes,1440,1010,yes,1,cover,100% 50%,no,no,
/service-areas/western-sydney-and-nepean/blacktown/kings-park,mobile-390,200,internal,yes,yes,yes,390,1213,yes,1,contain,100% 0%,no,no,
/service-areas/western-sydney-and-nepean/blacktown/lalor-park,desktop-1440,200,internal,yes,yes,yes,1440,1010,yes,1,cover,100% 50%,no,no,
/service-areas/western-sydney-and-nepean/blacktown/lalor-park,mobile-390,200,internal,yes,yes,yes,390,1213,yes,1,contain,100% 0%,no,no,
/service-areas/western-sydney-and-nepean/blacktown/lethbridge-park,desktop-1440,200,internal,yes,yes,yes,1440,1070,yes,1,cover,100% 50%,no,no,
/service-areas/western-sydney-and-nepean/blacktown/lethbridge-park,mobile-390,200,internal,yes,yes,yes,390,1339,yes,1,contain,100% 0%,no,no,
/service-areas/western-sydney-and-nepean/blacktown/marayong,desktop-1440,200,internal,yes,yes,yes,1440,950,yes,1,cover,100% 50%,no,no,
/service-areas/western-sydney-and-nepean/blacktown/marayong,mobile-390,200,internal,yes,yes,yes,390,1191,yes,1,contain,100% 0%,no,no,
/service-areas/western-sydney-and-nepean/blacktown/marsden-park,desktop-1440,200,internal,yes,yes,yes,1440,1070,yes,1,cover,100% 50%,no,no,
/service-areas/western-sydney-and-nepean/blacktown/marsden-park,mobile-390,200,internal,yes,yes,yes,390,1303,yes,1,contain,100% 0%,no,no,
/service-areas/western-sydney-and-nepean/blacktown/minchinbury,desktop-1440,200,internal,yes,yes,yes,1440,1070,yes,1,cover,100% 50%,no,no,
/service-areas/western-sydney-and-nepean/blacktown/minchinbury,mobile-390,200,internal,yes,yes,yes,390,1303,yes,1,contain,100% 0%,no,no,
/service-areas/western-sydney-and-nepean/blacktown/mount-druitt,desktop-1440,200,internal,yes,yes,yes,1440,978,yes,1,cover,100% 50%,no,no,
/service-areas/western-sydney-and-nepean/blacktown/mount-druitt,mobile-390,200,internal,yes,yes,yes,390,1191,yes,1,contain,100% 0%,no,no,
/service-areas/western-sydney-and-nepean/blacktown/oakhurst,desktop-1440,200,internal,yes,yes,yes,1440,1010,yes,1,cover,100% 50%,no,no,
/service-areas/western-sydney-and-nepean/blacktown/oakhurst,mobile-390,200,internal,yes,yes,yes,390,1213,yes,1,contain,100% 0%,no,no,
/service-areas/western-sydney-and-nepean/blacktown/parklea,desktop-1440,200,internal,yes,yes,yes,1440,1042,yes,1,cover,100% 50%,no,no,
/service-areas/western-sydney-and-nepean/blacktown/parklea,mobile-390,200,internal,yes,yes,yes,390,1303,yes,1,contain,100% 0%,no,no,
/service-areas/western-sydney-and-nepean/blacktown/plumpton,desktop-1440,200,internal,yes,yes,yes,1440,1010,yes,1,cover,100% 50%,no,no,
/service-areas/western-sydney-and-nepean/blacktown/plumpton,mobile-390,200,internal,yes,yes,yes,390,1236,yes,1,contain,100% 0%,no,no,
/service-areas/western-sydney-and-nepean/blacktown/prospect,desktop-1440,200,internal,yes,yes,yes,1440,1070,yes,1,cover,100% 50%,no,no,
/service-areas/western-sydney-and-nepean/blacktown/prospect,mobile-390,200,internal,yes,yes,yes,390,1303,yes,1,contain,100% 0%,no,no,
/service-areas/western-sydney-and-nepean/blacktown/quakers-hill,desktop-1440,200,internal,yes,yes,yes,1440,1070,yes,1,cover,100% 50%,no,no,
/service-areas/western-sydney-and-nepean/blacktown/quakers-hill,mobile-390,200,internal,yes,yes,yes,390,1348,yes,1,contain,100% 0%,no,no,
/service-areas/western-sydney-and-nepean/blacktown/riverstone,desktop-1440,200,internal,yes,yes,yes,1440,1098,yes,1,cover,100% 50%,no,no,
/service-areas/western-sydney-and-nepean/blacktown/riverstone,mobile-390,200,internal,yes,yes,yes,390,1393,yes,1,contain,100% 0%,no,no,
/service-areas/western-sydney-and-nepean/blacktown/rooty-hill,desktop-1440,200,internal,yes,yes,yes,1440,1070,yes,1,cover,100% 50%,no,no,
/service-areas/western-sydney-and-nepean/blacktown/rooty-hill,mobile-390,200,internal,yes,yes,yes,390,1348,yes,1,contain,100% 0%,no,no,
/service-areas/western-sydney-and-nepean/blacktown/ropes-crossing,desktop-1440,200,internal,yes,yes,yes,1440,1070,yes,1,cover,100% 50%,no,no,
/service-areas/western-sydney-and-nepean/blacktown/ropes-crossing,mobile-390,200,internal,yes,yes,yes,390,1326,yes,1,contain,100% 0%,no,no,
/service-areas/western-sydney-and-nepean/blacktown/schofields,desktop-1440,200,internal,yes,yes,yes,1440,950,yes,1,cover,100% 50%,no,no,
/service-areas/western-sydney-and-nepean/blacktown/schofields,mobile-390,200,internal,yes,yes,yes,390,1191,yes,1,contain,100% 0%,no,no,
/service-areas/western-sydney-and-nepean/blacktown/seven-hills,desktop-1440,200,internal,yes,yes,yes,1440,1010,yes,1,cover,100% 50%,no,no,
/service-areas/western-sydney-and-nepean/blacktown/seven-hills,mobile-390,200,internal,yes,yes,yes,390,1213,yes,1,contain,100% 0%,no,no,
/service-areas/western-sydney-and-nepean/blacktown/shalvey,desktop-1440,200,internal,yes,yes,yes,1440,1042,yes,1,cover,100% 50%,no,no,
/service-areas/western-sydney-and-nepean/blacktown/shalvey,mobile-390,200,internal,yes,yes,yes,390,1303,yes,1,contain,100% 0%,no,no,
/service-areas/western-sydney-and-nepean/blacktown/shanes-park,desktop-1440,200,internal,yes,yes,yes,1440,1070,yes,1,cover,100% 50%,no,no,
/service-areas/western-sydney-and-nepean/blacktown/shanes-park,mobile-390,200,internal,yes,yes,yes,390,1348,yes,1,contain,100% 0%,no,no,
/service-areas/western-sydney-and-nepean/blacktown/stanhope-gardens,desktop-1440,200,internal,yes,yes,yes,1440,1070,yes,1,cover,100% 50%,no,no,
/service-areas/western-sydney-and-nepean/blacktown/stanhope-gardens,mobile-390,200,internal,yes,yes,yes,390,1407,yes,1,contain,100% 0%,no,no,
/service-areas/western-sydney-and-nepean/blacktown/the-ponds,desktop-1440,200,internal,yes,yes,yes,1440,950,yes,1,cover,100% 50%,no,no,
/service-areas/western-sydney-and-nepean/blacktown/the-ponds,mobile-390,200,internal,yes,yes,yes,390,1191,yes,1,contain,100% 0%,no,no,
/service-areas/western-sydney-and-nepean/blacktown/toongabbie,desktop-1440,200,internal,yes,yes,yes,1440,1010,yes,1,cover,100% 50%,no,no,
/service-areas/western-sydney-and-nepean/blacktown/toongabbie,mobile-390,200,internal,yes,yes,yes,390,1213,yes,1,contain,100% 0%,no,no,
/service-areas/western-sydney-and-nepean/blacktown/tregear,desktop-1440,200,internal,yes,yes,yes,1440,950,yes,1,cover,100% 50%,no,no,
/service-areas/western-sydney-and-nepean/blacktown/tregear,mobile-390,200,internal,yes,yes,yes,390,1191,yes,1,contain,100% 0%,no,no,
/service-areas/western-sydney-and-nepean/blacktown/whalan,desktop-1440,200,internal,yes,yes,yes,1440,950,yes,1,cover,100% 50%,no,no,
/service-areas/western-sydney-and-nepean/blacktown/whalan,mobile-390,200,internal,yes,yes,yes,390,1191,yes,1,contain,100% 0%,no,no,
/service-areas/western-sydney-and-nepean/blacktown/willmot,desktop-1440,200,internal,yes,yes,yes,1440,950,yes,1,cover,100% 50%,no,no,
/service-areas/western-sydney-and-nepean/blacktown/willmot,mobile-390,200,internal,yes,yes,yes,390,1191,yes,1,contain,100% 0%,no,no,
/service-areas/western-sydney-and-nepean/blacktown/woodcroft,desktop-1440,200,internal,yes,yes,yes,1440,1010,yes,1,cover,100% 50%,no,no,
/service-areas/western-sydney-and-nepean/blacktown/woodcroft,mobile-390,200,internal,yes,yes,yes,390,1236,yes,1,contain,100% 0%,no,no,
/service-areas/western-sydney-and-nepean/penrith,desktop-1440,200,internal,yes,yes,yes,1440,878,yes,1,cover,100% 50%,no,no,
/service-areas/western-sydney-and-nepean/penrith,mobile-390,200,internal,yes,yes,yes,390,870,yes,1,contain,100% 0%,no,no,
/service-areas/western-sydney-and-nepean/penrith/berkshire-park,desktop-1440,200,internal,yes,yes,yes,1440,1042,yes,1,cover,100% 50%,no,no,
/service-areas/western-sydney-and-nepean/penrith/berkshire-park,mobile-390,200,internal,yes,yes,yes,390,1339,yes,1,contain,100% 0%,no,no,
/service-areas/western-sydney-and-nepean/penrith/caddens,desktop-1440,200,internal,yes,yes,yes,1440,950,yes,1,cover,100% 50%,no,no,
/service-areas/western-sydney-and-nepean/penrith/caddens,mobile-390,200,internal,yes,yes,yes,390,1191,yes,1,contain,100% 0%,no,no,
/service-areas/western-sydney-and-nepean/penrith/cambridge-gardens,desktop-1440,200,internal,yes,yes,yes,1440,1010,yes,1,cover,100% 50%,no,no,
/service-areas/western-sydney-and-nepean/penrith/cambridge-gardens,mobile-390,200,internal,yes,yes,yes,390,1272,yes,1,contain,100% 0%,no,no,
/service-areas/western-sydney-and-nepean/penrith/cambridge-park,desktop-1440,200,internal,yes,yes,yes,1440,1042,yes,1,cover,100% 50%,no,no,
/service-areas/western-sydney-and-nepean/penrith/cambridge-park,mobile-390,200,internal,yes,yes,yes,390,1317,yes,1,contain,100% 0%,no,no,
/service-areas/western-sydney-and-nepean/penrith/castlereagh,desktop-1440,200,internal,yes,yes,yes,1440,978,yes,1,cover,100% 50%,no,no,
/service-areas/western-sydney-and-nepean/penrith/castlereagh,mobile-390,200,internal,yes,yes,yes,390,1191,yes,1,contain,100% 0%,no,no,
/service-areas/western-sydney-and-nepean/penrith/claremont-meadows,desktop-1440,200,internal,yes,yes,yes,1440,1010,yes,1,cover,100% 50%,no,no,
/service-areas/western-sydney-and-nepean/penrith/claremont-meadows,mobile-390,200,internal,yes,yes,yes,390,1272,yes,1,contain,100% 0%,no,no,
/service-areas/western-sydney-and-nepean/penrith/colyton,desktop-1440,200,internal,yes,yes,yes,1440,950,yes,1,cover,100% 50%,no,no,
/service-areas/western-sydney-and-nepean/penrith/colyton,mobile-390,200,internal,yes,yes,yes,390,1191,yes,1,contain,100% 0%,no,no,
/service-areas/western-sydney-and-nepean/penrith/cranebrook,desktop-1440,200,internal,yes,yes,yes,1440,978,yes,1,cover,100% 50%,no,no,
/service-areas/western-sydney-and-nepean/penrith/cranebrook,mobile-390,200,internal,yes,yes,yes,390,1191,yes,1,contain,100% 0%,no,no,
/service-areas/western-sydney-and-nepean/penrith/emu-heights,desktop-1440,200,internal,yes,yes,yes,1440,1070,yes,1,cover,100% 50%,no,no,
/service-areas/western-sydney-and-nepean/penrith/emu-heights,mobile-390,200,internal,yes,yes,yes,390,1303,yes,1,contain,100% 0%,no,no,
/service-areas/western-sydney-and-nepean/penrith/emu-plains,desktop-1440,200,internal,yes,yes,yes,1440,1042,yes,1,cover,100% 50%,no,no,
/service-areas/western-sydney-and-nepean/penrith/emu-plains,mobile-390,200,internal,yes,yes,yes,390,1303,yes,1,contain,100% 0%,no,no,
/service-areas/western-sydney-and-nepean/penrith/erskine-park,desktop-1440,200,internal,yes,yes,yes,1440,1010,yes,1,cover,100% 50%,no,no,
/service-areas/western-sydney-and-nepean/penrith/erskine-park,mobile-390,200,internal,yes,yes,yes,390,1236,yes,1,contain,100% 0%,no,no,
/service-areas/western-sydney-and-nepean/penrith/glenmore-park,desktop-1440,200,internal,yes,yes,yes,1440,1010,yes,1,cover,100% 50%,no,no,
/service-areas/western-sydney-and-nepean/penrith/glenmore-park,mobile-390,200,internal,yes,yes,yes,390,1227,yes,1,contain,100% 0%,no,no,
/service-areas/western-sydney-and-nepean/penrith/jamisontown,desktop-1440,200,internal,yes,yes,yes,1440,1010,yes,1,cover,100% 50%,no,no,
/service-areas/western-sydney-and-nepean/penrith/jamisontown,mobile-390,200,internal,yes,yes,yes,390,1191,yes,1,contain,100% 0%,no,no,
/service-areas/western-sydney-and-nepean/penrith/jordan-springs,desktop-1440,200,internal,yes,yes,yes,1440,1070,yes,1,cover,100% 50%,no,no,
/service-areas/western-sydney-and-nepean/penrith/jordan-springs,mobile-390,200,internal,yes,yes,yes,390,1303,yes,1,contain,100% 0%,no,no,
/service-areas/western-sydney-and-nepean/penrith/kingswood,desktop-1440,200,internal,yes,yes,yes,1440,1010,yes,1,cover,100% 50%,no,no,
/service-areas/western-sydney-and-nepean/penrith/kingswood,mobile-390,200,internal,yes,yes,yes,390,1236,yes,1,contain,100% 0%,no,no,
/service-areas/western-sydney-and-nepean/penrith/leonay,desktop-1440,200,internal,yes,yes,yes,1440,950,yes,1,cover,100% 50%,no,no,
/service-areas/western-sydney-and-nepean/penrith/leonay,mobile-390,200,internal,yes,yes,yes,390,1191,yes,1,contain,100% 0%,no,no,
/service-areas/western-sydney-and-nepean/penrith/llandilo,desktop-1440,200,internal,yes,yes,yes,1440,1010,yes,1,cover,100% 50%,no,no,
/service-areas/western-sydney-and-nepean/penrith/llandilo,mobile-390,200,internal,yes,yes,yes,390,1236,yes,1,contain,100% 0%,no,no,
/service-areas/western-sydney-and-nepean/penrith/londonderry,desktop-1440,200,internal,yes,yes,yes,1440,1070,yes,1,cover,100% 50%,no,no,
/service-areas/western-sydney-and-nepean/penrith/londonderry,mobile-390,200,internal,yes,yes,yes,390,1326,yes,1,contain,100% 0%,no,no,
/service-areas/western-sydney-and-nepean/penrith/mount-vernon,desktop-1440,200,internal,yes,yes,yes,1440,1070,yes,1,cover,100% 50%,no,no,
/service-areas/western-sydney-and-nepean/penrith/mount-vernon,mobile-390,200,internal,yes,yes,yes,390,1303,yes,1,contain,100% 0%,no,no,
/service-areas/western-sydney-and-nepean/penrith/mulgoa,desktop-1440,200,internal,yes,yes,yes,1440,1042,yes,1,cover,100% 50%,no,no,
/service-areas/western-sydney-and-nepean/penrith/mulgoa,mobile-390,200,internal,yes,yes,yes,390,1303,yes,1,contain,100% 0%,no,no,
/service-areas/western-sydney-and-nepean/penrith/north-st-marys,desktop-1440,200,internal,yes,yes,yes,1440,1010,yes,1,cover,100% 50%,no,no,
/service-areas/western-sydney-and-nepean/penrith/north-st-marys,mobile-390,200,internal,yes,yes,yes,390,1236,yes,1,contain,100% 0%,no,no,
/service-areas/western-sydney-and-nepean/penrith/orchard-hills,desktop-1440,200,internal,yes,yes,yes,1440,1070,yes,1,cover,100% 50%,no,no,
/service-areas/western-sydney-and-nepean/penrith/orchard-hills,mobile-390,200,internal,yes,yes,yes,390,1303,yes,1,contain,100% 0%,no,no,
/service-areas/western-sydney-and-nepean/penrith/oxley-park,desktop-1440,200,internal,yes,yes,yes,1440,950,yes,1,cover,100% 50%,no,no,
/service-areas/western-sydney-and-nepean/penrith/oxley-park,mobile-390,200,internal,yes,yes,yes,390,1191,yes,1,contain,100% 0%,no,no,
/service-areas/western-sydney-and-nepean/penrith/penrith,desktop-1440,200,internal,yes,yes,yes,1440,922,yes,1,cover,100% 50%,no,no,
/service-areas/western-sydney-and-nepean/penrith/penrith,mobile-390,200,internal,yes,yes,yes,390,1101,yes,1,contain,100% 0%,no,no,
/service-areas/western-sydney-and-nepean/penrith/regentville,desktop-1440,200,internal,yes,yes,yes,1440,950,yes,1,cover,100% 50%,no,no,
/service-areas/western-sydney-and-nepean/penrith/regentville,mobile-390,200,internal,yes,yes,yes,390,1191,yes,1,contain,100% 0%,no,no,
/service-areas/western-sydney-and-nepean/penrith/south-penrith,desktop-1440,200,internal,yes,yes,yes,1440,1010,yes,1,cover,100% 50%,no,no,
/service-areas/western-sydney-and-nepean/penrith/south-penrith,mobile-390,200,internal,yes,yes,yes,390,1191,yes,1,contain,100% 0%,no,no,
/service-areas/western-sydney-and-nepean/penrith/st-clair,desktop-1440,200,internal,yes,yes,yes,1440,1070,yes,1,cover,100% 50%,no,no,
/service-areas/western-sydney-and-nepean/penrith/st-clair,mobile-390,200,internal,yes,yes,yes,390,1326,yes,1,contain,100% 0%,no,no,
/service-areas/western-sydney-and-nepean/penrith/st-marys,desktop-1440,200,internal,yes,yes,yes,1440,1130,yes,1,cover,100% 50%,no,no,
/service-areas/western-sydney-and-nepean/penrith/st-marys,mobile-390,200,internal,yes,yes,yes,390,1393,yes,1,contain,100% 0%,no,no,
/service-areas/western-sydney-and-nepean/penrith/werrington,desktop-1440,200,internal,yes,yes,yes,1440,950,yes,1,cover,100% 50%,no,no,
/service-areas/western-sydney-and-nepean/penrith/werrington,mobile-390,200,internal,yes,yes,yes,390,1191,yes,1,contain,100% 0%,no,no,
/service-areas/western-sydney-and-nepean/penrith/werrington-county,desktop-1440,200,internal,yes,yes,yes,1440,1010,yes,1,cover,100% 50%,no,no,
/service-areas/western-sydney-and-nepean/penrith/werrington-county,mobile-390,200,internal,yes,yes,yes,390,1249,yes,1,contain,100% 0%,no,no,
/service-areas/western-sydney-and-nepean/penrith/werrington-downs,desktop-1440,200,internal,yes,yes,yes,1440,1010,yes,1,cover,100% 50%,no,no,
/service-areas/western-sydney-and-nepean/penrith/werrington-downs,mobile-390,200,internal,yes,yes,yes,390,1272,yes,1,contain,100% 0%,no,no,
/service-areas/wollongong-and-illawarra,desktop-1440,200,internal,yes,yes,yes,1440,1156,yes,1,cover,100% 50%,no,no,
/service-areas/wollongong-and-illawarra,mobile-390,200,internal,yes,yes,yes,390,1242,yes,1,contain,100% 0%,no,no,
/service-areas/wollongong-and-illawarra/minnamurra-and-kiama-downs,desktop-1440,200,internal,yes,yes,yes,1440,978,yes,1,cover,100% 50%,no,no,
/service-areas/wollongong-and-illawarra/minnamurra-and-kiama-downs,mobile-390,200,internal,yes,yes,yes,390,942,yes,1,contain,100% 0%,no,no,
/service-areas/wollongong-and-illawarra/minnamurra-and-kiama-downs/bombo,desktop-1440,200,internal,yes,yes,yes,1440,950,yes,1,cover,100% 50%,no,no,
/service-areas/wollongong-and-illawarra/minnamurra-and-kiama-downs/bombo,mobile-390,200,internal,yes,yes,yes,390,1168,yes,1,contain,100% 0%,no,no,
/service-areas/wollongong-and-illawarra/minnamurra-and-kiama-downs/croom,desktop-1440,200,internal,yes,yes,yes,1440,1030,yes,1,cover,100% 50%,no,no,
/service-areas/wollongong-and-illawarra/minnamurra-and-kiama-downs/croom,mobile-390,200,internal,yes,yes,yes,390,1371,yes,1,contain,100% 0%,no,no,
/service-areas/wollongong-and-illawarra/minnamurra-and-kiama-downs/kiama-downs,desktop-1440,200,internal,yes,yes,yes,1440,982,yes,1,cover,100% 50%,no,no,
/service-areas/wollongong-and-illawarra/minnamurra-and-kiama-downs/kiama-downs,mobile-390,200,internal,yes,yes,yes,390,1168,yes,1,contain,100% 0%,no,no,
/service-areas/wollongong-and-illawarra/minnamurra-and-kiama-downs/minnamurra,desktop-1440,200,internal,yes,yes,yes,1440,1010,yes,1,cover,100% 50%,no,no,
/service-areas/wollongong-and-illawarra/minnamurra-and-kiama-downs/minnamurra,mobile-390,200,internal,yes,yes,yes,390,1236,yes,1,contain,100% 0%,no,no,
/service-areas/wollongong-and-illawarra/shellharbour,desktop-1440,200,internal,yes,yes,yes,1440,950,yes,1,cover,100% 50%,no,no,
/service-areas/wollongong-and-illawarra/shellharbour,mobile-390,200,internal,yes,yes,yes,390,906,yes,1,contain,100% 0%,no,no,
/service-areas/wollongong-and-illawarra/shellharbour/albion-park,desktop-1440,200,internal,yes,yes,yes,1440,1098,yes,1,cover,100% 50%,no,no,
/service-areas/wollongong-and-illawarra/shellharbour/albion-park,mobile-390,200,internal,yes,yes,yes,390,1393,yes,1,contain,100% 0%,no,no,
/service-areas/wollongong-and-illawarra/shellharbour/albion-park-rail,desktop-1440,200,internal,yes,yes,yes,1440,1130,yes,1,cover,100% 50%,no,no,
/service-areas/wollongong-and-illawarra/shellharbour/albion-park-rail,mobile-390,200,internal,yes,yes,yes,390,1393,yes,1,contain,100% 0%,no,no,
/service-areas/wollongong-and-illawarra/shellharbour/barrack-heights,desktop-1440,200,internal,yes,yes,yes,1440,1070,yes,1,cover,100% 50%,no,no,
/service-areas/wollongong-and-illawarra/shellharbour/barrack-heights,mobile-390,200,internal,yes,yes,yes,390,1348,yes,1,contain,100% 0%,no,no,
/service-areas/wollongong-and-illawarra/shellharbour/barrack-point,desktop-1440,200,internal,yes,yes,yes,1440,982,yes,1,cover,100% 50%,no,no,
/service-areas/wollongong-and-illawarra/shellharbour/barrack-point,mobile-390,200,internal,yes,yes,yes,390,1168,yes,1,contain,100% 0%,no,no,
/service-areas/wollongong-and-illawarra/shellharbour/blackbutt,desktop-1440,200,internal,yes,yes,yes,1440,1042,yes,1,cover,100% 50%,no,no,
/service-areas/wollongong-and-illawarra/shellharbour/blackbutt,mobile-390,200,internal,yes,yes,yes,390,1281,yes,1,contain,100% 0%,no,no,
/service-areas/wollongong-and-illawarra/shellharbour/calderwood,desktop-1440,200,internal,yes,yes,yes,1440,950,yes,1,cover,100% 50%,no,no,
/service-areas/wollongong-and-illawarra/shellharbour/calderwood,mobile-390,200,internal,yes,yes,yes,390,1168,yes,1,contain,100% 0%,no,no,
/service-areas/wollongong-and-illawarra/shellharbour/dunmore,desktop-1440,200,internal,yes,yes,yes,1440,1130,yes,1,cover,100% 50%,no,no,
/service-areas/wollongong-and-illawarra/shellharbour/dunmore,mobile-390,200,internal,yes,yes,yes,390,1393,yes,1,contain,100% 0%,no,no,
/service-areas/wollongong-and-illawarra/shellharbour/flinders,desktop-1440,200,internal,yes,yes,yes,1440,1070,yes,1,cover,100% 50%,no,no,
/service-areas/wollongong-and-illawarra/shellharbour/flinders,mobile-390,200,internal,yes,yes,yes,390,1371,yes,1,contain,100% 0%,no,no,
/service-areas/wollongong-and-illawarra/shellharbour/lake-illawarra,desktop-1440,200,internal,yes,yes,yes,1440,1102,yes,1,cover,100% 50%,no,no,
/service-areas/wollongong-and-illawarra/shellharbour/lake-illawarra,mobile-390,200,internal,yes,yes,yes,390,1393,yes,1,contain,100% 0%,no,no,
/service-areas/wollongong-and-illawarra/shellharbour/mount-warrigal,desktop-1440,200,internal,yes,yes,yes,1440,1010,yes,1,cover,100% 50%,no,no,
/service-areas/wollongong-and-illawarra/shellharbour/mount-warrigal,mobile-390,200,internal,yes,yes,yes,390,1236,yes,1,contain,100% 0%,no,no,
/service-areas/wollongong-and-illawarra/shellharbour/north-macquarie,desktop-1440,200,internal,yes,yes,yes,1440,1130,yes,1,cover,100% 50%,no,no,
/service-areas/wollongong-and-illawarra/shellharbour/north-macquarie,mobile-390,200,internal,yes,yes,yes,390,1393,yes,1,contain,100% 0%,no,no,
/service-areas/wollongong-and-illawarra/shellharbour/oak-flats,desktop-1440,200,internal,yes,yes,yes,1440,950,yes,1,cover,100% 50%,no,no,
/service-areas/wollongong-and-illawarra/shellharbour/oak-flats,mobile-390,200,internal,yes,yes,yes,390,1168,yes,1,contain,100% 0%,no,no,
/service-areas/wollongong-and-illawarra/shellharbour/shell-cove,desktop-1440,200,internal,yes,yes,yes,1440,1074,yes,1,cover,100% 50%,no,no,
/service-areas/wollongong-and-illawarra/shellharbour/shell-cove,mobile-390,200,internal,yes,yes,yes,390,1303,yes,1,contain,100% 0%,no,no,
/service-areas/wollongong-and-illawarra/shellharbour/shellharbour,desktop-1440,200,internal,yes,yes,yes,1440,1130,yes,1,cover,100% 50%,no,no,
/service-areas/wollongong-and-illawarra/shellharbour/shellharbour,mobile-390,200,internal,yes,yes,yes,390,1393,yes,1,contain,100% 0%,no,no,
/service-areas/wollongong-and-illawarra/shellharbour/shellharbour-city-centre,desktop-1440,200,internal,yes,yes,yes,1440,1082,yes,1,cover,100% 50%,no,no,
/service-areas/wollongong-and-illawarra/shellharbour/shellharbour-city-centre,mobile-390,200,internal,yes,yes,yes,390,1294,yes,1,contain,100% 0%,no,no,
/service-areas/wollongong-and-illawarra/shellharbour/tullimbar,desktop-1440,200,internal,yes,yes,yes,1440,1010,yes,1,cover,100% 50%,no,no,
/service-areas/wollongong-and-illawarra/shellharbour/tullimbar,mobile-390,200,internal,yes,yes,yes,390,1236,yes,1,contain,100% 0%,no,no,
/service-areas/wollongong-and-illawarra/shellharbour/warilla,desktop-1440,200,internal,yes,yes,yes,1440,878,yes,1,cover,100% 50%,no,no,
/service-areas/wollongong-and-illawarra/shellharbour/warilla,mobile-390,200,internal,yes,yes,yes,390,1168,yes,1,contain,100% 0%,no,no,
/service-areas/wollongong-and-illawarra/wollongong,desktop-1440,200,internal,yes,yes,yes,1440,906,yes,1,cover,100% 50%,no,no,
/service-areas/wollongong-and-illawarra/wollongong,mobile-390,200,internal,yes,yes,yes,390,906,yes,1,contain,100% 0%,no,no,
/service-areas/wollongong-and-illawarra/wollongong/austinmer,desktop-1440,200,internal,yes,yes,yes,1440,1098,yes,1,cover,100% 50%,no,no,
/service-areas/wollongong-and-illawarra/wollongong/austinmer,mobile-390,200,internal,yes,yes,yes,390,1393,yes,1,contain,100% 0%,no,no,
/service-areas/wollongong-and-illawarra/wollongong/avondale,desktop-1440,200,internal,yes,yes,yes,1440,1098,yes,1,cover,100% 50%,no,no,
/service-areas/wollongong-and-illawarra/wollongong/avondale,mobile-390,200,internal,yes,yes,yes,390,1348,yes,1,contain,100% 0%,no,no,
/service-areas/wollongong-and-illawarra/wollongong/balgownie,desktop-1440,200,internal,yes,yes,yes,1440,1042,yes,1,cover,100% 50%,no,no,
/service-areas/wollongong-and-illawarra/wollongong/balgownie,mobile-390,200,internal,yes,yes,yes,390,1303,yes,1,contain,100% 0%,no,no,
/service-areas/wollongong-and-illawarra/wollongong/bellambi,desktop-1440,200,internal,yes,yes,yes,1440,1070,yes,1,cover,100% 50%,no,no,
/service-areas/wollongong-and-illawarra/wollongong/bellambi,mobile-390,200,internal,yes,yes,yes,390,1348,yes,1,contain,100% 0%,no,no,
/service-areas/wollongong-and-illawarra/wollongong/berkeley,desktop-1440,200,internal,yes,yes,yes,1440,950,yes,1,cover,100% 50%,no,no,
/service-areas/wollongong-and-illawarra/wollongong/berkeley,mobile-390,200,internal,yes,yes,yes,390,1168,yes,1,contain,100% 0%,no,no,
/service-areas/wollongong-and-illawarra/wollongong/brownsville,desktop-1440,200,internal,yes,yes,yes,1440,950,yes,1,cover,100% 50%,no,no,
/service-areas/wollongong-and-illawarra/wollongong/brownsville,mobile-390,200,internal,yes,yes,yes,390,1168,yes,1,contain,100% 0%,no,no,
/service-areas/wollongong-and-illawarra/wollongong/bulli,desktop-1440,200,internal,yes,yes,yes,1440,910,yes,1,cover,100% 50%,no,no,
/service-areas/wollongong-and-illawarra/wollongong/bulli,mobile-390,200,internal,yes,yes,yes,390,1213,yes,1,contain,100% 0%,no,no,
/service-areas/wollongong-and-illawarra/wollongong/cleveland,desktop-1440,200,internal,yes,yes,yes,1440,1070,yes,1,cover,100% 50%,no,no,
/service-areas/wollongong-and-illawarra/wollongong/cleveland,mobile-390,200,internal,yes,yes,yes,390,1281,yes,1,contain,100% 0%,no,no,
/service-areas/wollongong-and-illawarra/wollongong/clifton,desktop-1440,200,internal,yes,yes,yes,1440,878,yes,1,cover,100% 50%,no,no,
/service-areas/wollongong-and-illawarra/wollongong/clifton,mobile-390,200,internal,yes,yes,yes,390,1168,yes,1,contain,100% 0%,no,no,
/service-areas/wollongong-and-illawarra/wollongong/coalcliff,desktop-1440,200,internal,yes,yes,yes,1440,1070,yes,1,cover,100% 50%,no,no,
/service-areas/wollongong-and-illawarra/wollongong/coalcliff,mobile-390,200,internal,yes,yes,yes,390,1348,yes,1,contain,100% 0%,no,no,
/service-areas/wollongong-and-illawarra/wollongong/coledale,desktop-1440,200,internal,yes,yes,yes,1440,950,yes,1,cover,100% 50%,no,no,
/service-areas/wollongong-and-illawarra/wollongong/coledale,mobile-390,200,internal,yes,yes,yes,390,1168,yes,1,contain,100% 0%,no,no,
/service-areas/wollongong-and-illawarra/wollongong/coniston,desktop-1440,200,internal,yes,yes,yes,1440,1098,yes,1,cover,100% 50%,no,no,
/service-areas/wollongong-and-illawarra/wollongong/coniston,mobile-390,200,internal,yes,yes,yes,390,1371,yes,1,contain,100% 0%,no,no,
/service-areas/wollongong-and-illawarra/wollongong/cordeaux-heights,desktop-1440,200,internal,yes,yes,yes,1440,1070,yes,1,cover,100% 50%,no,no,
/service-areas/wollongong-and-illawarra/wollongong/cordeaux-heights,mobile-390,200,internal,yes,yes,yes,390,1384,yes,1,contain,100% 0%,no,no,
/service-areas/wollongong-and-illawarra/wollongong/corrimal,desktop-1440,200,internal,yes,yes,yes,1440,950,yes,1,cover,100% 50%,no,no,
/service-areas/wollongong-and-illawarra/wollongong/corrimal,mobile-390,200,internal,yes,yes,yes,390,1168,yes,1,contain,100% 0%,no,no,
/service-areas/wollongong-and-illawarra/wollongong/cringila,desktop-1440,200,internal,yes,yes,yes,1440,1010,yes,1,cover,100% 50%,no,no,
/service-areas/wollongong-and-illawarra/wollongong/cringila,mobile-390,200,internal,yes,yes,yes,390,1213,yes,1,contain,100% 0%,no,no,
/service-areas/wollongong-and-illawarra/wollongong/dapto,desktop-1440,200,internal,yes,yes,yes,1440,998,yes,1,cover,100% 50%,no,no,
/service-areas/wollongong-and-illawarra/wollongong/dapto,mobile-390,200,internal,yes,yes,yes,390,1326,yes,1,contain,100% 0%,no,no,
/service-areas/wollongong-and-illawarra/wollongong/darkes-forest,desktop-1440,200,internal,yes,yes,yes,1440,1070,yes,1,cover,100% 50%,no,no,
/service-areas/wollongong-and-illawarra/wollongong/darkes-forest,mobile-390,200,internal,yes,yes,yes,390,1303,yes,1,contain,100% 0%,no,no,
/service-areas/wollongong-and-illawarra/wollongong/dombarton,desktop-1440,200,internal,yes,yes,yes,1440,1098,yes,1,cover,100% 50%,no,no,
/service-areas/wollongong-and-illawarra/wollongong/dombarton,mobile-390,200,internal,yes,yes,yes,390,1371,yes,1,contain,100% 0%,no,no,
/service-areas/wollongong-and-illawarra/wollongong/east-corrimal,desktop-1440,200,internal,yes,yes,yes,1440,1070,yes,1,cover,100% 50%,no,no,
/service-areas/wollongong-and-illawarra/wollongong/east-corrimal,mobile-390,200,internal,yes,yes,yes,390,1303,yes,1,contain,100% 0%,no,no,
/service-areas/wollongong-and-illawarra/wollongong/fairy-meadow,desktop-1440,200,internal,yes,yes,yes,1440,1098,yes,1,cover,100% 50%,no,no,
/service-areas/wollongong-and-illawarra/wollongong/fairy-meadow,mobile-390,200,internal,yes,yes,yes,390,1371,yes,1,contain,100% 0%,no,no,
/service-areas/wollongong-and-illawarra/wollongong/farmborough-heights,desktop-1440,200,internal,yes,yes,yes,1440,1054,yes,1,cover,100% 50%,no,no,
/service-areas/wollongong-and-illawarra/wollongong/farmborough-heights,mobile-390,200,internal,yes,yes,yes,390,1227,yes,1,contain,100% 0%,no,no,
/service-areas/wollongong-and-illawarra/wollongong/fernhill,desktop-1440,200,internal,yes,yes,yes,1440,950,yes,1,cover,100% 50%,no,no,
/service-areas/wollongong-and-illawarra/wollongong/fernhill,mobile-390,200,internal,yes,yes,yes,390,1168,yes,1,contain,100% 0%,no,no,
/service-areas/wollongong-and-illawarra/wollongong/figtree,desktop-1440,200,internal,yes,yes,yes,1440,950,yes,1,cover,100% 50%,no,no,
/service-areas/wollongong-and-illawarra/wollongong/figtree,mobile-390,200,internal,yes,yes,yes,390,1168,yes,1,contain,100% 0%,no,no,
/service-areas/wollongong-and-illawarra/wollongong/gwynneville,desktop-1440,200,internal,yes,yes,yes,1440,950,yes,1,cover,100% 50%,no,no,
/service-areas/wollongong-and-illawarra/wollongong/gwynneville,mobile-390,200,internal,yes,yes,yes,390,1168,yes,1,contain,100% 0%,no,no,
/service-areas/wollongong-and-illawarra/wollongong/haywards-bay,desktop-1440,200,internal,yes,yes,yes,1440,1010,yes,1,cover,100% 50%,no,no,
/service-areas/wollongong-and-illawarra/wollongong/haywards-bay,mobile-390,200,internal,yes,yes,yes,390,1249,yes,1,contain,100% 0%,no,no,
/service-areas/wollongong-and-illawarra/wollongong/helensburgh,desktop-1440,200,internal,yes,yes,yes,1440,1098,yes,1,cover,100% 50%,no,no,
/service-areas/wollongong-and-illawarra/wollongong/helensburgh,mobile-390,200,internal,yes,yes,yes,390,1371,yes,1,contain,100% 0%,no,no,
/service-areas/wollongong-and-illawarra/wollongong/horsley,desktop-1440,200,internal,yes,yes,yes,1440,950,yes,1,cover,100% 50%,no,no,
/service-areas/wollongong-and-illawarra/wollongong/horsley,mobile-390,200,internal,yes,yes,yes,390,1168,yes,1,contain,100% 0%,no,no,
/service-areas/wollongong-and-illawarra/wollongong/huntley,desktop-1440,200,internal,yes,yes,yes,1440,1010,yes,1,cover,100% 50%,no,no,
/service-areas/wollongong-and-illawarra/wollongong/huntley,mobile-390,200,internal,yes,yes,yes,390,1213,yes,1,contain,100% 0%,no,no,
/service-areas/wollongong-and-illawarra/wollongong/kanahooka,desktop-1440,200,internal,yes,yes,yes,1440,1098,yes,1,cover,100% 50%,no,no,
/service-areas/wollongong-and-illawarra/wollongong/kanahooka,mobile-390,200,internal,yes,yes,yes,390,1371,yes,1,contain,100% 0%,no,no,
/service-areas/wollongong-and-illawarra/wollongong/keiraville,desktop-1440,200,internal,yes,yes,yes,1440,950,yes,1,cover,100% 50%,no,no,
/service-areas/wollongong-and-illawarra/wollongong/keiraville,mobile-390,200,internal,yes,yes,yes,390,1168,yes,1,contain,100% 0%,no,no,
/service-areas/wollongong-and-illawarra/wollongong/kembla-grange,desktop-1440,200,internal,yes,yes,yes,1440,982,yes,1,cover,100% 50%,no,no,
/service-areas/wollongong-and-illawarra/wollongong/kembla-grange,mobile-390,200,internal,yes,yes,yes,390,1168,yes,1,contain,100% 0%,no,no,
/service-areas/wollongong-and-illawarra/wollongong/kembla-heights,desktop-1440,200,internal,yes,yes,yes,1440,1098,yes,1,cover,100% 50%,no,no,
/service-areas/wollongong-and-illawarra/wollongong/kembla-heights,mobile-390,200,internal,yes,yes,yes,390,1393,yes,1,contain,100% 0%,no,no,
/service-areas/wollongong-and-illawarra/wollongong/koonawarra,desktop-1440,200,internal,yes,yes,yes,1440,1070,yes,1,cover,100% 50%,no,no,
/service-areas/wollongong-and-illawarra/wollongong/koonawarra,mobile-390,200,internal,yes,yes,yes,390,1371,yes,1,contain,100% 0%,no,no,
/service-areas/wollongong-and-illawarra/wollongong/lake-heights,desktop-1440,200,internal,yes,yes,yes,1440,982,yes,1,cover,100% 50%,no,no,
/service-areas/wollongong-and-illawarra/wollongong/lake-heights,mobile-390,200,internal,yes,yes,yes,390,1168,yes,1,contain,100% 0%,no,no,
/service-areas/wollongong-and-illawarra/wollongong/lilyvale,desktop-1440,200,internal,yes,yes,yes,1440,1098,yes,1,cover,100% 50%,no,no,
/service-areas/wollongong-and-illawarra/wollongong/lilyvale,mobile-390,200,internal,yes,yes,yes,390,1371,yes,1,contain,100% 0%,no,no,
/service-areas/wollongong-and-illawarra/wollongong/maddens-plains,desktop-1440,200,internal,yes,yes,yes,1440,1010,yes,1,cover,100% 50%,no,no,
/service-areas/wollongong-and-illawarra/wollongong/maddens-plains,mobile-390,200,internal,yes,yes,yes,390,1272,yes,1,contain,100% 0%,no,no,
/service-areas/wollongong-and-illawarra/wollongong/mangerton,desktop-1440,200,internal,yes,yes,yes,1440,950,yes,1,cover,100% 50%,no,no,
/service-areas/wollongong-and-illawarra/wollongong/mangerton,mobile-390,200,internal,yes,yes,yes,390,1168,yes,1,contain,100% 0%,no,no,
/service-areas/wollongong-and-illawarra/wollongong/marshall-mount,desktop-1440,200,internal,yes,yes,yes,1440,1070,yes,1,cover,100% 50%,no,no,
/service-areas/wollongong-and-illawarra/wollongong/marshall-mount,mobile-390,200,internal,yes,yes,yes,390,1384,yes,1,contain,100% 0%,no,no,
/service-areas/wollongong-and-illawarra/wollongong/mount-keira,desktop-1440,200,internal,yes,yes,yes,1440,1098,yes,1,cover,100% 50%,no,no,
/service-areas/wollongong-and-illawarra/wollongong/mount-keira,mobile-390,200,internal,yes,yes,yes,390,1371,yes,1,contain,100% 0%,no,no,
/service-areas/wollongong-and-illawarra/wollongong/mount-kembla,desktop-1440,200,internal,yes,yes,yes,1440,1010,yes,1,cover,100% 50%,no,no,
/service-areas/wollongong-and-illawarra/wollongong/mount-kembla,mobile-390,200,internal,yes,yes,yes,390,1213,yes,1,contain,100% 0%,no,no,
/service-areas/wollongong-and-illawarra/wollongong/mount-ousley,desktop-1440,200,internal,yes,yes,yes,1440,1010,yes,1,cover,100% 50%,no,no,
/service-areas/wollongong-and-illawarra/wollongong/mount-ousley,mobile-390,200,internal,yes,yes,yes,390,1236,yes,1,contain,100% 0%,no,no,
/service-areas/wollongong-and-illawarra/wollongong/mount-pleasant,desktop-1440,200,internal,yes,yes,yes,1440,982,yes,1,cover,100% 50%,no,no,
/service-areas/wollongong-and-illawarra/wollongong/mount-pleasant,mobile-390,200,internal,yes,yes,yes,390,1168,yes,1,contain,100% 0%,no,no,
/service-areas/wollongong-and-illawarra/wollongong/mount-saint-thomas,desktop-1440,200,internal,yes,yes,yes,1440,1070,yes,1,cover,100% 50%,no,no,
/service-areas/wollongong-and-illawarra/wollongong/mount-saint-thomas,mobile-390,200,internal,yes,yes,yes,390,1303,yes,1,contain,100% 0%,no,no,
/service-areas/wollongong-and-illawarra/wollongong/north-wollongong,desktop-1440,200,internal,yes,yes,yes,1440,1010,yes,1,cover,100% 50%,no,no,
/service-areas/wollongong-and-illawarra/wollongong/north-wollongong,mobile-390,200,internal,yes,yes,yes,390,1236,yes,1,contain,100% 0%,no,no,
/service-areas/wollongong-and-illawarra/wollongong/otford,desktop-1440,200,internal,yes,yes,yes,1440,994,yes,1,cover,100% 50%,no,no,
/service-areas/wollongong-and-illawarra/wollongong/otford,mobile-390,200,internal,yes,yes,yes,390,1348,yes,1,contain,100% 0%,no,no,
/service-areas/wollongong-and-illawarra/wollongong/port-kembla,desktop-1440,200,internal,yes,yes,yes,1440,1070,yes,1,cover,100% 50%,no,no,
/service-areas/wollongong-and-illawarra/wollongong/port-kembla,mobile-390,200,internal,yes,yes,yes,390,1303,yes,1,contain,100% 0%,no,no,
/service-areas/wollongong-and-illawarra/wollongong/primbee,desktop-1440,200,internal,yes,yes,yes,1440,1098,yes,1,cover,100% 50%,no,no,
/service-areas/wollongong-and-illawarra/wollongong/primbee,mobile-390,200,internal,yes,yes,yes,390,1371,yes,1,contain,100% 0%,no,no,
/service-areas/wollongong-and-illawarra/wollongong/russell-vale,desktop-1440,200,internal,yes,yes,yes,1440,1042,yes,1,cover,100% 50%,no,no,
/service-areas/wollongong-and-illawarra/wollongong/russell-vale,mobile-390,200,internal,yes,yes,yes,390,1281,yes,1,contain,100% 0%,no,no,
/service-areas/wollongong-and-illawarra/wollongong/scarborough,desktop-1440,200,internal,yes,yes,yes,1440,1010,yes,1,cover,100% 50%,no,no,
/service-areas/wollongong-and-illawarra/wollongong/scarborough,mobile-390,200,internal,yes,yes,yes,390,1213,yes,1,contain,100% 0%,no,no,
/service-areas/wollongong-and-illawarra/wollongong/stanwell-park,desktop-1440,200,internal,yes,yes,yes,1440,1070,yes,1,cover,100% 50%,no,no,
/service-areas/wollongong-and-illawarra/wollongong/stanwell-park,mobile-390,200,internal,yes,yes,yes,390,1303,yes,1,contain,100% 0%,no,no,
/service-areas/wollongong-and-illawarra/wollongong/stanwell-tops,desktop-1440,200,internal,yes,yes,yes,1440,982,yes,1,cover,100% 50%,no,no,
/service-areas/wollongong-and-illawarra/wollongong/stanwell-tops,mobile-390,200,internal,yes,yes,yes,390,1168,yes,1,contain,100% 0%,no,no,
/service-areas/wollongong-and-illawarra/wollongong/tarrawanna,desktop-1440,200,internal,yes,yes,yes,1440,1010,yes,1,cover,100% 50%,no,no,
/service-areas/wollongong-and-illawarra/wollongong/tarrawanna,mobile-390,200,internal,yes,yes,yes,390,1213,yes,1,contain,100% 0%,no,no,
/service-areas/wollongong-and-illawarra/wollongong/thirroul,desktop-1440,200,internal,yes,yes,yes,1440,950,yes,1,cover,100% 50%,no,no,
/service-areas/wollongong-and-illawarra/wollongong/thirroul,mobile-390,200,internal,yes,yes,yes,390,1168,yes,1,contain,100% 0%,no,no,
/service-areas/wollongong-and-illawarra/wollongong/towradgi,desktop-1440,200,internal,yes,yes,yes,1440,950,yes,1,cover,100% 50%,no,no,
/service-areas/wollongong-and-illawarra/wollongong/towradgi,mobile-390,200,internal,yes,yes,yes,390,1168,yes,1,contain,100% 0%,no,no,
/service-areas/wollongong-and-illawarra/wollongong/unanderra,desktop-1440,200,internal,yes,yes,yes,1440,1098,yes,1,cover,100% 50%,no,no,
/service-areas/wollongong-and-illawarra/wollongong/unanderra,mobile-390,200,internal,yes,yes,yes,390,1393,yes,1,contain,100% 0%,no,no,
/service-areas/wollongong-and-illawarra/wollongong/warrawong,desktop-1440,200,internal,yes,yes,yes,1440,950,yes,1,cover,100% 50%,no,no,
/service-areas/wollongong-and-illawarra/wollongong/warrawong,mobile-390,200,internal,yes,yes,yes,390,1168,yes,1,contain,100% 0%,no,no,
/service-areas/wollongong-and-illawarra/wollongong/west-wollongong,desktop-1440,200,internal,yes,yes,yes,1440,1070,yes,1,cover,100% 50%,no,no,
/service-areas/wollongong-and-illawarra/wollongong/west-wollongong,mobile-390,200,internal,yes,yes,yes,390,1326,yes,1,contain,100% 0%,no,no,
/service-areas/wollongong-and-illawarra/wollongong/windang,desktop-1440,200,internal,yes,yes,yes,1440,950,yes,1,cover,100% 50%,no,no,
/service-areas/wollongong-and-illawarra/wollongong/windang,mobile-390,200,internal,yes,yes,yes,390,1168,yes,1,contain,100% 0%,no,no,
/service-areas/wollongong-and-illawarra/wollongong/wollongong,desktop-1440,200,internal,yes,yes,yes,1440,922,yes,1,cover,100% 50%,no,no,
/service-areas/wollongong-and-illawarra/wollongong/wollongong,mobile-390,200,internal,yes,yes,yes,390,1101,yes,1,contain,100% 0%,no,no,
/service-areas/wollongong-and-illawarra/wollongong/wombarra,desktop-1440,200,internal,yes,yes,yes,1440,1070,yes,1,cover,100% 50%,no,no,
/service-areas/wollongong-and-illawarra/wollongong/wombarra,mobile-390,200,internal,yes,yes,yes,390,1303,yes,1,contain,100% 0%,no,no,
/service-areas/wollongong-and-illawarra/wollongong/wongawilli,desktop-1440,200,internal,yes,yes,yes,1440,1070,yes,1,cover,100% 50%,no,no,
/service-areas/wollongong-and-illawarra/wollongong/wongawilli,mobile-390,200,internal,yes,yes,yes,390,1303,yes,1,contain,100% 0%,no,no,
/service-areas/wollongong-and-illawarra/wollongong/woonona,desktop-1440,200,internal,yes,yes,yes,1440,1098,yes,1,cover,100% 50%,no,no,
/service-areas/wollongong-and-illawarra/wollongong/woonona,mobile-390,200,internal,yes,yes,yes,390,1371,yes,1,contain,100% 0%,no,no,
/service-areas/wollongong-and-illawarra/wollongong/yallah,desktop-1440,200,internal,yes,yes,yes,1440,1026,yes,1,cover,100% 50%,no,no,
/service-areas/wollongong-and-illawarra/wollongong/yallah,mobile-390,200,internal,yes,yes,yes,390,1371,yes,1,contain,100% 0%,no,no,
/services,desktop-1440,200,internal,yes,yes,yes,1440,1180,yes,1,cover,100% 50%,no,no,
/services,mobile-390,200,internal,yes,yes,yes,390,1561,yes,1,contain,100% 0%,no,no,
/services/appliance-installation-electrician-sydney,desktop-1440,200,internal,yes,yes,yes,1440,1054,yes,1,cover,100% 50%,no,no,
/services/appliance-installation-electrician-sydney,mobile-390,200,internal,yes,yes,yes,390,1630,yes,1,contain,100% 0%,no,no,
/services/cctv-security-camera-installation-sydney,desktop-1440,200,internal,yes,yes,yes,1440,1046,yes,1,cover,100% 50%,no,no,
/services/cctv-security-camera-installation-sydney,mobile-390,200,internal,yes,yes,yes,390,1621,yes,1,contain,100% 0%,no,no,
/services/ceiling-fan-installation-sydney,desktop-1440,200,internal,yes,yes,yes,1440,950,yes,1,cover,100% 50%,no,no,
/services/ceiling-fan-installation-sydney,mobile-390,200,internal,yes,yes,yes,390,1594,yes,1,contain,100% 0%,no,no,
/services/circuit-breaker-electrician-sydney,desktop-1440,200,internal,yes,yes,yes,1440,982,yes,1,cover,100% 50%,no,no,
/services/circuit-breaker-electrician-sydney,mobile-390,200,internal,yes,yes,yes,390,1530,yes,1,contain,100% 0%,no,no,
/services/commercial-electrician-sydney,desktop-1440,200,internal,yes,yes,yes,1440,982,yes,1,cover,100% 50%,no,no,
/services/commercial-electrician-sydney,mobile-390,200,internal,yes,yes,yes,390,1689,yes,1,contain,100% 0%,no,no,
/services/consumer-mains-sydney,desktop-1440,200,internal,yes,yes,yes,1440,1210,yes,1,cover,100% 50%,no,no,
/services/consumer-mains-sydney,mobile-390,200,internal,yes,yes,yes,390,2127,yes,1,contain,100% 0%,no,no,
/services/data-cabling-electrician-sydney,desktop-1440,200,internal,yes,yes,yes,1440,1014,yes,1,cover,100% 50%,no,no,
/services/data-cabling-electrician-sydney,mobile-390,200,internal,yes,yes,yes,390,1575,yes,1,contain,100% 0%,no,no,
/services/defect-notice-repairs-sydney,desktop-1440,200,internal,yes,yes,yes,1440,1242,yes,1,cover,100% 50%,no,no,
/services/defect-notice-repairs-sydney,mobile-390,200,internal,yes,yes,yes,390,2067,yes,1,contain,100% 0%,no,no,
/services/disconnect-reconnect-electrician-sydney,desktop-1440,200,internal,yes,yes,yes,1440,1314,yes,1,cover,100% 50%,no,no,
/services/disconnect-reconnect-electrician-sydney,mobile-390,200,internal,yes,yes,yes,390,2089,yes,1,contain,100% 0%,no,no,
/services/electric-shock-electrician-sydney,desktop-1440,200,internal,yes,yes,yes,1440,950,yes,1,cover,100% 50%,no,no,
/services/electric-shock-electrician-sydney,mobile-390,200,internal,yes,yes,yes,390,1596,yes,1,contain,100% 0%,no,no,
/services/electrical-fault-finding-sydney,desktop-1440,200,internal,yes,yes,yes,1440,910,yes,1,cover,100% 50%,no,no,
/services/electrical-fault-finding-sydney,mobile-390,200,internal,yes,yes,yes,390,1594,yes,1,contain,100% 0%,no,no,
/services/electrical-load-capacity-checks-sydney,desktop-1440,200,internal,yes,yes,yes,1440,1242,yes,1,cover,100% 50%,no,no,
/services/electrical-load-capacity-checks-sydney,mobile-390,200,internal,yes,yes,yes,390,2161,yes,1,contain,100% 0%,no,no,
/services/electrical-safety-inspection-sydney,desktop-1440,200,internal,yes,yes,yes,1440,982,yes,1,cover,100% 50%,no,no,
/services/electrical-safety-inspection-sydney,mobile-390,200,internal,yes,yes,yes,390,1642,yes,1,contain,100% 0%,no,no,
/services/electrical-testing-tagging-reports-sydney,desktop-1440,200,internal,yes,yes,yes,1440,1086,yes,1,cover,100% 50%,no,no,
/services/electrical-testing-tagging-reports-sydney,mobile-390,200,internal,yes,yes,yes,390,1653,yes,1,contain,100% 0%,no,no,
/services/emergency-exit-lighting-sydney,desktop-1440,200,internal,yes,yes,yes,1440,1054,yes,1,cover,100% 50%,no,no,
/services/emergency-exit-lighting-sydney,mobile-390,200,internal,yes,yes,yes,390,1630,yes,1,contain,100% 0%,no,no,
/services/ev-charger-installation-sydney,desktop-1440,200,internal,yes,yes,yes,1440,982,yes,1,cover,100% 50%,no,no,
/services/ev-charger-installation-sydney,mobile-390,200,internal,yes,yes,yes,390,1594,yes,1,contain,100% 0%,no,no,
/services/hot-power-point-electrician-sydney,desktop-1440,200,internal,yes,yes,yes,1440,982,yes,1,cover,100% 50%,no,no,
/services/hot-power-point-electrician-sydney,mobile-390,200,internal,yes,yes,yes,390,1594,yes,1,contain,100% 0%,no,no,
/services/hot-water-system-electrician-sydney,desktop-1440,200,internal,yes,yes,yes,1440,1182,yes,1,cover,100% 50%,no,no,
/services/hot-water-system-electrician-sydney,mobile-390,200,internal,yes,yes,yes,390,1737,yes,1,contain,100% 0%,no,no,
/services/intercom-access-control-electrician-sydney,desktop-1440,200,internal,yes,yes,yes,1440,1054,yes,1,cover,100% 50%,no,no,
/services/intercom-access-control-electrician-sydney,mobile-390,200,internal,yes,yes,yes,390,1590,yes,1,contain,100% 0%,no,no,
/services/intercom-installation-sydney,desktop-1440,200,internal,yes,yes,yes,1440,1054,yes,1,cover,100% 50%,no,no,
/services/intercom-installation-sydney,mobile-390,200,internal,yes,yes,yes,390,1566,yes,1,contain,100% 0%,no,no,
/services/lighting-electrician-sydney,desktop-1440,200,internal,yes,yes,yes,1440,950,yes,1,cover,100% 50%,no,no,
/services/lighting-electrician-sydney,mobile-390,200,internal,yes,yes,yes,390,1596,yes,1,contain,100% 0%,no,no,
/services/metering-services-sydney,desktop-1440,200,internal,yes,yes,yes,1440,1314,yes,1,cover,100% 50%,no,no,
/services/metering-services-sydney,mobile-390,200,internal,yes,yes,yes,390,2005,yes,1,contain,100% 0%,no,no,
/services/new-build-renovation-electrician-sydney,desktop-1440,200,internal,yes,yes,yes,1440,1054,yes,1,cover,100% 50%,no,no,
/services/new-build-renovation-electrician-sydney,mobile-390,200,internal,yes,yes,yes,390,1677,yes,1,contain,100% 0%,no,no,
/services/overhead-service-lines-sydney,desktop-1440,200,internal,yes,yes,yes,1440,1242,yes,1,cover,100% 50%,no,no,
/services/overhead-service-lines-sydney,mobile-390,200,internal,yes,yes,yes,390,2005,yes,1,contain,100% 0%,no,no,
/services/phone-line-electrician-sydney,desktop-1440,200,internal,yes,yes,yes,1440,982,yes,1,cover,100% 50%,no,no,
/services/phone-line-electrician-sydney,mobile-390,200,internal,yes,yes,yes,390,1530,yes,1,contain,100% 0%,no,no,
/services/point-of-attachment-repairs-sydney,desktop-1440,200,internal,yes,yes,yes,1440,1242,yes,1,cover,100% 50%,no,no,
/services/point-of-attachment-repairs-sydney,mobile-390,200,internal,yes,yes,yes,390,2041,yes,1,contain,100% 0%,no,no,
/services/power-point-installation-sydney,desktop-1440,200,internal,yes,yes,yes,1440,950,yes,1,cover,100% 50%,no,no,
/services/power-point-installation-sydney,mobile-390,200,internal,yes,yes,yes,390,1596,yes,1,contain,100% 0%,no,no,
/services/private-power-pole-sydney,desktop-1440,200,internal,yes,yes,yes,1440,1242,yes,1,cover,100% 50%,no,no,
/services/private-power-pole-sydney,mobile-390,200,internal,yes,yes,yes,390,1983,yes,1,contain,100% 0%,no,no,
/services/rcd-safety-switch-repairs-sydney,desktop-1440,200,internal,yes,yes,yes,1440,950,yes,1,cover,100% 50%,no,no,
/services/rcd-safety-switch-repairs-sydney,mobile-390,200,internal,yes,yes,yes,390,1530,yes,1,contain,100% 0%,no,no,
/services/residential-electrician-sydney,desktop-1440,200,internal,yes,yes,yes,1440,982,yes,1,cover,100% 50%,no,no,
/services/residential-electrician-sydney,mobile-390,200,internal,yes,yes,yes,390,1666,yes,1,contain,100% 0%,no,no,
/services/rewiring-electrician-sydney,desktop-1440,200,internal,yes,yes,yes,1440,950,yes,1,cover,100% 50%,no,no,
/services/rewiring-electrician-sydney,mobile-390,200,internal,yes,yes,yes,390,1594,yes,1,contain,100% 0%,no,no,
/services/safety-switch-rcd-installation-sydney,desktop-1440,200,internal,yes,yes,yes,1440,982,yes,1,cover,100% 50%,no,no,
/services/safety-switch-rcd-installation-sydney,mobile-390,200,internal,yes,yes,yes,390,1530,yes,1,contain,100% 0%,no,no,
/services/smart-home-electrician-sydney,desktop-1440,200,internal,yes,yes,yes,1440,982,yes,1,cover,100% 50%,no,no,
/services/smart-home-electrician-sydney,mobile-390,200,internal,yes,yes,yes,390,1641,yes,1,contain,100% 0%,no,no,
/services/smart-meter-electrician-sydney,desktop-1440,200,internal,yes,yes,yes,1440,1044,yes,1,cover,100% 50%,no,no,
/services/smart-meter-electrician-sydney,mobile-390,200,internal,yes,yes,yes,390,1681,yes,1,contain,100% 0%,no,no,
/services/smoke-alarm-electrician-sydney,desktop-1440,200,internal,yes,yes,yes,1440,950,yes,1,cover,100% 50%,no,no,
/services/smoke-alarm-electrician-sydney,mobile-390,200,internal,yes,yes,yes,390,1572,yes,1,contain,100% 0%,no,no,
/services/split-system-air-conditioning-sydney,desktop-1440,200,internal,yes,yes,yes,1440,1110,yes,1,cover,100% 50%,no,no,
/services/split-system-air-conditioning-sydney,mobile-390,200,internal,yes,yes,yes,390,1713,yes,1,contain,100% 0%,no,no,
/services/storm-damage-electrician-sydney,desktop-1440,200,internal,yes,yes,yes,1440,982,yes,1,cover,100% 50%,no,no,
/services/storm-damage-electrician-sydney,mobile-390,200,internal,yes,yes,yes,390,1641,yes,1,contain,100% 0%,no,no,
/services/surge-protection-electrician-sydney,desktop-1440,200,internal,yes,yes,yes,1440,1054,yes,1,cover,100% 50%,no,no,
/services/surge-protection-electrician-sydney,mobile-390,200,internal,yes,yes,yes,390,1618,yes,1,contain,100% 0%,no,no,
/services/switchboard-upgrades-sydney,desktop-1440,200,internal,yes,yes,yes,1440,1254,yes,1,cover,100% 50%,no,no,
/services/switchboard-upgrades-sydney,mobile-390,200,internal,yes,yes,yes,390,931,yes,1,contain,100% 0%,no,no,
/services/testing-and-tagging-sydney,desktop-1440,200,internal,yes,yes,yes,1440,910,yes,1,cover,100% 50%,no,no,
/services/testing-and-tagging-sydney,mobile-390,200,internal,yes,yes,yes,390,1641,yes,1,contain,100% 0%,no,no,
/services/three-phase-power-sydney,desktop-1440,200,internal,yes,yes,yes,1440,1044,yes,1,cover,100% 50%,no,no,
/services/three-phase-power-sydney,mobile-390,200,internal,yes,yes,yes,390,1729,yes,1,contain,100% 0%,no,no,
/services/tv-antenna-wall-cabling-sydney,desktop-1440,200,internal,yes,yes,yes,1440,982,yes,1,cover,100% 50%,no,no,
/services/tv-antenna-wall-cabling-sydney,mobile-390,200,internal,yes,yes,yes,390,1554,yes,1,contain,100% 0%,no,no,
/services/tv-points-antenna-electrician-sydney,desktop-1440,200,internal,yes,yes,yes,1440,1054,yes,1,cover,100% 50%,no,no,
/services/tv-points-antenna-electrician-sydney,mobile-390,200,internal,yes,yes,yes,390,1566,yes,1,contain,100% 0%,no,no,
/services/underground-service-mains-sydney,desktop-1440,200,internal,yes,yes,yes,1440,1242,yes,1,cover,100% 50%,no,no,
/services/underground-service-mains-sydney,mobile-390,200,internal,yes,yes,yes,390,2065,yes,1,contain,100% 0%,no,no,
/terms,desktop-1440,200,none,no,no,no,0,0,no,,,,no,no,
/terms,mobile-390,200,none,no,no,no,0,0,no,,,,no,no,