url,page type,title,h1,word count,suspicious text found,spelling/typo warnings,grammar/spacing warnings,stale phrase warnings,CTA wording warnings,compliance warnings,duplicate/repetition warnings,missing call-first warning,missing quote CTA warning,notes
https://c0d312.github.io/evaready-electrical,homepage,Emergency & Level 2 Electrician Sydney | 60-Min Response,Emergency & Level 2 Electrical Help in Sydney & Surrounding Regions,1741,,,,,,,,,,
https://c0d312.github.io/evaready-electrical/services,services index,Electrical Services Sydney & Surrounding Regions,Electrical Services Sydney & Surrounding Regions,2484,,,,,,,,,,
https://c0d312.github.io/evaready-electrical/emergency-electrician-sydney,emergency page,Emergency Electrician Sydney | 60-Min Response,Emergency Electrician Sydney for Urgent Electrical Faults,2288,,,,,,,,,,
https://c0d312.github.io/evaready-electrical/electrical-faults,fault index,Electrical Faults Sydney & Surrounding Regions,Electrical Faults Sydney & Surrounding Regions,913,,,,,,,,,,
https://c0d312.github.io/evaready-electrical/level-2-electrician-sydney,level 2 page,Level 2 Electrician Sydney | Accredited ASP,"Level 2 Electrician Sydney for Mains, Defects & Supply Work",2364,,,,,,,,,,
https://c0d312.github.io/evaready-electrical/services/switchboard-upgrades-sydney,service page,Switchboard Upgrades Sydney | Safety Switches,Switchboard Upgrades Sydney & Surrounding Regions,1689,,,,,,,,,,
https://c0d312.github.io/evaready-electrical/service-areas,service-area index,Electrician Service Areas Sydney | Emergency & Level 2,Electricians Across Sydney & Surrounding Regions,1062,,,,,,,,,,
https://c0d312.github.io/evaready-electrical/privacy-policy,privacy policy,Privacy Policy | Evaready Electrical,Privacy Policy,827,,,,,,,,,,
https://c0d312.github.io/evaready-electrical/terms,terms,Terms | Evaready Electrical,Terms of Use,854,,,,,,,,,,
https://c0d312.github.io/evaready-electrical/services/residential-electrician-sydney,service page,Residential Electrician Sydney | Home Electrical Help,Residential Electrician Sydney & Surrounding Regions,1384,,,,,,,,,,
https://c0d312.github.io/evaready-electrical/services/commercial-electrician-sydney,service page,"Commercial Electrician Sydney | Shops, Strata & Offices",Commercial Electrician Sydney & Surrounding Regions,1360,,,,,,,,,,
https://c0d312.github.io/evaready-electrical/services/electrical-fault-finding-sydney,service page,Electrical Fault Finding Sydney | Tripping & Power Faults,Electrical Fault Finding Sydney & Surrounding Regions,1450,,,,,,,,,,
https://c0d312.github.io/evaready-electrical/services/lighting-electrician-sydney,service page,Lighting Electrician Sydney | LED & Outdoor Lighting,Lighting Electrician Sydney & Surrounding Regions,1329,,,,,,,,,,
https://c0d312.github.io/evaready-electrical/services/power-point-installation-sydney,service page,Power Point Installation Sydney | Outlets & Repairs,Power Point Installation Sydney & Surrounding Regions,1361,,,,,,,,,,
https://c0d312.github.io/evaready-electrical/services/smoke-alarm-electrician-sydney,service page,Smoke Alarm Electrician Sydney & Surrounding Regions,Smoke Alarm Electrician Sydney & Surrounding Regions,1332,,,,,,,,,,
https://c0d312.github.io/evaready-electrical/services/ev-charger-installation-sydney,service page,EV Charger Installation Sydney | Home & Business Charging,EV Charger Installation Sydney & Surrounding Regions,1345,,,,,,,,,,
https://c0d312.github.io/evaready-electrical/services/consumer-mains-sydney,service page,Consumer Mains Electrician Sydney | Level 2 Supply Work,Consumer Mains Electrician Sydney & Surrounding Regions,1623,,,,,,,,,,
https://c0d312.github.io/evaready-electrical/services/defect-notice-repairs-sydney,service page,Electrical Defect Notice Repairs Sydney,Electrical Defect Notice Repairs Sydney & Surrounding Regions,1579,,,,,,,,,,
https://c0d312.github.io/evaready-electrical/services/private-power-pole-sydney,service page,Private Power Pole Electrician Sydney,Private Power Pole Electrician Sydney & Surrounding Regions,1554,,,,,,,,,,
https://c0d312.github.io/evaready-electrical/services/hot-water-system-electrician-sydney,service page,Hot Water Electrician Sydney | Circuits & Isolators,Hot Water System Electrician Sydney & Surrounding Regions,1468,,,,,,,,,,
https://c0d312.github.io/evaready-electrical/services/split-system-air-conditioning-sydney,service page,Air Conditioning Electrician Sydney | AC Circuits,Air Conditioning Electrician Sydney & Surrounding Regions,1489,,,,,,,,,,
https://c0d312.github.io/evaready-electrical/services/cctv-security-camera-installation-sydney,service page,CCTV Electrician Sydney | Cameras & Security Cabling,CCTV Electrician Sydney & Surrounding Regions,1383,,,,,,,,,,
https://c0d312.github.io/evaready-electrical/services/data-cabling-electrician-sydney,service page,Data Cabling Electrician Sydney | Internet Points,Data Cabling Electrician Sydney & Surrounding Regions,1373,,,,,,,,,,
https://c0d312.github.io/evaready-electrical/services/ceiling-fan-installation-sydney,service page,Ceiling Fan Installation Sydney & Surrounding Regions,Ceiling Fan Installation Sydney & Surrounding Regions,1336,,,,,,,,,,
https://c0d312.github.io/evaready-electrical/services/safety-switch-rcd-installation-sydney,service page,Safety Switch Electrician Sydney | RCD & RCBO Help,Safety Switch Installation Sydney & Surrounding Regions,1351,,,,,,,,,,
https://c0d312.github.io/evaready-electrical/services/three-phase-power-sydney,service page,3 Phase Power Electrician Sydney & Surrounding Regions,3 Phase Power Electrician Sydney & Surrounding Regions,1369,,,,,,,,,,
https://c0d312.github.io/evaready-electrical/services/surge-protection-electrician-sydney,service page,Surge Protection Electrician Sydney | Switchboard SPDs,Surge Protection Electrician Sydney & Surrounding Regions,1335,,,,,,,,,,
https://c0d312.github.io/evaready-electrical/services/appliance-installation-electrician-sydney,service page,Appliance Installation Electrician Sydney,Appliance Installation Electrician Sydney & Surrounding Regions,1327,,,,,,,,,,
https://c0d312.github.io/evaready-electrical/services/rewiring-electrician-sydney,service page,Rewiring Electrician Sydney & Surrounding Regions,Rewiring Electrician Sydney & Surrounding Regions,1329,,,,,,,,,,
https://c0d312.github.io/evaready-electrical/services/metering-services-sydney,service page,Metering Services Sydney & Surrounding Regions,Metering Services Electrician Sydney & Surrounding Regions,1579,,,,,,,,,,
https://c0d312.github.io/evaready-electrical/services/new-build-renovation-electrician-sydney,service page,Renovation Electrician Sydney | New Builds & Fit-Offs,New Build & Renovation Electrician Sydney & Surrounding Regions,1389,,,,,,,,,,
https://c0d312.github.io/evaready-electrical/services/electrical-testing-tagging-reports-sydney,service page,Electrical Testing & Tagging Sydney | Safety Reports,"Electrical Testing, Tagging & Reports Sydney & Surrounding Regions",1380,,,,,,,,,,
https://c0d312.github.io/evaready-electrical/services/smart-home-electrician-sydney,service page,Smart Home Electrician Sydney & Surrounding Regions,Smart Home Electrician Sydney & Surrounding Regions,1375,,,,,,,,,,
https://c0d312.github.io/evaready-electrical/services/tv-antenna-wall-cabling-sydney,service page,"TV, Antenna & Wall Cabling Sydney & Surrounding Regions","TV, Antenna & Wall Cabling Sydney & Surrounding Regions",1382,,,,,,,,,,
https://c0d312.github.io/evaready-electrical/services/intercom-access-control-electrician-sydney,service page,Intercom & Access Control Electrician Sydney,Intercom & Access Control Electrician Sydney & Surrounding Regions,1372,,,,,,,,,,
https://c0d312.github.io/evaready-electrical/services/storm-damage-electrician-sydney,service page,Storm Damage Electrician Sydney | Water-Affected Faults,Storm Damage Electrician Sydney & Surrounding Regions,1414,,,,,,,,,,
https://c0d312.github.io/evaready-electrical/services/electrical-load-capacity-checks-sydney,service page,Electrical Load Capacity Checks Sydney,Electrical Load & Capacity Checks Sydney & Surrounding Regions,1624,,,,,,,,,,
https://c0d312.github.io/evaready-electrical/services/point-of-attachment-repairs-sydney,service page,Point of Attachment Repairs Sydney | Level 2 Help,Point of Attachment Repairs Sydney & Surrounding Regions,1639,,,,,,,,,,
https://c0d312.github.io/evaready-electrical/services/overhead-service-lines-sydney,service page,Overhead Service Lines Sydney | Level 2 Help,Overhead Service Lines Sydney & Surrounding Regions,1624,,,,,,,,,,
https://c0d312.github.io/evaready-electrical/services/underground-service-mains-sydney,service page,Underground Service Mains Sydney | Level 2 Help,Underground Service Mains Sydney & Surrounding Regions,1601,,,,,,,,,,
https://c0d312.github.io/evaready-electrical/services/disconnect-reconnect-electrician-sydney,service page,Disconnect Reconnect Electrician Sydney,Disconnect & Reconnect Electrician Sydney & Surrounding Regions,1624,,,,,,,,,,
https://c0d312.github.io/evaready-electrical/services/electrical-safety-inspection-sydney,service page,Electrical Safety Inspection Sydney,Electrical Safety Inspection Sydney & Surrounding Regions,1383,,,,,,,,,,
https://c0d312.github.io/evaready-electrical/services/testing-and-tagging-sydney,service page,Testing and Tagging Sydney | Electrical Safety,Testing and Tagging Sydney & Surrounding Regions,1367,,,,,,,,,,
https://c0d312.github.io/evaready-electrical/services/phone-line-electrician-sydney,service page,Phone Line Electrician Sydney | Cabling Help,Phone Line Electrician Sydney & Surrounding Regions,1374,,,,,,,,,,
https://c0d312.github.io/evaready-electrical/services/intercom-installation-sydney,service page,Intercom Installation Sydney | Electrician,Intercom Installation Electrician Sydney & Surrounding Regions,1361,,,,,,,,,,
https://c0d312.github.io/evaready-electrical/services/tv-points-antenna-electrician-sydney,service page,TV Points & Antenna Electrician Sydney,TV Points & Antenna Electrician Sydney & Surrounding Regions,1373,,,,,,,,,,
https://c0d312.github.io/evaready-electrical/services/emergency-exit-lighting-sydney,service page,Emergency Exit Lighting Sydney | Electrician,Emergency & Exit Lighting Electrician Sydney & Surrounding Regions,1381,,,,,,,,,,
https://c0d312.github.io/evaready-electrical/services/hot-power-point-electrician-sydney,service page,Hot Power Point Electrician Sydney,Hot Power Point Electrician Sydney & Surrounding Regions,1414,,,,,,,,,,
https://c0d312.github.io/evaready-electrical/services/electric-shock-electrician-sydney,service page,Electric Shock Electrician Sydney,Electric Shock Electrician Sydney & Surrounding Regions,1391,,,,,,,,,,
https://c0d312.github.io/evaready-electrical/services/circuit-breaker-electrician-sydney,service page,Circuit Breaker Electrician Sydney,Circuit Breaker Electrician Sydney & Surrounding Regions,1385,,,,,,,,,,
https://c0d312.github.io/evaready-electrical/services/rcd-safety-switch-repairs-sydney,service page,RCD Safety Switch Repairs Sydney,RCD Safety Switch Repairs Sydney & Surrounding Regions,1397,,,,,,,,,,
https://c0d312.github.io/evaready-electrical/services/smart-meter-electrician-sydney,service page,Smart Meter Electrician Sydney | Metering Help,Smart Meter Electrician Sydney & Surrounding Regions,1399,,,,,,,,,,
https://c0d312.github.io/evaready-electrical/electrical-faults/safety-switch-keeps-tripping,fault guide,Safety Switch Keeps Tripping Sydney & Surrounding Regions,Safety Switch Keeps Tripping,628,,,,,,,,,,
https://c0d312.github.io/evaready-electrical/electrical-faults/burning-smell-from-switchboard,fault guide,Burning Smell From Switchboard Sydney & Surrounding Regions,Burning Smell From Switchboard,621,,,,,,,,,,
https://c0d312.github.io/evaready-electrical/electrical-faults/no-power-in-one-room,fault guide,No Power In One Room Sydney & Surrounding Regions,No Power In One Room,624,,,,,,,,,,
https://c0d312.github.io/evaready-electrical/electrical-faults/no-power-to-house,fault guide,No Power To House Sydney & Surrounding Regions,No Power To House,663,,,,,,,,,,
https://c0d312.github.io/evaready-electrical/electrical-faults/power-point-sparking,fault guide,Power Point Sparking Sydney & Surrounding Regions,Power Point Sparking,600,,,,,,,,,,
https://c0d312.github.io/evaready-electrical/electrical-faults/burning-smell-from-outlet,fault guide,Burning Smell From Outlet Sydney & Surrounding Regions,Burning Smell From Outlet,640,,,,,,,,,,
https://c0d312.github.io/evaready-electrical/electrical-faults/safety-switch-trips-at-night,fault guide,Safety Switch Trips At Night Sydney & Surrounding Regions,Safety Switch Trips At Night,624,,,,,,,,,,
https://c0d312.github.io/evaready-electrical/electrical-faults/circuit-breaker-keeps-tripping,fault guide,Circuit Breaker Keeps Tripping Sydney & Surrounding Regions,Circuit Breaker Keeps Tripping,594,,,,,,,,,,
https://c0d312.github.io/evaready-electrical/electrical-faults/power-surge-damage,fault guide,Power Surge Damage Sydney & Surrounding Regions,Power Surge Damage,592,,,,,,,,,,
https://c0d312.github.io/evaready-electrical/electrical-faults/hot-power-point,fault guide,Hot Power Point Sydney & Surrounding Regions,Hot Power Point,596,,,,,,,,,,
https://c0d312.github.io/evaready-electrical/electrical-faults/lights-flickering,fault guide,Lights Flickering Sydney & Surrounding Regions,Lights Flickering,602,,,,,,,,,,
https://c0d312.github.io/evaready-electrical/electrical-faults/rcd-trips-when-raining,fault guide,RCD Trips When Raining Sydney & Surrounding Regions,RCD Trips When Raining,612,,,,,,,,,,
https://c0d312.github.io/evaready-electrical/electrical-faults/power-outage-after-storm,fault guide,Power Outage After Storm Sydney & Surrounding Regions,Power Outage After Storm,616,,,,,,,,,,
https://c0d312.github.io/evaready-electrical/electrical-faults/electric-shock-from-outlet,fault guide,Electric Shock From Outlet Sydney & Surrounding Regions,Electric Shock From Outlet,630,,,,,,,,,,
https://c0d312.github.io/evaready-electrical/electrical-faults/smoke-from-electrical-panel,fault guide,Smoke From Electrical Panel Sydney & Surrounding Regions,Smoke From Electrical Panel,619,,,,,,,,,,
https://c0d312.github.io/evaready-electrical/service-areas/canterbury-bankstown-and-inner-south-west,region page,Canterbury-Bankstown & Inner South West Electrician,"Canterbury-Bankstown & Inner South West Electrician - Emergency, Level 2 & Planned Work",991,,,,,,,,,,
https://c0d312.github.io/evaready-electrical/service-areas/st-george-and-bayside,region page,St George & Bayside Electrician | Emergency & Level 2,"St George & Bayside Electrician - Emergency, Level 2 & Planned Work",1038,,,,,,,,,,
https://c0d312.github.io/evaready-electrical/service-areas/sutherland-shire,region page,Sutherland Shire Electrician | Emergency & Level 2,"Sutherland Shire Electrician - Emergency, Level 2 & Planned Work",915,,,,,,,,,,
https://c0d312.github.io/evaready-electrical/service-areas/liverpool-and-fairfield,region page,Liverpool & Fairfield Electrician | Emergency & Level 2,"Liverpool & Fairfield Electrician - Emergency, Level 2 & Planned Work",964,,,,,,,,,,
https://c0d312.github.io/evaready-electrical/service-areas/macarthur-camden-and-wollondilly,region page,"Macarthur, Camden & Wollondilly Electrician | Emergency & Level 2","Macarthur, Camden & Wollondilly Electrician - Emergency, Level 2 & Planned Work",1015,,,,,,,,,,
https://c0d312.github.io/evaready-electrical/service-areas/inner-west-burwood-and-canada-bay,region page,"Inner West, Burwood & Canada Bay Electrician","Inner West, Burwood & Canada Bay Electrician - Emergency, Level 2 & Planned Work",1071,,,,,,,,,,
https://c0d312.github.io/evaready-electrical/service-areas/sydney-city-and-eastern-suburbs,region page,Sydney City & Eastern Suburbs Electrician | Emergency & Level 2,"Sydney City & Eastern Suburbs Electrician - Emergency, Level 2 & Planned Work",1044,,,,,,,,,,
https://c0d312.github.io/evaready-electrical/service-areas/parramatta-and-cumberland,region page,Parramatta & Cumberland Electrician | Emergency & Level 2,"Parramatta & Cumberland Electrician - Emergency, Level 2 & Planned Work",954,,,,,,,,,,
https://c0d312.github.io/evaready-electrical/service-areas/western-sydney-and-nepean,region page,Western Sydney & Nepean Electrician | Emergency & Level 2,"Western Sydney & Nepean Electrician - Emergency, Level 2 & Planned Work",992,,,,,,,,,,
https://c0d312.github.io/evaready-electrical/service-areas/hills-hawkesbury-and-hornsby,region page,"Hills, Hawkesbury & Hornsby Electrician | Emergency & Level 2","Hills, Hawkesbury & Hornsby Electrician - Emergency, Level 2 & Planned Work",1024,,,,,,,,,,
https://c0d312.github.io/evaready-electrical/service-areas/northern-sydney-and-ryde,region page,Northern Sydney & Ryde Electrician | Emergency & Level 2,"Northern Sydney & Ryde Electrician - Emergency, Level 2 & Planned Work",1100,,,,,,,,,,
https://c0d312.github.io/evaready-electrical/service-areas/northern-beaches,region page,Northern Beaches Electrician | Emergency & Level 2,"Northern Beaches Electrician - Emergency, Level 2 & Planned Work",938,,,,,,,,,,
https://c0d312.github.io/evaready-electrical/service-areas/blue-mountains,region page,Blue Mountains Electrician | Emergency & Level 2,"Blue Mountains Electrician - Emergency, Level 2 & Planned Work",931,,,,,,,,,,
https://c0d312.github.io/evaready-electrical/service-areas/wollongong-and-illawarra,region page,Wollongong & Illawarra Electrician | Emergency & Level 2,"Wollongong & Illawarra Electrician - Emergency, Level 2 & Planned Work",990,,,,,,,,,,
https://c0d312.github.io/evaready-electrical/service-areas/southern-highlands,region page,Southern Highlands Electrician | Emergency & Level 2,"Southern Highlands Electrician - Emergency, Level 2 & Planned Work",925,,,,,,,,,,
https://c0d312.github.io/evaready-electrical/service-areas/central-coast-south,region page,Central Coast South Electrician | Emergency & Level 2,"Central Coast South Electrician - Emergency, Level 2 & Planned Work",957,,,,,,,,,,
https://c0d312.github.io/evaready-electrical/service-areas/canterbury-bankstown-and-inner-south-west/canterbury-bankstown,area page,Canterbury-Bankstown Electrician | Emergency & Level 2,"Canterbury-Bankstown Electrician - Emergency, Level 2 & Planned Work",1042,,,,,,,,,,
https://c0d312.github.io/evaready-electrical/service-areas/st-george-and-bayside/bayside-and-airport,area page,Bayside & Airport Electrician | St George & Bayside,"Bayside & Airport Electrician - Emergency, Level 2 & Planned Work",968,,,,,,,,,,
https://c0d312.github.io/evaready-electrical/service-areas/st-george-and-bayside/georges-river,area page,Georges River Electrician | St George & Bayside,"Georges River Electrician - Emergency, Level 2 & Planned Work",1005,,,,,,,,,,
https://c0d312.github.io/evaready-electrical/service-areas/st-george-and-bayside/rockdale-and-bexley,area page,Rockdale & Bexley Electrician | St George & Bayside,"Rockdale & Bexley Electrician - Emergency, Level 2 & Planned Work",966,,,,,,,,,,
https://c0d312.github.io/evaready-electrical/service-areas/sutherland-shire/sutherland-shire,area page,Sutherland Shire Electrician | Sutherland Shire,"Sutherland Shire Electrician - Emergency, Level 2 & Planned Work",1069,,,,,,,,,,
https://c0d312.github.io/evaready-electrical/service-areas/liverpool-and-fairfield/fairfield,area page,Fairfield Electrician | Liverpool & Fairfield,"Fairfield Electrician - Emergency, Level 2 & Planned Work",993,,,,,,,,,,
https://c0d312.github.io/evaready-electrical/service-areas/liverpool-and-fairfield/liverpool,area page,Liverpool Electrician | Liverpool & Fairfield,"Liverpool Electrician - Emergency, Level 2 & Planned Work",1019,,,,,,,,,,
https://c0d312.github.io/evaready-electrical/service-areas/macarthur-camden-and-wollondilly/camden,area page,"Camden Electrician | Macarthur, Camden & Wollondilly","Camden Electrician - Emergency, Level 2 & Planned Work",972,,,,,,,,,,
https://c0d312.github.io/evaready-electrical/service-areas/macarthur-camden-and-wollondilly/campbelltown,area page,"Campbelltown Electrician | Macarthur, Camden & Wollondilly","Campbelltown Electrician - Emergency, Level 2 & Planned Work",1031,,,,,,,,,,
https://c0d312.github.io/evaready-electrical/service-areas/macarthur-camden-and-wollondilly/wollondilly,area page,"Wollondilly Electrician | Macarthur, Camden & Wollondilly","Wollondilly Electrician - Emergency, Level 2 & Planned Work",994,,,,,,,,,,
https://c0d312.github.io/evaready-electrical/service-areas/inner-west-burwood-and-canada-bay/burwood,area page,"Burwood Electrician | Inner West, Burwood & Canada Bay","Burwood Electrician - Emergency, Level 2 & Planned Work",898,,,,,,,,,,
https://c0d312.github.io/evaready-electrical/service-areas/inner-west-burwood-and-canada-bay/canada-bay,area page,"Canada Bay Electrician | Inner West, Burwood & Canada Bay","Canada Bay Electrician - Emergency, Level 2 & Planned Work",973,,,,,,,,,,
https://c0d312.github.io/evaready-electrical/service-areas/inner-west-burwood-and-canada-bay/inner-west,area page,"Inner West Electrician | Inner West, Burwood & Canada Bay","Inner West Electrician - Emergency, Level 2 & Planned Work",1005,,,,,,,,,,
https://c0d312.github.io/evaready-electrical/service-areas/inner-west-burwood-and-canada-bay/strathfield,area page,"Strathfield Electrician | Inner West, Burwood & Canada Bay","Strathfield Electrician - Emergency, Level 2 & Planned Work",895,,,,,,,,,,
https://c0d312.github.io/evaready-electrical/service-areas/sydney-city-and-eastern-suburbs/randwick,area page,Randwick Electrician | Sydney City & Eastern Suburbs,"Randwick Electrician - Emergency, Level 2 & Planned Work",925,,,,,,,,,,
https://c0d312.github.io/evaready-electrical/service-areas/sydney-city-and-eastern-suburbs/sydney,area page,Sydney Electrician | Sydney City & Eastern Suburbs,"Sydney Electrician - Emergency, Level 2 & Planned Work",987,,,,,,,,,,
https://c0d312.github.io/evaready-electrical/service-areas/sydney-city-and-eastern-suburbs/waverley,area page,Waverley Electrician | Sydney City & Eastern Suburbs,"Waverley Electrician - Emergency, Level 2 & Planned Work",915,,,,,,,,,,
https://c0d312.github.io/evaready-electrical/service-areas/sydney-city-and-eastern-suburbs/woollahra,area page,Woollahra Electrician | Sydney City & Eastern Suburbs,"Woollahra Electrician - Emergency, Level 2 & Planned Work",906,,,,,,,,,,
https://c0d312.github.io/evaready-electrical/service-areas/parramatta-and-cumberland/cumberland,area page,Cumberland Electrician | Parramatta & Cumberland,"Cumberland Electrician - Emergency, Level 2 & Planned Work",949,,,,,,,,,,
https://c0d312.github.io/evaready-electrical/service-areas/parramatta-and-cumberland/parramatta,area page,Parramatta Electrician | Parramatta & Cumberland,"Parramatta Electrician - Emergency, Level 2 & Planned Work",976,,,,,,,,,,
https://c0d312.github.io/evaready-electrical/service-areas/western-sydney-and-nepean/blacktown,area page,Blacktown Electrician | Western Sydney & Nepean,"Blacktown Electrician - Emergency, Level 2 & Planned Work",1064,,,,,,,,,,
https://c0d312.github.io/evaready-electrical/service-areas/western-sydney-and-nepean/penrith,area page,Penrith Electrician | Western Sydney & Nepean,"Penrith Electrician - Emergency, Level 2 & Planned Work",1013,,,,,,,,,,
https://c0d312.github.io/evaready-electrical/service-areas/hills-hawkesbury-and-hornsby/hawkesbury,area page,"Hawkesbury Electrician | Hills, Hawkesbury & Hornsby","Hawkesbury Electrician - Emergency, Level 2 & Planned Work",1049,,,,,,,,,,
https://c0d312.github.io/evaready-electrical/service-areas/hills-hawkesbury-and-hornsby/hills-district,area page,"Hills District Electrician | Hills, Hawkesbury & Hornsby","Hills District Electrician - Emergency, Level 2 & Planned Work",1001,,,,,,,,,,
https://c0d312.github.io/evaready-electrical/service-areas/hills-hawkesbury-and-hornsby/hornsby,area page,"Hornsby Electrician | Hills, Hawkesbury & Hornsby","Hornsby Electrician - Emergency, Level 2 & Planned Work",1000,,,,,,,,,,
https://c0d312.github.io/evaready-electrical/service-areas/northern-sydney-and-ryde/hunters-hill,area page,Hunters Hill Electrician | Northern Sydney & Ryde,"Hunters Hill Electrician - Emergency, Level 2 & Planned Work",911,,,,,,,,,,
https://c0d312.github.io/evaready-electrical/service-areas/northern-sydney-and-ryde/ku-ring-gai,area page,Ku-ring-gai Electrician | Northern Sydney & Ryde,"Ku-ring-gai Electrician - Emergency, Level 2 & Planned Work",939,,,,,,,,,,
https://c0d312.github.io/evaready-electrical/service-areas/northern-sydney-and-ryde/lane-cove,area page,Lane Cove Electrician | Northern Sydney & Ryde,"Lane Cove Electrician - Emergency, Level 2 & Planned Work",930,,,,,,,,,,
https://c0d312.github.io/evaready-electrical/service-areas/northern-sydney-and-ryde/mosman,area page,Mosman Electrician | Northern Sydney & Ryde,"Mosman Electrician - Emergency, Level 2 & Planned Work",864,,,,,,,,,,
https://c0d312.github.io/evaready-electrical/service-areas/northern-sydney-and-ryde/north-sydney,area page,North Sydney Electrician | Northern Sydney & Ryde,"North Sydney Electrician - Emergency, Level 2 & Planned Work",945,,,,,,,,,,
https://c0d312.github.io/evaready-electrical/service-areas/northern-sydney-and-ryde/ryde,area page,Ryde Electrician | Northern Sydney & Ryde,"Ryde Electrician - Emergency, Level 2 & Planned Work",927,,,,,,,,,,
https://c0d312.github.io/evaready-electrical/service-areas/northern-sydney-and-ryde/willoughby,area page,Willoughby Electrician | Northern Sydney & Ryde,"Willoughby Electrician - Emergency, Level 2 & Planned Work",909,,,,,,,,,,
https://c0d312.github.io/evaready-electrical/service-areas/northern-beaches/northern-beaches,area page,Northern Beaches Electrician | Northern Beaches,"Northern Beaches Electrician - Emergency, Level 2 & Planned Work",1132,,,,,,,,,,
https://c0d312.github.io/evaready-electrical/service-areas/blue-mountains/blue-mountains,area page,Blue Mountains Electrician | Blue Mountains,"Blue Mountains Electrician - Emergency, Level 2 & Planned Work",977,,,,,,,,,,
https://c0d312.github.io/evaready-electrical/service-areas/wollongong-and-illawarra/minnamurra-and-kiama-downs,area page,Minnamurra & Kiama Downs Electrician | Wollongong & Illawarra,"Minnamurra & Kiama Downs Electrician - Emergency, Level 2 & Planned Work",936,,,,,,,,,,
https://c0d312.github.io/evaready-electrical/service-areas/wollongong-and-illawarra/shellharbour,area page,Shellharbour Electrician | Wollongong & Illawarra,"Shellharbour Electrician - Emergency, Level 2 & Planned Work",949,,,,,,,,,,
https://c0d312.github.io/evaready-electrical/service-areas/wollongong-and-illawarra/wollongong,area page,Wollongong Electrician | Wollongong & Illawarra,"Wollongong Electrician - Emergency, Level 2 & Planned Work",1139,,,,,,,,,,
https://c0d312.github.io/evaready-electrical/service-areas/southern-highlands/wingecarribee,area page,Wingecarribee Electrician | Southern Highlands,"Wingecarribee Electrician - Emergency, Level 2 & Planned Work",984,,,,,,,,,,
https://c0d312.github.io/evaready-electrical/service-areas/central-coast-south/central-coast,area page,Central Coast Electrician | Central Coast South,"Central Coast Electrician - Emergency, Level 2 & Planned Work",1061,,,,,,,,,,
https://c0d312.github.io/evaready-electrical/service-areas/canterbury-bankstown-and-inner-south-west/canterbury-bankstown/bankstown,suburb page,Electrician Bankstown 2200 | Emergency & Level 2,Electrician Bankstown 2200,2693,,,,,,,,,,
https://c0d312.github.io/evaready-electrical/service-areas/canterbury-bankstown-and-inner-south-west/canterbury-bankstown/bass-hill,suburb page,Electrician Bass Hill 2197 | Emergency & Level 2,Electrician Bass Hill 2197,2797,,,,,,,,,,
https://c0d312.github.io/evaready-electrical/service-areas/canterbury-bankstown-and-inner-south-west/canterbury-bankstown/belfield,suburb page,Electrician Belfield 2191 | Emergency & Level 2,Electrician Belfield 2191,2715,,,,,,,,,,
https://c0d312.github.io/evaready-electrical/service-areas/canterbury-bankstown-and-inner-south-west/canterbury-bankstown/belmore,suburb page,Electrician Belmore 2192 | Emergency & Level 2,Electrician Belmore 2192,2675,,,,,,,,,,
https://c0d312.github.io/evaready-electrical/service-areas/canterbury-bankstown-and-inner-south-west/canterbury-bankstown/beverly-hills,suburb page,Electrician Beverly Hills 2209 | Emergency & Level 2,Electrician Beverly Hills 2209,2808,,,,,,,,,,
https://c0d312.github.io/evaready-electrical/service-areas/canterbury-bankstown-and-inner-south-west/canterbury-bankstown/birrong,suburb page,Electrician Birrong 2143 | Emergency & Level 2,Electrician Birrong 2143,2704,,,,,,,,,,
https://c0d312.github.io/evaready-electrical/service-areas/canterbury-bankstown-and-inner-south-west/canterbury-bankstown/campsie,suburb page,Electrician Campsie 2194 | Emergency & Level 2,Electrician Campsie 2194,2702,,,,,,,,,,
https://c0d312.github.io/evaready-electrical/service-areas/canterbury-bankstown-and-inner-south-west/canterbury-bankstown/canterbury,suburb page,Electrician Canterbury 2193 | Emergency & Level 2,Electrician Canterbury 2193,2715,,,,,,,,,,
https://c0d312.github.io/evaready-electrical/service-areas/canterbury-bankstown-and-inner-south-west/canterbury-bankstown/chester-hill,suburb page,Electrician Chester Hill 2162 | Emergency & Level 2,Electrician Chester Hill 2162,2783,,,,,,,,,,
https://c0d312.github.io/evaready-electrical/service-areas/canterbury-bankstown-and-inner-south-west/canterbury-bankstown/clemton-park,suburb page,Electrician Clemton Park 2206 | Emergency & Level 2,Electrician Clemton Park 2206,2820,,,,,,,,,,
https://c0d312.github.io/evaready-electrical/service-areas/canterbury-bankstown-and-inner-south-west/canterbury-bankstown/condell-park,suburb page,Electrician Condell Park 2200 | Emergency & Level 2,Electrician Condell Park 2200,2791,,,,,,,,,,
https://c0d312.github.io/evaready-electrical/service-areas/canterbury-bankstown-and-inner-south-west/canterbury-bankstown/earlwood,suburb page,Electrician Earlwood 2206 | Emergency & Level 2,Electrician Earlwood 2206,2782,,,,,,,,,,
https://c0d312.github.io/evaready-electrical/service-areas/canterbury-bankstown-and-inner-south-west/canterbury-bankstown/east-hills,suburb page,Electrician East Hills 2213 | Emergency & Level 2,Electrician East Hills 2213,2788,,,,,,,,,,
https://c0d312.github.io/evaready-electrical/service-areas/canterbury-bankstown-and-inner-south-west/canterbury-bankstown/georges-hall,suburb page,Electrician Georges Hall 2198 | Emergency & Level 2,Electrician Georges Hall 2198,2831,,,,,,,,,,
https://c0d312.github.io/evaready-electrical/service-areas/canterbury-bankstown-and-inner-south-west/canterbury-bankstown/greenacre,suburb page,Electrician Greenacre 2190 | Emergency & Level 2,Electrician Greenacre 2190,2762,,,,,,,,,,
https://c0d312.github.io/evaready-electrical/service-areas/canterbury-bankstown-and-inner-south-west/canterbury-bankstown/kingsgrove,suburb page,Electrician Kingsgrove 2208 | Emergency & Level 2,Electrician Kingsgrove 2208,2715,,,,,,,,,,
https://c0d312.github.io/evaready-electrical/service-areas/canterbury-bankstown-and-inner-south-west/canterbury-bankstown/lakemba,suburb page,Electrician Lakemba 2195 | Emergency & Level 2,Electrician Lakemba 2195,2684,,,,,,,,,,
https://c0d312.github.io/evaready-electrical/service-areas/canterbury-bankstown-and-inner-south-west/canterbury-bankstown/lansdowne,suburb page,Electrician Lansdowne 2163 | Emergency & Level 2,Electrician Lansdowne 2163,2751,,,,,,,,,,
https://c0d312.github.io/evaready-electrical/service-areas/canterbury-bankstown-and-inner-south-west/canterbury-bankstown/milperra,suburb page,Electrician Milperra 2214 | Emergency & Level 2,Electrician Milperra 2214,2696,,,,,,,,,,
https://c0d312.github.io/evaready-electrical/service-areas/canterbury-bankstown-and-inner-south-west/canterbury-bankstown/mount-lewis,suburb page,Electrician Mount Lewis 2190 | Emergency & Level 2,Electrician Mount Lewis 2190,2779,,,,,,,,,,
https://c0d312.github.io/evaready-electrical/service-areas/canterbury-bankstown-and-inner-south-west/canterbury-bankstown/narwee,suburb page,Electrician Narwee 2209 | Emergency & Level 2,Electrician Narwee 2209,2673,,,,,,,,,,
https://c0d312.github.io/evaready-electrical/service-areas/canterbury-bankstown-and-inner-south-west/canterbury-bankstown/padstow,suburb page,Electrician Padstow 2211 | Emergency & Level 2,Electrician Padstow 2211,2696,,,,,,,,,,
https://c0d312.github.io/evaready-electrical/service-areas/canterbury-bankstown-and-inner-south-west/canterbury-bankstown/padstow-heights,suburb page,Electrician Padstow Heights 2211 | Emergency & Level 2,Electrician Padstow Heights 2211,2821,,,,,,,,,,
https://c0d312.github.io/evaready-electrical/service-areas/canterbury-bankstown-and-inner-south-west/canterbury-bankstown/panania,suburb page,Electrician Panania 2213 | Emergency & Level 2,Electrician Panania 2213,2673,,,,,,,,,,
https://c0d312.github.io/evaready-electrical/service-areas/canterbury-bankstown-and-inner-south-west/canterbury-bankstown/picnic-point,suburb page,Electrician Picnic Point 2213 | Emergency & Level 2,Electrician Picnic Point 2213,2826,,,,,,,,,,
https://c0d312.github.io/evaready-electrical/service-areas/canterbury-bankstown-and-inner-south-west/canterbury-bankstown/potts-hill,suburb page,Electrician Potts Hill 2143 | Emergency & Level 2,Electrician Potts Hill 2143,2768,,,,,,,,,,
https://c0d312.github.io/evaready-electrical/service-areas/canterbury-bankstown-and-inner-south-west/canterbury-bankstown/punchbowl,suburb page,Electrician Punchbowl 2196 | Emergency & Level 2,Electrician Punchbowl 2196,2711,,,,,,,,,,
https://c0d312.github.io/evaready-electrical/service-areas/canterbury-bankstown-and-inner-south-west/canterbury-bankstown/revesby,suburb page,Electrician Revesby 2212 | Emergency & Level 2,Electrician Revesby 2212,2725,,,,,,,,,,
https://c0d312.github.io/evaready-electrical/service-areas/canterbury-bankstown-and-inner-south-west/canterbury-bankstown/revesby-heights,suburb page,Electrician Revesby Heights 2212 | Emergency & Level 2,Electrician Revesby Heights 2212,2842,,,,,,,,,,
https://c0d312.github.io/evaready-electrical/service-areas/canterbury-bankstown-and-inner-south-west/canterbury-bankstown/riverwood,suburb page,Electrician Riverwood 2210 | Emergency & Level 2,Electrician Riverwood 2210,2701,,,,,,,,,,
https://c0d312.github.io/evaready-electrical/service-areas/canterbury-bankstown-and-inner-south-west/canterbury-bankstown/roselands,suburb page,Electrician Roselands 2196 | Emergency & Level 2,Electrician Roselands 2196,2693,,,,,,,,,,
https://c0d312.github.io/evaready-electrical/service-areas/canterbury-bankstown-and-inner-south-west/canterbury-bankstown/sefton,suburb page,Electrician Sefton 2162 | Emergency & Level 2,Electrician Sefton 2162,2711,,,,,,,,,,
https://c0d312.github.io/evaready-electrical/service-areas/canterbury-bankstown-and-inner-south-west/canterbury-bankstown/villawood,suburb page,Electrician Villawood 2163 | Emergency & Level 2,Electrician Villawood 2163,2692,,,,,,,,,,
https://c0d312.github.io/evaready-electrical/service-areas/canterbury-bankstown-and-inner-south-west/canterbury-bankstown/wiley-park,suburb page,Electrician Wiley Park 2195 | Emergency & Level 2,Electrician Wiley Park 2195,2771,,,,,,,,,,
https://c0d312.github.io/evaready-electrical/service-areas/canterbury-bankstown-and-inner-south-west/canterbury-bankstown/yagoona,suburb page,Electrician Yagoona 2199 | Emergency & Level 2,Electrician Yagoona 2199,2709,,,,,,,,,,
https://c0d312.github.io/evaready-electrical/service-areas/st-george-and-bayside/bayside-and-airport/banksmeadow,suburb page,Electrician Banksmeadow 2019 | Emergency & Level 2,Electrician Banksmeadow 2019,2721,,,,,,,,,,
https://c0d312.github.io/evaready-electrical/service-areas/st-george-and-bayside/bayside-and-airport/botany,suburb page,Electrician Botany 2019 | Emergency & Level 2,Electrician Botany 2019,2715,,,,,,,,,,
https://c0d312.github.io/evaready-electrical/service-areas/st-george-and-bayside/bayside-and-airport/daceyville,suburb page,Electrician Daceyville 2032 | Emergency & Level 2,Electrician Daceyville 2032,2706,,,,,,,,,,
https://c0d312.github.io/evaready-electrical/service-areas/st-george-and-bayside/bayside-and-airport/eastgardens,suburb page,Electrician Eastgardens 2036 | Emergency & Level 2,Electrician Eastgardens 2036,2765,,,,,,,,,,
https://c0d312.github.io/evaready-electrical/service-areas/st-george-and-bayside/bayside-and-airport/eastlakes,suburb page,Electrician Eastlakes 2018 | Emergency & Level 2,Electrician Eastlakes 2018,2751,,,,,,,,,,
https://c0d312.github.io/evaready-electrical/service-areas/st-george-and-bayside/bayside-and-airport/hillsdale,suburb page,Electrician Hillsdale 2036 | Emergency & Level 2,Electrician Hillsdale 2036,2717,,,,,,,,,,
https://c0d312.github.io/evaready-electrical/service-areas/st-george-and-bayside/bayside-and-airport/mascot,suburb page,Electrician Mascot 2020 | Emergency & Level 2,Electrician Mascot 2020,2813,,,,,,,,,,
https://c0d312.github.io/evaready-electrical/service-areas/st-george-and-bayside/bayside-and-airport/pagewood,suburb page,Electrician Pagewood 2035 | Emergency & Level 2,Electrician Pagewood 2035,2728,,,,,,,,,,
https://c0d312.github.io/evaready-electrical/service-areas/st-george-and-bayside/bayside-and-airport/rosebery,suburb page,Electrician Rosebery 2018 | Emergency & Level 2,Electrician Rosebery 2018,2706,,,,,,,,,,
https://c0d312.github.io/evaready-electrical/service-areas/st-george-and-bayside/georges-river/allawah,suburb page,Electrician Allawah 2218 | Emergency & Level 2,Electrician Allawah 2218,2731,,,,,,,,,,
https://c0d312.github.io/evaready-electrical/service-areas/st-george-and-bayside/georges-river/beverley-park,suburb page,Electrician Beverley Park 2217 | Emergency & Level 2,Electrician Beverley Park 2217,2797,,,,,,,,,,
https://c0d312.github.io/evaready-electrical/service-areas/st-george-and-bayside/georges-river/blakehurst,suburb page,Electrician Blakehurst 2221 | Emergency & Level 2,Electrician Blakehurst 2221,2751,,,,,,,,,,
https://c0d312.github.io/evaready-electrical/service-areas/st-george-and-bayside/georges-river/carlton,suburb page,Electrician Carlton 2218 | Emergency & Level 2,Electrician Carlton 2218,2744,,,,,,,,,,
https://c0d312.github.io/evaready-electrical/service-areas/st-george-and-bayside/georges-river/carss-park,suburb page,Electrician Carss Park 2221 | Emergency & Level 2,Electrician Carss Park 2221,2797,,,,,,,,,,
https://c0d312.github.io/evaready-electrical/service-areas/st-george-and-bayside/georges-river/connells-point,suburb page,Electrician Connells Point 2221 | Emergency & Level 2,Electrician Connells Point 2221,2847,,,,,,,,,,
https://c0d312.github.io/evaready-electrical/service-areas/st-george-and-bayside/georges-river/hurstville,suburb page,Electrician Hurstville 2220 | Emergency & Level 2,Electrician Hurstville 2220,2823,,,,,,,,,,
https://c0d312.github.io/evaready-electrical/service-areas/st-george-and-bayside/georges-river/hurstville-grove,suburb page,Electrician Hurstville Grove 2220 | Emergency & Level 2,Electrician Hurstville Grove 2220,2841,,,,,,,,,,
https://c0d312.github.io/evaready-electrical/service-areas/st-george-and-bayside/georges-river/kogarah,suburb page,Electrician Kogarah 2217 | Emergency & Level 2,Electrician Kogarah 2217,2803,,,,,,,,,,
https://c0d312.github.io/evaready-electrical/service-areas/st-george-and-bayside/georges-river/kogarah-bay,suburb page,Electrician Kogarah Bay 2217 | Emergency & Level 2,Electrician Kogarah Bay 2217,2812,,,,,,,,,,
https://c0d312.github.io/evaready-electrical/service-areas/st-george-and-bayside/georges-river/kyle-bay,suburb page,Electrician Kyle Bay 2221 | Emergency & Level 2,Electrician Kyle Bay 2221,2827,,,,,,,,,,
https://c0d312.github.io/evaready-electrical/service-areas/st-george-and-bayside/georges-river/lugarno,suburb page,Electrician Lugarno 2210 | Emergency & Level 2,Electrician Lugarno 2210,2721,,,,,,,,,,
https://c0d312.github.io/evaready-electrical/service-areas/st-george-and-bayside/georges-river/mortdale,suburb page,Electrician Mortdale 2223 | Emergency & Level 2,Electrician Mortdale 2223,2775,,,,,,,,,,
https://c0d312.github.io/evaready-electrical/service-areas/st-george-and-bayside/georges-river/oatley,suburb page,Electrician Oatley 2223 | Emergency & Level 2,Electrician Oatley 2223,2737,,,,,,,,,,
https://c0d312.github.io/evaready-electrical/service-areas/st-george-and-bayside/georges-river/peakhurst,suburb page,Electrician Peakhurst 2210 | Emergency & Level 2,Electrician Peakhurst 2210,2689,,,,,,,,,,
https://c0d312.github.io/evaready-electrical/service-areas/st-george-and-bayside/georges-river/peakhurst-heights,suburb page,Electrician Peakhurst Heights 2210 | Emergency & Level 2,Electrician Peakhurst Heights 2210,2803,,,,,,,,,,
https://c0d312.github.io/evaready-electrical/service-areas/st-george-and-bayside/georges-river/penshurst,suburb page,Electrician Penshurst 2222 | Emergency & Level 2,Electrician Penshurst 2222,2760,,,,,,,,,,
https://c0d312.github.io/evaready-electrical/service-areas/st-george-and-bayside/georges-river/ramsgate,suburb page,Electrician Ramsgate 2217 | Emergency & Level 2,Electrician Ramsgate 2217,2739,,,,,,,,,,
https://c0d312.github.io/evaready-electrical/service-areas/st-george-and-bayside/georges-river/sans-souci,suburb page,Electrician Sans Souci 2219 | Emergency & Level 2,Electrician Sans Souci 2219,2802,,,,,,,,,,
https://c0d312.github.io/evaready-electrical/service-areas/st-george-and-bayside/georges-river/south-hurstville,suburb page,Electrician South Hurstville 2221 | Emergency & Level 2,Electrician South Hurstville 2221,2830,,,,,,,,,,
https://c0d312.github.io/evaready-electrical/service-areas/st-george-and-bayside/rockdale-and-bexley/arncliffe,suburb page,Electrician Arncliffe 2205 | Emergency & Level 2,Electrician Arncliffe 2205,2669,,,,,,,,,,
https://c0d312.github.io/evaready-electrical/service-areas/st-george-and-bayside/rockdale-and-bexley/banksia,suburb page,Electrician Banksia 2216 | Emergency & Level 2,Electrician Banksia 2216,2668,,,,,,,,,,
https://c0d312.github.io/evaready-electrical/service-areas/st-george-and-bayside/rockdale-and-bexley/bardwell-park,suburb page,Electrician Bardwell Park 2207 | Emergency & Level 2,Electrician Bardwell Park 2207,2714,,,,,,,,,,
https://c0d312.github.io/evaready-electrical/service-areas/st-george-and-bayside/rockdale-and-bexley/bardwell-valley,suburb page,Electrician Bardwell Valley 2207 | Emergency & Level 2,Electrician Bardwell Valley 2207,2706,,,,,,,,,,
https://c0d312.github.io/evaready-electrical/service-areas/st-george-and-bayside/rockdale-and-bexley/bexley,suburb page,Electrician Bexley 2207 | Emergency & Level 2,Electrician Bexley 2207,2654,,,,,,,,,,
https://c0d312.github.io/evaready-electrical/service-areas/st-george-and-bayside/rockdale-and-bexley/bexley-north,suburb page,Electrician Bexley North 2207 | Emergency & Level 2,Electrician Bexley North 2207,2721,,,,,,,,,,
https://c0d312.github.io/evaready-electrical/service-areas/st-george-and-bayside/rockdale-and-bexley/brighton-le-sands,suburb page,Electrician Brighton-le-Sands 2216 | Emergency & Level 2,Electrician Brighton-le-Sands 2216,2638,,,,,,,,,,
https://c0d312.github.io/evaready-electrical/service-areas/st-george-and-bayside/rockdale-and-bexley/dolls-point,suburb page,Electrician Dolls Point 2219 | Emergency & Level 2,Electrician Dolls Point 2219,2723,,,,,,,,,,
https://c0d312.github.io/evaready-electrical/service-areas/st-george-and-bayside/rockdale-and-bexley/kyeemagh,suburb page,Electrician Kyeemagh 2216 | Emergency & Level 2,Electrician Kyeemagh 2216,2622,,,,,,,,,,
https://c0d312.github.io/evaready-electrical/service-areas/st-george-and-bayside/rockdale-and-bexley/monterey,suburb page,Electrician Monterey 2217 | Emergency & Level 2,Electrician Monterey 2217,2653,,,,,,,,,,
https://c0d312.github.io/evaready-electrical/service-areas/st-george-and-bayside/rockdale-and-bexley/ramsgate-beach,suburb page,Electrician Ramsgate Beach 2217 | Emergency & Level 2,Electrician Ramsgate Beach 2217,2739,,,,,,,,,,
https://c0d312.github.io/evaready-electrical/service-areas/st-george-and-bayside/rockdale-and-bexley/rockdale,suburb page,Electrician Rockdale 2216 | Emergency & Level 2,Electrician Rockdale 2216,2644,,,,,,,,,,
https://c0d312.github.io/evaready-electrical/service-areas/st-george-and-bayside/rockdale-and-bexley/sandringham,suburb page,Electrician Sandringham 2219 | Emergency & Level 2,Electrician Sandringham 2219,2652,,,,,,,,,,
https://c0d312.github.io/evaready-electrical/service-areas/st-george-and-bayside/rockdale-and-bexley/turrella,suburb page,Electrician Turrella 2205 | Emergency & Level 2,Electrician Turrella 2205,2657,,,,,,,,,,
https://c0d312.github.io/evaready-electrical/service-areas/st-george-and-bayside/rockdale-and-bexley/wolli-creek,suburb page,Electrician Wolli Creek 2205 | Emergency & Level 2,Electrician Wolli Creek 2205,2749,,,,,,,,,,
https://c0d312.github.io/evaready-electrical/service-areas/sutherland-shire/sutherland-shire/alfords-point,suburb page,Electrician Alfords Point 2234 | Emergency & Level 2,Electrician Alfords Point 2234,2741,,,,,,,,,,
https://c0d312.github.io/evaready-electrical/service-areas/sutherland-shire/sutherland-shire/bangor,suburb page,Electrician Bangor 2234 | Emergency & Level 2,Electrician Bangor 2234,2663,,,,,,,,,,
https://c0d312.github.io/evaready-electrical/service-areas/sutherland-shire/sutherland-shire/barden-ridge,suburb page,Electrician Barden Ridge 2234 | Emergency & Level 2,Electrician Barden Ridge 2234,2750,,,,,,,,,,
https://c0d312.github.io/evaready-electrical/service-areas/sutherland-shire/sutherland-shire/bonnet-bay,suburb page,Electrician Bonnet Bay 2226 | Emergency & Level 2,Electrician Bonnet Bay 2226,2727,,,,,,,,,,
https://c0d312.github.io/evaready-electrical/service-areas/sutherland-shire/sutherland-shire/bundeena,suburb page,Electrician Bundeena 2230 | Emergency & Level 2,Electrician Bundeena 2230,2633,,,,,,,,,,
https://c0d312.github.io/evaready-electrical/service-areas/sutherland-shire/sutherland-shire/burraneer,suburb page,Electrician Burraneer 2230 | Emergency & Level 2,Electrician Burraneer 2230,2667,,,,,,,,,,
https://c0d312.github.io/evaready-electrical/service-areas/sutherland-shire/sutherland-shire/caringbah,suburb page,Electrician Caringbah 2229 | Emergency & Level 2,Electrician Caringbah 2229,2642,,,,,,,,,,
https://c0d312.github.io/evaready-electrical/service-areas/sutherland-shire/sutherland-shire/caringbah-south,suburb page,Electrician Caringbah South 2229 | Emergency & Level 2,Electrician Caringbah South 2229,2730,,,,,,,,,,
https://c0d312.github.io/evaready-electrical/service-areas/sutherland-shire/sutherland-shire/como,suburb page,Electrician Como 2226 | Emergency & Level 2,Electrician Como 2226,2629,,,,,,,,,,
https://c0d312.github.io/evaready-electrical/service-areas/sutherland-shire/sutherland-shire/cronulla,suburb page,Electrician Cronulla 2230 | Emergency & Level 2,Electrician Cronulla 2230,2609,,,,,,,,,,
https://c0d312.github.io/evaready-electrical/service-areas/sutherland-shire/sutherland-shire/dolans-bay,suburb page,Electrician Dolans Bay 2229 | Emergency & Level 2,Electrician Dolans Bay 2229,2740,,,,,,,,,,
https://c0d312.github.io/evaready-electrical/service-areas/sutherland-shire/sutherland-shire/engadine,suburb page,Electrician Engadine 2233 | Emergency & Level 2,Electrician Engadine 2233,2652,,,,,,,,,,
https://c0d312.github.io/evaready-electrical/service-areas/sutherland-shire/sutherland-shire/grays-point,suburb page,Electrician Grays Point 2232 | Emergency & Level 2,Electrician Grays Point 2232,2735,,,,,,,,,,
https://c0d312.github.io/evaready-electrical/service-areas/sutherland-shire/sutherland-shire/greenhills-beach,suburb page,Electrician Greenhills Beach 2230 | Emergency & Level 2,Electrician Greenhills Beach 2230,2696,,,,,,,,,,
https://c0d312.github.io/evaready-electrical/service-areas/sutherland-shire/sutherland-shire/gymea,suburb page,Electrician Gymea 2227 | Emergency & Level 2,Electrician Gymea 2227,2645,,,,,,,,,,
https://c0d312.github.io/evaready-electrical/service-areas/sutherland-shire/sutherland-shire/gymea-bay,suburb page,Electrician Gymea Bay 2227 | Emergency & Level 2,Electrician Gymea Bay 2227,2721,,,,,,,,,,
https://c0d312.github.io/evaready-electrical/service-areas/sutherland-shire/sutherland-shire/heathcote,suburb page,Electrician Heathcote 2233 | Emergency & Level 2,Electrician Heathcote 2233,2662,,,,,,,,,,
https://c0d312.github.io/evaready-electrical/service-areas/sutherland-shire/sutherland-shire/illawong,suburb page,Electrician Illawong 2234 | Emergency & Level 2,Electrician Illawong 2234,2630,,,,,,,,,,
https://c0d312.github.io/evaready-electrical/service-areas/sutherland-shire/sutherland-shire/jannali,suburb page,Electrician Jannali 2226 | Emergency & Level 2,Electrician Jannali 2226,2659,,,,,,,,,,
https://c0d312.github.io/evaready-electrical/service-areas/sutherland-shire/sutherland-shire/kangaroo-point,suburb page,Electrician Kangaroo Point 2224 | Emergency & Level 2,Electrician Kangaroo Point 2224,2734,,,,,,,,,,
https://c0d312.github.io/evaready-electrical/service-areas/sutherland-shire/sutherland-shire/kareela,suburb page,Electrician Kareela 2232 | Emergency & Level 2,Electrician Kareela 2232,2648,,,,,,,,,,
https://c0d312.github.io/evaready-electrical/service-areas/sutherland-shire/sutherland-shire/kirrawee,suburb page,Electrician Kirrawee 2232 | Emergency & Level 2,Electrician Kirrawee 2232,2644,,,,,,,,,,
https://c0d312.github.io/evaready-electrical/service-areas/sutherland-shire/sutherland-shire/kurnell,suburb page,Electrician Kurnell 2231 | Emergency & Level 2,Electrician Kurnell 2231,2629,,,,,,,,,,
https://c0d312.github.io/evaready-electrical/service-areas/sutherland-shire/sutherland-shire/lilli-pilli,suburb page,Electrician Lilli Pilli 2229 | Emergency & Level 2,Electrician Lilli Pilli 2229,2749,,,,,,,,,,
https://c0d312.github.io/evaready-electrical/service-areas/sutherland-shire/sutherland-shire/loftus,suburb page,Electrician Loftus 2232 | Emergency & Level 2,Electrician Loftus 2232,2650,,,,,,,,,,
https://c0d312.github.io/evaready-electrical/service-areas/sutherland-shire/sutherland-shire/maianbar,suburb page,Electrician Maianbar 2230 | Emergency & Level 2,Electrician Maianbar 2230,2642,,,,,,,,,,
https://c0d312.github.io/evaready-electrical/service-areas/sutherland-shire/sutherland-shire/menai,suburb page,Electrician Menai 2234 | Emergency & Level 2,Electrician Menai 2234,2667,,,,,,,,,,
https://c0d312.github.io/evaready-electrical/service-areas/sutherland-shire/sutherland-shire/miranda,suburb page,Electrician Miranda 2228 | Emergency & Level 2,Electrician Miranda 2228,2630,,,,,,,,,,
https://c0d312.github.io/evaready-electrical/service-areas/sutherland-shire/sutherland-shire/oyster-bay,suburb page,Electrician Oyster Bay 2225 | Emergency & Level 2,Electrician Oyster Bay 2225,2743,,,,,,,,,,
https://c0d312.github.io/evaready-electrical/service-areas/sutherland-shire/sutherland-shire/port-hacking,suburb page,Electrician Port Hacking 2229 | Emergency & Level 2,Electrician Port Hacking 2229,2720,,,,,,,,,,
https://c0d312.github.io/evaready-electrical/service-areas/sutherland-shire/sutherland-shire/royal-national-park,suburb page,Electrician Royal National Park 2233 | Emergency & Level 2,Electrician Royal National Park 2233,2827,,,,,,,,,,
https://c0d312.github.io/evaready-electrical/service-areas/sutherland-shire/sutherland-shire/sandy-point,suburb page,Electrician Sandy Point 2172 | Emergency & Level 2,Electrician Sandy Point 2172,2743,,,,,,,,,,
https://c0d312.github.io/evaready-electrical/service-areas/sutherland-shire/sutherland-shire/sutherland,suburb page,Electrician Sutherland 2232 | Emergency & Level 2,Electrician Sutherland 2232,2688,,,,,,,,,,
https://c0d312.github.io/evaready-electrical/service-areas/sutherland-shire/sutherland-shire/sylvania,suburb page,Electrician Sylvania 2224 | Emergency & Level 2,Electrician Sylvania 2224,2639,,,,,,,,,,
https://c0d312.github.io/evaready-electrical/service-areas/sutherland-shire/sutherland-shire/sylvania-waters,suburb page,Electrician Sylvania Waters 2224 | Emergency & Level 2,Electrician Sylvania Waters 2224,2740,,,,,,,,,,
https://c0d312.github.io/evaready-electrical/service-areas/sutherland-shire/sutherland-shire/taren-point,suburb page,Electrician Taren Point 2229 | Emergency & Level 2,Electrician Taren Point 2229,2730,,,,,,,,,,
https://c0d312.github.io/evaready-electrical/service-areas/sutherland-shire/sutherland-shire/waterfall,suburb page,Electrician Waterfall 2233 | Emergency & Level 2,Electrician Waterfall 2233,2660,,,,,,,,,,
https://c0d312.github.io/evaready-electrical/service-areas/sutherland-shire/sutherland-shire/woolooware,suburb page,Electrician Woolooware 2230 | Emergency & Level 2,Electrician Woolooware 2230,2633,,,,,,,,,,
https://c0d312.github.io/evaready-electrical/service-areas/sutherland-shire/sutherland-shire/woronora,suburb page,Electrician Woronora 2232 | Emergency & Level 2,Electrician Woronora 2232,2636,,,,,,,,,,
https://c0d312.github.io/evaready-electrical/service-areas/sutherland-shire/sutherland-shire/woronora-heights,suburb page,Electrician Woronora Heights 2233 | Emergency & Level 2,Electrician Woronora Heights 2233,2735,,,,,,,,,,
https://c0d312.github.io/evaready-electrical/service-areas/sutherland-shire/sutherland-shire/yarrawarrah,suburb page,Electrician Yarrawarrah 2233 | Emergency & Level 2,Electrician Yarrawarrah 2233,2628,,,,,,,,,,
https://c0d312.github.io/evaready-electrical/service-areas/sutherland-shire/sutherland-shire/yowie-bay,suburb page,Electrician Yowie Bay 2228 | Emergency & Level 2,Electrician Yowie Bay 2228,2726,,,,,,,,,,
https://c0d312.github.io/evaready-electrical/service-areas/liverpool-and-fairfield/fairfield/abbotsbury,suburb page,Electrician Abbotsbury 2176 | Emergency & Level 2,Electrician Abbotsbury 2176,2674,,,,,,,,,,
https://c0d312.github.io/evaready-electrical/service-areas/liverpool-and-fairfield/fairfield/bonnyrigg,suburb page,Electrician Bonnyrigg 2177 | Emergency & Level 2,Electrician Bonnyrigg 2177,2677,,,,,,,,,,
https://c0d312.github.io/evaready-electrical/service-areas/liverpool-and-fairfield/fairfield/bonnyrigg-heights,suburb page,Electrician Bonnyrigg Heights 2177 | Emergency & Level 2,Electrician Bonnyrigg Heights 2177,2746,,,,,,,,,,
https://c0d312.github.io/evaready-electrical/service-areas/liverpool-and-fairfield/fairfield/bossley-park,suburb page,Electrician Bossley Park 2176 | Emergency & Level 2,Electrician Bossley Park 2176,2779,,,,,,,,,,
https://c0d312.github.io/evaready-electrical/service-areas/liverpool-and-fairfield/fairfield/cabramatta,suburb page,Electrician Cabramatta 2166 | Emergency & Level 2,Electrician Cabramatta 2166,2683,,,,,,,,,,
https://c0d312.github.io/evaready-electrical/service-areas/liverpool-and-fairfield/fairfield/cabramatta-west,suburb page,Electrician Cabramatta West 2166 | Emergency & Level 2,Electrician Cabramatta West 2166,2761,,,,,,,,,,
https://c0d312.github.io/evaready-electrical/service-areas/liverpool-and-fairfield/fairfield/canley-heights,suburb page,Electrician Canley Heights 2166 | Emergency & Level 2,Electrician Canley Heights 2166,2732,,,,,,,,,,
https://c0d312.github.io/evaready-electrical/service-areas/liverpool-and-fairfield/fairfield/canley-vale,suburb page,Electrician Canley Vale 2166 | Emergency & Level 2,Electrician Canley Vale 2166,2742,,,,,,,,,,
https://c0d312.github.io/evaready-electrical/service-areas/liverpool-and-fairfield/fairfield/carramar,suburb page,Electrician Carramar 2163 | Emergency & Level 2,Electrician Carramar 2163,2675,,,,,,,,,,
https://c0d312.github.io/evaready-electrical/service-areas/liverpool-and-fairfield/fairfield/cecil-park,suburb page,Electrician Cecil Park 2178 | Emergency & Level 2,Electrician Cecil Park 2178,2753,,,,,,,,,,
https://c0d312.github.io/evaready-electrical/service-areas/liverpool-and-fairfield/fairfield/edensor-park,suburb page,Electrician Edensor Park 2176 | Emergency & Level 2,Electrician Edensor Park 2176,2727,,,,,,,,,,
https://c0d312.github.io/evaready-electrical/service-areas/liverpool-and-fairfield/fairfield/fairfield,suburb page,Electrician Fairfield 2165 | Emergency & Level 2,Electrician Fairfield 2165,2725,,,,,,,,,,
https://c0d312.github.io/evaready-electrical/service-areas/liverpool-and-fairfield/fairfield/fairfield-east,suburb page,Electrician Fairfield East 2165 | Emergency & Level 2,Electrician Fairfield East 2165,2755,,,,,,,,,,
https://c0d312.github.io/evaready-electrical/service-areas/liverpool-and-fairfield/fairfield/fairfield-heights,suburb page,Electrician Fairfield Heights 2165 | Emergency & Level 2,Electrician Fairfield Heights 2165,2776,,,,,,,,,,
https://c0d312.github.io/evaready-electrical/service-areas/liverpool-and-fairfield/fairfield/fairfield-west,suburb page,Electrician Fairfield West 2165 | Emergency & Level 2,Electrician Fairfield West 2165,2745,,,,,,,,,,
https://c0d312.github.io/evaready-electrical/service-areas/liverpool-and-fairfield/fairfield/greenfield-park,suburb page,Electrician Greenfield Park 2176 | Emergency & Level 2,Electrician Greenfield Park 2176,2766,,,,,,,,,,
https://c0d312.github.io/evaready-electrical/service-areas/liverpool-and-fairfield/fairfield/horsley-park,suburb page,Electrician Horsley Park 2175 | Emergency & Level 2,Electrician Horsley Park 2175,2760,,,,,,,,,,
https://c0d312.github.io/evaready-electrical/service-areas/liverpool-and-fairfield/fairfield/lansvale,suburb page,Electrician Lansvale 2166 | Emergency & Level 2,Electrician Lansvale 2166,2645,,,,,,,,,,
https://c0d312.github.io/evaready-electrical/service-areas/liverpool-and-fairfield/fairfield/mount-pritchard,suburb page,Electrician Mount Pritchard 2170 | Emergency & Level 2,Electrician Mount Pritchard 2170,2751,,,,,,,,,,
https://c0d312.github.io/evaready-electrical/service-areas/liverpool-and-fairfield/fairfield/old-guildford,suburb page,Electrician Old Guildford 2161 | Emergency & Level 2,Electrician Old Guildford 2161,2756,,,,,,,,,,
https://c0d312.github.io/evaready-electrical/service-areas/liverpool-and-fairfield/fairfield/prairiewood,suburb page,Electrician Prairiewood 2176 | Emergency & Level 2,Electrician Prairiewood 2176,2671,,,,,,,,,,
https://c0d312.github.io/evaready-electrical/service-areas/liverpool-and-fairfield/fairfield/smithfield,suburb page,Electrician Smithfield 2164 | Emergency & Level 2,Electrician Smithfield 2164,2659,,,,,,,,,,
https://c0d312.github.io/evaready-electrical/service-areas/liverpool-and-fairfield/fairfield/st-johns-park,suburb page,Electrician St Johns Park 2176 | Emergency & Level 2,Electrician St Johns Park 2176,2840,,,,,,,,,,
https://c0d312.github.io/evaready-electrical/service-areas/liverpool-and-fairfield/fairfield/wakeley,suburb page,Electrician Wakeley 2176 | Emergency & Level 2,Electrician Wakeley 2176,2654,,,,,,,,,,
https://c0d312.github.io/evaready-electrical/service-areas/liverpool-and-fairfield/fairfield/wetherill-park,suburb page,Electrician Wetherill Park 2164 | Emergency & Level 2,Electrician Wetherill Park 2164,2761,,,,,,,,,,
https://c0d312.github.io/evaready-electrical/service-areas/liverpool-and-fairfield/fairfield/yennora,suburb page,Electrician Yennora 2161 | Emergency & Level 2,Electrician Yennora 2161,2668,,,,,,,,,,
https://c0d312.github.io/evaready-electrical/service-areas/liverpool-and-fairfield/liverpool/ashcroft,suburb page,Electrician Ashcroft 2168 | Emergency & Level 2,Electrician Ashcroft 2168,2682,,,,,,,,,,
https://c0d312.github.io/evaready-electrical/service-areas/liverpool-and-fairfield/liverpool/austral,suburb page,Electrician Austral 2179 | Emergency & Level 2,Electrician Austral 2179,2664,,,,,,,,,,
https://c0d312.github.io/evaready-electrical/service-areas/liverpool-and-fairfield/liverpool/badgerys-creek,suburb page,Electrician Badgerys Creek 2555 | Emergency & Level 2,Electrician Badgerys Creek 2555,2748,,,,,,,,,,
https://c0d312.github.io/evaready-electrical/service-areas/liverpool-and-fairfield/liverpool/busby,suburb page,Electrician Busby 2168 | Emergency & Level 2,Electrician Busby 2168,2667,,,,,,,,,,
https://c0d312.github.io/evaready-electrical/service-areas/liverpool-and-fairfield/liverpool/carnes-hill,suburb page,Electrician Carnes Hill 2171 | Emergency & Level 2,Electrician Carnes Hill 2171,2747,,,,,,,,,,
https://c0d312.github.io/evaready-electrical/service-areas/liverpool-and-fairfield/liverpool/cartwright,suburb page,Electrician Cartwright 2168 | Emergency & Level 2,Electrician Cartwright 2168,2675,,,,,,,,,,
https://c0d312.github.io/evaready-electrical/service-areas/liverpool-and-fairfield/liverpool/casula,suburb page,Electrician Casula 2170 | Emergency & Level 2,Electrician Casula 2170,2675,,,,,,,,,,
https://c0d312.github.io/evaready-electrical/service-areas/liverpool-and-fairfield/liverpool/cecil-hills,suburb page,Electrician Cecil Hills 2171 | Emergency & Level 2,Electrician Cecil Hills 2171,2715,,,,,,,,,,
https://c0d312.github.io/evaready-electrical/service-areas/liverpool-and-fairfield/liverpool/chipping-norton,suburb page,Electrician Chipping Norton 2170 | Emergency & Level 2,Electrician Chipping Norton 2170,2766,,,,,,,,,,
https://c0d312.github.io/evaready-electrical/service-areas/liverpool-and-fairfield/liverpool/edmondson-park,suburb page,Electrician Edmondson Park 2174 | Emergency & Level 2,Electrician Edmondson Park 2174,2731,,,,,,,,,,
https://c0d312.github.io/evaready-electrical/service-areas/liverpool-and-fairfield/liverpool/elizabeth-hills,suburb page,Electrician Elizabeth Hills 2171 | Emergency & Level 2,Electrician Elizabeth Hills 2171,2768,,,,,,,,,,
https://c0d312.github.io/evaready-electrical/service-areas/liverpool-and-fairfield/liverpool/green-valley,suburb page,Electrician Green Valley 2168 | Emergency & Level 2,Electrician Green Valley 2168,2753,,,,,,,,,,
https://c0d312.github.io/evaready-electrical/service-areas/liverpool-and-fairfield/liverpool/greendale,suburb page,Electrician Greendale 2745 | Emergency & Level 2,Electrician Greendale 2745,2651,,,,,,,,,,
https://c0d312.github.io/evaready-electrical/service-areas/liverpool-and-fairfield/liverpool/hammondville,suburb page,Electrician Hammondville 2170 | Emergency & Level 2,Electrician Hammondville 2170,2663,,,,,,,,,,
https://c0d312.github.io/evaready-electrical/service-areas/liverpool-and-fairfield/liverpool/heckenberg,suburb page,Electrician Heckenberg 2168 | Emergency & Level 2,Electrician Heckenberg 2168,2663,,,,,,,,,,
https://c0d312.github.io/evaready-electrical/service-areas/liverpool-and-fairfield/liverpool/hinchinbrook,suburb page,Electrician Hinchinbrook 2168 | Emergency & Level 2,Electrician Hinchinbrook 2168,2699,,,,,,,,,,
https://c0d312.github.io/evaready-electrical/service-areas/liverpool-and-fairfield/liverpool/horningsea-park,suburb page,Electrician Horningsea Park 2171 | Emergency & Level 2,Electrician Horningsea Park 2171,2744,,,,,,,,,,
https://c0d312.github.io/evaready-electrical/service-areas/liverpool-and-fairfield/liverpool/hoxton-park,suburb page,Electrician Hoxton Park 2171 | Emergency & Level 2,Electrician Hoxton Park 2171,2766,,,,,,,,,,
https://c0d312.github.io/evaready-electrical/service-areas/liverpool-and-fairfield/liverpool/kemps-creek,suburb page,Electrician Kemps Creek 2178 | Emergency & Level 2,Electrician Kemps Creek 2178,2767,,,,,,,,,,
https://c0d312.github.io/evaready-electrical/service-areas/liverpool-and-fairfield/liverpool/liverpool,suburb page,Electrician Liverpool 2170 | Emergency & Level 2,Electrician Liverpool 2170,2649,,,,,,,,,,
https://c0d312.github.io/evaready-electrical/service-areas/liverpool-and-fairfield/liverpool/luddenham,suburb page,Electrician Luddenham 2745 | Emergency & Level 2,Electrician Luddenham 2745,2664,,,,,,,,,,
https://c0d312.github.io/evaready-electrical/service-areas/liverpool-and-fairfield/liverpool/lurnea,suburb page,Electrician Lurnea 2170 | Emergency & Level 2,Electrician Lurnea 2170,2707,,,,,,,,,,
https://c0d312.github.io/evaready-electrical/service-areas/liverpool-and-fairfield/liverpool/middleton-grange,suburb page,Electrician Middleton Grange 2171 | Emergency & Level 2,Electrician Middleton Grange 2171,2729,,,,,,,,,,
https://c0d312.github.io/evaready-electrical/service-areas/liverpool-and-fairfield/liverpool/miller,suburb page,Electrician Miller 2168 | Emergency & Level 2,Electrician Miller 2168,2669,,,,,,,,,,
https://c0d312.github.io/evaready-electrical/service-areas/liverpool-and-fairfield/liverpool/moorebank,suburb page,Electrician Moorebank 2170 | Emergency & Level 2,Electrician Moorebank 2170,2682,,,,,,,,,,
https://c0d312.github.io/evaready-electrical/service-areas/liverpool-and-fairfield/liverpool/pleasure-point,suburb page,Electrician Pleasure Point 2172 | Emergency & Level 2,Electrician Pleasure Point 2172,2739,,,,,,,,,,
https://c0d312.github.io/evaready-electrical/service-areas/liverpool-and-fairfield/liverpool/prestons,suburb page,Electrician Prestons 2170 | Emergency & Level 2,Electrician Prestons 2170,2680,,,,,,,,,,
https://c0d312.github.io/evaready-electrical/service-areas/liverpool-and-fairfield/liverpool/sadleir,suburb page,Electrician Sadleir 2168 | Emergency & Level 2,Electrician Sadleir 2168,2673,,,,,,,,,,
https://c0d312.github.io/evaready-electrical/service-areas/liverpool-and-fairfield/liverpool/voyager-point,suburb page,Electrician Voyager Point 2172 | Emergency & Level 2,Electrician Voyager Point 2172,2755,,,,,,,,,,
https://c0d312.github.io/evaready-electrical/service-areas/liverpool-and-fairfield/liverpool/wallacia,suburb page,Electrician Wallacia 2745 | Emergency & Level 2,Electrician Wallacia 2745,2701,,,,,,,,,,
https://c0d312.github.io/evaready-electrical/service-areas/liverpool-and-fairfield/liverpool/warwick-farm,suburb page,Electrician Warwick Farm 2170 | Emergency & Level 2,Electrician Warwick Farm 2170,2754,,,,,,,,,,
https://c0d312.github.io/evaready-electrical/service-areas/liverpool-and-fairfield/liverpool/wattle-grove,suburb page,Electrician Wattle Grove 2173 | Emergency & Level 2,Electrician Wattle Grove 2173,2717,,,,,,,,,,
https://c0d312.github.io/evaready-electrical/service-areas/liverpool-and-fairfield/liverpool/west-hoxton,suburb page,Electrician West Hoxton 2171 | Emergency & Level 2,Electrician West Hoxton 2171,2743,,,,,,,,,,
https://c0d312.github.io/evaready-electrical/service-areas/macarthur-camden-and-wollondilly/camden/bringelly,suburb page,Electrician Bringelly 2556 | Emergency & Level 2,Electrician Bringelly 2556,2677,,,,,,,,,,
https://c0d312.github.io/evaready-electrical/service-areas/macarthur-camden-and-wollondilly/camden/camden,suburb page,Electrician Camden 2570 | Emergency & Level 2,Electrician Camden 2570,2679,,,,,,,,,,
https://c0d312.github.io/evaready-electrical/service-areas/macarthur-camden-and-wollondilly/camden/camden-south,suburb page,Electrician Camden South 2570 | Emergency & Level 2,Electrician Camden South 2570,2759,,,,,,,,,,
https://c0d312.github.io/evaready-electrical/service-areas/macarthur-camden-and-wollondilly/camden/catherine-field,suburb page,Electrician Catherine Field 2557 | Emergency & Level 2,Electrician Catherine Field 2557,2772,,,,,,,,,,
https://c0d312.github.io/evaready-electrical/service-areas/macarthur-camden-and-wollondilly/camden/cawdor,suburb page,Electrician Cawdor 2570 | Emergency & Level 2,Electrician Cawdor 2570,2670,,,,,,,,,,
https://c0d312.github.io/evaready-electrical/service-areas/macarthur-camden-and-wollondilly/camden/cobbitty,suburb page,Electrician Cobbitty 2570 | Emergency & Level 2,Electrician Cobbitty 2570,2677,,,,,,,,,,
https://c0d312.github.io/evaready-electrical/service-areas/macarthur-camden-and-wollondilly/camden/currans-hill,suburb page,Electrician Currans Hill 2567 | Emergency & Level 2,Electrician Currans Hill 2567,2770,,,,,,,,,,
https://c0d312.github.io/evaready-electrical/service-areas/macarthur-camden-and-wollondilly/camden/elderslie,suburb page,Electrician Elderslie 2570 | Emergency & Level 2,Electrician Elderslie 2570,2679,,,,,,,,,,
https://c0d312.github.io/evaready-electrical/service-areas/macarthur-camden-and-wollondilly/camden/ellis-lane,suburb page,Electrician Ellis Lane 2570 | Emergency & Level 2,Electrician Ellis Lane 2570,2751,,,,,,,,,,
https://c0d312.github.io/evaready-electrical/service-areas/macarthur-camden-and-wollondilly/camden/gledswood-hills,suburb page,Electrician Gledswood Hills 2557 | Emergency & Level 2,Electrician Gledswood Hills 2557,2797,,,,,,,,,,
https://c0d312.github.io/evaready-electrical/service-areas/macarthur-camden-and-wollondilly/camden/grasmere,suburb page,Electrician Grasmere 2570 | Emergency & Level 2,Electrician Grasmere 2570,2655,,,,,,,,,,
https://c0d312.github.io/evaready-electrical/service-areas/macarthur-camden-and-wollondilly/camden/gregory-hills,suburb page,Electrician Gregory Hills 2557 | Emergency & Level 2,Electrician Gregory Hills 2557,2772,,,,,,,,,,
https://c0d312.github.io/evaready-electrical/service-areas/macarthur-camden-and-wollondilly/camden/harrington-park,suburb page,Electrician Harrington Park 2567 | Emergency & Level 2,Electrician Harrington Park 2567,2740,,,,,,,,,,
https://c0d312.github.io/evaready-electrical/service-areas/macarthur-camden-and-wollondilly/camden/kirkham,suburb page,Electrician Kirkham 2570 | Emergency & Level 2,Electrician Kirkham 2570,2673,,,,,,,,,,
https://c0d312.github.io/evaready-electrical/service-areas/macarthur-camden-and-wollondilly/camden/leppington,suburb page,Electrician Leppington 2179 | Emergency & Level 2,Electrician Leppington 2179,2713,,,,,,,,,,
https://c0d312.github.io/evaready-electrical/service-areas/macarthur-camden-and-wollondilly/camden/mount-annan,suburb page,Electrician Mount Annan 2567 | Emergency & Level 2,Electrician Mount Annan 2567,2756,,,,,,,,,,
https://c0d312.github.io/evaready-electrical/service-areas/macarthur-camden-and-wollondilly/camden/narellan,suburb page,Electrician Narellan 2567 | Emergency & Level 2,Electrician Narellan 2567,2637,,,,,,,,,,
https://c0d312.github.io/evaready-electrical/service-areas/macarthur-camden-and-wollondilly/camden/narellan-vale,suburb page,Electrician Narellan Vale 2567 | Emergency & Level 2,Electrician Narellan Vale 2567,2772,,,,,,,,,,
https://c0d312.github.io/evaready-electrical/service-areas/macarthur-camden-and-wollondilly/camden/oran-park,suburb page,Electrician Oran Park 2570 | Emergency & Level 2,Electrician Oran Park 2570,2756,,,,,,,,,,
https://c0d312.github.io/evaready-electrical/service-areas/macarthur-camden-and-wollondilly/camden/rossmore,suburb page,Electrician Rossmore 2557 | Emergency & Level 2,Electrician Rossmore 2557,2679,,,,,,,,,,
https://c0d312.github.io/evaready-electrical/service-areas/macarthur-camden-and-wollondilly/camden/smeaton-grange,suburb page,Electrician Smeaton Grange 2567 | Emergency & Level 2,Electrician Smeaton Grange 2567,2751,,,,,,,,,,
https://c0d312.github.io/evaready-electrical/service-areas/macarthur-camden-and-wollondilly/camden/spring-farm,suburb page,Electrician Spring Farm 2570 | Emergency & Level 2,Electrician Spring Farm 2570,2764,,,,,,,,,,
https://c0d312.github.io/evaready-electrical/service-areas/macarthur-camden-and-wollondilly/campbelltown/airds,suburb page,Electrician Airds 2560 | Emergency & Level 2,Electrician Airds 2560,2660,,,,,,,,,,
https://c0d312.github.io/evaready-electrical/service-areas/macarthur-camden-and-wollondilly/campbelltown/ambarvale,suburb page,Electrician Ambarvale 2560 | Emergency & Level 2,Electrician Ambarvale 2560,2680,,,,,,,,,,
https://c0d312.github.io/evaready-electrical/service-areas/macarthur-camden-and-wollondilly/campbelltown/bardia,suburb page,Electrician Bardia 2565 | Emergency & Level 2,Electrician Bardia 2565,2657,,,,,,,,,,
https://c0d312.github.io/evaready-electrical/service-areas/macarthur-camden-and-wollondilly/campbelltown/blair-athol,suburb page,Electrician Blair Athol 2560 | Emergency & Level 2,Electrician Blair Athol 2560,2739,,,,,,,,,,
https://c0d312.github.io/evaready-electrical/service-areas/macarthur-camden-and-wollondilly/campbelltown/blairmount,suburb page,Electrician Blairmount 2559 | Emergency & Level 2,Electrician Blairmount 2559,2670,,,,,,,,,,
https://c0d312.github.io/evaready-electrical/service-areas/macarthur-camden-and-wollondilly/campbelltown/bow-bowing,suburb page,Electrician Bow Bowing 2566 | Emergency & Level 2,Electrician Bow Bowing 2566,2744,,,,,,,,,,
https://c0d312.github.io/evaready-electrical/service-areas/macarthur-camden-and-wollondilly/campbelltown/bradbury,suburb page,Electrician Bradbury 2560 | Emergency & Level 2,Electrician Bradbury 2560,2662,,,,,,,,,,
https://c0d312.github.io/evaready-electrical/service-areas/macarthur-camden-and-wollondilly/campbelltown/campbelltown,suburb page,Electrician Campbelltown 2560 | Emergency & Level 2,Electrician Campbelltown 2560,2679,,,,,,,,,,
https://c0d312.github.io/evaready-electrical/service-areas/macarthur-camden-and-wollondilly/campbelltown/claymore,suburb page,Electrician Claymore 2559 | Emergency & Level 2,Electrician Claymore 2559,2697,,,,,,,,,,
https://c0d312.github.io/evaready-electrical/service-areas/macarthur-camden-and-wollondilly/campbelltown/denham-court,suburb page,Electrician Denham Court 2565 | Emergency & Level 2,Electrician Denham Court 2565,2769,,,,,,,,,,
https://c0d312.github.io/evaready-electrical/service-areas/macarthur-camden-and-wollondilly/campbelltown/eagle-vale,suburb page,Electrician Eagle Vale 2558 | Emergency & Level 2,Electrician Eagle Vale 2558,2766,,,,,,,,,,
https://c0d312.github.io/evaready-electrical/service-areas/macarthur-camden-and-wollondilly/campbelltown/englorie-park,suburb page,Electrician Englorie Park 2560 | Emergency & Level 2,Electrician Englorie Park 2560,2766,,,,,,,,,,
https://c0d312.github.io/evaready-electrical/service-areas/macarthur-camden-and-wollondilly/campbelltown/eschol-park,suburb page,Electrician Eschol Park 2558 | Emergency & Level 2,Electrician Eschol Park 2558,2772,,,,,,,,,,
https://c0d312.github.io/evaready-electrical/service-areas/macarthur-camden-and-wollondilly/campbelltown/gilead,suburb page,Electrician Gilead 2560 | Emergency & Level 2,Electrician Gilead 2560,2664,,,,,,,,,,
https://c0d312.github.io/evaready-electrical/service-areas/macarthur-camden-and-wollondilly/campbelltown/glen-alpine,suburb page,Electrician Glen Alpine 2560 | Emergency & Level 2,Electrician Glen Alpine 2560,2782,,,,,,,,,,
https://c0d312.github.io/evaready-electrical/service-areas/macarthur-camden-and-wollondilly/campbelltown/glenfield,suburb page,Electrician Glenfield 2167 | Emergency & Level 2,Electrician Glenfield 2167,2687,,,,,,,,,,
https://c0d312.github.io/evaready-electrical/service-areas/macarthur-camden-and-wollondilly/campbelltown/holsworthy,suburb page,Electrician Holsworthy 2173 | Emergency & Level 2,Electrician Holsworthy 2173,2668,,,,,,,,,,
https://c0d312.github.io/evaready-electrical/service-areas/macarthur-camden-and-wollondilly/campbelltown/ingleburn,suburb page,Electrician Ingleburn 2565 | Emergency & Level 2,Electrician Ingleburn 2565,2652,,,,,,,,,,
https://c0d312.github.io/evaready-electrical/service-areas/macarthur-camden-and-wollondilly/campbelltown/kearns,suburb page,Electrician Kearns 2558 | Emergency & Level 2,Electrician Kearns 2558,2678,,,,,,,,,,
https://c0d312.github.io/evaready-electrical/service-areas/macarthur-camden-and-wollondilly/campbelltown/kentlyn,suburb page,Electrician Kentlyn 2560 | Emergency & Level 2,Electrician Kentlyn 2560,2687,,,,,,,,,,
https://c0d312.github.io/evaready-electrical/service-areas/macarthur-camden-and-wollondilly/campbelltown/leumeah,suburb page,Electrician Leumeah 2560 | Emergency & Level 2,Electrician Leumeah 2560,2684,,,,,,,,,,
https://c0d312.github.io/evaready-electrical/service-areas/macarthur-camden-and-wollondilly/campbelltown/long-point,suburb page,Electrician Long Point 2564 | Emergency & Level 2,Electrician Long Point 2564,2732,,,,,,,,,,
https://c0d312.github.io/evaready-electrical/service-areas/macarthur-camden-and-wollondilly/campbelltown/macquarie-fields,suburb page,Electrician Macquarie Fields 2564 | Emergency & Level 2,Electrician Macquarie Fields 2564,2766,,,,,,,,,,
https://c0d312.github.io/evaready-electrical/service-areas/macarthur-camden-and-wollondilly/campbelltown/macquarie-links,suburb page,Electrician Macquarie Links 2565 | Emergency & Level 2,Electrician Macquarie Links 2565,2773,,,,,,,,,,
https://c0d312.github.io/evaready-electrical/service-areas/macarthur-camden-and-wollondilly/campbelltown/menangle-park,suburb page,Electrician Menangle Park 2563 | Emergency & Level 2,Electrician Menangle Park 2563,2740,,,,,,,,,,
https://c0d312.github.io/evaready-electrical/service-areas/macarthur-camden-and-wollondilly/campbelltown/minto,suburb page,Electrician Minto 2566 | Emergency & Level 2,Electrician Minto 2566,2667,,,,,,,,,,
https://c0d312.github.io/evaready-electrical/service-areas/macarthur-camden-and-wollondilly/campbelltown/minto-heights,suburb page,Electrician Minto Heights 2566 | Emergency & Level 2,Electrician Minto Heights 2566,2787,,,,,,,,,,
https://c0d312.github.io/evaready-electrical/service-areas/macarthur-camden-and-wollondilly/campbelltown/raby,suburb page,Electrician Raby 2566 | Emergency & Level 2,Electrician Raby 2566,2666,,,,,,,,,,
https://c0d312.github.io/evaready-electrical/service-areas/macarthur-camden-and-wollondilly/campbelltown/rosemeadow,suburb page,Electrician Rosemeadow 2560 | Emergency & Level 2,Electrician Rosemeadow 2560,2662,,,,,,,,,,
https://c0d312.github.io/evaready-electrical/service-areas/macarthur-camden-and-wollondilly/campbelltown/ruse,suburb page,Electrician Ruse 2560 | Emergency & Level 2,Electrician Ruse 2560,2670,,,,,,,,,,
https://c0d312.github.io/evaready-electrical/service-areas/macarthur-camden-and-wollondilly/campbelltown/st-andrews,suburb page,Electrician St Andrews 2566 | Emergency & Level 2,Electrician St Andrews 2566,2752,,,,,,,,,,
https://c0d312.github.io/evaready-electrical/service-areas/macarthur-camden-and-wollondilly/campbelltown/st-helens-park,suburb page,Electrician St Helens Park 2560 | Emergency & Level 2,Electrician St Helens Park 2560,2846,,,,,,,,,,
https://c0d312.github.io/evaready-electrical/service-areas/macarthur-camden-and-wollondilly/campbelltown/varroville,suburb page,Electrician Varroville 2566 | Emergency & Level 2,Electrician Varroville 2566,2667,,,,,,,,,,
https://c0d312.github.io/evaready-electrical/service-areas/macarthur-camden-and-wollondilly/campbelltown/wedderburn,suburb page,Electrician Wedderburn 2560 | Emergency & Level 2,Electrician Wedderburn 2560,2661,,,,,,,,,,
https://c0d312.github.io/evaready-electrical/service-areas/macarthur-camden-and-wollondilly/campbelltown/woodbine,suburb page,Electrician Woodbine 2560 | Emergency & Level 2,Electrician Woodbine 2560,2659,,,,,,,,,,
https://c0d312.github.io/evaready-electrical/service-areas/macarthur-camden-and-wollondilly/campbelltown/woronora-dam,suburb page,Electrician Woronora Dam 2508 | Emergency & Level 2,Electrician Woronora Dam 2508,2741,,,,,,,,,,
https://c0d312.github.io/evaready-electrical/service-areas/macarthur-camden-and-wollondilly/wollondilly/appin,suburb page,Electrician Appin 2560 | Emergency & Level 2,Electrician Appin 2560,2675,,,,,,,,,,
https://c0d312.github.io/evaready-electrical/service-areas/macarthur-camden-and-wollondilly/wollondilly/belimbla-park,suburb page,Electrician Belimbla Park 2570 | Emergency & Level 2,Electrician Belimbla Park 2570,2783,,,,,,,,,,
https://c0d312.github.io/evaready-electrical/service-areas/macarthur-camden-and-wollondilly/wollondilly/brownlow-hill,suburb page,Electrician Brownlow Hill 2570 | Emergency & Level 2,Electrician Brownlow Hill 2570,2714,,,,,,,,,,
https://c0d312.github.io/evaready-electrical/service-areas/macarthur-camden-and-wollondilly/wollondilly/camden-park,suburb page,Electrician Camden Park 2570 | Emergency & Level 2,Electrician Camden Park 2570,2743,,,,,,,,,,
https://c0d312.github.io/evaready-electrical/service-areas/macarthur-camden-and-wollondilly/wollondilly/cataract,suburb page,Electrician Cataract 2560 | Emergency & Level 2,Electrician Cataract 2560,2686,,,,,,,,,,
https://c0d312.github.io/evaready-electrical/service-areas/macarthur-camden-and-wollondilly/wollondilly/couridjah,suburb page,Electrician Couridjah 2571 | Emergency & Level 2,Electrician Couridjah 2571,2662,,,,,,,,,,
https://c0d312.github.io/evaready-electrical/service-areas/macarthur-camden-and-wollondilly/wollondilly/douglas-park,suburb page,Electrician Douglas Park 2569 | Emergency & Level 2,Electrician Douglas Park 2569,2765,,,,,,,,,,
https://c0d312.github.io/evaready-electrical/service-areas/macarthur-camden-and-wollondilly/wollondilly/glenmore,suburb page,Electrician Glenmore 2570 | Emergency & Level 2,Electrician Glenmore 2570,2649,,,,,,,,,,
https://c0d312.github.io/evaready-electrical/service-areas/macarthur-camden-and-wollondilly/wollondilly/lakesland,suburb page,Electrician Lakesland 2572 | Emergency & Level 2,Electrician Lakesland 2572,2697,,,,,,,,,,
https://c0d312.github.io/evaready-electrical/service-areas/macarthur-camden-and-wollondilly/wollondilly/maldon,suburb page,Electrician Maldon 2571 | Emergency & Level 2,Electrician Maldon 2571,2650,,,,,,,,,,
https://c0d312.github.io/evaready-electrical/service-areas/macarthur-camden-and-wollondilly/wollondilly/menangle,suburb page,Electrician Menangle 2568 | Emergency & Level 2,Electrician Menangle 2568,2712,,,,,,,,,,
https://c0d312.github.io/evaready-electrical/service-areas/macarthur-camden-and-wollondilly/wollondilly/mount-hunter,suburb page,Electrician Mount Hunter 2570 | Emergency & Level 2,Electrician Mount Hunter 2570,2741,,,,,,,,,,
https://c0d312.github.io/evaready-electrical/service-areas/macarthur-camden-and-wollondilly/wollondilly/mowbray-park,suburb page,Electrician Mowbray Park 2571 | Emergency & Level 2,Electrician Mowbray Park 2571,2789,,,,,,,,,,
https://c0d312.github.io/evaready-electrical/service-areas/macarthur-camden-and-wollondilly/wollondilly/nattai,suburb page,Electrician Nattai 2570 | Emergency & Level 2,Electrician Nattai 2570,2653,,,,,,,,,,
https://c0d312.github.io/evaready-electrical/service-areas/macarthur-camden-and-wollondilly/wollondilly/oakdale,suburb page,Electrician Oakdale 2570 | Emergency & Level 2,Electrician Oakdale 2570,2674,,,,,,,,,,
https://c0d312.github.io/evaready-electrical/service-areas/macarthur-camden-and-wollondilly/wollondilly/orangeville,suburb page,Electrician Orangeville 2570 | Emergency & Level 2,Electrician Orangeville 2570,2671,,,,,,,,,,
https://c0d312.github.io/evaready-electrical/service-areas/macarthur-camden-and-wollondilly/wollondilly/pheasants-nest,suburb page,Electrician Pheasants Nest 2574 | Emergency & Level 2,Electrician Pheasants Nest 2574,2756,,,,,,,,,,
https://c0d312.github.io/evaready-electrical/service-areas/macarthur-camden-and-wollondilly/wollondilly/picton,suburb page,Electrician Picton 2571 | Emergency & Level 2,Electrician Picton 2571,2714,,,,,,,,,,
https://c0d312.github.io/evaready-electrical/service-areas/macarthur-camden-and-wollondilly/wollondilly/razorback,suburb page,Electrician Razorback 2571 | Emergency & Level 2,Electrician Razorback 2571,2650,,,,,,,,,,
https://c0d312.github.io/evaready-electrical/service-areas/macarthur-camden-and-wollondilly/wollondilly/silverdale,suburb page,Electrician Silverdale 2752 | Emergency & Level 2,Electrician Silverdale 2752,2660,,,,,,,,,,
https://c0d312.github.io/evaready-electrical/service-areas/macarthur-camden-and-wollondilly/wollondilly/tahmoor,suburb page,Electrician Tahmoor 2573 | Emergency & Level 2,Electrician Tahmoor 2573,2675,,,,,,,,,,
https://c0d312.github.io/evaready-electrical/service-areas/macarthur-camden-and-wollondilly/wollondilly/the-oaks,suburb page,Electrician The Oaks 2570 | Emergency & Level 2,Electrician The Oaks 2570,2742,,,,,,,,,,
https://c0d312.github.io/evaready-electrical/service-areas/macarthur-camden-and-wollondilly/wollondilly/theresa-park,suburb page,Electrician Theresa Park 2570 | Emergency & Level 2,Electrician Theresa Park 2570,2746,,,,,,,,,,
https://c0d312.github.io/evaready-electrical/service-areas/macarthur-camden-and-wollondilly/wollondilly/thirlmere,suburb page,Electrician Thirlmere 2572 | Emergency & Level 2,Electrician Thirlmere 2572,2638,,,,,,,,,,
https://c0d312.github.io/evaready-electrical/service-areas/macarthur-camden-and-wollondilly/wollondilly/warragamba,suburb page,Electrician Warragamba 2752 | Emergency & Level 2,Electrician Warragamba 2752,2666,,,,,,,,,,
https://c0d312.github.io/evaready-electrical/service-areas/macarthur-camden-and-wollondilly/wollondilly/werombi,suburb page,Electrician Werombi 2570 | Emergency & Level 2,Electrician Werombi 2570,2668,,,,,,,,,,
https://c0d312.github.io/evaready-electrical/service-areas/macarthur-camden-and-wollondilly/wollondilly/wilton,suburb page,Electrician Wilton 2571 | Emergency & Level 2,Electrician Wilton 2571,2693,,,,,,,,,,
https://c0d312.github.io/evaready-electrical/service-areas/macarthur-camden-and-wollondilly/wollondilly/yanderra,suburb page,Electrician Yanderra 2574 | Emergency & Level 2,Electrician Yanderra 2574,2684,,,,,,,,,,
https://c0d312.github.io/evaready-electrical/service-areas/inner-west-burwood-and-canada-bay/burwood/burwood,suburb page,Electrician Burwood 2134 | Emergency & Level 2,Electrician Burwood 2134,2712,,,,,,,,,,
https://c0d312.github.io/evaready-electrical/service-areas/inner-west-burwood-and-canada-bay/burwood/burwood-heights,suburb page,Electrician Burwood Heights 2136 | Emergency & Level 2,Electrician Burwood Heights 2136,2765,,,,,,,,,,
https://c0d312.github.io/evaready-electrical/service-areas/inner-west-burwood-and-canada-bay/burwood/enfield,suburb page,Electrician Enfield 2136 | Emergency & Level 2,Electrician Enfield 2136,2649,,,,,,,,,,
https://c0d312.github.io/evaready-electrical/service-areas/inner-west-burwood-and-canada-bay/burwood/strathfield,suburb page,Electrician Strathfield 2135 | Emergency & Level 2,Electrician Strathfield 2135,2687,,,,,,,,,,
https://c0d312.github.io/evaready-electrical/service-areas/inner-west-burwood-and-canada-bay/canada-bay/abbotsford,suburb page,Electrician Abbotsford 2046 | Emergency & Level 2,Electrician Abbotsford 2046,2679,,,,,,,,,,
https://c0d312.github.io/evaready-electrical/service-areas/inner-west-burwood-and-canada-bay/canada-bay/breakfast-point,suburb page,Electrician Breakfast Point 2137 | Emergency & Level 2,Electrician Breakfast Point 2137,2749,,,,,,,,,,
https://c0d312.github.io/evaready-electrical/service-areas/inner-west-burwood-and-canada-bay/canada-bay/cabarita,suburb page,Electrician Cabarita 2137 | Emergency & Level 2,Electrician Cabarita 2137,2655,,,,,,,,,,
https://c0d312.github.io/evaready-electrical/service-areas/inner-west-burwood-and-canada-bay/canada-bay/canada-bay,suburb page,Electrician Canada Bay 2046 | Emergency & Level 2,Electrician Canada Bay 2046,2764,,,,,,,,,,
https://c0d312.github.io/evaready-electrical/service-areas/inner-west-burwood-and-canada-bay/canada-bay/chiswick,suburb page,Electrician Chiswick 2046 | Emergency & Level 2,Electrician Chiswick 2046,2689,,,,,,,,,,
https://c0d312.github.io/evaready-electrical/service-areas/inner-west-burwood-and-canada-bay/canada-bay/concord,suburb page,Electrician Concord 2137 | Emergency & Level 2,Electrician Concord 2137,2692,,,,,,,,,,
https://c0d312.github.io/evaready-electrical/service-areas/inner-west-burwood-and-canada-bay/canada-bay/concord-west,suburb page,Electrician Concord West 2138 | Emergency & Level 2,Electrician Concord West 2138,2756,,,,,,,,,,
https://c0d312.github.io/evaready-electrical/service-areas/inner-west-burwood-and-canada-bay/canada-bay/drummoyne,suburb page,Electrician Drummoyne 2047 | Emergency & Level 2,Electrician Drummoyne 2047,2671,,,,,,,,,,
https://c0d312.github.io/evaready-electrical/service-areas/inner-west-burwood-and-canada-bay/canada-bay/five-dock,suburb page,Electrician Five Dock 2046 | Emergency & Level 2,Electrician Five Dock 2046,2790,,,,,,,,,,
https://c0d312.github.io/evaready-electrical/service-areas/inner-west-burwood-and-canada-bay/canada-bay/liberty-grove,suburb page,Electrician Liberty Grove 2138 | Emergency & Level 2,Electrician Liberty Grove 2138,2758,,,,,,,,,,
https://c0d312.github.io/evaready-electrical/service-areas/inner-west-burwood-and-canada-bay/canada-bay/mortlake,suburb page,Electrician Mortlake 2137 | Emergency & Level 2,Electrician Mortlake 2137,2669,,,,,,,,,,
https://c0d312.github.io/evaready-electrical/service-areas/inner-west-burwood-and-canada-bay/canada-bay/north-strathfield,suburb page,Electrician North Strathfield 2137 | Emergency & Level 2,Electrician North Strathfield 2137,2773,,,,,,,,,,
https://c0d312.github.io/evaready-electrical/service-areas/inner-west-burwood-and-canada-bay/canada-bay/rhodes,suburb page,Electrician Rhodes 2138 | Emergency & Level 2,Electrician Rhodes 2138,2666,,,,,,,,,,
https://c0d312.github.io/evaready-electrical/service-areas/inner-west-burwood-and-canada-bay/canada-bay/rodd-point,suburb page,Electrician Rodd Point 2046 | Emergency & Level 2,Electrician Rodd Point 2046,2777,,,,,,,,,,
https://c0d312.github.io/evaready-electrical/service-areas/inner-west-burwood-and-canada-bay/canada-bay/russell-lea,suburb page,Electrician Russell Lea 2046 | Emergency & Level 2,Electrician Russell Lea 2046,2743,,,,,,,,,,
https://c0d312.github.io/evaready-electrical/service-areas/inner-west-burwood-and-canada-bay/canada-bay/wareemba,suburb page,Electrician Wareemba 2046 | Emergency & Level 2,Electrician Wareemba 2046,2666,,,,,,,,,,
https://c0d312.github.io/evaready-electrical/service-areas/inner-west-burwood-and-canada-bay/inner-west/annandale,suburb page,Electrician Annandale 2038 | Emergency & Level 2,Electrician Annandale 2038,2681,,,,,,,,,,
https://c0d312.github.io/evaready-electrical/service-areas/inner-west-burwood-and-canada-bay/inner-west/ashbury,suburb page,Electrician Ashbury 2193 | Emergency & Level 2,Electrician Ashbury 2193,2694,,,,,,,,,,
https://c0d312.github.io/evaready-electrical/service-areas/inner-west-burwood-and-canada-bay/inner-west/ashfield,suburb page,Electrician Ashfield 2131 | Emergency & Level 2,Electrician Ashfield 2131,2676,,,,,,,,,,
https://c0d312.github.io/evaready-electrical/service-areas/inner-west-burwood-and-canada-bay/inner-west/balmain,suburb page,Electrician Balmain 2041 | Emergency & Level 2,Electrician Balmain 2041,2696,,,,,,,,,,
https://c0d312.github.io/evaready-electrical/service-areas/inner-west-burwood-and-canada-bay/inner-west/balmain-east,suburb page,Electrician Balmain East 2041 | Emergency & Level 2,Electrician Balmain East 2041,2738,,,,,,,,,,
https://c0d312.github.io/evaready-electrical/service-areas/inner-west-burwood-and-canada-bay/inner-west/birchgrove,suburb page,Electrician Birchgrove 2041 | Emergency & Level 2,Electrician Birchgrove 2041,2697,,,,,,,,,,
https://c0d312.github.io/evaready-electrical/service-areas/inner-west-burwood-and-canada-bay/inner-west/camperdown,suburb page,Electrician Camperdown 2050 | Emergency & Level 2,Electrician Camperdown 2050,2652,,,,,,,,,,
https://c0d312.github.io/evaready-electrical/service-areas/inner-west-burwood-and-canada-bay/inner-west/croydon,suburb page,Electrician Croydon 2132 | Emergency & Level 2,Electrician Croydon 2132,2683,,,,,,,,,,
https://c0d312.github.io/evaready-electrical/service-areas/inner-west-burwood-and-canada-bay/inner-west/croydon-park,suburb page,Electrician Croydon Park 2133 | Emergency & Level 2,Electrician Croydon Park 2133,2806,,,,,,,,,,
https://c0d312.github.io/evaready-electrical/service-areas/inner-west-burwood-and-canada-bay/inner-west/dulwich-hill,suburb page,Electrician Dulwich Hill 2203 | Emergency & Level 2,Electrician Dulwich Hill 2203,2759,,,,,,,,,,
https://c0d312.github.io/evaready-electrical/service-areas/inner-west-burwood-and-canada-bay/inner-west/enmore,suburb page,Electrician Enmore 2042 | Emergency & Level 2,Electrician Enmore 2042,2670,,,,,,,,,,
https://c0d312.github.io/evaready-electrical/service-areas/inner-west-burwood-and-canada-bay/inner-west/haberfield,suburb page,Electrician Haberfield 2045 | Emergency & Level 2,Electrician Haberfield 2045,2685,,,,,,,,,,
https://c0d312.github.io/evaready-electrical/service-areas/inner-west-burwood-and-canada-bay/inner-west/hurlstone-park,suburb page,Electrician Hurlstone Park 2193 | Emergency & Level 2,Electrician Hurlstone Park 2193,2747,,,,,,,,,,
https://c0d312.github.io/evaready-electrical/service-areas/inner-west-burwood-and-canada-bay/inner-west/leichhardt,suburb page,Electrician Leichhardt 2040 | Emergency & Level 2,Electrician Leichhardt 2040,2666,,,,,,,,,,
https://c0d312.github.io/evaready-electrical/service-areas/inner-west-burwood-and-canada-bay/inner-west/lewisham,suburb page,Electrician Lewisham 2049 | Emergency & Level 2,Electrician Lewisham 2049,2650,,,,,,,,,,
https://c0d312.github.io/evaready-electrical/service-areas/inner-west-burwood-and-canada-bay/inner-west/lilyfield,suburb page,Electrician Lilyfield 2040 | Emergency & Level 2,Electrician Lilyfield 2040,2660,,,,,,,,,,
https://c0d312.github.io/evaready-electrical/service-areas/inner-west-burwood-and-canada-bay/inner-west/marrickville,suburb page,Electrician Marrickville 2204 | Emergency & Level 2,Electrician Marrickville 2204,2728,,,,,,,,,,
https://c0d312.github.io/evaready-electrical/service-areas/inner-west-burwood-and-canada-bay/inner-west/newtown,suburb page,Electrician Newtown 2042 | Emergency & Level 2,Electrician Newtown 2042,2712,,,,,,,,,,
https://c0d312.github.io/evaready-electrical/service-areas/inner-west-burwood-and-canada-bay/inner-west/petersham,suburb page,Electrician Petersham 2049 | Emergency & Level 2,Electrician Petersham 2049,2691,,,,,,,,,,
https://c0d312.github.io/evaready-electrical/service-areas/inner-west-burwood-and-canada-bay/inner-west/rozelle,suburb page,Electrician Rozelle 2039 | Emergency & Level 2,Electrician Rozelle 2039,2675,,,,,,,,,,
https://c0d312.github.io/evaready-electrical/service-areas/inner-west-burwood-and-canada-bay/inner-west/st-peters,suburb page,Electrician St Peters 2044 | Emergency & Level 2,Electrician St Peters 2044,2755,,,,,,,,,,
https://c0d312.github.io/evaready-electrical/service-areas/inner-west-burwood-and-canada-bay/inner-west/stanmore,suburb page,Electrician Stanmore 2048 | Emergency & Level 2,Electrician Stanmore 2048,2670,,,,,,,,,,
https://c0d312.github.io/evaready-electrical/service-areas/inner-west-burwood-and-canada-bay/inner-west/summer-hill,suburb page,Electrician Summer Hill 2130 | Emergency & Level 2,Electrician Summer Hill 2130,2737,,,,,,,,,,
https://c0d312.github.io/evaready-electrical/service-areas/inner-west-burwood-and-canada-bay/inner-west/sydenham,suburb page,Electrician Sydenham 2044 | Emergency & Level 2,Electrician Sydenham 2044,2663,,,,,,,,,,
https://c0d312.github.io/evaready-electrical/service-areas/inner-west-burwood-and-canada-bay/inner-west/tempe,suburb page,Electrician Tempe 2044 | Emergency & Level 2,Electrician Tempe 2044,2673,,,,,,,,,,
https://c0d312.github.io/evaready-electrical/service-areas/inner-west-burwood-and-canada-bay/strathfield/homebush,suburb page,Electrician Homebush 2140 | Emergency & Level 2,Electrician Homebush 2140,2704,,,,,,,,,,
https://c0d312.github.io/evaready-electrical/service-areas/inner-west-burwood-and-canada-bay/strathfield/homebush-west,suburb page,Electrician Homebush West 2140 | Emergency & Level 2,Electrician Homebush West 2140,2740,,,,,,,,,,
https://c0d312.github.io/evaready-electrical/service-areas/inner-west-burwood-and-canada-bay/strathfield/strathfield-south,suburb page,Electrician Strathfield South 2136 | Emergency & Level 2,Electrician Strathfield South 2136,2756,,,,,,,,,,
https://c0d312.github.io/evaready-electrical/service-areas/sydney-city-and-eastern-suburbs/randwick/centennial-park,suburb page,Electrician Centennial Park 2021 | Emergency & Level 2,Electrician Centennial Park 2021,2740,,,,,,,,,,
https://c0d312.github.io/evaready-electrical/service-areas/sydney-city-and-eastern-suburbs/randwick/chifley,suburb page,Electrician Chifley 2036 | Emergency & Level 2,Electrician Chifley 2036,2636,,,,,,,,,,
https://c0d312.github.io/evaready-electrical/service-areas/sydney-city-and-eastern-suburbs/randwick/clovelly,suburb page,Electrician Clovelly 2031 | Emergency & Level 2,Electrician Clovelly 2031,2644,,,,,,,,,,
https://c0d312.github.io/evaready-electrical/service-areas/sydney-city-and-eastern-suburbs/randwick/coogee,suburb page,Electrician Coogee 2034 | Emergency & Level 2,Electrician Coogee 2034,2580,,,,,,,,,,
https://c0d312.github.io/evaready-electrical/service-areas/sydney-city-and-eastern-suburbs/randwick/kensington,suburb page,Electrician Kensington 2033 | Emergency & Level 2,Electrician Kensington 2033,2671,,,,,,,,,,
https://c0d312.github.io/evaready-electrical/service-areas/sydney-city-and-eastern-suburbs/randwick/kingsford,suburb page,Electrician Kingsford 2032 | Emergency & Level 2,Electrician Kingsford 2032,2623,,,,,,,,,,
https://c0d312.github.io/evaready-electrical/service-areas/sydney-city-and-eastern-suburbs/randwick/la-perouse,suburb page,Electrician La Perouse 2036 | Emergency & Level 2,Electrician La Perouse 2036,2748,,,,,,,,,,
https://c0d312.github.io/evaready-electrical/service-areas/sydney-city-and-eastern-suburbs/randwick/little-bay,suburb page,Electrician Little Bay 2036 | Emergency & Level 2,Electrician Little Bay 2036,2711,,,,,,,,,,
https://c0d312.github.io/evaready-electrical/service-areas/sydney-city-and-eastern-suburbs/randwick/malabar,suburb page,Electrician Malabar 2036 | Emergency & Level 2,Electrician Malabar 2036,2634,,,,,,,,,,
https://c0d312.github.io/evaready-electrical/service-areas/sydney-city-and-eastern-suburbs/randwick/maroubra,suburb page,Electrician Maroubra 2035 | Emergency & Level 2,Electrician Maroubra 2035,2623,,,,,,,,,,
https://c0d312.github.io/evaready-electrical/service-areas/sydney-city-and-eastern-suburbs/randwick/matraville,suburb page,Electrician Matraville 2036 | Emergency & Level 2,Electrician Matraville 2036,2631,,,,,,,,,,
https://c0d312.github.io/evaready-electrical/service-areas/sydney-city-and-eastern-suburbs/randwick/phillip-bay,suburb page,Electrician Phillip Bay 2036 | Emergency & Level 2,Electrician Phillip Bay 2036,2721,,,,,,,,,,
https://c0d312.github.io/evaready-electrical/service-areas/sydney-city-and-eastern-suburbs/randwick/randwick,suburb page,Electrician Randwick 2031 | Emergency & Level 2,Electrician Randwick 2031,2652,,,,,,,,,,
https://c0d312.github.io/evaready-electrical/service-areas/sydney-city-and-eastern-suburbs/randwick/south-coogee,suburb page,Electrician South Coogee 2034 | Emergency & Level 2,Electrician South Coogee 2034,2698,,,,,,,,,,
https://c0d312.github.io/evaready-electrical/service-areas/sydney-city-and-eastern-suburbs/sydney/alexandria,suburb page,Electrician Alexandria 2015 | Emergency & Level 2,Electrician Alexandria 2015,2689,,,,,,,,,,
https://c0d312.github.io/evaready-electrical/service-areas/sydney-city-and-eastern-suburbs/sydney/barangaroo,suburb page,Electrician Barangaroo 2000 | Emergency & Level 2,Electrician Barangaroo 2000,2652,,,,,,,,,,
https://c0d312.github.io/evaready-electrical/service-areas/sydney-city-and-eastern-suburbs/sydney/beaconsfield,suburb page,Electrician Beaconsfield 2015 | Emergency & Level 2,Electrician Beaconsfield 2015,2649,,,,,,,,,,
https://c0d312.github.io/evaready-electrical/service-areas/sydney-city-and-eastern-suburbs/sydney/chippendale,suburb page,Electrician Chippendale 2008 | Emergency & Level 2,Electrician Chippendale 2008,2682,,,,,,,,,,
https://c0d312.github.io/evaready-electrical/service-areas/sydney-city-and-eastern-suburbs/sydney/darlinghurst,suburb page,Electrician Darlinghurst 2010 | Emergency & Level 2,Electrician Darlinghurst 2010,2656,,,,,,,,,,
https://c0d312.github.io/evaready-electrical/service-areas/sydney-city-and-eastern-suburbs/sydney/darlington,suburb page,Electrician Darlington 2008 | Emergency & Level 2,Electrician Darlington 2008,2656,,,,,,,,,,
https://c0d312.github.io/evaready-electrical/service-areas/sydney-city-and-eastern-suburbs/sydney/dawes-point,suburb page,Electrician Dawes Point 2000 | Emergency & Level 2,Electrician Dawes Point 2000,2745,,,,,,,,,,
https://c0d312.github.io/evaready-electrical/service-areas/sydney-city-and-eastern-suburbs/sydney/elizabeth-bay,suburb page,Electrician Elizabeth Bay 2011 | Emergency & Level 2,Electrician Elizabeth Bay 2011,2730,,,,,,,,,,
https://c0d312.github.io/evaready-electrical/service-areas/sydney-city-and-eastern-suburbs/sydney/erskineville,suburb page,Electrician Erskineville 2043 | Emergency & Level 2,Electrician Erskineville 2043,2659,,,,,,,,,,
https://c0d312.github.io/evaready-electrical/service-areas/sydney-city-and-eastern-suburbs/sydney/eveleigh,suburb page,Electrician Eveleigh 2015 | Emergency & Level 2,Electrician Eveleigh 2015,2661,,,,,,,,,,
https://c0d312.github.io/evaready-electrical/service-areas/sydney-city-and-eastern-suburbs/sydney/forest-lodge,suburb page,Electrician Forest Lodge 2037 | Emergency & Level 2,Electrician Forest Lodge 2037,2728,,,,,,,,,,
https://c0d312.github.io/evaready-electrical/service-areas/sydney-city-and-eastern-suburbs/sydney/glebe,suburb page,Electrician Glebe 2037 | Emergency & Level 2,Electrician Glebe 2037,2641,,,,,,,,,,
https://c0d312.github.io/evaready-electrical/service-areas/sydney-city-and-eastern-suburbs/sydney/haymarket,suburb page,Electrician Haymarket 2000 | Emergency & Level 2,Electrician Haymarket 2000,2630,,,,,,,,,,
https://c0d312.github.io/evaready-electrical/service-areas/sydney-city-and-eastern-suburbs/sydney/millers-point,suburb page,Electrician Millers Point 2000 | Emergency & Level 2,Electrician Millers Point 2000,2771,,,,,,,,,,
https://c0d312.github.io/evaready-electrical/service-areas/sydney-city-and-eastern-suburbs/sydney/moore-park,suburb page,Electrician Moore Park 2021 | Emergency & Level 2,Electrician Moore Park 2021,2748,,,,,,,,,,
https://c0d312.github.io/evaready-electrical/service-areas/sydney-city-and-eastern-suburbs/sydney/paddington,suburb page,Electrician Paddington 2021 | Emergency & Level 2,Electrician Paddington 2021,2673,,,,,,,,,,
https://c0d312.github.io/evaready-electrical/service-areas/sydney-city-and-eastern-suburbs/sydney/potts-point,suburb page,Electrician Potts Point 2011 | Emergency & Level 2,Electrician Potts Point 2011,2715,,,,,,,,,,
https://c0d312.github.io/evaready-electrical/service-areas/sydney-city-and-eastern-suburbs/sydney/pyrmont,suburb page,Electrician Pyrmont 2009 | Emergency & Level 2,Electrician Pyrmont 2009,2650,,,,,,,,,,
https://c0d312.github.io/evaready-electrical/service-areas/sydney-city-and-eastern-suburbs/sydney/redfern,suburb page,Electrician Redfern 2016 | Emergency & Level 2,Electrician Redfern 2016,2677,,,,,,,,,,
https://c0d312.github.io/evaready-electrical/service-areas/sydney-city-and-eastern-suburbs/sydney/rushcutters-bay,suburb page,Electrician Rushcutters Bay 2011 | Emergency & Level 2,Electrician Rushcutters Bay 2011,2733,,,,,,,,,,
https://c0d312.github.io/evaready-electrical/service-areas/sydney-city-and-eastern-suburbs/sydney/surry-hills,suburb page,Electrician Surry Hills 2010 | Emergency & Level 2,Electrician Surry Hills 2010,2785,,,,,,,,,,
https://c0d312.github.io/evaready-electrical/service-areas/sydney-city-and-eastern-suburbs/sydney/sydney,suburb page,Electrician Sydney 2000 | Emergency & Level 2,Electrician Sydney 2000,2636,,,,,,,,,,
https://c0d312.github.io/evaready-electrical/service-areas/sydney-city-and-eastern-suburbs/sydney/the-rocks,suburb page,Electrician The Rocks 2000 | Emergency & Level 2,Electrician The Rocks 2000,2734,,,,,,,,,,
https://c0d312.github.io/evaready-electrical/service-areas/sydney-city-and-eastern-suburbs/sydney/ultimo,suburb page,Electrician Ultimo 2007 | Emergency & Level 2,Electrician Ultimo 2007,2654,,,,,,,,,,
https://c0d312.github.io/evaready-electrical/service-areas/sydney-city-and-eastern-suburbs/sydney/waterloo,suburb page,Electrician Waterloo 2017 | Emergency & Level 2,Electrician Waterloo 2017,2644,,,,,,,,,,
https://c0d312.github.io/evaready-electrical/service-areas/sydney-city-and-eastern-suburbs/sydney/woolloomooloo,suburb page,Electrician Woolloomooloo 2011 | Emergency & Level 2,Electrician Woolloomooloo 2011,2681,,,,,,,,,,
https://c0d312.github.io/evaready-electrical/service-areas/sydney-city-and-eastern-suburbs/sydney/zetland,suburb page,Electrician Zetland 2017 | Emergency & Level 2,Electrician Zetland 2017,2673,,,,,,,,,,
https://c0d312.github.io/evaready-electrical/service-areas/sydney-city-and-eastern-suburbs/waverley/bondi,suburb page,Electrician Bondi 2026 | Emergency & Level 2,Electrician Bondi 2026,2683,,,,,,,,,,
https://c0d312.github.io/evaready-electrical/service-areas/sydney-city-and-eastern-suburbs/waverley/bondi-beach,suburb page,Electrician Bondi Beach 2026 | Emergency & Level 2,Electrician Bondi Beach 2026,2734,,,,,,,,,,
https://c0d312.github.io/evaready-electrical/service-areas/sydney-city-and-eastern-suburbs/waverley/bondi-junction,suburb page,Electrician Bondi Junction 2022 | Emergency & Level 2,Electrician Bondi Junction 2022,2782,,,,,,,,,,
https://c0d312.github.io/evaready-electrical/service-areas/sydney-city-and-eastern-suburbs/waverley/bronte,suburb page,Electrician Bronte 2024 | Emergency & Level 2,Electrician Bronte 2024,2653,,,,,,,,,,
https://c0d312.github.io/evaready-electrical/service-areas/sydney-city-and-eastern-suburbs/waverley/dover-heights,suburb page,Electrician Dover Heights 2030 | Emergency & Level 2,Electrician Dover Heights 2030,2731,,,,,,,,,,
https://c0d312.github.io/evaready-electrical/service-areas/sydney-city-and-eastern-suburbs/waverley/north-bondi,suburb page,Electrician North Bondi 2026 | Emergency & Level 2,Electrician North Bondi 2026,2710,,,,,,,,,,
https://c0d312.github.io/evaready-electrical/service-areas/sydney-city-and-eastern-suburbs/waverley/queens-park,suburb page,Electrician Queens Park 2022 | Emergency & Level 2,Electrician Queens Park 2022,2721,,,,,,,,,,
https://c0d312.github.io/evaready-electrical/service-areas/sydney-city-and-eastern-suburbs/waverley/rose-bay,suburb page,Electrician Rose Bay 2029 | Emergency & Level 2,Electrician Rose Bay 2029,2721,,,,,,,,,,
https://c0d312.github.io/evaready-electrical/service-areas/sydney-city-and-eastern-suburbs/waverley/tamarama,suburb page,Electrician Tamarama 2026 | Emergency & Level 2,Electrician Tamarama 2026,2663,,,,,,,,,,
https://c0d312.github.io/evaready-electrical/service-areas/sydney-city-and-eastern-suburbs/waverley/vaucluse,suburb page,Electrician Vaucluse 2030 | Emergency & Level 2,Electrician Vaucluse 2030,2624,,,,,,,,,,
https://c0d312.github.io/evaready-electrical/service-areas/sydney-city-and-eastern-suburbs/waverley/waverley,suburb page,Electrician Waverley 2024 | Emergency & Level 2,Electrician Waverley 2024,2644,,,,,,,,,,
https://c0d312.github.io/evaready-electrical/service-areas/sydney-city-and-eastern-suburbs/woollahra/bellevue-hill,suburb page,Electrician Bellevue Hill 2023 | Emergency & Level 2,Electrician Bellevue Hill 2023,2752,,,,,,,,,,
https://c0d312.github.io/evaready-electrical/service-areas/sydney-city-and-eastern-suburbs/woollahra/darling-point,suburb page,Electrician Darling Point 2027 | Emergency & Level 2,Electrician Darling Point 2027,2750,,,,,,,,,,
https://c0d312.github.io/evaready-electrical/service-areas/sydney-city-and-eastern-suburbs/woollahra/double-bay,suburb page,Electrician Double Bay 2028 | Emergency & Level 2,Electrician Double Bay 2028,2744,,,,,,,,,,
https://c0d312.github.io/evaready-electrical/service-areas/sydney-city-and-eastern-suburbs/woollahra/edgecliff,suburb page,Electrician Edgecliff 2027 | Emergency & Level 2,Electrician Edgecliff 2027,2675,,,,,,,,,,
https://c0d312.github.io/evaready-electrical/service-areas/sydney-city-and-eastern-suburbs/woollahra/point-piper,suburb page,Electrician Point Piper 2027 | Emergency & Level 2,Electrician Point Piper 2027,2718,,,,,,,,,,
https://c0d312.github.io/evaready-electrical/service-areas/sydney-city-and-eastern-suburbs/woollahra/watsons-bay,suburb page,Electrician Watsons Bay 2030 | Emergency & Level 2,Electrician Watsons Bay 2030,2729,,,,,,,,,,
https://c0d312.github.io/evaready-electrical/service-areas/sydney-city-and-eastern-suburbs/woollahra/woollahra,suburb page,Electrician Woollahra 2025 | Emergency & Level 2,Electrician Woollahra 2025,2679,,,,,,,,,,
https://c0d312.github.io/evaready-electrical/service-areas/parramatta-and-cumberland/cumberland/auburn,suburb page,Electrician Auburn 2144 | Emergency & Level 2,Electrician Auburn 2144,2682,,,,,,,,,,
https://c0d312.github.io/evaready-electrical/service-areas/parramatta-and-cumberland/cumberland/berala,suburb page,Electrician Berala 2141 | Emergency & Level 2,Electrician Berala 2141,2642,,,,,,,,,,
https://c0d312.github.io/evaready-electrical/service-areas/parramatta-and-cumberland/cumberland/girraween,suburb page,Electrician Girraween 2145 | Emergency & Level 2,Electrician Girraween 2145,2654,,,,,,,,,,
https://c0d312.github.io/evaready-electrical/service-areas/parramatta-and-cumberland/cumberland/greystanes,suburb page,Electrician Greystanes 2145 | Emergency & Level 2,Electrician Greystanes 2145,2669,,,,,,,,,,
https://c0d312.github.io/evaready-electrical/service-areas/parramatta-and-cumberland/cumberland/guildford,suburb page,Electrician Guildford 2161 | Emergency & Level 2,Electrician Guildford 2161,2642,,,,,,,,,,
https://c0d312.github.io/evaready-electrical/service-areas/parramatta-and-cumberland/cumberland/guildford-west,suburb page,Electrician Guildford West 2161 | Emergency & Level 2,Electrician Guildford West 2161,2748,,,,,,,,,,
https://c0d312.github.io/evaready-electrical/service-areas/parramatta-and-cumberland/cumberland/holroyd,suburb page,Electrician Holroyd 2142 | Emergency & Level 2,Electrician Holroyd 2142,2648,,,,,,,,,,
https://c0d312.github.io/evaready-electrical/service-areas/parramatta-and-cumberland/cumberland/lidcombe,suburb page,Electrician Lidcombe 2141 | Emergency & Level 2,Electrician Lidcombe 2141,2682,,,,,,,,,,
https://c0d312.github.io/evaready-electrical/service-areas/parramatta-and-cumberland/cumberland/merrylands,suburb page,Electrician Merrylands 2160 | Emergency & Level 2,Electrician Merrylands 2160,2668,,,,,,,,,,
https://c0d312.github.io/evaready-electrical/service-areas/parramatta-and-cumberland/cumberland/merrylands-west,suburb page,Electrician Merrylands West 2160 | Emergency & Level 2,Electrician Merrylands West 2160,2751,,,,,,,,,,
https://c0d312.github.io/evaready-electrical/service-areas/parramatta-and-cumberland/cumberland/pemulwuy,suburb page,Electrician Pemulwuy 2145 | Emergency & Level 2,Electrician Pemulwuy 2145,2659,,,,,,,,,,
https://c0d312.github.io/evaready-electrical/service-areas/parramatta-and-cumberland/cumberland/pendle-hill,suburb page,Electrician Pendle Hill 2145 | Emergency & Level 2,Electrician Pendle Hill 2145,2758,,,,,,,,,,
https://c0d312.github.io/evaready-electrical/service-areas/parramatta-and-cumberland/cumberland/regents-park,suburb page,Electrician Regents Park 2143 | Emergency & Level 2,Electrician Regents Park 2143,2735,,,,,,,,,,
https://c0d312.github.io/evaready-electrical/service-areas/parramatta-and-cumberland/cumberland/rookwood,suburb page,Electrician Rookwood 2141 | Emergency & Level 2,Electrician Rookwood 2141,2661,,,,,,,,,,
https://c0d312.github.io/evaready-electrical/service-areas/parramatta-and-cumberland/cumberland/south-granville,suburb page,Electrician South Granville 2142 | Emergency & Level 2,Electrician South Granville 2142,2737,,,,,,,,,,
https://c0d312.github.io/evaready-electrical/service-areas/parramatta-and-cumberland/cumberland/south-wentworthville,suburb page,Electrician South Wentworthville 2145 | Emergency & Level 2,Electrician South Wentworthville 2145,2739,,,,,,,,,,
https://c0d312.github.io/evaready-electrical/service-areas/parramatta-and-cumberland/cumberland/wentworthville,suburb page,Electrician Wentworthville 2145 | Emergency & Level 2,Electrician Wentworthville 2145,2658,,,,,,,,,,
https://c0d312.github.io/evaready-electrical/service-areas/parramatta-and-cumberland/cumberland/westmead,suburb page,Electrician Westmead 2145 | Emergency & Level 2,Electrician Westmead 2145,2650,,,,,,,,,,
https://c0d312.github.io/evaready-electrical/service-areas/parramatta-and-cumberland/cumberland/woodpark,suburb page,Electrician Woodpark 2164 | Emergency & Level 2,Electrician Woodpark 2164,2648,,,,,,,,,,
https://c0d312.github.io/evaready-electrical/service-areas/parramatta-and-cumberland/parramatta/carlingford,suburb page,Electrician Carlingford 2118 | Emergency & Level 2,Electrician Carlingford 2118,2635,,,,,,,,,,
https://c0d312.github.io/evaready-electrical/service-areas/parramatta-and-cumberland/parramatta/clyde,suburb page,Electrician Clyde 2142 | Emergency & Level 2,Electrician Clyde 2142,2636,,,,,,,,,,
https://c0d312.github.io/evaready-electrical/service-areas/parramatta-and-cumberland/parramatta/constitution-hill,suburb page,Electrician Constitution Hill 2145 | Emergency & Level 2,Electrician Constitution Hill 2145,2736,,,,,,,,,,
https://c0d312.github.io/evaready-electrical/service-areas/parramatta-and-cumberland/parramatta/dundas,suburb page,Electrician Dundas 2117 | Emergency & Level 2,Electrician Dundas 2117,2652,,,,,,,,,,
https://c0d312.github.io/evaready-electrical/service-areas/parramatta-and-cumberland/parramatta/dundas-valley,suburb page,Electrician Dundas Valley 2117 | Emergency & Level 2,Electrician Dundas Valley 2117,2718,,,,,,,,,,
https://c0d312.github.io/evaready-electrical/service-areas/parramatta-and-cumberland/parramatta/eastwood,suburb page,Electrician Eastwood 2122 | Emergency & Level 2,Electrician Eastwood 2122,2638,,,,,,,,,,
https://c0d312.github.io/evaready-electrical/service-areas/parramatta-and-cumberland/parramatta/epping,suburb page,Electrician Epping 2121 | Emergency & Level 2,Electrician Epping 2121,2679,,,,,,,,,,
https://c0d312.github.io/evaready-electrical/service-areas/parramatta-and-cumberland/parramatta/ermington,suburb page,Electrician Ermington 2115 | Emergency & Level 2,Electrician Ermington 2115,2636,,,,,,,,,,
https://c0d312.github.io/evaready-electrical/service-areas/parramatta-and-cumberland/parramatta/granville,suburb page,Electrician Granville 2142 | Emergency & Level 2,Electrician Granville 2142,2686,,,,,,,,,,
https://c0d312.github.io/evaready-electrical/service-areas/parramatta-and-cumberland/parramatta/harris-park,suburb page,Electrician Harris Park 2150 | Emergency & Level 2,Electrician Harris Park 2150,2738,,,,,,,,,,
https://c0d312.github.io/evaready-electrical/service-areas/parramatta-and-cumberland/parramatta/mays-hill,suburb page,Electrician Mays Hill 2145 | Emergency & Level 2,Electrician Mays Hill 2145,2727,,,,,,,,,,
https://c0d312.github.io/evaready-electrical/service-areas/parramatta-and-cumberland/parramatta/melrose-park,suburb page,Electrician Melrose Park 2114 | Emergency & Level 2,Electrician Melrose Park 2114,2710,,,,,,,,,,
https://c0d312.github.io/evaready-electrical/service-areas/parramatta-and-cumberland/parramatta/newington,suburb page,Electrician Newington 2127 | Emergency & Level 2,Electrician Newington 2127,2676,,,,,,,,,,
https://c0d312.github.io/evaready-electrical/service-areas/parramatta-and-cumberland/parramatta/north-parramatta,suburb page,Electrician North Parramatta 2151 | Emergency & Level 2,Electrician North Parramatta 2151,2754,,,,,,,,,,
https://c0d312.github.io/evaready-electrical/service-areas/parramatta-and-cumberland/parramatta/north-rocks,suburb page,Electrician North Rocks 2151 | Emergency & Level 2,Electrician North Rocks 2151,2756,,,,,,,,,,
https://c0d312.github.io/evaready-electrical/service-areas/parramatta-and-cumberland/parramatta/northmead,suburb page,Electrician Northmead 2152 | Emergency & Level 2,Electrician Northmead 2152,2654,,,,,,,,,,
https://c0d312.github.io/evaready-electrical/service-areas/parramatta-and-cumberland/parramatta/oatlands,suburb page,Electrician Oatlands 2117 | Emergency & Level 2,Electrician Oatlands 2117,2684,,,,,,,,,,
https://c0d312.github.io/evaready-electrical/service-areas/parramatta-and-cumberland/parramatta/old-toongabbie,suburb page,Electrician Old Toongabbie 2146 | Emergency & Level 2,Electrician Old Toongabbie 2146,2743,,,,,,,,,,
https://c0d312.github.io/evaready-electrical/service-areas/parramatta-and-cumberland/parramatta/parramatta,suburb page,Electrician Parramatta 2150 | Emergency & Level 2,Electrician Parramatta 2150,2606,,,,,,,,,,
https://c0d312.github.io/evaready-electrical/service-areas/parramatta-and-cumberland/parramatta/rosehill,suburb page,Electrician Rosehill 2142 | Emergency & Level 2,Electrician Rosehill 2142,2643,,,,,,,,,,
https://c0d312.github.io/evaready-electrical/service-areas/parramatta-and-cumberland/parramatta/rydalmere,suburb page,Electrician Rydalmere 2116 | Emergency & Level 2,Electrician Rydalmere 2116,2627,,,,,,,,,,
https://c0d312.github.io/evaready-electrical/service-areas/parramatta-and-cumberland/parramatta/silverwater,suburb page,Electrician Silverwater 2128 | Emergency & Level 2,Electrician Silverwater 2128,2637,,,,,,,,,,
https://c0d312.github.io/evaready-electrical/service-areas/parramatta-and-cumberland/parramatta/sydney-olympic-park,suburb page,Electrician Sydney Olympic Park 2127 | Emergency & Level 2,Electrician Sydney Olympic Park 2127,2808,,,,,,,,,,
https://c0d312.github.io/evaready-electrical/service-areas/parramatta-and-cumberland/parramatta/telopea,suburb page,Electrician Telopea 2117 | Emergency & Level 2,Electrician Telopea 2117,2661,,,,,,,,,,
https://c0d312.github.io/evaready-electrical/service-areas/parramatta-and-cumberland/parramatta/wentworth-point,suburb page,Electrician Wentworth Point 2127 | Emergency & Level 2,Electrician Wentworth Point 2127,2745,,,,,,,,,,
https://c0d312.github.io/evaready-electrical/service-areas/western-sydney-and-nepean/blacktown/acacia-gardens,suburb page,Electrician Acacia Gardens 2763 | Emergency & Level 2,Electrician Acacia Gardens 2763,2774,,,,,,,,,,
https://c0d312.github.io/evaready-electrical/service-areas/western-sydney-and-nepean/blacktown/arndell-park,suburb page,Electrician Arndell Park 2148 | Emergency & Level 2,Electrician Arndell Park 2148,2707,,,,,,,,,,
https://c0d312.github.io/evaready-electrical/service-areas/western-sydney-and-nepean/blacktown/bidwill,suburb page,Electrician Bidwill 2770 | Emergency & Level 2,Electrician Bidwill 2770,2689,,,,,,,,,,
https://c0d312.github.io/evaready-electrical/service-areas/western-sydney-and-nepean/blacktown/blackett,suburb page,Electrician Blackett 2770 | Emergency & Level 2,Electrician Blackett 2770,2654,,,,,,,,,,
https://c0d312.github.io/evaready-electrical/service-areas/western-sydney-and-nepean/blacktown/blacktown,suburb page,Electrician Blacktown 2148 | Emergency & Level 2,Electrician Blacktown 2148,2651,,,,,,,,,,
https://c0d312.github.io/evaready-electrical/service-areas/western-sydney-and-nepean/blacktown/bungarribee,suburb page,Electrician Bungarribee 2767 | Emergency & Level 2,Electrician Bungarribee 2767,2690,,,,,,,,,,
https://c0d312.github.io/evaready-electrical/service-areas/western-sydney-and-nepean/blacktown/colebee,suburb page,Electrician Colebee 2761 | Emergency & Level 2,Electrician Colebee 2761,2673,,,,,,,,,,
https://c0d312.github.io/evaready-electrical/service-areas/western-sydney-and-nepean/blacktown/dean-park,suburb page,Electrician Dean Park 2761 | Emergency & Level 2,Electrician Dean Park 2761,2769,,,,,,,,,,
https://c0d312.github.io/evaready-electrical/service-areas/western-sydney-and-nepean/blacktown/dharruk,suburb page,Electrician Dharruk 2770 | Emergency & Level 2,Electrician Dharruk 2770,2672,,,,,,,,,,
https://c0d312.github.io/evaready-electrical/service-areas/western-sydney-and-nepean/blacktown/doonside,suburb page,Electrician Doonside 2767 | Emergency & Level 2,Electrician Doonside 2767,2668,,,,,,,,,,
https://c0d312.github.io/evaready-electrical/service-areas/western-sydney-and-nepean/blacktown/eastern-creek,suburb page,Electrician Eastern Creek 2766 | Emergency & Level 2,Electrician Eastern Creek 2766,2748,,,,,,,,,,
https://c0d312.github.io/evaready-electrical/service-areas/western-sydney-and-nepean/blacktown/emerton,suburb page,Electrician Emerton 2770 | Emergency & Level 2,Electrician Emerton 2770,2655,,,,,,,,,,
https://c0d312.github.io/evaready-electrical/service-areas/western-sydney-and-nepean/blacktown/glendenning,suburb page,Electrician Glendenning 2761 | Emergency & Level 2,Electrician Glendenning 2761,2683,,,,,,,,,,
https://c0d312.github.io/evaready-electrical/service-areas/western-sydney-and-nepean/blacktown/glenwood,suburb page,Electrician Glenwood 2768 | Emergency & Level 2,Electrician Glenwood 2768,2679,,,,,,,,,,
https://c0d312.github.io/evaready-electrical/service-areas/western-sydney-and-nepean/blacktown/hassall-grove,suburb page,Electrician Hassall Grove 2761 | Emergency & Level 2,Electrician Hassall Grove 2761,2762,,,,,,,,,,
https://c0d312.github.io/evaready-electrical/service-areas/western-sydney-and-nepean/blacktown/hebersham,suburb page,Electrician Hebersham 2770 | Emergency & Level 2,Electrician Hebersham 2770,2685,,,,,,,,,,
https://c0d312.github.io/evaready-electrical/service-areas/western-sydney-and-nepean/blacktown/kellyville-ridge,suburb page,Electrician Kellyville Ridge 2155 | Emergency & Level 2,Electrician Kellyville Ridge 2155,2754,,,,,,,,,,
https://c0d312.github.io/evaready-electrical/service-areas/western-sydney-and-nepean/blacktown/kings-langley,suburb page,Electrician Kings Langley 2147 | Emergency & Level 2,Electrician Kings Langley 2147,2745,,,,,,,,,,
https://c0d312.github.io/evaready-electrical/service-areas/western-sydney-and-nepean/blacktown/kings-park,suburb page,Electrician Kings Park 2148 | Emergency & Level 2,Electrician Kings Park 2148,2748,,,,,,,,,,
https://c0d312.github.io/evaready-electrical/service-areas/western-sydney-and-nepean/blacktown/lalor-park,suburb page,Electrician Lalor Park 2147 | Emergency & Level 2,Electrician Lalor Park 2147,2745,,,,,,,,,,
https://c0d312.github.io/evaready-electrical/service-areas/western-sydney-and-nepean/blacktown/lethbridge-park,suburb page,Electrician Lethbridge Park 2770 | Emergency & Level 2,Electrician Lethbridge Park 2770,2777,,,,,,,,,,
https://c0d312.github.io/evaready-electrical/service-areas/western-sydney-and-nepean/blacktown/marayong,suburb page,Electrician Marayong 2148 | Emergency & Level 2,Electrician Marayong 2148,2643,,,,,,,,,,
https://c0d312.github.io/evaready-electrical/service-areas/western-sydney-and-nepean/blacktown/marsden-park,suburb page,Electrician Marsden Park 2765 | Emergency & Level 2,Electrician Marsden Park 2765,2735,,,,,,,,,,
https://c0d312.github.io/evaready-electrical/service-areas/western-sydney-and-nepean/blacktown/minchinbury,suburb page,Electrician Minchinbury 2770 | Emergency & Level 2,Electrician Minchinbury 2770,2660,,,,,,,,,,
https://c0d312.github.io/evaready-electrical/service-areas/western-sydney-and-nepean/blacktown/mount-druitt,suburb page,Electrician Mount Druitt 2770 | Emergency & Level 2,Electrician Mount Druitt 2770,2771,,,,,,,,,,
https://c0d312.github.io/evaready-electrical/service-areas/western-sydney-and-nepean/blacktown/oakhurst,suburb page,Electrician Oakhurst 2761 | Emergency & Level 2,Electrician Oakhurst 2761,2693,,,,,,,,,,
https://c0d312.github.io/evaready-electrical/service-areas/western-sydney-and-nepean/blacktown/parklea,suburb page,Electrician Parklea 2768 | Emergency & Level 2,Electrician Parklea 2768,2669,,,,,,,,,,
https://c0d312.github.io/evaready-electrical/service-areas/western-sydney-and-nepean/blacktown/plumpton,suburb page,Electrician Plumpton 2761 | Emergency & Level 2,Electrician Plumpton 2761,2665,,,,,,,,,,
https://c0d312.github.io/evaready-electrical/service-areas/western-sydney-and-nepean/blacktown/prospect,suburb page,Electrician Prospect 2148 | Emergency & Level 2,Electrician Prospect 2148,2645,,,,,,,,,,
https://c0d312.github.io/evaready-electrical/service-areas/western-sydney-and-nepean/blacktown/quakers-hill,suburb page,Electrician Quakers Hill 2763 | Emergency & Level 2,Electrician Quakers Hill 2763,2786,,,,,,,,,,
https://c0d312.github.io/evaready-electrical/service-areas/western-sydney-and-nepean/blacktown/riverstone,suburb page,Electrician Riverstone 2765 | Emergency & Level 2,Electrician Riverstone 2765,2687,,,,,,,,,,
https://c0d312.github.io/evaready-electrical/service-areas/western-sydney-and-nepean/blacktown/rooty-hill,suburb page,Electrician Rooty Hill 2766 | Emergency & Level 2,Electrician Rooty Hill 2766,2770,,,,,,,,,,
https://c0d312.github.io/evaready-electrical/service-areas/western-sydney-and-nepean/blacktown/ropes-crossing,suburb page,Electrician Ropes Crossing 2760 | Emergency & Level 2,Electrician Ropes Crossing 2760,2760,,,,,,,,,,
https://c0d312.github.io/evaready-electrical/service-areas/western-sydney-and-nepean/blacktown/schofields,suburb page,Electrician Schofields 2762 | Emergency & Level 2,Electrician Schofields 2762,2671,,,,,,,,,,
https://c0d312.github.io/evaready-electrical/service-areas/western-sydney-and-nepean/blacktown/seven-hills,suburb page,Electrician Seven Hills 2147 | Emergency & Level 2,Electrician Seven Hills 2147,2762,,,,,,,,,,
https://c0d312.github.io/evaready-electrical/service-areas/western-sydney-and-nepean/blacktown/shalvey,suburb page,Electrician Shalvey 2770 | Emergency & Level 2,Electrician Shalvey 2770,2655,,,,,,,,,,
https://c0d312.github.io/evaready-electrical/service-areas/western-sydney-and-nepean/blacktown/shanes-park,suburb page,Electrician Shanes Park 2747 | Emergency & Level 2,Electrician Shanes Park 2747,2790,,,,,,,,,,
https://c0d312.github.io/evaready-electrical/service-areas/western-sydney-and-nepean/blacktown/stanhope-gardens,suburb page,Electrician Stanhope Gardens 2768 | Emergency & Level 2,Electrician Stanhope Gardens 2768,2751,,,,,,,,,,
https://c0d312.github.io/evaready-electrical/service-areas/western-sydney-and-nepean/blacktown/the-ponds,suburb page,Electrician The Ponds 2769 | Emergency & Level 2,Electrician The Ponds 2769,2755,,,,,,,,,,
https://c0d312.github.io/evaready-electrical/service-areas/western-sydney-and-nepean/blacktown/toongabbie,suburb page,Electrician Toongabbie 2146 | Emergency & Level 2,Electrician Toongabbie 2146,2662,,,,,,,,,,
https://c0d312.github.io/evaready-electrical/service-areas/western-sydney-and-nepean/blacktown/tregear,suburb page,Electrician Tregear 2770 | Emergency & Level 2,Electrician Tregear 2770,2663,,,,,,,,,,
https://c0d312.github.io/evaready-electrical/service-areas/western-sydney-and-nepean/blacktown/whalan,suburb page,Electrician Whalan 2770 | Emergency & Level 2,Electrician Whalan 2770,2655,,,,,,,,,,
https://c0d312.github.io/evaready-electrical/service-areas/western-sydney-and-nepean/blacktown/willmot,suburb page,Electrician Willmot 2770 | Emergency & Level 2,Electrician Willmot 2770,2680,,,,,,,,,,
https://c0d312.github.io/evaready-electrical/service-areas/western-sydney-and-nepean/blacktown/woodcroft,suburb page,Electrician Woodcroft 2767 | Emergency & Level 2,Electrician Woodcroft 2767,2655,,,,,,,,,,
https://c0d312.github.io/evaready-electrical/service-areas/western-sydney-and-nepean/penrith/berkshire-park,suburb page,Electrician Berkshire Park 2765 | Emergency & Level 2,Electrician Berkshire Park 2765,2723,,,,,,,,,,
https://c0d312.github.io/evaready-electrical/service-areas/western-sydney-and-nepean/penrith/caddens,suburb page,Electrician Caddens 2747 | Emergency & Level 2,Electrician Caddens 2747,2666,,,,,,,,,,
https://c0d312.github.io/evaready-electrical/service-areas/western-sydney-and-nepean/penrith/cambridge-gardens,suburb page,Electrician Cambridge Gardens 2747 | Emergency & Level 2,Electrician Cambridge Gardens 2747,2764,,,,,,,,,,
https://c0d312.github.io/evaready-electrical/service-areas/western-sydney-and-nepean/penrith/cambridge-park,suburb page,Electrician Cambridge Park 2747 | Emergency & Level 2,Electrician Cambridge Park 2747,2752,,,,,,,,,,
https://c0d312.github.io/evaready-electrical/service-areas/western-sydney-and-nepean/penrith/castlereagh,suburb page,Electrician Castlereagh 2749 | Emergency & Level 2,Electrician Castlereagh 2749,2653,,,,,,,,,,
https://c0d312.github.io/evaready-electrical/service-areas/western-sydney-and-nepean/penrith/claremont-meadows,suburb page,Electrician Claremont Meadows 2747 | Emergency & Level 2,Electrician Claremont Meadows 2747,2745,,,,,,,,,,
https://c0d312.github.io/evaready-electrical/service-areas/western-sydney-and-nepean/penrith/colyton,suburb page,Electrician Colyton 2760 | Emergency & Level 2,Electrician Colyton 2760,2667,,,,,,,,,,
https://c0d312.github.io/evaready-electrical/service-areas/western-sydney-and-nepean/penrith/cranebrook,suburb page,Electrician Cranebrook 2749 | Emergency & Level 2,Electrician Cranebrook 2749,2675,,,,,,,,,,
https://c0d312.github.io/evaready-electrical/service-areas/western-sydney-and-nepean/penrith/emu-heights,suburb page,Electrician Emu Heights 2750 | Emergency & Level 2,Electrician Emu Heights 2750,2747,,,,,,,,,,
https://c0d312.github.io/evaready-electrical/service-areas/western-sydney-and-nepean/penrith/emu-plains,suburb page,Electrician Emu Plains 2750 | Emergency & Level 2,Electrician Emu Plains 2750,2753,,,,,,,,,,
https://c0d312.github.io/evaready-electrical/service-areas/western-sydney-and-nepean/penrith/erskine-park,suburb page,Electrician Erskine Park 2759 | Emergency & Level 2,Electrician Erskine Park 2759,2751,,,,,,,,,,
https://c0d312.github.io/evaready-electrical/service-areas/western-sydney-and-nepean/penrith/glenmore-park,suburb page,Electrician Glenmore Park 2745 | Emergency & Level 2,Electrician Glenmore Park 2745,2776,,,,,,,,,,
https://c0d312.github.io/evaready-electrical/service-areas/western-sydney-and-nepean/penrith/jamisontown,suburb page,Electrician Jamisontown 2750 | Emergency & Level 2,Electrician Jamisontown 2750,2670,,,,,,,,,,
https://c0d312.github.io/evaready-electrical/service-areas/western-sydney-and-nepean/penrith/jordan-springs,suburb page,Electrician Jordan Springs 2747 | Emergency & Level 2,Electrician Jordan Springs 2747,2731,,,,,,,,,,
https://c0d312.github.io/evaready-electrical/service-areas/western-sydney-and-nepean/penrith/kingswood,suburb page,Electrician Kingswood 2747 | Emergency & Level 2,Electrician Kingswood 2747,2663,,,,,,,,,,
https://c0d312.github.io/evaready-electrical/service-areas/western-sydney-and-nepean/penrith/leonay,suburb page,Electrician Leonay 2750 | Emergency & Level 2,Electrician Leonay 2750,2662,,,,,,,,,,
https://c0d312.github.io/evaready-electrical/service-areas/western-sydney-and-nepean/penrith/llandilo,suburb page,Electrician Llandilo 2747 | Emergency & Level 2,Electrician Llandilo 2747,2683,,,,,,,,,,
https://c0d312.github.io/evaready-electrical/service-areas/western-sydney-and-nepean/penrith/londonderry,suburb page,Electrician Londonderry 2753 | Emergency & Level 2,Electrician Londonderry 2753,2690,,,,,,,,,,
https://c0d312.github.io/evaready-electrical/service-areas/western-sydney-and-nepean/penrith/mount-vernon,suburb page,Electrician Mount Vernon 2178 | Emergency & Level 2,Electrician Mount Vernon 2178,2737,,,,,,,,,,
https://c0d312.github.io/evaready-electrical/service-areas/western-sydney-and-nepean/penrith/mulgoa,suburb page,Electrician Mulgoa 2745 | Emergency & Level 2,Electrician Mulgoa 2745,2671,,,,,,,,,,
https://c0d312.github.io/evaready-electrical/service-areas/western-sydney-and-nepean/penrith/north-st-marys,suburb page,Electrician North St Marys 2760 | Emergency & Level 2,Electrician North St Marys 2760,2857,,,,,,,,,,
https://c0d312.github.io/evaready-electrical/service-areas/western-sydney-and-nepean/penrith/orchard-hills,suburb page,Electrician Orchard Hills 2748 | Emergency & Level 2,Electrician Orchard Hills 2748,2757,,,,,,,,,,
https://c0d312.github.io/evaready-electrical/service-areas/western-sydney-and-nepean/penrith/oxley-park,suburb page,Electrician Oxley Park 2760 | Emergency & Level 2,Electrician Oxley Park 2760,2728,,,,,,,,,,
https://c0d312.github.io/evaready-electrical/service-areas/western-sydney-and-nepean/penrith/penrith,suburb page,Electrician Penrith 2750 | Emergency & Level 2,Electrician Penrith 2750,2637,,,,,,,,,,
https://c0d312.github.io/evaready-electrical/service-areas/western-sydney-and-nepean/penrith/regentville,suburb page,Electrician Regentville 2745 | Emergency & Level 2,Electrician Regentville 2745,2666,,,,,,,,,,
https://c0d312.github.io/evaready-electrical/service-areas/western-sydney-and-nepean/penrith/south-penrith,suburb page,Electrician South Penrith 2750 | Emergency & Level 2,Electrician South Penrith 2750,2759,,,,,,,,,,
https://c0d312.github.io/evaready-electrical/service-areas/western-sydney-and-nepean/penrith/st-clair,suburb page,Electrician St Clair 2759 | Emergency & Level 2,Electrician St Clair 2759,2757,,,,,,,,,,
https://c0d312.github.io/evaready-electrical/service-areas/western-sydney-and-nepean/penrith/st-marys,suburb page,Electrician St Marys 2760 | Emergency & Level 2,Electrician St Marys 2760,2793,,,,,,,,,,
https://c0d312.github.io/evaready-electrical/service-areas/western-sydney-and-nepean/penrith/werrington,suburb page,Electrician Werrington 2747 | Emergency & Level 2,Electrician Werrington 2747,2660,,,,,,,,,,
https://c0d312.github.io/evaready-electrical/service-areas/western-sydney-and-nepean/penrith/werrington-county,suburb page,Electrician Werrington County 2747 | Emergency & Level 2,Electrician Werrington County 2747,2753,,,,,,,,,,
https://c0d312.github.io/evaready-electrical/service-areas/western-sydney-and-nepean/penrith/werrington-downs,suburb page,Electrician Werrington Downs 2747 | Emergency & Level 2,Electrician Werrington Downs 2747,2756,,,,,,,,,,
https://c0d312.github.io/evaready-electrical/service-areas/hills-hawkesbury-and-hornsby/hawkesbury/agnes-banks,suburb page,Electrician Agnes Banks 2753 | Emergency & Level 2,Electrician Agnes Banks 2753,2751,,,,,,,,,,
https://c0d312.github.io/evaready-electrical/service-areas/hills-hawkesbury-and-hornsby/hawkesbury/bilpin,suburb page,Electrician Bilpin 2758 | Emergency & Level 2,Electrician Bilpin 2758,2672,,,,,,,,,,
https://c0d312.github.io/evaready-electrical/service-areas/hills-hawkesbury-and-hornsby/hawkesbury/blaxlands-ridge,suburb page,Electrician Blaxlands Ridge 2758 | Emergency & Level 2,Electrician Blaxlands Ridge 2758,2784,,,,,,,,,,
https://c0d312.github.io/evaready-electrical/service-areas/hills-hawkesbury-and-hornsby/hawkesbury/bligh-park,suburb page,Electrician Bligh Park 2756 | Emergency & Level 2,Electrician Bligh Park 2756,2763,,,,,,,,,,
https://c0d312.github.io/evaready-electrical/service-areas/hills-hawkesbury-and-hornsby/hawkesbury/bowen-mountain,suburb page,Electrician Bowen Mountain 2753 | Emergency & Level 2,Electrician Bowen Mountain 2753,2755,,,,,,,,,,
https://c0d312.github.io/evaready-electrical/service-areas/hills-hawkesbury-and-hornsby/hawkesbury/clarendon,suburb page,Electrician Clarendon 2756 | Emergency & Level 2,Electrician Clarendon 2756,2688,,,,,,,,,,
https://c0d312.github.io/evaready-electrical/service-areas/hills-hawkesbury-and-hornsby/hawkesbury/cornwallis,suburb page,Electrician Cornwallis 2756 | Emergency & Level 2,Electrician Cornwallis 2756,2659,,,,,,,,,,
https://c0d312.github.io/evaready-electrical/service-areas/hills-hawkesbury-and-hornsby/hawkesbury/cumberland-reach,suburb page,Electrician Cumberland Reach 2756 | Emergency & Level 2,Electrician Cumberland Reach 2756,2749,,,,,,,,,,
https://c0d312.github.io/evaready-electrical/service-areas/hills-hawkesbury-and-hornsby/hawkesbury/east-kurrajong,suburb page,Electrician East Kurrajong 2758 | Emergency & Level 2,Electrician East Kurrajong 2758,2772,,,,,,,,,,
https://c0d312.github.io/evaready-electrical/service-areas/hills-hawkesbury-and-hornsby/hawkesbury/ebenezer,suburb page,Electrician Ebenezer 2756 | Emergency & Level 2,Electrician Ebenezer 2756,2661,,,,,,,,,,
https://c0d312.github.io/evaready-electrical/service-areas/hills-hawkesbury-and-hornsby/hawkesbury/freemans-reach,suburb page,Electrician Freemans Reach 2756 | Emergency & Level 2,Electrician Freemans Reach 2756,2745,,,,,,,,,,
https://c0d312.github.io/evaready-electrical/service-areas/hills-hawkesbury-and-hornsby/hawkesbury/glossodia,suburb page,Electrician Glossodia 2756 | Emergency & Level 2,Electrician Glossodia 2756,2704,,,,,,,,,,
https://c0d312.github.io/evaready-electrical/service-areas/hills-hawkesbury-and-hornsby/hawkesbury/grose-vale,suburb page,Electrician Grose Vale 2753 | Emergency & Level 2,Electrician Grose Vale 2753,2787,,,,,,,,,,
https://c0d312.github.io/evaready-electrical/service-areas/hills-hawkesbury-and-hornsby/hawkesbury/grose-wold,suburb page,Electrician Grose Wold 2753 | Emergency & Level 2,Electrician Grose Wold 2753,2739,,,,,,,,,,
https://c0d312.github.io/evaready-electrical/service-areas/hills-hawkesbury-and-hornsby/hawkesbury/hobartville,suburb page,Electrician Hobartville 2753 | Emergency & Level 2,Electrician Hobartville 2753,2693,,,,,,,,,,
https://c0d312.github.io/evaready-electrical/service-areas/hills-hawkesbury-and-hornsby/hawkesbury/kurmond,suburb page,Electrician Kurmond 2757 | Emergency & Level 2,Electrician Kurmond 2757,2663,,,,,,,,,,
https://c0d312.github.io/evaready-electrical/service-areas/hills-hawkesbury-and-hornsby/hawkesbury/kurrajong,suburb page,Electrician Kurrajong 2758 | Emergency & Level 2,Electrician Kurrajong 2758,2688,,,,,,,,,,
https://c0d312.github.io/evaready-electrical/service-areas/hills-hawkesbury-and-hornsby/hawkesbury/kurrajong-heights,suburb page,Electrician Kurrajong Heights 2758 | Emergency & Level 2,Electrician Kurrajong Heights 2758,2765,,,,,,,,,,
https://c0d312.github.io/evaready-electrical/service-areas/hills-hawkesbury-and-hornsby/hawkesbury/kurrajong-hills,suburb page,Electrician Kurrajong Hills 2758 | Emergency & Level 2,Electrician Kurrajong Hills 2758,2767,,,,,,,,,,
https://c0d312.github.io/evaready-electrical/service-areas/hills-hawkesbury-and-hornsby/hawkesbury/mcgraths-hill,suburb page,Electrician McGraths Hill 2756 | Emergency & Level 2,Electrician McGraths Hill 2756,2753,,,,,,,,,,
https://c0d312.github.io/evaready-electrical/service-areas/hills-hawkesbury-and-hornsby/hawkesbury/mulgrave,suburb page,Electrician Mulgrave 2756 | Emergency & Level 2,Electrician Mulgrave 2756,2668,,,,,,,,,,
https://c0d312.github.io/evaready-electrical/service-areas/hills-hawkesbury-and-hornsby/hawkesbury/north-richmond,suburb page,Electrician North Richmond 2754 | Emergency & Level 2,Electrician North Richmond 2754,2769,,,,,,,,,,
https://c0d312.github.io/evaready-electrical/service-areas/hills-hawkesbury-and-hornsby/hawkesbury/oakville,suburb page,Electrician Oakville 2765 | Emergency & Level 2,Electrician Oakville 2765,2685,,,,,,,,,,
https://c0d312.github.io/evaready-electrical/service-areas/hills-hawkesbury-and-hornsby/hawkesbury/pitt-town,suburb page,Electrician Pitt Town 2756 | Emergency & Level 2,Electrician Pitt Town 2756,2773,,,,,,,,,,
https://c0d312.github.io/evaready-electrical/service-areas/hills-hawkesbury-and-hornsby/hawkesbury/pitt-town-bottoms,suburb page,Electrician Pitt Town Bottoms 2756 | Emergency & Level 2,Electrician Pitt Town Bottoms 2756,2845,,,,,,,,,,
https://c0d312.github.io/evaready-electrical/service-areas/hills-hawkesbury-and-hornsby/hawkesbury/richmond,suburb page,Electrician Richmond 2753 | Emergency & Level 2,Electrician Richmond 2753,2691,,,,,,,,,,
https://c0d312.github.io/evaready-electrical/service-areas/hills-hawkesbury-and-hornsby/hawkesbury/richmond-lowlands,suburb page,Electrician Richmond Lowlands 2753 | Emergency & Level 2,Electrician Richmond Lowlands 2753,2760,,,,,,,,,,
https://c0d312.github.io/evaready-electrical/service-areas/hills-hawkesbury-and-hornsby/hawkesbury/sackville,suburb page,Electrician Sackville 2756 | Emergency & Level 2,Electrician Sackville 2756,2681,,,,,,,,,,
https://c0d312.github.io/evaready-electrical/service-areas/hills-hawkesbury-and-hornsby/hawkesbury/scheyville,suburb page,Electrician Scheyville 2756 | Emergency & Level 2,Electrician Scheyville 2756,2691,,,,,,,,,,
https://c0d312.github.io/evaready-electrical/service-areas/hills-hawkesbury-and-hornsby/hawkesbury/south-windsor,suburb page,Electrician South Windsor 2756 | Emergency & Level 2,Electrician South Windsor 2756,2794,,,,,,,,,,
https://c0d312.github.io/evaready-electrical/service-areas/hills-hawkesbury-and-hornsby/hawkesbury/tennyson,suburb page,Electrician Tennyson 2754 | Emergency & Level 2,Electrician Tennyson 2754,2676,,,,,,,,,,
https://c0d312.github.io/evaready-electrical/service-areas/hills-hawkesbury-and-hornsby/hawkesbury/the-slopes,suburb page,Electrician The Slopes 2754 | Emergency & Level 2,Electrician The Slopes 2754,2795,,,,,,,,,,
https://c0d312.github.io/evaready-electrical/service-areas/hills-hawkesbury-and-hornsby/hawkesbury/vineyard,suburb page,Electrician Vineyard 2765 | Emergency & Level 2,Electrician Vineyard 2765,2671,,,,,,,,,,
https://c0d312.github.io/evaready-electrical/service-areas/hills-hawkesbury-and-hornsby/hawkesbury/wheeny-creek,suburb page,Electrician Wheeny Creek 2758 | Emergency & Level 2,Electrician Wheeny Creek 2758,2775,,,,,,,,,,
https://c0d312.github.io/evaready-electrical/service-areas/hills-hawkesbury-and-hornsby/hawkesbury/wilberforce,suburb page,Electrician Wilberforce 2756 | Emergency & Level 2,Electrician Wilberforce 2756,2681,,,,,,,,,,
https://c0d312.github.io/evaready-electrical/service-areas/hills-hawkesbury-and-hornsby/hawkesbury/windsor,suburb page,Electrician Windsor 2756 | Emergency & Level 2,Electrician Windsor 2756,2687,,,,,,,,,,
https://c0d312.github.io/evaready-electrical/service-areas/hills-hawkesbury-and-hornsby/hawkesbury/windsor-downs,suburb page,Electrician Windsor Downs 2756 | Emergency & Level 2,Electrician Windsor Downs 2756,2751,,,,,,,,,,
https://c0d312.github.io/evaready-electrical/service-areas/hills-hawkesbury-and-hornsby/hawkesbury/yarramundi,suburb page,Electrician Yarramundi 2753 | Emergency & Level 2,Electrician Yarramundi 2753,2685,,,,,,,,,,
https://c0d312.github.io/evaready-electrical/service-areas/hills-hawkesbury-and-hornsby/hills-district/annangrove,suburb page,Electrician Annangrove 2156 | Emergency & Level 2,Electrician Annangrove 2156,2703,,,,,,,,,,
https://c0d312.github.io/evaready-electrical/service-areas/hills-hawkesbury-and-hornsby/hills-district/baulkham-hills,suburb page,Electrician Baulkham Hills 2153 | Emergency & Level 2,Electrician Baulkham Hills 2153,2710,,,,,,,,,,
https://c0d312.github.io/evaready-electrical/service-areas/hills-hawkesbury-and-hornsby/hills-district/beaumont-hills,suburb page,Electrician Beaumont Hills 2155 | Emergency & Level 2,Electrician Beaumont Hills 2155,2759,,,,,,,,,,
https://c0d312.github.io/evaready-electrical/service-areas/hills-hawkesbury-and-hornsby/hills-district/bella-vista,suburb page,Electrician Bella Vista 2153 | Emergency & Level 2,Electrician Bella Vista 2153,2757,,,,,,,,,,
https://c0d312.github.io/evaready-electrical/service-areas/hills-hawkesbury-and-hornsby/hills-district/box-hill,suburb page,Electrician Box Hill 2765 | Emergency & Level 2,Electrician Box Hill 2765,2760,,,,,,,,,,
https://c0d312.github.io/evaready-electrical/service-areas/hills-hawkesbury-and-hornsby/hills-district/castle-hill,suburb page,Electrician Castle Hill 2154 | Emergency & Level 2,Electrician Castle Hill 2154,2729,,,,,,,,,,
https://c0d312.github.io/evaready-electrical/service-areas/hills-hawkesbury-and-hornsby/hills-district/cattai,suburb page,Electrician Cattai 2756 | Emergency & Level 2,Electrician Cattai 2756,2690,,,,,,,,,,
https://c0d312.github.io/evaready-electrical/service-areas/hills-hawkesbury-and-hornsby/hills-district/dural,suburb page,Electrician Dural 2158 | Emergency & Level 2,Electrician Dural 2158,2674,,,,,,,,,,
https://c0d312.github.io/evaready-electrical/service-areas/hills-hawkesbury-and-hornsby/hills-district/glenhaven,suburb page,Electrician Glenhaven 2156 | Emergency & Level 2,Electrician Glenhaven 2156,2710,,,,,,,,,,
https://c0d312.github.io/evaready-electrical/service-areas/hills-hawkesbury-and-hornsby/hills-district/glenorie,suburb page,Electrician Glenorie 2157 | Emergency & Level 2,Electrician Glenorie 2157,2684,,,,,,,,,,
https://c0d312.github.io/evaready-electrical/service-areas/hills-hawkesbury-and-hornsby/hills-district/kellyville,suburb page,Electrician Kellyville 2155 | Emergency & Level 2,Electrician Kellyville 2155,2645,,,,,,,,,,
https://c0d312.github.io/evaready-electrical/service-areas/hills-hawkesbury-and-hornsby/hills-district/kenthurst,suburb page,Electrician Kenthurst 2156 | Emergency & Level 2,Electrician Kenthurst 2156,2698,,,,,,,,,,
https://c0d312.github.io/evaready-electrical/service-areas/hills-hawkesbury-and-hornsby/hills-district/lower-portland,suburb page,Electrician Lower Portland 2756 | Emergency & Level 2,Electrician Lower Portland 2756,2776,,,,,,,,,,
https://c0d312.github.io/evaready-electrical/service-areas/hills-hawkesbury-and-hornsby/hills-district/maraylya,suburb page,Electrician Maraylya 2765 | Emergency & Level 2,Electrician Maraylya 2765,2707,,,,,,,,,,
https://c0d312.github.io/evaready-electrical/service-areas/hills-hawkesbury-and-hornsby/hills-district/maroota,suburb page,Electrician Maroota 2756 | Emergency & Level 2,Electrician Maroota 2756,2689,,,,,,,,,,
https://c0d312.github.io/evaready-electrical/service-areas/hills-hawkesbury-and-hornsby/hills-district/middle-dural,suburb page,Electrician Middle Dural 2158 | Emergency & Level 2,Electrician Middle Dural 2158,2766,,,,,,,,,,
https://c0d312.github.io/evaready-electrical/service-areas/hills-hawkesbury-and-hornsby/hills-district/nelson,suburb page,Electrician Nelson 2765 | Emergency & Level 2,Electrician Nelson 2765,2680,,,,,,,,,,
https://c0d312.github.io/evaready-electrical/service-areas/hills-hawkesbury-and-hornsby/hills-district/rouse-hill,suburb page,Electrician Rouse Hill 2155 | Emergency & Level 2,Electrician Rouse Hill 2155,2723,,,,,,,,,,
https://c0d312.github.io/evaready-electrical/service-areas/hills-hawkesbury-and-hornsby/hills-district/sackville-north,suburb page,Electrician Sackville North 2756 | Emergency & Level 2,Electrician Sackville North 2756,2782,,,,,,,,,,
https://c0d312.github.io/evaready-electrical/service-areas/hills-hawkesbury-and-hornsby/hills-district/south-maroota,suburb page,Electrician South Maroota 2756 | Emergency & Level 2,Electrician South Maroota 2756,2761,,,,,,,,,,
https://c0d312.github.io/evaready-electrical/service-areas/hills-hawkesbury-and-hornsby/hills-district/west-pennant-hills,suburb page,Electrician West Pennant Hills 2125 | Emergency & Level 2,Electrician West Pennant Hills 2125,2871,,,,,,,,,,
https://c0d312.github.io/evaready-electrical/service-areas/hills-hawkesbury-and-hornsby/hills-district/winston-hills,suburb page,Electrician Winston Hills 2153 | Emergency & Level 2,Electrician Winston Hills 2153,2750,,,,,,,,,,
https://c0d312.github.io/evaready-electrical/service-areas/hills-hawkesbury-and-hornsby/hills-district/wisemans-ferry,suburb page,Electrician Wisemans Ferry 2775 | Emergency & Level 2,Electrician Wisemans Ferry 2775,2756,,,,,,,,,,
https://c0d312.github.io/evaready-electrical/service-areas/hills-hawkesbury-and-hornsby/hornsby/arcadia,suburb page,Electrician Arcadia 2159 | Emergency & Level 2,Electrician Arcadia 2159,2715,,,,,,,,,,
https://c0d312.github.io/evaready-electrical/service-areas/hills-hawkesbury-and-hornsby/hornsby/asquith,suburb page,Electrician Asquith 2077 | Emergency & Level 2,Electrician Asquith 2077,2658,,,,,,,,,,
https://c0d312.github.io/evaready-electrical/service-areas/hills-hawkesbury-and-hornsby/hornsby/beecroft,suburb page,Electrician Beecroft 2119 | Emergency & Level 2,Electrician Beecroft 2119,2681,,,,,,,,,,
https://c0d312.github.io/evaready-electrical/service-areas/hills-hawkesbury-and-hornsby/hornsby/berowra,suburb page,Electrician Berowra 2081 | Emergency & Level 2,Electrician Berowra 2081,2690,,,,,,,,,,
https://c0d312.github.io/evaready-electrical/service-areas/hills-hawkesbury-and-hornsby/hornsby/berowra-creek,suburb page,Electrician Berowra Creek 2082 | Emergency & Level 2,Electrician Berowra Creek 2082,2736,,,,,,,,,,
https://c0d312.github.io/evaready-electrical/service-areas/hills-hawkesbury-and-hornsby/hornsby/berowra-heights,suburb page,Electrician Berowra Heights 2082 | Emergency & Level 2,Electrician Berowra Heights 2082,2736,,,,,,,,,,
https://c0d312.github.io/evaready-electrical/service-areas/hills-hawkesbury-and-hornsby/hornsby/berowra-waters,suburb page,Electrician Berowra Waters 2082 | Emergency & Level 2,Electrician Berowra Waters 2082,2766,,,,,,,,,,
https://c0d312.github.io/evaready-electrical/service-areas/hills-hawkesbury-and-hornsby/hornsby/berrilee,suburb page,Electrician Berrilee 2159 | Emergency & Level 2,Electrician Berrilee 2159,2683,,,,,,,,,,
https://c0d312.github.io/evaready-electrical/service-areas/hills-hawkesbury-and-hornsby/hornsby/brooklyn,suburb page,Electrician Brooklyn 2083 | Emergency & Level 2,Electrician Brooklyn 2083,2681,,,,,,,,,,
https://c0d312.github.io/evaready-electrical/service-areas/hills-hawkesbury-and-hornsby/hornsby/canoelands,suburb page,Electrician Canoelands 2157 | Emergency & Level 2,Electrician Canoelands 2157,2686,,,,,,,,,,
https://c0d312.github.io/evaready-electrical/service-areas/hills-hawkesbury-and-hornsby/hornsby/cheltenham,suburb page,Electrician Cheltenham 2119 | Emergency & Level 2,Electrician Cheltenham 2119,2677,,,,,,,,,,
https://c0d312.github.io/evaready-electrical/service-areas/hills-hawkesbury-and-hornsby/hornsby/cherrybrook,suburb page,Electrician Cherrybrook 2126 | Emergency & Level 2,Electrician Cherrybrook 2126,2642,,,,,,,,,,
https://c0d312.github.io/evaready-electrical/service-areas/hills-hawkesbury-and-hornsby/hornsby/cowan,suburb page,Electrician Cowan 2081 | Emergency & Level 2,Electrician Cowan 2081,2660,,,,,,,,,,
https://c0d312.github.io/evaready-electrical/service-areas/hills-hawkesbury-and-hornsby/hornsby/dangar-island,suburb page,Electrician Dangar Island 2083 | Emergency & Level 2,Electrician Dangar Island 2083,2802,,,,,,,,,,
https://c0d312.github.io/evaready-electrical/service-areas/hills-hawkesbury-and-hornsby/hornsby/fiddletown,suburb page,Electrician Fiddletown 2159 | Emergency & Level 2,Electrician Fiddletown 2159,2662,,,,,,,,,,
https://c0d312.github.io/evaready-electrical/service-areas/hills-hawkesbury-and-hornsby/hornsby/forest-glen,suburb page,Electrician Forest Glen 2157 | Emergency & Level 2,Electrician Forest Glen 2157,2777,,,,,,,,,,
https://c0d312.github.io/evaready-electrical/service-areas/hills-hawkesbury-and-hornsby/hornsby/galston,suburb page,Electrician Galston 2159 | Emergency & Level 2,Electrician Galston 2159,2700,,,,,,,,,,
https://c0d312.github.io/evaready-electrical/service-areas/hills-hawkesbury-and-hornsby/hornsby/hornsby,suburb page,Electrician Hornsby 2077 | Emergency & Level 2,Electrician Hornsby 2077,2662,,,,,,,,,,
https://c0d312.github.io/evaready-electrical/service-areas/hills-hawkesbury-and-hornsby/hornsby/hornsby-heights,suburb page,Electrician Hornsby Heights 2077 | Emergency & Level 2,Electrician Hornsby Heights 2077,2776,,,,,,,,,,
https://c0d312.github.io/evaready-electrical/service-areas/hills-hawkesbury-and-hornsby/hornsby/milsons-passage,suburb page,Electrician Milsons Passage 2083 | Emergency & Level 2,Electrician Milsons Passage 2083,2757,,,,,,,,,,
https://c0d312.github.io/evaready-electrical/service-areas/hills-hawkesbury-and-hornsby/hornsby/mount-colah,suburb page,Electrician Mount Colah 2079 | Emergency & Level 2,Electrician Mount Colah 2079,2788,,,,,,,,,,
https://c0d312.github.io/evaready-electrical/service-areas/hills-hawkesbury-and-hornsby/hornsby/mount-kuring-gai,suburb page,Electrician Mount Kuring-Gai 2080 | Emergency & Level 2,Electrician Mount Kuring-Gai 2080,2745,,,,,,,,,,
https://c0d312.github.io/evaready-electrical/service-areas/hills-hawkesbury-and-hornsby/hornsby/normanhurst,suburb page,Electrician Normanhurst 2076 | Emergency & Level 2,Electrician Normanhurst 2076,2693,,,,,,,,,,
https://c0d312.github.io/evaready-electrical/service-areas/hills-hawkesbury-and-hornsby/hornsby/north-epping,suburb page,Electrician North Epping 2121 | Emergency & Level 2,Electrician North Epping 2121,2770,,,,,,,,,,
https://c0d312.github.io/evaready-electrical/service-areas/hills-hawkesbury-and-hornsby/hornsby/pennant-hills,suburb page,Electrician Pennant Hills 2120 | Emergency & Level 2,Electrician Pennant Hills 2120,2771,,,,,,,,,,
https://c0d312.github.io/evaready-electrical/service-areas/hills-hawkesbury-and-hornsby/hornsby/thornleigh,suburb page,Electrician Thornleigh 2120 | Emergency & Level 2,Electrician Thornleigh 2120,2700,,,,,,,,,,
https://c0d312.github.io/evaready-electrical/service-areas/hills-hawkesbury-and-hornsby/hornsby/wahroonga,suburb page,Electrician Wahroonga 2076 | Emergency & Level 2,Electrician Wahroonga 2076,2688,,,,,,,,,,
https://c0d312.github.io/evaready-electrical/service-areas/hills-hawkesbury-and-hornsby/hornsby/waitara,suburb page,Electrician Waitara 2077 | Emergency & Level 2,Electrician Waitara 2077,2673,,,,,,,,,,
https://c0d312.github.io/evaready-electrical/service-areas/hills-hawkesbury-and-hornsby/hornsby/westleigh,suburb page,Electrician Westleigh 2120 | Emergency & Level 2,Electrician Westleigh 2120,2659,,,,,,,,,,
https://c0d312.github.io/evaready-electrical/service-areas/northern-sydney-and-ryde/hunters-hill/gladesville,suburb page,Electrician Gladesville 2111 | Emergency & Level 2,Electrician Gladesville 2111,2665,,,,,,,,,,
https://c0d312.github.io/evaready-electrical/service-areas/northern-sydney-and-ryde/hunters-hill/henley,suburb page,Electrician Henley 2111 | Emergency & Level 2,Electrician Henley 2111,2640,,,,,,,,,,
https://c0d312.github.io/evaready-electrical/service-areas/northern-sydney-and-ryde/hunters-hill/hunters-hill,suburb page,Electrician Hunters Hill 2110 | Emergency & Level 2,Electrician Hunters Hill 2110,2724,,,,,,,,,,
https://c0d312.github.io/evaready-electrical/service-areas/northern-sydney-and-ryde/hunters-hill/huntleys-cove,suburb page,Electrician Huntleys Cove 2111 | Emergency & Level 2,Electrician Huntleys Cove 2111,2734,,,,,,,,,,
https://c0d312.github.io/evaready-electrical/service-areas/northern-sydney-and-ryde/hunters-hill/huntleys-point,suburb page,Electrician Huntleys Point 2111 | Emergency & Level 2,Electrician Huntleys Point 2111,2742,,,,,,,,,,
https://c0d312.github.io/evaready-electrical/service-areas/northern-sydney-and-ryde/hunters-hill/woolwich,suburb page,Electrician Woolwich 2110 | Emergency & Level 2,Electrician Woolwich 2110,2663,,,,,,,,,,
https://c0d312.github.io/evaready-electrical/service-areas/northern-sydney-and-ryde/ku-ring-gai/east-killara,suburb page,Electrician East Killara 2071 | Emergency & Level 2,Electrician East Killara 2071,2733,,,,,,,,,,
https://c0d312.github.io/evaready-electrical/service-areas/northern-sydney-and-ryde/ku-ring-gai/east-lindfield,suburb page,Electrician East Lindfield 2070 | Emergency & Level 2,Electrician East Lindfield 2070,2729,,,,,,,,,,
https://c0d312.github.io/evaready-electrical/service-areas/northern-sydney-and-ryde/ku-ring-gai/gordon,suburb page,Electrician Gordon 2072 | Emergency & Level 2,Electrician Gordon 2072,2654,,,,,,,,,,
https://c0d312.github.io/evaready-electrical/service-areas/northern-sydney-and-ryde/ku-ring-gai/killara,suburb page,Electrician Killara 2071 | Emergency & Level 2,Electrician Killara 2071,2629,,,,,,,,,,
https://c0d312.github.io/evaready-electrical/service-areas/northern-sydney-and-ryde/ku-ring-gai/lindfield,suburb page,Electrician Lindfield 2070 | Emergency & Level 2,Electrician Lindfield 2070,2649,,,,,,,,,,
https://c0d312.github.io/evaready-electrical/service-areas/northern-sydney-and-ryde/ku-ring-gai/north-turramurra,suburb page,Electrician North Turramurra 2074 | Emergency & Level 2,Electrician North Turramurra 2074,2735,,,,,,,,,,
https://c0d312.github.io/evaready-electrical/service-areas/northern-sydney-and-ryde/ku-ring-gai/north-wahroonga,suburb page,Electrician North Wahroonga 2076 | Emergency & Level 2,Electrician North Wahroonga 2076,2714,,,,,,,,,,
https://c0d312.github.io/evaready-electrical/service-areas/northern-sydney-and-ryde/ku-ring-gai/pymble,suburb page,Electrician Pymble 2073 | Emergency & Level 2,Electrician Pymble 2073,2665,,,,,,,,,,
https://c0d312.github.io/evaready-electrical/service-areas/northern-sydney-and-ryde/ku-ring-gai/roseville,suburb page,Electrician Roseville 2069 | Emergency & Level 2,Electrician Roseville 2069,2665,,,,,,,,,,
https://c0d312.github.io/evaready-electrical/service-areas/northern-sydney-and-ryde/ku-ring-gai/roseville-chase,suburb page,Electrician Roseville Chase 2069 | Emergency & Level 2,Electrician Roseville Chase 2069,2727,,,,,,,,,,
https://c0d312.github.io/evaready-electrical/service-areas/northern-sydney-and-ryde/ku-ring-gai/south-turramurra,suburb page,Electrician South Turramurra 2074 | Emergency & Level 2,Electrician South Turramurra 2074,2769,,,,,,,,,,
https://c0d312.github.io/evaready-electrical/service-areas/northern-sydney-and-ryde/ku-ring-gai/st-ives,suburb page,Electrician St Ives 2075 | Emergency & Level 2,Electrician St Ives 2075,2735,,,,,,,,,,
https://c0d312.github.io/evaready-electrical/service-areas/northern-sydney-and-ryde/ku-ring-gai/st-ives-chase,suburb page,Electrician St Ives Chase 2075 | Emergency & Level 2,Electrician St Ives Chase 2075,2797,,,,,,,,,,
https://c0d312.github.io/evaready-electrical/service-areas/northern-sydney-and-ryde/ku-ring-gai/turramurra,suburb page,Electrician Turramurra 2074 | Emergency & Level 2,Electrician Turramurra 2074,2666,,,,,,,,,,
https://c0d312.github.io/evaready-electrical/service-areas/northern-sydney-and-ryde/ku-ring-gai/warrawee,suburb page,Electrician Warrawee 2074 | Emergency & Level 2,Electrician Warrawee 2074,2665,,,,,,,,,,
https://c0d312.github.io/evaready-electrical/service-areas/northern-sydney-and-ryde/ku-ring-gai/west-pymble,suburb page,Electrician West Pymble 2073 | Emergency & Level 2,Electrician West Pymble 2073,2730,,,,,,,,,,
https://c0d312.github.io/evaready-electrical/service-areas/northern-sydney-and-ryde/lane-cove/greenwich,suburb page,Electrician Greenwich 2065 | Emergency & Level 2,Electrician Greenwich 2065,2651,,,,,,,,,,
https://c0d312.github.io/evaready-electrical/service-areas/northern-sydney-and-ryde/lane-cove/lane-cove,suburb page,Electrician Lane Cove 2066 | Emergency & Level 2,Electrician Lane Cove 2066,2745,,,,,,,,,,
https://c0d312.github.io/evaready-electrical/service-areas/northern-sydney-and-ryde/lane-cove/lane-cove-north,suburb page,Electrician Lane Cove North 2066 | Emergency & Level 2,Electrician Lane Cove North 2066,2823,,,,,,,,,,
https://c0d312.github.io/evaready-electrical/service-areas/northern-sydney-and-ryde/lane-cove/lane-cove-west,suburb page,Electrician Lane Cove West 2066 | Emergency & Level 2,Electrician Lane Cove West 2066,2829,,,,,,,,,,
https://c0d312.github.io/evaready-electrical/service-areas/northern-sydney-and-ryde/lane-cove/linley-point,suburb page,Electrician Linley Point 2066 | Emergency & Level 2,Electrician Linley Point 2066,2721,,,,,,,,,,
https://c0d312.github.io/evaready-electrical/service-areas/northern-sydney-and-ryde/lane-cove/longueville,suburb page,Electrician Longueville 2066 | Emergency & Level 2,Electrician Longueville 2066,2695,,,,,,,,,,
https://c0d312.github.io/evaready-electrical/service-areas/northern-sydney-and-ryde/lane-cove/northwood,suburb page,Electrician Northwood 2066 | Emergency & Level 2,Electrician Northwood 2066,2657,,,,,,,,,,
https://c0d312.github.io/evaready-electrical/service-areas/northern-sydney-and-ryde/lane-cove/riverview,suburb page,Electrician Riverview 2066 | Emergency & Level 2,Electrician Riverview 2066,2666,,,,,,,,,,
https://c0d312.github.io/evaready-electrical/service-areas/northern-sydney-and-ryde/lane-cove/st-leonards,suburb page,Electrician St Leonards 2065 | Emergency & Level 2,Electrician St Leonards 2065,2738,,,,,,,,,,
https://c0d312.github.io/evaready-electrical/service-areas/northern-sydney-and-ryde/mosman/mosman,suburb page,Electrician Mosman 2088 | Emergency & Level 2,Electrician Mosman 2088,2651,,,,,,,,,,
https://c0d312.github.io/evaready-electrical/service-areas/northern-sydney-and-ryde/north-sydney/cammeray,suburb page,Electrician Cammeray 2062 | Emergency & Level 2,Electrician Cammeray 2062,2666,,,,,,,,,,
https://c0d312.github.io/evaready-electrical/service-areas/northern-sydney-and-ryde/north-sydney/cremorne,suburb page,Electrician Cremorne 2090 | Emergency & Level 2,Electrician Cremorne 2090,2677,,,,,,,,,,
https://c0d312.github.io/evaready-electrical/service-areas/northern-sydney-and-ryde/north-sydney/cremorne-point,suburb page,Electrician Cremorne Point 2090 | Emergency & Level 2,Electrician Cremorne Point 2090,2744,,,,,,,,,,
https://c0d312.github.io/evaready-electrical/service-areas/northern-sydney-and-ryde/north-sydney/crows-nest,suburb page,Electrician Crows Nest 2065 | Emergency & Level 2,Electrician Crows Nest 2065,2752,,,,,,,,,,
https://c0d312.github.io/evaready-electrical/service-areas/northern-sydney-and-ryde/north-sydney/kirribilli,suburb page,Electrician Kirribilli 2061 | Emergency & Level 2,Electrician Kirribilli 2061,2650,,,,,,,,,,
https://c0d312.github.io/evaready-electrical/service-areas/northern-sydney-and-ryde/north-sydney/kurraba-point,suburb page,Electrician Kurraba Point 2089 | Emergency & Level 2,Electrician Kurraba Point 2089,2735,,,,,,,,,,
https://c0d312.github.io/evaready-electrical/service-areas/northern-sydney-and-ryde/north-sydney/lavender-bay,suburb page,Electrician Lavender Bay 2060 | Emergency & Level 2,Electrician Lavender Bay 2060,2750,,,,,,,,,,
https://c0d312.github.io/evaready-electrical/service-areas/northern-sydney-and-ryde/north-sydney/mcmahons-point,suburb page,Electrician McMahons Point 2060 | Emergency & Level 2,Electrician McMahons Point 2060,2748,,,,,,,,,,
https://c0d312.github.io/evaready-electrical/service-areas/northern-sydney-and-ryde/north-sydney/milsons-point,suburb page,Electrician Milsons Point 2061 | Emergency & Level 2,Electrician Milsons Point 2061,2764,,,,,,,,,,
https://c0d312.github.io/evaready-electrical/service-areas/northern-sydney-and-ryde/north-sydney/neutral-bay,suburb page,Electrician Neutral Bay 2089 | Emergency & Level 2,Electrician Neutral Bay 2089,2734,,,,,,,,,,
https://c0d312.github.io/evaready-electrical/service-areas/northern-sydney-and-ryde/north-sydney/north-sydney,suburb page,Electrician North Sydney 2060 | Emergency & Level 2,Electrician North Sydney 2060,2717,,,,,,,,,,
https://c0d312.github.io/evaready-electrical/service-areas/northern-sydney-and-ryde/north-sydney/waverton,suburb page,Electrician Waverton 2060 | Emergency & Level 2,Electrician Waverton 2060,2675,,,,,,,,,,
https://c0d312.github.io/evaready-electrical/service-areas/northern-sydney-and-ryde/north-sydney/wollstonecraft,suburb page,Electrician Wollstonecraft 2065 | Emergency & Level 2,Electrician Wollstonecraft 2065,2647,,,,,,,,,,
https://c0d312.github.io/evaready-electrical/service-areas/northern-sydney-and-ryde/ryde/chatswood-west,suburb page,Electrician Chatswood West 2067 | Emergency & Level 2,Electrician Chatswood West 2067,2748,,,,,,,,,,
https://c0d312.github.io/evaready-electrical/service-areas/northern-sydney-and-ryde/ryde/denistone,suburb page,Electrician Denistone 2114 | Emergency & Level 2,Electrician Denistone 2114,2658,,,,,,,,,,
https://c0d312.github.io/evaready-electrical/service-areas/northern-sydney-and-ryde/ryde/denistone-east,suburb page,Electrician Denistone East 2112 | Emergency & Level 2,Electrician Denistone East 2112,2748,,,,,,,,,,
https://c0d312.github.io/evaready-electrical/service-areas/northern-sydney-and-ryde/ryde/denistone-west,suburb page,Electrician Denistone West 2114 | Emergency & Level 2,Electrician Denistone West 2114,2726,,,,,,,,,,
https://c0d312.github.io/evaready-electrical/service-areas/northern-sydney-and-ryde/ryde/east-ryde,suburb page,Electrician East Ryde 2113 | Emergency & Level 2,Electrician East Ryde 2113,2744,,,,,,,,,,
https://c0d312.github.io/evaready-electrical/service-areas/northern-sydney-and-ryde/ryde/macquarie-park,suburb page,Electrician Macquarie Park 2113 | Emergency & Level 2,Electrician Macquarie Park 2113,2715,,,,,,,,,,
https://c0d312.github.io/evaready-electrical/service-areas/northern-sydney-and-ryde/ryde/marsfield,suburb page,Electrician Marsfield 2122 | Emergency & Level 2,Electrician Marsfield 2122,2666,,,,,,,,,,
https://c0d312.github.io/evaready-electrical/service-areas/northern-sydney-and-ryde/ryde/meadowbank,suburb page,Electrician Meadowbank 2114 | Emergency & Level 2,Electrician Meadowbank 2114,2630,,,,,,,,,,
https://c0d312.github.io/evaready-electrical/service-areas/northern-sydney-and-ryde/ryde/north-ryde,suburb page,Electrician North Ryde 2113 | Emergency & Level 2,Electrician North Ryde 2113,2752,,,,,,,,,,
https://c0d312.github.io/evaready-electrical/service-areas/northern-sydney-and-ryde/ryde/putney,suburb page,Electrician Putney 2112 | Emergency & Level 2,Electrician Putney 2112,2664,,,,,,,,,,
https://c0d312.github.io/evaready-electrical/service-areas/northern-sydney-and-ryde/ryde/ryde,suburb page,Electrician Ryde 2112 | Emergency & Level 2,Electrician Ryde 2112,2629,,,,,,,,,,
https://c0d312.github.io/evaready-electrical/service-areas/northern-sydney-and-ryde/ryde/tennyson-point,suburb page,Electrician Tennyson Point 2111 | Emergency & Level 2,Electrician Tennyson Point 2111,2746,,,,,,,,,,
https://c0d312.github.io/evaready-electrical/service-areas/northern-sydney-and-ryde/ryde/west-ryde,suburb page,Electrician West Ryde 2114 | Emergency & Level 2,Electrician West Ryde 2114,2756,,,,,,,,,,
https://c0d312.github.io/evaready-electrical/service-areas/northern-sydney-and-ryde/willoughby/artarmon,suburb page,Electrician Artarmon 2064 | Emergency & Level 2,Electrician Artarmon 2064,2637,,,,,,,,,,
https://c0d312.github.io/evaready-electrical/service-areas/northern-sydney-and-ryde/willoughby/castle-cove,suburb page,Electrician Castle Cove 2069 | Emergency & Level 2,Electrician Castle Cove 2069,2737,,,,,,,,,,
https://c0d312.github.io/evaready-electrical/service-areas/northern-sydney-and-ryde/willoughby/castlecrag,suburb page,Electrician Castlecrag 2068 | Emergency & Level 2,Electrician Castlecrag 2068,2671,,,,,,,,,,
https://c0d312.github.io/evaready-electrical/service-areas/northern-sydney-and-ryde/willoughby/chatswood,suburb page,Electrician Chatswood 2067 | Emergency & Level 2,Electrician Chatswood 2067,2639,,,,,,,,,,
https://c0d312.github.io/evaready-electrical/service-areas/northern-sydney-and-ryde/willoughby/middle-cove,suburb page,Electrician Middle Cove 2068 | Emergency & Level 2,Electrician Middle Cove 2068,2735,,,,,,,,,,
https://c0d312.github.io/evaready-electrical/service-areas/northern-sydney-and-ryde/willoughby/naremburn,suburb page,Electrician Naremburn 2065 | Emergency & Level 2,Electrician Naremburn 2065,2662,,,,,,,,,,
https://c0d312.github.io/evaready-electrical/service-areas/northern-sydney-and-ryde/willoughby/north-willoughby,suburb page,Electrician North Willoughby 2068 | Emergency & Level 2,Electrician North Willoughby 2068,2728,,,,,,,,,,
https://c0d312.github.io/evaready-electrical/service-areas/northern-sydney-and-ryde/willoughby/northbridge,suburb page,Electrician Northbridge 2063 | Emergency & Level 2,Electrician Northbridge 2063,2649,,,,,,,,,,
https://c0d312.github.io/evaready-electrical/service-areas/northern-sydney-and-ryde/willoughby/willoughby,suburb page,Electrician Willoughby 2068 | Emergency & Level 2,Electrician Willoughby 2068,2650,,,,,,,,,,
https://c0d312.github.io/evaready-electrical/service-areas/northern-sydney-and-ryde/willoughby/willoughby-east,suburb page,Electrician Willoughby East 2068 | Emergency & Level 2,Electrician Willoughby East 2068,2731,,,,,,,,,,
https://c0d312.github.io/evaready-electrical/service-areas/northern-beaches/northern-beaches/allambie-heights,suburb page,Electrician Allambie Heights 2100 | Emergency & Level 2,Electrician Allambie Heights 2100,2802,,,,,,,,,,
https://c0d312.github.io/evaready-electrical/service-areas/northern-beaches/northern-beaches/avalon-beach,suburb page,Electrician Avalon Beach 2107 | Emergency & Level 2,Electrician Avalon Beach 2107,2750,,,,,,,,,,
https://c0d312.github.io/evaready-electrical/service-areas/northern-beaches/northern-beaches/balgowlah,suburb page,Electrician Balgowlah 2093 | Emergency & Level 2,Electrician Balgowlah 2093,2656,,,,,,,,,,
https://c0d312.github.io/evaready-electrical/service-areas/northern-beaches/northern-beaches/balgowlah-heights,suburb page,Electrician Balgowlah Heights 2093 | Emergency & Level 2,Electrician Balgowlah Heights 2093,2746,,,,,,,,,,
https://c0d312.github.io/evaready-electrical/service-areas/northern-beaches/northern-beaches/bayview,suburb page,Electrician Bayview 2104 | Emergency & Level 2,Electrician Bayview 2104,2665,,,,,,,,,,
https://c0d312.github.io/evaready-electrical/service-areas/northern-beaches/northern-beaches/beacon-hill,suburb page,Electrician Beacon Hill 2100 | Emergency & Level 2,Electrician Beacon Hill 2100,2731,,,,,,,,,,
https://c0d312.github.io/evaready-electrical/service-areas/northern-beaches/northern-beaches/belrose,suburb page,Electrician Belrose 2085 | Emergency & Level 2,Electrician Belrose 2085,2645,,,,,,,,,,
https://c0d312.github.io/evaready-electrical/service-areas/northern-beaches/northern-beaches/bilgola-beach,suburb page,Electrician Bilgola Beach 2107 | Emergency & Level 2,Electrician Bilgola Beach 2107,2741,,,,,,,,,,
https://c0d312.github.io/evaready-electrical/service-areas/northern-beaches/northern-beaches/bilgola-plateau,suburb page,Electrician Bilgola Plateau 2107 | Emergency & Level 2,Electrician Bilgola Plateau 2107,2766,,,,,,,,,,
https://c0d312.github.io/evaready-electrical/service-areas/northern-beaches/northern-beaches/brookvale,suburb page,Electrician Brookvale 2100 | Emergency & Level 2,Electrician Brookvale 2100,2699,,,,,,,,,,
https://c0d312.github.io/evaready-electrical/service-areas/northern-beaches/northern-beaches/church-point,suburb page,Electrician Church Point 2105 | Emergency & Level 2,Electrician Church Point 2105,2763,,,,,,,,,,
https://c0d312.github.io/evaready-electrical/service-areas/northern-beaches/northern-beaches/clareville,suburb page,Electrician Clareville 2107 | Emergency & Level 2,Electrician Clareville 2107,2653,,,,,,,,,,
https://c0d312.github.io/evaready-electrical/service-areas/northern-beaches/northern-beaches/clontarf,suburb page,Electrician Clontarf 2093 | Emergency & Level 2,Electrician Clontarf 2093,2707,,,,,,,,,,
https://c0d312.github.io/evaready-electrical/service-areas/northern-beaches/northern-beaches/coasters-retreat,suburb page,Electrician Coasters Retreat 2108 | Emergency & Level 2,Electrician Coasters Retreat 2108,2754,,,,,,,,,,
https://c0d312.github.io/evaready-electrical/service-areas/northern-beaches/northern-beaches/collaroy,suburb page,Electrician Collaroy 2097 | Emergency & Level 2,Electrician Collaroy 2097,2696,,,,,,,,,,
https://c0d312.github.io/evaready-electrical/service-areas/northern-beaches/northern-beaches/collaroy-plateau,suburb page,Electrician Collaroy Plateau 2097 | Emergency & Level 2,Electrician Collaroy Plateau 2097,2770,,,,,,,,,,
https://c0d312.github.io/evaready-electrical/service-areas/northern-beaches/northern-beaches/cottage-point,suburb page,Electrician Cottage Point 2084 | Emergency & Level 2,Electrician Cottage Point 2084,2773,,,,,,,,,,
https://c0d312.github.io/evaready-electrical/service-areas/northern-beaches/northern-beaches/cromer,suburb page,Electrician Cromer 2099 | Emergency & Level 2,Electrician Cromer 2099,2697,,,,,,,,,,
https://c0d312.github.io/evaready-electrical/service-areas/northern-beaches/northern-beaches/curl-curl,suburb page,Electrician Curl Curl 2096 | Emergency & Level 2,Electrician Curl Curl 2096,2764,,,,,,,,,,
https://c0d312.github.io/evaready-electrical/service-areas/northern-beaches/northern-beaches/davidson,suburb page,Electrician Davidson 2085 | Emergency & Level 2,Electrician Davidson 2085,2667,,,,,,,,,,
https://c0d312.github.io/evaready-electrical/service-areas/northern-beaches/northern-beaches/dee-why,suburb page,Electrician Dee Why 2099 | Emergency & Level 2,Electrician Dee Why 2099,2717,,,,,,,,,,
https://c0d312.github.io/evaready-electrical/service-areas/northern-beaches/northern-beaches/duffys-forest,suburb page,Electrician Duffys Forest 2084 | Emergency & Level 2,Electrician Duffys Forest 2084,2759,,,,,,,,,,
https://c0d312.github.io/evaready-electrical/service-areas/northern-beaches/northern-beaches/elanora-heights,suburb page,Electrician Elanora Heights 2101 | Emergency & Level 2,Electrician Elanora Heights 2101,2756,,,,,,,,,,
https://c0d312.github.io/evaready-electrical/service-areas/northern-beaches/northern-beaches/elvina-bay,suburb page,Electrician Elvina Bay 2105 | Emergency & Level 2,Electrician Elvina Bay 2105,2731,,,,,,,,,,
https://c0d312.github.io/evaready-electrical/service-areas/northern-beaches/northern-beaches/fairlight,suburb page,Electrician Fairlight 2094 | Emergency & Level 2,Electrician Fairlight 2094,2687,,,,,,,,,,
https://c0d312.github.io/evaready-electrical/service-areas/northern-beaches/northern-beaches/forestville,suburb page,Electrician Forestville 2087 | Emergency & Level 2,Electrician Forestville 2087,2673,,,,,,,,,,
https://c0d312.github.io/evaready-electrical/service-areas/northern-beaches/northern-beaches/frenchs-forest,suburb page,Electrician Frenchs Forest 2086 | Emergency & Level 2,Electrician Frenchs Forest 2086,2752,,,,,,,,,,
https://c0d312.github.io/evaready-electrical/service-areas/northern-beaches/northern-beaches/freshwater,suburb page,Electrician Freshwater 2096 | Emergency & Level 2,Electrician Freshwater 2096,2681,,,,,,,,,,
https://c0d312.github.io/evaready-electrical/service-areas/northern-beaches/northern-beaches/great-mackerel-beach,suburb page,Electrician Great Mackerel Beach 2108 | Emergency & Level 2,Electrician Great Mackerel Beach 2108,2847,,,,,,,,,,
https://c0d312.github.io/evaready-electrical/service-areas/northern-beaches/northern-beaches/ingleside,suburb page,Electrician Ingleside 2101 | Emergency & Level 2,Electrician Ingleside 2101,2694,,,,,,,,,,
https://c0d312.github.io/evaready-electrical/service-areas/northern-beaches/northern-beaches/killarney-heights,suburb page,Electrician Killarney Heights 2087 | Emergency & Level 2,Electrician Killarney Heights 2087,2739,,,,,,,,,,
https://c0d312.github.io/evaready-electrical/service-areas/northern-beaches/northern-beaches/ku-ring-gai-chase,suburb page,Electrician Ku-Ring-Gai Chase 2084 | Emergency & Level 2,Electrician Ku-Ring-Gai Chase 2084,2752,,,,,,,,,,
https://c0d312.github.io/evaready-electrical/service-areas/northern-beaches/northern-beaches/lovett-bay,suburb page,Electrician Lovett Bay 2105 | Emergency & Level 2,Electrician Lovett Bay 2105,2744,,,,,,,,,,
https://c0d312.github.io/evaready-electrical/service-areas/northern-beaches/northern-beaches/manly,suburb page,Electrician Manly 2095 | Emergency & Level 2,Electrician Manly 2095,2646,,,,,,,,,,
https://c0d312.github.io/evaready-electrical/service-areas/northern-beaches/northern-beaches/manly-vale,suburb page,Electrician Manly Vale 2093 | Emergency & Level 2,Electrician Manly Vale 2093,2755,,,,,,,,,,
https://c0d312.github.io/evaready-electrical/service-areas/northern-beaches/northern-beaches/mona-vale,suburb page,Electrician Mona Vale 2103 | Emergency & Level 2,Electrician Mona Vale 2103,2746,,,,,,,,,,
https://c0d312.github.io/evaready-electrical/service-areas/northern-beaches/northern-beaches/morning-bay,suburb page,Electrician Morning Bay 2105 | Emergency & Level 2,Electrician Morning Bay 2105,2752,,,,,,,,,,
https://c0d312.github.io/evaready-electrical/service-areas/northern-beaches/northern-beaches/narrabeen,suburb page,Electrician Narrabeen 2101 | Emergency & Level 2,Electrician Narrabeen 2101,2692,,,,,,,,,,
https://c0d312.github.io/evaready-electrical/service-areas/northern-beaches/northern-beaches/narraweena,suburb page,Electrician Narraweena 2099 | Emergency & Level 2,Electrician Narraweena 2099,2690,,,,,,,,,,
https://c0d312.github.io/evaready-electrical/service-areas/northern-beaches/northern-beaches/newport,suburb page,Electrician Newport 2106 | Emergency & Level 2,Electrician Newport 2106,2692,,,,,,,,,,
https://c0d312.github.io/evaready-electrical/service-areas/northern-beaches/northern-beaches/north-balgowlah,suburb page,Electrician North Balgowlah 2093 | Emergency & Level 2,Electrician North Balgowlah 2093,2752,,,,,,,,,,
https://c0d312.github.io/evaready-electrical/service-areas/northern-beaches/northern-beaches/north-curl-curl,suburb page,Electrician North Curl Curl 2099 | Emergency & Level 2,Electrician North Curl Curl 2099,2842,,,,,,,,,,
https://c0d312.github.io/evaready-electrical/service-areas/northern-beaches/northern-beaches/north-manly,suburb page,Electrician North Manly 2100 | Emergency & Level 2,Electrician North Manly 2100,2754,,,,,,,,,,
https://c0d312.github.io/evaready-electrical/service-areas/northern-beaches/northern-beaches/north-narrabeen,suburb page,Electrician North Narrabeen 2101 | Emergency & Level 2,Electrician North Narrabeen 2101,2728,,,,,,,,,,
https://c0d312.github.io/evaready-electrical/service-areas/northern-beaches/northern-beaches/oxford-falls,suburb page,Electrician Oxford Falls 2100 | Emergency & Level 2,Electrician Oxford Falls 2100,2764,,,,,,,,,,
https://c0d312.github.io/evaready-electrical/service-areas/northern-beaches/northern-beaches/palm-beach,suburb page,Electrician Palm Beach 2108 | Emergency & Level 2,Electrician Palm Beach 2108,2759,,,,,,,,,,
https://c0d312.github.io/evaready-electrical/service-areas/northern-beaches/northern-beaches/queenscliff,suburb page,Electrician Queenscliff 2096 | Emergency & Level 2,Electrician Queenscliff 2096,2677,,,,,,,,,,
https://c0d312.github.io/evaready-electrical/service-areas/northern-beaches/northern-beaches/scotland-island,suburb page,Electrician Scotland Island 2105 | Emergency & Level 2,Electrician Scotland Island 2105,2756,,,,,,,,,,
https://c0d312.github.io/evaready-electrical/service-areas/northern-beaches/northern-beaches/seaforth,suburb page,Electrician Seaforth 2092 | Emergency & Level 2,Electrician Seaforth 2092,2654,,,,,,,,,,
https://c0d312.github.io/evaready-electrical/service-areas/northern-beaches/northern-beaches/terrey-hills,suburb page,Electrician Terrey Hills 2084 | Emergency & Level 2,Electrician Terrey Hills 2084,2769,,,,,,,,,,
https://c0d312.github.io/evaready-electrical/service-areas/northern-beaches/northern-beaches/warriewood,suburb page,Electrician Warriewood 2102 | Emergency & Level 2,Electrician Warriewood 2102,2694,,,,,,,,,,
https://c0d312.github.io/evaready-electrical/service-areas/northern-beaches/northern-beaches/whale-beach,suburb page,Electrician Whale Beach 2107 | Emergency & Level 2,Electrician Whale Beach 2107,2761,,,,,,,,,,
https://c0d312.github.io/evaready-electrical/service-areas/northern-beaches/northern-beaches/wheeler-heights,suburb page,Electrician Wheeler Heights 2097 | Emergency & Level 2,Electrician Wheeler Heights 2097,2764,,,,,,,,,,
https://c0d312.github.io/evaready-electrical/service-areas/blue-mountains/blue-mountains/berambing,suburb page,Electrician Berambing 2758 | Emergency & Level 2,Electrician Berambing 2758,2675,,,,,,,,,,
https://c0d312.github.io/evaready-electrical/service-areas/blue-mountains/blue-mountains/blaxland,suburb page,Electrician Blaxland 2774 | Emergency & Level 2,Electrician Blaxland 2774,2705,,,,,,,,,,
https://c0d312.github.io/evaready-electrical/service-areas/blue-mountains/blue-mountains/bullaburra,suburb page,Electrician Bullaburra 2784 | Emergency & Level 2,Electrician Bullaburra 2784,2716,,,,,,,,,,
https://c0d312.github.io/evaready-electrical/service-areas/blue-mountains/blue-mountains/faulconbridge,suburb page,Electrician Faulconbridge 2776 | Emergency & Level 2,Electrician Faulconbridge 2776,2672,,,,,,,,,,
https://c0d312.github.io/evaready-electrical/service-areas/blue-mountains/blue-mountains/glenbrook,suburb page,Electrician Glenbrook 2773 | Emergency & Level 2,Electrician Glenbrook 2773,2671,,,,,,,,,,
https://c0d312.github.io/evaready-electrical/service-areas/blue-mountains/blue-mountains/hawkesbury-heights,suburb page,Electrician Hawkesbury Heights 2777 | Emergency & Level 2,Electrician Hawkesbury Heights 2777,2734,,,,,,,,,,
https://c0d312.github.io/evaready-electrical/service-areas/blue-mountains/blue-mountains/hazelbrook,suburb page,Electrician Hazelbrook 2779 | Emergency & Level 2,Electrician Hazelbrook 2779,2654,,,,,,,,,,
https://c0d312.github.io/evaready-electrical/service-areas/blue-mountains/blue-mountains/katoomba,suburb page,Electrician Katoomba 2780 | Emergency & Level 2,Electrician Katoomba 2780,2641,,,,,,,,,,
https://c0d312.github.io/evaready-electrical/service-areas/blue-mountains/blue-mountains/lapstone,suburb page,Electrician Lapstone 2773 | Emergency & Level 2,Electrician Lapstone 2773,2678,,,,,,,,,,
https://c0d312.github.io/evaready-electrical/service-areas/blue-mountains/blue-mountains/lawson,suburb page,Electrician Lawson 2783 | Emergency & Level 2,Electrician Lawson 2783,2666,,,,,,,,,,
https://c0d312.github.io/evaready-electrical/service-areas/blue-mountains/blue-mountains/leura,suburb page,Electrician Leura 2780 | Emergency & Level 2,Electrician Leura 2780,2700,,,,,,,,,,
https://c0d312.github.io/evaready-electrical/service-areas/blue-mountains/blue-mountains/linden,suburb page,Electrician Linden 2778 | Emergency & Level 2,Electrician Linden 2778,2694,,,,,,,,,,
https://c0d312.github.io/evaready-electrical/service-areas/blue-mountains/blue-mountains/mount-riverview,suburb page,Electrician Mount Riverview 2774 | Emergency & Level 2,Electrician Mount Riverview 2774,2756,,,,,,,,,,
https://c0d312.github.io/evaready-electrical/service-areas/blue-mountains/blue-mountains/springwood,suburb page,Electrician Springwood 2777 | Emergency & Level 2,Electrician Springwood 2777,2618,,,,,,,,,,
https://c0d312.github.io/evaready-electrical/service-areas/blue-mountains/blue-mountains/sun-valley,suburb page,Electrician Sun Valley 2777 | Emergency & Level 2,Electrician Sun Valley 2777,2767,,,,,,,,,,
https://c0d312.github.io/evaready-electrical/service-areas/blue-mountains/blue-mountains/valley-heights,suburb page,Electrician Valley Heights 2777 | Emergency & Level 2,Electrician Valley Heights 2777,2753,,,,,,,,,,
https://c0d312.github.io/evaready-electrical/service-areas/blue-mountains/blue-mountains/warrimoo,suburb page,Electrician Warrimoo 2774 | Emergency & Level 2,Electrician Warrimoo 2774,2675,,,,,,,,,,
https://c0d312.github.io/evaready-electrical/service-areas/blue-mountains/blue-mountains/wentworth-falls,suburb page,Electrician Wentworth Falls 2782 | Emergency & Level 2,Electrician Wentworth Falls 2782,2771,,,,,,,,,,
https://c0d312.github.io/evaready-electrical/service-areas/blue-mountains/blue-mountains/winmalee,suburb page,Electrician Winmalee 2777 | Emergency & Level 2,Electrician Winmalee 2777,2689,,,,,,,,,,
https://c0d312.github.io/evaready-electrical/service-areas/blue-mountains/blue-mountains/woodford,suburb page,Electrician Woodford 2778 | Emergency & Level 2,Electrician Woodford 2778,2669,,,,,,,,,,
https://c0d312.github.io/evaready-electrical/service-areas/blue-mountains/blue-mountains/yellow-rock,suburb page,Electrician Yellow Rock 2777 | Emergency & Level 2,Electrician Yellow Rock 2777,2782,,,,,,,,,,
https://c0d312.github.io/evaready-electrical/service-areas/wollongong-and-illawarra/minnamurra-and-kiama-downs/bombo,suburb page,Electrician Bombo 2533 | Emergency & Level 2,Electrician Bombo 2533,2652,,,,,,,,,,
https://c0d312.github.io/evaready-electrical/service-areas/wollongong-and-illawarra/minnamurra-and-kiama-downs/croom,suburb page,Electrician Croom 2527 | Emergency & Level 2,Electrician Croom 2527,2692,,,,,,,,,,
https://c0d312.github.io/evaready-electrical/service-areas/wollongong-and-illawarra/minnamurra-and-kiama-downs/kiama-downs,suburb page,Electrician Kiama Downs 2533 | Emergency & Level 2,Electrician Kiama Downs 2533,2762,,,,,,,,,,
https://c0d312.github.io/evaready-electrical/service-areas/wollongong-and-illawarra/minnamurra-and-kiama-downs/minnamurra,suburb page,Electrician Minnamurra 2533 | Emergency & Level 2,Electrician Minnamurra 2533,2664,,,,,,,,,,
https://c0d312.github.io/evaready-electrical/service-areas/wollongong-and-illawarra/shellharbour/albion-park,suburb page,Electrician Albion Park 2527 | Emergency & Level 2,Electrician Albion Park 2527,2730,,,,,,,,,,
https://c0d312.github.io/evaready-electrical/service-areas/wollongong-and-illawarra/shellharbour/albion-park-rail,suburb page,Electrician Albion Park Rail 2527 | Emergency & Level 2,Electrician Albion Park Rail 2527,2843,,,,,,,,,,
https://c0d312.github.io/evaready-electrical/service-areas/wollongong-and-illawarra/shellharbour/barrack-heights,suburb page,Electrician Barrack Heights 2528 | Emergency & Level 2,Electrician Barrack Heights 2528,2760,,,,,,,,,,
https://c0d312.github.io/evaready-electrical/service-areas/wollongong-and-illawarra/shellharbour/barrack-point,suburb page,Electrician Barrack Point 2528 | Emergency & Level 2,Electrician Barrack Point 2528,2740,,,,,,,,,,
https://c0d312.github.io/evaready-electrical/service-areas/wollongong-and-illawarra/shellharbour/blackbutt,suburb page,Electrician Blackbutt 2529 | Emergency & Level 2,Electrician Blackbutt 2529,2649,,,,,,,,,,
https://c0d312.github.io/evaready-electrical/service-areas/wollongong-and-illawarra/shellharbour/calderwood,suburb page,Electrician Calderwood 2527 | Emergency & Level 2,Electrician Calderwood 2527,2665,,,,,,,,,,
https://c0d312.github.io/evaready-electrical/service-areas/wollongong-and-illawarra/shellharbour/dunmore,suburb page,Electrician Dunmore 2529 | Emergency & Level 2,Electrician Dunmore 2529,2665,,,,,,,,,,
https://c0d312.github.io/evaready-electrical/service-areas/wollongong-and-illawarra/shellharbour/flinders,suburb page,Electrician Flinders 2529 | Emergency & Level 2,Electrician Flinders 2529,2686,,,,,,,,,,
https://c0d312.github.io/evaready-electrical/service-areas/wollongong-and-illawarra/shellharbour/lake-illawarra,suburb page,Electrician Lake Illawarra 2528 | Emergency & Level 2,Electrician Lake Illawarra 2528,2745,,,,,,,,,,
https://c0d312.github.io/evaready-electrical/service-areas/wollongong-and-illawarra/shellharbour/mount-warrigal,suburb page,Electrician Mount Warrigal 2528 | Emergency & Level 2,Electrician Mount Warrigal 2528,2774,,,,,,,,,,
https://c0d312.github.io/evaready-electrical/service-areas/wollongong-and-illawarra/shellharbour/north-macquarie,suburb page,Electrician North Macquarie 2527 | Emergency & Level 2,Electrician North Macquarie 2527,2759,,,,,,,,,,
https://c0d312.github.io/evaready-electrical/service-areas/wollongong-and-illawarra/shellharbour/oak-flats,suburb page,Electrician Oak Flats 2529 | Emergency & Level 2,Electrician Oak Flats 2529,2762,,,,,,,,,,
https://c0d312.github.io/evaready-electrical/service-areas/wollongong-and-illawarra/shellharbour/shell-cove,suburb page,Electrician Shell Cove 2529 | Emergency & Level 2,Electrician Shell Cove 2529,2738,,,,,,,,,,
https://c0d312.github.io/evaready-electrical/service-areas/wollongong-and-illawarra/shellharbour/shellharbour,suburb page,Electrician Shellharbour 2529 | Emergency & Level 2,Electrician Shellharbour 2529,2682,,,,,,,,,,
https://c0d312.github.io/evaready-electrical/service-areas/wollongong-and-illawarra/shellharbour/shellharbour-city-centre,suburb page,Electrician Shellharbour City Centre 2529 | Emergency & Level 2,Electrician Shellharbour City Centre 2529,2846,,,,,,,,,,
https://c0d312.github.io/evaready-electrical/service-areas/wollongong-and-illawarra/shellharbour/tullimbar,suburb page,Electrician Tullimbar 2527 | Emergency & Level 2,Electrician Tullimbar 2527,2667,,,,,,,,,,
https://c0d312.github.io/evaready-electrical/service-areas/wollongong-and-illawarra/shellharbour/warilla,suburb page,Electrician Warilla 2528 | Emergency & Level 2,Electrician Warilla 2528,2650,,,,,,,,,,
https://c0d312.github.io/evaready-electrical/service-areas/wollongong-and-illawarra/wollongong/austinmer,suburb page,Electrician Austinmer 2515 | Emergency & Level 2,Electrician Austinmer 2515,2704,,,,,,,,,,
https://c0d312.github.io/evaready-electrical/service-areas/wollongong-and-illawarra/wollongong/avondale,suburb page,Electrician Avondale 2530 | Emergency & Level 2,Electrician Avondale 2530,2673,,,,,,,,,,
https://c0d312.github.io/evaready-electrical/service-areas/wollongong-and-illawarra/wollongong/balgownie,suburb page,Electrician Balgownie 2519 | Emergency & Level 2,Electrician Balgownie 2519,2661,,,,,,,,,,
https://c0d312.github.io/evaready-electrical/service-areas/wollongong-and-illawarra/wollongong/bellambi,suburb page,Electrician Bellambi 2518 | Emergency & Level 2,Electrician Bellambi 2518,2669,,,,,,,,,,
https://c0d312.github.io/evaready-electrical/service-areas/wollongong-and-illawarra/wollongong/berkeley,suburb page,Electrician Berkeley 2506 | Emergency & Level 2,Electrician Berkeley 2506,2665,,,,,,,,,,
https://c0d312.github.io/evaready-electrical/service-areas/wollongong-and-illawarra/wollongong/brownsville,suburb page,Electrician Brownsville 2530 | Emergency & Level 2,Electrician Brownsville 2530,2669,,,,,,,,,,
https://c0d312.github.io/evaready-electrical/service-areas/wollongong-and-illawarra/wollongong/bulli,suburb page,Electrician Bulli 2516 | Emergency & Level 2,Electrician Bulli 2516,2662,,,,,,,,,,
https://c0d312.github.io/evaready-electrical/service-areas/wollongong-and-illawarra/wollongong/cleveland,suburb page,Electrician Cleveland 2530 | Emergency & Level 2,Electrician Cleveland 2530,2679,,,,,,,,,,
https://c0d312.github.io/evaready-electrical/service-areas/wollongong-and-illawarra/wollongong/clifton,suburb page,Electrician Clifton 2515 | Emergency & Level 2,Electrician Clifton 2515,2673,,,,,,,,,,
https://c0d312.github.io/evaready-electrical/service-areas/wollongong-and-illawarra/wollongong/coalcliff,suburb page,Electrician Coalcliff 2508 | Emergency & Level 2,Electrician Coalcliff 2508,2663,,,,,,,,,,
https://c0d312.github.io/evaready-electrical/service-areas/wollongong-and-illawarra/wollongong/coledale,suburb page,Electrician Coledale 2515 | Emergency & Level 2,Electrician Coledale 2515,2673,,,,,,,,,,
https://c0d312.github.io/evaready-electrical/service-areas/wollongong-and-illawarra/wollongong/coniston,suburb page,Electrician Coniston 2500 | Emergency & Level 2,Electrician Coniston 2500,2689,,,,,,,,,,
https://c0d312.github.io/evaready-electrical/service-areas/wollongong-and-illawarra/wollongong/cordeaux-heights,suburb page,Electrician Cordeaux Heights 2526 | Emergency & Level 2,Electrician Cordeaux Heights 2526,2770,,,,,,,,,,
https://c0d312.github.io/evaready-electrical/service-areas/wollongong-and-illawarra/wollongong/corrimal,suburb page,Electrician Corrimal 2518 | Emergency & Level 2,Electrician Corrimal 2518,2682,,,,,,,,,,
https://c0d312.github.io/evaready-electrical/service-areas/wollongong-and-illawarra/wollongong/cringila,suburb page,Electrician Cringila 2502 | Emergency & Level 2,Electrician Cringila 2502,2660,,,,,,,,,,
https://c0d312.github.io/evaready-electrical/service-areas/wollongong-and-illawarra/wollongong/dapto,suburb page,Electrician Dapto 2530 | Emergency & Level 2,Electrician Dapto 2530,2656,,,,,,,,,,
https://c0d312.github.io/evaready-electrical/service-areas/wollongong-and-illawarra/wollongong/darkes-forest,suburb page,Electrician Darkes Forest 2508 | Emergency & Level 2,Electrician Darkes Forest 2508,2747,,,,,,,,,,
https://c0d312.github.io/evaready-electrical/service-areas/wollongong-and-illawarra/wollongong/dombarton,suburb page,Electrician Dombarton 2530 | Emergency & Level 2,Electrician Dombarton 2530,2667,,,,,,,,,,
https://c0d312.github.io/evaready-electrical/service-areas/wollongong-and-illawarra/wollongong/east-corrimal,suburb page,Electrician East Corrimal 2518 | Emergency & Level 2,Electrician East Corrimal 2518,2738,,,,,,,,,,
https://c0d312.github.io/evaready-electrical/service-areas/wollongong-and-illawarra/wollongong/fairy-meadow,suburb page,Electrician Fairy Meadow 2519 | Emergency & Level 2,Electrician Fairy Meadow 2519,2767,,,,,,,,,,
https://c0d312.github.io/evaready-electrical/service-areas/wollongong-and-illawarra/wollongong/farmborough-heights,suburb page,Electrician Farmborough Heights 2526 | Emergency & Level 2,Electrician Farmborough Heights 2526,2748,,,,,,,,,,
https://c0d312.github.io/evaready-electrical/service-areas/wollongong-and-illawarra/wollongong/fernhill,suburb page,Electrician Fernhill 2519 | Emergency & Level 2,Electrician Fernhill 2519,2662,,,,,,,,,,
https://c0d312.github.io/evaready-electrical/service-areas/wollongong-and-illawarra/wollongong/figtree,suburb page,Electrician Figtree 2525 | Emergency & Level 2,Electrician Figtree 2525,2664,,,,,,,,,,
https://c0d312.github.io/evaready-electrical/service-areas/wollongong-and-illawarra/wollongong/gwynneville,suburb page,Electrician Gwynneville 2500 | Emergency & Level 2,Electrician Gwynneville 2500,2649,,,,,,,,,,
https://c0d312.github.io/evaready-electrical/service-areas/wollongong-and-illawarra/wollongong/haywards-bay,suburb page,Electrician Haywards Bay 2530 | Emergency & Level 2,Electrician Haywards Bay 2530,2727,,,,,,,,,,
https://c0d312.github.io/evaready-electrical/service-areas/wollongong-and-illawarra/wollongong/helensburgh,suburb page,Electrician Helensburgh 2508 | Emergency & Level 2,Electrician Helensburgh 2508,2678,,,,,,,,,,
https://c0d312.github.io/evaready-electrical/service-areas/wollongong-and-illawarra/wollongong/horsley,suburb page,Electrician Horsley 2530 | Emergency & Level 2,Electrician Horsley 2530,2649,,,,,,,,,,
https://c0d312.github.io/evaready-electrical/service-areas/wollongong-and-illawarra/wollongong/huntley,suburb page,Electrician Huntley 2530 | Emergency & Level 2,Electrician Huntley 2530,2671,,,,,,,,,,
https://c0d312.github.io/evaready-electrical/service-areas/wollongong-and-illawarra/wollongong/kanahooka,suburb page,Electrician Kanahooka 2530 | Emergency & Level 2,Electrician Kanahooka 2530,2668,,,,,,,,,,
https://c0d312.github.io/evaready-electrical/service-areas/wollongong-and-illawarra/wollongong/keiraville,suburb page,Electrician Keiraville 2500 | Emergency & Level 2,Electrician Keiraville 2500,2656,,,,,,,,,,
https://c0d312.github.io/evaready-electrical/service-areas/wollongong-and-illawarra/wollongong/kembla-grange,suburb page,Electrician Kembla Grange 2526 | Emergency & Level 2,Electrician Kembla Grange 2526,2751,,,,,,,,,,
https://c0d312.github.io/evaready-electrical/service-areas/wollongong-and-illawarra/wollongong/kembla-heights,suburb page,Electrician Kembla Heights 2526 | Emergency & Level 2,Electrician Kembla Heights 2526,2739,,,,,,,,,,
https://c0d312.github.io/evaready-electrical/service-areas/wollongong-and-illawarra/wollongong/koonawarra,suburb page,Electrician Koonawarra 2530 | Emergency & Level 2,Electrician Koonawarra 2530,2671,,,,,,,,,,
https://c0d312.github.io/evaready-electrical/service-areas/wollongong-and-illawarra/wollongong/lake-heights,suburb page,Electrician Lake Heights 2502 | Emergency & Level 2,Electrician Lake Heights 2502,2745,,,,,,,,,,
https://c0d312.github.io/evaready-electrical/service-areas/wollongong-and-illawarra/wollongong/lilyvale,suburb page,Electrician Lilyvale 2508 | Emergency & Level 2,Electrician Lilyvale 2508,2677,,,,,,,,,,
https://c0d312.github.io/evaready-electrical/service-areas/wollongong-and-illawarra/wollongong/maddens-plains,suburb page,Electrician Maddens Plains 2508 | Emergency & Level 2,Electrician Maddens Plains 2508,2743,,,,,,,,,,
https://c0d312.github.io/evaready-electrical/service-areas/wollongong-and-illawarra/wollongong/mangerton,suburb page,Electrician Mangerton 2500 | Emergency & Level 2,Electrician Mangerton 2500,2643,,,,,,,,,,
https://c0d312.github.io/evaready-electrical/service-areas/wollongong-and-illawarra/wollongong/marshall-mount,suburb page,Electrician Marshall Mount 2530 | Emergency & Level 2,Electrician Marshall Mount 2530,2743,,,,,,,,,,
https://c0d312.github.io/evaready-electrical/service-areas/wollongong-and-illawarra/wollongong/mount-keira,suburb page,Electrician Mount Keira 2500 | Emergency & Level 2,Electrician Mount Keira 2500,2757,,,,,,,,,,
https://c0d312.github.io/evaready-electrical/service-areas/wollongong-and-illawarra/wollongong/mount-kembla,suburb page,Electrician Mount Kembla 2526 | Emergency & Level 2,Electrician Mount Kembla 2526,2729,,,,,,,,,,
https://c0d312.github.io/evaready-electrical/service-areas/wollongong-and-illawarra/wollongong/mount-ousley,suburb page,Electrician Mount Ousley 2519 | Emergency & Level 2,Electrician Mount Ousley 2519,2757,,,,,,,,,,
https://c0d312.github.io/evaready-electrical/service-areas/wollongong-and-illawarra/wollongong/mount-pleasant,suburb page,Electrician Mount Pleasant 2519 | Emergency & Level 2,Electrician Mount Pleasant 2519,2756,,,,,,,,,,
https://c0d312.github.io/evaready-electrical/service-areas/wollongong-and-illawarra/wollongong/mount-saint-thomas,suburb page,Electrician Mount Saint Thomas 2500 | Emergency & Level 2,Electrician Mount Saint Thomas 2500,2827,,,,,,,,,,
https://c0d312.github.io/evaready-electrical/service-areas/wollongong-and-illawarra/wollongong/north-wollongong,suburb page,Electrician North Wollongong 2500 | Emergency & Level 2,Electrician North Wollongong 2500,2756,,,,,,,,,,
https://c0d312.github.io/evaready-electrical/service-areas/wollongong-and-illawarra/wollongong/otford,suburb page,Electrician Otford 2508 | Emergency & Level 2,Electrician Otford 2508,2663,,,,,,,,,,
https://c0d312.github.io/evaready-electrical/service-areas/wollongong-and-illawarra/wollongong/port-kembla,suburb page,Electrician Port Kembla 2505 | Emergency & Level 2,Electrician Port Kembla 2505,2764,,,,,,,,,,
https://c0d312.github.io/evaready-electrical/service-areas/wollongong-and-illawarra/wollongong/primbee,suburb page,Electrician Primbee 2502 | Emergency & Level 2,Electrician Primbee 2502,2668,,,,,,,,,,
https://c0d312.github.io/evaready-electrical/service-areas/wollongong-and-illawarra/wollongong/russell-vale,suburb page,Electrician Russell Vale 2517 | Emergency & Level 2,Electrician Russell Vale 2517,2741,,,,,,,,,,
https://c0d312.github.io/evaready-electrical/service-areas/wollongong-and-illawarra/wollongong/scarborough,suburb page,Electrician Scarborough 2515 | Emergency & Level 2,Electrician Scarborough 2515,2683,,,,,,,,,,
https://c0d312.github.io/evaready-electrical/service-areas/wollongong-and-illawarra/wollongong/stanwell-park,suburb page,Electrician Stanwell Park 2508 | Emergency & Level 2,Electrician Stanwell Park 2508,2762,,,,,,,,,,
https://c0d312.github.io/evaready-electrical/service-areas/wollongong-and-illawarra/wollongong/stanwell-tops,suburb page,Electrician Stanwell Tops 2508 | Emergency & Level 2,Electrician Stanwell Tops 2508,2730,,,,,,,,,,
https://c0d312.github.io/evaready-electrical/service-areas/wollongong-and-illawarra/wollongong/tarrawanna,suburb page,Electrician Tarrawanna 2518 | Emergency & Level 2,Electrician Tarrawanna 2518,2665,,,,,,,,,,
https://c0d312.github.io/evaready-electrical/service-areas/wollongong-and-illawarra/wollongong/thirroul,suburb page,Electrician Thirroul 2515 | Emergency & Level 2,Electrician Thirroul 2515,2673,,,,,,,,,,
https://c0d312.github.io/evaready-electrical/service-areas/wollongong-and-illawarra/wollongong/towradgi,suburb page,Electrician Towradgi 2518 | Emergency & Level 2,Electrician Towradgi 2518,2643,,,,,,,,,,
https://c0d312.github.io/evaready-electrical/service-areas/wollongong-and-illawarra/wollongong/unanderra,suburb page,Electrician Unanderra 2526 | Emergency & Level 2,Electrician Unanderra 2526,2658,,,,,,,,,,
https://c0d312.github.io/evaready-electrical/service-areas/wollongong-and-illawarra/wollongong/warrawong,suburb page,Electrician Warrawong 2502 | Emergency & Level 2,Electrician Warrawong 2502,2651,,,,,,,,,,
https://c0d312.github.io/evaready-electrical/service-areas/wollongong-and-illawarra/wollongong/west-wollongong,suburb page,Electrician West Wollongong 2500 | Emergency & Level 2,Electrician West Wollongong 2500,2754,,,,,,,,,,
https://c0d312.github.io/evaready-electrical/service-areas/wollongong-and-illawarra/wollongong/windang,suburb page,Electrician Windang 2528 | Emergency & Level 2,Electrician Windang 2528,2650,,,,,,,,,,
https://c0d312.github.io/evaready-electrical/service-areas/wollongong-and-illawarra/wollongong/wollongong,suburb page,Electrician Wollongong 2500 | Emergency & Level 2,Electrician Wollongong 2500,2626,,,,,,,,,,
https://c0d312.github.io/evaready-electrical/service-areas/wollongong-and-illawarra/wollongong/wombarra,suburb page,Electrician Wombarra 2515 | Emergency & Level 2,Electrician Wombarra 2515,2644,,,,,,,,,,
https://c0d312.github.io/evaready-electrical/service-areas/wollongong-and-illawarra/wollongong/wongawilli,suburb page,Electrician Wongawilli 2530 | Emergency & Level 2,Electrician Wongawilli 2530,2659,,,,,,,,,,
https://c0d312.github.io/evaready-electrical/service-areas/wollongong-and-illawarra/wollongong/woonona,suburb page,Electrician Woonona 2517 | Emergency & Level 2,Electrician Woonona 2517,2664,,,,,,,,,,
https://c0d312.github.io/evaready-electrical/service-areas/wollongong-and-illawarra/wollongong/yallah,suburb page,Electrician Yallah 2530 | Emergency & Level 2,Electrician Yallah 2530,2690,,,,,,,,,,
https://c0d312.github.io/evaready-electrical/service-areas/southern-highlands/wingecarribee/alpine,suburb page,Electrician Alpine 2575 | Emergency & Level 2,Electrician Alpine 2575,2683,,,,,,,,,,
https://c0d312.github.io/evaready-electrical/service-areas/southern-highlands/wingecarribee/avoca,suburb page,Electrician Avoca 2577 | Emergency & Level 2,Electrician Avoca 2577,2656,,,,,,,,,,
https://c0d312.github.io/evaready-electrical/service-areas/southern-highlands/wingecarribee/aylmerton,suburb page,Electrician Aylmerton 2575 | Emergency & Level 2,Electrician Aylmerton 2575,2645,,,,,,,,,,
https://c0d312.github.io/evaready-electrical/service-areas/southern-highlands/wingecarribee/balaclava,suburb page,Electrician Balaclava 2575 | Emergency & Level 2,Electrician Balaclava 2575,2687,,,,,,,,,,
https://c0d312.github.io/evaready-electrical/service-areas/southern-highlands/wingecarribee/balmoral,suburb page,Electrician Balmoral 2571 | Emergency & Level 2,Electrician Balmoral 2571,2642,,,,,,,,,,
https://c0d312.github.io/evaready-electrical/service-areas/southern-highlands/wingecarribee/bargo,suburb page,Electrician Bargo 2574 | Emergency & Level 2,Electrician Bargo 2574,2653,,,,,,,,,,
https://c0d312.github.io/evaready-electrical/service-areas/southern-highlands/wingecarribee/berrima,suburb page,Electrician Berrima 2577 | Emergency & Level 2,Electrician Berrima 2577,2636,,,,,,,,,,
https://c0d312.github.io/evaready-electrical/service-areas/southern-highlands/wingecarribee/bowral,suburb page,Electrician Bowral 2576 | Emergency & Level 2,Electrician Bowral 2576,2671,,,,,,,,,,
https://c0d312.github.io/evaready-electrical/service-areas/southern-highlands/wingecarribee/braemar,suburb page,Electrician Braemar 2575 | Emergency & Level 2,Electrician Braemar 2575,2654,,,,,,,,,,
https://c0d312.github.io/evaready-electrical/service-areas/southern-highlands/wingecarribee/burradoo,suburb page,Electrician Burradoo 2576 | Emergency & Level 2,Electrician Burradoo 2576,2655,,,,,,,,,,
https://c0d312.github.io/evaready-electrical/service-areas/southern-highlands/wingecarribee/burrawang,suburb page,Electrician Burrawang 2577 | Emergency & Level 2,Electrician Burrawang 2577,2682,,,,,,,,,,
https://c0d312.github.io/evaready-electrical/service-areas/southern-highlands/wingecarribee/buxton,suburb page,Electrician Buxton 2571 | Emergency & Level 2,Electrician Buxton 2571,2667,,,,,,,,,,
https://c0d312.github.io/evaready-electrical/service-areas/southern-highlands/wingecarribee/colo-vale,suburb page,Electrician Colo Vale 2575 | Emergency & Level 2,Electrician Colo Vale 2575,2732,,,,,,,,,,
https://c0d312.github.io/evaready-electrical/service-areas/southern-highlands/wingecarribee/east-kangaloon,suburb page,Electrician East Kangaloon 2576 | Emergency & Level 2,Electrician East Kangaloon 2576,2757,,,,,,,,,,
https://c0d312.github.io/evaready-electrical/service-areas/southern-highlands/wingecarribee/exeter,suburb page,Electrician Exeter 2579 | Emergency & Level 2,Electrician Exeter 2579,2687,,,,,,,,,,
https://c0d312.github.io/evaready-electrical/service-areas/southern-highlands/wingecarribee/glenquarry,suburb page,Electrician Glenquarry 2576 | Emergency & Level 2,Electrician Glenquarry 2576,2645,,,,,,,,,,
https://c0d312.github.io/evaready-electrical/service-areas/southern-highlands/wingecarribee/hill-top,suburb page,Electrician Hill Top 2575 | Emergency & Level 2,Electrician Hill Top 2575,2757,,,,,,,,,,
https://c0d312.github.io/evaready-electrical/service-areas/southern-highlands/wingecarribee/kangaloon,suburb page,Electrician Kangaloon 2576 | Emergency & Level 2,Electrician Kangaloon 2576,2665,,,,,,,,,,
https://c0d312.github.io/evaready-electrical/service-areas/southern-highlands/wingecarribee/medway,suburb page,Electrician Medway 2577 | Emergency & Level 2,Electrician Medway 2577,2654,,,,,,,,,,
https://c0d312.github.io/evaready-electrical/service-areas/southern-highlands/wingecarribee/mittagong,suburb page,Electrician Mittagong 2575 | Emergency & Level 2,Electrician Mittagong 2575,2678,,,,,,,,,,
https://c0d312.github.io/evaready-electrical/service-areas/southern-highlands/wingecarribee/moss-vale,suburb page,Electrician Moss Vale 2577 | Emergency & Level 2,Electrician Moss Vale 2577,2762,,,,,,,,,,
https://c0d312.github.io/evaready-electrical/service-areas/southern-highlands/wingecarribee/new-berrima,suburb page,Electrician New Berrima 2577 | Emergency & Level 2,Electrician New Berrima 2577,2742,,,,,,,,,,
https://c0d312.github.io/evaready-electrical/service-areas/southern-highlands/wingecarribee/renwick,suburb page,Electrician Renwick 2575 | Emergency & Level 2,Electrician Renwick 2575,2670,,,,,,,,,,
https://c0d312.github.io/evaready-electrical/service-areas/southern-highlands/wingecarribee/sutton-forest,suburb page,Electrician Sutton Forest 2577 | Emergency & Level 2,Electrician Sutton Forest 2577,2763,,,,,,,,,,
https://c0d312.github.io/evaready-electrical/service-areas/southern-highlands/wingecarribee/welby,suburb page,Electrician Welby 2575 | Emergency & Level 2,Electrician Welby 2575,2685,,,,,,,,,,
https://c0d312.github.io/evaready-electrical/service-areas/southern-highlands/wingecarribee/willow-vale,suburb page,Electrician Willow Vale 2575 | Emergency & Level 2,Electrician Willow Vale 2575,2737,,,,,,,,,,
https://c0d312.github.io/evaready-electrical/service-areas/southern-highlands/wingecarribee/woodlands,suburb page,Electrician Woodlands 2575 | Emergency & Level 2,Electrician Woodlands 2575,2662,,,,,,,,,,
https://c0d312.github.io/evaready-electrical/service-areas/southern-highlands/wingecarribee/yerrinbool,suburb page,Electrician Yerrinbool 2575 | Emergency & Level 2,Electrician Yerrinbool 2575,2690,,,,,,,,,,
https://c0d312.github.io/evaready-electrical/service-areas/central-coast-south/central-coast/alison,suburb page,Electrician Alison 2259 | Emergency & Level 2,Electrician Alison 2259,2668,,,,,,,,,,
https://c0d312.github.io/evaready-electrical/service-areas/central-coast-south/central-coast/bar-point,suburb page,Electrician Bar Point 2083 | Emergency & Level 2,Electrician Bar Point 2083,2742,,,,,,,,,,
https://c0d312.github.io/evaready-electrical/service-areas/central-coast-south/central-coast/blackwall,suburb page,Electrician Blackwall 2256 | Emergency & Level 2,Electrician Blackwall 2256,2670,,,,,,,,,,
https://c0d312.github.io/evaready-electrical/service-areas/central-coast-south/central-coast/calga,suburb page,Electrician Calga 2250 | Emergency & Level 2,Electrician Calga 2250,2685,,,,,,,,,,
https://c0d312.github.io/evaready-electrical/service-areas/central-coast-south/central-coast/central-mangrove,suburb page,Electrician Central Mangrove 2250 | Emergency & Level 2,Electrician Central Mangrove 2250,2753,,,,,,,,,,
https://c0d312.github.io/evaready-electrical/service-areas/central-coast-south/central-coast/cheero-point,suburb page,Electrician Cheero Point 2083 | Emergency & Level 2,Electrician Cheero Point 2083,2784,,,,,,,,,,
https://c0d312.github.io/evaready-electrical/service-areas/central-coast-south/central-coast/cogra-bay,suburb page,Electrician Cogra Bay 2083 | Emergency & Level 2,Electrician Cogra Bay 2083,2764,,,,,,,,,,
https://c0d312.github.io/evaready-electrical/service-areas/central-coast-south/central-coast/east-gosford,suburb page,Electrician East Gosford 2250 | Emergency & Level 2,Electrician East Gosford 2250,2732,,,,,,,,,,
https://c0d312.github.io/evaready-electrical/service-areas/central-coast-south/central-coast/erina,suburb page,Electrician Erina 2250 | Emergency & Level 2,Electrician Erina 2250,2679,,,,,,,,,,
https://c0d312.github.io/evaready-electrical/service-areas/central-coast-south/central-coast/gosford,suburb page,Electrician Gosford 2250 | Emergency & Level 2,Electrician Gosford 2250,2663,,,,,,,,,,
https://c0d312.github.io/evaready-electrical/service-areas/central-coast-south/central-coast/green-point,suburb page,Electrician Green Point 2251 | Emergency & Level 2,Electrician Green Point 2251,2763,,,,,,,,,,
https://c0d312.github.io/evaready-electrical/service-areas/central-coast-south/central-coast/horsfield-bay,suburb page,Electrician Horsfield Bay 2256 | Emergency & Level 2,Electrician Horsfield Bay 2256,2740,,,,,,,,,,
https://c0d312.github.io/evaready-electrical/service-areas/central-coast-south/central-coast/kangy-angy,suburb page,Electrician Kangy Angy 2258 | Emergency & Level 2,Electrician Kangy Angy 2258,2769,,,,,,,,,,
https://c0d312.github.io/evaready-electrical/service-areas/central-coast-south/central-coast/kariong,suburb page,Electrician Kariong 2250 | Emergency & Level 2,Electrician Kariong 2250,2658,,,,,,,,,,
https://c0d312.github.io/evaready-electrical/service-areas/central-coast-south/central-coast/koolewong,suburb page,Electrician Koolewong 2256 | Emergency & Level 2,Electrician Koolewong 2256,2692,,,,,,,,,,
https://c0d312.github.io/evaready-electrical/service-areas/central-coast-south/central-coast/mardi,suburb page,Electrician Mardi 2259 | Emergency & Level 2,Electrician Mardi 2259,2675,,,,,,,,,,
https://c0d312.github.io/evaready-electrical/service-areas/central-coast-south/central-coast/marlow,suburb page,Electrician Marlow 2775 | Emergency & Level 2,Electrician Marlow 2775,2674,,,,,,,,,,
https://c0d312.github.io/evaready-electrical/service-areas/central-coast-south/central-coast/mooney-mooney,suburb page,Electrician Mooney Mooney 2083 | Emergency & Level 2,Electrician Mooney Mooney 2083,2758,,,,,,,,,,
https://c0d312.github.io/evaready-electrical/service-areas/central-coast-south/central-coast/mooney-mooney-creek,suburb page,Electrician Mooney Mooney Creek 2250 | Emergency & Level 2,Electrician Mooney Mooney Creek 2250,2832,,,,,,,,,,
https://c0d312.github.io/evaready-electrical/service-areas/central-coast-south/central-coast/mount-white,suburb page,Electrician Mount White 2250 | Emergency & Level 2,Electrician Mount White 2250,2755,,,,,,,,,,
https://c0d312.github.io/evaready-electrical/service-areas/central-coast-south/central-coast/narara,suburb page,Electrician Narara 2250 | Emergency & Level 2,Electrician Narara 2250,2666,,,,,,,,,,
https://c0d312.github.io/evaready-electrical/service-areas/central-coast-south/central-coast/niagara-park,suburb page,Electrician Niagara Park 2250 | Emergency & Level 2,Electrician Niagara Park 2250,2773,,,,,,,,,,
https://c0d312.github.io/evaready-electrical/service-areas/central-coast-south/central-coast/north-gosford,suburb page,Electrician North Gosford 2250 | Emergency & Level 2,Electrician North Gosford 2250,2778,,,,,,,,,,
https://c0d312.github.io/evaready-electrical/service-areas/central-coast-south/central-coast/palmdale,suburb page,Electrician Palmdale 2258 | Emergency & Level 2,Electrician Palmdale 2258,2684,,,,,,,,,,
https://c0d312.github.io/evaready-electrical/service-areas/central-coast-south/central-coast/peats-ridge,suburb page,Electrician Peats Ridge 2250 | Emergency & Level 2,Electrician Peats Ridge 2250,2791,,,,,,,,,,
https://c0d312.github.io/evaready-electrical/service-areas/central-coast-south/central-coast/phegans-bay,suburb page,Electrician Phegans Bay 2256 | Emergency & Level 2,Electrician Phegans Bay 2256,2742,,,,,,,,,,
https://c0d312.github.io/evaready-electrical/service-areas/central-coast-south/central-coast/point-clare,suburb page,Electrician Point Clare 2250 | Emergency & Level 2,Electrician Point Clare 2250,2771,,,,,,,,,,
https://c0d312.github.io/evaready-electrical/service-areas/central-coast-south/central-coast/point-frederick,suburb page,Electrician Point Frederick 2250 | Emergency & Level 2,Electrician Point Frederick 2250,2757,,,,,,,,,,
https://c0d312.github.io/evaready-electrical/service-areas/central-coast-south/central-coast/somersby,suburb page,Electrician Somersby 2250 | Emergency & Level 2,Electrician Somersby 2250,2696,,,,,,,,,,
https://c0d312.github.io/evaready-electrical/service-areas/central-coast-south/central-coast/springfield,suburb page,Electrician Springfield 2250 | Emergency & Level 2,Electrician Springfield 2250,2699,,,,,,,,,,
https://c0d312.github.io/evaready-electrical/service-areas/central-coast-south/central-coast/tascott,suburb page,Electrician Tascott 2250 | Emergency & Level 2,Electrician Tascott 2250,2672,,,,,,,,,,
https://c0d312.github.io/evaready-electrical/service-areas/central-coast-south/central-coast/tuggerah,suburb page,Electrician Tuggerah 2259 | Emergency & Level 2,Electrician Tuggerah 2259,2676,,,,,,,,,,
https://c0d312.github.io/evaready-electrical/service-areas/central-coast-south/central-coast/wendoree-park,suburb page,Electrician Wendoree Park 2250 | Emergency & Level 2,Electrician Wendoree Park 2250,2781,,,,,,,,,,
https://c0d312.github.io/evaready-electrical/service-areas/central-coast-south/central-coast/west-gosford,suburb page,Electrician West Gosford 2250 | Emergency & Level 2,Electrician West Gosford 2250,2752,,,,,,,,,,
https://c0d312.github.io/evaready-electrical/service-areas/central-coast-south/central-coast/woy-woy,suburb page,Electrician Woy Woy 2256 | Emergency & Level 2,Electrician Woy Woy 2256,2773,,,,,,,,,,
https://c0d312.github.io/evaready-electrical/service-areas/central-coast-south/central-coast/woy-woy-bay,suburb page,Electrician Woy Woy Bay 2256 | Emergency & Level 2,Electrician Woy Woy Bay 2256,2828,,,,,,,,,,
https://c0d312.github.io/evaready-electrical/service-areas/central-coast-south/central-coast/wyoming,suburb page,Electrician Wyoming 2250 | Emergency & Level 2,Electrician Wyoming 2250,2676,,,,,,,,,,