route,suburb,postcode,area,region,response_classification,visible_word_count,raw_html_bytes,exact_shared_visible_block_word_rate_percent,locality_normalised_repeated_block_word_rate_percent,unique_factual_blocks,crawl_depth_from_home,inbound_internal_links,outbound_internal_links_in_main,cta_count,call_available,quote_available,approved_job_evidence,approved_local_photo,verified_testimonial,different_completed_service_information,evidence_basis,indexation_recommendation
/service-areas/blue-mountains/blue-mountains/berambing/,Berambing,2758,Blue Mountains,Blue Mountains,selected outer-region 60-90-minute estimate,894,252970,58.68,100.00,19,2,22,21,4,true,true,false,false,false,false,coverage dataset only,Owner review: retain; monitor and prioritise genuine evidence
/service-areas/blue-mountains/blue-mountains/blaxland/,Blaxland,2774,Blue Mountains,Blue Mountains,selected outer-region 60-90-minute estimate,894,252859,58.68,100.00,19,2,22,21,4,true,true,false,false,false,false,coverage dataset only,Owner review: retain; monitor and prioritise genuine evidence
/service-areas/blue-mountains/blue-mountains/bullaburra/,Bullaburra,2784,Blue Mountains,Blue Mountains,selected outer-region 60-90-minute estimate,894,253094,58.68,100.00,19,2,22,21,4,true,true,false,false,false,false,coverage dataset only,Owner review: retain; monitor and prioritise genuine evidence
/service-areas/blue-mountains/blue-mountains/faulconbridge/,Faulconbridge,2776,Blue Mountains,Blue Mountains,selected outer-region 60-90-minute estimate,894,253427,58.68,100.00,19,2,22,21,4,true,true,false,false,false,false,coverage dataset only,Owner review: retain; monitor and prioritise genuine evidence
/service-areas/blue-mountains/blue-mountains/glenbrook/,Glenbrook,2773,Blue Mountains,Blue Mountains,selected outer-region 60-90-minute estimate,894,252970,58.68,98.74,19,2,22,21,4,true,true,false,false,false,false,coverage dataset only,Owner review: retain; monitor and prioritise genuine evidence
/service-areas/blue-mountains/blue-mountains/hawkesbury-heights/,Hawkesbury Heights,2777,Blue Mountains,Blue Mountains,selected outer-region 60-90-minute estimate,914,253995,57.25,100.00,19,2,22,21,4,true,true,false,false,false,false,coverage dataset only,Owner review: retain; monitor and prioritise genuine evidence
/service-areas/blue-mountains/blue-mountains/hazelbrook/,Hazelbrook,2779,Blue Mountains,Blue Mountains,selected outer-region 60-90-minute estimate,894,253094,58.68,100.00,19,2,22,21,4,true,true,false,false,false,false,coverage dataset only,Owner review: retain; monitor and prioritise genuine evidence
/service-areas/blue-mountains/blue-mountains/katoomba/,Katoomba,2780,Blue Mountains,Blue Mountains,selected outer-region 60-90-minute estimate,894,252919,58.68,100.00,19,2,22,21,4,true,true,false,false,false,false,coverage dataset only,Owner review: retain; monitor and prioritise genuine evidence
/service-areas/blue-mountains/blue-mountains/lapstone/,Lapstone,2773,Blue Mountains,Blue Mountains,selected outer-region 60-90-minute estimate,894,252859,58.68,98.74,19,2,10,21,4,true,true,false,false,false,false,coverage dataset only,Owner review: retain; monitor and prioritise genuine evidence
/service-areas/blue-mountains/blue-mountains/lawson/,Lawson,2783,Blue Mountains,Blue Mountains,selected outer-region 60-90-minute estimate,894,252627,58.68,100.00,19,2,2,21,4,true,true,false,false,false,false,coverage dataset only,Owner review: retain; monitor and prioritise genuine evidence
/service-areas/blue-mountains/blue-mountains/leura/,Leura,2780,Blue Mountains,Blue Mountains,selected outer-region 60-90-minute estimate,894,252511,58.68,98.74,19,2,2,21,4,true,true,false,false,false,false,coverage dataset only,Owner review: retain; monitor and prioritise genuine evidence
/service-areas/blue-mountains/blue-mountains/linden/,Linden,2778,Blue Mountains,Blue Mountains,selected outer-region 60-90-minute estimate,894,252627,58.68,100.00,19,2,2,21,4,true,true,false,false,false,false,coverage dataset only,Owner review: retain; monitor and prioritise genuine evidence
/service-areas/blue-mountains/blue-mountains/mount-riverview/,Mount Riverview,2774,Blue Mountains,Blue Mountains,selected outer-region 60-90-minute estimate,915,253684,57.30,100.00,19,3,1,21,4,true,true,false,false,false,false,coverage dataset only,Owner review: retain; monitor and prioritise genuine evidence
/service-areas/blue-mountains/blue-mountains/springwood/,Springwood,2777,Blue Mountains,Blue Mountains,selected outer-region 60-90-minute estimate,894,253014,58.68,100.00,19,3,1,21,4,true,true,false,false,false,false,coverage dataset only,Owner review: retain; monitor and prioritise genuine evidence
/service-areas/blue-mountains/blue-mountains/sun-valley/,Sun Valley,2777,Blue Mountains,Blue Mountains,selected outer-region 60-90-minute estimate,915,253104,57.30,100.00,19,3,1,21,4,true,true,false,false,false,false,coverage dataset only,Owner review: retain; monitor and prioritise genuine evidence
/service-areas/blue-mountains/blue-mountains/valley-heights/,Valley Heights,2777,Blue Mountains,Blue Mountains,selected outer-region 60-90-minute estimate,915,253568,57.30,100.00,19,3,1,21,4,true,true,false,false,false,false,coverage dataset only,Owner review: retain; monitor and prioritise genuine evidence
/service-areas/blue-mountains/blue-mountains/warrimoo/,Warrimoo,2774,Blue Mountains,Blue Mountains,selected outer-region 60-90-minute estimate,894,252859,58.68,100.00,19,3,1,21,4,true,true,false,false,false,false,coverage dataset only,Owner review: retain; monitor and prioritise genuine evidence
/service-areas/blue-mountains/blue-mountains/wentworth-falls/,Wentworth Falls,2782,Blue Mountains,Blue Mountains,selected outer-region 60-90-minute estimate,915,253684,57.30,100.00,19,3,1,21,4,true,true,false,false,false,false,coverage dataset only,Owner review: retain; monitor and prioritise genuine evidence
/service-areas/blue-mountains/blue-mountains/winmalee/,Winmalee,2777,Blue Mountains,Blue Mountains,selected outer-region 60-90-minute estimate,894,252859,58.68,100.00,19,3,1,21,4,true,true,false,false,false,false,coverage dataset only,Owner review: retain; monitor and prioritise genuine evidence
/service-areas/blue-mountains/blue-mountains/woodford/,Woodford,2778,Blue Mountains,Blue Mountains,selected outer-region 60-90-minute estimate,894,252859,58.68,100.00,19,3,1,21,4,true,true,false,false,false,false,coverage dataset only,Owner review: retain; monitor and prioritise genuine evidence
/service-areas/blue-mountains/blue-mountains/yellow-rock/,Yellow Rock,2777,Blue Mountains,Blue Mountains,selected outer-region 60-90-minute estimate,915,253220,57.30,100.00,19,3,1,21,4,true,true,false,false,false,false,coverage dataset only,Owner review: retain; monitor and prioritise genuine evidence
/service-areas/canterbury-bankstown-and-inner-south-west/canterbury-bankstown/bankstown/,Bankstown,2200,Canterbury-Bankstown,Canterbury-Bankstown & Inner South West,core 60-minute target,893,254764,58.47,100.00,19,2,37,21,4,true,true,false,false,false,false,coverage dataset only,Owner review: retain; monitor and prioritise genuine evidence
/service-areas/canterbury-bankstown-and-inner-south-west/canterbury-bankstown/bass-hill/,Bass Hill,2197,Canterbury-Bankstown,Canterbury-Bankstown & Inner South West,core 60-minute target,913,254716,57.04,100.00,19,2,36,21,4,true,true,false,false,false,false,coverage dataset only,Owner review: retain; monitor and prioritise genuine evidence
/service-areas/canterbury-bankstown-and-inner-south-west/canterbury-bankstown/belfield/,Belfield,2191,Canterbury-Bankstown,Canterbury-Bankstown & Inner South West,core 60-minute target,893,254617,58.47,100.00,19,2,36,21,4,true,true,false,false,false,false,coverage dataset only,Owner review: retain; monitor and prioritise genuine evidence
/service-areas/canterbury-bankstown-and-inner-south-west/canterbury-bankstown/belmore/,Belmore,2192,Canterbury-Bankstown,Canterbury-Bankstown & Inner South West,core 60-minute target,893,254506,58.47,100.00,19,2,36,21,4,true,true,false,false,false,false,coverage dataset only,Owner review: retain; monitor and prioritise genuine evidence
/service-areas/canterbury-bankstown-and-inner-south-west/canterbury-bankstown/beverly-hills/,Beverly Hills,2209,Canterbury-Bankstown,Canterbury-Bankstown & Inner South West,core 60-minute target,913,255220,57.04,100.00,19,2,36,21,4,true,true,false,false,false,false,coverage dataset only,Owner review: retain; monitor and prioritise genuine evidence
/service-areas/canterbury-bankstown-and-inner-south-west/canterbury-bankstown/birrong/,Birrong,2143,Canterbury-Bankstown,Canterbury-Bankstown & Inner South West,core 60-minute target,893,254506,58.47,100.00,19,2,10,21,4,true,true,false,false,false,false,coverage dataset only,Owner review: retain; monitor and prioritise genuine evidence
/service-areas/canterbury-bankstown-and-inner-south-west/canterbury-bankstown/campsie/,Campsie,2194,Canterbury-Bankstown,Canterbury-Bankstown & Inner South West,core 60-minute target,893,254506,58.47,100.00,19,2,2,21,4,true,true,false,false,false,false,coverage dataset only,Owner review: retain; monitor and prioritise genuine evidence
/service-areas/canterbury-bankstown-and-inner-south-west/canterbury-bankstown/canterbury/,Canterbury,2193,Canterbury-Bankstown,Canterbury-Bankstown & Inner South West,core 60-minute target,893,254854,58.47,100.00,19,2,2,21,4,true,true,false,false,false,false,coverage dataset only,Owner review: retain; monitor and prioritise genuine evidence
/service-areas/canterbury-bankstown-and-inner-south-west/canterbury-bankstown/chester-hill/,Chester Hill,2162,Canterbury-Bankstown,Canterbury-Bankstown & Inner South West,core 60-minute target,914,255086,57.09,100.00,19,2,2,21,4,true,true,false,false,false,false,coverage dataset only,Owner review: retain; monitor and prioritise genuine evidence
/service-areas/canterbury-bankstown-and-inner-south-west/canterbury-bankstown/clemton-park/,Clemton Park,2206,Canterbury-Bankstown,Canterbury-Bankstown & Inner South West,core 60-minute target,914,255086,57.09,100.00,19,3,1,21,4,true,true,false,false,false,false,coverage dataset only,Owner review: retain; monitor and prioritise genuine evidence
/service-areas/canterbury-bankstown-and-inner-south-west/canterbury-bankstown/condell-park/,Condell Park,2200,Canterbury-Bankstown,Canterbury-Bankstown & Inner South West,core 60-minute target,914,255086,57.09,98.74,19,3,1,21,4,true,true,false,false,false,false,coverage dataset only,Owner review: retain; monitor and prioritise genuine evidence
/service-areas/canterbury-bankstown-and-inner-south-west/canterbury-bankstown/earlwood/,Earlwood,2206,Canterbury-Bankstown,Canterbury-Bankstown & Inner South West,core 60-minute target,893,254670,58.47,100.00,19,3,1,21,4,true,true,false,false,false,false,coverage dataset only,Owner review: retain; monitor and prioritise genuine evidence
/service-areas/canterbury-bankstown-and-inner-south-west/canterbury-bankstown/east-hills/,East Hills,2213,Canterbury-Bankstown,Canterbury-Bankstown & Inner South West,core 60-minute target,914,254842,57.09,100.00,19,3,1,21,4,true,true,false,false,false,false,coverage dataset only,Owner review: retain; monitor and prioritise genuine evidence
/service-areas/canterbury-bankstown-and-inner-south-west/canterbury-bankstown/georges-hall/,Georges Hall,2198,Canterbury-Bankstown,Canterbury-Bankstown & Inner South West,core 60-minute target,914,255074,57.09,100.00,19,3,1,21,4,true,true,false,false,false,false,coverage dataset only,Owner review: retain; monitor and prioritise genuine evidence
/service-areas/canterbury-bankstown-and-inner-south-west/canterbury-bankstown/greenacre/,Greenacre,2190,Canterbury-Bankstown,Canterbury-Bankstown & Inner South West,core 60-minute target,893,254738,58.47,100.00,19,3,1,21,4,true,true,false,false,false,false,coverage dataset only,Owner review: retain; monitor and prioritise genuine evidence
/service-areas/canterbury-bankstown-and-inner-south-west/canterbury-bankstown/kingsgrove/,Kingsgrove,2208,Canterbury-Bankstown,Canterbury-Bankstown & Inner South West,core 60-minute target,893,254854,58.47,100.00,19,3,1,21,4,true,true,false,false,false,false,coverage dataset only,Owner review: retain; monitor and prioritise genuine evidence
/service-areas/canterbury-bankstown-and-inner-south-west/canterbury-bankstown/lakemba/,Lakemba,2195,Canterbury-Bankstown,Canterbury-Bankstown & Inner South West,core 60-minute target,893,254506,58.47,100.00,19,3,1,21,4,true,true,false,false,false,false,coverage dataset only,Owner review: retain; monitor and prioritise genuine evidence
/service-areas/canterbury-bankstown-and-inner-south-west/canterbury-bankstown/lansdowne/,Lansdowne,2163,Canterbury-Bankstown,Canterbury-Bankstown & Inner South West,core 60-minute target,893,254786,58.47,100.00,19,3,1,21,4,true,true,false,false,false,false,coverage dataset only,Owner review: retain; monitor and prioritise genuine evidence
/service-areas/canterbury-bankstown-and-inner-south-west/canterbury-bankstown/milperra/,Milperra,2214,Canterbury-Bankstown,Canterbury-Bankstown & Inner South West,core 60-minute target,893,254622,58.47,100.00,19,3,1,21,4,true,true,false,false,false,false,coverage dataset only,Owner review: retain; monitor and prioritise genuine evidence
/service-areas/canterbury-bankstown-and-inner-south-west/canterbury-bankstown/mount-lewis/,Mount Lewis,2190,Canterbury-Bankstown,Canterbury-Bankstown & Inner South West,core 60-minute target,914,254970,57.09,100.00,19,3,1,21,4,true,true,false,false,false,false,coverage dataset only,Owner review: retain; monitor and prioritise genuine evidence
/service-areas/canterbury-bankstown-and-inner-south-west/canterbury-bankstown/narwee/,Narwee,2209,Canterbury-Bankstown,Canterbury-Bankstown & Inner South West,core 60-minute target,893,254390,58.47,98.61,19,3,1,21,4,true,true,false,false,false,false,coverage dataset only,Owner review: retain; monitor and prioritise genuine evidence
/service-areas/canterbury-bankstown-and-inner-south-west/canterbury-bankstown/padstow-heights/,Padstow Heights,2211,Canterbury-Bankstown,Canterbury-Bankstown & Inner South West,core 60-minute target,914,255469,57.09,98.74,19,3,1,21,4,true,true,false,false,false,false,coverage dataset only,Owner review: retain; monitor and prioritise genuine evidence
/service-areas/canterbury-bankstown-and-inner-south-west/canterbury-bankstown/padstow/,Padstow,2211,Canterbury-Bankstown,Canterbury-Bankstown & Inner South West,core 60-minute target,893,254566,58.47,100.00,19,2,36,21,4,true,true,false,false,false,false,coverage dataset only,Owner review: retain; monitor and prioritise genuine evidence
/service-areas/canterbury-bankstown-and-inner-south-west/canterbury-bankstown/panania/,Panania,2213,Canterbury-Bankstown,Canterbury-Bankstown & Inner South West,core 60-minute target,893,254584,58.47,100.00,19,2,37,21,4,true,true,false,false,false,false,coverage dataset only,Owner review: retain; monitor and prioritise genuine evidence
/service-areas/canterbury-bankstown-and-inner-south-west/canterbury-bankstown/picnic-point/,Picnic Point,2213,Canterbury-Bankstown,Canterbury-Bankstown & Inner South West,core 60-minute target,914,255134,57.09,100.00,19,3,1,21,4,true,true,false,false,false,false,coverage dataset only,Owner review: retain; monitor and prioritise genuine evidence
/service-areas/canterbury-bankstown-and-inner-south-west/canterbury-bankstown/potts-hill/,Potts Hill,2143,Canterbury-Bankstown,Canterbury-Bankstown & Inner South West,core 60-minute target,914,254854,57.09,100.00,19,3,1,21,4,true,true,false,false,false,false,coverage dataset only,Owner review: retain; monitor and prioritise genuine evidence
/service-areas/canterbury-bankstown-and-inner-south-west/canterbury-bankstown/punchbowl/,Punchbowl,2196,Canterbury-Bankstown,Canterbury-Bankstown & Inner South West,core 60-minute target,893,254738,58.47,100.00,19,3,1,21,4,true,true,false,false,false,false,coverage dataset only,Owner review: retain; monitor and prioritise genuine evidence
/service-areas/canterbury-bankstown-and-inner-south-west/canterbury-bankstown/revesby-heights/,Revesby Heights,2212,Canterbury-Bankstown,Canterbury-Bankstown & Inner South West,core 60-minute target,914,255409,57.09,98.74,19,3,1,21,4,true,true,false,false,false,false,coverage dataset only,Owner review: retain; monitor and prioritise genuine evidence
/service-areas/canterbury-bankstown-and-inner-south-west/canterbury-bankstown/revesby/,Revesby,2212,Canterbury-Bankstown,Canterbury-Bankstown & Inner South West,core 60-minute target,893,254602,58.47,100.00,19,2,37,21,4,true,true,false,false,false,false,coverage dataset only,Owner review: retain; monitor and prioritise genuine evidence
/service-areas/canterbury-bankstown-and-inner-south-west/canterbury-bankstown/riverwood/,Riverwood,2210,Canterbury-Bankstown,Canterbury-Bankstown & Inner South West,core 60-minute target,893,254738,58.47,100.00,19,3,1,21,4,true,true,false,false,false,false,coverage dataset only,Owner review: retain; monitor and prioritise genuine evidence
/service-areas/canterbury-bankstown-and-inner-south-west/canterbury-bankstown/roselands/,Roselands,2196,Canterbury-Bankstown,Canterbury-Bankstown & Inner South West,core 60-minute target,893,254738,58.47,100.00,19,3,1,21,4,true,true,false,false,false,false,coverage dataset only,Owner review: retain; monitor and prioritise genuine evidence
/service-areas/canterbury-bankstown-and-inner-south-west/canterbury-bankstown/sefton/,Sefton,2162,Canterbury-Bankstown,Canterbury-Bankstown & Inner South West,core 60-minute target,893,254378,58.47,100.00,19,3,1,21,4,true,true,false,false,false,false,coverage dataset only,Owner review: retain; monitor and prioritise genuine evidence
/service-areas/canterbury-bankstown-and-inner-south-west/canterbury-bankstown/villawood/,Villawood,2163,Canterbury-Bankstown,Canterbury-Bankstown & Inner South West,core 60-minute target,893,254738,58.47,100.00,19,3,1,21,4,true,true,false,false,false,false,coverage dataset only,Owner review: retain; monitor and prioritise genuine evidence
/service-areas/canterbury-bankstown-and-inner-south-west/canterbury-bankstown/wiley-park/,Wiley Park,2195,Canterbury-Bankstown,Canterbury-Bankstown & Inner South West,core 60-minute target,914,254854,57.09,100.00,19,3,1,21,4,true,true,false,false,false,false,coverage dataset only,Owner review: retain; monitor and prioritise genuine evidence
/service-areas/canterbury-bankstown-and-inner-south-west/canterbury-bankstown/yagoona/,Yagoona,2199,Canterbury-Bankstown,Canterbury-Bankstown & Inner South West,core 60-minute target,893,254506,58.47,100.00,19,3,1,21,4,true,true,false,false,false,false,coverage dataset only,Owner review: retain; monitor and prioritise genuine evidence
/service-areas/central-coast-south/central-coast/alison/,Alison,2259,Central Coast,Central Coast South,selected outer-region 60-90-minute estimate,904,252863,58.79,100.00,19,3,38,21,4,true,true,false,false,false,false,coverage dataset only,Owner review: retain; monitor and prioritise genuine evidence
/service-areas/central-coast-south/central-coast/bar-point/,Bar Point,2083,Central Coast,Central Coast South,selected outer-region 60-90-minute estimate,924,253149,57.37,100.00,19,3,38,21,4,true,true,false,false,false,false,coverage dataset only,Owner review: retain; monitor and prioritise genuine evidence
/service-areas/central-coast-south/central-coast/blackwall/,Blackwall,2256,Central Coast,Central Coast South,selected outer-region 60-90-minute estimate,904,253209,58.79,100.00,19,3,38,21,4,true,true,false,false,false,false,coverage dataset only,Owner review: retain; monitor and prioritise genuine evidence
/service-areas/central-coast-south/central-coast/calga/,Calga,2250,Central Coast,Central Coast South,selected outer-region 60-90-minute estimate,904,252692,58.79,100.00,19,3,38,21,4,true,true,false,false,false,false,coverage dataset only,Owner review: retain; monitor and prioritise genuine evidence
/service-areas/central-coast-south/central-coast/central-mangrove/,Central Mangrove,2250,Central Coast,Central Coast South,selected outer-region 60-90-minute estimate,924,253999,57.37,100.00,19,3,38,21,4,true,true,false,false,false,false,coverage dataset only,Owner review: retain; monitor and prioritise genuine evidence
/service-areas/central-coast-south/central-coast/cheero-point/,Cheero Point,2083,Central Coast,Central Coast South,selected outer-region 60-90-minute estimate,924,253542,57.37,100.00,19,3,38,21,4,true,true,false,false,false,false,coverage dataset only,Owner review: retain; monitor and prioritise genuine evidence
/service-areas/central-coast-south/central-coast/cogra-bay/,Cogra Bay,2083,Central Coast,Central Coast South,selected outer-region 60-90-minute estimate,924,253209,57.37,100.00,19,3,38,21,4,true,true,false,false,false,false,coverage dataset only,Owner review: retain; monitor and prioritise genuine evidence
/service-areas/central-coast-south/central-coast/east-gosford/,East Gosford,2250,Central Coast,Central Coast South,selected outer-region 60-90-minute estimate,924,253494,57.37,100.00,19,3,10,21,4,true,true,false,false,false,false,coverage dataset only,Owner review: retain; monitor and prioritise genuine evidence
/service-areas/central-coast-south/central-coast/erina/,Erina,2250,Central Coast,Central Coast South,selected outer-region 60-90-minute estimate,903,252669,58.74,100.00,19,3,2,21,4,true,true,false,false,false,false,coverage dataset only,Owner review: retain; monitor and prioritise genuine evidence
/service-areas/central-coast-south/central-coast/gosford/,Gosford,2250,Central Coast,Central Coast South,selected outer-region 60-90-minute estimate,904,252836,58.79,98.62,19,2,39,21,4,true,true,false,false,false,false,coverage dataset only,Owner review: retain; monitor and prioritise genuine evidence
/service-areas/central-coast-south/central-coast/green-point/,Green Point,2251,Central Coast,Central Coast South,selected outer-region 60-90-minute estimate,924,253426,57.37,100.00,19,3,2,21,4,true,true,false,false,false,false,coverage dataset only,Owner review: retain; monitor and prioritise genuine evidence
/service-areas/central-coast-south/central-coast/horsfield-bay/,Horsfield Bay,2256,Central Coast,Central Coast South,selected outer-region 60-90-minute estimate,924,253671,57.37,100.00,19,3,2,21,4,true,true,false,false,false,false,coverage dataset only,Owner review: retain; monitor and prioritise genuine evidence
/service-areas/central-coast-south/central-coast/kangy-angy/,Kangy Angy,2258,Central Coast,Central Coast South,selected outer-region 60-90-minute estimate,924,253262,57.37,100.00,19,4,1,21,4,true,true,false,false,false,false,coverage dataset only,Owner review: retain; monitor and prioritise genuine evidence
/service-areas/central-coast-south/central-coast/kariong/,Kariong,2250,Central Coast,Central Coast South,selected outer-region 60-90-minute estimate,903,252901,58.74,100.00,19,4,1,21,4,true,true,false,false,false,false,coverage dataset only,Owner review: retain; monitor and prioritise genuine evidence
/service-areas/central-coast-south/central-coast/koolewong/,Koolewong,2256,Central Coast,Central Coast South,selected outer-region 60-90-minute estimate,903,253194,58.74,100.00,19,4,1,21,4,true,true,false,false,false,false,coverage dataset only,Owner review: retain; monitor and prioritise genuine evidence
/service-areas/central-coast-south/central-coast/mardi/,Mardi,2259,Central Coast,Central Coast South,selected outer-region 60-90-minute estimate,903,252657,58.74,100.00,19,4,1,21,4,true,true,false,false,false,false,coverage dataset only,Owner review: retain; monitor and prioritise genuine evidence
/service-areas/central-coast-south/central-coast/marlow/,Marlow,2775,Central Coast,Central Coast South,selected outer-region 60-90-minute estimate,903,252773,58.74,100.00,19,4,1,21,4,true,true,false,false,false,false,coverage dataset only,Owner review: retain; monitor and prioritise genuine evidence
/service-areas/central-coast-south/central-coast/mooney-mooney-creek/,Mooney Mooney Creek,2250,Central Coast,Central Coast South,selected outer-region 60-90-minute estimate,945,254307,56.06,100.00,19,4,1,21,4,true,true,false,false,false,false,coverage dataset only,Owner review: retain; monitor and prioritise genuine evidence
/service-areas/central-coast-south/central-coast/mooney-mooney/,Mooney Mooney,2083,Central Coast,Central Coast South,selected outer-region 60-90-minute estimate,924,253671,57.37,100.00,19,4,1,21,4,true,true,false,false,false,false,coverage dataset only,Owner review: retain; monitor and prioritise genuine evidence
/service-areas/central-coast-south/central-coast/mount-white/,Mount White,2250,Central Coast,Central Coast South,selected outer-region 60-90-minute estimate,924,253426,57.37,100.00,19,4,1,21,4,true,true,false,false,false,false,coverage dataset only,Owner review: retain; monitor and prioritise genuine evidence
/service-areas/central-coast-south/central-coast/narara/,Narara,2250,Central Coast,Central Coast South,selected outer-region 60-90-minute estimate,903,252785,58.74,100.00,19,4,1,21,4,true,true,false,false,false,false,coverage dataset only,Owner review: retain; monitor and prioritise genuine evidence
/service-areas/central-coast-south/central-coast/niagara-park/,Niagara Park,2250,Central Coast,Central Coast South,selected outer-region 60-90-minute estimate,924,253494,57.37,100.00,19,4,1,21,4,true,true,false,false,false,false,coverage dataset only,Owner review: retain; monitor and prioritise genuine evidence
/service-areas/central-coast-south/central-coast/north-gosford/,North Gosford,2250,Central Coast,Central Coast South,selected outer-region 60-90-minute estimate,924,253611,57.37,100.00,19,4,1,21,4,true,true,false,false,false,false,coverage dataset only,Owner review: retain; monitor and prioritise genuine evidence
/service-areas/central-coast-south/central-coast/palmdale/,Palmdale,2258,Central Coast,Central Coast South,selected outer-region 60-90-minute estimate,903,253005,58.74,100.00,19,4,1,21,4,true,true,false,false,false,false,coverage dataset only,Owner review: retain; monitor and prioritise genuine evidence
/service-areas/central-coast-south/central-coast/peats-ridge/,Peats Ridge,2250,Central Coast,Central Coast South,selected outer-region 60-90-minute estimate,924,253378,57.37,100.00,19,4,1,21,4,true,true,false,false,false,false,coverage dataset only,Owner review: retain; monitor and prioritise genuine evidence
/service-areas/central-coast-south/central-coast/phegans-bay/,Phegans Bay,2256,Central Coast,Central Coast South,selected outer-region 60-90-minute estimate,924,253426,57.37,100.00,19,4,1,21,4,true,true,false,false,false,false,coverage dataset only,Owner review: retain; monitor and prioritise genuine evidence
/service-areas/central-coast-south/central-coast/point-clare/,Point Clare,2250,Central Coast,Central Coast South,selected outer-region 60-90-minute estimate,924,253366,57.37,100.00,19,4,1,21,4,true,true,false,false,false,false,coverage dataset only,Owner review: retain; monitor and prioritise genuine evidence
/service-areas/central-coast-south/central-coast/point-frederick/,Point Frederick,2250,Central Coast,Central Coast South,selected outer-region 60-90-minute estimate,924,253855,57.37,100.00,19,4,1,21,4,true,true,false,false,false,false,coverage dataset only,Owner review: retain; monitor and prioritise genuine evidence
/service-areas/central-coast-south/central-coast/somersby/,Somersby,2250,Central Coast,Central Coast South,selected outer-region 60-90-minute estimate,903,253017,58.74,100.00,19,4,1,21,4,true,true,false,false,false,false,coverage dataset only,Owner review: retain; monitor and prioritise genuine evidence
/service-areas/central-coast-south/central-coast/springfield/,Springfield,2250,Central Coast,Central Coast South,selected outer-region 60-90-minute estimate,903,253378,58.74,100.00,19,4,1,21,4,true,true,false,false,false,false,coverage dataset only,Owner review: retain; monitor and prioritise genuine evidence
/service-areas/central-coast-south/central-coast/tascott/,Tascott,2250,Central Coast,Central Coast South,selected outer-region 60-90-minute estimate,903,252889,58.74,100.00,19,4,1,21,4,true,true,false,false,false,false,coverage dataset only,Owner review: retain; monitor and prioritise genuine evidence
/service-areas/central-coast-south/central-coast/tuggerah/,Tuggerah,2259,Central Coast,Central Coast South,selected outer-region 60-90-minute estimate,903,253017,58.74,100.00,19,4,1,21,4,true,true,false,false,false,false,coverage dataset only,Owner review: retain; monitor and prioritise genuine evidence
/service-areas/central-coast-south/central-coast/wendoree-park/,Wendoree Park,2250,Central Coast,Central Coast South,selected outer-region 60-90-minute estimate,924,253611,57.37,100.00,19,4,1,21,4,true,true,false,false,false,false,coverage dataset only,Owner review: retain; monitor and prioritise genuine evidence
/service-areas/central-coast-south/central-coast/west-gosford/,West Gosford,2250,Central Coast,Central Coast South,selected outer-region 60-90-minute estimate,924,253494,57.37,100.00,19,4,1,21,4,true,true,false,false,false,false,coverage dataset only,Owner review: retain; monitor and prioritise genuine evidence
/service-areas/central-coast-south/central-coast/woy-woy-bay/,Woy Woy Bay,2256,Central Coast,Central Coast South,selected outer-region 60-90-minute estimate,945,253366,56.06,100.00,19,4,1,21,4,true,true,false,false,false,false,coverage dataset only,Owner review: retain; monitor and prioritise genuine evidence
/service-areas/central-coast-south/central-coast/woy-woy/,Woy Woy,2256,Central Coast,Central Coast South,selected outer-region 60-90-minute estimate,924,252901,57.37,100.00,19,4,1,21,4,true,true,false,false,false,false,coverage dataset only,Owner review: retain; monitor and prioritise genuine evidence
/service-areas/central-coast-south/central-coast/wyoming/,Wyoming,2250,Central Coast,Central Coast South,selected outer-region 60-90-minute estimate,903,252901,58.74,100.00,19,4,1,21,4,true,true,false,false,false,false,coverage dataset only,Owner review: retain; monitor and prioritise genuine evidence
/service-areas/hills-hawkesbury-and-hornsby/hawkesbury/agnes-banks/,Agnes Banks,2753,Hawkesbury,"Hills, Hawkesbury & Hornsby",core 60-minute target,913,253649,57.44,100.00,19,2,91,21,4,true,true,false,false,false,false,coverage dataset only,Owner review: retain; monitor and prioritise genuine evidence
/service-areas/hills-hawkesbury-and-hornsby/hawkesbury/bilpin/,Bilpin,2758,Hawkesbury,"Hills, Hawkesbury & Hornsby",core 60-minute target,893,253031,58.88,100.00,19,3,1,21,4,true,true,false,false,false,false,coverage dataset only,Owner review: retain; monitor and prioritise genuine evidence
/service-areas/hills-hawkesbury-and-hornsby/hawkesbury/blaxlands-ridge/,Blaxlands Ridge,2758,Hawkesbury,"Hills, Hawkesbury & Hornsby",core 60-minute target,914,254148,57.50,100.00,19,3,1,21,4,true,true,false,false,false,false,coverage dataset only,Owner review: retain; monitor and prioritise genuine evidence
/service-areas/hills-hawkesbury-and-hornsby/hawkesbury/bligh-park/,Bligh Park,2756,Hawkesbury,"Hills, Hawkesbury & Hornsby",core 60-minute target,914,253568,57.50,100.00,19,3,1,21,4,true,true,false,false,false,false,coverage dataset only,Owner review: retain; monitor and prioritise genuine evidence
/service-areas/hills-hawkesbury-and-hornsby/hawkesbury/bowen-mountain/,Bowen Mountain,2753,Hawkesbury,"Hills, Hawkesbury & Hornsby",core 60-minute target,914,253972,57.50,100.00,19,3,1,21,4,true,true,false,false,false,false,coverage dataset only,Owner review: retain; monitor and prioritise genuine evidence
/service-areas/hills-hawkesbury-and-hornsby/hawkesbury/clarendon/,Clarendon,2756,Hawkesbury,"Hills, Hawkesbury & Hornsby",core 60-minute target,893,253392,58.88,100.00,19,3,1,21,4,true,true,false,false,false,false,coverage dataset only,Owner review: retain; monitor and prioritise genuine evidence
/service-areas/hills-hawkesbury-and-hornsby/hawkesbury/cornwallis/,Cornwallis,2756,Hawkesbury,"Hills, Hawkesbury & Hornsby",core 60-minute target,893,253508,58.88,100.00,19,3,1,21,4,true,true,false,false,false,false,coverage dataset only,Owner review: retain; monitor and prioritise genuine evidence
/service-areas/hills-hawkesbury-and-hornsby/hawkesbury/cumberland-reach/,Cumberland Reach,2756,Hawkesbury,"Hills, Hawkesbury & Hornsby",core 60-minute target,914,254264,57.50,100.00,19,3,1,21,4,true,true,false,false,false,false,coverage dataset only,Owner review: retain; monitor and prioritise genuine evidence
/service-areas/hills-hawkesbury-and-hornsby/hawkesbury/east-kurrajong/,East Kurrajong,2758,Hawkesbury,"Hills, Hawkesbury & Hornsby",core 60-minute target,914,254032,57.50,100.00,19,3,1,21,4,true,true,false,false,false,false,coverage dataset only,Owner review: retain; monitor and prioritise genuine evidence
/service-areas/hills-hawkesbury-and-hornsby/hawkesbury/ebenezer/,Ebenezer,2756,Hawkesbury,"Hills, Hawkesbury & Hornsby",core 60-minute target,893,253276,58.88,100.00,19,3,1,21,4,true,true,false,false,false,false,coverage dataset only,Owner review: retain; monitor and prioritise genuine evidence
/service-areas/hills-hawkesbury-and-hornsby/hawkesbury/freemans-reach/,Freemans Reach,2756,Hawkesbury,"Hills, Hawkesbury & Hornsby",core 60-minute target,914,254032,57.50,100.00,19,3,1,21,4,true,true,false,false,false,false,coverage dataset only,Owner review: retain; monitor and prioritise genuine evidence
/service-areas/hills-hawkesbury-and-hornsby/hawkesbury/glossodia/,Glossodia,2756,Hawkesbury,"Hills, Hawkesbury & Hornsby",core 60-minute target,893,253452,58.88,100.00,19,3,1,21,4,true,true,false,false,false,false,coverage dataset only,Owner review: retain; monitor and prioritise genuine evidence
/service-areas/hills-hawkesbury-and-hornsby/hawkesbury/grose-vale/,Grose Vale,2753,Hawkesbury,"Hills, Hawkesbury & Hornsby",core 60-minute target,914,253508,57.50,100.00,19,3,1,21,4,true,true,false,false,false,false,coverage dataset only,Owner review: retain; monitor and prioritise genuine evidence
/service-areas/hills-hawkesbury-and-hornsby/hawkesbury/grose-wold/,Grose Wold,2753,Hawkesbury,"Hills, Hawkesbury & Hornsby",core 60-minute target,914,253508,57.50,100.00,19,3,1,21,4,true,true,false,false,false,false,coverage dataset only,Owner review: retain; monitor and prioritise genuine evidence
/service-areas/hills-hawkesbury-and-hornsby/hawkesbury/hobartville/,Hobartville,2753,Hawkesbury,"Hills, Hawkesbury & Hornsby",core 60-minute target,893,253684,58.88,100.00,19,3,1,21,4,true,true,false,false,false,false,coverage dataset only,Owner review: retain; monitor and prioritise genuine evidence
/service-areas/hills-hawkesbury-and-hornsby/hawkesbury/kurmond/,Kurmond,2757,Hawkesbury,"Hills, Hawkesbury & Hornsby",core 60-minute target,893,253207,58.88,100.00,19,3,1,21,4,true,true,false,false,false,false,coverage dataset only,Owner review: retain; monitor and prioritise genuine evidence
/service-areas/hills-hawkesbury-and-hornsby/hawkesbury/kurrajong-heights/,Kurrajong Heights,2758,Hawkesbury,"Hills, Hawkesbury & Hornsby",core 60-minute target,914,254320,57.50,100.00,19,3,1,21,4,true,true,false,false,false,false,coverage dataset only,Owner review: retain; monitor and prioritise genuine evidence
/service-areas/hills-hawkesbury-and-hornsby/hawkesbury/kurrajong-hills/,Kurrajong Hills,2758,Hawkesbury,"Hills, Hawkesbury & Hornsby",core 60-minute target,914,254088,57.50,100.00,19,3,1,21,4,true,true,false,false,false,false,coverage dataset only,Owner review: retain; monitor and prioritise genuine evidence
/service-areas/hills-hawkesbury-and-hornsby/hawkesbury/kurrajong/,Kurrajong,2758,Hawkesbury,"Hills, Hawkesbury & Hornsby",core 60-minute target,893,253404,58.88,100.00,19,3,1,21,4,true,true,false,false,false,false,coverage dataset only,Owner review: retain; monitor and prioritise genuine evidence
/service-areas/hills-hawkesbury-and-hornsby/hawkesbury/mcgraths-hill/,McGraths Hill,2756,Hawkesbury,"Hills, Hawkesbury & Hornsby",core 60-minute target,914,253868,57.50,100.00,19,3,1,21,4,true,true,false,false,false,false,coverage dataset only,Owner review: retain; monitor and prioritise genuine evidence
/service-areas/hills-hawkesbury-and-hornsby/hawkesbury/mulgrave/,Mulgrave,2756,Hawkesbury,"Hills, Hawkesbury & Hornsby",core 60-minute target,893,253288,58.88,100.00,19,3,1,21,4,true,true,false,false,false,false,coverage dataset only,Owner review: retain; monitor and prioritise genuine evidence
/service-areas/hills-hawkesbury-and-hornsby/hawkesbury/north-richmond/,North Richmond,2754,Hawkesbury,"Hills, Hawkesbury & Hornsby",core 60-minute target,914,253984,57.50,100.00,19,3,1,21,4,true,true,false,false,false,false,coverage dataset only,Owner review: retain; monitor and prioritise genuine evidence
/service-areas/hills-hawkesbury-and-hornsby/hawkesbury/oakville/,Oakville,2765,Hawkesbury,"Hills, Hawkesbury & Hornsby",core 60-minute target,893,253336,58.88,100.00,19,3,1,21,4,true,true,false,false,false,false,coverage dataset only,Owner review: retain; monitor and prioritise genuine evidence
/service-areas/hills-hawkesbury-and-hornsby/hawkesbury/pitt-town-bottoms/,Pitt Town Bottoms,2756,Hawkesbury,"Hills, Hawkesbury & Hornsby",core 60-minute target,935,254380,56.17,100.00,19,3,1,21,4,true,true,false,false,false,false,coverage dataset only,Owner review: retain; monitor and prioritise genuine evidence
/service-areas/hills-hawkesbury-and-hornsby/hawkesbury/pitt-town/,Pitt Town,2756,Hawkesbury,"Hills, Hawkesbury & Hornsby",core 60-minute target,914,253392,57.50,100.00,19,3,1,21,4,true,true,false,false,false,false,coverage dataset only,Owner review: retain; monitor and prioritise genuine evidence
/service-areas/hills-hawkesbury-and-hornsby/hawkesbury/richmond-lowlands/,Richmond Lowlands,2753,Hawkesbury,"Hills, Hawkesbury & Hornsby",core 60-minute target,914,254320,57.50,100.00,19,3,1,21,4,true,true,false,false,false,false,coverage dataset only,Owner review: retain; monitor and prioritise genuine evidence
/service-areas/hills-hawkesbury-and-hornsby/hawkesbury/richmond/,Richmond,2753,Hawkesbury,"Hills, Hawkesbury & Hornsby",core 60-minute target,893,253288,58.88,100.00,19,3,1,21,4,true,true,false,false,false,false,coverage dataset only,Owner review: retain; monitor and prioritise genuine evidence
/service-areas/hills-hawkesbury-and-hornsby/hawkesbury/sackville/,Sackville,2756,Hawkesbury,"Hills, Hawkesbury & Hornsby",core 60-minute target,893,253392,58.88,100.00,19,3,1,21,4,true,true,false,false,false,false,coverage dataset only,Owner review: retain; monitor and prioritise genuine evidence
/service-areas/hills-hawkesbury-and-hornsby/hawkesbury/scheyville/,Scheyville,2756,Hawkesbury,"Hills, Hawkesbury & Hornsby",core 60-minute target,893,253508,58.88,100.00,19,3,1,21,4,true,true,false,false,false,false,coverage dataset only,Owner review: retain; monitor and prioritise genuine evidence
/service-areas/hills-hawkesbury-and-hornsby/hawkesbury/south-windsor/,South Windsor,2756,Hawkesbury,"Hills, Hawkesbury & Hornsby",core 60-minute target,914,253868,57.50,100.00,19,3,1,21,4,true,true,false,false,false,false,coverage dataset only,Owner review: retain; monitor and prioritise genuine evidence
/service-areas/hills-hawkesbury-and-hornsby/hawkesbury/tennyson/,Tennyson,2754,Hawkesbury,"Hills, Hawkesbury & Hornsby",core 60-minute target,893,253276,58.88,100.00,19,3,1,21,4,true,true,false,false,false,false,coverage dataset only,Owner review: retain; monitor and prioritise genuine evidence
/service-areas/hills-hawkesbury-and-hornsby/hawkesbury/the-slopes/,The Slopes,2754,Hawkesbury,"Hills, Hawkesbury & Hornsby",core 60-minute target,914,253508,57.50,100.00,19,3,1,21,4,true,true,false,false,false,false,coverage dataset only,Owner review: retain; monitor and prioritise genuine evidence
/service-areas/hills-hawkesbury-and-hornsby/hawkesbury/vineyard/,Vineyard,2765,Hawkesbury,"Hills, Hawkesbury & Hornsby",core 60-minute target,893,253288,58.88,100.00,19,3,1,21,4,true,true,false,false,false,false,coverage dataset only,Owner review: retain; monitor and prioritise genuine evidence
/service-areas/hills-hawkesbury-and-hornsby/hawkesbury/wheeny-creek/,Wheeny Creek,2758,Hawkesbury,"Hills, Hawkesbury & Hornsby",core 60-minute target,914,253800,57.50,100.00,19,3,1,21,4,true,true,false,false,false,false,coverage dataset only,Owner review: retain; monitor and prioritise genuine evidence
/service-areas/hills-hawkesbury-and-hornsby/hawkesbury/wilberforce/,Wilberforce,2756,Hawkesbury,"Hills, Hawkesbury & Hornsby",core 60-minute target,893,253624,58.88,100.00,19,3,1,21,4,true,true,false,false,false,false,coverage dataset only,Owner review: retain; monitor and prioritise genuine evidence
/service-areas/hills-hawkesbury-and-hornsby/hawkesbury/windsor-downs/,Windsor Downs,2756,Hawkesbury,"Hills, Hawkesbury & Hornsby",core 60-minute target,914,253856,57.50,100.00,19,3,1,21,4,true,true,false,false,false,false,coverage dataset only,Owner review: retain; monitor and prioritise genuine evidence
/service-areas/hills-hawkesbury-and-hornsby/hawkesbury/windsor/,Windsor,2756,Hawkesbury,"Hills, Hawkesbury & Hornsby",core 60-minute target,893,253159,58.88,100.00,19,3,1,21,4,true,true,false,false,false,false,coverage dataset only,Owner review: retain; monitor and prioritise genuine evidence
/service-areas/hills-hawkesbury-and-hornsby/hawkesbury/yarramundi/,Yarramundi,2753,Hawkesbury,"Hills, Hawkesbury & Hornsby",core 60-minute target,893,253568,58.88,100.00,19,3,1,21,4,true,true,false,false,false,false,coverage dataset only,Owner review: retain; monitor and prioritise genuine evidence
/service-areas/hills-hawkesbury-and-hornsby/hills-district/annangrove/,Annangrove,2156,Hills District,"Hills, Hawkesbury & Hornsby",core 60-minute target,898,253678,58.73,100.00,19,2,91,21,4,true,true,false,false,false,false,coverage dataset only,Owner review: retain; monitor and prioritise genuine evidence
/service-areas/hills-hawkesbury-and-hornsby/hills-district/baulkham-hills/,Baulkham Hills,2153,Hills District,"Hills, Hawkesbury & Hornsby",core 60-minute target,918,254074,57.30,100.00,19,2,91,21,4,true,true,false,false,false,false,coverage dataset only,Owner review: retain; monitor and prioritise genuine evidence
/service-areas/hills-hawkesbury-and-hornsby/hills-district/beaumont-hills/,Beaumont Hills,2155,Hills District,"Hills, Hawkesbury & Hornsby",core 60-minute target,918,254122,57.30,100.00,19,2,91,21,4,true,true,false,false,false,false,coverage dataset only,Owner review: retain; monitor and prioritise genuine evidence
/service-areas/hills-hawkesbury-and-hornsby/hills-district/bella-vista/,Bella Vista,2153,Hills District,"Hills, Hawkesbury & Hornsby",core 60-minute target,918,253741,57.30,100.00,19,2,91,21,4,true,true,false,false,false,false,coverage dataset only,Owner review: retain; monitor and prioritise genuine evidence
/service-areas/hills-hawkesbury-and-hornsby/hills-district/box-hill/,Box Hill,2765,Hills District,"Hills, Hawkesbury & Hornsby",core 60-minute target,920,253496,57.41,100.00,19,3,1,21,4,true,true,false,false,false,false,coverage dataset only,Owner review: retain; monitor and prioritise genuine evidence
/service-areas/hills-hawkesbury-and-hornsby/hills-district/castle-hill/,Castle Hill,2154,Hills District,"Hills, Hawkesbury & Hornsby",core 60-minute target,920,253796,57.41,100.00,19,3,1,21,4,true,true,false,false,false,false,coverage dataset only,Owner review: retain; monitor and prioritise genuine evidence
/service-areas/hills-hawkesbury-and-hornsby/hills-district/cattai/,Cattai,2756,Hills District,"Hills, Hawkesbury & Hornsby",core 60-minute target,899,253191,58.79,100.00,19,3,1,21,4,true,true,false,false,false,false,coverage dataset only,Owner review: retain; monitor and prioritise genuine evidence
/service-areas/hills-hawkesbury-and-hornsby/hills-district/dural/,Dural,2158,Hills District,"Hills, Hawkesbury & Hornsby",core 60-minute target,899,253075,58.79,100.00,19,3,1,21,4,true,true,false,false,false,false,coverage dataset only,Owner review: retain; monitor and prioritise genuine evidence
/service-areas/hills-hawkesbury-and-hornsby/hills-district/glenhaven/,Glenhaven,2156,Hills District,"Hills, Hawkesbury & Hornsby",core 60-minute target,899,253552,58.79,100.00,19,3,1,21,4,true,true,false,false,false,false,coverage dataset only,Owner review: retain; monitor and prioritise genuine evidence
/service-areas/hills-hawkesbury-and-hornsby/hills-district/glenorie/,Glenorie,2157,Hills District,"Hills, Hawkesbury & Hornsby",core 60-minute target,899,253436,58.79,100.00,19,3,1,21,4,true,true,false,false,false,false,coverage dataset only,Owner review: retain; monitor and prioritise genuine evidence
/service-areas/hills-hawkesbury-and-hornsby/hills-district/kellyville/,Kellyville,2155,Hills District,"Hills, Hawkesbury & Hornsby",core 60-minute target,899,253680,58.79,100.00,19,3,1,21,4,true,true,false,false,false,false,coverage dataset only,Owner review: retain; monitor and prioritise genuine evidence
/service-areas/hills-hawkesbury-and-hornsby/hills-district/kenthurst/,Kenthurst,2156,Hills District,"Hills, Hawkesbury & Hornsby",core 60-minute target,899,253552,58.79,100.00,19,3,1,21,4,true,true,false,false,false,false,coverage dataset only,Owner review: retain; monitor and prioritise genuine evidence
/service-areas/hills-hawkesbury-and-hornsby/hills-district/lower-portland/,Lower Portland,2756,Hills District,"Hills, Hawkesbury & Hornsby",core 60-minute target,920,254132,57.41,100.00,19,3,1,21,4,true,true,false,false,false,false,coverage dataset only,Owner review: retain; monitor and prioritise genuine evidence
/service-areas/hills-hawkesbury-and-hornsby/hills-district/maraylya/,Maraylya,2765,Hills District,"Hills, Hawkesbury & Hornsby",core 60-minute target,899,253448,58.79,100.00,19,3,1,21,4,true,true,false,false,false,false,coverage dataset only,Owner review: retain; monitor and prioritise genuine evidence
/service-areas/hills-hawkesbury-and-hornsby/hills-district/maroota/,Maroota,2756,Hills District,"Hills, Hawkesbury & Hornsby",core 60-minute target,899,253367,58.79,100.00,19,3,1,21,4,true,true,false,false,false,false,coverage dataset only,Owner review: retain; monitor and prioritise genuine evidence
/service-areas/hills-hawkesbury-and-hornsby/hills-district/middle-dural/,Middle Dural,2158,Hills District,"Hills, Hawkesbury & Hornsby",core 60-minute target,920,253900,57.41,100.00,19,3,1,21,4,true,true,false,false,false,false,coverage dataset only,Owner review: retain; monitor and prioritise genuine evidence
/service-areas/hills-hawkesbury-and-hornsby/hills-district/nelson/,Nelson,2765,Hills District,"Hills, Hawkesbury & Hornsby",core 60-minute target,899,253251,58.79,100.00,19,3,1,21,4,true,true,false,false,false,false,coverage dataset only,Owner review: retain; monitor and prioritise genuine evidence
/service-areas/hills-hawkesbury-and-hornsby/hills-district/rouse-hill/,Rouse Hill,2155,Hills District,"Hills, Hawkesbury & Hornsby",core 60-minute target,920,253728,57.41,100.00,19,3,1,21,4,true,true,false,false,false,false,coverage dataset only,Owner review: retain; monitor and prioritise genuine evidence
/service-areas/hills-hawkesbury-and-hornsby/hills-district/sackville-north/,Sackville North,2756,Hills District,"Hills, Hawkesbury & Hornsby",core 60-minute target,920,254248,57.41,100.00,19,3,1,21,4,true,true,false,false,false,false,coverage dataset only,Owner review: retain; monitor and prioritise genuine evidence
/service-areas/hills-hawkesbury-and-hornsby/hills-district/south-maroota/,South Maroota,2756,Hills District,"Hills, Hawkesbury & Hornsby",core 60-minute target,920,254076,57.41,100.00,19,3,1,21,4,true,true,false,false,false,false,coverage dataset only,Owner review: retain; monitor and prioritise genuine evidence
/service-areas/hills-hawkesbury-and-hornsby/hills-district/west-pennant-hills/,West Pennant Hills,2125,Hills District,"Hills, Hawkesbury & Hornsby",core 60-minute target,941,254656,56.09,100.00,19,3,1,21,4,true,true,false,false,false,false,coverage dataset only,Owner review: retain; monitor and prioritise genuine evidence
/service-areas/hills-hawkesbury-and-hornsby/hills-district/winston-hills/,Winston Hills,2153,Hills District,"Hills, Hawkesbury & Hornsby",core 60-minute target,920,254028,57.41,100.00,19,3,1,21,4,true,true,false,false,false,false,coverage dataset only,Owner review: retain; monitor and prioritise genuine evidence
/service-areas/hills-hawkesbury-and-hornsby/hills-district/wisemans-ferry/,Wisemans Ferry,2775,Hills District,"Hills, Hawkesbury & Hornsby",core 60-minute target,920,254192,57.41,100.00,19,3,1,21,4,true,true,false,false,false,false,coverage dataset only,Owner review: retain; monitor and prioritise genuine evidence
/service-areas/hills-hawkesbury-and-hornsby/hornsby/arcadia/,Arcadia,2159,Hornsby,"Hills, Hawkesbury & Hornsby",core 60-minute target,893,253014,58.88,100.00,19,2,91,21,4,true,true,false,false,false,false,coverage dataset only,Owner review: retain; monitor and prioritise genuine evidence
/service-areas/hills-hawkesbury-and-hornsby/hornsby/asquith/,Asquith,2077,Hornsby,"Hills, Hawkesbury & Hornsby",core 60-minute target,893,253026,58.88,100.00,19,2,91,21,4,true,true,false,false,false,false,coverage dataset only,Owner review: retain; monitor and prioritise genuine evidence
/service-areas/hills-hawkesbury-and-hornsby/hornsby/beecroft/,Beecroft,2119,Hornsby,"Hills, Hawkesbury & Hornsby",core 60-minute target,893,253150,58.88,100.00,19,2,91,21,4,true,true,false,false,false,false,coverage dataset only,Owner review: retain; monitor and prioritise genuine evidence
/service-areas/hills-hawkesbury-and-hornsby/hornsby/berowra-creek/,Berowra Creek,2082,Hornsby,"Hills, Hawkesbury & Hornsby",core 60-minute target,914,253796,57.50,100.00,19,2,2,21,4,true,true,false,false,false,false,coverage dataset only,Owner review: retain; monitor and prioritise genuine evidence
/service-areas/hills-hawkesbury-and-hornsby/hornsby/berowra-heights/,Berowra Heights,2082,Hornsby,"Hills, Hawkesbury & Hornsby",core 60-minute target,914,254028,57.50,100.00,19,2,2,21,4,true,true,false,false,false,false,coverage dataset only,Owner review: retain; monitor and prioritise genuine evidence
/service-areas/hills-hawkesbury-and-hornsby/hornsby/berowra-waters/,Berowra Waters,2082,Hornsby,"Hills, Hawkesbury & Hornsby",core 60-minute target,914,253912,57.50,100.00,19,2,2,21,4,true,true,false,false,false,false,coverage dataset only,Owner review: retain; monitor and prioritise genuine evidence
/service-areas/hills-hawkesbury-and-hornsby/hornsby/berowra/,Berowra,2081,Hornsby,"Hills, Hawkesbury & Hornsby",core 60-minute target,893,253074,58.88,100.00,19,2,10,21,4,true,true,false,false,false,false,coverage dataset only,Owner review: retain; monitor and prioritise genuine evidence
/service-areas/hills-hawkesbury-and-hornsby/hornsby/berrilee/,Berrilee,2159,Hornsby,"Hills, Hawkesbury & Hornsby",core 60-minute target,893,253203,58.88,100.00,19,3,1,21,4,true,true,false,false,false,false,coverage dataset only,Owner review: retain; monitor and prioritise genuine evidence
/service-areas/hills-hawkesbury-and-hornsby/hornsby/brooklyn/,Brooklyn,2083,Hornsby,"Hills, Hawkesbury & Hornsby",core 60-minute target,893,253203,58.88,100.00,19,3,1,21,4,true,true,false,false,false,false,coverage dataset only,Owner review: retain; monitor and prioritise genuine evidence
/service-areas/hills-hawkesbury-and-hornsby/hornsby/canoelands/,Canoelands,2157,Hornsby,"Hills, Hawkesbury & Hornsby",core 60-minute target,893,253448,58.88,100.00,19,3,1,21,4,true,true,false,false,false,false,coverage dataset only,Owner review: retain; monitor and prioritise genuine evidence
/service-areas/hills-hawkesbury-and-hornsby/hornsby/cheltenham/,Cheltenham,2119,Hornsby,"Hills, Hawkesbury & Hornsby",core 60-minute target,893,253388,58.88,98.75,19,3,1,21,4,true,true,false,false,false,false,coverage dataset only,Owner review: retain; monitor and prioritise genuine evidence
/service-areas/hills-hawkesbury-and-hornsby/hornsby/cherrybrook/,Cherrybrook,2126,Hornsby,"Hills, Hawkesbury & Hornsby",core 60-minute target,893,253564,58.88,100.00,19,3,1,21,4,true,true,false,false,false,false,coverage dataset only,Owner review: retain; monitor and prioritise genuine evidence
/service-areas/hills-hawkesbury-and-hornsby/hornsby/cowan/,Cowan,2081,Hornsby,"Hills, Hawkesbury & Hornsby",core 60-minute target,893,252842,58.88,100.00,19,3,1,21,4,true,true,false,false,false,false,coverage dataset only,Owner review: retain; monitor and prioritise genuine evidence
/service-areas/hills-hawkesbury-and-hornsby/hornsby/dangar-island/,Dangar Island,2083,Hornsby,"Hills, Hawkesbury & Hornsby",core 60-minute target,914,253736,57.50,100.00,19,3,1,21,4,true,true,false,false,false,false,coverage dataset only,Owner review: retain; monitor and prioritise genuine evidence
/service-areas/hills-hawkesbury-and-hornsby/hornsby/fiddletown/,Fiddletown,2159,Hornsby,"Hills, Hawkesbury & Hornsby",core 60-minute target,893,253448,58.88,100.00,19,3,1,21,4,true,true,false,false,false,false,coverage dataset only,Owner review: retain; monitor and prioritise genuine evidence
/service-areas/hills-hawkesbury-and-hornsby/hornsby/forest-glen/,Forest Glen,2157,Hornsby,"Hills, Hawkesbury & Hornsby",core 60-minute target,914,253564,57.50,100.00,19,3,1,21,4,true,true,false,false,false,false,coverage dataset only,Owner review: retain; monitor and prioritise genuine evidence
/service-areas/hills-hawkesbury-and-hornsby/hornsby/galston/,Galston,2159,Hornsby,"Hills, Hawkesbury & Hornsby",core 60-minute target,893,253026,58.88,100.00,19,3,1,21,4,true,true,false,false,false,false,coverage dataset only,Owner review: retain; monitor and prioritise genuine evidence
/service-areas/hills-hawkesbury-and-hornsby/hornsby/hornsby-heights/,Hornsby Heights,2077,Hornsby,"Hills, Hawkesbury & Hornsby",core 60-minute target,914,253968,57.50,100.00,19,3,1,21,4,true,true,false,false,false,false,coverage dataset only,Owner review: retain; monitor and prioritise genuine evidence
/service-areas/hills-hawkesbury-and-hornsby/hornsby/hornsby/,Hornsby,2077,Hornsby,"Hills, Hawkesbury & Hornsby",core 60-minute target,893,252990,58.88,100.00,19,3,1,21,4,true,true,false,false,false,false,coverage dataset only,Owner review: retain; monitor and prioritise genuine evidence
/service-areas/hills-hawkesbury-and-hornsby/hornsby/milsons-passage/,Milsons Passage,2083,Hornsby,"Hills, Hawkesbury & Hornsby",core 60-minute target,914,254028,57.50,100.00,19,3,1,21,4,true,true,false,false,false,false,coverage dataset only,Owner review: retain; monitor and prioritise genuine evidence
/service-areas/hills-hawkesbury-and-hornsby/hornsby/mount-colah/,Mount Colah,2079,Hornsby,"Hills, Hawkesbury & Hornsby",core 60-minute target,914,253564,57.50,100.00,19,3,1,21,4,true,true,false,false,false,false,coverage dataset only,Owner review: retain; monitor and prioritise genuine evidence
/service-areas/hills-hawkesbury-and-hornsby/hornsby/mount-kuring-gai/,Mount Kuring-Gai,2080,Hornsby,"Hills, Hawkesbury & Hornsby",core 60-minute target,914,254096,57.50,100.00,19,3,1,21,4,true,true,false,false,false,false,coverage dataset only,Owner review: retain; monitor and prioritise genuine evidence
/service-areas/hills-hawkesbury-and-hornsby/hornsby/normanhurst/,Normanhurst,2076,Hornsby,"Hills, Hawkesbury & Hornsby",core 60-minute target,893,253516,58.88,100.00,19,3,1,21,4,true,true,false,false,false,false,coverage dataset only,Owner review: retain; monitor and prioritise genuine evidence
/service-areas/hills-hawkesbury-and-hornsby/hornsby/north-epping/,North Epping,2121,Hornsby,"Hills, Hawkesbury & Hornsby",core 60-minute target,914,253680,57.50,100.00,19,3,1,21,4,true,true,false,false,false,false,coverage dataset only,Owner review: retain; monitor and prioritise genuine evidence
/service-areas/hills-hawkesbury-and-hornsby/hornsby/pennant-hills/,Pennant Hills,2120,Hornsby,"Hills, Hawkesbury & Hornsby",core 60-minute target,914,253748,57.50,100.00,19,3,1,21,4,true,true,false,false,false,false,coverage dataset only,Owner review: retain; monitor and prioritise genuine evidence
/service-areas/hills-hawkesbury-and-hornsby/hornsby/thornleigh/,Thornleigh,2120,Hornsby,"Hills, Hawkesbury & Hornsby",core 60-minute target,893,253400,58.88,100.00,19,3,1,21,4,true,true,false,false,false,false,coverage dataset only,Owner review: retain; monitor and prioritise genuine evidence
/service-areas/hills-hawkesbury-and-hornsby/hornsby/wahroonga/,Wahroonga,2076,Hornsby,"Hills, Hawkesbury & Hornsby",core 60-minute target,893,253284,58.88,100.00,19,3,1,21,4,true,true,false,false,false,false,coverage dataset only,Owner review: retain; monitor and prioritise genuine evidence
/service-areas/hills-hawkesbury-and-hornsby/hornsby/waitara/,Waitara,2077,Hornsby,"Hills, Hawkesbury & Hornsby",core 60-minute target,893,253026,58.88,100.00,19,3,1,21,4,true,true,false,false,false,false,coverage dataset only,Owner review: retain; monitor and prioritise genuine evidence
/service-areas/hills-hawkesbury-and-hornsby/hornsby/westleigh/,Westleigh,2120,Hornsby,"Hills, Hawkesbury & Hornsby",core 60-minute target,893,253332,58.88,100.00,19,3,1,21,4,true,true,false,false,false,false,coverage dataset only,Owner review: retain; monitor and prioritise genuine evidence
/service-areas/inner-west-burwood-and-canada-bay/burwood/burwood-heights/,Burwood Heights,2136,Burwood,"Inner West, Burwood & Canada Bay",core 60-minute target,924,254233,57.21,100.00,19,4,1,21,4,true,true,false,false,false,false,coverage dataset only,Owner review: retain; monitor and prioritise genuine evidence
/service-areas/inner-west-burwood-and-canada-bay/burwood/burwood/,Burwood,2134,Burwood,"Inner West, Burwood & Canada Bay",core 60-minute target,904,253259,58.64,100.00,19,3,49,21,4,true,true,false,false,false,false,coverage dataset only,Owner review: retain; monitor and prioritise genuine evidence
/service-areas/inner-west-burwood-and-canada-bay/burwood/enfield/,Enfield,2136,Burwood,"Inner West, Burwood & Canada Bay",core 60-minute target,903,253292,58.59,100.00,19,4,1,21,4,true,true,false,false,false,false,coverage dataset only,Owner review: retain; monitor and prioritise genuine evidence
/service-areas/inner-west-burwood-and-canada-bay/burwood/strathfield/,Strathfield,2135,Burwood,"Inner West, Burwood & Canada Bay",core 60-minute target,904,253716,58.64,100.00,19,3,50,21,4,true,true,false,false,false,false,coverage dataset only,Owner review: retain; monitor and prioritise genuine evidence
/service-areas/inner-west-burwood-and-canada-bay/canada-bay/abbotsford/,Abbotsford,2046,Canada Bay,"Inner West, Burwood & Canada Bay",core 60-minute target,909,253758,58.49,100.00,19,3,49,21,4,true,true,false,false,false,false,coverage dataset only,Owner review: retain; monitor and prioritise genuine evidence
/service-areas/inner-west-burwood-and-canada-bay/canada-bay/breakfast-point/,Breakfast Point,2137,Canada Bay,"Inner West, Burwood & Canada Bay",core 60-minute target,930,254293,57.13,100.00,19,3,2,21,4,true,true,false,false,false,false,coverage dataset only,Owner review: retain; monitor and prioritise genuine evidence
/service-areas/inner-west-burwood-and-canada-bay/canada-bay/cabarita/,Cabarita,2137,Canada Bay,"Inner West, Burwood & Canada Bay",core 60-minute target,909,253541,58.49,100.00,19,4,1,21,4,true,true,false,false,false,false,coverage dataset only,Owner review: retain; monitor and prioritise genuine evidence
/service-areas/inner-west-burwood-and-canada-bay/canada-bay/canada-bay/,Canada Bay,2046,Canada Bay,"Inner West, Burwood & Canada Bay",core 60-minute target,930,253725,57.13,100.00,19,4,1,21,4,true,true,false,false,false,false,coverage dataset only,Owner review: retain; monitor and prioritise genuine evidence
/service-areas/inner-west-burwood-and-canada-bay/canada-bay/chiswick/,Chiswick,2046,Canada Bay,"Inner West, Burwood & Canada Bay",core 60-minute target,909,253481,58.49,100.00,19,4,1,21,4,true,true,false,false,false,false,coverage dataset only,Owner review: retain; monitor and prioritise genuine evidence
/service-areas/inner-west-burwood-and-canada-bay/canada-bay/concord-west/,Concord West,2138,Canada Bay,"Inner West, Burwood & Canada Bay",core 60-minute target,930,253957,57.13,100.00,19,4,1,21,4,true,true,false,false,false,false,coverage dataset only,Owner review: retain; monitor and prioritise genuine evidence
/service-areas/inner-west-burwood-and-canada-bay/canada-bay/concord/,Concord,2137,Canada Bay,"Inner West, Burwood & Canada Bay",core 60-minute target,909,253364,58.49,100.00,19,4,1,21,4,true,true,false,false,false,false,coverage dataset only,Owner review: retain; monitor and prioritise genuine evidence
/service-areas/inner-west-burwood-and-canada-bay/canada-bay/drummoyne/,Drummoyne,2047,Canada Bay,"Inner West, Burwood & Canada Bay",core 60-minute target,909,253609,58.49,100.00,19,4,1,21,4,true,true,false,false,false,false,coverage dataset only,Owner review: retain; monitor and prioritise genuine evidence
/service-areas/inner-west-burwood-and-canada-bay/canada-bay/five-dock/,Five Dock,2046,Canada Bay,"Inner West, Burwood & Canada Bay",core 60-minute target,930,253609,57.13,100.00,19,4,1,21,4,true,true,false,false,false,false,coverage dataset only,Owner review: retain; monitor and prioritise genuine evidence
/service-areas/inner-west-burwood-and-canada-bay/canada-bay/liberty-grove/,Liberty Grove,2138,Canada Bay,"Inner West, Burwood & Canada Bay",core 60-minute target,930,254061,57.13,100.00,19,4,1,21,4,true,true,false,false,false,false,coverage dataset only,Owner review: retain; monitor and prioritise genuine evidence
/service-areas/inner-west-burwood-and-canada-bay/canada-bay/mortlake/,Mortlake,2137,Canada Bay,"Inner West, Burwood & Canada Bay",core 60-minute target,909,253541,58.49,100.00,19,4,1,21,4,true,true,false,false,false,false,coverage dataset only,Owner review: retain; monitor and prioritise genuine evidence
/service-areas/inner-west-burwood-and-canada-bay/canada-bay/north-strathfield/,North Strathfield,2137,Canada Bay,"Inner West, Burwood & Canada Bay",core 60-minute target,930,254537,57.13,100.00,19,4,1,21,4,true,true,false,false,false,false,coverage dataset only,Owner review: retain; monitor and prioritise genuine evidence
/service-areas/inner-west-burwood-and-canada-bay/canada-bay/rhodes/,Rhodes,2138,Canada Bay,"Inner West, Burwood & Canada Bay",core 60-minute target,909,253248,58.49,100.00,19,4,1,21,4,true,true,false,false,false,false,coverage dataset only,Owner review: retain; monitor and prioritise genuine evidence
/service-areas/inner-west-burwood-and-canada-bay/canada-bay/rodd-point/,Rodd Point,2046,Canada Bay,"Inner West, Burwood & Canada Bay",core 60-minute target,930,253773,57.13,100.00,19,4,1,21,4,true,true,false,false,false,false,coverage dataset only,Owner review: retain; monitor and prioritise genuine evidence
/service-areas/inner-west-burwood-and-canada-bay/canada-bay/russell-lea/,Russell Lea,2046,Canada Bay,"Inner West, Burwood & Canada Bay",core 60-minute target,930,253829,57.13,100.00,19,4,1,21,4,true,true,false,false,false,false,coverage dataset only,Owner review: retain; monitor and prioritise genuine evidence
/service-areas/inner-west-burwood-and-canada-bay/canada-bay/wareemba/,Wareemba,2046,Canada Bay,"Inner West, Burwood & Canada Bay",core 60-minute target,909,253493,58.49,100.00,19,4,1,21,4,true,true,false,false,false,false,coverage dataset only,Owner review: retain; monitor and prioritise genuine evidence
/service-areas/inner-west-burwood-and-canada-bay/inner-west/annandale/,Annandale,2038,Inner West,"Inner West, Burwood & Canada Bay",core 60-minute target,909,253599,58.49,100.00,19,3,49,21,4,true,true,false,false,false,false,coverage dataset only,Owner review: retain; monitor and prioritise genuine evidence
/service-areas/inner-west-burwood-and-canada-bay/inner-west/ashbury/,Ashbury,2193,Inner West,"Inner West, Burwood & Canada Bay",core 60-minute target,909,253412,58.49,100.00,19,3,49,21,4,true,true,false,false,false,false,coverage dataset only,Owner review: retain; monitor and prioritise genuine evidence
/service-areas/inner-west-burwood-and-canada-bay/inner-west/ashfield/,Ashfield,2131,Inner West,"Inner West, Burwood & Canada Bay",core 60-minute target,909,253488,58.49,100.00,19,3,49,21,4,true,true,false,false,false,false,coverage dataset only,Owner review: retain; monitor and prioritise genuine evidence
/service-areas/inner-west-burwood-and-canada-bay/inner-west/balmain-east/,Balmain East,2041,Inner West,"Inner West, Burwood & Canada Bay",core 60-minute target,930,254005,57.13,100.00,19,3,2,21,4,true,true,false,false,false,false,coverage dataset only,Owner review: retain; monitor and prioritise genuine evidence
/service-areas/inner-west-burwood-and-canada-bay/inner-west/balmain/,Balmain,2041,Inner West,"Inner West, Burwood & Canada Bay",core 60-minute target,909,253364,58.49,100.00,19,3,10,21,4,true,true,false,false,false,false,coverage dataset only,Owner review: retain; monitor and prioritise genuine evidence
/service-areas/inner-west-burwood-and-canada-bay/inner-west/birchgrove/,Birchgrove,2041,Inner West,"Inner West, Burwood & Canada Bay",core 60-minute target,909,253713,58.49,100.00,19,3,2,21,4,true,true,false,false,false,false,coverage dataset only,Owner review: retain; monitor and prioritise genuine evidence
/service-areas/inner-west-burwood-and-canada-bay/inner-west/camperdown/,Camperdown,2050,Inner West,"Inner West, Burwood & Canada Bay",core 60-minute target,909,253725,58.49,100.00,19,4,1,21,4,true,true,false,false,false,false,coverage dataset only,Owner review: retain; monitor and prioritise genuine evidence
/service-areas/inner-west-burwood-and-canada-bay/inner-west/croydon-park/,Croydon Park,2133,Inner West,"Inner West, Burwood & Canada Bay",core 60-minute target,930,253957,57.13,100.00,19,4,1,21,4,true,true,false,false,false,false,coverage dataset only,Owner review: retain; monitor and prioritise genuine evidence
/service-areas/inner-west-burwood-and-canada-bay/inner-west/croydon/,Croydon,2132,Inner West,"Inner West, Burwood & Canada Bay",core 60-minute target,909,253364,58.49,100.00,19,4,1,21,4,true,true,false,false,false,false,coverage dataset only,Owner review: retain; monitor and prioritise genuine evidence
/service-areas/inner-west-burwood-and-canada-bay/inner-west/dulwich-hill/,Dulwich Hill,2203,Inner West,"Inner West, Burwood & Canada Bay",core 60-minute target,930,253957,57.13,100.00,19,4,1,21,4,true,true,false,false,false,false,coverage dataset only,Owner review: retain; monitor and prioritise genuine evidence
/service-areas/inner-west-burwood-and-canada-bay/inner-west/enmore/,Enmore,2042,Inner West,"Inner West, Burwood & Canada Bay",core 60-minute target,909,253248,58.49,100.00,19,4,1,21,4,true,true,false,false,false,false,coverage dataset only,Owner review: retain; monitor and prioritise genuine evidence
/service-areas/inner-west-burwood-and-canada-bay/inner-west/haberfield/,Haberfield,2045,Inner West,"Inner West, Burwood & Canada Bay",core 60-minute target,909,253725,58.49,100.00,19,4,1,21,4,true,true,false,false,false,false,coverage dataset only,Owner review: retain; monitor and prioritise genuine evidence
/service-areas/inner-west-burwood-and-canada-bay/inner-west/hurlstone-park/,Hurlstone Park,2193,Inner West,"Inner West, Burwood & Canada Bay",core 60-minute target,930,254177,57.13,98.73,19,4,1,21,4,true,true,false,false,false,false,coverage dataset only,Owner review: retain; monitor and prioritise genuine evidence
/service-areas/inner-west-burwood-and-canada-bay/inner-west/leichhardt/,Leichhardt,2040,Inner West,"Inner West, Burwood & Canada Bay",core 60-minute target,909,253710,58.49,100.00,19,3,49,21,4,true,true,false,false,false,false,coverage dataset only,Owner review: retain; monitor and prioritise genuine evidence
/service-areas/inner-west-burwood-and-canada-bay/inner-west/lewisham/,Lewisham,2049,Inner West,"Inner West, Burwood & Canada Bay",core 60-minute target,909,253541,58.49,100.00,19,4,1,21,4,true,true,false,false,false,false,coverage dataset only,Owner review: retain; monitor and prioritise genuine evidence
/service-areas/inner-west-burwood-and-canada-bay/inner-west/lilyfield/,Lilyfield,2040,Inner West,"Inner West, Burwood & Canada Bay",core 60-minute target,909,253597,58.49,98.73,19,4,1,21,4,true,true,false,false,false,false,coverage dataset only,Owner review: retain; monitor and prioritise genuine evidence
/service-areas/inner-west-burwood-and-canada-bay/inner-west/marrickville/,Marrickville,2204,Inner West,"Inner West, Burwood & Canada Bay",core 60-minute target,909,253932,58.49,100.00,19,3,49,21,4,true,true,false,false,false,false,coverage dataset only,Owner review: retain; monitor and prioritise genuine evidence
/service-areas/inner-west-burwood-and-canada-bay/inner-west/newtown/,Newtown,2042,Inner West,"Inner West, Burwood & Canada Bay",core 60-minute target,909,253364,58.49,100.00,19,4,1,21,4,true,true,false,false,false,false,coverage dataset only,Owner review: retain; monitor and prioritise genuine evidence
/service-areas/inner-west-burwood-and-canada-bay/inner-west/petersham/,Petersham,2049,Inner West,"Inner West, Burwood & Canada Bay",core 60-minute target,909,253609,58.49,100.00,19,4,1,21,4,true,true,false,false,false,false,coverage dataset only,Owner review: retain; monitor and prioritise genuine evidence
/service-areas/inner-west-burwood-and-canada-bay/inner-west/rozelle/,Rozelle,2039,Inner West,"Inner West, Burwood & Canada Bay",core 60-minute target,909,253412,58.49,100.00,19,4,1,21,4,true,true,false,false,false,false,coverage dataset only,Owner review: retain; monitor and prioritise genuine evidence
/service-areas/inner-west-burwood-and-canada-bay/inner-west/st-peters/,St Peters,2044,Inner West,"Inner West, Burwood & Canada Bay",core 60-minute target,930,253609,57.13,100.00,19,4,1,21,4,true,true,false,false,false,false,coverage dataset only,Owner review: retain; monitor and prioritise genuine evidence
/service-areas/inner-west-burwood-and-canada-bay/inner-west/stanmore/,Stanmore,2048,Inner West,"Inner West, Burwood & Canada Bay",core 60-minute target,909,253493,58.49,100.00,19,4,1,21,4,true,true,false,false,false,false,coverage dataset only,Owner review: retain; monitor and prioritise genuine evidence
/service-areas/inner-west-burwood-and-canada-bay/inner-west/summer-hill/,Summer Hill,2130,Inner West,"Inner West, Burwood & Canada Bay",core 60-minute target,930,253841,57.13,100.00,19,4,1,21,4,true,true,false,false,false,false,coverage dataset only,Owner review: retain; monitor and prioritise genuine evidence
/service-areas/inner-west-burwood-and-canada-bay/inner-west/sydenham/,Sydenham,2044,Inner West,"Inner West, Burwood & Canada Bay",core 60-minute target,909,253493,58.49,100.00,19,4,1,21,4,true,true,false,false,false,false,coverage dataset only,Owner review: retain; monitor and prioritise genuine evidence
/service-areas/inner-west-burwood-and-canada-bay/inner-west/tempe/,Tempe,2044,Inner West,"Inner West, Burwood & Canada Bay",core 60-minute target,909,253180,58.49,100.00,19,4,1,21,4,true,true,false,false,false,false,coverage dataset only,Owner review: retain; monitor and prioritise genuine evidence
/service-areas/inner-west-burwood-and-canada-bay/strathfield/homebush-west/,Homebush West,2140,Strathfield,"Inner West, Burwood & Canada Bay",core 60-minute target,924,254101,57.21,100.00,19,4,1,21,4,true,true,false,false,false,false,coverage dataset only,Owner review: retain; monitor and prioritise genuine evidence
/service-areas/inner-west-burwood-and-canada-bay/strathfield/homebush/,Homebush,2140,Strathfield,"Inner West, Burwood & Canada Bay",core 60-minute target,903,253533,58.59,100.00,19,4,1,21,4,true,true,false,false,false,false,coverage dataset only,Owner review: retain; monitor and prioritise genuine evidence
/service-areas/inner-west-burwood-and-canada-bay/strathfield/strathfield-south/,Strathfield South,2136,Strathfield,"Inner West, Burwood & Canada Bay",core 60-minute target,924,254577,57.21,100.00,19,4,1,21,4,true,true,false,false,false,false,coverage dataset only,Owner review: retain; monitor and prioritise genuine evidence
/service-areas/liverpool-and-fairfield/fairfield/abbotsbury/,Abbotsbury,2176,Fairfield,Liverpool & Fairfield,core 60-minute target,882,253107,58.72,100.00,19,3,60,21,4,true,true,false,false,false,false,coverage dataset only,Owner review: retain; monitor and prioritise genuine evidence
/service-areas/liverpool-and-fairfield/fairfield/bonnyrigg-heights/,Bonnyrigg Heights,2177,Fairfield,Liverpool & Fairfield,core 60-minute target,902,253897,57.27,98.74,19,3,60,21,4,true,true,false,false,false,false,coverage dataset only,Owner review: retain; monitor and prioritise genuine evidence
/service-areas/liverpool-and-fairfield/fairfield/bonnyrigg/,Bonnyrigg,2177,Fairfield,Liverpool & Fairfield,core 60-minute target,882,252936,58.72,100.00,19,3,60,21,4,true,true,false,false,false,false,coverage dataset only,Owner review: retain; monitor and prioritise genuine evidence
/service-areas/liverpool-and-fairfield/fairfield/bossley-park/,Bossley Park,2176,Fairfield,Liverpool & Fairfield,core 60-minute target,902,253282,57.27,100.00,19,3,60,21,4,true,true,false,false,false,false,coverage dataset only,Owner review: retain; monitor and prioritise genuine evidence
/service-areas/liverpool-and-fairfield/fairfield/cabramatta-west/,Cabramatta West,2166,Fairfield,Liverpool & Fairfield,core 60-minute target,903,253677,57.32,100.00,19,3,2,21,4,true,true,false,false,false,false,coverage dataset only,Owner review: retain; monitor and prioritise genuine evidence
/service-areas/liverpool-and-fairfield/fairfield/cabramatta/,Cabramatta,2166,Fairfield,Liverpool & Fairfield,core 60-minute target,882,253084,58.72,100.00,19,3,2,21,4,true,true,false,false,false,false,coverage dataset only,Owner review: retain; monitor and prioritise genuine evidence
/service-areas/liverpool-and-fairfield/fairfield/canley-heights/,Canley Heights,2166,Fairfield,Liverpool & Fairfield,core 60-minute target,903,253561,57.32,100.00,19,3,2,21,4,true,true,false,false,false,false,coverage dataset only,Owner review: retain; monitor and prioritise genuine evidence
/service-areas/liverpool-and-fairfield/fairfield/canley-vale/,Canley Vale,2166,Fairfield,Liverpool & Fairfield,core 60-minute target,903,253200,57.32,100.00,19,4,1,21,4,true,true,false,false,false,false,coverage dataset only,Owner review: retain; monitor and prioritise genuine evidence
/service-areas/liverpool-and-fairfield/fairfield/carramar/,Carramar,2163,Fairfield,Liverpool & Fairfield,core 60-minute target,882,252887,58.72,100.00,19,4,1,21,4,true,true,false,false,false,false,coverage dataset only,Owner review: retain; monitor and prioritise genuine evidence
/service-areas/liverpool-and-fairfield/fairfield/cecil-park/,Cecil Park,2178,Fairfield,Liverpool & Fairfield,core 60-minute target,903,253132,57.32,100.00,19,4,1,21,4,true,true,false,false,false,false,coverage dataset only,Owner review: retain; monitor and prioritise genuine evidence
/service-areas/liverpool-and-fairfield/fairfield/edensor-park/,Edensor Park,2176,Fairfield,Liverpool & Fairfield,core 60-minute target,903,253377,57.32,100.00,19,4,1,21,4,true,true,false,false,false,false,coverage dataset only,Owner review: retain; monitor and prioritise genuine evidence
/service-areas/liverpool-and-fairfield/fairfield/fairfield-east/,Fairfield East,2165,Fairfield,Liverpool & Fairfield,core 60-minute target,903,253561,57.32,100.00,19,4,1,21,4,true,true,false,false,false,false,coverage dataset only,Owner review: retain; monitor and prioritise genuine evidence
/service-areas/liverpool-and-fairfield/fairfield/fairfield-heights/,Fairfield Heights,2165,Fairfield,Liverpool & Fairfield,core 60-minute target,903,253909,57.32,100.00,19,4,1,21,4,true,true,false,false,false,false,coverage dataset only,Owner review: retain; monitor and prioritise genuine evidence
/service-areas/liverpool-and-fairfield/fairfield/fairfield-west/,Fairfield West,2165,Fairfield,Liverpool & Fairfield,core 60-minute target,903,253549,57.32,100.00,19,4,1,21,4,true,true,false,false,false,false,coverage dataset only,Owner review: retain; monitor and prioritise genuine evidence
/service-areas/liverpool-and-fairfield/fairfield/fairfield/,Fairfield,2165,Fairfield,Liverpool & Fairfield,core 60-minute target,882,252992,58.72,100.00,19,4,1,21,4,true,true,false,false,false,false,coverage dataset only,Owner review: retain; monitor and prioritise genuine evidence
/service-areas/liverpool-and-fairfield/fairfield/greenfield-park/,Greenfield Park,2176,Fairfield,Liverpool & Fairfield,core 60-minute target,903,253665,57.32,100.00,19,4,1,21,4,true,true,false,false,false,false,coverage dataset only,Owner review: retain; monitor and prioritise genuine evidence
/service-areas/liverpool-and-fairfield/fairfield/horsley-park/,Horsley Park,2175,Fairfield,Liverpool & Fairfield,core 60-minute target,903,253329,57.32,100.00,19,4,1,21,4,true,true,false,false,false,false,coverage dataset only,Owner review: retain; monitor and prioritise genuine evidence
/service-areas/liverpool-and-fairfield/fairfield/lansvale/,Lansvale,2166,Fairfield,Liverpool & Fairfield,core 60-minute target,882,252887,58.72,100.00,19,4,1,21,4,true,true,false,false,false,false,coverage dataset only,Owner review: retain; monitor and prioritise genuine evidence
/service-areas/liverpool-and-fairfield/fairfield/mount-pritchard/,Mount Pritchard,2170,Fairfield,Liverpool & Fairfield,core 60-minute target,903,253725,57.32,98.74,19,4,1,21,4,true,true,false,false,false,false,coverage dataset only,Owner review: retain; monitor and prioritise genuine evidence
/service-areas/liverpool-and-fairfield/fairfield/old-guildford/,Old Guildford,2161,Fairfield,Liverpool & Fairfield,core 60-minute target,903,253433,57.32,100.00,19,4,1,21,4,true,true,false,false,false,false,coverage dataset only,Owner review: retain; monitor and prioritise genuine evidence
/service-areas/liverpool-and-fairfield/fairfield/prairiewood/,Prairiewood,2176,Fairfield,Liverpool & Fairfield,core 60-minute target,882,253200,58.72,100.00,19,4,1,21,4,true,true,false,false,false,false,coverage dataset only,Owner review: retain; monitor and prioritise genuine evidence
/service-areas/liverpool-and-fairfield/fairfield/smithfield/,Smithfield,2164,Fairfield,Liverpool & Fairfield,core 60-minute target,882,253084,58.72,100.00,19,4,1,21,4,true,true,false,false,false,false,coverage dataset only,Owner review: retain; monitor and prioritise genuine evidence
/service-areas/liverpool-and-fairfield/fairfield/st-johns-park/,St Johns Park,2176,Fairfield,Liverpool & Fairfield,core 60-minute target,924,253493,55.99,100.00,19,4,1,21,4,true,true,false,false,false,false,coverage dataset only,Owner review: retain; monitor and prioritise genuine evidence
/service-areas/liverpool-and-fairfield/fairfield/wakeley/,Wakeley,2176,Fairfield,Liverpool & Fairfield,core 60-minute target,882,252711,58.72,100.00,19,4,1,21,4,true,true,false,false,false,false,coverage dataset only,Owner review: retain; monitor and prioritise genuine evidence
/service-areas/liverpool-and-fairfield/fairfield/wetherill-park/,Wetherill Park,2164,Fairfield,Liverpool & Fairfield,core 60-minute target,903,253561,57.32,100.00,19,4,1,21,4,true,true,false,false,false,false,coverage dataset only,Owner review: retain; monitor and prioritise genuine evidence
/service-areas/liverpool-and-fairfield/fairfield/yennora/,Yennora,2161,Fairfield,Liverpool & Fairfield,core 60-minute target,882,252723,58.72,100.00,19,4,1,21,4,true,true,false,false,false,false,coverage dataset only,Owner review: retain; monitor and prioritise genuine evidence
/service-areas/liverpool-and-fairfield/liverpool/ashcroft/,Ashcroft,2168,Liverpool,Liverpool & Fairfield,core 60-minute target,882,252872,58.72,98.74,19,3,60,21,4,true,true,false,false,false,false,coverage dataset only,Owner review: retain; monitor and prioritise genuine evidence
/service-areas/liverpool-and-fairfield/liverpool/austral/,Austral,2179,Liverpool,Liverpool & Fairfield,core 60-minute target,882,252761,58.72,100.00,19,3,60,21,4,true,true,false,false,false,false,coverage dataset only,Owner review: retain; monitor and prioritise genuine evidence
/service-areas/liverpool-and-fairfield/liverpool/badgerys-creek/,Badgerys Creek,2555,Liverpool,Liverpool & Fairfield,core 60-minute target,902,253516,57.27,100.00,19,3,60,21,4,true,true,false,false,false,false,coverage dataset only,Owner review: retain; monitor and prioritise genuine evidence
/service-areas/liverpool-and-fairfield/liverpool/busby/,Busby,2168,Liverpool,Liverpool & Fairfield,core 60-minute target,882,252479,58.72,100.00,19,3,10,21,4,true,true,false,false,false,false,coverage dataset only,Owner review: retain; monitor and prioritise genuine evidence
/service-areas/liverpool-and-fairfield/liverpool/carnes-hill/,Carnes Hill,2171,Liverpool,Liverpool & Fairfield,core 60-minute target,903,253200,57.32,100.00,19,4,1,21,4,true,true,false,false,false,false,coverage dataset only,Owner review: retain; monitor and prioritise genuine evidence
/service-areas/liverpool-and-fairfield/liverpool/cartwright/,Cartwright,2168,Liverpool,Liverpool & Fairfield,core 60-minute target,882,253072,58.72,100.00,19,4,1,21,4,true,true,false,false,false,false,coverage dataset only,Owner review: retain; monitor and prioritise genuine evidence
/service-areas/liverpool-and-fairfield/liverpool/casula/,Casula,2170,Liverpool,Liverpool & Fairfield,core 60-minute target,882,252607,58.72,100.00,19,4,1,21,4,true,true,false,false,false,false,coverage dataset only,Owner review: retain; monitor and prioritise genuine evidence
/service-areas/liverpool-and-fairfield/liverpool/cecil-hills/,Cecil Hills,2171,Liverpool,Liverpool & Fairfield,core 60-minute target,903,253188,57.32,100.00,19,4,1,21,4,true,true,false,false,false,false,coverage dataset only,Owner review: retain; monitor and prioritise genuine evidence
/service-areas/liverpool-and-fairfield/liverpool/chipping-norton/,Chipping Norton,2170,Liverpool,Liverpool & Fairfield,core 60-minute target,903,253677,57.32,100.00,19,4,1,21,4,true,true,false,false,false,false,coverage dataset only,Owner review: retain; monitor and prioritise genuine evidence
/service-areas/liverpool-and-fairfield/liverpool/edmondson-park/,Edmondson Park,2174,Liverpool,Liverpool & Fairfield,core 60-minute target,903,253549,57.32,100.00,19,4,1,21,4,true,true,false,false,false,false,coverage dataset only,Owner review: retain; monitor and prioritise genuine evidence
/service-areas/liverpool-and-fairfield/liverpool/elizabeth-hills/,Elizabeth Hills,2171,Liverpool,Liverpool & Fairfield,core 60-minute target,903,253665,57.32,100.00,19,4,1,21,4,true,true,false,false,false,false,coverage dataset only,Owner review: retain; monitor and prioritise genuine evidence
/service-areas/liverpool-and-fairfield/liverpool/green-valley/,Green Valley,2168,Liverpool,Liverpool & Fairfield,core 60-minute target,903,253317,57.32,100.00,19,4,1,21,4,true,true,false,false,false,false,coverage dataset only,Owner review: retain; monitor and prioritise genuine evidence
/service-areas/liverpool-and-fairfield/liverpool/greendale/,Greendale,2745,Liverpool,Liverpool & Fairfield,core 60-minute target,882,253016,58.72,100.00,19,4,1,21,4,true,true,false,false,false,false,coverage dataset only,Owner review: retain; monitor and prioritise genuine evidence
/service-areas/liverpool-and-fairfield/liverpool/hammondville/,Hammondville,2170,Liverpool,Liverpool & Fairfield,core 60-minute target,882,253317,58.72,100.00,19,4,1,21,4,true,true,false,false,false,false,coverage dataset only,Owner review: retain; monitor and prioritise genuine evidence
/service-areas/liverpool-and-fairfield/liverpool/heckenberg/,Heckenberg,2168,Liverpool,Liverpool & Fairfield,core 60-minute target,882,253132,58.72,100.00,19,4,1,21,4,true,true,false,false,false,false,coverage dataset only,Owner review: retain; monitor and prioritise genuine evidence
/service-areas/liverpool-and-fairfield/liverpool/hinchinbrook/,Hinchinbrook,2168,Liverpool,Liverpool & Fairfield,core 60-minute target,882,253377,58.72,100.00,19,4,1,21,4,true,true,false,false,false,false,coverage dataset only,Owner review: retain; monitor and prioritise genuine evidence
/service-areas/liverpool-and-fairfield/liverpool/horningsea-park/,Horningsea Park,2171,Liverpool,Liverpool & Fairfield,core 60-minute target,903,253665,57.32,100.00,19,4,1,21,4,true,true,false,false,false,false,coverage dataset only,Owner review: retain; monitor and prioritise genuine evidence
/service-areas/liverpool-and-fairfield/liverpool/hoxton-park/,Hoxton Park,2171,Liverpool,Liverpool & Fairfield,core 60-minute target,903,253200,57.32,100.00,19,4,1,21,4,true,true,false,false,false,false,coverage dataset only,Owner review: retain; monitor and prioritise genuine evidence
/service-areas/liverpool-and-fairfield/liverpool/kemps-creek/,Kemps Creek,2178,Liverpool,Liverpool & Fairfield,core 60-minute target,903,253200,57.32,100.00,19,4,1,21,4,true,true,false,false,false,false,coverage dataset only,Owner review: retain; monitor and prioritise genuine evidence
/service-areas/liverpool-and-fairfield/liverpool/liverpool/,Liverpool,2170,Liverpool,Liverpool & Fairfield,core 60-minute target,882,252972,58.72,100.00,19,3,60,21,4,true,true,false,false,false,false,coverage dataset only,Owner review: retain; monitor and prioritise genuine evidence
/service-areas/liverpool-and-fairfield/liverpool/luddenham/,Luddenham,2745,Liverpool,Liverpool & Fairfield,core 60-minute target,882,252956,58.72,100.00,19,4,1,21,4,true,true,false,false,false,false,coverage dataset only,Owner review: retain; monitor and prioritise genuine evidence
/service-areas/liverpool-and-fairfield/liverpool/lurnea/,Lurnea,2170,Liverpool,Liverpool & Fairfield,core 60-minute target,882,252655,58.72,100.00,19,4,1,21,4,true,true,false,false,false,false,coverage dataset only,Owner review: retain; monitor and prioritise genuine evidence
/service-areas/liverpool-and-fairfield/liverpool/middleton-grange/,Middleton Grange,2171,Liverpool,Liverpool & Fairfield,core 60-minute target,903,253781,57.32,100.00,19,4,1,21,4,true,true,false,false,false,false,coverage dataset only,Owner review: retain; monitor and prioritise genuine evidence
/service-areas/liverpool-and-fairfield/liverpool/miller/,Miller,2168,Liverpool,Liverpool & Fairfield,core 60-minute target,882,252595,58.72,100.00,19,4,1,21,4,true,true,false,false,false,false,coverage dataset only,Owner review: retain; monitor and prioritise genuine evidence
/service-areas/liverpool-and-fairfield/liverpool/moorebank/,Moorebank,2170,Liverpool,Liverpool & Fairfield,core 60-minute target,882,252968,58.72,100.00,19,4,1,21,4,true,true,false,false,false,false,coverage dataset only,Owner review: retain; monitor and prioritise genuine evidence
/service-areas/liverpool-and-fairfield/liverpool/pleasure-point/,Pleasure Point,2172,Liverpool,Liverpool & Fairfield,core 60-minute target,903,253549,57.32,100.00,19,4,1,21,4,true,true,false,false,false,false,coverage dataset only,Owner review: retain; monitor and prioritise genuine evidence
/service-areas/liverpool-and-fairfield/liverpool/prestons/,Prestons,2170,Liverpool,Liverpool & Fairfield,core 60-minute target,882,252839,58.72,100.00,19,4,1,21,4,true,true,false,false,false,false,coverage dataset only,Owner review: retain; monitor and prioritise genuine evidence
/service-areas/liverpool-and-fairfield/liverpool/sadleir/,Sadleir,2168,Liverpool,Liverpool & Fairfield,core 60-minute target,882,252771,58.72,100.00,19,4,1,21,4,true,true,false,false,false,false,coverage dataset only,Owner review: retain; monitor and prioritise genuine evidence
/service-areas/liverpool-and-fairfield/liverpool/voyager-point/,Voyager Point,2172,Liverpool,Liverpool & Fairfield,core 60-minute target,903,253433,57.32,100.00,19,4,1,21,4,true,true,false,false,false,false,coverage dataset only,Owner review: retain; monitor and prioritise genuine evidence
/service-areas/liverpool-and-fairfield/liverpool/wallacia/,Wallacia,2745,Liverpool,Liverpool & Fairfield,core 60-minute target,882,252827,58.72,100.00,19,4,1,21,4,true,true,false,false,false,false,coverage dataset only,Owner review: retain; monitor and prioritise genuine evidence
/service-areas/liverpool-and-fairfield/liverpool/warwick-farm/,Warwick Farm,2170,Liverpool,Liverpool & Fairfield,core 60-minute target,903,253329,57.32,100.00,19,4,1,21,4,true,true,false,false,false,false,coverage dataset only,Owner review: retain; monitor and prioritise genuine evidence
/service-areas/liverpool-and-fairfield/liverpool/wattle-grove/,Wattle Grove,2173,Liverpool,Liverpool & Fairfield,core 60-minute target,903,253317,57.32,100.00,19,4,1,21,4,true,true,false,false,false,false,coverage dataset only,Owner review: retain; monitor and prioritise genuine evidence
/service-areas/liverpool-and-fairfield/liverpool/west-hoxton/,West Hoxton,2171,Liverpool,Liverpool & Fairfield,core 60-minute target,903,253248,57.32,100.00,19,4,1,21,4,true,true,false,false,false,false,coverage dataset only,Owner review: retain; monitor and prioritise genuine evidence
/service-areas/macarthur-camden-and-wollondilly/camden/bringelly/,Bringelly,2556,Camden,"Macarthur, Camden & Wollondilly",core 60-minute target,887,253472,58.57,100.00,19,3,2,21,4,true,true,false,false,false,false,coverage dataset only,Owner review: retain; monitor and prioritise genuine evidence
/service-areas/macarthur-camden-and-wollondilly/camden/camden-south/,Camden South,2570,Camden,"Macarthur, Camden & Wollondilly",core 60-minute target,908,253868,57.18,100.00,19,4,1,21,4,true,true,false,false,false,false,coverage dataset only,Owner review: retain; monitor and prioritise genuine evidence
/service-areas/macarthur-camden-and-wollondilly/camden/camden/,Camden,2570,Camden,"Macarthur, Camden & Wollondilly",core 60-minute target,887,253129,58.57,100.00,19,4,1,21,4,true,true,false,false,false,false,coverage dataset only,Owner review: retain; monitor and prioritise genuine evidence
/service-areas/macarthur-camden-and-wollondilly/camden/catherine-field/,Catherine Field,2557,Camden,"Macarthur, Camden & Wollondilly",core 60-minute target,908,254156,57.18,100.00,19,4,1,21,4,true,true,false,false,false,false,coverage dataset only,Owner review: retain; monitor and prioritise genuine evidence
/service-areas/macarthur-camden-and-wollondilly/camden/cawdor/,Cawdor,2570,Camden,"Macarthur, Camden & Wollondilly",core 60-minute target,887,253159,58.57,100.00,19,4,1,21,4,true,true,false,false,false,false,coverage dataset only,Owner review: retain; monitor and prioritise genuine evidence
/service-areas/macarthur-camden-and-wollondilly/camden/cobbitty/,Cobbitty,2570,Camden,"Macarthur, Camden & Wollondilly",core 60-minute target,887,253404,58.57,100.00,19,4,1,21,4,true,true,false,false,false,false,coverage dataset only,Owner review: retain; monitor and prioritise genuine evidence
/service-areas/macarthur-camden-and-wollondilly/camden/currans-hill/,Currans Hill,2567,Camden,"Macarthur, Camden & Wollondilly",core 60-minute target,908,253868,57.18,100.00,19,4,1,21,4,true,true,false,false,false,false,coverage dataset only,Owner review: retain; monitor and prioritise genuine evidence
/service-areas/macarthur-camden-and-wollondilly/camden/elderslie/,Elderslie,2570,Camden,"Macarthur, Camden & Wollondilly",core 60-minute target,887,253460,58.57,100.00,19,4,1,21,4,true,true,false,false,false,false,coverage dataset only,Owner review: retain; monitor and prioritise genuine evidence
/service-areas/macarthur-camden-and-wollondilly/camden/ellis-lane/,Ellis Lane,2570,Camden,"Macarthur, Camden & Wollondilly",core 60-minute target,908,253636,57.18,100.00,19,4,1,21,4,true,true,false,false,false,false,coverage dataset only,Owner review: retain; monitor and prioritise genuine evidence
/service-areas/macarthur-camden-and-wollondilly/camden/gledswood-hills/,Gledswood Hills,2557,Camden,"Macarthur, Camden & Wollondilly",core 60-minute target,908,254216,57.18,100.00,19,4,1,21,4,true,true,false,false,false,false,coverage dataset only,Owner review: retain; monitor and prioritise genuine evidence
/service-areas/macarthur-camden-and-wollondilly/camden/grasmere/,Grasmere,2570,Camden,"Macarthur, Camden & Wollondilly",core 60-minute target,887,253404,58.57,100.00,19,4,1,21,4,true,true,false,false,false,false,coverage dataset only,Owner review: retain; monitor and prioritise genuine evidence
/service-areas/macarthur-camden-and-wollondilly/camden/gregory-hills/,Gregory Hills,2557,Camden,"Macarthur, Camden & Wollondilly",core 60-minute target,908,253936,57.18,100.00,19,4,1,21,4,true,true,false,false,false,false,coverage dataset only,Owner review: retain; monitor and prioritise genuine evidence
/service-areas/macarthur-camden-and-wollondilly/camden/harrington-park/,Harrington Park,2567,Camden,"Macarthur, Camden & Wollondilly",core 60-minute target,908,254156,57.18,100.00,19,4,1,21,4,true,true,false,false,false,false,coverage dataset only,Owner review: retain; monitor and prioritise genuine evidence
/service-areas/macarthur-camden-and-wollondilly/camden/kirkham/,Kirkham,2570,Camden,"Macarthur, Camden & Wollondilly",core 60-minute target,887,253215,58.57,100.00,19,4,1,21,4,true,true,false,false,false,false,coverage dataset only,Owner review: retain; monitor and prioritise genuine evidence
/service-areas/macarthur-camden-and-wollondilly/camden/leppington/,Leppington,2179,Camden,"Macarthur, Camden & Wollondilly",core 60-minute target,887,253576,58.57,100.00,19,4,1,21,4,true,true,false,false,false,false,coverage dataset only,Owner review: retain; monitor and prioritise genuine evidence
/service-areas/macarthur-camden-and-wollondilly/camden/mount-annan/,Mount Annan,2567,Camden,"Macarthur, Camden & Wollondilly",core 60-minute target,908,253704,57.18,100.00,19,4,1,21,4,true,true,false,false,false,false,coverage dataset only,Owner review: retain; monitor and prioritise genuine evidence
/service-areas/macarthur-camden-and-wollondilly/camden/narellan-vale/,Narellan Vale,2567,Camden,"Macarthur, Camden & Wollondilly",core 60-minute target,908,253984,57.18,100.00,19,4,1,21,4,true,true,false,false,false,false,coverage dataset only,Owner review: retain; monitor and prioritise genuine evidence
/service-areas/macarthur-camden-and-wollondilly/camden/narellan/,Narellan,2567,Camden,"Macarthur, Camden & Wollondilly",core 60-minute target,887,253356,58.57,100.00,19,4,1,21,4,true,true,false,false,false,false,coverage dataset only,Owner review: retain; monitor and prioritise genuine evidence
/service-areas/macarthur-camden-and-wollondilly/camden/oran-park/,Oran Park,2570,Camden,"Macarthur, Camden & Wollondilly",core 60-minute target,908,253472,57.18,100.00,19,4,1,21,4,true,true,false,false,false,false,coverage dataset only,Owner review: retain; monitor and prioritise genuine evidence
/service-areas/macarthur-camden-and-wollondilly/camden/rossmore/,Rossmore,2557,Camden,"Macarthur, Camden & Wollondilly",core 60-minute target,887,253356,58.57,100.00,19,4,1,21,4,true,true,false,false,false,false,coverage dataset only,Owner review: retain; monitor and prioritise genuine evidence
/service-areas/macarthur-camden-and-wollondilly/camden/smeaton-grange/,Smeaton Grange,2567,Camden,"Macarthur, Camden & Wollondilly",core 60-minute target,908,254052,57.18,100.00,19,4,1,21,4,true,true,false,false,false,false,coverage dataset only,Owner review: retain; monitor and prioritise genuine evidence
/service-areas/macarthur-camden-and-wollondilly/camden/spring-farm/,Spring Farm,2570,Camden,"Macarthur, Camden & Wollondilly",core 60-minute target,908,253752,57.18,100.00,19,4,1,21,4,true,true,false,false,false,false,coverage dataset only,Owner review: retain; monitor and prioritise genuine evidence
/service-areas/macarthur-camden-and-wollondilly/campbelltown/airds/,Airds,2560,Campbelltown,"Macarthur, Camden & Wollondilly",core 60-minute target,888,253308,58.62,100.00,19,3,87,21,4,true,true,false,false,false,false,coverage dataset only,Owner review: retain; monitor and prioritise genuine evidence
/service-areas/macarthur-camden-and-wollondilly/campbelltown/ambarvale/,Ambarvale,2560,Campbelltown,"Macarthur, Camden & Wollondilly",core 60-minute target,888,253717,58.62,100.00,19,3,87,21,4,true,true,false,false,false,false,coverage dataset only,Owner review: retain; monitor and prioritise genuine evidence
/service-areas/macarthur-camden-and-wollondilly/campbelltown/bardia/,Bardia,2565,Campbelltown,"Macarthur, Camden & Wollondilly",core 60-minute target,888,253359,58.62,100.00,19,3,87,21,4,true,true,false,false,false,false,coverage dataset only,Owner review: retain; monitor and prioritise genuine evidence
/service-areas/macarthur-camden-and-wollondilly/campbelltown/blair-athol/,Blair Athol,2560,Campbelltown,"Macarthur, Camden & Wollondilly",core 60-minute target,908,253987,57.18,100.00,19,3,87,21,4,true,true,false,false,false,false,coverage dataset only,Owner review: retain; monitor and prioritise genuine evidence
/service-areas/macarthur-camden-and-wollondilly/campbelltown/blairmount/,Blairmount,2559,Campbelltown,"Macarthur, Camden & Wollondilly",core 60-minute target,888,253876,58.62,100.00,19,3,87,21,4,true,true,false,false,false,false,coverage dataset only,Owner review: retain; monitor and prioritise genuine evidence
/service-areas/macarthur-camden-and-wollondilly/campbelltown/bow-bowing/,Bow Bowing,2566,Campbelltown,"Macarthur, Camden & Wollondilly",core 60-minute target,908,253876,57.18,100.00,19,3,10,21,4,true,true,false,false,false,false,coverage dataset only,Owner review: retain; monitor and prioritise genuine evidence
/service-areas/macarthur-camden-and-wollondilly/campbelltown/bradbury/,Bradbury,2560,Campbelltown,"Macarthur, Camden & Wollondilly",core 60-minute target,887,253596,58.57,100.00,19,3,2,21,4,true,true,false,false,false,false,coverage dataset only,Owner review: retain; monitor and prioritise genuine evidence
/service-areas/macarthur-camden-and-wollondilly/campbelltown/campbelltown/,Campbelltown,2560,Campbelltown,"Macarthur, Camden & Wollondilly",core 60-minute target,888,254080,58.62,100.00,19,2,88,21,4,true,true,false,false,false,false,coverage dataset only,Owner review: retain; monitor and prioritise genuine evidence
/service-areas/macarthur-camden-and-wollondilly/campbelltown/claymore/,Claymore,2559,Campbelltown,"Macarthur, Camden & Wollondilly",core 60-minute target,887,253584,58.57,98.74,19,4,1,21,4,true,true,false,false,false,false,coverage dataset only,Owner review: retain; monitor and prioritise genuine evidence
/service-areas/macarthur-camden-and-wollondilly/campbelltown/denham-court/,Denham Court,2565,Campbelltown,"Macarthur, Camden & Wollondilly",core 60-minute target,908,254048,57.18,100.00,19,4,1,21,4,true,true,false,false,false,false,coverage dataset only,Owner review: retain; monitor and prioritise genuine evidence
/service-areas/macarthur-camden-and-wollondilly/campbelltown/eagle-vale/,Eagle Vale,2558,Campbelltown,"Macarthur, Camden & Wollondilly",core 60-minute target,908,253828,57.18,100.00,19,4,1,21,4,true,true,false,false,false,false,coverage dataset only,Owner review: retain; monitor and prioritise genuine evidence
/service-areas/macarthur-camden-and-wollondilly/campbelltown/englorie-park/,Englorie Park,2560,Campbelltown,"Macarthur, Camden & Wollondilly",core 60-minute target,908,254164,57.18,100.00,19,4,1,21,4,true,true,false,false,false,false,coverage dataset only,Owner review: retain; monitor and prioritise genuine evidence
/service-areas/macarthur-camden-and-wollondilly/campbelltown/eschol-park/,Eschol Park,2558,Campbelltown,"Macarthur, Camden & Wollondilly",core 60-minute target,908,253932,57.18,100.00,19,4,1,21,4,true,true,false,false,false,false,coverage dataset only,Owner review: retain; monitor and prioritise genuine evidence
/service-areas/macarthur-camden-and-wollondilly/campbelltown/gilead/,Gilead,2560,Campbelltown,"Macarthur, Camden & Wollondilly",core 60-minute target,887,253339,58.57,100.00,19,4,1,21,4,true,true,false,false,false,false,coverage dataset only,Owner review: retain; monitor and prioritise genuine evidence
/service-areas/macarthur-camden-and-wollondilly/campbelltown/glen-alpine/,Glen Alpine,2560,Campbelltown,"Macarthur, Camden & Wollondilly",core 60-minute target,908,253932,57.18,100.00,19,4,1,21,4,true,true,false,false,false,false,coverage dataset only,Owner review: retain; monitor and prioritise genuine evidence
/service-areas/macarthur-camden-and-wollondilly/campbelltown/glenfield/,Glenfield,2167,Campbelltown,"Macarthur, Camden & Wollondilly",core 60-minute target,887,253712,58.57,100.00,19,4,1,21,4,true,true,false,false,false,false,coverage dataset only,Owner review: retain; monitor and prioritise genuine evidence
/service-areas/macarthur-camden-and-wollondilly/campbelltown/holsworthy/,Holsworthy,2173,Campbelltown,"Macarthur, Camden & Wollondilly",core 60-minute target,887,253876,58.57,100.00,19,4,1,21,4,true,true,false,false,false,false,coverage dataset only,Owner review: retain; monitor and prioritise genuine evidence
/service-areas/macarthur-camden-and-wollondilly/campbelltown/ingleburn/,Ingleburn,2565,Campbelltown,"Macarthur, Camden & Wollondilly",core 60-minute target,887,253712,58.57,100.00,19,4,1,21,4,true,true,false,false,false,false,coverage dataset only,Owner review: retain; monitor and prioritise genuine evidence
/service-areas/macarthur-camden-and-wollondilly/campbelltown/kearns/,Kearns,2558,Campbelltown,"Macarthur, Camden & Wollondilly",core 60-minute target,887,253399,58.57,100.00,19,4,1,21,4,true,true,false,false,false,false,coverage dataset only,Owner review: retain; monitor and prioritise genuine evidence
/service-areas/macarthur-camden-and-wollondilly/campbelltown/kentlyn/,Kentlyn,2560,Campbelltown,"Macarthur, Camden & Wollondilly",core 60-minute target,887,253515,58.57,100.00,19,4,1,21,4,true,true,false,false,false,false,coverage dataset only,Owner review: retain; monitor and prioritise genuine evidence
/service-areas/macarthur-camden-and-wollondilly/campbelltown/leumeah/,Leumeah,2560,Campbelltown,"Macarthur, Camden & Wollondilly",core 60-minute target,887,253467,58.57,100.00,19,4,1,21,4,true,true,false,false,false,false,coverage dataset only,Owner review: retain; monitor and prioritise genuine evidence
/service-areas/macarthur-camden-and-wollondilly/campbelltown/long-point/,Long Point,2564,Campbelltown,"Macarthur, Camden & Wollondilly",core 60-minute target,908,253876,57.18,100.00,19,4,1,21,4,true,true,false,false,false,false,coverage dataset only,Owner review: retain; monitor and prioritise genuine evidence
/service-areas/macarthur-camden-and-wollondilly/campbelltown/macquarie-fields/,Macquarie Fields,2564,Campbelltown,"Macarthur, Camden & Wollondilly",core 60-minute target,908,254524,57.18,100.00,19,4,1,21,4,true,true,false,false,false,false,coverage dataset only,Owner review: retain; monitor and prioritise genuine evidence
/service-areas/macarthur-camden-and-wollondilly/campbelltown/macquarie-links/,Macquarie Links,2565,Campbelltown,"Macarthur, Camden & Wollondilly",core 60-minute target,908,254456,57.18,100.00,19,4,1,21,4,true,true,false,false,false,false,coverage dataset only,Owner review: retain; monitor and prioritise genuine evidence
/service-areas/macarthur-camden-and-wollondilly/campbelltown/menangle-park/,Menangle Park,2563,Campbelltown,"Macarthur, Camden & Wollondilly",core 60-minute target,908,254224,57.18,100.00,19,4,1,21,4,true,true,false,false,false,false,coverage dataset only,Owner review: retain; monitor and prioritise genuine evidence
/service-areas/macarthur-camden-and-wollondilly/campbelltown/minto-heights/,Minto Heights,2566,Campbelltown,"Macarthur, Camden & Wollondilly",core 60-minute target,908,254164,57.18,100.00,19,4,1,21,4,true,true,false,false,false,false,coverage dataset only,Owner review: retain; monitor and prioritise genuine evidence
/service-areas/macarthur-camden-and-wollondilly/campbelltown/minto/,Minto,2566,Campbelltown,"Macarthur, Camden & Wollondilly",core 60-minute target,887,253235,58.57,100.00,19,4,1,21,4,true,true,false,false,false,false,coverage dataset only,Owner review: retain; monitor and prioritise genuine evidence
/service-areas/macarthur-camden-and-wollondilly/campbelltown/raby/,Raby,2566,Campbelltown,"Macarthur, Camden & Wollondilly",core 60-minute target,887,253107,58.57,100.00,19,4,1,21,4,true,true,false,false,false,false,coverage dataset only,Owner review: retain; monitor and prioritise genuine evidence
/service-areas/macarthur-camden-and-wollondilly/campbelltown/rosemeadow/,Rosemeadow,2560,Campbelltown,"Macarthur, Camden & Wollondilly",core 60-minute target,887,253828,58.57,100.00,19,4,1,21,4,true,true,false,false,false,false,coverage dataset only,Owner review: retain; monitor and prioritise genuine evidence
/service-areas/macarthur-camden-and-wollondilly/campbelltown/ruse/,Ruse,2560,Campbelltown,"Macarthur, Camden & Wollondilly",core 60-minute target,887,253167,58.57,100.00,19,4,1,21,4,true,true,false,false,false,false,coverage dataset only,Owner review: retain; monitor and prioritise genuine evidence
/service-areas/macarthur-camden-and-wollondilly/campbelltown/st-andrews/,St Andrews,2566,Campbelltown,"Macarthur, Camden & Wollondilly",core 60-minute target,908,253816,57.18,100.00,19,4,1,21,4,true,true,false,false,false,false,coverage dataset only,Owner review: retain; monitor and prioritise genuine evidence
/service-areas/macarthur-camden-and-wollondilly/campbelltown/st-helens-park/,St Helens Park,2560,Campbelltown,"Macarthur, Camden & Wollondilly",core 60-minute target,929,254280,55.85,100.00,19,4,1,21,4,true,true,false,false,false,false,coverage dataset only,Owner review: retain; monitor and prioritise genuine evidence
/service-areas/macarthur-camden-and-wollondilly/campbelltown/varroville/,Varroville,2566,Campbelltown,"Macarthur, Camden & Wollondilly",core 60-minute target,887,253816,58.57,100.00,19,4,1,21,4,true,true,false,false,false,false,coverage dataset only,Owner review: retain; monitor and prioritise genuine evidence
/service-areas/macarthur-camden-and-wollondilly/campbelltown/wedderburn/,Wedderburn,2560,Campbelltown,"Macarthur, Camden & Wollondilly",core 60-minute target,887,253816,58.57,100.00,19,4,1,21,4,true,true,false,false,false,false,coverage dataset only,Owner review: retain; monitor and prioritise genuine evidence
/service-areas/macarthur-camden-and-wollondilly/campbelltown/woodbine/,Woodbine,2560,Campbelltown,"Macarthur, Camden & Wollondilly",core 60-minute target,887,253644,58.57,100.00,19,4,1,21,4,true,true,false,false,false,false,coverage dataset only,Owner review: retain; monitor and prioritise genuine evidence
/service-areas/macarthur-camden-and-wollondilly/campbelltown/woronora-dam/,Woronora Dam,2508,Campbelltown,"Macarthur, Camden & Wollondilly",core 60-minute target,908,254048,57.18,100.00,19,4,1,21,4,true,true,false,false,false,false,coverage dataset only,Owner review: retain; monitor and prioritise genuine evidence
/service-areas/macarthur-camden-and-wollondilly/wollondilly/appin/,Appin,2560,Wollondilly,"Macarthur, Camden & Wollondilly",core 60-minute target,888,253273,58.62,100.00,19,3,87,21,4,true,true,false,false,false,false,coverage dataset only,Owner review: retain; monitor and prioritise genuine evidence
/service-areas/macarthur-camden-and-wollondilly/wollondilly/belimbla-park/,Belimbla Park,2570,Wollondilly,"Macarthur, Camden & Wollondilly",core 60-minute target,908,254174,57.18,100.00,19,3,87,21,4,true,true,false,false,false,false,coverage dataset only,Owner review: retain; monitor and prioritise genuine evidence
/service-areas/macarthur-camden-and-wollondilly/wollondilly/brownlow-hill/,Brownlow Hill,2570,Wollondilly,"Macarthur, Camden & Wollondilly",core 60-minute target,908,254124,57.18,100.00,19,3,2,21,4,true,true,false,false,false,false,coverage dataset only,Owner review: retain; monitor and prioritise genuine evidence
/service-areas/macarthur-camden-and-wollondilly/wollondilly/camden-park/,Camden Park,2570,Wollondilly,"Macarthur, Camden & Wollondilly",core 60-minute target,908,253952,57.18,100.00,19,4,1,21,4,true,true,false,false,false,false,coverage dataset only,Owner review: retain; monitor and prioritise genuine evidence
/service-areas/macarthur-camden-and-wollondilly/wollondilly/cataract/,Cataract,2560,Wollondilly,"Macarthur, Camden & Wollondilly",core 60-minute target,887,253544,58.57,98.74,19,4,1,21,4,true,true,false,false,false,false,coverage dataset only,Owner review: retain; monitor and prioritise genuine evidence
/service-areas/macarthur-camden-and-wollondilly/wollondilly/couridjah/,Couridjah,2571,Wollondilly,"Macarthur, Camden & Wollondilly",core 60-minute target,887,253660,58.57,100.00,19,4,1,21,4,true,true,false,false,false,false,coverage dataset only,Owner review: retain; monitor and prioritise genuine evidence
/service-areas/macarthur-camden-and-wollondilly/wollondilly/douglas-park/,Douglas Park,2569,Wollondilly,"Macarthur, Camden & Wollondilly",core 60-minute target,908,254008,57.18,100.00,19,4,1,21,4,true,true,false,false,false,false,coverage dataset only,Owner review: retain; monitor and prioritise genuine evidence
/service-areas/macarthur-camden-and-wollondilly/wollondilly/glenmore/,Glenmore,2570,Wollondilly,"Macarthur, Camden & Wollondilly",core 60-minute target,887,253604,58.57,100.00,19,4,1,21,4,true,true,false,false,false,false,coverage dataset only,Owner review: retain; monitor and prioritise genuine evidence
/service-areas/macarthur-camden-and-wollondilly/wollondilly/lakesland/,Lakesland,2572,Wollondilly,"Macarthur, Camden & Wollondilly",core 60-minute target,887,253720,58.57,100.00,19,4,1,21,4,true,true,false,false,false,false,coverage dataset only,Owner review: retain; monitor and prioritise genuine evidence
/service-areas/macarthur-camden-and-wollondilly/wollondilly/maldon/,Maldon,2571,Wollondilly,"Macarthur, Camden & Wollondilly",core 60-minute target,887,253311,58.57,100.00,19,4,1,21,4,true,true,false,false,false,false,coverage dataset only,Owner review: retain; monitor and prioritise genuine evidence
/service-areas/macarthur-camden-and-wollondilly/wollondilly/menangle/,Menangle,2568,Wollondilly,"Macarthur, Camden & Wollondilly",core 60-minute target,887,253544,58.57,100.00,19,4,1,21,4,true,true,false,false,false,false,coverage dataset only,Owner review: retain; monitor and prioritise genuine evidence
/service-areas/macarthur-camden-and-wollondilly/wollondilly/mount-hunter/,Mount Hunter,2570,Wollondilly,"Macarthur, Camden & Wollondilly",core 60-minute target,908,254008,57.18,100.00,19,4,1,21,4,true,true,false,false,false,false,coverage dataset only,Owner review: retain; monitor and prioritise genuine evidence
/service-areas/macarthur-camden-and-wollondilly/wollondilly/mowbray-park/,Mowbray Park,2571,Wollondilly,"Macarthur, Camden & Wollondilly",core 60-minute target,908,254068,57.18,100.00,19,4,1,21,4,true,true,false,false,false,false,coverage dataset only,Owner review: retain; monitor and prioritise genuine evidence
/service-areas/macarthur-camden-and-wollondilly/wollondilly/nattai/,Nattai,2570,Wollondilly,"Macarthur, Camden & Wollondilly",core 60-minute target,887,253359,58.57,100.00,19,4,1,21,4,true,true,false,false,false,false,coverage dataset only,Owner review: retain; monitor and prioritise genuine evidence
/service-areas/macarthur-camden-and-wollondilly/wollondilly/oakdale/,Oakdale,2570,Wollondilly,"Macarthur, Camden & Wollondilly",core 60-minute target,887,253475,58.57,100.00,19,4,1,21,4,true,true,false,false,false,false,coverage dataset only,Owner review: retain; monitor and prioritise genuine evidence
/service-areas/macarthur-camden-and-wollondilly/wollondilly/orangeville/,Orangeville,2570,Wollondilly,"Macarthur, Camden & Wollondilly",core 60-minute target,887,253892,58.57,100.00,19,4,1,21,4,true,true,false,false,false,false,coverage dataset only,Owner review: retain; monitor and prioritise genuine evidence
/service-areas/macarthur-camden-and-wollondilly/wollondilly/pheasants-nest/,Pheasants Nest,2574,Wollondilly,"Macarthur, Camden & Wollondilly",core 60-minute target,908,254252,57.18,100.00,19,4,1,21,4,true,true,false,false,false,false,coverage dataset only,Owner review: retain; monitor and prioritise genuine evidence
/service-areas/macarthur-camden-and-wollondilly/wollondilly/picton/,Picton,2571,Wollondilly,"Macarthur, Camden & Wollondilly",core 60-minute target,887,253311,58.57,100.00,19,4,1,21,4,true,true,false,false,false,false,coverage dataset only,Owner review: retain; monitor and prioritise genuine evidence
/service-areas/macarthur-camden-and-wollondilly/wollondilly/razorback/,Razorback,2571,Wollondilly,"Macarthur, Camden & Wollondilly",core 60-minute target,887,253660,58.57,100.00,19,4,1,21,4,true,true,false,false,false,false,coverage dataset only,Owner review: retain; monitor and prioritise genuine evidence
/service-areas/macarthur-camden-and-wollondilly/wollondilly/silverdale/,Silverdale,2752,Wollondilly,"Macarthur, Camden & Wollondilly",core 60-minute target,887,253836,58.57,100.00,19,4,1,21,4,true,true,false,false,false,false,coverage dataset only,Owner review: retain; monitor and prioritise genuine evidence
/service-areas/macarthur-camden-and-wollondilly/wollondilly/tahmoor/,Tahmoor,2573,Wollondilly,"Macarthur, Camden & Wollondilly",core 60-minute target,887,253427,58.57,100.00,19,4,1,21,4,true,true,false,false,false,false,coverage dataset only,Owner review: retain; monitor and prioritise genuine evidence
/service-areas/macarthur-camden-and-wollondilly/wollondilly/the-oaks/,The Oaks,2570,Wollondilly,"Macarthur, Camden & Wollondilly",core 60-minute target,908,253544,57.18,100.00,19,4,1,21,4,true,true,false,false,false,false,coverage dataset only,Owner review: retain; monitor and prioritise genuine evidence
/service-areas/macarthur-camden-and-wollondilly/wollondilly/theresa-park/,Theresa Park,2570,Wollondilly,"Macarthur, Camden & Wollondilly",core 60-minute target,908,254068,57.18,100.00,19,4,1,21,4,true,true,false,false,false,false,coverage dataset only,Owner review: retain; monitor and prioritise genuine evidence
/service-areas/macarthur-camden-and-wollondilly/wollondilly/thirlmere/,Thirlmere,2572,Wollondilly,"Macarthur, Camden & Wollondilly",core 60-minute target,887,253660,58.57,100.00,19,4,1,21,4,true,true,false,false,false,false,coverage dataset only,Owner review: retain; monitor and prioritise genuine evidence
/service-areas/macarthur-camden-and-wollondilly/wollondilly/warragamba/,Warragamba,2752,Wollondilly,"Macarthur, Camden & Wollondilly",core 60-minute target,887,253836,58.57,100.00,19,4,1,21,4,true,true,false,false,false,false,coverage dataset only,Owner review: retain; monitor and prioritise genuine evidence
/service-areas/macarthur-camden-and-wollondilly/wollondilly/werombi/,Werombi,2570,Wollondilly,"Macarthur, Camden & Wollondilly",core 60-minute target,887,253475,58.57,100.00,19,4,1,21,4,true,true,false,false,false,false,coverage dataset only,Owner review: retain; monitor and prioritise genuine evidence
/service-areas/macarthur-camden-and-wollondilly/wollondilly/wilton/,Wilton,2571,Wollondilly,"Macarthur, Camden & Wollondilly",core 60-minute target,887,253299,58.57,100.00,19,4,1,21,4,true,true,false,false,false,false,coverage dataset only,Owner review: retain; monitor and prioritise genuine evidence
/service-areas/macarthur-camden-and-wollondilly/wollondilly/yanderra/,Yanderra,2574,Wollondilly,"Macarthur, Camden & Wollondilly",core 60-minute target,887,253544,58.57,100.00,19,4,1,21,4,true,true,false,false,false,false,coverage dataset only,Owner review: retain; monitor and prioritise genuine evidence
/service-areas/northern-beaches/northern-beaches/allambie-heights/,Allambie Heights,2100,Northern Beaches,Northern Beaches,selected outer-region 60-90-minute estimate,919,253953,57.51,100.00,19,2,54,21,4,true,true,false,false,false,false,coverage dataset only,Owner review: retain; monitor and prioritise genuine evidence
/service-areas/northern-beaches/northern-beaches/avalon-beach/,Avalon Beach,2107,Northern Beaches,Northern Beaches,selected outer-region 60-90-minute estimate,919,253622,57.51,100.00,19,2,54,21,4,true,true,false,false,false,false,coverage dataset only,Owner review: retain; monitor and prioritise genuine evidence
/service-areas/northern-beaches/northern-beaches/balgowlah-heights/,Balgowlah Heights,2093,Northern Beaches,Northern Beaches,selected outer-region 60-90-minute estimate,919,254190,57.51,100.00,19,2,54,21,4,true,true,false,false,false,false,coverage dataset only,Owner review: retain; monitor and prioritise genuine evidence
/service-areas/northern-beaches/northern-beaches/balgowlah/,Balgowlah,2093,Northern Beaches,Northern Beaches,selected outer-region 60-90-minute estimate,899,253175,58.94,100.00,19,2,54,21,4,true,true,false,false,false,false,coverage dataset only,Owner review: retain; monitor and prioritise genuine evidence
/service-areas/northern-beaches/northern-beaches/bayview/,Bayview,2104,Northern Beaches,Northern Beaches,selected outer-region 60-90-minute estimate,899,252988,58.94,100.00,19,2,54,21,4,true,true,false,false,false,false,coverage dataset only,Owner review: retain; monitor and prioritise genuine evidence
/service-areas/northern-beaches/northern-beaches/beacon-hill/,Beacon Hill,2100,Northern Beaches,Northern Beaches,selected outer-region 60-90-minute estimate,919,253385,57.51,100.00,19,2,54,21,4,true,true,false,false,false,false,coverage dataset only,Owner review: retain; monitor and prioritise genuine evidence
/service-areas/northern-beaches/northern-beaches/belrose/,Belrose,2085,Northern Beaches,Northern Beaches,selected outer-region 60-90-minute estimate,899,252940,58.94,100.00,19,2,54,21,4,true,true,false,false,false,false,coverage dataset only,Owner review: retain; monitor and prioritise genuine evidence
/service-areas/northern-beaches/northern-beaches/bilgola-beach/,Bilgola Beach,2107,Northern Beaches,Northern Beaches,selected outer-region 60-90-minute estimate,919,253733,57.51,100.00,19,2,54,21,4,true,true,false,false,false,false,coverage dataset only,Owner review: retain; monitor and prioritise genuine evidence
/service-areas/northern-beaches/northern-beaches/bilgola-plateau/,Bilgola Plateau,2107,Northern Beaches,Northern Beaches,selected outer-region 60-90-minute estimate,919,253842,57.51,100.00,19,2,10,21,4,true,true,false,false,false,false,coverage dataset only,Owner review: retain; monitor and prioritise genuine evidence
/service-areas/northern-beaches/northern-beaches/brookvale/,Brookvale,2100,Northern Beaches,Northern Beaches,selected outer-region 60-90-minute estimate,898,253145,58.89,100.00,19,2,2,21,4,true,true,false,false,false,false,coverage dataset only,Owner review: retain; monitor and prioritise genuine evidence
/service-areas/northern-beaches/northern-beaches/church-point/,Church Point,2105,Northern Beaches,Northern Beaches,selected outer-region 60-90-minute estimate,919,253541,57.51,100.00,19,2,2,21,4,true,true,false,false,false,false,coverage dataset only,Owner review: retain; monitor and prioritise genuine evidence
/service-areas/northern-beaches/northern-beaches/clareville/,Clareville,2107,Northern Beaches,Northern Beaches,selected outer-region 60-90-minute estimate,898,253375,58.89,100.00,19,2,2,21,4,true,true,false,false,false,false,coverage dataset only,Owner review: retain; monitor and prioritise genuine evidence
/service-areas/northern-beaches/northern-beaches/clontarf/,Clontarf,2093,Northern Beaches,Northern Beaches,selected outer-region 60-90-minute estimate,898,253004,58.89,100.00,19,3,1,21,4,true,true,false,false,false,false,coverage dataset only,Owner review: retain; monitor and prioritise genuine evidence
/service-areas/northern-beaches/northern-beaches/coasters-retreat/,Coasters Retreat,2108,Northern Beaches,Northern Beaches,selected outer-region 60-90-minute estimate,919,253958,57.51,100.00,19,3,1,21,4,true,true,false,false,false,false,coverage dataset only,Owner review: retain; monitor and prioritise genuine evidence
/service-areas/northern-beaches/northern-beaches/collaroy-plateau/,Collaroy Plateau,2097,Northern Beaches,Northern Beaches,selected outer-region 60-90-minute estimate,919,254018,57.51,100.00,19,3,1,21,4,true,true,false,false,false,false,coverage dataset only,Owner review: retain; monitor and prioritise genuine evidence
/service-areas/northern-beaches/northern-beaches/collaroy/,Collaroy,2097,Northern Beaches,Northern Beaches,selected outer-region 60-90-minute estimate,898,253130,58.89,100.00,19,3,1,21,4,true,true,false,false,false,false,coverage dataset only,Owner review: retain; monitor and prioritise genuine evidence
/service-areas/northern-beaches/northern-beaches/cottage-point/,Cottage Point,2084,Northern Beaches,Northern Beaches,selected outer-region 60-90-minute estimate,919,253657,57.51,100.00,19,3,1,21,4,true,true,false,false,false,false,coverage dataset only,Owner review: retain; monitor and prioritise genuine evidence
/service-areas/northern-beaches/northern-beaches/cromer/,Cromer,2099,Northern Beaches,Northern Beaches,selected outer-region 60-90-minute estimate,898,252784,58.89,100.00,19,3,1,21,4,true,true,false,false,false,false,coverage dataset only,Owner review: retain; monitor and prioritise genuine evidence
/service-areas/northern-beaches/northern-beaches/curl-curl/,Curl Curl,2096,Northern Beaches,Northern Beaches,selected outer-region 60-90-minute estimate,919,253259,57.51,100.00,19,3,1,21,4,true,true,false,false,false,false,coverage dataset only,Owner review: retain; monitor and prioritise genuine evidence
/service-areas/northern-beaches/northern-beaches/davidson/,Davidson,2085,Northern Beaches,Northern Beaches,selected outer-region 60-90-minute estimate,898,253004,58.89,98.75,19,3,1,21,4,true,true,false,false,false,false,coverage dataset only,Owner review: retain; monitor and prioritise genuine evidence
/service-areas/northern-beaches/northern-beaches/dee-why/,Dee Why,2099,Northern Beaches,Northern Beaches,selected outer-region 60-90-minute estimate,919,252930,57.51,100.00,19,3,1,21,4,true,true,false,false,false,false,coverage dataset only,Owner review: retain; monitor and prioritise genuine evidence
/service-areas/northern-beaches/northern-beaches/duffys-forest/,Duffys Forest,2084,Northern Beaches,Northern Beaches,selected outer-region 60-90-minute estimate,919,253597,57.51,100.00,19,3,1,21,4,true,true,false,false,false,false,coverage dataset only,Owner review: retain; monitor and prioritise genuine evidence
/service-areas/northern-beaches/northern-beaches/elanora-heights/,Elanora Heights,2101,Northern Beaches,Northern Beaches,selected outer-region 60-90-minute estimate,919,253842,57.51,100.00,19,3,1,21,4,true,true,false,false,false,false,coverage dataset only,Owner review: retain; monitor and prioritise genuine evidence
/service-areas/northern-beaches/northern-beaches/elvina-bay/,Elvina Bay,2105,Northern Beaches,Northern Beaches,selected outer-region 60-90-minute estimate,919,253309,57.51,100.00,19,3,1,21,4,true,true,false,false,false,false,coverage dataset only,Owner review: retain; monitor and prioritise genuine evidence
/service-areas/northern-beaches/northern-beaches/fairlight/,Fairlight,2094,Northern Beaches,Northern Beaches,selected outer-region 60-90-minute estimate,898,253145,58.89,100.00,19,3,1,21,4,true,true,false,false,false,false,coverage dataset only,Owner review: retain; monitor and prioritise genuine evidence
/service-areas/northern-beaches/northern-beaches/forestville/,Forestville,2087,Northern Beaches,Northern Beaches,selected outer-region 60-90-minute estimate,898,253377,58.89,100.00,19,3,1,21,4,true,true,false,false,false,false,coverage dataset only,Owner review: retain; monitor and prioritise genuine evidence
/service-areas/northern-beaches/northern-beaches/frenchs-forest/,Frenchs Forest,2086,Northern Beaches,Northern Beaches,selected outer-region 60-90-minute estimate,919,253738,57.51,100.00,19,3,1,21,4,true,true,false,false,false,false,coverage dataset only,Owner review: retain; monitor and prioritise genuine evidence
/service-areas/northern-beaches/northern-beaches/freshwater/,Freshwater,2096,Northern Beaches,Northern Beaches,selected outer-region 60-90-minute estimate,898,253375,58.89,100.00,19,3,1,21,4,true,true,false,false,false,false,coverage dataset only,Owner review: retain; monitor and prioritise genuine evidence
/service-areas/northern-beaches/northern-beaches/great-mackerel-beach/,Great Mackerel Beach,2108,Northern Beaches,Northern Beaches,selected outer-region 60-90-minute estimate,940,254422,56.20,100.00,19,3,1,21,4,true,true,false,false,false,false,coverage dataset only,Owner review: retain; monitor and prioritise genuine evidence
/service-areas/northern-beaches/northern-beaches/ingleside/,Ingleside,2101,Northern Beaches,Northern Beaches,selected outer-region 60-90-minute estimate,898,253193,58.89,100.00,19,3,1,21,4,true,true,false,false,false,false,coverage dataset only,Owner review: retain; monitor and prioritise genuine evidence
/service-areas/northern-beaches/northern-beaches/killarney-heights/,Killarney Heights,2087,Northern Beaches,Northern Beaches,selected outer-region 60-90-minute estimate,919,254074,57.51,100.00,19,3,1,21,4,true,true,false,false,false,false,coverage dataset only,Owner review: retain; monitor and prioritise genuine evidence
/service-areas/northern-beaches/northern-beaches/ku-ring-gai-chase/,Ku-Ring-Gai Chase,2084,Northern Beaches,Northern Beaches,selected outer-region 60-90-minute estimate,919,254134,57.51,100.00,19,3,1,21,4,true,true,false,false,false,false,coverage dataset only,Owner review: retain; monitor and prioritise genuine evidence
/service-areas/northern-beaches/northern-beaches/lovett-bay/,Lovett Bay,2105,Northern Beaches,Northern Beaches,selected outer-region 60-90-minute estimate,919,253249,57.51,100.00,19,3,1,21,4,true,true,false,false,false,false,coverage dataset only,Owner review: retain; monitor and prioritise genuine evidence
/service-areas/northern-beaches/northern-beaches/manly-vale/,Manly Vale,2093,Northern Beaches,Northern Beaches,selected outer-region 60-90-minute estimate,919,253261,57.51,100.00,19,3,1,21,4,true,true,false,false,false,false,coverage dataset only,Owner review: retain; monitor and prioritise genuine evidence
/service-areas/northern-beaches/northern-beaches/manly/,Manly,2095,Northern Beaches,Northern Beaches,selected outer-region 60-90-minute estimate,898,252734,58.89,100.00,19,3,1,21,4,true,true,false,false,false,false,coverage dataset only,Owner review: retain; monitor and prioritise genuine evidence
/service-areas/northern-beaches/northern-beaches/mona-vale/,Mona Vale,2103,Northern Beaches,Northern Beaches,selected outer-region 60-90-minute estimate,919,253145,57.51,100.00,19,3,1,21,4,true,true,false,false,false,false,coverage dataset only,Owner review: retain; monitor and prioritise genuine evidence
/service-areas/northern-beaches/northern-beaches/morning-bay/,Morning Bay,2105,Northern Beaches,Northern Beaches,selected outer-region 60-90-minute estimate,919,253365,57.51,100.00,19,3,1,21,4,true,true,false,false,false,false,coverage dataset only,Owner review: retain; monitor and prioritise genuine evidence
/service-areas/northern-beaches/northern-beaches/narrabeen/,Narrabeen,2101,Northern Beaches,Northern Beaches,selected outer-region 60-90-minute estimate,898,253259,58.89,100.00,19,3,1,21,4,true,true,false,false,false,false,coverage dataset only,Owner review: retain; monitor and prioritise genuine evidence
/service-areas/northern-beaches/northern-beaches/narraweena/,Narraweena,2099,Northern Beaches,Northern Beaches,selected outer-region 60-90-minute estimate,898,253309,58.89,100.00,19,3,1,21,4,true,true,false,false,false,false,coverage dataset only,Owner review: retain; monitor and prioritise genuine evidence
/service-areas/northern-beaches/northern-beaches/newport/,Newport,2106,Northern Beaches,Northern Beaches,selected outer-region 60-90-minute estimate,898,253014,58.89,100.00,19,3,1,21,4,true,true,false,false,false,false,coverage dataset only,Owner review: retain; monitor and prioritise genuine evidence
/service-areas/northern-beaches/northern-beaches/north-balgowlah/,North Balgowlah,2093,Northern Beaches,Northern Beaches,selected outer-region 60-90-minute estimate,919,253842,57.51,100.00,19,3,1,21,4,true,true,false,false,false,false,coverage dataset only,Owner review: retain; monitor and prioritise genuine evidence
/service-areas/northern-beaches/northern-beaches/north-curl-curl/,North Curl Curl,2099,Northern Beaches,Northern Beaches,selected outer-region 60-90-minute estimate,940,253968,56.20,100.00,19,3,1,21,4,true,true,false,false,false,false,coverage dataset only,Owner review: retain; monitor and prioritise genuine evidence
/service-areas/northern-beaches/northern-beaches/north-manly/,North Manly,2100,Northern Beaches,Northern Beaches,selected outer-region 60-90-minute estimate,919,253425,57.51,100.00,19,3,1,21,4,true,true,false,false,false,false,coverage dataset only,Owner review: retain; monitor and prioritise genuine evidence
/service-areas/northern-beaches/northern-beaches/north-narrabeen/,North Narrabeen,2101,Northern Beaches,Northern Beaches,selected outer-region 60-90-minute estimate,919,253968,57.51,100.00,19,3,1,21,4,true,true,false,false,false,false,coverage dataset only,Owner review: retain; monitor and prioritise genuine evidence
/service-areas/northern-beaches/northern-beaches/oxford-falls/,Oxford Falls,2100,Northern Beaches,Northern Beaches,selected outer-region 60-90-minute estimate,919,253541,57.51,100.00,19,3,1,21,4,true,true,false,false,false,false,coverage dataset only,Owner review: retain; monitor and prioritise genuine evidence
/service-areas/northern-beaches/northern-beaches/palm-beach/,Palm Beach,2108,Northern Beaches,Northern Beaches,selected outer-region 60-90-minute estimate,919,253375,57.51,100.00,19,3,1,21,4,true,true,false,false,false,false,coverage dataset only,Owner review: retain; monitor and prioritise genuine evidence
/service-areas/northern-beaches/northern-beaches/queenscliff/,Queenscliff,2096,Northern Beaches,Northern Beaches,selected outer-region 60-90-minute estimate,898,253491,58.89,100.00,19,3,1,21,4,true,true,false,false,false,false,coverage dataset only,Owner review: retain; monitor and prioritise genuine evidence
/service-areas/northern-beaches/northern-beaches/scotland-island/,Scotland Island,2105,Northern Beaches,Northern Beaches,selected outer-region 60-90-minute estimate,919,253902,57.51,100.00,19,3,1,21,4,true,true,false,false,false,false,coverage dataset only,Owner review: retain; monitor and prioritise genuine evidence
/service-areas/northern-beaches/northern-beaches/seaforth/,Seaforth,2092,Northern Beaches,Northern Beaches,selected outer-region 60-90-minute estimate,898,253004,58.89,100.00,19,3,1,21,4,true,true,false,false,false,false,coverage dataset only,Owner review: retain; monitor and prioritise genuine evidence
/service-areas/northern-beaches/northern-beaches/terrey-hills/,Terrey Hills,2084,Northern Beaches,Northern Beaches,selected outer-region 60-90-minute estimate,919,253493,57.51,100.00,19,3,1,21,4,true,true,false,false,false,false,coverage dataset only,Owner review: retain; monitor and prioritise genuine evidence
/service-areas/northern-beaches/northern-beaches/warriewood/,Warriewood,2102,Northern Beaches,Northern Beaches,selected outer-region 60-90-minute estimate,898,253261,58.89,100.00,19,3,1,21,4,true,true,false,false,false,false,coverage dataset only,Owner review: retain; monitor and prioritise genuine evidence
/service-areas/northern-beaches/northern-beaches/whale-beach/,Whale Beach,2107,Northern Beaches,Northern Beaches,selected outer-region 60-90-minute estimate,919,253491,57.51,100.00,19,3,1,21,4,true,true,false,false,false,false,coverage dataset only,Owner review: retain; monitor and prioritise genuine evidence
/service-areas/northern-beaches/northern-beaches/wheeler-heights/,Wheeler Heights,2097,Northern Beaches,Northern Beaches,selected outer-region 60-90-minute estimate,919,253842,57.51,100.00,19,3,1,21,4,true,true,false,false,false,false,coverage dataset only,Owner review: retain; monitor and prioritise genuine evidence
/service-areas/northern-sydney-and-ryde/hunters-hill/gladesville/,Gladesville,2111,Hunters Hill,Northern Sydney & Ryde,core 60-minute target,897,253415,58.68,100.00,19,3,1,21,4,true,true,false,false,false,false,coverage dataset only,Owner review: retain; monitor and prioritise genuine evidence
/service-areas/northern-sydney-and-ryde/hunters-hill/henley/,Henley,2111,Hunters Hill,Northern Sydney & Ryde,core 60-minute target,897,252797,58.68,100.00,19,3,1,21,4,true,true,false,false,false,false,coverage dataset only,Owner review: retain; monitor and prioritise genuine evidence
/service-areas/northern-sydney-and-ryde/hunters-hill/hunters-hill/,Hunters Hill,2110,Hunters Hill,Northern Sydney & Ryde,core 60-minute target,918,253531,57.30,100.00,19,3,1,21,4,true,true,false,false,false,false,coverage dataset only,Owner review: retain; monitor and prioritise genuine evidence
/service-areas/northern-sydney-and-ryde/hunters-hill/huntleys-cove/,Huntleys Cove,2111,Hunters Hill,Northern Sydney & Ryde,core 60-minute target,918,253695,57.30,100.00,19,3,1,21,4,true,true,false,false,false,false,coverage dataset only,Owner review: retain; monitor and prioritise genuine evidence
/service-areas/northern-sydney-and-ryde/hunters-hill/huntleys-point/,Huntleys Point,2111,Hunters Hill,Northern Sydney & Ryde,core 60-minute target,918,253751,57.30,100.00,19,3,1,21,4,true,true,false,false,false,false,coverage dataset only,Owner review: retain; monitor and prioritise genuine evidence
/service-areas/northern-sydney-and-ryde/hunters-hill/woolwich/,Woolwich,2110,Hunters Hill,Northern Sydney & Ryde,core 60-minute target,897,253029,58.68,100.00,19,3,1,21,4,true,true,false,false,false,false,coverage dataset only,Owner review: retain; monitor and prioritise genuine evidence
/service-areas/northern-sydney-and-ryde/ku-ring-gai/east-killara/,East Killara,2071,Ku-ring-gai,Northern Sydney & Ryde,core 60-minute target,912,253491,57.39,100.00,19,3,1,21,4,true,true,false,false,false,false,coverage dataset only,Owner review: retain; monitor and prioritise genuine evidence
/service-areas/northern-sydney-and-ryde/ku-ring-gai/east-lindfield/,East Lindfield,2070,Ku-ring-gai,Northern Sydney & Ryde,core 60-minute target,912,253723,57.39,100.00,19,3,1,21,4,true,true,false,false,false,false,coverage dataset only,Owner review: retain; monitor and prioritise genuine evidence
/service-areas/northern-sydney-and-ryde/ku-ring-gai/gordon/,Gordon,2072,Ku-ring-gai,Northern Sydney & Ryde,core 60-minute target,891,252769,58.78,100.00,19,3,1,21,4,true,true,false,false,false,false,coverage dataset only,Owner review: retain; monitor and prioritise genuine evidence
/service-areas/northern-sydney-and-ryde/ku-ring-gai/killara/,Killara,2071,Ku-ring-gai,Northern Sydney & Ryde,core 60-minute target,891,252885,58.78,100.00,19,3,1,21,4,true,true,false,false,false,false,coverage dataset only,Owner review: retain; monitor and prioritise genuine evidence
/service-areas/northern-sydney-and-ryde/ku-ring-gai/lindfield/,Lindfield,2070,Ku-ring-gai,Northern Sydney & Ryde,core 60-minute target,891,253143,58.78,100.00,19,3,1,21,4,true,true,false,false,false,false,coverage dataset only,Owner review: retain; monitor and prioritise genuine evidence
/service-areas/northern-sydney-and-ryde/ku-ring-gai/north-turramurra/,North Turramurra,2074,Ku-ring-gai,Northern Sydney & Ryde,core 60-minute target,912,253955,57.39,100.00,19,3,1,21,4,true,true,false,false,false,false,coverage dataset only,Owner review: retain; monitor and prioritise genuine evidence
/service-areas/northern-sydney-and-ryde/ku-ring-gai/north-wahroonga/,North Wahroonga,2076,Ku-ring-gai,Northern Sydney & Ryde,core 60-minute target,912,253839,57.39,100.00,19,3,1,21,4,true,true,false,false,false,false,coverage dataset only,Owner review: retain; monitor and prioritise genuine evidence
/service-areas/northern-sydney-and-ryde/ku-ring-gai/pymble/,Pymble,2073,Ku-ring-gai,Northern Sydney & Ryde,core 60-minute target,891,252769,58.78,100.00,19,3,1,21,4,true,true,false,false,false,false,coverage dataset only,Owner review: retain; monitor and prioritise genuine evidence
/service-areas/northern-sydney-and-ryde/ku-ring-gai/roseville-chase/,Roseville Chase,2069,Ku-ring-gai,Northern Sydney & Ryde,core 60-minute target,912,253839,57.39,100.00,19,3,1,21,4,true,true,false,false,false,false,coverage dataset only,Owner review: retain; monitor and prioritise genuine evidence
/service-areas/northern-sydney-and-ryde/ku-ring-gai/roseville/,Roseville,2069,Ku-ring-gai,Northern Sydney & Ryde,core 60-minute target,891,253143,58.78,100.00,19,3,1,21,4,true,true,false,false,false,false,coverage dataset only,Owner review: retain; monitor and prioritise genuine evidence
/service-areas/northern-sydney-and-ryde/ku-ring-gai/south-turramurra/,South Turramurra,2074,Ku-ring-gai,Northern Sydney & Ryde,core 60-minute target,912,253955,57.39,100.00,19,3,1,21,4,true,true,false,false,false,false,coverage dataset only,Owner review: retain; monitor and prioritise genuine evidence
/service-areas/northern-sydney-and-ryde/ku-ring-gai/st-ives-chase/,St Ives Chase,2075,Ku-ring-gai,Northern Sydney & Ryde,core 60-minute target,933,253607,56.07,100.00,19,3,1,21,4,true,true,false,false,false,false,coverage dataset only,Owner review: retain; monitor and prioritise genuine evidence
/service-areas/northern-sydney-and-ryde/ku-ring-gai/st-ives/,St Ives,2075,Ku-ring-gai,Northern Sydney & Ryde,core 60-minute target,912,252885,57.39,100.00,19,3,1,21,4,true,true,false,false,false,false,coverage dataset only,Owner review: retain; monitor and prioritise genuine evidence
/service-areas/northern-sydney-and-ryde/ku-ring-gai/turramurra/,Turramurra,2074,Ku-ring-gai,Northern Sydney & Ryde,core 60-minute target,891,253259,58.78,100.00,19,3,1,21,4,true,true,false,false,false,false,coverage dataset only,Owner review: retain; monitor and prioritise genuine evidence
/service-areas/northern-sydney-and-ryde/ku-ring-gai/warrawee/,Warrawee,2074,Ku-ring-gai,Northern Sydney & Ryde,core 60-minute target,891,253001,58.78,100.00,19,3,1,21,4,true,true,false,false,false,false,coverage dataset only,Owner review: retain; monitor and prioritise genuine evidence
/service-areas/northern-sydney-and-ryde/ku-ring-gai/west-pymble/,West Pymble,2073,Ku-ring-gai,Northern Sydney & Ryde,core 60-minute target,912,253375,57.39,100.00,19,3,1,21,4,true,true,false,false,false,false,coverage dataset only,Owner review: retain; monitor and prioritise genuine evidence
/service-areas/northern-sydney-and-ryde/lane-cove/greenwich/,Greenwich,2065,Lane Cove,Northern Sydney & Ryde,core 60-minute target,897,253050,58.68,100.00,19,3,1,21,4,true,true,false,false,false,false,coverage dataset only,Owner review: retain; monitor and prioritise genuine evidence
/service-areas/northern-sydney-and-ryde/lane-cove/lane-cove-north/,Lane Cove North,2066,Lane Cove,Northern Sydney & Ryde,core 60-minute target,939,253759,55.99,100.00,19,3,1,21,4,true,true,false,false,false,false,coverage dataset only,Owner review: retain; monitor and prioritise genuine evidence
/service-areas/northern-sydney-and-ryde/lane-cove/lane-cove-west/,Lane Cove West,2066,Lane Cove,Northern Sydney & Ryde,core 60-minute target,939,253643,55.99,100.00,19,3,1,21,4,true,true,false,false,false,false,coverage dataset only,Owner review: retain; monitor and prioritise genuine evidence
/service-areas/northern-sydney-and-ryde/lane-cove/lane-cove/,Lane Cove,2066,Lane Cove,Northern Sydney & Ryde,core 60-minute target,918,253050,57.30,100.00,19,3,1,21,4,true,true,false,false,false,false,coverage dataset only,Owner review: retain; monitor and prioritise genuine evidence
/service-areas/northern-sydney-and-ryde/lane-cove/linley-point/,Linley Point,2066,Lane Cove,Northern Sydney & Ryde,core 60-minute target,918,253411,57.30,100.00,19,3,1,21,4,true,true,false,false,false,false,coverage dataset only,Owner review: retain; monitor and prioritise genuine evidence
/service-areas/northern-sydney-and-ryde/lane-cove/longueville/,Longueville,2066,Lane Cove,Northern Sydney & Ryde,core 60-minute target,897,253295,58.68,100.00,19,3,1,21,4,true,true,false,false,false,false,coverage dataset only,Owner review: retain; monitor and prioritise genuine evidence
/service-areas/northern-sydney-and-ryde/lane-cove/northwood/,Northwood,2066,Lane Cove,Northern Sydney & Ryde,core 60-minute target,897,253050,58.68,100.00,19,3,1,21,4,true,true,false,false,false,false,coverage dataset only,Owner review: retain; monitor and prioritise genuine evidence
/service-areas/northern-sydney-and-ryde/lane-cove/riverview/,Riverview,2066,Lane Cove,Northern Sydney & Ryde,core 60-minute target,897,253050,58.68,100.00,19,3,1,21,4,true,true,false,false,false,false,coverage dataset only,Owner review: retain; monitor and prioritise genuine evidence
/service-areas/northern-sydney-and-ryde/lane-cove/st-leonards/,St Leonards,2065,Lane Cove,Northern Sydney & Ryde,core 60-minute target,918,253295,57.30,100.00,19,3,1,21,4,true,true,false,false,false,false,coverage dataset only,Owner review: retain; monitor and prioritise genuine evidence
/service-areas/northern-sydney-and-ryde/mosman/mosman/,Mosman,2088,Mosman,Northern Sydney & Ryde,core 60-minute target,891,252569,55.85,100.00,20,3,1,21,4,true,true,false,false,false,false,coverage dataset only,Owner review: retain; monitor and prioritise genuine evidence
/service-areas/northern-sydney-and-ryde/north-sydney/cammeray/,Cammeray,2062,North Sydney,Northern Sydney & Ryde,core 60-minute target,898,253051,58.73,100.00,19,2,69,21,4,true,true,false,false,false,false,coverage dataset only,Owner review: retain; monitor and prioritise genuine evidence
/service-areas/northern-sydney-and-ryde/north-sydney/cremorne-point/,Cremorne Point,2090,North Sydney,Northern Sydney & Ryde,core 60-minute target,918,253743,57.30,98.74,19,2,69,21,4,true,true,false,false,false,false,coverage dataset only,Owner review: retain; monitor and prioritise genuine evidence
/service-areas/northern-sydney-and-ryde/north-sydney/cremorne/,Cremorne,2090,North Sydney,Northern Sydney & Ryde,core 60-minute target,898,253051,58.73,98.61,19,2,69,21,4,true,true,false,false,false,false,coverage dataset only,Owner review: retain; monitor and prioritise genuine evidence
/service-areas/northern-sydney-and-ryde/north-sydney/crows-nest/,Crows Nest,2065,North Sydney,Northern Sydney & Ryde,core 60-minute target,918,253299,57.30,100.00,19,2,10,21,4,true,true,false,false,false,false,coverage dataset only,Owner review: retain; monitor and prioritise genuine evidence
/service-areas/northern-sydney-and-ryde/north-sydney/kirribilli/,Kirribilli,2061,North Sydney,Northern Sydney & Ryde,core 60-minute target,897,253299,58.68,100.00,19,3,1,21,4,true,true,false,false,false,false,coverage dataset only,Owner review: retain; monitor and prioritise genuine evidence
/service-areas/northern-sydney-and-ryde/north-sydney/kurraba-point/,Kurraba Point,2089,North Sydney,Northern Sydney & Ryde,core 60-minute target,918,253647,57.30,100.00,19,3,1,21,4,true,true,false,false,false,false,coverage dataset only,Owner review: retain; monitor and prioritise genuine evidence
/service-areas/northern-sydney-and-ryde/north-sydney/lavender-bay/,Lavender Bay,2060,North Sydney,Northern Sydney & Ryde,core 60-minute target,918,253531,57.30,100.00,19,3,1,21,4,true,true,false,false,false,false,coverage dataset only,Owner review: retain; monitor and prioritise genuine evidence
/service-areas/northern-sydney-and-ryde/north-sydney/mcmahons-point/,McMahons Point,2060,North Sydney,Northern Sydney & Ryde,core 60-minute target,918,253763,57.30,100.00,19,3,1,21,4,true,true,false,false,false,false,coverage dataset only,Owner review: retain; monitor and prioritise genuine evidence
/service-areas/northern-sydney-and-ryde/north-sydney/milsons-point/,Milsons Point,2061,North Sydney,Northern Sydney & Ryde,core 60-minute target,918,253647,57.30,100.00,19,3,1,21,4,true,true,false,false,false,false,coverage dataset only,Owner review: retain; monitor and prioritise genuine evidence
/service-areas/northern-sydney-and-ryde/north-sydney/neutral-bay/,Neutral Bay,2089,North Sydney,Northern Sydney & Ryde,core 60-minute target,918,253415,57.30,100.00,19,3,1,21,4,true,true,false,false,false,false,coverage dataset only,Owner review: retain; monitor and prioritise genuine evidence
/service-areas/northern-sydney-and-ryde/north-sydney/north-sydney/,North Sydney,2060,North Sydney,Northern Sydney & Ryde,core 60-minute target,918,253531,57.30,100.00,19,3,1,21,4,true,true,false,false,false,false,coverage dataset only,Owner review: retain; monitor and prioritise genuine evidence
/service-areas/northern-sydney-and-ryde/north-sydney/waverton/,Waverton,2060,North Sydney,Northern Sydney & Ryde,core 60-minute target,897,253041,58.68,100.00,19,3,1,21,4,true,true,false,false,false,false,coverage dataset only,Owner review: retain; monitor and prioritise genuine evidence
/service-areas/northern-sydney-and-ryde/north-sydney/wollstonecraft/,Wollstonecraft,2065,North Sydney,Northern Sydney & Ryde,core 60-minute target,897,253763,58.68,100.00,19,3,1,21,4,true,true,false,false,false,false,coverage dataset only,Owner review: retain; monitor and prioritise genuine evidence
/service-areas/northern-sydney-and-ryde/ryde/chatswood-west/,Chatswood West,2067,Ryde,Northern Sydney & Ryde,core 60-minute target,913,253450,57.44,98.74,19,2,69,21,4,true,true,false,false,false,false,coverage dataset only,Owner review: retain; monitor and prioritise genuine evidence
/service-areas/northern-sydney-and-ryde/ryde/denistone-east/,Denistone East,2112,Ryde,Northern Sydney & Ryde,core 60-minute target,912,253430,57.39,100.00,19,2,2,21,4,true,true,false,false,false,false,coverage dataset only,Owner review: retain; monitor and prioritise genuine evidence
/service-areas/northern-sydney-and-ryde/ryde/denistone-west/,Denistone West,2114,Ryde,Northern Sydney & Ryde,core 60-minute target,912,253430,57.39,100.00,19,2,2,21,4,true,true,false,false,false,false,coverage dataset only,Owner review: retain; monitor and prioritise genuine evidence
/service-areas/northern-sydney-and-ryde/ryde/denistone/,Denistone,2114,Ryde,Northern Sydney & Ryde,core 60-minute target,891,252837,58.78,100.00,19,2,2,21,4,true,true,false,false,false,false,coverage dataset only,Owner review: retain; monitor and prioritise genuine evidence
/service-areas/northern-sydney-and-ryde/ryde/east-ryde/,East Ryde,2113,Ryde,Northern Sydney & Ryde,core 60-minute target,912,252837,57.39,100.00,19,3,1,21,4,true,true,false,false,false,false,coverage dataset only,Owner review: retain; monitor and prioritise genuine evidence
/service-areas/northern-sydney-and-ryde/ryde/macquarie-park/,Macquarie Park,2113,Ryde,Northern Sydney & Ryde,core 60-minute target,912,253430,57.39,100.00,19,3,1,21,4,true,true,false,false,false,false,coverage dataset only,Owner review: retain; monitor and prioritise genuine evidence
/service-areas/northern-sydney-and-ryde/ryde/marsfield/,Marsfield,2122,Ryde,Northern Sydney & Ryde,core 60-minute target,891,252837,58.78,100.00,19,3,1,21,4,true,true,false,false,false,false,coverage dataset only,Owner review: retain; monitor and prioritise genuine evidence
/service-areas/northern-sydney-and-ryde/ryde/meadowbank/,Meadowbank,2114,Ryde,Northern Sydney & Ryde,core 60-minute target,891,252966,58.78,100.00,19,3,1,21,4,true,true,false,false,false,false,coverage dataset only,Owner review: retain; monitor and prioritise genuine evidence
/service-areas/northern-sydney-and-ryde/ryde/north-ryde/,North Ryde,2113,Ryde,Northern Sydney & Ryde,core 60-minute target,912,252966,57.39,100.00,19,3,1,21,4,true,true,false,false,false,false,coverage dataset only,Owner review: retain; monitor and prioritise genuine evidence
/service-areas/northern-sydney-and-ryde/ryde/putney/,Putney,2112,Ryde,Northern Sydney & Ryde,core 60-minute target,891,252489,58.78,100.00,19,3,1,21,4,true,true,false,false,false,false,coverage dataset only,Owner review: retain; monitor and prioritise genuine evidence
/service-areas/northern-sydney-and-ryde/ryde/ryde/,Ryde,2112,Ryde,Northern Sydney & Ryde,core 60-minute target,891,252245,58.78,100.00,19,3,1,21,4,true,true,false,false,false,false,coverage dataset only,Owner review: retain; monitor and prioritise genuine evidence
/service-areas/northern-sydney-and-ryde/ryde/tennyson-point/,Tennyson Point,2111,Ryde,Northern Sydney & Ryde,core 60-minute target,912,253430,57.39,100.00,19,3,1,21,4,true,true,false,false,false,false,coverage dataset only,Owner review: retain; monitor and prioritise genuine evidence
/service-areas/northern-sydney-and-ryde/ryde/west-ryde/,West Ryde,2114,Ryde,Northern Sydney & Ryde,core 60-minute target,912,252837,57.39,100.00,19,3,1,21,4,true,true,false,false,false,false,coverage dataset only,Owner review: retain; monitor and prioritise genuine evidence
/service-areas/northern-sydney-and-ryde/willoughby/artarmon/,Artarmon,2064,Willoughby,Northern Sydney & Ryde,core 60-minute target,893,252981,58.88,100.00,19,2,69,21,4,true,true,false,false,false,false,coverage dataset only,Owner review: retain; monitor and prioritise genuine evidence
/service-areas/northern-sydney-and-ryde/willoughby/castle-cove/,Castle Cove,2069,Willoughby,Northern Sydney & Ryde,core 60-minute target,913,253340,57.44,100.00,19,2,69,21,4,true,true,false,false,false,false,coverage dataset only,Owner review: retain; monitor and prioritise genuine evidence
/service-areas/northern-sydney-and-ryde/willoughby/castlecrag/,Castlecrag,2068,Willoughby,Northern Sydney & Ryde,core 60-minute target,893,253229,58.88,100.00,19,2,69,21,4,true,true,false,false,false,false,coverage dataset only,Owner review: retain; monitor and prioritise genuine evidence
/service-areas/northern-sydney-and-ryde/willoughby/chatswood/,Chatswood,2067,Willoughby,Northern Sydney & Ryde,core 60-minute target,893,253129,58.88,98.62,19,2,69,21,4,true,true,false,false,false,false,coverage dataset only,Owner review: retain; monitor and prioritise genuine evidence
/service-areas/northern-sydney-and-ryde/willoughby/middle-cove/,Middle Cove,2068,Willoughby,Northern Sydney & Ryde,core 60-minute target,912,253335,57.39,100.00,19,3,1,21,4,true,true,false,false,false,false,coverage dataset only,Owner review: retain; monitor and prioritise genuine evidence
/service-areas/northern-sydney-and-ryde/willoughby/naremburn/,Naremburn,2065,Willoughby,Northern Sydney & Ryde,core 60-minute target,891,253090,58.78,100.00,19,3,1,21,4,true,true,false,false,false,false,coverage dataset only,Owner review: retain; monitor and prioritise genuine evidence
/service-areas/northern-sydney-and-ryde/willoughby/north-willoughby/,North Willoughby,2068,Willoughby,Northern Sydney & Ryde,core 60-minute target,912,253915,57.39,100.00,19,3,1,21,4,true,true,false,false,false,false,coverage dataset only,Owner review: retain; monitor and prioritise genuine evidence
/service-areas/northern-sydney-and-ryde/willoughby/northbridge/,Northbridge,2063,Willoughby,Northern Sydney & Ryde,core 60-minute target,891,253335,58.78,100.00,19,3,1,21,4,true,true,false,false,false,false,coverage dataset only,Owner review: retain; monitor and prioritise genuine evidence
/service-areas/northern-sydney-and-ryde/willoughby/willoughby-east/,Willoughby East,2068,Willoughby,Northern Sydney & Ryde,core 60-minute target,912,253799,57.39,100.00,19,3,1,21,4,true,true,false,false,false,false,coverage dataset only,Owner review: retain; monitor and prioritise genuine evidence
/service-areas/northern-sydney-and-ryde/willoughby/willoughby/,Willoughby,2068,Willoughby,Northern Sydney & Ryde,core 60-minute target,891,253219,58.78,100.00,19,3,1,21,4,true,true,false,false,false,false,coverage dataset only,Owner review: retain; monitor and prioritise genuine evidence
/service-areas/parramatta-and-cumberland/cumberland/auburn/,Auburn,2144,Cumberland,Parramatta & Cumberland,core 60-minute target,881,252761,58.66,100.00,19,2,45,21,4,true,true,false,false,false,false,coverage dataset only,Owner review: retain; monitor and prioritise genuine evidence
/service-areas/parramatta-and-cumberland/cumberland/berala/,Berala,2141,Cumberland,Parramatta & Cumberland,core 60-minute target,881,252749,58.66,100.00,19,2,45,21,4,true,true,false,false,false,false,coverage dataset only,Owner review: retain; monitor and prioritise genuine evidence
/service-areas/parramatta-and-cumberland/cumberland/girraween/,Girraween,2145,Cumberland,Parramatta & Cumberland,core 60-minute target,881,253125,58.66,100.00,19,2,2,21,4,true,true,false,false,false,false,coverage dataset only,Owner review: retain; monitor and prioritise genuine evidence
/service-areas/parramatta-and-cumberland/cumberland/greystanes/,Greystanes,2145,Cumberland,Parramatta & Cumberland,core 60-minute target,881,253229,58.66,100.00,19,3,1,21,4,true,true,false,false,false,false,coverage dataset only,Owner review: retain; monitor and prioritise genuine evidence
/service-areas/parramatta-and-cumberland/cumberland/guildford-west/,Guildford West,2161,Cumberland,Parramatta & Cumberland,core 60-minute target,902,253705,57.27,100.00,19,3,1,21,4,true,true,false,false,false,false,coverage dataset only,Owner review: retain; monitor and prioritise genuine evidence
/service-areas/parramatta-and-cumberland/cumberland/guildford/,Guildford,2161,Cumberland,Parramatta & Cumberland,core 60-minute target,881,253125,58.66,100.00,19,3,1,21,4,true,true,false,false,false,false,coverage dataset only,Owner review: retain; monitor and prioritise genuine evidence
/service-areas/parramatta-and-cumberland/cumberland/holroyd/,Holroyd,2142,Cumberland,Parramatta & Cumberland,core 60-minute target,881,252915,58.66,100.00,19,3,1,21,4,true,true,false,false,false,false,coverage dataset only,Owner review: retain; monitor and prioritise genuine evidence
/service-areas/parramatta-and-cumberland/cumberland/lidcombe/,Lidcombe,2141,Cumberland,Parramatta & Cumberland,core 60-minute target,881,252983,58.66,100.00,19,3,1,21,4,true,true,false,false,false,false,coverage dataset only,Owner review: retain; monitor and prioritise genuine evidence
/service-areas/parramatta-and-cumberland/cumberland/merrylands-west/,Merrylands West,2160,Cumberland,Parramatta & Cumberland,core 60-minute target,902,253869,57.27,100.00,19,3,1,21,4,true,true,false,false,false,false,coverage dataset only,Owner review: retain; monitor and prioritise genuine evidence
/service-areas/parramatta-and-cumberland/cumberland/merrylands/,Merrylands,2160,Cumberland,Parramatta & Cumberland,core 60-minute target,881,253253,58.66,100.00,19,2,2,21,4,true,true,false,false,false,false,coverage dataset only,Owner review: retain; monitor and prioritise genuine evidence
/service-areas/parramatta-and-cumberland/cumberland/pemulwuy/,Pemulwuy,2145,Cumberland,Parramatta & Cumberland,core 60-minute target,881,252983,58.66,100.00,19,3,1,21,4,true,true,false,false,false,false,coverage dataset only,Owner review: retain; monitor and prioritise genuine evidence
/service-areas/parramatta-and-cumberland/cumberland/pendle-hill/,Pendle Hill,2145,Cumberland,Parramatta & Cumberland,core 60-minute target,902,253357,57.27,100.00,19,3,1,21,4,true,true,false,false,false,false,coverage dataset only,Owner review: retain; monitor and prioritise genuine evidence
/service-areas/parramatta-and-cumberland/cumberland/regents-park/,Regents Park,2143,Cumberland,Parramatta & Cumberland,core 60-minute target,902,253473,57.27,100.00,19,3,1,21,4,true,true,false,false,false,false,coverage dataset only,Owner review: retain; monitor and prioritise genuine evidence
/service-areas/parramatta-and-cumberland/cumberland/rookwood/,Rookwood,2141,Cumberland,Parramatta & Cumberland,core 60-minute target,881,253031,58.66,100.00,19,3,1,21,4,true,true,false,false,false,false,coverage dataset only,Owner review: retain; monitor and prioritise genuine evidence
/service-areas/parramatta-and-cumberland/cumberland/south-granville/,South Granville,2142,Cumberland,Parramatta & Cumberland,core 60-minute target,902,253821,57.27,100.00,19,3,1,21,4,true,true,false,false,false,false,coverage dataset only,Owner review: retain; monitor and prioritise genuine evidence
/service-areas/parramatta-and-cumberland/cumberland/south-wentworthville/,South Wentworthville,2145,Cumberland,Parramatta & Cumberland,core 60-minute target,902,254449,57.27,100.00,19,3,1,21,4,true,true,false,false,false,false,coverage dataset only,Owner review: retain; monitor and prioritise genuine evidence
/service-areas/parramatta-and-cumberland/cumberland/wentworthville/,Wentworthville,2145,Cumberland,Parramatta & Cumberland,core 60-minute target,881,253705,58.66,100.00,19,3,1,21,4,true,true,false,false,false,false,coverage dataset only,Owner review: retain; monitor and prioritise genuine evidence
/service-areas/parramatta-and-cumberland/cumberland/westmead/,Westmead,2145,Cumberland,Parramatta & Cumberland,core 60-minute target,881,252983,58.66,100.00,19,3,1,21,4,true,true,false,false,false,false,coverage dataset only,Owner review: retain; monitor and prioritise genuine evidence
/service-areas/parramatta-and-cumberland/cumberland/woodpark/,Woodpark,2164,Cumberland,Parramatta & Cumberland,core 60-minute target,881,252983,58.66,100.00,19,3,1,21,4,true,true,false,false,false,false,coverage dataset only,Owner review: retain; monitor and prioritise genuine evidence
/service-areas/parramatta-and-cumberland/parramatta/carlingford/,Carlingford,2118,Parramatta,Parramatta & Cumberland,core 60-minute target,881,253342,58.66,100.00,19,2,45,21,4,true,true,false,false,false,false,coverage dataset only,Owner review: retain; monitor and prioritise genuine evidence
/service-areas/parramatta-and-cumberland/parramatta/clyde/,Clyde,2142,Parramatta,Parramatta & Cumberland,core 60-minute target,881,252650,58.66,100.00,19,2,45,21,4,true,true,false,false,false,false,coverage dataset only,Owner review: retain; monitor and prioritise genuine evidence
/service-areas/parramatta-and-cumberland/parramatta/constitution-hill/,Constitution Hill,2145,Parramatta,Parramatta & Cumberland,core 60-minute target,901,253996,57.21,100.00,19,2,45,21,4,true,true,false,false,false,false,coverage dataset only,Owner review: retain; monitor and prioritise genuine evidence
/service-areas/parramatta-and-cumberland/parramatta/dundas-valley/,Dundas Valley,2117,Parramatta,Parramatta & Cumberland,core 60-minute target,901,253612,57.21,100.00,19,2,45,21,4,true,true,false,false,false,false,coverage dataset only,Owner review: retain; monitor and prioritise genuine evidence
/service-areas/parramatta-and-cumberland/parramatta/dundas/,Dundas,2117,Parramatta,Parramatta & Cumberland,core 60-minute target,881,252809,58.66,98.61,19,2,45,21,4,true,true,false,false,false,false,coverage dataset only,Owner review: retain; monitor and prioritise genuine evidence
/service-areas/parramatta-and-cumberland/parramatta/eastwood/,Eastwood,2122,Parramatta,Parramatta & Cumberland,core 60-minute target,881,252983,58.66,100.00,19,2,10,21,4,true,true,false,false,false,false,coverage dataset only,Owner review: retain; monitor and prioritise genuine evidence
/service-areas/parramatta-and-cumberland/parramatta/epping/,Epping,2121,Parramatta,Parramatta & Cumberland,core 60-minute target,881,252751,58.66,100.00,19,2,2,21,4,true,true,false,false,false,false,coverage dataset only,Owner review: retain; monitor and prioritise genuine evidence
/service-areas/parramatta-and-cumberland/parramatta/ermington/,Ermington,2115,Parramatta,Parramatta & Cumberland,core 60-minute target,881,253173,58.66,100.00,19,2,2,21,4,true,true,false,false,false,false,coverage dataset only,Owner review: retain; monitor and prioritise genuine evidence
/service-areas/parramatta-and-cumberland/parramatta/granville/,Granville,2142,Parramatta,Parramatta & Cumberland,core 60-minute target,881,253125,58.66,100.00,19,3,1,21,4,true,true,false,false,false,false,coverage dataset only,Owner review: retain; monitor and prioritise genuine evidence
/service-areas/parramatta-and-cumberland/parramatta/harris-park/,Harris Park,2150,Parramatta,Parramatta & Cumberland,core 60-minute target,902,253357,57.27,100.00,19,3,1,21,4,true,true,false,false,false,false,coverage dataset only,Owner review: retain; monitor and prioritise genuine evidence
/service-areas/parramatta-and-cumberland/parramatta/mays-hill/,Mays Hill,2145,Parramatta,Parramatta & Cumberland,core 60-minute target,902,253173,57.27,98.61,19,3,1,21,4,true,true,false,false,false,false,coverage dataset only,Owner review: retain; monitor and prioritise genuine evidence
/service-areas/parramatta-and-cumberland/parramatta/melrose-park/,Melrose Park,2114,Parramatta,Parramatta & Cumberland,core 60-minute target,902,253473,57.27,100.00,19,3,1,21,4,true,true,false,false,false,false,coverage dataset only,Owner review: retain; monitor and prioritise genuine evidence
/service-areas/parramatta-and-cumberland/parramatta/newington/,Newington,2127,Parramatta,Parramatta & Cumberland,core 60-minute target,881,253113,58.66,100.00,19,3,1,21,4,true,true,false,false,false,false,coverage dataset only,Owner review: retain; monitor and prioritise genuine evidence
/service-areas/parramatta-and-cumberland/parramatta/north-parramatta/,North Parramatta,2151,Parramatta,Parramatta & Cumberland,core 60-minute target,902,253937,57.27,100.00,19,3,1,21,4,true,true,false,false,false,false,coverage dataset only,Owner review: retain; monitor and prioritise genuine evidence
/service-areas/parramatta-and-cumberland/parramatta/north-rocks/,North Rocks,2151,Parramatta,Parramatta & Cumberland,core 60-minute target,902,253357,57.27,100.00,19,3,1,21,4,true,true,false,false,false,false,coverage dataset only,Owner review: retain; monitor and prioritise genuine evidence
/service-areas/parramatta-and-cumberland/parramatta/northmead/,Northmead,2152,Parramatta,Parramatta & Cumberland,core 60-minute target,881,253125,58.66,100.00,19,3,1,21,4,true,true,false,false,false,false,coverage dataset only,Owner review: retain; monitor and prioritise genuine evidence
/service-areas/parramatta-and-cumberland/parramatta/oatlands/,Oatlands,2117,Parramatta,Parramatta & Cumberland,core 60-minute target,881,252971,58.66,100.00,19,3,1,21,4,true,true,false,false,false,false,coverage dataset only,Owner review: retain; monitor and prioritise genuine evidence
/service-areas/parramatta-and-cumberland/parramatta/old-toongabbie/,Old Toongabbie,2146,Parramatta,Parramatta & Cumberland,core 60-minute target,902,253693,57.27,100.00,19,3,1,21,4,true,true,false,false,false,false,coverage dataset only,Owner review: retain; monitor and prioritise genuine evidence
/service-areas/parramatta-and-cumberland/parramatta/parramatta/,Parramatta,2150,Parramatta,Parramatta & Cumberland,core 60-minute target,881,253273,58.66,100.00,19,2,46,21,4,true,true,false,false,false,false,coverage dataset only,Owner review: retain; monitor and prioritise genuine evidence
/service-areas/parramatta-and-cumberland/parramatta/rosehill/,Rosehill,2142,Parramatta,Parramatta & Cumberland,core 60-minute target,881,252983,58.66,100.00,19,3,1,21,4,true,true,false,false,false,false,coverage dataset only,Owner review: retain; monitor and prioritise genuine evidence
/service-areas/parramatta-and-cumberland/parramatta/rydalmere/,Rydalmere,2116,Parramatta,Parramatta & Cumberland,core 60-minute target,881,253125,58.66,100.00,19,3,1,21,4,true,true,false,false,false,false,coverage dataset only,Owner review: retain; monitor and prioritise genuine evidence
/service-areas/parramatta-and-cumberland/parramatta/silverwater/,Silverwater,2128,Parramatta,Parramatta & Cumberland,core 60-minute target,881,253357,58.66,100.00,19,3,1,21,4,true,true,false,false,false,false,coverage dataset only,Owner review: retain; monitor and prioritise genuine evidence
/service-areas/parramatta-and-cumberland/parramatta/sydney-olympic-park/,Sydney Olympic Park,2127,Parramatta,Parramatta & Cumberland,core 60-minute target,923,254285,55.94,100.00,19,3,1,21,4,true,true,false,false,false,false,coverage dataset only,Owner review: retain; monitor and prioritise genuine evidence
/service-areas/parramatta-and-cumberland/parramatta/telopea/,Telopea,2117,Parramatta,Parramatta & Cumberland,core 60-minute target,881,252855,58.66,100.00,19,3,1,21,4,true,true,false,false,false,false,coverage dataset only,Owner review: retain; monitor and prioritise genuine evidence
/service-areas/parramatta-and-cumberland/parramatta/wentworth-point/,Wentworth Point,2127,Parramatta,Parramatta & Cumberland,core 60-minute target,902,253809,57.27,100.00,19,3,1,21,4,true,true,false,false,false,false,coverage dataset only,Owner review: retain; monitor and prioritise genuine evidence
/service-areas/southern-highlands/wingecarribee/alpine/,Alpine,2575,Wingecarribee,Southern Highlands,core 60-minute target,879,252662,58.56,100.00,19,3,29,21,4,true,true,false,false,false,false,coverage dataset only,Owner review: retain; monitor and prioritise genuine evidence
/service-areas/southern-highlands/wingecarribee/avoca/,Avoca,2577,Wingecarribee,Southern Highlands,core 60-minute target,879,252491,58.56,100.00,19,3,29,21,4,true,true,false,false,false,false,coverage dataset only,Owner review: retain; monitor and prioritise genuine evidence
/service-areas/southern-highlands/wingecarribee/aylmerton/,Aylmerton,2575,Wingecarribee,Southern Highlands,core 60-minute target,879,252960,58.56,100.00,19,3,29,21,4,true,true,false,false,false,false,coverage dataset only,Owner review: retain; monitor and prioritise genuine evidence
/service-areas/southern-highlands/wingecarribee/balaclava/,Balaclava,2575,Wingecarribee,Southern Highlands,core 60-minute target,879,253008,58.56,100.00,19,3,29,21,4,true,true,false,false,false,false,coverage dataset only,Owner review: retain; monitor and prioritise genuine evidence
/service-areas/southern-highlands/wingecarribee/balmoral/,Balmoral,2571,Wingecarribee,Southern Highlands,core 60-minute target,879,252824,58.56,100.00,19,3,29,21,4,true,true,false,false,false,false,coverage dataset only,Owner review: retain; monitor and prioritise genuine evidence
/service-areas/southern-highlands/wingecarribee/bargo/,Bargo,2574,Wingecarribee,Southern Highlands,core 60-minute target,879,252503,58.56,100.00,19,3,29,21,4,true,true,false,false,false,false,coverage dataset only,Owner review: retain; monitor and prioritise genuine evidence
/service-areas/southern-highlands/wingecarribee/berrima/,Berrima,2577,Wingecarribee,Southern Highlands,core 60-minute target,879,252725,58.56,100.00,19,3,29,21,4,true,true,false,false,false,false,coverage dataset only,Owner review: retain; monitor and prioritise genuine evidence
/service-areas/southern-highlands/wingecarribee/bowral/,Bowral,2576,Wingecarribee,Southern Highlands,core 60-minute target,879,252614,58.56,100.00,19,3,29,21,4,true,true,false,false,false,false,coverage dataset only,Owner review: retain; monitor and prioritise genuine evidence
/service-areas/southern-highlands/wingecarribee/braemar/,Braemar,2575,Wingecarribee,Southern Highlands,core 60-minute target,879,252725,58.56,100.00,19,3,10,21,4,true,true,false,false,false,false,coverage dataset only,Owner review: retain; monitor and prioritise genuine evidence
/service-areas/southern-highlands/wingecarribee/burradoo/,Burradoo,2576,Wingecarribee,Southern Highlands,core 60-minute target,879,252889,58.56,100.00,19,3,2,21,4,true,true,false,false,false,false,coverage dataset only,Owner review: retain; monitor and prioritise genuine evidence
/service-areas/southern-highlands/wingecarribee/burrawang/,Burrawang,2577,Wingecarribee,Southern Highlands,core 60-minute target,879,252970,58.56,100.00,19,3,2,21,4,true,true,false,false,false,false,coverage dataset only,Owner review: retain; monitor and prioritise genuine evidence
/service-areas/southern-highlands/wingecarribee/buxton/,Buxton,2571,Wingecarribee,Southern Highlands,core 60-minute target,879,252597,58.56,98.73,19,3,2,21,4,true,true,false,false,false,false,coverage dataset only,Owner review: retain; monitor and prioritise genuine evidence
/service-areas/southern-highlands/wingecarribee/colo-vale/,Colo Vale,2575,Wingecarribee,Southern Highlands,core 60-minute target,900,252958,57.16,100.00,19,4,1,21,4,true,true,false,false,false,false,coverage dataset only,Owner review: retain; monitor and prioritise genuine evidence
/service-areas/southern-highlands/wingecarribee/east-kangaloon/,East Kangaloon,2576,Wingecarribee,Southern Highlands,core 60-minute target,900,253611,57.16,100.00,19,4,1,21,4,true,true,false,false,false,false,coverage dataset only,Owner review: retain; monitor and prioritise genuine evidence
/service-areas/southern-highlands/wingecarribee/exeter/,Exeter,2579,Wingecarribee,Southern Highlands,core 60-minute target,879,252609,58.56,100.00,19,4,1,21,4,true,true,false,false,false,false,coverage dataset only,Owner review: retain; monitor and prioritise genuine evidence
/service-areas/southern-highlands/wingecarribee/glenquarry/,Glenquarry,2576,Wingecarribee,Southern Highlands,core 60-minute target,879,253134,58.56,100.00,19,4,1,21,4,true,true,false,false,false,false,coverage dataset only,Owner review: retain; monitor and prioritise genuine evidence
/service-areas/southern-highlands/wingecarribee/hill-top/,Hill Top,2575,Wingecarribee,Southern Highlands,core 60-minute target,900,252889,57.16,100.00,19,4,1,21,4,true,true,false,false,false,false,coverage dataset only,Owner review: retain; monitor and prioritise genuine evidence
/service-areas/southern-highlands/wingecarribee/kangaloon/,Kangaloon,2576,Wingecarribee,Southern Highlands,core 60-minute target,879,253018,58.56,100.00,19,4,1,21,4,true,true,false,false,false,false,coverage dataset only,Owner review: retain; monitor and prioritise genuine evidence
/service-areas/southern-highlands/wingecarribee/medway/,Medway,2577,Wingecarribee,Southern Highlands,core 60-minute target,879,252609,58.56,100.00,19,4,1,21,4,true,true,false,false,false,false,coverage dataset only,Owner review: retain; monitor and prioritise genuine evidence
/service-areas/southern-highlands/wingecarribee/mittagong/,Mittagong,2575,Wingecarribee,Southern Highlands,core 60-minute target,879,252970,58.56,100.00,19,4,1,21,4,true,true,false,false,false,false,coverage dataset only,Owner review: retain; monitor and prioritise genuine evidence
/service-areas/southern-highlands/wingecarribee/moss-vale/,Moss Vale,2577,Wingecarribee,Southern Highlands,core 60-minute target,900,252970,57.16,100.00,19,4,1,21,4,true,true,false,false,false,false,coverage dataset only,Owner review: retain; monitor and prioritise genuine evidence
/service-areas/southern-highlands/wingecarribee/new-berrima/,New Berrima,2577,Wingecarribee,Southern Highlands,core 60-minute target,900,253202,57.16,100.00,19,4,1,21,4,true,true,false,false,false,false,coverage dataset only,Owner review: retain; monitor and prioritise genuine evidence
/service-areas/southern-highlands/wingecarribee/renwick/,Renwick,2575,Wingecarribee,Southern Highlands,core 60-minute target,879,252773,58.56,100.00,19,4,1,21,4,true,true,false,false,false,false,coverage dataset only,Owner review: retain; monitor and prioritise genuine evidence
/service-areas/southern-highlands/wingecarribee/sutton-forest/,Sutton Forest,2577,Wingecarribee,Southern Highlands,core 60-minute target,900,253495,57.16,100.00,19,4,1,21,4,true,true,false,false,false,false,coverage dataset only,Owner review: retain; monitor and prioritise genuine evidence
/service-areas/southern-highlands/wingecarribee/welby/,Welby,2575,Wingecarribee,Southern Highlands,core 60-minute target,879,252541,58.56,100.00,19,4,1,21,4,true,true,false,false,false,false,coverage dataset only,Owner review: retain; monitor and prioritise genuine evidence
/service-areas/southern-highlands/wingecarribee/willow-vale/,Willow Vale,2575,Wingecarribee,Southern Highlands,core 60-minute target,900,253250,57.16,100.00,19,4,1,21,4,true,true,false,false,false,false,coverage dataset only,Owner review: retain; monitor and prioritise genuine evidence
/service-areas/southern-highlands/wingecarribee/woodlands/,Woodlands,2575,Wingecarribee,Southern Highlands,core 60-minute target,879,253018,58.56,100.00,19,4,1,21,4,true,true,false,false,false,false,coverage dataset only,Owner review: retain; monitor and prioritise genuine evidence
/service-areas/southern-highlands/wingecarribee/yerrinbool/,Yerrinbool,2575,Wingecarribee,Southern Highlands,core 60-minute target,879,253134,58.56,100.00,19,4,1,21,4,true,true,false,false,false,false,coverage dataset only,Owner review: retain; monitor and prioritise genuine evidence
/service-areas/st-george-and-bayside/bayside-and-airport/banksmeadow/,Banksmeadow,2019,Bayside & Airport,St George & Bayside,core 60-minute target,901,253807,58.89,100.00,19,3,45,21,4,true,true,false,false,false,false,coverage dataset only,Owner review: retain; monitor and prioritise genuine evidence
/service-areas/st-george-and-bayside/bayside-and-airport/botany/,Botany,2019,Bayside & Airport,St George & Bayside,core 60-minute target,900,253181,58.84,98.75,19,4,1,21,4,true,true,false,false,false,false,coverage dataset only,Owner review: retain; monitor and prioritise genuine evidence
/service-areas/st-george-and-bayside/bayside-and-airport/daceyville/,Daceyville,2032,Bayside & Airport,St George & Bayside,core 60-minute target,900,253659,58.84,100.00,19,4,1,21,4,true,true,false,false,false,false,coverage dataset only,Owner review: retain; monitor and prioritise genuine evidence
/service-areas/st-george-and-bayside/bayside-and-airport/eastgardens/,Eastgardens,2036,Bayside & Airport,St George & Bayside,core 60-minute target,900,253787,58.84,100.00,19,4,1,21,4,true,true,false,false,false,false,coverage dataset only,Owner review: retain; monitor and prioritise genuine evidence
/service-areas/st-george-and-bayside/bayside-and-airport/eastlakes/,Eastlakes,2018,Bayside & Airport,St George & Bayside,core 60-minute target,900,253603,58.84,100.00,19,4,1,21,4,true,true,false,false,false,false,coverage dataset only,Owner review: retain; monitor and prioritise genuine evidence
/service-areas/st-george-and-bayside/bayside-and-airport/hillsdale/,Hillsdale,2036,Bayside & Airport,St George & Bayside,core 60-minute target,900,253543,58.84,100.00,19,4,1,21,4,true,true,false,false,false,false,coverage dataset only,Owner review: retain; monitor and prioritise genuine evidence
/service-areas/st-george-and-bayside/bayside-and-airport/mascot/,Mascot,2020,Bayside & Airport,St George & Bayside,core 60-minute target,900,253181,58.84,100.00,19,4,1,21,4,true,true,false,false,false,false,coverage dataset only,Owner review: retain; monitor and prioritise genuine evidence
/service-areas/st-george-and-bayside/bayside-and-airport/pagewood/,Pagewood,2035,Bayside & Airport,St George & Bayside,core 60-minute target,900,253439,58.84,100.00,19,4,1,21,4,true,true,false,false,false,false,coverage dataset only,Owner review: retain; monitor and prioritise genuine evidence
/service-areas/st-george-and-bayside/bayside-and-airport/rosebery/,Rosebery,2018,Bayside & Airport,St George & Bayside,core 60-minute target,900,253439,58.84,100.00,19,4,1,21,4,true,true,false,false,false,false,coverage dataset only,Owner review: retain; monitor and prioritise genuine evidence
/service-areas/st-george-and-bayside/georges-river/allawah/,Allawah,2218,Georges River,St George & Bayside,core 60-minute target,901,253087,58.89,100.00,19,3,45,21,4,true,true,false,false,false,false,coverage dataset only,Owner review: retain; monitor and prioritise genuine evidence
/service-areas/st-george-and-bayside/georges-river/beverley-park/,Beverley Park,2217,Georges River,St George & Bayside,core 60-minute target,921,253734,57.46,100.00,19,3,2,21,4,true,true,false,false,false,false,coverage dataset only,Owner review: retain; monitor and prioritise genuine evidence
/service-areas/st-george-and-bayside/georges-river/blakehurst/,Blakehurst,2221,Georges River,St George & Bayside,core 60-minute target,900,253433,58.84,100.00,19,4,1,21,4,true,true,false,false,false,false,coverage dataset only,Owner review: retain; monitor and prioritise genuine evidence
/service-areas/st-george-and-bayside/georges-river/carlton/,Carlton,2218,Georges River,St George & Bayside,core 60-minute target,900,253024,58.84,98.74,19,4,1,21,4,true,true,false,false,false,false,coverage dataset only,Owner review: retain; monitor and prioritise genuine evidence
/service-areas/st-george-and-bayside/georges-river/carss-park/,Carss Park,2221,Georges River,St George & Bayside,core 60-minute target,921,253433,57.46,100.00,19,4,1,21,4,true,true,false,false,false,false,coverage dataset only,Owner review: retain; monitor and prioritise genuine evidence
/service-areas/st-george-and-bayside/georges-river/connells-point/,Connells Point,2221,Georges River,St George & Bayside,core 60-minute target,921,253910,57.46,100.00,19,4,1,21,4,true,true,false,false,false,false,coverage dataset only,Owner review: retain; monitor and prioritise genuine evidence
/service-areas/st-george-and-bayside/georges-river/hurstville-grove/,Hurstville Grove,2220,Georges River,St George & Bayside,core 60-minute target,921,254142,57.46,98.74,19,4,1,21,4,true,true,false,false,false,false,coverage dataset only,Owner review: retain; monitor and prioritise genuine evidence
/service-areas/st-george-and-bayside/georges-river/hurstville/,Hurstville,2220,Georges River,St George & Bayside,core 60-minute target,901,253493,58.89,100.00,19,3,45,21,4,true,true,false,false,false,false,coverage dataset only,Owner review: retain; monitor and prioritise genuine evidence
/service-areas/st-george-and-bayside/georges-river/kogarah-bay/,Kogarah Bay,2217,Georges River,St George & Bayside,core 60-minute target,921,253562,57.46,100.00,19,4,1,21,4,true,true,false,false,false,false,coverage dataset only,Owner review: retain; monitor and prioritise genuine evidence
/service-areas/st-george-and-bayside/georges-river/kogarah/,Kogarah,2217,Georges River,St George & Bayside,core 60-minute target,901,253099,58.89,100.00,19,3,45,21,4,true,true,false,false,false,false,coverage dataset only,Owner review: retain; monitor and prioritise genuine evidence
/service-areas/st-george-and-bayside/georges-river/kyle-bay/,Kyle Bay,2221,Georges River,St George & Bayside,core 60-minute target,921,253128,57.46,100.00,19,4,1,21,4,true,true,false,false,false,false,coverage dataset only,Owner review: retain; monitor and prioritise genuine evidence
/service-areas/st-george-and-bayside/georges-river/lugarno/,Lugarno,2210,Georges River,St George & Bayside,core 60-minute target,900,253012,58.84,100.00,19,4,1,21,4,true,true,false,false,false,false,coverage dataset only,Owner review: retain; monitor and prioritise genuine evidence
/service-areas/st-george-and-bayside/georges-river/mortdale/,Mortdale,2223,Georges River,St George & Bayside,core 60-minute target,900,253140,58.84,100.00,19,4,1,21,4,true,true,false,false,false,false,coverage dataset only,Owner review: retain; monitor and prioritise genuine evidence
/service-areas/st-george-and-bayside/georges-river/oatley/,Oatley,2223,Georges River,St George & Bayside,core 60-minute target,900,252896,58.84,100.00,19,4,1,21,4,true,true,false,false,false,false,coverage dataset only,Owner review: retain; monitor and prioritise genuine evidence
/service-areas/st-george-and-bayside/georges-river/peakhurst-heights/,Peakhurst Heights,2210,Georges River,St George & Bayside,core 60-minute target,921,254198,57.46,100.00,19,4,1,21,4,true,true,false,false,false,false,coverage dataset only,Owner review: retain; monitor and prioritise genuine evidence
/service-areas/st-george-and-bayside/georges-river/peakhurst/,Peakhurst,2210,Georges River,St George & Bayside,core 60-minute target,900,253269,58.84,100.00,19,4,1,21,4,true,true,false,false,false,false,coverage dataset only,Owner review: retain; monitor and prioritise genuine evidence
/service-areas/st-george-and-bayside/georges-river/penshurst/,Penshurst,2222,Georges River,St George & Bayside,core 60-minute target,900,253269,58.84,100.00,19,4,1,21,4,true,true,false,false,false,false,coverage dataset only,Owner review: retain; monitor and prioritise genuine evidence
/service-areas/st-george-and-bayside/georges-river/ramsgate/,Ramsgate,2217,Georges River,St George & Bayside,core 60-minute target,900,253254,58.84,100.00,19,4,1,21,4,true,true,false,false,false,false,coverage dataset only,Owner review: retain; monitor and prioritise genuine evidence
/service-areas/st-george-and-bayside/georges-river/sans-souci/,Sans Souci,2219,Georges River,St George & Bayside,core 60-minute target,921,253499,57.46,100.00,19,4,1,21,4,true,true,false,false,false,false,coverage dataset only,Owner review: retain; monitor and prioritise genuine evidence
/service-areas/st-george-and-bayside/georges-river/south-hurstville/,South Hurstville,2221,Georges River,St George & Bayside,core 60-minute target,921,254082,57.46,100.00,19,4,1,21,4,true,true,false,false,false,false,coverage dataset only,Owner review: retain; monitor and prioritise genuine evidence
/service-areas/st-george-and-bayside/rockdale-and-bexley/arncliffe/,Arncliffe,2205,Rockdale & Bexley,St George & Bayside,core 60-minute target,901,253573,58.89,100.00,19,3,45,21,4,true,true,false,false,false,false,coverage dataset only,Owner review: retain; monitor and prioritise genuine evidence
/service-areas/st-george-and-bayside/rockdale-and-bexley/banksia/,Banksia,2216,Rockdale & Bexley,St George & Bayside,core 60-minute target,901,253350,58.89,100.00,19,3,45,21,4,true,true,false,false,false,false,coverage dataset only,Owner review: retain; monitor and prioritise genuine evidence
/service-areas/st-george-and-bayside/rockdale-and-bexley/bardwell-park/,Bardwell Park,2207,Rockdale & Bexley,St George & Bayside,core 60-minute target,921,254017,57.46,98.61,19,3,45,21,4,true,true,false,false,false,false,coverage dataset only,Owner review: retain; monitor and prioritise genuine evidence
/service-areas/st-george-and-bayside/rockdale-and-bexley/bardwell-valley/,Bardwell Valley,2207,Rockdale & Bexley,St George & Bayside,core 60-minute target,921,254299,57.46,100.00,19,3,10,21,4,true,true,false,false,false,false,coverage dataset only,Owner review: retain; monitor and prioritise genuine evidence
/service-areas/st-george-and-bayside/rockdale-and-bexley/bexley-north/,Bexley North,2207,Rockdale & Bexley,St George & Bayside,core 60-minute target,921,253951,57.46,100.00,19,3,2,21,4,true,true,false,false,false,false,coverage dataset only,Owner review: retain; monitor and prioritise genuine evidence
/service-areas/st-george-and-bayside/rockdale-and-bexley/bexley/,Bexley,2207,Rockdale & Bexley,St George & Bayside,core 60-minute target,900,253181,58.84,100.00,19,3,2,21,4,true,true,false,false,false,false,coverage dataset only,Owner review: retain; monitor and prioritise genuine evidence
/service-areas/st-george-and-bayside/rockdale-and-bexley/brighton-le-sands/,Brighton-le-Sands,2216,Rockdale & Bexley,St George & Bayside,core 60-minute target,900,254597,58.84,100.00,19,4,1,21,4,true,true,false,false,false,false,coverage dataset only,Owner review: retain; monitor and prioritise genuine evidence
/service-areas/st-george-and-bayside/rockdale-and-bexley/dolls-point/,Dolls Point,2219,Rockdale & Bexley,St George & Bayside,core 60-minute target,921,253901,57.46,100.00,19,4,1,21,4,true,true,false,false,false,false,coverage dataset only,Owner review: retain; monitor and prioritise genuine evidence
/service-areas/st-george-and-bayside/rockdale-and-bexley/kyeemagh/,Kyeemagh,2216,Rockdale & Bexley,St George & Bayside,core 60-minute target,900,253553,58.84,100.00,19,4,1,21,4,true,true,false,false,false,false,coverage dataset only,Owner review: retain; monitor and prioritise genuine evidence
/service-areas/st-george-and-bayside/rockdale-and-bexley/monterey/,Monterey,2217,Rockdale & Bexley,St George & Bayside,core 60-minute target,900,253553,58.84,100.00,19,4,1,21,4,true,true,false,false,false,false,coverage dataset only,Owner review: retain; monitor and prioritise genuine evidence
/service-areas/st-george-and-bayside/rockdale-and-bexley/ramsgate-beach/,Ramsgate Beach,2217,Rockdale & Bexley,St George & Bayside,core 60-minute target,921,254249,57.46,100.00,19,4,1,21,4,true,true,false,false,false,false,coverage dataset only,Owner review: retain; monitor and prioritise genuine evidence
/service-areas/st-george-and-bayside/rockdale-and-bexley/rockdale/,Rockdale,2216,Rockdale & Bexley,St George & Bayside,core 60-minute target,901,253492,58.89,100.00,19,3,45,21,4,true,true,false,false,false,false,coverage dataset only,Owner review: retain; monitor and prioritise genuine evidence
/service-areas/st-george-and-bayside/rockdale-and-bexley/sandringham/,Sandringham,2219,Rockdale & Bexley,St George & Bayside,core 60-minute target,900,253901,58.84,100.00,19,4,1,21,4,true,true,false,false,false,false,coverage dataset only,Owner review: retain; monitor and prioritise genuine evidence
/service-areas/st-george-and-bayside/rockdale-and-bexley/turrella/,Turrella,2205,Rockdale & Bexley,St George & Bayside,core 60-minute target,900,253439,58.84,100.00,19,4,1,21,4,true,true,false,false,false,false,coverage dataset only,Owner review: retain; monitor and prioritise genuine evidence
/service-areas/st-george-and-bayside/rockdale-and-bexley/wolli-creek/,Wolli Creek,2205,Rockdale & Bexley,St George & Bayside,core 60-minute target,921,253775,57.46,100.00,19,4,1,21,4,true,true,false,false,false,false,coverage dataset only,Owner review: retain; monitor and prioritise genuine evidence
/service-areas/sutherland-shire/sutherland-shire/alfords-point/,Alfords Point,2234,Sutherland Shire,Sutherland Shire,core 60-minute target,916,253446,57.60,100.00,19,3,43,21,4,true,true,false,false,false,false,coverage dataset only,Owner review: retain; monitor and prioritise genuine evidence
/service-areas/sutherland-shire/sutherland-shire/bangor/,Bangor,2234,Sutherland Shire,Sutherland Shire,core 60-minute target,896,252703,59.04,100.00,19,3,43,21,4,true,true,false,false,false,false,coverage dataset only,Owner review: retain; monitor and prioritise genuine evidence
/service-areas/sutherland-shire/sutherland-shire/barden-ridge/,Barden Ridge,2234,Sutherland Shire,Sutherland Shire,core 60-minute target,916,253335,57.60,100.00,19,3,43,21,4,true,true,false,false,false,false,coverage dataset only,Owner review: retain; monitor and prioritise genuine evidence
/service-areas/sutherland-shire/sutherland-shire/bonnet-bay/,Bonnet Bay,2226,Sutherland Shire,Sutherland Shire,core 60-minute target,916,253100,57.60,100.00,19,3,43,21,4,true,true,false,false,false,false,coverage dataset only,Owner review: retain; monitor and prioritise genuine evidence
/service-areas/sutherland-shire/sutherland-shire/bundeena/,Bundeena,2230,Sutherland Shire,Sutherland Shire,core 60-minute target,896,252991,59.04,100.00,19,3,43,21,4,true,true,false,false,false,false,coverage dataset only,Owner review: retain; monitor and prioritise genuine evidence
/service-areas/sutherland-shire/sutherland-shire/burraneer/,Burraneer,2230,Sutherland Shire,Sutherland Shire,core 60-minute target,896,252989,59.04,100.00,19,3,10,21,4,true,true,false,false,false,false,coverage dataset only,Owner review: retain; monitor and prioritise genuine evidence
/service-areas/sutherland-shire/sutherland-shire/caringbah-south/,Caringbah South,2229,Sutherland Shire,Sutherland Shire,core 60-minute target,917,253758,57.65,100.00,19,3,2,21,4,true,true,false,false,false,false,coverage dataset only,Owner review: retain; monitor and prioritise genuine evidence
/service-areas/sutherland-shire/sutherland-shire/caringbah/,Caringbah,2229,Sutherland Shire,Sutherland Shire,core 60-minute target,896,253001,59.04,100.00,19,3,2,21,4,true,true,false,false,false,false,coverage dataset only,Owner review: retain; monitor and prioritise genuine evidence
/service-areas/sutherland-shire/sutherland-shire/como/,Como,2226,Sutherland Shire,Sutherland Shire,core 60-minute target,896,252456,59.04,100.00,19,3,2,21,4,true,true,false,false,false,false,coverage dataset only,Owner review: retain; monitor and prioritise genuine evidence
/service-areas/sutherland-shire/sutherland-shire/cronulla/,Cronulla,2230,Sutherland Shire,Sutherland Shire,core 60-minute target,896,252931,59.04,100.00,19,3,43,21,4,true,true,false,false,false,false,coverage dataset only,Owner review: retain; monitor and prioritise genuine evidence
/service-areas/sutherland-shire/sutherland-shire/dolans-bay/,Dolans Bay,2229,Sutherland Shire,Sutherland Shire,core 60-minute target,917,253105,57.65,100.00,19,4,1,21,4,true,true,false,false,false,false,coverage dataset only,Owner review: retain; monitor and prioritise genuine evidence
/service-areas/sutherland-shire/sutherland-shire/engadine/,Engadine,2233,Sutherland Shire,Sutherland Shire,core 60-minute target,896,252860,59.04,100.00,19,4,1,21,4,true,true,false,false,false,false,coverage dataset only,Owner review: retain; monitor and prioritise genuine evidence
/service-areas/sutherland-shire/sutherland-shire/grays-point/,Grays Point,2232,Sutherland Shire,Sutherland Shire,core 60-minute target,917,253281,57.65,100.00,19,4,1,21,4,true,true,false,false,false,false,coverage dataset only,Owner review: retain; monitor and prioritise genuine evidence
/service-areas/sutherland-shire/sutherland-shire/greenhills-beach/,Greenhills Beach,2230,Sutherland Shire,Sutherland Shire,core 60-minute target,917,253940,57.65,100.00,19,4,1,21,4,true,true,false,false,false,false,coverage dataset only,Owner review: retain; monitor and prioritise genuine evidence
/service-areas/sutherland-shire/sutherland-shire/gymea-bay/,Gymea Bay,2227,Sutherland Shire,Sutherland Shire,core 60-minute target,917,252989,57.65,100.00,19,4,1,21,4,true,true,false,false,false,false,coverage dataset only,Owner review: retain; monitor and prioritise genuine evidence
/service-areas/sutherland-shire/sutherland-shire/gymea/,Gymea,2227,Sutherland Shire,Sutherland Shire,core 60-minute target,896,252524,59.04,100.00,19,4,1,21,4,true,true,false,false,false,false,coverage dataset only,Owner review: retain; monitor and prioritise genuine evidence
/service-areas/sutherland-shire/sutherland-shire/heathcote/,Heathcote,2233,Sutherland Shire,Sutherland Shire,core 60-minute target,896,252989,59.04,100.00,19,4,1,21,4,true,true,false,false,false,false,coverage dataset only,Owner review: retain; monitor and prioritise genuine evidence
/service-areas/sutherland-shire/sutherland-shire/illawong/,Illawong,2234,Sutherland Shire,Sutherland Shire,core 60-minute target,896,252920,59.04,100.00,19,4,1,21,4,true,true,false,false,false,false,coverage dataset only,Owner review: retain; monitor and prioritise genuine evidence
/service-areas/sutherland-shire/sutherland-shire/jannali/,Jannali,2226,Sutherland Shire,Sutherland Shire,core 60-minute target,896,252756,59.04,100.00,19,4,1,21,4,true,true,false,false,false,false,coverage dataset only,Owner review: retain; monitor and prioritise genuine evidence
/service-areas/sutherland-shire/sutherland-shire/kangaroo-point/,Kangaroo Point,2224,Sutherland Shire,Sutherland Shire,core 60-minute target,917,253582,57.65,100.00,19,4,1,21,4,true,true,false,false,false,false,coverage dataset only,Owner review: retain; monitor and prioritise genuine evidence
/service-areas/sutherland-shire/sutherland-shire/kareela/,Kareela,2232,Sutherland Shire,Sutherland Shire,core 60-minute target,896,252804,59.04,100.00,19,4,1,21,4,true,true,false,false,false,false,coverage dataset only,Owner review: retain; monitor and prioritise genuine evidence
/service-areas/sutherland-shire/sutherland-shire/kirrawee/,Kirrawee,2232,Sutherland Shire,Sutherland Shire,core 60-minute target,896,252872,59.04,100.00,19,4,1,21,4,true,true,false,false,false,false,coverage dataset only,Owner review: retain; monitor and prioritise genuine evidence
/service-areas/sutherland-shire/sutherland-shire/kurnell/,Kurnell,2231,Sutherland Shire,Sutherland Shire,core 60-minute target,896,252870,59.04,100.00,19,4,1,21,4,true,true,false,false,false,false,coverage dataset only,Owner review: retain; monitor and prioritise genuine evidence
/service-areas/sutherland-shire/sutherland-shire/lilli-pilli/,Lilli Pilli,2229,Sutherland Shire,Sutherland Shire,core 60-minute target,917,253281,57.65,100.00,19,4,1,21,4,true,true,false,false,false,false,coverage dataset only,Owner review: retain; monitor and prioritise genuine evidence
/service-areas/sutherland-shire/sutherland-shire/loftus/,Loftus,2232,Sutherland Shire,Sutherland Shire,core 60-minute target,896,252688,59.04,100.00,19,4,1,21,4,true,true,false,false,false,false,coverage dataset only,Owner review: retain; monitor and prioritise genuine evidence
/service-areas/sutherland-shire/sutherland-shire/maianbar/,Maianbar,2230,Sutherland Shire,Sutherland Shire,core 60-minute target,896,252986,59.04,100.00,19,4,1,21,4,true,true,false,false,false,false,coverage dataset only,Owner review: retain; monitor and prioritise genuine evidence
/service-areas/sutherland-shire/sutherland-shire/menai/,Menai,2234,Sutherland Shire,Sutherland Shire,core 60-minute target,896,252524,59.04,100.00,19,4,1,21,4,true,true,false,false,false,false,coverage dataset only,Owner review: retain; monitor and prioritise genuine evidence
/service-areas/sutherland-shire/sutherland-shire/miranda/,Miranda,2228,Sutherland Shire,Sutherland Shire,core 60-minute target,896,252766,59.04,100.00,19,3,43,21,4,true,true,false,false,false,false,coverage dataset only,Owner review: retain; monitor and prioritise genuine evidence
/service-areas/sutherland-shire/sutherland-shire/oyster-bay/,Oyster Bay,2225,Sutherland Shire,Sutherland Shire,core 60-minute target,917,253165,57.65,100.00,19,4,1,21,4,true,true,false,false,false,false,coverage dataset only,Owner review: retain; monitor and prioritise genuine evidence
/service-areas/sutherland-shire/sutherland-shire/port-hacking/,Port Hacking,2229,Sutherland Shire,Sutherland Shire,core 60-minute target,917,253410,57.65,100.00,19,4,1,21,4,true,true,false,false,false,false,coverage dataset only,Owner review: retain; monitor and prioritise genuine evidence
/service-areas/sutherland-shire/sutherland-shire/royal-national-park/,Royal National Park,2233,Sutherland Shire,Sutherland Shire,core 60-minute target,938,254162,56.33,100.00,19,4,1,21,4,true,true,false,false,false,false,coverage dataset only,Owner review: retain; monitor and prioritise genuine evidence
/service-areas/sutherland-shire/sutherland-shire/sandy-point/,Sandy Point,2172,Sutherland Shire,Sutherland Shire,core 60-minute target,917,253281,57.65,100.00,19,4,1,21,4,true,true,false,false,false,false,coverage dataset only,Owner review: retain; monitor and prioritise genuine evidence
/service-areas/sutherland-shire/sutherland-shire/sutherland/,Sutherland,2232,Sutherland Shire,Sutherland Shire,core 60-minute target,896,253142,59.04,100.00,19,3,43,21,4,true,true,false,false,false,false,coverage dataset only,Owner review: retain; monitor and prioritise genuine evidence
/service-areas/sutherland-shire/sutherland-shire/sylvania-waters/,Sylvania Waters,2224,Sutherland Shire,Sutherland Shire,core 60-minute target,917,253758,57.65,100.00,19,4,1,21,4,true,true,false,false,false,false,coverage dataset only,Owner review: retain; monitor and prioritise genuine evidence
/service-areas/sutherland-shire/sutherland-shire/sylvania/,Sylvania,2224,Sutherland Shire,Sutherland Shire,core 60-minute target,896,252872,59.04,100.00,19,4,1,21,4,true,true,false,false,false,false,coverage dataset only,Owner review: retain; monitor and prioritise genuine evidence
/service-areas/sutherland-shire/sutherland-shire/taren-point/,Taren Point,2229,Sutherland Shire,Sutherland Shire,core 60-minute target,917,253233,57.65,100.00,19,4,1,21,4,true,true,false,false,false,false,coverage dataset only,Owner review: retain; monitor and prioritise genuine evidence
/service-areas/sutherland-shire/sutherland-shire/waterfall/,Waterfall,2233,Sutherland Shire,Sutherland Shire,core 60-minute target,896,253049,59.04,100.00,19,4,1,21,4,true,true,false,false,false,false,coverage dataset only,Owner review: retain; monitor and prioritise genuine evidence
/service-areas/sutherland-shire/sutherland-shire/woolooware/,Woolooware,2230,Sutherland Shire,Sutherland Shire,core 60-minute target,896,253231,59.04,100.00,19,4,1,21,4,true,true,false,false,false,false,coverage dataset only,Owner review: retain; monitor and prioritise genuine evidence
/service-areas/sutherland-shire/sutherland-shire/woronora-heights/,Woronora Heights,2233,Sutherland Shire,Sutherland Shire,core 60-minute target,917,253874,57.65,100.00,19,4,1,21,4,true,true,false,false,false,false,coverage dataset only,Owner review: retain; monitor and prioritise genuine evidence
/service-areas/sutherland-shire/sutherland-shire/woronora/,Woronora,2232,Sutherland Shire,Sutherland Shire,core 60-minute target,896,252920,59.04,100.00,19,4,1,21,4,true,true,false,false,false,false,coverage dataset only,Owner review: retain; monitor and prioritise genuine evidence
/service-areas/sutherland-shire/sutherland-shire/yarrawarrah/,Yarrawarrah,2233,Sutherland Shire,Sutherland Shire,core 60-minute target,896,253281,59.04,100.00,19,4,1,21,4,true,true,false,false,false,false,coverage dataset only,Owner review: retain; monitor and prioritise genuine evidence
/service-areas/sutherland-shire/sutherland-shire/yowie-bay/,Yowie Bay,2228,Sutherland Shire,Sutherland Shire,core 60-minute target,917,253049,57.65,98.74,19,4,1,21,4,true,true,false,false,false,false,coverage dataset only,Owner review: retain; monitor and prioritise genuine evidence
/service-areas/sydney-city-and-eastern-suburbs/randwick/centennial-park/,Centennial Park,2021,Randwick,Sydney City & Eastern Suburbs,core 60-minute target,915,254101,57.14,100.00,19,2,2,21,4,true,true,false,false,false,false,coverage dataset only,Owner review: retain; monitor and prioritise genuine evidence
/service-areas/sydney-city-and-eastern-suburbs/randwick/chifley/,Chifley,2036,Randwick,Sydney City & Eastern Suburbs,core 60-minute target,894,253112,58.52,100.00,19,2,2,21,4,true,true,false,false,false,false,coverage dataset only,Owner review: retain; monitor and prioritise genuine evidence
/service-areas/sydney-city-and-eastern-suburbs/randwick/clovelly/,Clovelly,2031,Randwick,Sydney City & Eastern Suburbs,core 60-minute target,894,253355,58.52,100.00,19,3,1,21,4,true,true,false,false,false,false,coverage dataset only,Owner review: retain; monitor and prioritise genuine evidence
/service-areas/sydney-city-and-eastern-suburbs/randwick/coogee/,Coogee,2034,Randwick,Sydney City & Eastern Suburbs,core 60-minute target,894,253044,58.52,100.00,19,2,2,21,4,true,true,false,false,false,false,coverage dataset only,Owner review: retain; monitor and prioritise genuine evidence
/service-areas/sydney-city-and-eastern-suburbs/randwick/kensington/,Kensington,2033,Randwick,Sydney City & Eastern Suburbs,core 60-minute target,894,253473,58.52,100.00,19,3,1,21,4,true,true,false,false,false,false,coverage dataset only,Owner review: retain; monitor and prioritise genuine evidence
/service-areas/sydney-city-and-eastern-suburbs/randwick/kingsford/,Kingsford,2032,Randwick,Sydney City & Eastern Suburbs,core 60-minute target,894,253357,58.52,100.00,19,3,1,21,4,true,true,false,false,false,false,coverage dataset only,Owner review: retain; monitor and prioritise genuine evidence
/service-areas/sydney-city-and-eastern-suburbs/randwick/la-perouse/,La Perouse,2036,Randwick,Sydney City & Eastern Suburbs,core 60-minute target,915,253587,57.14,100.00,19,3,1,21,4,true,true,false,false,false,false,coverage dataset only,Owner review: retain; monitor and prioritise genuine evidence
/service-areas/sydney-city-and-eastern-suburbs/randwick/little-bay/,Little Bay,2036,Randwick,Sydney City & Eastern Suburbs,core 60-minute target,915,253587,57.14,100.00,19,3,1,21,4,true,true,false,false,false,false,coverage dataset only,Owner review: retain; monitor and prioritise genuine evidence
/service-areas/sydney-city-and-eastern-suburbs/randwick/malabar/,Malabar,2036,Randwick,Sydney City & Eastern Suburbs,core 60-minute target,894,253226,58.52,100.00,19,3,1,21,4,true,true,false,false,false,false,coverage dataset only,Owner review: retain; monitor and prioritise genuine evidence
/service-areas/sydney-city-and-eastern-suburbs/randwick/maroubra/,Maroubra,2035,Randwick,Sydney City & Eastern Suburbs,core 60-minute target,894,253355,58.52,100.00,19,3,1,21,4,true,true,false,false,false,false,coverage dataset only,Owner review: retain; monitor and prioritise genuine evidence
/service-areas/sydney-city-and-eastern-suburbs/randwick/matraville/,Matraville,2036,Randwick,Sydney City & Eastern Suburbs,core 60-minute target,894,253473,58.52,100.00,19,3,1,21,4,true,true,false,false,false,false,coverage dataset only,Owner review: retain; monitor and prioritise genuine evidence
/service-areas/sydney-city-and-eastern-suburbs/randwick/phillip-bay/,Phillip Bay,2036,Randwick,Sydney City & Eastern Suburbs,core 60-minute target,915,253703,57.14,100.00,19,3,1,21,4,true,true,false,false,false,false,coverage dataset only,Owner review: retain; monitor and prioritise genuine evidence
/service-areas/sydney-city-and-eastern-suburbs/randwick/randwick/,Randwick,2031,Randwick,Sydney City & Eastern Suburbs,core 60-minute target,894,253273,58.52,100.00,19,2,60,21,4,true,true,false,false,false,false,coverage dataset only,Owner review: retain; monitor and prioritise genuine evidence
/service-areas/sydney-city-and-eastern-suburbs/randwick/south-coogee/,South Coogee,2034,Randwick,Sydney City & Eastern Suburbs,core 60-minute target,915,253819,57.14,100.00,19,3,1,21,4,true,true,false,false,false,false,coverage dataset only,Owner review: retain; monitor and prioritise genuine evidence
/service-areas/sydney-city-and-eastern-suburbs/sydney/alexandria/,Alexandria,2015,Sydney,Sydney City & Eastern Suburbs,core 60-minute target,894,253383,58.52,100.00,19,2,60,21,4,true,true,false,false,false,false,coverage dataset only,Owner review: retain; monitor and prioritise genuine evidence
/service-areas/sydney-city-and-eastern-suburbs/sydney/barangaroo/,Barangaroo,2000,Sydney,Sydney City & Eastern Suburbs,core 60-minute target,894,253383,58.52,100.00,19,2,60,21,4,true,true,false,false,false,false,coverage dataset only,Owner review: retain; monitor and prioritise genuine evidence
/service-areas/sydney-city-and-eastern-suburbs/sydney/beaconsfield/,Beaconsfield,2015,Sydney,Sydney City & Eastern Suburbs,core 60-minute target,894,253605,58.52,100.00,19,2,60,21,4,true,true,false,false,false,false,coverage dataset only,Owner review: retain; monitor and prioritise genuine evidence
/service-areas/sydney-city-and-eastern-suburbs/sydney/chippendale/,Chippendale,2008,Sydney,Sydney City & Eastern Suburbs,core 60-minute target,894,253509,58.52,100.00,19,2,2,21,4,true,true,false,false,false,false,coverage dataset only,Owner review: retain; monitor and prioritise genuine evidence
/service-areas/sydney-city-and-eastern-suburbs/sydney/darlinghurst/,Darlinghurst,2010,Sydney,Sydney City & Eastern Suburbs,core 60-minute target,894,253625,58.52,100.00,19,3,1,21,4,true,true,false,false,false,false,coverage dataset only,Owner review: retain; monitor and prioritise genuine evidence
/service-areas/sydney-city-and-eastern-suburbs/sydney/darlington/,Darlington,2008,Sydney,Sydney City & Eastern Suburbs,core 60-minute target,894,253441,58.52,100.00,19,3,1,21,4,true,true,false,false,false,false,coverage dataset only,Owner review: retain; monitor and prioritise genuine evidence
/service-areas/sydney-city-and-eastern-suburbs/sydney/dawes-point/,Dawes Point,2000,Sydney,Sydney City & Eastern Suburbs,core 60-minute target,915,253497,57.14,100.00,19,3,1,21,4,true,true,false,false,false,false,coverage dataset only,Owner review: retain; monitor and prioritise genuine evidence
/service-areas/sydney-city-and-eastern-suburbs/sydney/elizabeth-bay/,Elizabeth Bay,2011,Sydney,Sydney City & Eastern Suburbs,core 60-minute target,915,253729,57.14,100.00,19,3,1,21,4,true,true,false,false,false,false,coverage dataset only,Owner review: retain; monitor and prioritise genuine evidence
/service-areas/sydney-city-and-eastern-suburbs/sydney/erskineville/,Erskineville,2043,Sydney,Sydney City & Eastern Suburbs,core 60-minute target,894,253673,58.52,100.00,19,3,1,21,4,true,true,false,false,false,false,coverage dataset only,Owner review: retain; monitor and prioritise genuine evidence
/service-areas/sydney-city-and-eastern-suburbs/sydney/eveleigh/,Eveleigh,2015,Sydney,Sydney City & Eastern Suburbs,core 60-minute target,894,253148,58.52,100.00,19,3,1,21,4,true,true,false,false,false,false,coverage dataset only,Owner review: retain; monitor and prioritise genuine evidence
/service-areas/sydney-city-and-eastern-suburbs/sydney/forest-lodge/,Forest Lodge,2037,Sydney,Sydney City & Eastern Suburbs,core 60-minute target,915,253613,57.14,100.00,19,3,1,21,4,true,true,false,false,false,false,coverage dataset only,Owner review: retain; monitor and prioritise genuine evidence
/service-areas/sydney-city-and-eastern-suburbs/sydney/glebe/,Glebe,2037,Sydney,Sydney City & Eastern Suburbs,core 60-minute target,894,252787,58.52,100.00,19,3,1,21,4,true,true,false,false,false,false,coverage dataset only,Owner review: retain; monitor and prioritise genuine evidence
/service-areas/sydney-city-and-eastern-suburbs/sydney/haymarket/,Haymarket,2000,Sydney,Sydney City & Eastern Suburbs,core 60-minute target,894,253277,58.52,100.00,19,3,1,21,4,true,true,false,false,false,false,coverage dataset only,Owner review: retain; monitor and prioritise genuine evidence
/service-areas/sydney-city-and-eastern-suburbs/sydney/millers-point/,Millers Point,2000,Sydney,Sydney City & Eastern Suburbs,core 60-minute target,915,253729,57.14,100.00,19,3,1,21,4,true,true,false,false,false,false,coverage dataset only,Owner review: retain; monitor and prioritise genuine evidence
/service-areas/sydney-city-and-eastern-suburbs/sydney/moore-park/,Moore Park,2021,Sydney,Sydney City & Eastern Suburbs,core 60-minute target,915,253393,57.14,100.00,19,3,1,21,4,true,true,false,false,false,false,coverage dataset only,Owner review: retain; monitor and prioritise genuine evidence
/service-areas/sydney-city-and-eastern-suburbs/sydney/paddington/,Paddington,2021,Sydney,Sydney City & Eastern Suburbs,core 60-minute target,894,253381,58.52,100.00,19,3,1,21,4,true,true,false,false,false,false,coverage dataset only,Owner review: retain; monitor and prioritise genuine evidence
/service-areas/sydney-city-and-eastern-suburbs/sydney/potts-point/,Potts Point,2011,Sydney,Sydney City & Eastern Suburbs,core 60-minute target,915,253497,57.14,100.00,19,3,1,21,4,true,true,false,false,false,false,coverage dataset only,Owner review: retain; monitor and prioritise genuine evidence
/service-areas/sydney-city-and-eastern-suburbs/sydney/pyrmont/,Pyrmont,2009,Sydney,Sydney City & Eastern Suburbs,core 60-minute target,894,253032,58.52,100.00,19,3,1,21,4,true,true,false,false,false,false,coverage dataset only,Owner review: retain; monitor and prioritise genuine evidence
/service-areas/sydney-city-and-eastern-suburbs/sydney/redfern/,Redfern,2016,Sydney,Sydney City & Eastern Suburbs,core 60-minute target,894,253032,58.52,100.00,19,3,1,21,4,true,true,false,false,false,false,coverage dataset only,Owner review: retain; monitor and prioritise genuine evidence
/service-areas/sydney-city-and-eastern-suburbs/sydney/rushcutters-bay/,Rushcutters Bay,2011,Sydney,Sydney City & Eastern Suburbs,core 60-minute target,915,253961,57.14,100.00,19,3,1,21,4,true,true,false,false,false,false,coverage dataset only,Owner review: retain; monitor and prioritise genuine evidence
/service-areas/sydney-city-and-eastern-suburbs/sydney/surry-hills/,Surry Hills,2010,Sydney,Sydney City & Eastern Suburbs,core 60-minute target,915,253509,57.14,100.00,19,3,1,21,4,true,true,false,false,false,false,coverage dataset only,Owner review: retain; monitor and prioritise genuine evidence
/service-areas/sydney-city-and-eastern-suburbs/sydney/sydney/,Sydney,2000,Sydney,Sydney City & Eastern Suburbs,core 60-minute target,894,252916,58.52,100.00,19,3,1,21,4,true,true,false,false,false,false,coverage dataset only,Owner review: retain; monitor and prioritise genuine evidence
/service-areas/sydney-city-and-eastern-suburbs/sydney/the-rocks/,The Rocks,2000,Sydney,Sydney City & Eastern Suburbs,core 60-minute target,915,253325,57.14,100.00,19,3,1,21,4,true,true,false,false,false,false,coverage dataset only,Owner review: retain; monitor and prioritise genuine evidence
/service-areas/sydney-city-and-eastern-suburbs/sydney/ultimo/,Ultimo,2007,Sydney,Sydney City & Eastern Suburbs,core 60-minute target,894,252916,58.52,100.00,19,3,1,21,4,true,true,false,false,false,false,coverage dataset only,Owner review: retain; monitor and prioritise genuine evidence
/service-areas/sydney-city-and-eastern-suburbs/sydney/waterloo/,Waterloo,2017,Sydney,Sydney City & Eastern Suburbs,core 60-minute target,894,253136,58.52,100.00,19,3,1,21,4,true,true,false,false,false,false,coverage dataset only,Owner review: retain; monitor and prioritise genuine evidence
/service-areas/sydney-city-and-eastern-suburbs/sydney/woolloomooloo/,Woolloomooloo,2011,Sydney,Sydney City & Eastern Suburbs,core 60-minute target,894,253789,58.52,100.00,19,3,1,21,4,true,true,false,false,false,false,coverage dataset only,Owner review: retain; monitor and prioritise genuine evidence
/service-areas/sydney-city-and-eastern-suburbs/sydney/zetland/,Zetland,2017,Sydney,Sydney City & Eastern Suburbs,core 60-minute target,894,253080,58.52,100.00,19,3,1,21,4,true,true,false,false,false,false,coverage dataset only,Owner review: retain; monitor and prioritise genuine evidence
/service-areas/sydney-city-and-eastern-suburbs/waverley/bondi-beach/,Bondi Beach,2026,Waverley,Sydney City & Eastern Suburbs,core 60-minute target,914,253678,57.09,100.00,19,2,60,21,4,true,true,false,false,false,false,coverage dataset only,Owner review: retain; monitor and prioritise genuine evidence
/service-areas/sydney-city-and-eastern-suburbs/waverley/bondi-junction/,Bondi Junction,2022,Waverley,Sydney City & Eastern Suburbs,core 60-minute target,914,253933,57.09,100.00,19,2,61,21,4,true,true,false,false,false,false,coverage dataset only,Owner review: retain; monitor and prioritise genuine evidence
/service-areas/sydney-city-and-eastern-suburbs/waverley/bondi/,Bondi,2026,Waverley,Sydney City & Eastern Suburbs,core 60-minute target,894,252999,58.52,97.22,19,2,60,21,4,true,true,false,false,false,false,coverage dataset only,Owner review: retain; monitor and prioritise genuine evidence
/service-areas/sydney-city-and-eastern-suburbs/waverley/bronte/,Bronte,2024,Waverley,Sydney City & Eastern Suburbs,core 60-minute target,894,253110,58.52,100.00,19,2,10,21,4,true,true,false,false,false,false,coverage dataset only,Owner review: retain; monitor and prioritise genuine evidence
/service-areas/sydney-city-and-eastern-suburbs/waverley/dover-heights/,Dover Heights,2030,Waverley,Sydney City & Eastern Suburbs,core 60-minute target,915,253935,57.14,100.00,19,3,1,21,4,true,true,false,false,false,false,coverage dataset only,Owner review: retain; monitor and prioritise genuine evidence
/service-areas/sydney-city-and-eastern-suburbs/waverley/north-bondi/,North Bondi,2026,Waverley,Sydney City & Eastern Suburbs,core 60-minute target,915,253703,57.14,100.00,19,3,1,21,4,true,true,false,false,false,false,coverage dataset only,Owner review: retain; monitor and prioritise genuine evidence
/service-areas/sydney-city-and-eastern-suburbs/waverley/queens-park/,Queens Park,2022,Waverley,Sydney City & Eastern Suburbs,core 60-minute target,915,253577,57.14,98.61,19,3,1,21,4,true,true,false,false,false,false,coverage dataset only,Owner review: retain; monitor and prioritise genuine evidence
/service-areas/sydney-city-and-eastern-suburbs/waverley/rose-bay/,Rose Bay,2029,Waverley,Sydney City & Eastern Suburbs,core 60-minute target,915,253355,57.14,100.00,19,3,1,21,4,true,true,false,false,false,false,coverage dataset only,Owner review: retain; monitor and prioritise genuine evidence
/service-areas/sydney-city-and-eastern-suburbs/waverley/tamarama/,Tamarama,2026,Waverley,Sydney City & Eastern Suburbs,core 60-minute target,894,253355,58.52,100.00,19,3,1,21,4,true,true,false,false,false,false,coverage dataset only,Owner review: retain; monitor and prioritise genuine evidence
/service-areas/sydney-city-and-eastern-suburbs/waverley/vaucluse/,Vaucluse,2030,Waverley,Sydney City & Eastern Suburbs,core 60-minute target,894,253355,58.52,100.00,19,3,1,21,4,true,true,false,false,false,false,coverage dataset only,Owner review: retain; monitor and prioritise genuine evidence
/service-areas/sydney-city-and-eastern-suburbs/waverley/waverley/,Waverley,2024,Waverley,Sydney City & Eastern Suburbs,core 60-minute target,894,253241,58.52,100.00,19,3,1,21,4,true,true,false,false,false,false,coverage dataset only,Owner review: retain; monitor and prioritise genuine evidence
/service-areas/sydney-city-and-eastern-suburbs/woollahra/bellevue-hill/,Bellevue Hill,2023,Woollahra,Sydney City & Eastern Suburbs,core 60-minute target,914,253869,57.09,100.00,19,2,60,21,4,true,true,false,false,false,false,coverage dataset only,Owner review: retain; monitor and prioritise genuine evidence
/service-areas/sydney-city-and-eastern-suburbs/woollahra/darling-point/,Darling Point,2027,Woollahra,Sydney City & Eastern Suburbs,core 60-minute target,915,253909,57.14,100.00,19,3,1,21,4,true,true,false,false,false,false,coverage dataset only,Owner review: retain; monitor and prioritise genuine evidence
/service-areas/sydney-city-and-eastern-suburbs/woollahra/double-bay/,Double Bay,2028,Woollahra,Sydney City & Eastern Suburbs,core 60-minute target,915,253513,57.14,100.00,19,3,1,21,4,true,true,false,false,false,false,coverage dataset only,Owner review: retain; monitor and prioritise genuine evidence
/service-areas/sydney-city-and-eastern-suburbs/woollahra/edgecliff/,Edgecliff,2027,Woollahra,Sydney City & Eastern Suburbs,core 60-minute target,894,253397,58.52,100.00,19,3,1,21,4,true,true,false,false,false,false,coverage dataset only,Owner review: retain; monitor and prioritise genuine evidence
/service-areas/sydney-city-and-eastern-suburbs/woollahra/point-piper/,Point Piper,2027,Woollahra,Sydney City & Eastern Suburbs,core 60-minute target,915,253617,57.14,100.00,19,3,1,21,4,true,true,false,false,false,false,coverage dataset only,Owner review: retain; monitor and prioritise genuine evidence
/service-areas/sydney-city-and-eastern-suburbs/woollahra/watsons-bay/,Watsons Bay,2030,Woollahra,Sydney City & Eastern Suburbs,core 60-minute target,915,253743,57.14,100.00,19,3,1,21,4,true,true,false,false,false,false,coverage dataset only,Owner review: retain; monitor and prioritise genuine evidence
/service-areas/sydney-city-and-eastern-suburbs/woollahra/woollahra/,Woollahra,2025,Woollahra,Sydney City & Eastern Suburbs,core 60-minute target,894,253385,58.52,100.00,19,3,1,21,4,true,true,false,false,false,false,coverage dataset only,Owner review: retain; monitor and prioritise genuine evidence
/service-areas/western-sydney-and-nepean/blacktown/acacia-gardens/,Acacia Gardens,2763,Blacktown,Western Sydney & Nepean,core 60-minute target,909,253638,57.23,100.00,19,3,76,21,4,true,true,false,false,false,false,coverage dataset only,Owner review: retain; monitor and prioritise genuine evidence
/service-areas/western-sydney-and-nepean/blacktown/arndell-park/,Arndell Park,2148,Blacktown,Western Sydney & Nepean,core 60-minute target,909,253428,57.23,100.00,19,3,76,21,4,true,true,false,false,false,false,coverage dataset only,Owner review: retain; monitor and prioritise genuine evidence
/service-areas/western-sydney-and-nepean/blacktown/bidwill/,Bidwill,2770,Blacktown,Western Sydney & Nepean,core 60-minute target,889,252835,58.67,100.00,19,3,76,21,4,true,true,false,false,false,false,coverage dataset only,Owner review: retain; monitor and prioritise genuine evidence
/service-areas/western-sydney-and-nepean/blacktown/blackett/,Blackett,2770,Blacktown,Western Sydney & Nepean,core 60-minute target,889,253006,58.67,100.00,19,3,76,21,4,true,true,false,false,false,false,coverage dataset only,Owner review: retain; monitor and prioritise genuine evidence
/service-areas/western-sydney-and-nepean/blacktown/blacktown/,Blacktown,2148,Blacktown,Western Sydney & Nepean,core 60-minute target,889,253124,58.67,100.00,19,2,77,21,4,true,true,false,false,false,false,coverage dataset only,Owner review: retain; monitor and prioritise genuine evidence
/service-areas/western-sydney-and-nepean/blacktown/bungarribee/,Bungarribee,2767,Blacktown,Western Sydney & Nepean,core 60-minute target,889,253365,58.67,100.00,19,3,76,21,4,true,true,false,false,false,false,coverage dataset only,Owner review: retain; monitor and prioritise genuine evidence
/service-areas/western-sydney-and-nepean/blacktown/colebee/,Colebee,2761,Blacktown,Western Sydney & Nepean,core 60-minute target,888,252795,58.62,100.00,19,4,1,21,4,true,true,false,false,false,false,coverage dataset only,Owner review: retain; monitor and prioritise genuine evidence
/service-areas/western-sydney-and-nepean/blacktown/dean-park/,Dean Park,2761,Blacktown,Western Sydney & Nepean,core 60-minute target,909,253040,57.23,100.00,19,4,1,21,4,true,true,false,false,false,false,coverage dataset only,Owner review: retain; monitor and prioritise genuine evidence
/service-areas/western-sydney-and-nepean/blacktown/dharruk/,Dharruk,2770,Blacktown,Western Sydney & Nepean,core 60-minute target,888,252795,58.62,100.00,19,4,1,21,4,true,true,false,false,false,false,coverage dataset only,Owner review: retain; monitor and prioritise genuine evidence
/service-areas/western-sydney-and-nepean/blacktown/doonside/,Doonside,2767,Blacktown,Western Sydney & Nepean,core 60-minute target,888,252923,58.62,100.00,19,4,1,21,4,true,true,false,false,false,false,coverage dataset only,Owner review: retain; monitor and prioritise genuine evidence
/service-areas/western-sydney-and-nepean/blacktown/eastern-creek/,Eastern Creek,2766,Blacktown,Western Sydney & Nepean,core 60-minute target,909,253529,57.23,100.00,19,4,1,21,4,true,true,false,false,false,false,coverage dataset only,Owner review: retain; monitor and prioritise genuine evidence
/service-areas/western-sydney-and-nepean/blacktown/emerton/,Emerton,2770,Blacktown,Western Sydney & Nepean,core 60-minute target,888,252855,58.62,100.00,19,4,1,21,4,true,true,false,false,false,false,coverage dataset only,Owner review: retain; monitor and prioritise genuine evidence
/service-areas/western-sydney-and-nepean/blacktown/glendenning/,Glendenning,2761,Blacktown,Western Sydney & Nepean,core 60-minute target,888,253297,58.62,100.00,19,4,1,21,4,true,true,false,false,false,false,coverage dataset only,Owner review: retain; monitor and prioritise genuine evidence
/service-areas/western-sydney-and-nepean/blacktown/glenwood/,Glenwood,2768,Blacktown,Western Sydney & Nepean,core 60-minute target,888,252971,58.62,100.00,19,4,1,21,4,true,true,false,false,false,false,coverage dataset only,Owner review: retain; monitor and prioritise genuine evidence
/service-areas/western-sydney-and-nepean/blacktown/hassall-grove/,Hassall Grove,2761,Blacktown,Western Sydney & Nepean,core 60-minute target,909,253577,57.23,100.00,19,4,1,21,4,true,true,false,false,false,false,coverage dataset only,Owner review: retain; monitor and prioritise genuine evidence
/service-areas/western-sydney-and-nepean/blacktown/hebersham/,Hebersham,2770,Blacktown,Western Sydney & Nepean,core 60-minute target,888,253040,58.62,100.00,19,4,1,21,4,true,true,false,false,false,false,coverage dataset only,Owner review: retain; monitor and prioritise genuine evidence
/service-areas/western-sydney-and-nepean/blacktown/kellyville-ridge/,Kellyville Ridge,2155,Blacktown,Western Sydney & Nepean,core 60-minute target,909,253925,57.23,100.00,19,4,1,21,4,true,true,false,false,false,false,coverage dataset only,Owner review: retain; monitor and prioritise genuine evidence
/service-areas/western-sydney-and-nepean/blacktown/kings-langley/,Kings Langley,2147,Blacktown,Western Sydney & Nepean,core 60-minute target,909,253517,57.23,100.00,19,4,1,21,4,true,true,false,false,false,false,coverage dataset only,Owner review: retain; monitor and prioritise genuine evidence
/service-areas/western-sydney-and-nepean/blacktown/kings-park/,Kings Park,2148,Blacktown,Western Sydney & Nepean,core 60-minute target,909,253181,57.23,100.00,19,4,1,21,4,true,true,false,false,false,false,coverage dataset only,Owner review: retain; monitor and prioritise genuine evidence
/service-areas/western-sydney-and-nepean/blacktown/lalor-park/,Lalor Park,2147,Blacktown,Western Sydney & Nepean,core 60-minute target,909,253169,57.23,100.00,19,4,1,21,4,true,true,false,false,false,false,coverage dataset only,Owner review: retain; monitor and prioritise genuine evidence
/service-areas/western-sydney-and-nepean/blacktown/lethbridge-park/,Lethbridge Park,2770,Blacktown,Western Sydney & Nepean,core 60-minute target,909,253749,57.23,100.00,19,4,1,21,4,true,true,false,false,false,false,coverage dataset only,Owner review: retain; monitor and prioritise genuine evidence
/service-areas/western-sydney-and-nepean/blacktown/marayong/,Marayong,2148,Blacktown,Western Sydney & Nepean,core 60-minute target,888,252923,58.62,100.00,19,4,1,21,4,true,true,false,false,false,false,coverage dataset only,Owner review: retain; monitor and prioritise genuine evidence
/service-areas/western-sydney-and-nepean/blacktown/marsden-park/,Marsden Park,2765,Blacktown,Western Sydney & Nepean,core 60-minute target,909,253413,57.23,100.00,19,4,1,21,4,true,true,false,false,false,false,coverage dataset only,Owner review: retain; monitor and prioritise genuine evidence
/service-areas/western-sydney-and-nepean/blacktown/minchinbury/,Minchinbury,2770,Blacktown,Western Sydney & Nepean,core 60-minute target,888,253297,58.62,100.00,19,4,1,21,4,true,true,false,false,false,false,coverage dataset only,Owner review: retain; monitor and prioritise genuine evidence
/service-areas/western-sydney-and-nepean/blacktown/mount-druitt/,Mount Druitt,2770,Blacktown,Western Sydney & Nepean,core 60-minute target,909,253413,57.23,100.00,19,4,1,21,4,true,true,false,false,false,false,coverage dataset only,Owner review: retain; monitor and prioritise genuine evidence
/service-areas/western-sydney-and-nepean/blacktown/oakhurst/,Oakhurst,2761,Blacktown,Western Sydney & Nepean,core 60-minute target,888,252911,58.62,100.00,19,4,1,21,4,true,true,false,false,false,false,coverage dataset only,Owner review: retain; monitor and prioritise genuine evidence
/service-areas/western-sydney-and-nepean/blacktown/parklea/,Parklea,2768,Blacktown,Western Sydney & Nepean,core 60-minute target,888,252795,58.62,100.00,19,4,1,21,4,true,true,false,false,false,false,coverage dataset only,Owner review: retain; monitor and prioritise genuine evidence
/service-areas/western-sydney-and-nepean/blacktown/plumpton/,Plumpton,2761,Blacktown,Western Sydney & Nepean,core 60-minute target,888,252911,58.62,100.00,19,4,1,21,4,true,true,false,false,false,false,coverage dataset only,Owner review: retain; monitor and prioritise genuine evidence
/service-areas/western-sydney-and-nepean/blacktown/prospect/,Prospect,2148,Blacktown,Western Sydney & Nepean,core 60-minute target,888,252923,58.62,100.00,19,4,1,21,4,true,true,false,false,false,false,coverage dataset only,Owner review: retain; monitor and prioritise genuine evidence
/service-areas/western-sydney-and-nepean/blacktown/quakers-hill/,Quakers Hill,2763,Blacktown,Western Sydney & Nepean,core 60-minute target,909,253461,57.23,98.61,19,4,1,21,4,true,true,false,false,false,false,coverage dataset only,Owner review: retain; monitor and prioritise genuine evidence
/service-areas/western-sydney-and-nepean/blacktown/riverstone/,Riverstone,2765,Blacktown,Western Sydney & Nepean,core 60-minute target,888,253181,58.62,100.00,19,4,1,21,4,true,true,false,false,false,false,coverage dataset only,Owner review: retain; monitor and prioritise genuine evidence
/service-areas/western-sydney-and-nepean/blacktown/rooty-hill/,Rooty Hill,2766,Blacktown,Western Sydney & Nepean,core 60-minute target,909,253181,57.23,100.00,19,4,1,21,4,true,true,false,false,false,false,coverage dataset only,Owner review: retain; monitor and prioritise genuine evidence
/service-areas/western-sydney-and-nepean/blacktown/ropes-crossing/,Ropes Crossing,2760,Blacktown,Western Sydney & Nepean,core 60-minute target,909,253633,57.23,100.00,19,4,1,21,4,true,true,false,false,false,false,coverage dataset only,Owner review: retain; monitor and prioritise genuine evidence
/service-areas/western-sydney-and-nepean/blacktown/schofields/,Schofields,2762,Blacktown,Western Sydney & Nepean,core 60-minute target,888,253169,58.62,100.00,19,4,1,21,4,true,true,false,false,false,false,coverage dataset only,Owner review: retain; monitor and prioritise genuine evidence
/service-areas/western-sydney-and-nepean/blacktown/seven-hills/,Seven Hills,2147,Blacktown,Western Sydney & Nepean,core 60-minute target,909,253363,57.23,100.00,19,4,1,21,4,true,true,false,false,false,false,coverage dataset only,Owner review: retain; monitor and prioritise genuine evidence
/service-areas/western-sydney-and-nepean/blacktown/shalvey/,Shalvey,2770,Blacktown,Western Sydney & Nepean,core 60-minute target,888,252855,58.62,100.00,19,4,1,21,4,true,true,false,false,false,false,coverage dataset only,Owner review: retain; monitor and prioritise genuine evidence
/service-areas/western-sydney-and-nepean/blacktown/shanes-park/,Shanes Park,2747,Blacktown,Western Sydney & Nepean,core 60-minute target,909,253285,57.23,98.74,19,4,1,21,4,true,true,false,false,false,false,coverage dataset only,Owner review: retain; monitor and prioritise genuine evidence
/service-areas/western-sydney-and-nepean/blacktown/stanhope-gardens/,Stanhope Gardens,2768,Blacktown,Western Sydney & Nepean,core 60-minute target,909,253925,57.23,100.00,19,4,1,21,4,true,true,false,false,false,false,coverage dataset only,Owner review: retain; monitor and prioritise genuine evidence
/service-areas/western-sydney-and-nepean/blacktown/the-ponds/,The Ponds,2769,Blacktown,Western Sydney & Nepean,core 60-minute target,909,253100,57.23,100.00,19,4,1,21,4,true,true,false,false,false,false,coverage dataset only,Owner review: retain; monitor and prioritise genuine evidence
/service-areas/western-sydney-and-nepean/blacktown/toongabbie/,Toongabbie,2146,Blacktown,Western Sydney & Nepean,core 60-minute target,888,253181,58.62,100.00,19,4,1,21,4,true,true,false,false,false,false,coverage dataset only,Owner review: retain; monitor and prioritise genuine evidence
/service-areas/western-sydney-and-nepean/blacktown/tregear/,Tregear,2770,Blacktown,Western Sydney & Nepean,core 60-minute target,888,252855,58.62,100.00,19,4,1,21,4,true,true,false,false,false,false,coverage dataset only,Owner review: retain; monitor and prioritise genuine evidence
/service-areas/western-sydney-and-nepean/blacktown/whalan/,Whalan,2770,Blacktown,Western Sydney & Nepean,core 60-minute target,888,252679,58.62,100.00,19,4,1,21,4,true,true,false,false,false,false,coverage dataset only,Owner review: retain; monitor and prioritise genuine evidence
/service-areas/western-sydney-and-nepean/blacktown/willmot/,Willmot,2770,Blacktown,Western Sydney & Nepean,core 60-minute target,888,252855,58.62,100.00,19,4,1,21,4,true,true,false,false,false,false,coverage dataset only,Owner review: retain; monitor and prioritise genuine evidence
/service-areas/western-sydney-and-nepean/blacktown/woodcroft/,Woodcroft,2767,Blacktown,Western Sydney & Nepean,core 60-minute target,888,253040,58.62,100.00,19,4,1,21,4,true,true,false,false,false,false,coverage dataset only,Owner review: retain; monitor and prioritise genuine evidence
/service-areas/western-sydney-and-nepean/penrith/berkshire-park/,Berkshire Park,2765,Penrith,Western Sydney & Nepean,core 60-minute target,909,253568,57.23,98.61,19,3,76,21,4,true,true,false,false,false,false,coverage dataset only,Owner review: retain; monitor and prioritise genuine evidence
/service-areas/western-sydney-and-nepean/penrith/caddens/,Caddens,2747,Penrith,Western Sydney & Nepean,core 60-minute target,889,252765,58.67,98.61,19,3,76,21,4,true,true,false,false,false,false,coverage dataset only,Owner review: retain; monitor and prioritise genuine evidence
/service-areas/western-sydney-and-nepean/penrith/cambridge-gardens/,Cambridge Gardens,2747,Penrith,Western Sydney & Nepean,core 60-minute target,909,253961,57.23,100.00,19,3,10,21,4,true,true,false,false,false,false,coverage dataset only,Owner review: retain; monitor and prioritise genuine evidence
/service-areas/western-sydney-and-nepean/penrith/cambridge-park/,Cambridge Park,2747,Penrith,Western Sydney & Nepean,core 60-minute target,909,253565,57.23,100.00,19,3,2,21,4,true,true,false,false,false,false,coverage dataset only,Owner review: retain; monitor and prioritise genuine evidence
/service-areas/western-sydney-and-nepean/penrith/castlereagh/,Castlereagh,2749,Penrith,Western Sydney & Nepean,core 60-minute target,888,253252,58.62,100.00,19,3,2,21,4,true,true,false,false,false,false,coverage dataset only,Owner review: retain; monitor and prioritise genuine evidence
/service-areas/western-sydney-and-nepean/penrith/claremont-meadows/,Claremont Meadows,2747,Penrith,Western Sydney & Nepean,core 60-minute target,909,253901,57.23,100.00,19,3,2,21,4,true,true,false,false,false,false,coverage dataset only,Owner review: retain; monitor and prioritise genuine evidence
/service-areas/western-sydney-and-nepean/penrith/colyton/,Colyton,2760,Penrith,Western Sydney & Nepean,core 60-minute target,888,252727,58.62,100.00,19,4,1,21,4,true,true,false,false,false,false,coverage dataset only,Owner review: retain; monitor and prioritise genuine evidence
/service-areas/western-sydney-and-nepean/penrith/cranebrook/,Cranebrook,2749,Penrith,Western Sydney & Nepean,core 60-minute target,888,253076,58.62,100.00,19,4,1,21,4,true,true,false,false,false,false,coverage dataset only,Owner review: retain; monitor and prioritise genuine evidence
/service-areas/western-sydney-and-nepean/penrith/emu-heights/,Emu Heights,2750,Penrith,Western Sydney & Nepean,core 60-minute target,909,253192,57.23,100.00,19,4,1,21,4,true,true,false,false,false,false,coverage dataset only,Owner review: retain; monitor and prioritise genuine evidence
/service-areas/western-sydney-and-nepean/penrith/emu-plains/,Emu Plains,2750,Penrith,Western Sydney & Nepean,core 60-minute target,909,253088,57.23,100.00,19,4,1,21,4,true,true,false,false,false,false,coverage dataset only,Owner review: retain; monitor and prioritise genuine evidence
/service-areas/western-sydney-and-nepean/penrith/erskine-park/,Erskine Park,2759,Penrith,Western Sydney & Nepean,core 60-minute target,909,253333,57.23,100.00,19,4,1,21,4,true,true,false,false,false,false,coverage dataset only,Owner review: retain; monitor and prioritise genuine evidence
/service-areas/western-sydney-and-nepean/penrith/glenmore-park/,Glenmore Park,2745,Penrith,Western Sydney & Nepean,core 60-minute target,909,253449,57.23,100.00,19,4,1,21,4,true,true,false,false,false,false,coverage dataset only,Owner review: retain; monitor and prioritise genuine evidence
/service-areas/western-sydney-and-nepean/penrith/jamisontown/,Jamisontown,2750,Penrith,Western Sydney & Nepean,core 60-minute target,888,253204,58.62,100.00,19,4,1,21,4,true,true,false,false,false,false,coverage dataset only,Owner review: retain; monitor and prioritise genuine evidence
/service-areas/western-sydney-and-nepean/penrith/jordan-springs/,Jordan Springs,2747,Penrith,Western Sydney & Nepean,core 60-minute target,909,253613,57.23,100.00,19,4,1,21,4,true,true,false,false,false,false,coverage dataset only,Owner review: retain; monitor and prioritise genuine evidence
/service-areas/western-sydney-and-nepean/penrith/kingswood/,Kingswood,2747,Penrith,Western Sydney & Nepean,core 60-minute target,888,252972,58.62,100.00,19,4,1,21,4,true,true,false,false,false,false,coverage dataset only,Owner review: retain; monitor and prioritise genuine evidence
/service-areas/western-sydney-and-nepean/penrith/leonay/,Leonay,2750,Penrith,Western Sydney & Nepean,core 60-minute target,888,252599,58.62,100.00,19,4,1,21,4,true,true,false,false,false,false,coverage dataset only,Owner review: retain; monitor and prioritise genuine evidence
/service-areas/western-sydney-and-nepean/penrith/llandilo/,Llandilo,2747,Penrith,Western Sydney & Nepean,core 60-minute target,888,252891,58.62,100.00,19,4,1,21,4,true,true,false,false,false,false,coverage dataset only,Owner review: retain; monitor and prioritise genuine evidence
/service-areas/western-sydney-and-nepean/penrith/londonderry/,Londonderry,2753,Penrith,Western Sydney & Nepean,core 60-minute target,888,253204,58.62,100.00,19,4,1,21,4,true,true,false,false,false,false,coverage dataset only,Owner review: retain; monitor and prioritise genuine evidence
/service-areas/western-sydney-and-nepean/penrith/mount-vernon/,Mount Vernon,2178,Penrith,Western Sydney & Nepean,core 60-minute target,909,253321,57.23,100.00,19,4,1,21,4,true,true,false,false,false,false,coverage dataset only,Owner review: retain; monitor and prioritise genuine evidence
/service-areas/western-sydney-and-nepean/penrith/mulgoa/,Mulgoa,2745,Penrith,Western Sydney & Nepean,core 60-minute target,888,252659,58.62,100.00,19,4,1,21,4,true,true,false,false,false,false,coverage dataset only,Owner review: retain; monitor and prioritise genuine evidence
/service-areas/western-sydney-and-nepean/penrith/north-st-marys/,North St Marys,2760,Penrith,Western Sydney & Nepean,core 60-minute target,930,253565,55.91,100.00,19,4,1,21,4,true,true,false,false,false,false,coverage dataset only,Owner review: retain; monitor and prioritise genuine evidence
/service-areas/western-sydney-and-nepean/penrith/orchard-hills/,Orchard Hills,2748,Penrith,Western Sydney & Nepean,core 60-minute target,909,253497,57.23,100.00,19,4,1,21,4,true,true,false,false,false,false,coverage dataset only,Owner review: retain; monitor and prioritise genuine evidence
/service-areas/western-sydney-and-nepean/penrith/oxley-park/,Oxley Park,2760,Penrith,Western Sydney & Nepean,core 60-minute target,909,253088,57.23,100.00,19,4,1,21,4,true,true,false,false,false,false,coverage dataset only,Owner review: retain; monitor and prioritise genuine evidence
/service-areas/western-sydney-and-nepean/penrith/penrith/,Penrith,2750,Penrith,Western Sydney & Nepean,core 60-minute target,888,252781,58.62,100.00,19,4,1,21,4,true,true,false,false,false,false,coverage dataset only,Owner review: retain; monitor and prioritise genuine evidence
/service-areas/western-sydney-and-nepean/penrith/regentville/,Regentville,2745,Penrith,Western Sydney & Nepean,core 60-minute target,888,253252,58.62,100.00,19,4,1,21,4,true,true,false,false,false,false,coverage dataset only,Owner review: retain; monitor and prioritise genuine evidence
/service-areas/western-sydney-and-nepean/penrith/south-penrith/,South Penrith,2750,Penrith,Western Sydney & Nepean,core 60-minute target,909,253449,57.23,100.00,19,4,1,21,4,true,true,false,false,false,false,coverage dataset only,Owner review: retain; monitor and prioritise genuine evidence
/service-areas/western-sydney-and-nepean/penrith/st-clair/,St Clair,2759,Penrith,Western Sydney & Nepean,core 60-minute target,909,252843,57.23,100.00,19,4,1,21,4,true,true,false,false,false,false,coverage dataset only,Owner review: retain; monitor and prioritise genuine evidence
/service-areas/western-sydney-and-nepean/penrith/st-marys/,St Marys,2760,Penrith,Western Sydney & Nepean,core 60-minute target,909,252843,57.23,100.00,19,4,1,21,4,true,true,false,false,false,false,coverage dataset only,Owner review: retain; monitor and prioritise genuine evidence
/service-areas/western-sydney-and-nepean/penrith/werrington-county/,Werrington County,2747,Penrith,Western Sydney & Nepean,core 60-minute target,909,253901,57.23,100.00,19,4,1,21,4,true,true,false,false,false,false,coverage dataset only,Owner review: retain; monitor and prioritise genuine evidence
/service-areas/western-sydney-and-nepean/penrith/werrington-downs/,Werrington Downs,2747,Penrith,Western Sydney & Nepean,core 60-minute target,909,253845,57.23,100.00,19,4,1,21,4,true,true,false,false,false,false,coverage dataset only,Owner review: retain; monitor and prioritise genuine evidence
/service-areas/western-sydney-and-nepean/penrith/werrington/,Werrington,2747,Penrith,Western Sydney & Nepean,core 60-minute target,888,253136,58.62,100.00,19,4,1,21,4,true,true,false,false,false,false,coverage dataset only,Owner review: retain; monitor and prioritise genuine evidence
/service-areas/wollongong-and-illawarra/minnamurra-and-kiama-downs/bombo/,Bombo,2533,Minnamurra & Kiama Downs,Wollongong & Illawarra,selected outer-region 60-90-minute estimate,896,253552,58.38,100.00,19,3,2,21,4,true,true,false,false,false,false,coverage dataset only,Owner review: retain; monitor and prioritise genuine evidence
/service-areas/wollongong-and-illawarra/minnamurra-and-kiama-downs/croom/,Croom,2527,Minnamurra & Kiama Downs,Wollongong & Illawarra,selected outer-region 60-90-minute estimate,896,253438,58.38,97.11,19,4,1,21,4,true,true,false,false,false,false,coverage dataset only,Owner review: retain; monitor and prioritise genuine evidence
/service-areas/wollongong-and-illawarra/minnamurra-and-kiama-downs/kiama-downs/,Kiama Downs,2533,Minnamurra & Kiama Downs,Wollongong & Illawarra,selected outer-region 60-90-minute estimate,917,254261,57.00,100.00,19,4,1,21,4,true,true,false,false,false,false,coverage dataset only,Owner review: retain; monitor and prioritise genuine evidence
/service-areas/wollongong-and-illawarra/minnamurra-and-kiama-downs/minnamurra/,Minnamurra,2533,Minnamurra & Kiama Downs,Wollongong & Illawarra,selected outer-region 60-90-minute estimate,896,254145,58.38,100.00,19,4,1,21,4,true,true,false,false,false,false,coverage dataset only,Owner review: retain; monitor and prioritise genuine evidence
/service-areas/wollongong-and-illawarra/shellharbour/albion-park-rail/,Albion Park Rail,2527,Shellharbour,Wollongong & Illawarra,selected outer-region 60-90-minute estimate,924,254084,55.75,100.00,19,3,85,21,4,true,true,false,false,false,false,coverage dataset only,Owner review: retain; monitor and prioritise genuine evidence
/service-areas/wollongong-and-illawarra/shellharbour/albion-park/,Albion Park,2527,Shellharbour,Wollongong & Illawarra,selected outer-region 60-90-minute estimate,904,253529,57.13,98.62,19,3,85,21,4,true,true,false,false,false,false,coverage dataset only,Owner review: retain; monitor and prioritise genuine evidence
/service-areas/wollongong-and-illawarra/shellharbour/barrack-heights/,Barrack Heights,2528,Shellharbour,Wollongong & Illawarra,selected outer-region 60-90-minute estimate,904,254087,57.13,100.00,19,3,85,21,4,true,true,false,false,false,false,coverage dataset only,Owner review: retain; monitor and prioritise genuine evidence
/service-areas/wollongong-and-illawarra/shellharbour/barrack-point/,Barrack Point,2528,Shellharbour,Wollongong & Illawarra,selected outer-region 60-90-minute estimate,904,253865,57.13,100.00,19,3,85,21,4,true,true,false,false,false,false,coverage dataset only,Owner review: retain; monitor and prioritise genuine evidence
/service-areas/wollongong-and-illawarra/shellharbour/blackbutt/,Blackbutt,2529,Shellharbour,Wollongong & Illawarra,selected outer-region 60-90-minute estimate,884,253297,58.57,100.00,19,3,2,21,4,true,true,false,false,false,false,coverage dataset only,Owner review: retain; monitor and prioritise genuine evidence
/service-areas/wollongong-and-illawarra/shellharbour/calderwood/,Calderwood,2527,Shellharbour,Wollongong & Illawarra,selected outer-region 60-90-minute estimate,884,253426,58.57,100.00,19,4,1,21,4,true,true,false,false,false,false,coverage dataset only,Owner review: retain; monitor and prioritise genuine evidence
/service-areas/wollongong-and-illawarra/shellharbour/dunmore/,Dunmore,2529,Shellharbour,Wollongong & Illawarra,selected outer-region 60-90-minute estimate,884,253178,58.57,100.00,19,4,1,21,4,true,true,false,false,false,false,coverage dataset only,Owner review: retain; monitor and prioritise genuine evidence
/service-areas/wollongong-and-illawarra/shellharbour/flinders/,Flinders,2529,Shellharbour,Wollongong & Illawarra,selected outer-region 60-90-minute estimate,884,253180,58.57,100.00,19,4,1,21,4,true,true,false,false,false,false,coverage dataset only,Owner review: retain; monitor and prioritise genuine evidence
/service-areas/wollongong-and-illawarra/shellharbour/lake-illawarra/,Lake Illawarra,2528,Shellharbour,Wollongong & Illawarra,selected outer-region 60-90-minute estimate,905,254016,57.18,100.00,19,4,1,21,4,true,true,false,false,false,false,coverage dataset only,Owner review: retain; monitor and prioritise genuine evidence
/service-areas/wollongong-and-illawarra/shellharbour/mount-warrigal/,Mount Warrigal,2528,Shellharbour,Wollongong & Illawarra,selected outer-region 60-90-minute estimate,905,253890,57.18,100.00,19,4,1,21,4,true,true,false,false,false,false,coverage dataset only,Owner review: retain; monitor and prioritise genuine evidence
/service-areas/wollongong-and-illawarra/shellharbour/north-macquarie/,North Macquarie,2527,Shellharbour,Wollongong & Illawarra,selected outer-region 60-90-minute estimate,905,254006,57.18,100.00,19,4,1,21,4,true,true,false,false,false,false,coverage dataset only,Owner review: retain; monitor and prioritise genuine evidence
/service-areas/wollongong-and-illawarra/shellharbour/oak-flats/,Oak Flats,2529,Shellharbour,Wollongong & Illawarra,selected outer-region 60-90-minute estimate,905,253309,57.18,100.00,19,4,1,21,4,true,true,false,false,false,false,coverage dataset only,Owner review: retain; monitor and prioritise genuine evidence
/service-areas/wollongong-and-illawarra/shellharbour/shell-cove/,Shell Cove,2529,Shellharbour,Wollongong & Illawarra,selected outer-region 60-90-minute estimate,905,253552,57.18,100.00,19,4,1,21,4,true,true,false,false,false,false,coverage dataset only,Owner review: retain; monitor and prioritise genuine evidence
/service-areas/wollongong-and-illawarra/shellharbour/shellharbour-city-centre/,Shellharbour City Centre,2529,Shellharbour,Wollongong & Illawarra,selected outer-region 60-90-minute estimate,926,255075,55.85,100.00,19,4,1,21,4,true,true,false,false,false,false,coverage dataset only,Owner review: retain; monitor and prioritise genuine evidence
/service-areas/wollongong-and-illawarra/shellharbour/shellharbour/,Shellharbour,2529,Shellharbour,Wollongong & Illawarra,selected outer-region 60-90-minute estimate,884,253784,58.57,100.00,19,4,1,21,4,true,true,false,false,false,false,coverage dataset only,Owner review: retain; monitor and prioritise genuine evidence
/service-areas/wollongong-and-illawarra/shellharbour/tullimbar/,Tullimbar,2527,Shellharbour,Wollongong & Illawarra,selected outer-region 60-90-minute estimate,884,253297,58.57,100.00,19,4,1,21,4,true,true,false,false,false,false,coverage dataset only,Owner review: retain; monitor and prioritise genuine evidence
/service-areas/wollongong-and-illawarra/shellharbour/warilla/,Warilla,2528,Shellharbour,Wollongong & Illawarra,selected outer-region 60-90-minute estimate,884,253178,58.57,100.00,19,4,1,21,4,true,true,false,false,false,false,coverage dataset only,Owner review: retain; monitor and prioritise genuine evidence
/service-areas/wollongong-and-illawarra/wollongong/austinmer/,Austinmer,2515,Wollongong,Wollongong & Illawarra,selected outer-region 60-90-minute estimate,884,253338,58.57,100.00,19,3,85,21,4,true,true,false,false,false,false,coverage dataset only,Owner review: retain; monitor and prioritise genuine evidence
/service-areas/wollongong-and-illawarra/wollongong/avondale/,Avondale,2530,Wollongong,Wollongong & Illawarra,selected outer-region 60-90-minute estimate,884,253100,58.57,100.00,19,3,85,21,4,true,true,false,false,false,false,coverage dataset only,Owner review: retain; monitor and prioritise genuine evidence
/service-areas/wollongong-and-illawarra/wollongong/balgownie/,Balgownie,2519,Wollongong,Wollongong & Illawarra,selected outer-region 60-90-minute estimate,884,253212,58.57,100.00,19,3,85,21,4,true,true,false,false,false,false,coverage dataset only,Owner review: retain; monitor and prioritise genuine evidence
/service-areas/wollongong-and-illawarra/wollongong/bellambi/,Bellambi,2518,Wollongong,Wollongong & Illawarra,selected outer-region 60-90-minute estimate,884,253214,58.57,100.00,19,3,10,21,4,true,true,false,false,false,false,coverage dataset only,Owner review: retain; monitor and prioritise genuine evidence
/service-areas/wollongong-and-illawarra/wollongong/berkeley/,Berkeley,2506,Wollongong,Wollongong & Illawarra,selected outer-region 60-90-minute estimate,884,253148,58.57,100.00,19,3,2,21,4,true,true,false,false,false,false,coverage dataset only,Owner review: retain; monitor and prioritise genuine evidence
/service-areas/wollongong-and-illawarra/wollongong/brownsville/,Brownsville,2530,Wollongong,Wollongong & Illawarra,selected outer-region 60-90-minute estimate,884,253449,58.57,100.00,19,4,1,21,4,true,true,false,false,false,false,coverage dataset only,Owner review: retain; monitor and prioritise genuine evidence
/service-areas/wollongong-and-illawarra/wollongong/bulli/,Bulli,2516,Wollongong,Wollongong & Illawarra,selected outer-region 60-90-minute estimate,884,252866,58.57,100.00,19,4,1,21,4,true,true,false,false,false,false,coverage dataset only,Owner review: retain; monitor and prioritise genuine evidence
/service-areas/wollongong-and-illawarra/wollongong/cleveland/,Cleveland,2530,Wollongong,Wollongong & Illawarra,selected outer-region 60-90-minute estimate,884,253277,58.57,100.00,19,4,1,21,4,true,true,false,false,false,false,coverage dataset only,Owner review: retain; monitor and prioritise genuine evidence
/service-areas/wollongong-and-illawarra/wollongong/clifton/,Clifton,2515,Wollongong,Wollongong & Illawarra,selected outer-region 60-90-minute estimate,884,253098,58.57,100.00,19,4,1,21,4,true,true,false,false,false,false,coverage dataset only,Owner review: retain; monitor and prioritise genuine evidence
/service-areas/wollongong-and-illawarra/wollongong/coalcliff/,Coalcliff,2508,Wollongong,Wollongong & Illawarra,selected outer-region 60-90-minute estimate,884,253343,58.57,100.00,19,4,1,21,4,true,true,false,false,false,false,coverage dataset only,Owner review: retain; monitor and prioritise genuine evidence
/service-areas/wollongong-and-illawarra/wollongong/coledale/,Coledale,2515,Wollongong,Wollongong & Illawarra,selected outer-region 60-90-minute estimate,884,253214,58.57,100.00,19,4,1,21,4,true,true,false,false,false,false,coverage dataset only,Owner review: retain; monitor and prioritise genuine evidence
/service-areas/wollongong-and-illawarra/wollongong/coniston/,Coniston,2500,Wollongong,Wollongong & Illawarra,selected outer-region 60-90-minute estimate,884,253148,58.57,100.00,19,4,1,21,4,true,true,false,false,false,false,coverage dataset only,Owner review: retain; monitor and prioritise genuine evidence
/service-areas/wollongong-and-illawarra/wollongong/cordeaux-heights/,Cordeaux Heights,2526,Wollongong,Wollongong & Illawarra,selected outer-region 60-90-minute estimate,905,254042,57.18,100.00,19,4,1,21,4,true,true,false,false,false,false,coverage dataset only,Owner review: retain; monitor and prioritise genuine evidence
/service-areas/wollongong-and-illawarra/wollongong/corrimal/,Corrimal,2518,Wollongong,Wollongong & Illawarra,selected outer-region 60-90-minute estimate,884,253100,58.57,100.00,19,4,1,21,4,true,true,false,false,false,false,coverage dataset only,Owner review: retain; monitor and prioritise genuine evidence
/service-areas/wollongong-and-illawarra/wollongong/cringila/,Cringila,2502,Wollongong,Wollongong & Illawarra,selected outer-region 60-90-minute estimate,884,253100,58.57,100.00,19,4,1,21,4,true,true,false,false,false,false,coverage dataset only,Owner review: retain; monitor and prioritise genuine evidence
/service-areas/wollongong-and-illawarra/wollongong/dapto/,Dapto,2530,Wollongong,Wollongong & Illawarra,selected outer-region 60-90-minute estimate,884,252752,58.57,100.00,19,4,1,21,4,true,true,false,false,false,false,coverage dataset only,Owner review: retain; monitor and prioritise genuine evidence
/service-areas/wollongong-and-illawarra/wollongong/darkes-forest/,Darkes Forest,2508,Wollongong,Wollongong & Illawarra,selected outer-region 60-90-minute estimate,905,253694,57.18,100.00,19,4,1,21,4,true,true,false,false,false,false,coverage dataset only,Owner review: retain; monitor and prioritise genuine evidence
/service-areas/wollongong-and-illawarra/wollongong/dombarton/,Dombarton,2530,Wollongong,Wollongong & Illawarra,selected outer-region 60-90-minute estimate,884,253229,58.57,100.00,19,4,1,21,4,true,true,false,false,false,false,coverage dataset only,Owner review: retain; monitor and prioritise genuine evidence
/service-areas/wollongong-and-illawarra/wollongong/east-corrimal/,East Corrimal,2518,Wollongong,Wollongong & Illawarra,selected outer-region 60-90-minute estimate,905,253820,57.18,100.00,19,4,1,21,4,true,true,false,false,false,false,coverage dataset only,Owner review: retain; monitor and prioritise genuine evidence
/service-areas/wollongong-and-illawarra/wollongong/fairy-meadow/,Fairy Meadow,2519,Wollongong,Wollongong & Illawarra,selected outer-region 60-90-minute estimate,905,253590,57.18,100.00,19,4,1,21,4,true,true,false,false,false,false,coverage dataset only,Owner review: retain; monitor and prioritise genuine evidence
/service-areas/wollongong-and-illawarra/wollongong/farmborough-heights/,Farmborough Heights,2526,Wollongong,Wollongong & Illawarra,selected outer-region 60-90-minute estimate,905,254450,57.18,100.00,19,4,1,21,4,true,true,false,false,false,false,coverage dataset only,Owner review: retain; monitor and prioritise genuine evidence
/service-areas/wollongong-and-illawarra/wollongong/fernhill/,Fernhill,2519,Wollongong,Wollongong & Illawarra,selected outer-region 60-90-minute estimate,884,253088,58.57,100.00,19,4,1,21,4,true,true,false,false,false,false,coverage dataset only,Owner review: retain; monitor and prioritise genuine evidence
/service-areas/wollongong-and-illawarra/wollongong/figtree/,Figtree,2525,Wollongong,Wollongong & Illawarra,selected outer-region 60-90-minute estimate,884,252984,58.57,100.00,19,4,1,21,4,true,true,false,false,false,false,coverage dataset only,Owner review: retain; monitor and prioritise genuine evidence
/service-areas/wollongong-and-illawarra/wollongong/gwynneville/,Gwynneville,2500,Wollongong,Wollongong & Illawarra,selected outer-region 60-90-minute estimate,884,253449,58.57,100.00,19,4,1,21,4,true,true,false,false,false,false,coverage dataset only,Owner review: retain; monitor and prioritise genuine evidence
/service-areas/wollongong-and-illawarra/wollongong/haywards-bay/,Haywards Bay,2530,Wollongong,Wollongong & Illawarra,selected outer-region 60-90-minute estimate,905,253638,57.18,100.00,19,4,1,21,4,true,true,false,false,false,false,coverage dataset only,Owner review: retain; monitor and prioritise genuine evidence
/service-areas/wollongong-and-illawarra/wollongong/helensburgh/,Helensburgh,2508,Wollongong,Wollongong & Illawarra,selected outer-region 60-90-minute estimate,884,253461,58.57,100.00,19,4,1,21,4,true,true,false,false,false,false,coverage dataset only,Owner review: retain; monitor and prioritise genuine evidence
/service-areas/wollongong-and-illawarra/wollongong/horsley/,Horsley,2530,Wollongong,Wollongong & Illawarra,selected outer-region 60-90-minute estimate,884,253032,58.57,100.00,19,4,1,21,4,true,true,false,false,false,false,coverage dataset only,Owner review: retain; monitor and prioritise genuine evidence
/service-areas/wollongong-and-illawarra/wollongong/huntley/,Huntley,2530,Wollongong,Wollongong & Illawarra,selected outer-region 60-90-minute estimate,884,252972,58.57,100.00,19,4,1,21,4,true,true,false,false,false,false,coverage dataset only,Owner review: retain; monitor and prioritise genuine evidence
/service-areas/wollongong-and-illawarra/wollongong/kanahooka/,Kanahooka,2530,Wollongong,Wollongong & Illawarra,selected outer-region 60-90-minute estimate,884,253217,58.57,100.00,19,4,1,21,4,true,true,false,false,false,false,coverage dataset only,Owner review: retain; monitor and prioritise genuine evidence
/service-areas/wollongong-and-illawarra/wollongong/keiraville/,Keiraville,2500,Wollongong,Wollongong & Illawarra,selected outer-region 60-90-minute estimate,884,253333,58.57,100.00,19,4,1,21,4,true,true,false,false,false,false,coverage dataset only,Owner review: retain; monitor and prioritise genuine evidence
/service-areas/wollongong-and-illawarra/wollongong/kembla-grange/,Kembla Grange,2526,Wollongong,Wollongong & Illawarra,selected outer-region 60-90-minute estimate,905,253754,57.18,100.00,19,4,1,21,4,true,true,false,false,false,false,coverage dataset only,Owner review: retain; monitor and prioritise genuine evidence
/service-areas/wollongong-and-illawarra/wollongong/kembla-heights/,Kembla Heights,2526,Wollongong,Wollongong & Illawarra,selected outer-region 60-90-minute estimate,905,253870,57.18,100.00,19,4,1,21,4,true,true,false,false,false,false,coverage dataset only,Owner review: retain; monitor and prioritise genuine evidence
/service-areas/wollongong-and-illawarra/wollongong/koonawarra/,Koonawarra,2530,Wollongong,Wollongong & Illawarra,selected outer-region 60-90-minute estimate,884,253333,58.57,100.00,19,4,1,21,4,true,true,false,false,false,false,coverage dataset only,Owner review: retain; monitor and prioritise genuine evidence
/service-areas/wollongong-and-illawarra/wollongong/lake-heights/,Lake Heights,2502,Wollongong,Wollongong & Illawarra,selected outer-region 60-90-minute estimate,905,253578,57.18,100.00,19,4,1,21,4,true,true,false,false,false,false,coverage dataset only,Owner review: retain; monitor and prioritise genuine evidence
/service-areas/wollongong-and-illawarra/wollongong/lilyvale/,Lilyvale,2508,Wollongong,Wollongong & Illawarra,selected outer-region 60-90-minute estimate,884,253088,58.57,100.00,19,4,1,21,4,true,true,false,false,false,false,coverage dataset only,Owner review: retain; monitor and prioritise genuine evidence
/service-areas/wollongong-and-illawarra/wollongong/maddens-plains/,Maddens Plains,2508,Wollongong,Wollongong & Illawarra,selected outer-region 60-90-minute estimate,905,253936,57.18,100.00,19,4,1,21,4,true,true,false,false,false,false,coverage dataset only,Owner review: retain; monitor and prioritise genuine evidence
/service-areas/wollongong-and-illawarra/wollongong/mangerton/,Mangerton,2500,Wollongong,Wollongong & Illawarra,selected outer-region 60-90-minute estimate,884,253277,58.57,100.00,19,4,1,21,4,true,true,false,false,false,false,coverage dataset only,Owner review: retain; monitor and prioritise genuine evidence
/service-areas/wollongong-and-illawarra/wollongong/marshall-mount/,Marshall Mount,2530,Wollongong,Wollongong & Illawarra,selected outer-region 60-90-minute estimate,905,253870,57.18,100.00,19,4,1,21,4,true,true,false,false,false,false,coverage dataset only,Owner review: retain; monitor and prioritise genuine evidence
/service-areas/wollongong-and-illawarra/wollongong/mount-keira/,Mount Keira,2500,Wollongong,Wollongong & Illawarra,selected outer-region 60-90-minute estimate,905,253449,57.18,100.00,19,4,1,21,4,true,true,false,false,false,false,coverage dataset only,Owner review: retain; monitor and prioritise genuine evidence
/service-areas/wollongong-and-illawarra/wollongong/mount-kembla/,Mount Kembla,2526,Wollongong,Wollongong & Illawarra,selected outer-region 60-90-minute estimate,905,253578,57.18,100.00,19,4,1,21,4,true,true,false,false,false,false,coverage dataset only,Owner review: retain; monitor and prioritise genuine evidence
/service-areas/wollongong-and-illawarra/wollongong/mount-ousley/,Mount Ousley,2519,Wollongong,Wollongong & Illawarra,selected outer-region 60-90-minute estimate,905,253638,57.18,100.00,19,4,1,21,4,true,true,false,false,false,false,coverage dataset only,Owner review: retain; monitor and prioritise genuine evidence
/service-areas/wollongong-and-illawarra/wollongong/mount-pleasant/,Mount Pleasant,2519,Wollongong,Wollongong & Illawarra,selected outer-region 60-90-minute estimate,905,253810,57.18,100.00,19,4,1,21,4,true,true,false,false,false,false,coverage dataset only,Owner review: retain; monitor and prioritise genuine evidence
/service-areas/wollongong-and-illawarra/wollongong/mount-saint-thomas/,Mount Saint Thomas,2500,Wollongong,Wollongong & Illawarra,selected outer-region 60-90-minute estimate,926,254274,55.85,100.00,19,4,1,21,4,true,true,false,false,false,false,coverage dataset only,Owner review: retain; monitor and prioritise genuine evidence
/service-areas/wollongong-and-illawarra/wollongong/north-wollongong/,North Wollongong,2500,Wollongong,Wollongong & Illawarra,selected outer-region 60-90-minute estimate,905,254168,57.18,100.00,19,4,1,21,4,true,true,false,false,false,false,coverage dataset only,Owner review: retain; monitor and prioritise genuine evidence
/service-areas/wollongong-and-illawarra/wollongong/otford/,Otford,2508,Wollongong,Wollongong & Illawarra,selected outer-region 60-90-minute estimate,884,252982,58.57,100.00,19,4,1,21,4,true,true,false,false,false,false,coverage dataset only,Owner review: retain; monitor and prioritise genuine evidence
/service-areas/wollongong-and-illawarra/wollongong/port-kembla/,Port Kembla,2505,Wollongong,Wollongong & Illawarra,selected outer-region 60-90-minute estimate,905,253461,57.18,100.00,19,4,1,21,4,true,true,false,false,false,false,coverage dataset only,Owner review: retain; monitor and prioritise genuine evidence
/service-areas/wollongong-and-illawarra/wollongong/primbee/,Primbee,2502,Wollongong,Wollongong & Illawarra,selected outer-region 60-90-minute estimate,884,253098,58.57,100.00,19,4,1,21,4,true,true,false,false,false,false,coverage dataset only,Owner review: retain; monitor and prioritise genuine evidence
/service-areas/wollongong-and-illawarra/wollongong/russell-vale/,Russell Vale,2517,Wollongong,Wollongong & Illawarra,selected outer-region 60-90-minute estimate,905,253638,57.18,100.00,19,4,1,21,4,true,true,false,false,false,false,coverage dataset only,Owner review: retain; monitor and prioritise genuine evidence
/service-areas/wollongong-and-illawarra/wollongong/scarborough/,Scarborough,2515,Wollongong,Wollongong & Illawarra,selected outer-region 60-90-minute estimate,884,253575,58.57,100.00,19,4,1,21,4,true,true,false,false,false,false,coverage dataset only,Owner review: retain; monitor and prioritise genuine evidence
/service-areas/wollongong-and-illawarra/wollongong/stanwell-park/,Stanwell Park,2508,Wollongong,Wollongong & Illawarra,selected outer-region 60-90-minute estimate,905,253820,57.18,100.00,19,4,1,21,4,true,true,false,false,false,false,coverage dataset only,Owner review: retain; monitor and prioritise genuine evidence
/service-areas/wollongong-and-illawarra/wollongong/stanwell-tops/,Stanwell Tops,2508,Wollongong,Wollongong & Illawarra,selected outer-region 60-90-minute estimate,905,253754,57.18,100.00,19,4,1,21,4,true,true,false,false,false,false,coverage dataset only,Owner review: retain; monitor and prioritise genuine evidence
/service-areas/wollongong-and-illawarra/wollongong/tarrawanna/,Tarrawanna,2518,Wollongong,Wollongong & Illawarra,selected outer-region 60-90-minute estimate,884,253345,58.57,100.00,19,4,1,21,4,true,true,false,false,false,false,coverage dataset only,Owner review: retain; monitor and prioritise genuine evidence
/service-areas/wollongong-and-illawarra/wollongong/thirroul/,Thirroul,2515,Wollongong,Wollongong & Illawarra,selected outer-region 60-90-minute estimate,884,253214,58.57,100.00,19,4,1,21,4,true,true,false,false,false,false,coverage dataset only,Owner review: retain; monitor and prioritise genuine evidence
/service-areas/wollongong-and-illawarra/wollongong/towradgi/,Towradgi,2518,Wollongong,Wollongong & Illawarra,selected outer-region 60-90-minute estimate,884,253214,58.57,100.00,19,4,1,21,4,true,true,false,false,false,false,coverage dataset only,Owner review: retain; monitor and prioritise genuine evidence
/service-areas/wollongong-and-illawarra/wollongong/unanderra/,Unanderra,2526,Wollongong,Wollongong & Illawarra,selected outer-region 60-90-minute estimate,884,253229,58.57,100.00,19,4,1,21,4,true,true,false,false,false,false,coverage dataset only,Owner review: retain; monitor and prioritise genuine evidence
/service-areas/wollongong-and-illawarra/wollongong/warrawong/,Warrawong,2502,Wollongong,Wollongong & Illawarra,selected outer-region 60-90-minute estimate,884,253343,58.57,100.00,19,4,1,21,4,true,true,false,false,false,false,coverage dataset only,Owner review: retain; monitor and prioritise genuine evidence
/service-areas/wollongong-and-illawarra/wollongong/west-wollongong/,West Wollongong,2500,Wollongong,Wollongong & Illawarra,selected outer-region 60-90-minute estimate,905,253926,57.18,100.00,19,4,1,21,4,true,true,false,false,false,false,coverage dataset only,Owner review: retain; monitor and prioritise genuine evidence
/service-areas/wollongong-and-illawarra/wollongong/windang/,Windang,2528,Wollongong,Wollongong & Illawarra,selected outer-region 60-90-minute estimate,884,253098,58.57,97.24,19,4,1,21,4,true,true,false,false,false,false,coverage dataset only,Owner review: retain; monitor and prioritise genuine evidence
/service-areas/wollongong-and-illawarra/wollongong/wollongong/,Wollongong,2500,Wollongong,Wollongong & Illawarra,selected outer-region 60-90-minute estimate,884,253353,58.57,100.00,19,2,86,21,4,true,true,false,false,false,false,coverage dataset only,Owner review: retain; monitor and prioritise genuine evidence
/service-areas/wollongong-and-illawarra/wollongong/wombarra/,Wombarra,2515,Wollongong,Wollongong & Illawarra,selected outer-region 60-90-minute estimate,884,253214,58.57,100.00,19,4,1,21,4,true,true,false,false,false,false,coverage dataset only,Owner review: retain; monitor and prioritise genuine evidence
/service-areas/wollongong-and-illawarra/wollongong/wongawilli/,Wongawilli,2530,Wollongong,Wollongong & Illawarra,selected outer-region 60-90-minute estimate,884,253333,58.57,100.00,19,4,1,21,4,true,true,false,false,false,false,coverage dataset only,Owner review: retain; monitor and prioritise genuine evidence
/service-areas/wollongong-and-illawarra/wollongong/woonona/,Woonona,2517,Wollongong,Wollongong & Illawarra,selected outer-region 60-90-minute estimate,884,253098,58.57,100.00,19,4,1,21,4,true,true,false,false,false,false,coverage dataset only,Owner review: retain; monitor and prioritise genuine evidence
/service-areas/wollongong-and-illawarra/wollongong/yallah/,Yallah,2530,Wollongong,Wollongong & Illawarra,selected outer-region 60-90-minute estimate,884,252868,58.57,100.00,19,4,1,21,4,true,true,false,false,false,false,coverage dataset only,Owner review: retain; monitor and prioritise genuine evidence
