route,proposed_robots,proposed_sitemap,status
/,"index,follow",include,owner-approval-required
/about/,"index,follow",include,owner-approval-required
/contact/,"index,follow",include,owner-approval-required
/electrical-faults/,"noindex,follow",omit,owner-approval-required
/electrical-faults/burning-smell-from-outlet/,"noindex,follow",omit,owner-approval-required
/electrical-faults/burning-smell-from-switchboard/,"noindex,follow",omit,owner-approval-required
/electrical-faults/circuit-breaker-keeps-tripping/,"noindex,follow",omit,owner-approval-required
/electrical-faults/electric-shock-from-outlet/,"noindex,follow",omit,owner-approval-required
/electrical-faults/hot-power-point/,"noindex,follow",omit,owner-approval-required
/electrical-faults/lights-flickering/,"noindex,follow",omit,owner-approval-required
/electrical-faults/no-power-in-one-room/,"noindex,follow",omit,owner-approval-required
/electrical-faults/no-power-to-house/,"noindex,follow",omit,owner-approval-required
/electrical-faults/power-outage-after-storm/,"noindex,follow",omit,owner-approval-required
/electrical-faults/power-point-sparking/,"noindex,follow",omit,owner-approval-required
/electrical-faults/power-surge-damage/,"noindex,follow",omit,owner-approval-required
/electrical-faults/rcd-trips-when-raining/,"noindex,follow",omit,owner-approval-required
/electrical-faults/safety-switch-keeps-tripping/,"noindex,follow",omit,owner-approval-required
/electrical-faults/safety-switch-trips-at-night/,"noindex,follow",omit,owner-approval-required
/electrical-faults/smoke-from-electrical-panel/,"noindex,follow",omit,owner-approval-required
/emergency-electrician-sydney/,"noindex,follow",omit,owner-approval-required
/level-2-electrician-sydney/,"noindex,follow",omit,owner-approval-required
/privacy-policy/,"noindex,follow",omit,owner-approval-required
/service-areas/,"noindex,follow",omit,owner-approval-required
/service-areas/blue-mountains/,"noindex,follow",omit,owner-approval-required
/service-areas/blue-mountains/blue-mountains/,"noindex,follow",omit,owner-approval-required
/service-areas/blue-mountains/blue-mountains/berambing/,"noindex,follow",omit,owner-approval-required
/service-areas/blue-mountains/blue-mountains/blaxland/,"noindex,follow",omit,owner-approval-required
/service-areas/blue-mountains/blue-mountains/bullaburra/,"noindex,follow",omit,owner-approval-required
/service-areas/blue-mountains/blue-mountains/faulconbridge/,"noindex,follow",omit,owner-approval-required
/service-areas/blue-mountains/blue-mountains/glenbrook/,"noindex,follow",omit,owner-approval-required
/service-areas/blue-mountains/blue-mountains/hawkesbury-heights/,"noindex,follow",omit,owner-approval-required
/service-areas/blue-mountains/blue-mountains/hazelbrook/,"noindex,follow",omit,owner-approval-required
/service-areas/blue-mountains/blue-mountains/katoomba/,"noindex,follow",omit,owner-approval-required
/service-areas/blue-mountains/blue-mountains/lapstone/,"noindex,follow",omit,owner-approval-required
/service-areas/blue-mountains/blue-mountains/lawson/,"noindex,follow",omit,owner-approval-required
/service-areas/blue-mountains/blue-mountains/leura/,"noindex,follow",omit,owner-approval-required
/service-areas/blue-mountains/blue-mountains/linden/,"noindex,follow",omit,owner-approval-required
/service-areas/blue-mountains/blue-mountains/mount-riverview/,"noindex,follow",omit,owner-approval-required
/service-areas/blue-mountains/blue-mountains/springwood/,"noindex,follow",omit,owner-approval-required
/service-areas/blue-mountains/blue-mountains/sun-valley/,"noindex,follow",omit,owner-approval-required
/service-areas/blue-mountains/blue-mountains/valley-heights/,"noindex,follow",omit,owner-approval-required
/service-areas/blue-mountains/blue-mountains/warrimoo/,"noindex,follow",omit,owner-approval-required
/service-areas/blue-mountains/blue-mountains/wentworth-falls/,"noindex,follow",omit,owner-approval-required
/service-areas/blue-mountains/blue-mountains/winmalee/,"noindex,follow",omit,owner-approval-required
/service-areas/blue-mountains/blue-mountains/woodford/,"noindex,follow",omit,owner-approval-required
/service-areas/blue-mountains/blue-mountains/yellow-rock/,"noindex,follow",omit,owner-approval-required
/service-areas/canterbury-bankstown-and-inner-south-west/,"noindex,follow",omit,owner-approval-required
/service-areas/canterbury-bankstown-and-inner-south-west/canterbury-bankstown/,"noindex,follow",omit,owner-approval-required
/service-areas/canterbury-bankstown-and-inner-south-west/canterbury-bankstown/bankstown/,"noindex,follow",omit,owner-approval-required
/service-areas/canterbury-bankstown-and-inner-south-west/canterbury-bankstown/bass-hill/,"noindex,follow",omit,owner-approval-required
/service-areas/canterbury-bankstown-and-inner-south-west/canterbury-bankstown/belfield/,"noindex,follow",omit,owner-approval-required
/service-areas/canterbury-bankstown-and-inner-south-west/canterbury-bankstown/belmore/,"noindex,follow",omit,owner-approval-required
/service-areas/canterbury-bankstown-and-inner-south-west/canterbury-bankstown/beverly-hills/,"noindex,follow",omit,owner-approval-required
/service-areas/canterbury-bankstown-and-inner-south-west/canterbury-bankstown/birrong/,"noindex,follow",omit,owner-approval-required
/service-areas/canterbury-bankstown-and-inner-south-west/canterbury-bankstown/campsie/,"noindex,follow",omit,owner-approval-required
/service-areas/canterbury-bankstown-and-inner-south-west/canterbury-bankstown/canterbury/,"noindex,follow",omit,owner-approval-required
/service-areas/canterbury-bankstown-and-inner-south-west/canterbury-bankstown/chester-hill/,"noindex,follow",omit,owner-approval-required
/service-areas/canterbury-bankstown-and-inner-south-west/canterbury-bankstown/clemton-park/,"noindex,follow",omit,owner-approval-required
/service-areas/canterbury-bankstown-and-inner-south-west/canterbury-bankstown/condell-park/,"noindex,follow",omit,owner-approval-required
/service-areas/canterbury-bankstown-and-inner-south-west/canterbury-bankstown/earlwood/,"noindex,follow",omit,owner-approval-required
/service-areas/canterbury-bankstown-and-inner-south-west/canterbury-bankstown/east-hills/,"noindex,follow",omit,owner-approval-required
/service-areas/canterbury-bankstown-and-inner-south-west/canterbury-bankstown/georges-hall/,"noindex,follow",omit,owner-approval-required
/service-areas/canterbury-bankstown-and-inner-south-west/canterbury-bankstown/greenacre/,"noindex,follow",omit,owner-approval-required
/service-areas/canterbury-bankstown-and-inner-south-west/canterbury-bankstown/kingsgrove/,"noindex,follow",omit,owner-approval-required
/service-areas/canterbury-bankstown-and-inner-south-west/canterbury-bankstown/lakemba/,"noindex,follow",omit,owner-approval-required
/service-areas/canterbury-bankstown-and-inner-south-west/canterbury-bankstown/lansdowne/,"noindex,follow",omit,owner-approval-required
/service-areas/canterbury-bankstown-and-inner-south-west/canterbury-bankstown/milperra/,"noindex,follow",omit,owner-approval-required
/service-areas/canterbury-bankstown-and-inner-south-west/canterbury-bankstown/mount-lewis/,"noindex,follow",omit,owner-approval-required
/service-areas/canterbury-bankstown-and-inner-south-west/canterbury-bankstown/narwee/,"noindex,follow",omit,owner-approval-required
/service-areas/canterbury-bankstown-and-inner-south-west/canterbury-bankstown/padstow-heights/,"noindex,follow",omit,owner-approval-required
/service-areas/canterbury-bankstown-and-inner-south-west/canterbury-bankstown/padstow/,"noindex,follow",omit,owner-approval-required
/service-areas/canterbury-bankstown-and-inner-south-west/canterbury-bankstown/panania/,"noindex,follow",omit,owner-approval-required
/service-areas/canterbury-bankstown-and-inner-south-west/canterbury-bankstown/picnic-point/,"noindex,follow",omit,owner-approval-required
/service-areas/canterbury-bankstown-and-inner-south-west/canterbury-bankstown/potts-hill/,"noindex,follow",omit,owner-approval-required
/service-areas/canterbury-bankstown-and-inner-south-west/canterbury-bankstown/punchbowl/,"noindex,follow",omit,owner-approval-required
/service-areas/canterbury-bankstown-and-inner-south-west/canterbury-bankstown/revesby-heights/,"noindex,follow",omit,owner-approval-required
/service-areas/canterbury-bankstown-and-inner-south-west/canterbury-bankstown/revesby/,"noindex,follow",omit,owner-approval-required
/service-areas/canterbury-bankstown-and-inner-south-west/canterbury-bankstown/riverwood/,"noindex,follow",omit,owner-approval-required
/service-areas/canterbury-bankstown-and-inner-south-west/canterbury-bankstown/roselands/,"noindex,follow",omit,owner-approval-required
/service-areas/canterbury-bankstown-and-inner-south-west/canterbury-bankstown/sefton/,"noindex,follow",omit,owner-approval-required
/service-areas/canterbury-bankstown-and-inner-south-west/canterbury-bankstown/villawood/,"noindex,follow",omit,owner-approval-required
/service-areas/canterbury-bankstown-and-inner-south-west/canterbury-bankstown/wiley-park/,"noindex,follow",omit,owner-approval-required
/service-areas/canterbury-bankstown-and-inner-south-west/canterbury-bankstown/yagoona/,"noindex,follow",omit,owner-approval-required
/service-areas/central-coast-south/,"noindex,follow",omit,owner-approval-required
/service-areas/central-coast-south/central-coast/,"noindex,follow",omit,owner-approval-required
/service-areas/central-coast-south/central-coast/alison/,"noindex,follow",omit,owner-approval-required
/service-areas/central-coast-south/central-coast/bar-point/,"noindex,follow",omit,owner-approval-required
/service-areas/central-coast-south/central-coast/blackwall/,"noindex,follow",omit,owner-approval-required
/service-areas/central-coast-south/central-coast/calga/,"noindex,follow",omit,owner-approval-required
/service-areas/central-coast-south/central-coast/central-mangrove/,"noindex,follow",omit,owner-approval-required
/service-areas/central-coast-south/central-coast/cheero-point/,"noindex,follow",omit,owner-approval-required
/service-areas/central-coast-south/central-coast/cogra-bay/,"noindex,follow",omit,owner-approval-required
/service-areas/central-coast-south/central-coast/east-gosford/,"noindex,follow",omit,owner-approval-required
/service-areas/central-coast-south/central-coast/erina/,"noindex,follow",omit,owner-approval-required
/service-areas/central-coast-south/central-coast/gosford/,"noindex,follow",omit,owner-approval-required
/service-areas/central-coast-south/central-coast/green-point/,"noindex,follow",omit,owner-approval-required
/service-areas/central-coast-south/central-coast/horsfield-bay/,"noindex,follow",omit,owner-approval-required
/service-areas/central-coast-south/central-coast/kangy-angy/,"noindex,follow",omit,owner-approval-required
/service-areas/central-coast-south/central-coast/kariong/,"noindex,follow",omit,owner-approval-required
/service-areas/central-coast-south/central-coast/koolewong/,"noindex,follow",omit,owner-approval-required
/service-areas/central-coast-south/central-coast/mardi/,"noindex,follow",omit,owner-approval-required
/service-areas/central-coast-south/central-coast/marlow/,"noindex,follow",omit,owner-approval-required
/service-areas/central-coast-south/central-coast/mooney-mooney-creek/,"noindex,follow",omit,owner-approval-required
/service-areas/central-coast-south/central-coast/mooney-mooney/,"noindex,follow",omit,owner-approval-required
/service-areas/central-coast-south/central-coast/mount-white/,"noindex,follow",omit,owner-approval-required
/service-areas/central-coast-south/central-coast/narara/,"noindex,follow",omit,owner-approval-required
/service-areas/central-coast-south/central-coast/niagara-park/,"noindex,follow",omit,owner-approval-required
/service-areas/central-coast-south/central-coast/north-gosford/,"noindex,follow",omit,owner-approval-required
/service-areas/central-coast-south/central-coast/palmdale/,"noindex,follow",omit,owner-approval-required
/service-areas/central-coast-south/central-coast/peats-ridge/,"noindex,follow",omit,owner-approval-required
/service-areas/central-coast-south/central-coast/phegans-bay/,"noindex,follow",omit,owner-approval-required
/service-areas/central-coast-south/central-coast/point-clare/,"noindex,follow",omit,owner-approval-required
/service-areas/central-coast-south/central-coast/point-frederick/,"noindex,follow",omit,owner-approval-required
/service-areas/central-coast-south/central-coast/somersby/,"noindex,follow",omit,owner-approval-required
/service-areas/central-coast-south/central-coast/springfield/,"noindex,follow",omit,owner-approval-required
/service-areas/central-coast-south/central-coast/tascott/,"noindex,follow",omit,owner-approval-required
/service-areas/central-coast-south/central-coast/tuggerah/,"noindex,follow",omit,owner-approval-required
/service-areas/central-coast-south/central-coast/wendoree-park/,"noindex,follow",omit,owner-approval-required
/service-areas/central-coast-south/central-coast/west-gosford/,"noindex,follow",omit,owner-approval-required
/service-areas/central-coast-south/central-coast/woy-woy-bay/,"noindex,follow",omit,owner-approval-required
/service-areas/central-coast-south/central-coast/woy-woy/,"noindex,follow",omit,owner-approval-required
/service-areas/central-coast-south/central-coast/wyoming/,"noindex,follow",omit,owner-approval-required
/service-areas/hills-hawkesbury-and-hornsby/,"noindex,follow",omit,owner-approval-required
/service-areas/hills-hawkesbury-and-hornsby/hawkesbury/,"noindex,follow",omit,owner-approval-required
/service-areas/hills-hawkesbury-and-hornsby/hawkesbury/agnes-banks/,"noindex,follow",omit,owner-approval-required
/service-areas/hills-hawkesbury-and-hornsby/hawkesbury/bilpin/,"noindex,follow",omit,owner-approval-required
/service-areas/hills-hawkesbury-and-hornsby/hawkesbury/blaxlands-ridge/,"noindex,follow",omit,owner-approval-required
/service-areas/hills-hawkesbury-and-hornsby/hawkesbury/bligh-park/,"noindex,follow",omit,owner-approval-required
/service-areas/hills-hawkesbury-and-hornsby/hawkesbury/bowen-mountain/,"noindex,follow",omit,owner-approval-required
/service-areas/hills-hawkesbury-and-hornsby/hawkesbury/clarendon/,"noindex,follow",omit,owner-approval-required
/service-areas/hills-hawkesbury-and-hornsby/hawkesbury/cornwallis/,"noindex,follow",omit,owner-approval-required
/service-areas/hills-hawkesbury-and-hornsby/hawkesbury/cumberland-reach/,"noindex,follow",omit,owner-approval-required
/service-areas/hills-hawkesbury-and-hornsby/hawkesbury/east-kurrajong/,"noindex,follow",omit,owner-approval-required
/service-areas/hills-hawkesbury-and-hornsby/hawkesbury/ebenezer/,"noindex,follow",omit,owner-approval-required
/service-areas/hills-hawkesbury-and-hornsby/hawkesbury/freemans-reach/,"noindex,follow",omit,owner-approval-required
/service-areas/hills-hawkesbury-and-hornsby/hawkesbury/glossodia/,"noindex,follow",omit,owner-approval-required
/service-areas/hills-hawkesbury-and-hornsby/hawkesbury/grose-vale/,"noindex,follow",omit,owner-approval-required
/service-areas/hills-hawkesbury-and-hornsby/hawkesbury/grose-wold/,"noindex,follow",omit,owner-approval-required
/service-areas/hills-hawkesbury-and-hornsby/hawkesbury/hobartville/,"noindex,follow",omit,owner-approval-required
/service-areas/hills-hawkesbury-and-hornsby/hawkesbury/kurmond/,"noindex,follow",omit,owner-approval-required
/service-areas/hills-hawkesbury-and-hornsby/hawkesbury/kurrajong-heights/,"noindex,follow",omit,owner-approval-required
/service-areas/hills-hawkesbury-and-hornsby/hawkesbury/kurrajong-hills/,"noindex,follow",omit,owner-approval-required
/service-areas/hills-hawkesbury-and-hornsby/hawkesbury/kurrajong/,"noindex,follow",omit,owner-approval-required
/service-areas/hills-hawkesbury-and-hornsby/hawkesbury/mcgraths-hill/,"noindex,follow",omit,owner-approval-required
/service-areas/hills-hawkesbury-and-hornsby/hawkesbury/mulgrave/,"noindex,follow",omit,owner-approval-required
/service-areas/hills-hawkesbury-and-hornsby/hawkesbury/north-richmond/,"noindex,follow",omit,owner-approval-required
/service-areas/hills-hawkesbury-and-hornsby/hawkesbury/oakville/,"noindex,follow",omit,owner-approval-required
/service-areas/hills-hawkesbury-and-hornsby/hawkesbury/pitt-town-bottoms/,"noindex,follow",omit,owner-approval-required
/service-areas/hills-hawkesbury-and-hornsby/hawkesbury/pitt-town/,"noindex,follow",omit,owner-approval-required
/service-areas/hills-hawkesbury-and-hornsby/hawkesbury/richmond-lowlands/,"noindex,follow",omit,owner-approval-required
/service-areas/hills-hawkesbury-and-hornsby/hawkesbury/richmond/,"noindex,follow",omit,owner-approval-required
/service-areas/hills-hawkesbury-and-hornsby/hawkesbury/sackville/,"noindex,follow",omit,owner-approval-required
/service-areas/hills-hawkesbury-and-hornsby/hawkesbury/scheyville/,"noindex,follow",omit,owner-approval-required
/service-areas/hills-hawkesbury-and-hornsby/hawkesbury/south-windsor/,"noindex,follow",omit,owner-approval-required
/service-areas/hills-hawkesbury-and-hornsby/hawkesbury/tennyson/,"noindex,follow",omit,owner-approval-required
/service-areas/hills-hawkesbury-and-hornsby/hawkesbury/the-slopes/,"noindex,follow",omit,owner-approval-required
/service-areas/hills-hawkesbury-and-hornsby/hawkesbury/vineyard/,"noindex,follow",omit,owner-approval-required
/service-areas/hills-hawkesbury-and-hornsby/hawkesbury/wheeny-creek/,"noindex,follow",omit,owner-approval-required
/service-areas/hills-hawkesbury-and-hornsby/hawkesbury/wilberforce/,"noindex,follow",omit,owner-approval-required
/service-areas/hills-hawkesbury-and-hornsby/hawkesbury/windsor-downs/,"noindex,follow",omit,owner-approval-required
/service-areas/hills-hawkesbury-and-hornsby/hawkesbury/windsor/,"noindex,follow",omit,owner-approval-required
/service-areas/hills-hawkesbury-and-hornsby/hawkesbury/yarramundi/,"noindex,follow",omit,owner-approval-required
/service-areas/hills-hawkesbury-and-hornsby/hills-district/,"noindex,follow",omit,owner-approval-required
/service-areas/hills-hawkesbury-and-hornsby/hills-district/annangrove/,"noindex,follow",omit,owner-approval-required
/service-areas/hills-hawkesbury-and-hornsby/hills-district/baulkham-hills/,"noindex,follow",omit,owner-approval-required
/service-areas/hills-hawkesbury-and-hornsby/hills-district/beaumont-hills/,"noindex,follow",omit,owner-approval-required
/service-areas/hills-hawkesbury-and-hornsby/hills-district/bella-vista/,"noindex,follow",omit,owner-approval-required
/service-areas/hills-hawkesbury-and-hornsby/hills-district/box-hill/,"noindex,follow",omit,owner-approval-required
/service-areas/hills-hawkesbury-and-hornsby/hills-district/castle-hill/,"noindex,follow",omit,owner-approval-required
/service-areas/hills-hawkesbury-and-hornsby/hills-district/cattai/,"noindex,follow",omit,owner-approval-required
/service-areas/hills-hawkesbury-and-hornsby/hills-district/dural/,"noindex,follow",omit,owner-approval-required
/service-areas/hills-hawkesbury-and-hornsby/hills-district/glenhaven/,"noindex,follow",omit,owner-approval-required
/service-areas/hills-hawkesbury-and-hornsby/hills-district/glenorie/,"noindex,follow",omit,owner-approval-required
/service-areas/hills-hawkesbury-and-hornsby/hills-district/kellyville/,"noindex,follow",omit,owner-approval-required
/service-areas/hills-hawkesbury-and-hornsby/hills-district/kenthurst/,"noindex,follow",omit,owner-approval-required
/service-areas/hills-hawkesbury-and-hornsby/hills-district/lower-portland/,"noindex,follow",omit,owner-approval-required
/service-areas/hills-hawkesbury-and-hornsby/hills-district/maraylya/,"noindex,follow",omit,owner-approval-required
/service-areas/hills-hawkesbury-and-hornsby/hills-district/maroota/,"noindex,follow",omit,owner-approval-required
/service-areas/hills-hawkesbury-and-hornsby/hills-district/middle-dural/,"noindex,follow",omit,owner-approval-required
/service-areas/hills-hawkesbury-and-hornsby/hills-district/nelson/,"noindex,follow",omit,owner-approval-required
/service-areas/hills-hawkesbury-and-hornsby/hills-district/rouse-hill/,"noindex,follow",omit,owner-approval-required
/service-areas/hills-hawkesbury-and-hornsby/hills-district/sackville-north/,"noindex,follow",omit,owner-approval-required
/service-areas/hills-hawkesbury-and-hornsby/hills-district/south-maroota/,"noindex,follow",omit,owner-approval-required
/service-areas/hills-hawkesbury-and-hornsby/hills-district/west-pennant-hills/,"noindex,follow",omit,owner-approval-required
/service-areas/hills-hawkesbury-and-hornsby/hills-district/winston-hills/,"noindex,follow",omit,owner-approval-required
/service-areas/hills-hawkesbury-and-hornsby/hills-district/wisemans-ferry/,"noindex,follow",omit,owner-approval-required
/service-areas/hills-hawkesbury-and-hornsby/hornsby/,"noindex,follow",omit,owner-approval-required
/service-areas/hills-hawkesbury-and-hornsby/hornsby/arcadia/,"noindex,follow",omit,owner-approval-required
/service-areas/hills-hawkesbury-and-hornsby/hornsby/asquith/,"noindex,follow",omit,owner-approval-required
/service-areas/hills-hawkesbury-and-hornsby/hornsby/beecroft/,"noindex,follow",omit,owner-approval-required
/service-areas/hills-hawkesbury-and-hornsby/hornsby/berowra-creek/,"noindex,follow",omit,owner-approval-required
/service-areas/hills-hawkesbury-and-hornsby/hornsby/berowra-heights/,"noindex,follow",omit,owner-approval-required
/service-areas/hills-hawkesbury-and-hornsby/hornsby/berowra-waters/,"noindex,follow",omit,owner-approval-required
/service-areas/hills-hawkesbury-and-hornsby/hornsby/berowra/,"noindex,follow",omit,owner-approval-required
/service-areas/hills-hawkesbury-and-hornsby/hornsby/berrilee/,"noindex,follow",omit,owner-approval-required
/service-areas/hills-hawkesbury-and-hornsby/hornsby/brooklyn/,"noindex,follow",omit,owner-approval-required
/service-areas/hills-hawkesbury-and-hornsby/hornsby/canoelands/,"noindex,follow",omit,owner-approval-required
/service-areas/hills-hawkesbury-and-hornsby/hornsby/cheltenham/,"noindex,follow",omit,owner-approval-required
/service-areas/hills-hawkesbury-and-hornsby/hornsby/cherrybrook/,"noindex,follow",omit,owner-approval-required
/service-areas/hills-hawkesbury-and-hornsby/hornsby/cowan/,"noindex,follow",omit,owner-approval-required
/service-areas/hills-hawkesbury-and-hornsby/hornsby/dangar-island/,"noindex,follow",omit,owner-approval-required
/service-areas/hills-hawkesbury-and-hornsby/hornsby/fiddletown/,"noindex,follow",omit,owner-approval-required
/service-areas/hills-hawkesbury-and-hornsby/hornsby/forest-glen/,"noindex,follow",omit,owner-approval-required
/service-areas/hills-hawkesbury-and-hornsby/hornsby/galston/,"noindex,follow",omit,owner-approval-required
/service-areas/hills-hawkesbury-and-hornsby/hornsby/hornsby-heights/,"noindex,follow",omit,owner-approval-required
/service-areas/hills-hawkesbury-and-hornsby/hornsby/hornsby/,"noindex,follow",omit,owner-approval-required
/service-areas/hills-hawkesbury-and-hornsby/hornsby/milsons-passage/,"noindex,follow",omit,owner-approval-required
/service-areas/hills-hawkesbury-and-hornsby/hornsby/mount-colah/,"noindex,follow",omit,owner-approval-required
/service-areas/hills-hawkesbury-and-hornsby/hornsby/mount-kuring-gai/,"noindex,follow",omit,owner-approval-required
/service-areas/hills-hawkesbury-and-hornsby/hornsby/normanhurst/,"noindex,follow",omit,owner-approval-required
/service-areas/hills-hawkesbury-and-hornsby/hornsby/north-epping/,"noindex,follow",omit,owner-approval-required
/service-areas/hills-hawkesbury-and-hornsby/hornsby/pennant-hills/,"noindex,follow",omit,owner-approval-required
/service-areas/hills-hawkesbury-and-hornsby/hornsby/thornleigh/,"noindex,follow",omit,owner-approval-required
/service-areas/hills-hawkesbury-and-hornsby/hornsby/wahroonga/,"noindex,follow",omit,owner-approval-required
/service-areas/hills-hawkesbury-and-hornsby/hornsby/waitara/,"noindex,follow",omit,owner-approval-required
/service-areas/hills-hawkesbury-and-hornsby/hornsby/westleigh/,"noindex,follow",omit,owner-approval-required
/service-areas/inner-west-burwood-and-canada-bay/,"noindex,follow",omit,owner-approval-required
/service-areas/inner-west-burwood-and-canada-bay/burwood/,"noindex,follow",omit,owner-approval-required
/service-areas/inner-west-burwood-and-canada-bay/burwood/burwood-heights/,"noindex,follow",omit,owner-approval-required
/service-areas/inner-west-burwood-and-canada-bay/burwood/burwood/,"noindex,follow",omit,owner-approval-required
/service-areas/inner-west-burwood-and-canada-bay/burwood/enfield/,"noindex,follow",omit,owner-approval-required
/service-areas/inner-west-burwood-and-canada-bay/burwood/strathfield/,"noindex,follow",omit,owner-approval-required
/service-areas/inner-west-burwood-and-canada-bay/canada-bay/,"noindex,follow",omit,owner-approval-required
/service-areas/inner-west-burwood-and-canada-bay/canada-bay/abbotsford/,"noindex,follow",omit,owner-approval-required
/service-areas/inner-west-burwood-and-canada-bay/canada-bay/breakfast-point/,"noindex,follow",omit,owner-approval-required
/service-areas/inner-west-burwood-and-canada-bay/canada-bay/cabarita/,"noindex,follow",omit,owner-approval-required
/service-areas/inner-west-burwood-and-canada-bay/canada-bay/canada-bay/,"noindex,follow",omit,owner-approval-required
/service-areas/inner-west-burwood-and-canada-bay/canada-bay/chiswick/,"noindex,follow",omit,owner-approval-required
/service-areas/inner-west-burwood-and-canada-bay/canada-bay/concord-west/,"noindex,follow",omit,owner-approval-required
/service-areas/inner-west-burwood-and-canada-bay/canada-bay/concord/,"noindex,follow",omit,owner-approval-required
/service-areas/inner-west-burwood-and-canada-bay/canada-bay/drummoyne/,"noindex,follow",omit,owner-approval-required
/service-areas/inner-west-burwood-and-canada-bay/canada-bay/five-dock/,"noindex,follow",omit,owner-approval-required
/service-areas/inner-west-burwood-and-canada-bay/canada-bay/liberty-grove/,"noindex,follow",omit,owner-approval-required
/service-areas/inner-west-burwood-and-canada-bay/canada-bay/mortlake/,"noindex,follow",omit,owner-approval-required
/service-areas/inner-west-burwood-and-canada-bay/canada-bay/north-strathfield/,"noindex,follow",omit,owner-approval-required
/service-areas/inner-west-burwood-and-canada-bay/canada-bay/rhodes/,"noindex,follow",omit,owner-approval-required
/service-areas/inner-west-burwood-and-canada-bay/canada-bay/rodd-point/,"noindex,follow",omit,owner-approval-required
/service-areas/inner-west-burwood-and-canada-bay/canada-bay/russell-lea/,"noindex,follow",omit,owner-approval-required
/service-areas/inner-west-burwood-and-canada-bay/canada-bay/wareemba/,"noindex,follow",omit,owner-approval-required
/service-areas/inner-west-burwood-and-canada-bay/inner-west/,"noindex,follow",omit,owner-approval-required
/service-areas/inner-west-burwood-and-canada-bay/inner-west/annandale/,"noindex,follow",omit,owner-approval-required
/service-areas/inner-west-burwood-and-canada-bay/inner-west/ashbury/,"noindex,follow",omit,owner-approval-required
/service-areas/inner-west-burwood-and-canada-bay/inner-west/ashfield/,"noindex,follow",omit,owner-approval-required
/service-areas/inner-west-burwood-and-canada-bay/inner-west/balmain-east/,"noindex,follow",omit,owner-approval-required
/service-areas/inner-west-burwood-and-canada-bay/inner-west/balmain/,"noindex,follow",omit,owner-approval-required
/service-areas/inner-west-burwood-and-canada-bay/inner-west/birchgrove/,"noindex,follow",omit,owner-approval-required
/service-areas/inner-west-burwood-and-canada-bay/inner-west/camperdown/,"noindex,follow",omit,owner-approval-required
/service-areas/inner-west-burwood-and-canada-bay/inner-west/croydon-park/,"noindex,follow",omit,owner-approval-required
/service-areas/inner-west-burwood-and-canada-bay/inner-west/croydon/,"noindex,follow",omit,owner-approval-required
/service-areas/inner-west-burwood-and-canada-bay/inner-west/dulwich-hill/,"noindex,follow",omit,owner-approval-required
/service-areas/inner-west-burwood-and-canada-bay/inner-west/enmore/,"noindex,follow",omit,owner-approval-required
/service-areas/inner-west-burwood-and-canada-bay/inner-west/haberfield/,"noindex,follow",omit,owner-approval-required
/service-areas/inner-west-burwood-and-canada-bay/inner-west/hurlstone-park/,"noindex,follow",omit,owner-approval-required
/service-areas/inner-west-burwood-and-canada-bay/inner-west/leichhardt/,"noindex,follow",omit,owner-approval-required
/service-areas/inner-west-burwood-and-canada-bay/inner-west/lewisham/,"noindex,follow",omit,owner-approval-required
/service-areas/inner-west-burwood-and-canada-bay/inner-west/lilyfield/,"noindex,follow",omit,owner-approval-required
/service-areas/inner-west-burwood-and-canada-bay/inner-west/marrickville/,"noindex,follow",omit,owner-approval-required
/service-areas/inner-west-burwood-and-canada-bay/inner-west/newtown/,"noindex,follow",omit,owner-approval-required
/service-areas/inner-west-burwood-and-canada-bay/inner-west/petersham/,"noindex,follow",omit,owner-approval-required
/service-areas/inner-west-burwood-and-canada-bay/inner-west/rozelle/,"noindex,follow",omit,owner-approval-required
/service-areas/inner-west-burwood-and-canada-bay/inner-west/st-peters/,"noindex,follow",omit,owner-approval-required
/service-areas/inner-west-burwood-and-canada-bay/inner-west/stanmore/,"noindex,follow",omit,owner-approval-required
/service-areas/inner-west-burwood-and-canada-bay/inner-west/summer-hill/,"noindex,follow",omit,owner-approval-required
/service-areas/inner-west-burwood-and-canada-bay/inner-west/sydenham/,"noindex,follow",omit,owner-approval-required
/service-areas/inner-west-burwood-and-canada-bay/inner-west/tempe/,"noindex,follow",omit,owner-approval-required
/service-areas/inner-west-burwood-and-canada-bay/strathfield/,"noindex,follow",omit,owner-approval-required
/service-areas/inner-west-burwood-and-canada-bay/strathfield/homebush-west/,"noindex,follow",omit,owner-approval-required
/service-areas/inner-west-burwood-and-canada-bay/strathfield/homebush/,"noindex,follow",omit,owner-approval-required
/service-areas/inner-west-burwood-and-canada-bay/strathfield/strathfield-south/,"noindex,follow",omit,owner-approval-required
/service-areas/liverpool-and-fairfield/,"noindex,follow",omit,owner-approval-required
/service-areas/liverpool-and-fairfield/fairfield/,"noindex,follow",omit,owner-approval-required
/service-areas/liverpool-and-fairfield/fairfield/abbotsbury/,"noindex,follow",omit,owner-approval-required
/service-areas/liverpool-and-fairfield/fairfield/bonnyrigg-heights/,"noindex,follow",omit,owner-approval-required
/service-areas/liverpool-and-fairfield/fairfield/bonnyrigg/,"noindex,follow",omit,owner-approval-required
/service-areas/liverpool-and-fairfield/fairfield/bossley-park/,"noindex,follow",omit,owner-approval-required
/service-areas/liverpool-and-fairfield/fairfield/cabramatta-west/,"noindex,follow",omit,owner-approval-required
/service-areas/liverpool-and-fairfield/fairfield/cabramatta/,"noindex,follow",omit,owner-approval-required
/service-areas/liverpool-and-fairfield/fairfield/canley-heights/,"noindex,follow",omit,owner-approval-required
/service-areas/liverpool-and-fairfield/fairfield/canley-vale/,"noindex,follow",omit,owner-approval-required
/service-areas/liverpool-and-fairfield/fairfield/carramar/,"noindex,follow",omit,owner-approval-required
/service-areas/liverpool-and-fairfield/fairfield/cecil-park/,"noindex,follow",omit,owner-approval-required
/service-areas/liverpool-and-fairfield/fairfield/edensor-park/,"noindex,follow",omit,owner-approval-required
/service-areas/liverpool-and-fairfield/fairfield/fairfield-east/,"noindex,follow",omit,owner-approval-required
/service-areas/liverpool-and-fairfield/fairfield/fairfield-heights/,"noindex,follow",omit,owner-approval-required
/service-areas/liverpool-and-fairfield/fairfield/fairfield-west/,"noindex,follow",omit,owner-approval-required
/service-areas/liverpool-and-fairfield/fairfield/fairfield/,"noindex,follow",omit,owner-approval-required
/service-areas/liverpool-and-fairfield/fairfield/greenfield-park/,"noindex,follow",omit,owner-approval-required
/service-areas/liverpool-and-fairfield/fairfield/horsley-park/,"noindex,follow",omit,owner-approval-required
/service-areas/liverpool-and-fairfield/fairfield/lansvale/,"noindex,follow",omit,owner-approval-required
/service-areas/liverpool-and-fairfield/fairfield/mount-pritchard/,"noindex,follow",omit,owner-approval-required
/service-areas/liverpool-and-fairfield/fairfield/old-guildford/,"noindex,follow",omit,owner-approval-required
/service-areas/liverpool-and-fairfield/fairfield/prairiewood/,"noindex,follow",omit,owner-approval-required
/service-areas/liverpool-and-fairfield/fairfield/smithfield/,"noindex,follow",omit,owner-approval-required
/service-areas/liverpool-and-fairfield/fairfield/st-johns-park/,"noindex,follow",omit,owner-approval-required
/service-areas/liverpool-and-fairfield/fairfield/wakeley/,"noindex,follow",omit,owner-approval-required
/service-areas/liverpool-and-fairfield/fairfield/wetherill-park/,"noindex,follow",omit,owner-approval-required
/service-areas/liverpool-and-fairfield/fairfield/yennora/,"noindex,follow",omit,owner-approval-required
/service-areas/liverpool-and-fairfield/liverpool/,"noindex,follow",omit,owner-approval-required
/service-areas/liverpool-and-fairfield/liverpool/ashcroft/,"noindex,follow",omit,owner-approval-required
/service-areas/liverpool-and-fairfield/liverpool/austral/,"noindex,follow",omit,owner-approval-required
/service-areas/liverpool-and-fairfield/liverpool/badgerys-creek/,"noindex,follow",omit,owner-approval-required
/service-areas/liverpool-and-fairfield/liverpool/busby/,"noindex,follow",omit,owner-approval-required
/service-areas/liverpool-and-fairfield/liverpool/carnes-hill/,"noindex,follow",omit,owner-approval-required
/service-areas/liverpool-and-fairfield/liverpool/cartwright/,"noindex,follow",omit,owner-approval-required
/service-areas/liverpool-and-fairfield/liverpool/casula/,"noindex,follow",omit,owner-approval-required
/service-areas/liverpool-and-fairfield/liverpool/cecil-hills/,"noindex,follow",omit,owner-approval-required
/service-areas/liverpool-and-fairfield/liverpool/chipping-norton/,"noindex,follow",omit,owner-approval-required
/service-areas/liverpool-and-fairfield/liverpool/edmondson-park/,"noindex,follow",omit,owner-approval-required
/service-areas/liverpool-and-fairfield/liverpool/elizabeth-hills/,"noindex,follow",omit,owner-approval-required
/service-areas/liverpool-and-fairfield/liverpool/green-valley/,"noindex,follow",omit,owner-approval-required
/service-areas/liverpool-and-fairfield/liverpool/greendale/,"noindex,follow",omit,owner-approval-required
/service-areas/liverpool-and-fairfield/liverpool/hammondville/,"noindex,follow",omit,owner-approval-required
/service-areas/liverpool-and-fairfield/liverpool/heckenberg/,"noindex,follow",omit,owner-approval-required
/service-areas/liverpool-and-fairfield/liverpool/hinchinbrook/,"noindex,follow",omit,owner-approval-required
/service-areas/liverpool-and-fairfield/liverpool/horningsea-park/,"noindex,follow",omit,owner-approval-required
/service-areas/liverpool-and-fairfield/liverpool/hoxton-park/,"noindex,follow",omit,owner-approval-required
/service-areas/liverpool-and-fairfield/liverpool/kemps-creek/,"noindex,follow",omit,owner-approval-required
/service-areas/liverpool-and-fairfield/liverpool/liverpool/,"noindex,follow",omit,owner-approval-required
/service-areas/liverpool-and-fairfield/liverpool/luddenham/,"noindex,follow",omit,owner-approval-required
/service-areas/liverpool-and-fairfield/liverpool/lurnea/,"noindex,follow",omit,owner-approval-required
/service-areas/liverpool-and-fairfield/liverpool/middleton-grange/,"noindex,follow",omit,owner-approval-required
/service-areas/liverpool-and-fairfield/liverpool/miller/,"noindex,follow",omit,owner-approval-required
/service-areas/liverpool-and-fairfield/liverpool/moorebank/,"noindex,follow",omit,owner-approval-required
/service-areas/liverpool-and-fairfield/liverpool/pleasure-point/,"noindex,follow",omit,owner-approval-required
/service-areas/liverpool-and-fairfield/liverpool/prestons/,"noindex,follow",omit,owner-approval-required
/service-areas/liverpool-and-fairfield/liverpool/sadleir/,"noindex,follow",omit,owner-approval-required
/service-areas/liverpool-and-fairfield/liverpool/voyager-point/,"noindex,follow",omit,owner-approval-required
/service-areas/liverpool-and-fairfield/liverpool/wallacia/,"noindex,follow",omit,owner-approval-required
/service-areas/liverpool-and-fairfield/liverpool/warwick-farm/,"noindex,follow",omit,owner-approval-required
/service-areas/liverpool-and-fairfield/liverpool/wattle-grove/,"noindex,follow",omit,owner-approval-required
/service-areas/liverpool-and-fairfield/liverpool/west-hoxton/,"noindex,follow",omit,owner-approval-required
/service-areas/macarthur-camden-and-wollondilly/,"noindex,follow",omit,owner-approval-required
/service-areas/macarthur-camden-and-wollondilly/camden/,"noindex,follow",omit,owner-approval-required
/service-areas/macarthur-camden-and-wollondilly/camden/bringelly/,"noindex,follow",omit,owner-approval-required
/service-areas/macarthur-camden-and-wollondilly/camden/camden-south/,"noindex,follow",omit,owner-approval-required
/service-areas/macarthur-camden-and-wollondilly/camden/camden/,"noindex,follow",omit,owner-approval-required
/service-areas/macarthur-camden-and-wollondilly/camden/catherine-field/,"noindex,follow",omit,owner-approval-required
/service-areas/macarthur-camden-and-wollondilly/camden/cawdor/,"noindex,follow",omit,owner-approval-required
/service-areas/macarthur-camden-and-wollondilly/camden/cobbitty/,"noindex,follow",omit,owner-approval-required
/service-areas/macarthur-camden-and-wollondilly/camden/currans-hill/,"noindex,follow",omit,owner-approval-required
/service-areas/macarthur-camden-and-wollondilly/camden/elderslie/,"noindex,follow",omit,owner-approval-required
/service-areas/macarthur-camden-and-wollondilly/camden/ellis-lane/,"noindex,follow",omit,owner-approval-required
/service-areas/macarthur-camden-and-wollondilly/camden/gledswood-hills/,"noindex,follow",omit,owner-approval-required
/service-areas/macarthur-camden-and-wollondilly/camden/grasmere/,"noindex,follow",omit,owner-approval-required
/service-areas/macarthur-camden-and-wollondilly/camden/gregory-hills/,"noindex,follow",omit,owner-approval-required
/service-areas/macarthur-camden-and-wollondilly/camden/harrington-park/,"noindex,follow",omit,owner-approval-required
/service-areas/macarthur-camden-and-wollondilly/camden/kirkham/,"noindex,follow",omit,owner-approval-required
/service-areas/macarthur-camden-and-wollondilly/camden/leppington/,"noindex,follow",omit,owner-approval-required
/service-areas/macarthur-camden-and-wollondilly/camden/mount-annan/,"noindex,follow",omit,owner-approval-required
/service-areas/macarthur-camden-and-wollondilly/camden/narellan-vale/,"noindex,follow",omit,owner-approval-required
/service-areas/macarthur-camden-and-wollondilly/camden/narellan/,"noindex,follow",omit,owner-approval-required
/service-areas/macarthur-camden-and-wollondilly/camden/oran-park/,"noindex,follow",omit,owner-approval-required
/service-areas/macarthur-camden-and-wollondilly/camden/rossmore/,"noindex,follow",omit,owner-approval-required
/service-areas/macarthur-camden-and-wollondilly/camden/smeaton-grange/,"noindex,follow",omit,owner-approval-required
/service-areas/macarthur-camden-and-wollondilly/camden/spring-farm/,"noindex,follow",omit,owner-approval-required
/service-areas/macarthur-camden-and-wollondilly/campbelltown/,"noindex,follow",omit,owner-approval-required
/service-areas/macarthur-camden-and-wollondilly/campbelltown/airds/,"noindex,follow",omit,owner-approval-required
/service-areas/macarthur-camden-and-wollondilly/campbelltown/ambarvale/,"noindex,follow",omit,owner-approval-required
/service-areas/macarthur-camden-and-wollondilly/campbelltown/bardia/,"noindex,follow",omit,owner-approval-required
/service-areas/macarthur-camden-and-wollondilly/campbelltown/blair-athol/,"noindex,follow",omit,owner-approval-required
/service-areas/macarthur-camden-and-wollondilly/campbelltown/blairmount/,"noindex,follow",omit,owner-approval-required
/service-areas/macarthur-camden-and-wollondilly/campbelltown/bow-bowing/,"noindex,follow",omit,owner-approval-required
/service-areas/macarthur-camden-and-wollondilly/campbelltown/bradbury/,"noindex,follow",omit,owner-approval-required
/service-areas/macarthur-camden-and-wollondilly/campbelltown/campbelltown/,"noindex,follow",omit,owner-approval-required
/service-areas/macarthur-camden-and-wollondilly/campbelltown/claymore/,"noindex,follow",omit,owner-approval-required
/service-areas/macarthur-camden-and-wollondilly/campbelltown/denham-court/,"noindex,follow",omit,owner-approval-required
/service-areas/macarthur-camden-and-wollondilly/campbelltown/eagle-vale/,"noindex,follow",omit,owner-approval-required
/service-areas/macarthur-camden-and-wollondilly/campbelltown/englorie-park/,"noindex,follow",omit,owner-approval-required
/service-areas/macarthur-camden-and-wollondilly/campbelltown/eschol-park/,"noindex,follow",omit,owner-approval-required
/service-areas/macarthur-camden-and-wollondilly/campbelltown/gilead/,"noindex,follow",omit,owner-approval-required
/service-areas/macarthur-camden-and-wollondilly/campbelltown/glen-alpine/,"noindex,follow",omit,owner-approval-required
/service-areas/macarthur-camden-and-wollondilly/campbelltown/glenfield/,"noindex,follow",omit,owner-approval-required
/service-areas/macarthur-camden-and-wollondilly/campbelltown/holsworthy/,"noindex,follow",omit,owner-approval-required
/service-areas/macarthur-camden-and-wollondilly/campbelltown/ingleburn/,"noindex,follow",omit,owner-approval-required
/service-areas/macarthur-camden-and-wollondilly/campbelltown/kearns/,"noindex,follow",omit,owner-approval-required
/service-areas/macarthur-camden-and-wollondilly/campbelltown/kentlyn/,"noindex,follow",omit,owner-approval-required
/service-areas/macarthur-camden-and-wollondilly/campbelltown/leumeah/,"noindex,follow",omit,owner-approval-required
/service-areas/macarthur-camden-and-wollondilly/campbelltown/long-point/,"noindex,follow",omit,owner-approval-required
/service-areas/macarthur-camden-and-wollondilly/campbelltown/macquarie-fields/,"noindex,follow",omit,owner-approval-required
/service-areas/macarthur-camden-and-wollondilly/campbelltown/macquarie-links/,"noindex,follow",omit,owner-approval-required
/service-areas/macarthur-camden-and-wollondilly/campbelltown/menangle-park/,"noindex,follow",omit,owner-approval-required
/service-areas/macarthur-camden-and-wollondilly/campbelltown/minto-heights/,"noindex,follow",omit,owner-approval-required
/service-areas/macarthur-camden-and-wollondilly/campbelltown/minto/,"noindex,follow",omit,owner-approval-required
/service-areas/macarthur-camden-and-wollondilly/campbelltown/raby/,"noindex,follow",omit,owner-approval-required
/service-areas/macarthur-camden-and-wollondilly/campbelltown/rosemeadow/,"noindex,follow",omit,owner-approval-required
/service-areas/macarthur-camden-and-wollondilly/campbelltown/ruse/,"noindex,follow",omit,owner-approval-required
/service-areas/macarthur-camden-and-wollondilly/campbelltown/st-andrews/,"noindex,follow",omit,owner-approval-required
/service-areas/macarthur-camden-and-wollondilly/campbelltown/st-helens-park/,"noindex,follow",omit,owner-approval-required
/service-areas/macarthur-camden-and-wollondilly/campbelltown/varroville/,"noindex,follow",omit,owner-approval-required
/service-areas/macarthur-camden-and-wollondilly/campbelltown/wedderburn/,"noindex,follow",omit,owner-approval-required
/service-areas/macarthur-camden-and-wollondilly/campbelltown/woodbine/,"noindex,follow",omit,owner-approval-required
/service-areas/macarthur-camden-and-wollondilly/campbelltown/woronora-dam/,"noindex,follow",omit,owner-approval-required
/service-areas/macarthur-camden-and-wollondilly/wollondilly/,"noindex,follow",omit,owner-approval-required
/service-areas/macarthur-camden-and-wollondilly/wollondilly/appin/,"noindex,follow",omit,owner-approval-required
/service-areas/macarthur-camden-and-wollondilly/wollondilly/belimbla-park/,"noindex,follow",omit,owner-approval-required
/service-areas/macarthur-camden-and-wollondilly/wollondilly/brownlow-hill/,"noindex,follow",omit,owner-approval-required
/service-areas/macarthur-camden-and-wollondilly/wollondilly/camden-park/,"noindex,follow",omit,owner-approval-required
/service-areas/macarthur-camden-and-wollondilly/wollondilly/cataract/,"noindex,follow",omit,owner-approval-required
/service-areas/macarthur-camden-and-wollondilly/wollondilly/couridjah/,"noindex,follow",omit,owner-approval-required
/service-areas/macarthur-camden-and-wollondilly/wollondilly/douglas-park/,"noindex,follow",omit,owner-approval-required
/service-areas/macarthur-camden-and-wollondilly/wollondilly/glenmore/,"noindex,follow",omit,owner-approval-required
/service-areas/macarthur-camden-and-wollondilly/wollondilly/lakesland/,"noindex,follow",omit,owner-approval-required
/service-areas/macarthur-camden-and-wollondilly/wollondilly/maldon/,"noindex,follow",omit,owner-approval-required
/service-areas/macarthur-camden-and-wollondilly/wollondilly/menangle/,"noindex,follow",omit,owner-approval-required
/service-areas/macarthur-camden-and-wollondilly/wollondilly/mount-hunter/,"noindex,follow",omit,owner-approval-required
/service-areas/macarthur-camden-and-wollondilly/wollondilly/mowbray-park/,"noindex,follow",omit,owner-approval-required
/service-areas/macarthur-camden-and-wollondilly/wollondilly/nattai/,"noindex,follow",omit,owner-approval-required
/service-areas/macarthur-camden-and-wollondilly/wollondilly/oakdale/,"noindex,follow",omit,owner-approval-required
/service-areas/macarthur-camden-and-wollondilly/wollondilly/orangeville/,"noindex,follow",omit,owner-approval-required
/service-areas/macarthur-camden-and-wollondilly/wollondilly/pheasants-nest/,"noindex,follow",omit,owner-approval-required
/service-areas/macarthur-camden-and-wollondilly/wollondilly/picton/,"noindex,follow",omit,owner-approval-required
/service-areas/macarthur-camden-and-wollondilly/wollondilly/razorback/,"noindex,follow",omit,owner-approval-required
/service-areas/macarthur-camden-and-wollondilly/wollondilly/silverdale/,"noindex,follow",omit,owner-approval-required
/service-areas/macarthur-camden-and-wollondilly/wollondilly/tahmoor/,"noindex,follow",omit,owner-approval-required
/service-areas/macarthur-camden-and-wollondilly/wollondilly/the-oaks/,"noindex,follow",omit,owner-approval-required
/service-areas/macarthur-camden-and-wollondilly/wollondilly/theresa-park/,"noindex,follow",omit,owner-approval-required
/service-areas/macarthur-camden-and-wollondilly/wollondilly/thirlmere/,"noindex,follow",omit,owner-approval-required
/service-areas/macarthur-camden-and-wollondilly/wollondilly/warragamba/,"noindex,follow",omit,owner-approval-required
/service-areas/macarthur-camden-and-wollondilly/wollondilly/werombi/,"noindex,follow",omit,owner-approval-required
/service-areas/macarthur-camden-and-wollondilly/wollondilly/wilton/,"noindex,follow",omit,owner-approval-required
/service-areas/macarthur-camden-and-wollondilly/wollondilly/yanderra/,"noindex,follow",omit,owner-approval-required
/service-areas/northern-beaches/,"noindex,follow",omit,owner-approval-required
/service-areas/northern-beaches/northern-beaches/,"noindex,follow",omit,owner-approval-required
/service-areas/northern-beaches/northern-beaches/allambie-heights/,"noindex,follow",omit,owner-approval-required
/service-areas/northern-beaches/northern-beaches/avalon-beach/,"noindex,follow",omit,owner-approval-required
/service-areas/northern-beaches/northern-beaches/balgowlah-heights/,"noindex,follow",omit,owner-approval-required
/service-areas/northern-beaches/northern-beaches/balgowlah/,"noindex,follow",omit,owner-approval-required
/service-areas/northern-beaches/northern-beaches/bayview/,"noindex,follow",omit,owner-approval-required
/service-areas/northern-beaches/northern-beaches/beacon-hill/,"noindex,follow",omit,owner-approval-required
/service-areas/northern-beaches/northern-beaches/belrose/,"noindex,follow",omit,owner-approval-required
/service-areas/northern-beaches/northern-beaches/bilgola-beach/,"noindex,follow",omit,owner-approval-required
/service-areas/northern-beaches/northern-beaches/bilgola-plateau/,"noindex,follow",omit,owner-approval-required
/service-areas/northern-beaches/northern-beaches/brookvale/,"noindex,follow",omit,owner-approval-required
/service-areas/northern-beaches/northern-beaches/church-point/,"noindex,follow",omit,owner-approval-required
/service-areas/northern-beaches/northern-beaches/clareville/,"noindex,follow",omit,owner-approval-required
/service-areas/northern-beaches/northern-beaches/clontarf/,"noindex,follow",omit,owner-approval-required
/service-areas/northern-beaches/northern-beaches/coasters-retreat/,"noindex,follow",omit,owner-approval-required
/service-areas/northern-beaches/northern-beaches/collaroy-plateau/,"noindex,follow",omit,owner-approval-required
/service-areas/northern-beaches/northern-beaches/collaroy/,"noindex,follow",omit,owner-approval-required
/service-areas/northern-beaches/northern-beaches/cottage-point/,"noindex,follow",omit,owner-approval-required
/service-areas/northern-beaches/northern-beaches/cromer/,"noindex,follow",omit,owner-approval-required
/service-areas/northern-beaches/northern-beaches/curl-curl/,"noindex,follow",omit,owner-approval-required
/service-areas/northern-beaches/northern-beaches/davidson/,"noindex,follow",omit,owner-approval-required
/service-areas/northern-beaches/northern-beaches/dee-why/,"noindex,follow",omit,owner-approval-required
/service-areas/northern-beaches/northern-beaches/duffys-forest/,"noindex,follow",omit,owner-approval-required
/service-areas/northern-beaches/northern-beaches/elanora-heights/,"noindex,follow",omit,owner-approval-required
/service-areas/northern-beaches/northern-beaches/elvina-bay/,"noindex,follow",omit,owner-approval-required
/service-areas/northern-beaches/northern-beaches/fairlight/,"noindex,follow",omit,owner-approval-required
/service-areas/northern-beaches/northern-beaches/forestville/,"noindex,follow",omit,owner-approval-required
/service-areas/northern-beaches/northern-beaches/frenchs-forest/,"noindex,follow",omit,owner-approval-required
/service-areas/northern-beaches/northern-beaches/freshwater/,"noindex,follow",omit,owner-approval-required
/service-areas/northern-beaches/northern-beaches/great-mackerel-beach/,"noindex,follow",omit,owner-approval-required
/service-areas/northern-beaches/northern-beaches/ingleside/,"noindex,follow",omit,owner-approval-required
/service-areas/northern-beaches/northern-beaches/killarney-heights/,"noindex,follow",omit,owner-approval-required
/service-areas/northern-beaches/northern-beaches/ku-ring-gai-chase/,"noindex,follow",omit,owner-approval-required
/service-areas/northern-beaches/northern-beaches/lovett-bay/,"noindex,follow",omit,owner-approval-required
/service-areas/northern-beaches/northern-beaches/manly-vale/,"noindex,follow",omit,owner-approval-required
/service-areas/northern-beaches/northern-beaches/manly/,"noindex,follow",omit,owner-approval-required
/service-areas/northern-beaches/northern-beaches/mona-vale/,"noindex,follow",omit,owner-approval-required
/service-areas/northern-beaches/northern-beaches/morning-bay/,"noindex,follow",omit,owner-approval-required
/service-areas/northern-beaches/northern-beaches/narrabeen/,"noindex,follow",omit,owner-approval-required
/service-areas/northern-beaches/northern-beaches/narraweena/,"noindex,follow",omit,owner-approval-required
/service-areas/northern-beaches/northern-beaches/newport/,"noindex,follow",omit,owner-approval-required
/service-areas/northern-beaches/northern-beaches/north-balgowlah/,"noindex,follow",omit,owner-approval-required
/service-areas/northern-beaches/northern-beaches/north-curl-curl/,"noindex,follow",omit,owner-approval-required
/service-areas/northern-beaches/northern-beaches/north-manly/,"noindex,follow",omit,owner-approval-required
/service-areas/northern-beaches/northern-beaches/north-narrabeen/,"noindex,follow",omit,owner-approval-required
/service-areas/northern-beaches/northern-beaches/oxford-falls/,"noindex,follow",omit,owner-approval-required
/service-areas/northern-beaches/northern-beaches/palm-beach/,"noindex,follow",omit,owner-approval-required
/service-areas/northern-beaches/northern-beaches/queenscliff/,"noindex,follow",omit,owner-approval-required
/service-areas/northern-beaches/northern-beaches/scotland-island/,"noindex,follow",omit,owner-approval-required
/service-areas/northern-beaches/northern-beaches/seaforth/,"noindex,follow",omit,owner-approval-required
/service-areas/northern-beaches/northern-beaches/terrey-hills/,"noindex,follow",omit,owner-approval-required
/service-areas/northern-beaches/northern-beaches/warriewood/,"noindex,follow",omit,owner-approval-required
/service-areas/northern-beaches/northern-beaches/whale-beach/,"noindex,follow",omit,owner-approval-required
/service-areas/northern-beaches/northern-beaches/wheeler-heights/,"noindex,follow",omit,owner-approval-required
/service-areas/northern-sydney-and-ryde/,"noindex,follow",omit,owner-approval-required
/service-areas/northern-sydney-and-ryde/hunters-hill/,"noindex,follow",omit,owner-approval-required
/service-areas/northern-sydney-and-ryde/hunters-hill/gladesville/,"noindex,follow",omit,owner-approval-required
/service-areas/northern-sydney-and-ryde/hunters-hill/henley/,"noindex,follow",omit,owner-approval-required
/service-areas/northern-sydney-and-ryde/hunters-hill/hunters-hill/,"noindex,follow",omit,owner-approval-required
/service-areas/northern-sydney-and-ryde/hunters-hill/huntleys-cove/,"noindex,follow",omit,owner-approval-required
/service-areas/northern-sydney-and-ryde/hunters-hill/huntleys-point/,"noindex,follow",omit,owner-approval-required
/service-areas/northern-sydney-and-ryde/hunters-hill/woolwich/,"noindex,follow",omit,owner-approval-required
/service-areas/northern-sydney-and-ryde/ku-ring-gai/,"noindex,follow",omit,owner-approval-required
/service-areas/northern-sydney-and-ryde/ku-ring-gai/east-killara/,"noindex,follow",omit,owner-approval-required
/service-areas/northern-sydney-and-ryde/ku-ring-gai/east-lindfield/,"noindex,follow",omit,owner-approval-required
/service-areas/northern-sydney-and-ryde/ku-ring-gai/gordon/,"noindex,follow",omit,owner-approval-required
/service-areas/northern-sydney-and-ryde/ku-ring-gai/killara/,"noindex,follow",omit,owner-approval-required
/service-areas/northern-sydney-and-ryde/ku-ring-gai/lindfield/,"noindex,follow",omit,owner-approval-required
/service-areas/northern-sydney-and-ryde/ku-ring-gai/north-turramurra/,"noindex,follow",omit,owner-approval-required
/service-areas/northern-sydney-and-ryde/ku-ring-gai/north-wahroonga/,"noindex,follow",omit,owner-approval-required
/service-areas/northern-sydney-and-ryde/ku-ring-gai/pymble/,"noindex,follow",omit,owner-approval-required
/service-areas/northern-sydney-and-ryde/ku-ring-gai/roseville-chase/,"noindex,follow",omit,owner-approval-required
/service-areas/northern-sydney-and-ryde/ku-ring-gai/roseville/,"noindex,follow",omit,owner-approval-required
/service-areas/northern-sydney-and-ryde/ku-ring-gai/south-turramurra/,"noindex,follow",omit,owner-approval-required
/service-areas/northern-sydney-and-ryde/ku-ring-gai/st-ives-chase/,"noindex,follow",omit,owner-approval-required
/service-areas/northern-sydney-and-ryde/ku-ring-gai/st-ives/,"noindex,follow",omit,owner-approval-required
/service-areas/northern-sydney-and-ryde/ku-ring-gai/turramurra/,"noindex,follow",omit,owner-approval-required
/service-areas/northern-sydney-and-ryde/ku-ring-gai/warrawee/,"noindex,follow",omit,owner-approval-required
/service-areas/northern-sydney-and-ryde/ku-ring-gai/west-pymble/,"noindex,follow",omit,owner-approval-required
/service-areas/northern-sydney-and-ryde/lane-cove/,"noindex,follow",omit,owner-approval-required
/service-areas/northern-sydney-and-ryde/lane-cove/greenwich/,"noindex,follow",omit,owner-approval-required
/service-areas/northern-sydney-and-ryde/lane-cove/lane-cove-north/,"noindex,follow",omit,owner-approval-required
/service-areas/northern-sydney-and-ryde/lane-cove/lane-cove-west/,"noindex,follow",omit,owner-approval-required
/service-areas/northern-sydney-and-ryde/lane-cove/lane-cove/,"noindex,follow",omit,owner-approval-required
/service-areas/northern-sydney-and-ryde/lane-cove/linley-point/,"noindex,follow",omit,owner-approval-required
/service-areas/northern-sydney-and-ryde/lane-cove/longueville/,"noindex,follow",omit,owner-approval-required
/service-areas/northern-sydney-and-ryde/lane-cove/northwood/,"noindex,follow",omit,owner-approval-required
/service-areas/northern-sydney-and-ryde/lane-cove/riverview/,"noindex,follow",omit,owner-approval-required
/service-areas/northern-sydney-and-ryde/lane-cove/st-leonards/,"noindex,follow",omit,owner-approval-required
/service-areas/northern-sydney-and-ryde/mosman/,"noindex,follow",omit,owner-approval-required
/service-areas/northern-sydney-and-ryde/mosman/mosman/,"noindex,follow",omit,owner-approval-required
/service-areas/northern-sydney-and-ryde/north-sydney/,"noindex,follow",omit,owner-approval-required
/service-areas/northern-sydney-and-ryde/north-sydney/cammeray/,"noindex,follow",omit,owner-approval-required
/service-areas/northern-sydney-and-ryde/north-sydney/cremorne-point/,"noindex,follow",omit,owner-approval-required
/service-areas/northern-sydney-and-ryde/north-sydney/cremorne/,"noindex,follow",omit,owner-approval-required
/service-areas/northern-sydney-and-ryde/north-sydney/crows-nest/,"noindex,follow",omit,owner-approval-required
/service-areas/northern-sydney-and-ryde/north-sydney/kirribilli/,"noindex,follow",omit,owner-approval-required
/service-areas/northern-sydney-and-ryde/north-sydney/kurraba-point/,"noindex,follow",omit,owner-approval-required
/service-areas/northern-sydney-and-ryde/north-sydney/lavender-bay/,"noindex,follow",omit,owner-approval-required
/service-areas/northern-sydney-and-ryde/north-sydney/mcmahons-point/,"noindex,follow",omit,owner-approval-required
/service-areas/northern-sydney-and-ryde/north-sydney/milsons-point/,"noindex,follow",omit,owner-approval-required
/service-areas/northern-sydney-and-ryde/north-sydney/neutral-bay/,"noindex,follow",omit,owner-approval-required
/service-areas/northern-sydney-and-ryde/north-sydney/north-sydney/,"noindex,follow",omit,owner-approval-required
/service-areas/northern-sydney-and-ryde/north-sydney/waverton/,"noindex,follow",omit,owner-approval-required
/service-areas/northern-sydney-and-ryde/north-sydney/wollstonecraft/,"noindex,follow",omit,owner-approval-required
/service-areas/northern-sydney-and-ryde/ryde/,"noindex,follow",omit,owner-approval-required
/service-areas/northern-sydney-and-ryde/ryde/chatswood-west/,"noindex,follow",omit,owner-approval-required
/service-areas/northern-sydney-and-ryde/ryde/denistone-east/,"noindex,follow",omit,owner-approval-required
/service-areas/northern-sydney-and-ryde/ryde/denistone-west/,"noindex,follow",omit,owner-approval-required
/service-areas/northern-sydney-and-ryde/ryde/denistone/,"noindex,follow",omit,owner-approval-required
/service-areas/northern-sydney-and-ryde/ryde/east-ryde/,"noindex,follow",omit,owner-approval-required
/service-areas/northern-sydney-and-ryde/ryde/macquarie-park/,"noindex,follow",omit,owner-approval-required
/service-areas/northern-sydney-and-ryde/ryde/marsfield/,"noindex,follow",omit,owner-approval-required
/service-areas/northern-sydney-and-ryde/ryde/meadowbank/,"noindex,follow",omit,owner-approval-required
/service-areas/northern-sydney-and-ryde/ryde/north-ryde/,"noindex,follow",omit,owner-approval-required
/service-areas/northern-sydney-and-ryde/ryde/putney/,"noindex,follow",omit,owner-approval-required
/service-areas/northern-sydney-and-ryde/ryde/ryde/,"noindex,follow",omit,owner-approval-required
/service-areas/northern-sydney-and-ryde/ryde/tennyson-point/,"noindex,follow",omit,owner-approval-required
/service-areas/northern-sydney-and-ryde/ryde/west-ryde/,"noindex,follow",omit,owner-approval-required
/service-areas/northern-sydney-and-ryde/willoughby/,"noindex,follow",omit,owner-approval-required
/service-areas/northern-sydney-and-ryde/willoughby/artarmon/,"noindex,follow",omit,owner-approval-required
/service-areas/northern-sydney-and-ryde/willoughby/castle-cove/,"noindex,follow",omit,owner-approval-required
/service-areas/northern-sydney-and-ryde/willoughby/castlecrag/,"noindex,follow",omit,owner-approval-required
/service-areas/northern-sydney-and-ryde/willoughby/chatswood/,"noindex,follow",omit,owner-approval-required
/service-areas/northern-sydney-and-ryde/willoughby/middle-cove/,"noindex,follow",omit,owner-approval-required
/service-areas/northern-sydney-and-ryde/willoughby/naremburn/,"noindex,follow",omit,owner-approval-required
/service-areas/northern-sydney-and-ryde/willoughby/north-willoughby/,"noindex,follow",omit,owner-approval-required
/service-areas/northern-sydney-and-ryde/willoughby/northbridge/,"noindex,follow",omit,owner-approval-required
/service-areas/northern-sydney-and-ryde/willoughby/willoughby-east/,"noindex,follow",omit,owner-approval-required
/service-areas/northern-sydney-and-ryde/willoughby/willoughby/,"noindex,follow",omit,owner-approval-required
/service-areas/parramatta-and-cumberland/,"noindex,follow",omit,owner-approval-required
/service-areas/parramatta-and-cumberland/cumberland/,"noindex,follow",omit,owner-approval-required
/service-areas/parramatta-and-cumberland/cumberland/auburn/,"noindex,follow",omit,owner-approval-required
/service-areas/parramatta-and-cumberland/cumberland/berala/,"noindex,follow",omit,owner-approval-required
/service-areas/parramatta-and-cumberland/cumberland/girraween/,"noindex,follow",omit,owner-approval-required
/service-areas/parramatta-and-cumberland/cumberland/greystanes/,"noindex,follow",omit,owner-approval-required
/service-areas/parramatta-and-cumberland/cumberland/guildford-west/,"noindex,follow",omit,owner-approval-required
/service-areas/parramatta-and-cumberland/cumberland/guildford/,"noindex,follow",omit,owner-approval-required
/service-areas/parramatta-and-cumberland/cumberland/holroyd/,"noindex,follow",omit,owner-approval-required
/service-areas/parramatta-and-cumberland/cumberland/lidcombe/,"noindex,follow",omit,owner-approval-required
/service-areas/parramatta-and-cumberland/cumberland/merrylands-west/,"noindex,follow",omit,owner-approval-required
/service-areas/parramatta-and-cumberland/cumberland/merrylands/,"noindex,follow",omit,owner-approval-required
/service-areas/parramatta-and-cumberland/cumberland/pemulwuy/,"noindex,follow",omit,owner-approval-required
/service-areas/parramatta-and-cumberland/cumberland/pendle-hill/,"noindex,follow",omit,owner-approval-required
/service-areas/parramatta-and-cumberland/cumberland/regents-park/,"noindex,follow",omit,owner-approval-required
/service-areas/parramatta-and-cumberland/cumberland/rookwood/,"noindex,follow",omit,owner-approval-required
/service-areas/parramatta-and-cumberland/cumberland/south-granville/,"noindex,follow",omit,owner-approval-required
/service-areas/parramatta-and-cumberland/cumberland/south-wentworthville/,"noindex,follow",omit,owner-approval-required
/service-areas/parramatta-and-cumberland/cumberland/wentworthville/,"noindex,follow",omit,owner-approval-required
/service-areas/parramatta-and-cumberland/cumberland/westmead/,"noindex,follow",omit,owner-approval-required
/service-areas/parramatta-and-cumberland/cumberland/woodpark/,"noindex,follow",omit,owner-approval-required
/service-areas/parramatta-and-cumberland/parramatta/,"noindex,follow",omit,owner-approval-required
/service-areas/parramatta-and-cumberland/parramatta/carlingford/,"noindex,follow",omit,owner-approval-required
/service-areas/parramatta-and-cumberland/parramatta/clyde/,"noindex,follow",omit,owner-approval-required
/service-areas/parramatta-and-cumberland/parramatta/constitution-hill/,"noindex,follow",omit,owner-approval-required
/service-areas/parramatta-and-cumberland/parramatta/dundas-valley/,"noindex,follow",omit,owner-approval-required
/service-areas/parramatta-and-cumberland/parramatta/dundas/,"noindex,follow",omit,owner-approval-required
/service-areas/parramatta-and-cumberland/parramatta/eastwood/,"noindex,follow",omit,owner-approval-required
/service-areas/parramatta-and-cumberland/parramatta/epping/,"noindex,follow",omit,owner-approval-required
/service-areas/parramatta-and-cumberland/parramatta/ermington/,"noindex,follow",omit,owner-approval-required
/service-areas/parramatta-and-cumberland/parramatta/granville/,"noindex,follow",omit,owner-approval-required
/service-areas/parramatta-and-cumberland/parramatta/harris-park/,"noindex,follow",omit,owner-approval-required
/service-areas/parramatta-and-cumberland/parramatta/mays-hill/,"noindex,follow",omit,owner-approval-required
/service-areas/parramatta-and-cumberland/parramatta/melrose-park/,"noindex,follow",omit,owner-approval-required
/service-areas/parramatta-and-cumberland/parramatta/newington/,"noindex,follow",omit,owner-approval-required
/service-areas/parramatta-and-cumberland/parramatta/north-parramatta/,"noindex,follow",omit,owner-approval-required
/service-areas/parramatta-and-cumberland/parramatta/north-rocks/,"noindex,follow",omit,owner-approval-required
/service-areas/parramatta-and-cumberland/parramatta/northmead/,"noindex,follow",omit,owner-approval-required
/service-areas/parramatta-and-cumberland/parramatta/oatlands/,"noindex,follow",omit,owner-approval-required
/service-areas/parramatta-and-cumberland/parramatta/old-toongabbie/,"noindex,follow",omit,owner-approval-required
/service-areas/parramatta-and-cumberland/parramatta/parramatta/,"noindex,follow",omit,owner-approval-required
/service-areas/parramatta-and-cumberland/parramatta/rosehill/,"noindex,follow",omit,owner-approval-required
/service-areas/parramatta-and-cumberland/parramatta/rydalmere/,"noindex,follow",omit,owner-approval-required
/service-areas/parramatta-and-cumberland/parramatta/silverwater/,"noindex,follow",omit,owner-approval-required
/service-areas/parramatta-and-cumberland/parramatta/sydney-olympic-park/,"noindex,follow",omit,owner-approval-required
/service-areas/parramatta-and-cumberland/parramatta/telopea/,"noindex,follow",omit,owner-approval-required
/service-areas/parramatta-and-cumberland/parramatta/wentworth-point/,"noindex,follow",omit,owner-approval-required
/service-areas/southern-highlands/,"noindex,follow",omit,owner-approval-required
/service-areas/southern-highlands/wingecarribee/,"noindex,follow",omit,owner-approval-required
/service-areas/southern-highlands/wingecarribee/alpine/,"noindex,follow",omit,owner-approval-required
/service-areas/southern-highlands/wingecarribee/avoca/,"noindex,follow",omit,owner-approval-required
/service-areas/southern-highlands/wingecarribee/aylmerton/,"noindex,follow",omit,owner-approval-required
/service-areas/southern-highlands/wingecarribee/balaclava/,"noindex,follow",omit,owner-approval-required
/service-areas/southern-highlands/wingecarribee/balmoral/,"noindex,follow",omit,owner-approval-required
/service-areas/southern-highlands/wingecarribee/bargo/,"noindex,follow",omit,owner-approval-required
/service-areas/southern-highlands/wingecarribee/berrima/,"noindex,follow",omit,owner-approval-required
/service-areas/southern-highlands/wingecarribee/bowral/,"noindex,follow",omit,owner-approval-required
/service-areas/southern-highlands/wingecarribee/braemar/,"noindex,follow",omit,owner-approval-required
/service-areas/southern-highlands/wingecarribee/burradoo/,"noindex,follow",omit,owner-approval-required
/service-areas/southern-highlands/wingecarribee/burrawang/,"noindex,follow",omit,owner-approval-required
/service-areas/southern-highlands/wingecarribee/buxton/,"noindex,follow",omit,owner-approval-required
/service-areas/southern-highlands/wingecarribee/colo-vale/,"noindex,follow",omit,owner-approval-required
/service-areas/southern-highlands/wingecarribee/east-kangaloon/,"noindex,follow",omit,owner-approval-required
/service-areas/southern-highlands/wingecarribee/exeter/,"noindex,follow",omit,owner-approval-required
/service-areas/southern-highlands/wingecarribee/glenquarry/,"noindex,follow",omit,owner-approval-required
/service-areas/southern-highlands/wingecarribee/hill-top/,"noindex,follow",omit,owner-approval-required
/service-areas/southern-highlands/wingecarribee/kangaloon/,"noindex,follow",omit,owner-approval-required
/service-areas/southern-highlands/wingecarribee/medway/,"noindex,follow",omit,owner-approval-required
/service-areas/southern-highlands/wingecarribee/mittagong/,"noindex,follow",omit,owner-approval-required
/service-areas/southern-highlands/wingecarribee/moss-vale/,"noindex,follow",omit,owner-approval-required
/service-areas/southern-highlands/wingecarribee/new-berrima/,"noindex,follow",omit,owner-approval-required
/service-areas/southern-highlands/wingecarribee/renwick/,"noindex,follow",omit,owner-approval-required
/service-areas/southern-highlands/wingecarribee/sutton-forest/,"noindex,follow",omit,owner-approval-required
/service-areas/southern-highlands/wingecarribee/welby/,"noindex,follow",omit,owner-approval-required
/service-areas/southern-highlands/wingecarribee/willow-vale/,"noindex,follow",omit,owner-approval-required
/service-areas/southern-highlands/wingecarribee/woodlands/,"noindex,follow",omit,owner-approval-required
/service-areas/southern-highlands/wingecarribee/yerrinbool/,"noindex,follow",omit,owner-approval-required
/service-areas/st-george-and-bayside/,"noindex,follow",omit,owner-approval-required
/service-areas/st-george-and-bayside/bayside-and-airport/,"noindex,follow",omit,owner-approval-required
/service-areas/st-george-and-bayside/bayside-and-airport/banksmeadow/,"noindex,follow",omit,owner-approval-required
/service-areas/st-george-and-bayside/bayside-and-airport/botany/,"noindex,follow",omit,owner-approval-required
/service-areas/st-george-and-bayside/bayside-and-airport/daceyville/,"noindex,follow",omit,owner-approval-required
/service-areas/st-george-and-bayside/bayside-and-airport/eastgardens/,"noindex,follow",omit,owner-approval-required
/service-areas/st-george-and-bayside/bayside-and-airport/eastlakes/,"noindex,follow",omit,owner-approval-required
/service-areas/st-george-and-bayside/bayside-and-airport/hillsdale/,"noindex,follow",omit,owner-approval-required
/service-areas/st-george-and-bayside/bayside-and-airport/mascot/,"noindex,follow",omit,owner-approval-required
/service-areas/st-george-and-bayside/bayside-and-airport/pagewood/,"noindex,follow",omit,owner-approval-required
/service-areas/st-george-and-bayside/bayside-and-airport/rosebery/,"noindex,follow",omit,owner-approval-required
/service-areas/st-george-and-bayside/georges-river/,"noindex,follow",omit,owner-approval-required
/service-areas/st-george-and-bayside/georges-river/allawah/,"noindex,follow",omit,owner-approval-required
/service-areas/st-george-and-bayside/georges-river/beverley-park/,"noindex,follow",omit,owner-approval-required
/service-areas/st-george-and-bayside/georges-river/blakehurst/,"noindex,follow",omit,owner-approval-required
/service-areas/st-george-and-bayside/georges-river/carlton/,"noindex,follow",omit,owner-approval-required
/service-areas/st-george-and-bayside/georges-river/carss-park/,"noindex,follow",omit,owner-approval-required
/service-areas/st-george-and-bayside/georges-river/connells-point/,"noindex,follow",omit,owner-approval-required
/service-areas/st-george-and-bayside/georges-river/hurstville-grove/,"noindex,follow",omit,owner-approval-required
/service-areas/st-george-and-bayside/georges-river/hurstville/,"noindex,follow",omit,owner-approval-required
/service-areas/st-george-and-bayside/georges-river/kogarah-bay/,"noindex,follow",omit,owner-approval-required
/service-areas/st-george-and-bayside/georges-river/kogarah/,"noindex,follow",omit,owner-approval-required
/service-areas/st-george-and-bayside/georges-river/kyle-bay/,"noindex,follow",omit,owner-approval-required
/service-areas/st-george-and-bayside/georges-river/lugarno/,"noindex,follow",omit,owner-approval-required
/service-areas/st-george-and-bayside/georges-river/mortdale/,"noindex,follow",omit,owner-approval-required
/service-areas/st-george-and-bayside/georges-river/oatley/,"noindex,follow",omit,owner-approval-required
/service-areas/st-george-and-bayside/georges-river/peakhurst-heights/,"noindex,follow",omit,owner-approval-required
/service-areas/st-george-and-bayside/georges-river/peakhurst/,"noindex,follow",omit,owner-approval-required
/service-areas/st-george-and-bayside/georges-river/penshurst/,"noindex,follow",omit,owner-approval-required
/service-areas/st-george-and-bayside/georges-river/ramsgate/,"noindex,follow",omit,owner-approval-required
/service-areas/st-george-and-bayside/georges-river/sans-souci/,"noindex,follow",omit,owner-approval-required
/service-areas/st-george-and-bayside/georges-river/south-hurstville/,"noindex,follow",omit,owner-approval-required
/service-areas/st-george-and-bayside/rockdale-and-bexley/,"noindex,follow",omit,owner-approval-required
/service-areas/st-george-and-bayside/rockdale-and-bexley/arncliffe/,"noindex,follow",omit,owner-approval-required
/service-areas/st-george-and-bayside/rockdale-and-bexley/banksia/,"noindex,follow",omit,owner-approval-required
/service-areas/st-george-and-bayside/rockdale-and-bexley/bardwell-park/,"noindex,follow",omit,owner-approval-required
/service-areas/st-george-and-bayside/rockdale-and-bexley/bardwell-valley/,"noindex,follow",omit,owner-approval-required
/service-areas/st-george-and-bayside/rockdale-and-bexley/bexley-north/,"noindex,follow",omit,owner-approval-required
/service-areas/st-george-and-bayside/rockdale-and-bexley/bexley/,"noindex,follow",omit,owner-approval-required
/service-areas/st-george-and-bayside/rockdale-and-bexley/brighton-le-sands/,"noindex,follow",omit,owner-approval-required
/service-areas/st-george-and-bayside/rockdale-and-bexley/dolls-point/,"noindex,follow",omit,owner-approval-required
/service-areas/st-george-and-bayside/rockdale-and-bexley/kyeemagh/,"noindex,follow",omit,owner-approval-required
/service-areas/st-george-and-bayside/rockdale-and-bexley/monterey/,"noindex,follow",omit,owner-approval-required
/service-areas/st-george-and-bayside/rockdale-and-bexley/ramsgate-beach/,"noindex,follow",omit,owner-approval-required
/service-areas/st-george-and-bayside/rockdale-and-bexley/rockdale/,"noindex,follow",omit,owner-approval-required
/service-areas/st-george-and-bayside/rockdale-and-bexley/sandringham/,"noindex,follow",omit,owner-approval-required
/service-areas/st-george-and-bayside/rockdale-and-bexley/turrella/,"noindex,follow",omit,owner-approval-required
/service-areas/st-george-and-bayside/rockdale-and-bexley/wolli-creek/,"noindex,follow",omit,owner-approval-required
/service-areas/sutherland-shire/,"noindex,follow",omit,owner-approval-required
/service-areas/sutherland-shire/sutherland-shire/,"noindex,follow",omit,owner-approval-required
/service-areas/sutherland-shire/sutherland-shire/alfords-point/,"noindex,follow",omit,owner-approval-required
/service-areas/sutherland-shire/sutherland-shire/bangor/,"noindex,follow",omit,owner-approval-required
/service-areas/sutherland-shire/sutherland-shire/barden-ridge/,"noindex,follow",omit,owner-approval-required
/service-areas/sutherland-shire/sutherland-shire/bonnet-bay/,"noindex,follow",omit,owner-approval-required
/service-areas/sutherland-shire/sutherland-shire/bundeena/,"noindex,follow",omit,owner-approval-required
/service-areas/sutherland-shire/sutherland-shire/burraneer/,"noindex,follow",omit,owner-approval-required
/service-areas/sutherland-shire/sutherland-shire/caringbah-south/,"noindex,follow",omit,owner-approval-required
/service-areas/sutherland-shire/sutherland-shire/caringbah/,"noindex,follow",omit,owner-approval-required
/service-areas/sutherland-shire/sutherland-shire/como/,"noindex,follow",omit,owner-approval-required
/service-areas/sutherland-shire/sutherland-shire/cronulla/,"noindex,follow",omit,owner-approval-required
/service-areas/sutherland-shire/sutherland-shire/dolans-bay/,"noindex,follow",omit,owner-approval-required
/service-areas/sutherland-shire/sutherland-shire/engadine/,"noindex,follow",omit,owner-approval-required
/service-areas/sutherland-shire/sutherland-shire/grays-point/,"noindex,follow",omit,owner-approval-required
/service-areas/sutherland-shire/sutherland-shire/greenhills-beach/,"noindex,follow",omit,owner-approval-required
/service-areas/sutherland-shire/sutherland-shire/gymea-bay/,"noindex,follow",omit,owner-approval-required
/service-areas/sutherland-shire/sutherland-shire/gymea/,"noindex,follow",omit,owner-approval-required
/service-areas/sutherland-shire/sutherland-shire/heathcote/,"noindex,follow",omit,owner-approval-required
/service-areas/sutherland-shire/sutherland-shire/illawong/,"noindex,follow",omit,owner-approval-required
/service-areas/sutherland-shire/sutherland-shire/jannali/,"noindex,follow",omit,owner-approval-required
/service-areas/sutherland-shire/sutherland-shire/kangaroo-point/,"noindex,follow",omit,owner-approval-required
/service-areas/sutherland-shire/sutherland-shire/kareela/,"noindex,follow",omit,owner-approval-required
/service-areas/sutherland-shire/sutherland-shire/kirrawee/,"noindex,follow",omit,owner-approval-required
/service-areas/sutherland-shire/sutherland-shire/kurnell/,"noindex,follow",omit,owner-approval-required
/service-areas/sutherland-shire/sutherland-shire/lilli-pilli/,"noindex,follow",omit,owner-approval-required
/service-areas/sutherland-shire/sutherland-shire/loftus/,"noindex,follow",omit,owner-approval-required
/service-areas/sutherland-shire/sutherland-shire/maianbar/,"noindex,follow",omit,owner-approval-required
/service-areas/sutherland-shire/sutherland-shire/menai/,"noindex,follow",omit,owner-approval-required
/service-areas/sutherland-shire/sutherland-shire/miranda/,"noindex,follow",omit,owner-approval-required
/service-areas/sutherland-shire/sutherland-shire/oyster-bay/,"noindex,follow",omit,owner-approval-required
/service-areas/sutherland-shire/sutherland-shire/port-hacking/,"noindex,follow",omit,owner-approval-required
/service-areas/sutherland-shire/sutherland-shire/royal-national-park/,"noindex,follow",omit,owner-approval-required
/service-areas/sutherland-shire/sutherland-shire/sandy-point/,"noindex,follow",omit,owner-approval-required
/service-areas/sutherland-shire/sutherland-shire/sutherland/,"noindex,follow",omit,owner-approval-required
/service-areas/sutherland-shire/sutherland-shire/sylvania-waters/,"noindex,follow",omit,owner-approval-required
/service-areas/sutherland-shire/sutherland-shire/sylvania/,"noindex,follow",omit,owner-approval-required
/service-areas/sutherland-shire/sutherland-shire/taren-point/,"noindex,follow",omit,owner-approval-required
/service-areas/sutherland-shire/sutherland-shire/waterfall/,"noindex,follow",omit,owner-approval-required
/service-areas/sutherland-shire/sutherland-shire/woolooware/,"noindex,follow",omit,owner-approval-required
/service-areas/sutherland-shire/sutherland-shire/woronora-heights/,"noindex,follow",omit,owner-approval-required
/service-areas/sutherland-shire/sutherland-shire/woronora/,"noindex,follow",omit,owner-approval-required
/service-areas/sutherland-shire/sutherland-shire/yarrawarrah/,"noindex,follow",omit,owner-approval-required
/service-areas/sutherland-shire/sutherland-shire/yowie-bay/,"noindex,follow",omit,owner-approval-required
/service-areas/sydney-city-and-eastern-suburbs/,"noindex,follow",omit,owner-approval-required
/service-areas/sydney-city-and-eastern-suburbs/randwick/,"noindex,follow",omit,owner-approval-required
/service-areas/sydney-city-and-eastern-suburbs/randwick/centennial-park/,"noindex,follow",omit,owner-approval-required
/service-areas/sydney-city-and-eastern-suburbs/randwick/chifley/,"noindex,follow",omit,owner-approval-required
/service-areas/sydney-city-and-eastern-suburbs/randwick/clovelly/,"noindex,follow",omit,owner-approval-required
/service-areas/sydney-city-and-eastern-suburbs/randwick/coogee/,"noindex,follow",omit,owner-approval-required
/service-areas/sydney-city-and-eastern-suburbs/randwick/kensington/,"noindex,follow",omit,owner-approval-required
/service-areas/sydney-city-and-eastern-suburbs/randwick/kingsford/,"noindex,follow",omit,owner-approval-required
/service-areas/sydney-city-and-eastern-suburbs/randwick/la-perouse/,"noindex,follow",omit,owner-approval-required
/service-areas/sydney-city-and-eastern-suburbs/randwick/little-bay/,"noindex,follow",omit,owner-approval-required
/service-areas/sydney-city-and-eastern-suburbs/randwick/malabar/,"noindex,follow",omit,owner-approval-required
/service-areas/sydney-city-and-eastern-suburbs/randwick/maroubra/,"noindex,follow",omit,owner-approval-required
/service-areas/sydney-city-and-eastern-suburbs/randwick/matraville/,"noindex,follow",omit,owner-approval-required
/service-areas/sydney-city-and-eastern-suburbs/randwick/phillip-bay/,"noindex,follow",omit,owner-approval-required
/service-areas/sydney-city-and-eastern-suburbs/randwick/randwick/,"noindex,follow",omit,owner-approval-required
/service-areas/sydney-city-and-eastern-suburbs/randwick/south-coogee/,"noindex,follow",omit,owner-approval-required
/service-areas/sydney-city-and-eastern-suburbs/sydney/,"noindex,follow",omit,owner-approval-required
/service-areas/sydney-city-and-eastern-suburbs/sydney/alexandria/,"noindex,follow",omit,owner-approval-required
/service-areas/sydney-city-and-eastern-suburbs/sydney/barangaroo/,"noindex,follow",omit,owner-approval-required
/service-areas/sydney-city-and-eastern-suburbs/sydney/beaconsfield/,"noindex,follow",omit,owner-approval-required
/service-areas/sydney-city-and-eastern-suburbs/sydney/chippendale/,"noindex,follow",omit,owner-approval-required
/service-areas/sydney-city-and-eastern-suburbs/sydney/darlinghurst/,"noindex,follow",omit,owner-approval-required
/service-areas/sydney-city-and-eastern-suburbs/sydney/darlington/,"noindex,follow",omit,owner-approval-required
/service-areas/sydney-city-and-eastern-suburbs/sydney/dawes-point/,"noindex,follow",omit,owner-approval-required
/service-areas/sydney-city-and-eastern-suburbs/sydney/elizabeth-bay/,"noindex,follow",omit,owner-approval-required
/service-areas/sydney-city-and-eastern-suburbs/sydney/erskineville/,"noindex,follow",omit,owner-approval-required
/service-areas/sydney-city-and-eastern-suburbs/sydney/eveleigh/,"noindex,follow",omit,owner-approval-required
/service-areas/sydney-city-and-eastern-suburbs/sydney/forest-lodge/,"noindex,follow",omit,owner-approval-required
/service-areas/sydney-city-and-eastern-suburbs/sydney/glebe/,"noindex,follow",omit,owner-approval-required
/service-areas/sydney-city-and-eastern-suburbs/sydney/haymarket/,"noindex,follow",omit,owner-approval-required
/service-areas/sydney-city-and-eastern-suburbs/sydney/millers-point/,"noindex,follow",omit,owner-approval-required
/service-areas/sydney-city-and-eastern-suburbs/sydney/moore-park/,"noindex,follow",omit,owner-approval-required
/service-areas/sydney-city-and-eastern-suburbs/sydney/paddington/,"noindex,follow",omit,owner-approval-required
/service-areas/sydney-city-and-eastern-suburbs/sydney/potts-point/,"noindex,follow",omit,owner-approval-required
/service-areas/sydney-city-and-eastern-suburbs/sydney/pyrmont/,"noindex,follow",omit,owner-approval-required
/service-areas/sydney-city-and-eastern-suburbs/sydney/redfern/,"noindex,follow",omit,owner-approval-required
/service-areas/sydney-city-and-eastern-suburbs/sydney/rushcutters-bay/,"noindex,follow",omit,owner-approval-required
/service-areas/sydney-city-and-eastern-suburbs/sydney/surry-hills/,"noindex,follow",omit,owner-approval-required
/service-areas/sydney-city-and-eastern-suburbs/sydney/sydney/,"noindex,follow",omit,owner-approval-required
/service-areas/sydney-city-and-eastern-suburbs/sydney/the-rocks/,"noindex,follow",omit,owner-approval-required
/service-areas/sydney-city-and-eastern-suburbs/sydney/ultimo/,"noindex,follow",omit,owner-approval-required
/service-areas/sydney-city-and-eastern-suburbs/sydney/waterloo/,"noindex,follow",omit,owner-approval-required
/service-areas/sydney-city-and-eastern-suburbs/sydney/woolloomooloo/,"noindex,follow",omit,owner-approval-required
/service-areas/sydney-city-and-eastern-suburbs/sydney/zetland/,"noindex,follow",omit,owner-approval-required
/service-areas/sydney-city-and-eastern-suburbs/waverley/,"noindex,follow",omit,owner-approval-required
/service-areas/sydney-city-and-eastern-suburbs/waverley/bondi-beach/,"noindex,follow",omit,owner-approval-required
/service-areas/sydney-city-and-eastern-suburbs/waverley/bondi-junction/,"noindex,follow",omit,owner-approval-required
/service-areas/sydney-city-and-eastern-suburbs/waverley/bondi/,"noindex,follow",omit,owner-approval-required
/service-areas/sydney-city-and-eastern-suburbs/waverley/bronte/,"noindex,follow",omit,owner-approval-required
/service-areas/sydney-city-and-eastern-suburbs/waverley/dover-heights/,"noindex,follow",omit,owner-approval-required
/service-areas/sydney-city-and-eastern-suburbs/waverley/north-bondi/,"noindex,follow",omit,owner-approval-required
/service-areas/sydney-city-and-eastern-suburbs/waverley/queens-park/,"noindex,follow",omit,owner-approval-required
/service-areas/sydney-city-and-eastern-suburbs/waverley/rose-bay/,"noindex,follow",omit,owner-approval-required
/service-areas/sydney-city-and-eastern-suburbs/waverley/tamarama/,"noindex,follow",omit,owner-approval-required
/service-areas/sydney-city-and-eastern-suburbs/waverley/vaucluse/,"noindex,follow",omit,owner-approval-required
/service-areas/sydney-city-and-eastern-suburbs/waverley/waverley/,"noindex,follow",omit,owner-approval-required
/service-areas/sydney-city-and-eastern-suburbs/woollahra/,"noindex,follow",omit,owner-approval-required
/service-areas/sydney-city-and-eastern-suburbs/woollahra/bellevue-hill/,"noindex,follow",omit,owner-approval-required
/service-areas/sydney-city-and-eastern-suburbs/woollahra/darling-point/,"noindex,follow",omit,owner-approval-required
/service-areas/sydney-city-and-eastern-suburbs/woollahra/double-bay/,"noindex,follow",omit,owner-approval-required
/service-areas/sydney-city-and-eastern-suburbs/woollahra/edgecliff/,"noindex,follow",omit,owner-approval-required
/service-areas/sydney-city-and-eastern-suburbs/woollahra/point-piper/,"noindex,follow",omit,owner-approval-required
/service-areas/sydney-city-and-eastern-suburbs/woollahra/watsons-bay/,"noindex,follow",omit,owner-approval-required
/service-areas/sydney-city-and-eastern-suburbs/woollahra/woollahra/,"noindex,follow",omit,owner-approval-required
/service-areas/western-sydney-and-nepean/,"noindex,follow",omit,owner-approval-required
/service-areas/western-sydney-and-nepean/blacktown/,"noindex,follow",omit,owner-approval-required
/service-areas/western-sydney-and-nepean/blacktown/acacia-gardens/,"noindex,follow",omit,owner-approval-required
/service-areas/western-sydney-and-nepean/blacktown/arndell-park/,"noindex,follow",omit,owner-approval-required
/service-areas/western-sydney-and-nepean/blacktown/bidwill/,"noindex,follow",omit,owner-approval-required
/service-areas/western-sydney-and-nepean/blacktown/blackett/,"noindex,follow",omit,owner-approval-required
/service-areas/western-sydney-and-nepean/blacktown/blacktown/,"noindex,follow",omit,owner-approval-required
/service-areas/western-sydney-and-nepean/blacktown/bungarribee/,"noindex,follow",omit,owner-approval-required
/service-areas/western-sydney-and-nepean/blacktown/colebee/,"noindex,follow",omit,owner-approval-required
/service-areas/western-sydney-and-nepean/blacktown/dean-park/,"noindex,follow",omit,owner-approval-required
/service-areas/western-sydney-and-nepean/blacktown/dharruk/,"noindex,follow",omit,owner-approval-required
/service-areas/western-sydney-and-nepean/blacktown/doonside/,"noindex,follow",omit,owner-approval-required
/service-areas/western-sydney-and-nepean/blacktown/eastern-creek/,"noindex,follow",omit,owner-approval-required
/service-areas/western-sydney-and-nepean/blacktown/emerton/,"noindex,follow",omit,owner-approval-required
/service-areas/western-sydney-and-nepean/blacktown/glendenning/,"noindex,follow",omit,owner-approval-required
/service-areas/western-sydney-and-nepean/blacktown/glenwood/,"noindex,follow",omit,owner-approval-required
/service-areas/western-sydney-and-nepean/blacktown/hassall-grove/,"noindex,follow",omit,owner-approval-required
/service-areas/western-sydney-and-nepean/blacktown/hebersham/,"noindex,follow",omit,owner-approval-required
/service-areas/western-sydney-and-nepean/blacktown/kellyville-ridge/,"noindex,follow",omit,owner-approval-required
/service-areas/western-sydney-and-nepean/blacktown/kings-langley/,"noindex,follow",omit,owner-approval-required
/service-areas/western-sydney-and-nepean/blacktown/kings-park/,"noindex,follow",omit,owner-approval-required
/service-areas/western-sydney-and-nepean/blacktown/lalor-park/,"noindex,follow",omit,owner-approval-required
/service-areas/western-sydney-and-nepean/blacktown/lethbridge-park/,"noindex,follow",omit,owner-approval-required
/service-areas/western-sydney-and-nepean/blacktown/marayong/,"noindex,follow",omit,owner-approval-required
/service-areas/western-sydney-and-nepean/blacktown/marsden-park/,"noindex,follow",omit,owner-approval-required
/service-areas/western-sydney-and-nepean/blacktown/minchinbury/,"noindex,follow",omit,owner-approval-required
/service-areas/western-sydney-and-nepean/blacktown/mount-druitt/,"noindex,follow",omit,owner-approval-required
/service-areas/western-sydney-and-nepean/blacktown/oakhurst/,"noindex,follow",omit,owner-approval-required
/service-areas/western-sydney-and-nepean/blacktown/parklea/,"noindex,follow",omit,owner-approval-required
/service-areas/western-sydney-and-nepean/blacktown/plumpton/,"noindex,follow",omit,owner-approval-required
/service-areas/western-sydney-and-nepean/blacktown/prospect/,"noindex,follow",omit,owner-approval-required
/service-areas/western-sydney-and-nepean/blacktown/quakers-hill/,"noindex,follow",omit,owner-approval-required
/service-areas/western-sydney-and-nepean/blacktown/riverstone/,"noindex,follow",omit,owner-approval-required
/service-areas/western-sydney-and-nepean/blacktown/rooty-hill/,"noindex,follow",omit,owner-approval-required
/service-areas/western-sydney-and-nepean/blacktown/ropes-crossing/,"noindex,follow",omit,owner-approval-required
/service-areas/western-sydney-and-nepean/blacktown/schofields/,"noindex,follow",omit,owner-approval-required
/service-areas/western-sydney-and-nepean/blacktown/seven-hills/,"noindex,follow",omit,owner-approval-required
/service-areas/western-sydney-and-nepean/blacktown/shalvey/,"noindex,follow",omit,owner-approval-required
/service-areas/western-sydney-and-nepean/blacktown/shanes-park/,"noindex,follow",omit,owner-approval-required
/service-areas/western-sydney-and-nepean/blacktown/stanhope-gardens/,"noindex,follow",omit,owner-approval-required
/service-areas/western-sydney-and-nepean/blacktown/the-ponds/,"noindex,follow",omit,owner-approval-required
/service-areas/western-sydney-and-nepean/blacktown/toongabbie/,"noindex,follow",omit,owner-approval-required
/service-areas/western-sydney-and-nepean/blacktown/tregear/,"noindex,follow",omit,owner-approval-required
/service-areas/western-sydney-and-nepean/blacktown/whalan/,"noindex,follow",omit,owner-approval-required
/service-areas/western-sydney-and-nepean/blacktown/willmot/,"noindex,follow",omit,owner-approval-required
/service-areas/western-sydney-and-nepean/blacktown/woodcroft/,"noindex,follow",omit,owner-approval-required
/service-areas/western-sydney-and-nepean/penrith/,"noindex,follow",omit,owner-approval-required
/service-areas/western-sydney-and-nepean/penrith/berkshire-park/,"noindex,follow",omit,owner-approval-required
/service-areas/western-sydney-and-nepean/penrith/caddens/,"noindex,follow",omit,owner-approval-required
/service-areas/western-sydney-and-nepean/penrith/cambridge-gardens/,"noindex,follow",omit,owner-approval-required
/service-areas/western-sydney-and-nepean/penrith/cambridge-park/,"noindex,follow",omit,owner-approval-required
/service-areas/western-sydney-and-nepean/penrith/castlereagh/,"noindex,follow",omit,owner-approval-required
/service-areas/western-sydney-and-nepean/penrith/claremont-meadows/,"noindex,follow",omit,owner-approval-required
/service-areas/western-sydney-and-nepean/penrith/colyton/,"noindex,follow",omit,owner-approval-required
/service-areas/western-sydney-and-nepean/penrith/cranebrook/,"noindex,follow",omit,owner-approval-required
/service-areas/western-sydney-and-nepean/penrith/emu-heights/,"noindex,follow",omit,owner-approval-required
/service-areas/western-sydney-and-nepean/penrith/emu-plains/,"noindex,follow",omit,owner-approval-required
/service-areas/western-sydney-and-nepean/penrith/erskine-park/,"noindex,follow",omit,owner-approval-required
/service-areas/western-sydney-and-nepean/penrith/glenmore-park/,"noindex,follow",omit,owner-approval-required
/service-areas/western-sydney-and-nepean/penrith/jamisontown/,"noindex,follow",omit,owner-approval-required
/service-areas/western-sydney-and-nepean/penrith/jordan-springs/,"noindex,follow",omit,owner-approval-required
/service-areas/western-sydney-and-nepean/penrith/kingswood/,"noindex,follow",omit,owner-approval-required
/service-areas/western-sydney-and-nepean/penrith/leonay/,"noindex,follow",omit,owner-approval-required
/service-areas/western-sydney-and-nepean/penrith/llandilo/,"noindex,follow",omit,owner-approval-required
/service-areas/western-sydney-and-nepean/penrith/londonderry/,"noindex,follow",omit,owner-approval-required
/service-areas/western-sydney-and-nepean/penrith/mount-vernon/,"noindex,follow",omit,owner-approval-required
/service-areas/western-sydney-and-nepean/penrith/mulgoa/,"noindex,follow",omit,owner-approval-required
/service-areas/western-sydney-and-nepean/penrith/north-st-marys/,"noindex,follow",omit,owner-approval-required
/service-areas/western-sydney-and-nepean/penrith/orchard-hills/,"noindex,follow",omit,owner-approval-required
/service-areas/western-sydney-and-nepean/penrith/oxley-park/,"noindex,follow",omit,owner-approval-required
/service-areas/western-sydney-and-nepean/penrith/penrith/,"noindex,follow",omit,owner-approval-required
/service-areas/western-sydney-and-nepean/penrith/regentville/,"noindex,follow",omit,owner-approval-required
/service-areas/western-sydney-and-nepean/penrith/south-penrith/,"noindex,follow",omit,owner-approval-required
/service-areas/western-sydney-and-nepean/penrith/st-clair/,"noindex,follow",omit,owner-approval-required
/service-areas/western-sydney-and-nepean/penrith/st-marys/,"noindex,follow",omit,owner-approval-required
/service-areas/western-sydney-and-nepean/penrith/werrington-county/,"noindex,follow",omit,owner-approval-required
/service-areas/western-sydney-and-nepean/penrith/werrington-downs/,"noindex,follow",omit,owner-approval-required
/service-areas/western-sydney-and-nepean/penrith/werrington/,"noindex,follow",omit,owner-approval-required
/service-areas/wollongong-and-illawarra/,"noindex,follow",omit,owner-approval-required
/service-areas/wollongong-and-illawarra/minnamurra-and-kiama-downs/,"noindex,follow",omit,owner-approval-required
/service-areas/wollongong-and-illawarra/minnamurra-and-kiama-downs/bombo/,"noindex,follow",omit,owner-approval-required
/service-areas/wollongong-and-illawarra/minnamurra-and-kiama-downs/croom/,"noindex,follow",omit,owner-approval-required
/service-areas/wollongong-and-illawarra/minnamurra-and-kiama-downs/kiama-downs/,"noindex,follow",omit,owner-approval-required
/service-areas/wollongong-and-illawarra/minnamurra-and-kiama-downs/minnamurra/,"noindex,follow",omit,owner-approval-required
/service-areas/wollongong-and-illawarra/shellharbour/,"noindex,follow",omit,owner-approval-required
/service-areas/wollongong-and-illawarra/shellharbour/albion-park-rail/,"noindex,follow",omit,owner-approval-required
/service-areas/wollongong-and-illawarra/shellharbour/albion-park/,"noindex,follow",omit,owner-approval-required
/service-areas/wollongong-and-illawarra/shellharbour/barrack-heights/,"noindex,follow",omit,owner-approval-required
/service-areas/wollongong-and-illawarra/shellharbour/barrack-point/,"noindex,follow",omit,owner-approval-required
/service-areas/wollongong-and-illawarra/shellharbour/blackbutt/,"noindex,follow",omit,owner-approval-required
/service-areas/wollongong-and-illawarra/shellharbour/calderwood/,"noindex,follow",omit,owner-approval-required
/service-areas/wollongong-and-illawarra/shellharbour/dunmore/,"noindex,follow",omit,owner-approval-required
/service-areas/wollongong-and-illawarra/shellharbour/flinders/,"noindex,follow",omit,owner-approval-required
/service-areas/wollongong-and-illawarra/shellharbour/lake-illawarra/,"noindex,follow",omit,owner-approval-required
/service-areas/wollongong-and-illawarra/shellharbour/mount-warrigal/,"noindex,follow",omit,owner-approval-required
/service-areas/wollongong-and-illawarra/shellharbour/north-macquarie/,"noindex,follow",omit,owner-approval-required
/service-areas/wollongong-and-illawarra/shellharbour/oak-flats/,"noindex,follow",omit,owner-approval-required
/service-areas/wollongong-and-illawarra/shellharbour/shell-cove/,"noindex,follow",omit,owner-approval-required
/service-areas/wollongong-and-illawarra/shellharbour/shellharbour-city-centre/,"noindex,follow",omit,owner-approval-required
/service-areas/wollongong-and-illawarra/shellharbour/shellharbour/,"noindex,follow",omit,owner-approval-required
/service-areas/wollongong-and-illawarra/shellharbour/tullimbar/,"noindex,follow",omit,owner-approval-required
/service-areas/wollongong-and-illawarra/shellharbour/warilla/,"noindex,follow",omit,owner-approval-required
/service-areas/wollongong-and-illawarra/wollongong/,"noindex,follow",omit,owner-approval-required
/service-areas/wollongong-and-illawarra/wollongong/austinmer/,"noindex,follow",omit,owner-approval-required
/service-areas/wollongong-and-illawarra/wollongong/avondale/,"noindex,follow",omit,owner-approval-required
/service-areas/wollongong-and-illawarra/wollongong/balgownie/,"noindex,follow",omit,owner-approval-required
/service-areas/wollongong-and-illawarra/wollongong/bellambi/,"noindex,follow",omit,owner-approval-required
/service-areas/wollongong-and-illawarra/wollongong/berkeley/,"noindex,follow",omit,owner-approval-required
/service-areas/wollongong-and-illawarra/wollongong/brownsville/,"noindex,follow",omit,owner-approval-required
/service-areas/wollongong-and-illawarra/wollongong/bulli/,"noindex,follow",omit,owner-approval-required
/service-areas/wollongong-and-illawarra/wollongong/cleveland/,"noindex,follow",omit,owner-approval-required
/service-areas/wollongong-and-illawarra/wollongong/clifton/,"noindex,follow",omit,owner-approval-required
/service-areas/wollongong-and-illawarra/wollongong/coalcliff/,"noindex,follow",omit,owner-approval-required
/service-areas/wollongong-and-illawarra/wollongong/coledale/,"noindex,follow",omit,owner-approval-required
/service-areas/wollongong-and-illawarra/wollongong/coniston/,"noindex,follow",omit,owner-approval-required
/service-areas/wollongong-and-illawarra/wollongong/cordeaux-heights/,"noindex,follow",omit,owner-approval-required
/service-areas/wollongong-and-illawarra/wollongong/corrimal/,"noindex,follow",omit,owner-approval-required
/service-areas/wollongong-and-illawarra/wollongong/cringila/,"noindex,follow",omit,owner-approval-required
/service-areas/wollongong-and-illawarra/wollongong/dapto/,"noindex,follow",omit,owner-approval-required
/service-areas/wollongong-and-illawarra/wollongong/darkes-forest/,"noindex,follow",omit,owner-approval-required
/service-areas/wollongong-and-illawarra/wollongong/dombarton/,"noindex,follow",omit,owner-approval-required
/service-areas/wollongong-and-illawarra/wollongong/east-corrimal/,"noindex,follow",omit,owner-approval-required
/service-areas/wollongong-and-illawarra/wollongong/fairy-meadow/,"noindex,follow",omit,owner-approval-required
/service-areas/wollongong-and-illawarra/wollongong/farmborough-heights/,"noindex,follow",omit,owner-approval-required
/service-areas/wollongong-and-illawarra/wollongong/fernhill/,"noindex,follow",omit,owner-approval-required
/service-areas/wollongong-and-illawarra/wollongong/figtree/,"noindex,follow",omit,owner-approval-required
/service-areas/wollongong-and-illawarra/wollongong/gwynneville/,"noindex,follow",omit,owner-approval-required
/service-areas/wollongong-and-illawarra/wollongong/haywards-bay/,"noindex,follow",omit,owner-approval-required
/service-areas/wollongong-and-illawarra/wollongong/helensburgh/,"noindex,follow",omit,owner-approval-required
/service-areas/wollongong-and-illawarra/wollongong/horsley/,"noindex,follow",omit,owner-approval-required
/service-areas/wollongong-and-illawarra/wollongong/huntley/,"noindex,follow",omit,owner-approval-required
/service-areas/wollongong-and-illawarra/wollongong/kanahooka/,"noindex,follow",omit,owner-approval-required
/service-areas/wollongong-and-illawarra/wollongong/keiraville/,"noindex,follow",omit,owner-approval-required
/service-areas/wollongong-and-illawarra/wollongong/kembla-grange/,"noindex,follow",omit,owner-approval-required
/service-areas/wollongong-and-illawarra/wollongong/kembla-heights/,"noindex,follow",omit,owner-approval-required
/service-areas/wollongong-and-illawarra/wollongong/koonawarra/,"noindex,follow",omit,owner-approval-required
/service-areas/wollongong-and-illawarra/wollongong/lake-heights/,"noindex,follow",omit,owner-approval-required
/service-areas/wollongong-and-illawarra/wollongong/lilyvale/,"noindex,follow",omit,owner-approval-required
/service-areas/wollongong-and-illawarra/wollongong/maddens-plains/,"noindex,follow",omit,owner-approval-required
/service-areas/wollongong-and-illawarra/wollongong/mangerton/,"noindex,follow",omit,owner-approval-required
/service-areas/wollongong-and-illawarra/wollongong/marshall-mount/,"noindex,follow",omit,owner-approval-required
/service-areas/wollongong-and-illawarra/wollongong/mount-keira/,"noindex,follow",omit,owner-approval-required
/service-areas/wollongong-and-illawarra/wollongong/mount-kembla/,"noindex,follow",omit,owner-approval-required
/service-areas/wollongong-and-illawarra/wollongong/mount-ousley/,"noindex,follow",omit,owner-approval-required
/service-areas/wollongong-and-illawarra/wollongong/mount-pleasant/,"noindex,follow",omit,owner-approval-required
/service-areas/wollongong-and-illawarra/wollongong/mount-saint-thomas/,"noindex,follow",omit,owner-approval-required
/service-areas/wollongong-and-illawarra/wollongong/north-wollongong/,"noindex,follow",omit,owner-approval-required
/service-areas/wollongong-and-illawarra/wollongong/otford/,"noindex,follow",omit,owner-approval-required
/service-areas/wollongong-and-illawarra/wollongong/port-kembla/,"noindex,follow",omit,owner-approval-required
/service-areas/wollongong-and-illawarra/wollongong/primbee/,"noindex,follow",omit,owner-approval-required
/service-areas/wollongong-and-illawarra/wollongong/russell-vale/,"noindex,follow",omit,owner-approval-required
/service-areas/wollongong-and-illawarra/wollongong/scarborough/,"noindex,follow",omit,owner-approval-required
/service-areas/wollongong-and-illawarra/wollongong/stanwell-park/,"noindex,follow",omit,owner-approval-required
/service-areas/wollongong-and-illawarra/wollongong/stanwell-tops/,"noindex,follow",omit,owner-approval-required
/service-areas/wollongong-and-illawarra/wollongong/tarrawanna/,"noindex,follow",omit,owner-approval-required
/service-areas/wollongong-and-illawarra/wollongong/thirroul/,"noindex,follow",omit,owner-approval-required
/service-areas/wollongong-and-illawarra/wollongong/towradgi/,"noindex,follow",omit,owner-approval-required
/service-areas/wollongong-and-illawarra/wollongong/unanderra/,"noindex,follow",omit,owner-approval-required
/service-areas/wollongong-and-illawarra/wollongong/warrawong/,"noindex,follow",omit,owner-approval-required
/service-areas/wollongong-and-illawarra/wollongong/west-wollongong/,"noindex,follow",omit,owner-approval-required
/service-areas/wollongong-and-illawarra/wollongong/windang/,"noindex,follow",omit,owner-approval-required
/service-areas/wollongong-and-illawarra/wollongong/wollongong/,"noindex,follow",omit,owner-approval-required
/service-areas/wollongong-and-illawarra/wollongong/wombarra/,"noindex,follow",omit,owner-approval-required
/service-areas/wollongong-and-illawarra/wollongong/wongawilli/,"noindex,follow",omit,owner-approval-required
/service-areas/wollongong-and-illawarra/wollongong/woonona/,"noindex,follow",omit,owner-approval-required
/service-areas/wollongong-and-illawarra/wollongong/yallah/,"noindex,follow",omit,owner-approval-required
/services/,"index,follow",include,owner-approval-required
/services/appliance-installation-electrician-sydney/,"noindex,follow",omit,owner-approval-required
/services/cctv-security-camera-installation-sydney/,"noindex,follow",omit,owner-approval-required
/services/ceiling-fan-installation-sydney/,"noindex,follow",omit,owner-approval-required
/services/circuit-breaker-electrician-sydney/,"noindex,follow",omit,owner-approval-required
/services/commercial-electrician-sydney/,"noindex,follow",omit,owner-approval-required
/services/consumer-mains-sydney/,"noindex,follow",omit,owner-approval-required
/services/data-cabling-electrician-sydney/,"noindex,follow",omit,owner-approval-required
/services/defect-notice-repairs-sydney/,"noindex,follow",omit,owner-approval-required
/services/disconnect-reconnect-electrician-sydney/,"noindex,follow",omit,owner-approval-required
/services/electric-shock-electrician-sydney/,"noindex,follow",omit,owner-approval-required
/services/electrical-fault-finding-sydney/,"noindex,follow",omit,owner-approval-required
/services/electrical-load-capacity-checks-sydney/,"noindex,follow",omit,owner-approval-required
/services/electrical-safety-inspection-sydney/,"noindex,follow",omit,owner-approval-required
/services/electrical-testing-tagging-reports-sydney/,"noindex,follow",omit,owner-approval-required
/services/emergency-exit-lighting-sydney/,"noindex,follow",omit,owner-approval-required
/services/ev-charger-installation-sydney/,"noindex,follow",omit,owner-approval-required
/services/hot-power-point-electrician-sydney/,"noindex,follow",omit,owner-approval-required
/services/hot-water-system-electrician-sydney/,"noindex,follow",omit,owner-approval-required
/services/intercom-access-control-electrician-sydney/,"noindex,follow",omit,owner-approval-required
/services/intercom-installation-sydney/,"noindex,follow",omit,owner-approval-required
/services/lighting-electrician-sydney/,"noindex,follow",omit,owner-approval-required
/services/metering-services-sydney/,"noindex,follow",omit,owner-approval-required
/services/new-build-renovation-electrician-sydney/,"noindex,follow",omit,owner-approval-required
/services/overhead-service-lines-sydney/,"noindex,follow",omit,owner-approval-required
/services/phone-line-electrician-sydney/,"noindex,follow",omit,owner-approval-required
/services/point-of-attachment-repairs-sydney/,"noindex,follow",omit,owner-approval-required
/services/power-point-installation-sydney/,"noindex,follow",omit,owner-approval-required
/services/pre-purchase-rental-electrical-inspections-sydney/,"noindex,follow",omit,owner-approval-required
/services/private-power-pole-sydney/,"noindex,follow",omit,owner-approval-required
/services/property-management-electrician-sydney/,"noindex,follow",omit,owner-approval-required
/services/rcd-safety-switch-repairs-sydney/,"noindex,follow",omit,owner-approval-required
/services/residential-electrician-sydney/,"noindex,follow",omit,owner-approval-required
/services/rewiring-electrician-sydney/,"noindex,follow",omit,owner-approval-required
/services/safety-switch-rcd-installation-sydney/,"noindex,follow",omit,owner-approval-required
/services/smart-home-electrician-sydney/,"noindex,follow",omit,owner-approval-required
/services/smart-meter-electrician-sydney/,"noindex,follow",omit,owner-approval-required
/services/smoke-alarm-electrician-sydney/,"noindex,follow",omit,owner-approval-required
/services/split-system-air-conditioning-sydney/,"noindex,follow",omit,owner-approval-required
/services/storm-damage-electrician-sydney/,"noindex,follow",omit,owner-approval-required
/services/strata-electrician-sydney/,"noindex,follow",omit,owner-approval-required
/services/surge-protection-electrician-sydney/,"noindex,follow",omit,owner-approval-required
/services/switchboard-upgrades-sydney/,"noindex,follow",omit,owner-approval-required
/services/testing-and-tagging-sydney/,"noindex,follow",omit,owner-approval-required
/services/three-phase-power-sydney/,"noindex,follow",omit,owner-approval-required
/services/tv-antenna-wall-cabling-sydney/,"noindex,follow",omit,owner-approval-required
/services/tv-points-antenna-electrician-sydney/,"noindex,follow",omit,owner-approval-required
/services/underground-service-mains-sydney/,"noindex,follow",omit,owner-approval-required
/solar-batteries/,"noindex,follow",omit,owner-approval-required
/terms/,"noindex,follow",omit,owner-approval-required
